<DTYYYYMMDD>,<TIME>,<OPEN>,<HIGH>,<LOW>,<CLOSE>,<VOL>
20150228,090000,9109.2,9116.6,9090,9090,5081338250
20150301,090000,9014.7,9030.4,9009,9030.4,9578075890
20150302,090000,9030.4,9056.2,9030.4,9043.5,19653349782
20150303,090000,9043.5,9046.7,9025,9025.6,15164994377
20150304,090000,9025.6,9043,9025.6,9043,12215201305
20150307,090000,9043,9057.5,9033.7,9033.7,7511719532
20150308,090000,9033.71,9036.5,9015.9,9016.1,5630113702
20150309,090000,8996.07,9006.3,8994.2,8994.2,4873588870
20150309,130000,8994,8994,8988.8,8988.8,2330939791
20150310,090000,8988.8,8991.9,8931.6,8931.6,6163055649
20150310,130000,8931.5,8931.6,8931.5,8931.6,586177938
20150311,090000,8931.6,8946.3,8931.6,8932.2,4597842849
20150314,090000,8932.2,9006.4,8932.2,9006.4,13514588183
20150315,090000,9001.5,9072.2,9001.5,9063.6,17191413982
20150316,090000,9063.6,9074.3,9042.6,9042.6,21735317282
20150317,090000,9042.6,9042.6,8927.6,8927.7,7094183439
20150318,090000,8927.7,9036,8927.7,9035.5,16641087096
20150325,090000,9035.5,9056.5,9035.5,9056.5,6454684781
20150328,090000,9048.5,9136.3,9048.5,9136.3,10374104775
20150329,090000,9136.3,9289.5,9136.3,9288.8,22757292059
20150330,090000,9288.8,9293.8,9226.3,9226.3,17803467809
20150331,090000,9226.3,9240.9,9215.2,9228.7,12928053467
20150404,090000,9228.7,9426.3,9228.7,9426.3,10099622508
20150405,090000,9426.3,9666.8,9426.3,9666.8,34729057663
20150405,130000,9664,9664,9664,9664,1241892162
20150406,090000,9664,9734.9,9634.2,9634.3,76269136306
20150407,090000,9634.3,9634.3,9549.5,9549.5,25724606579
20150408,090000,9549.5,9571.4,9536.2,9565.9,28011747377
20150408,170000,9563.1,9563.1,9563.1,9563.1,1764432603
20150411,090000,9563.1,9563.1,9488.5,9488.5,32275551363
20150412,090000,9488.5,9488.5,9366.8,9366.8,26439968385
20150413,090000,9366.8,9377.8,9317.6,9319.4,24412089314
20150414,090000,9319.4,9358.4,9319.4,9357.1,11058622113
20150415,090000,9357.1,9381.8,9357.1,9357.4,18972534625
20150418,090000,9357.4,9369,9337.2,9337.3,11994789463
20150418,130000,9332.1,9332.1,9332.1,9332.1,729364663
20150419,090000,9332.1,9361.1,9332.1,9343.6,13491370494
20150419,130000,9335.9,9335.9,9335.9,9335.9,534312029
20150420,090000,9335.9,9340.3,9291,9291,7524439793
20150420,130000,9286,9286,9286,9286,399458100
20150421,090000,9286,9298.6,9272.5,9272.5,10272982377
20150422,090000,9272.5,9298.7,9272.5,9277.5,11388699154
20150422,130000,9272.7,9272.7,9272.7,9272.7,533240929
20150425,090000,9272.7,9279.1,9269.6,9269.7,8001274400
20150426,090000,9269.7,9279.3,9267.6,9267.6,8389665064
20150427,090000,9267.6,9270.6,9214.3,9214.3,8368269439
20150427,130000,9212,9212,9212,9212,368732329
20150428,090000,9212,9219.8,9197.1,9210.4,7186934848
20150429,090000,9210.4,9222.2,9200.8,9201.2,5803899423
20150503,090000,9201.2,9204.1,9151.9,9151.9,5427560366
20150504,090000,9151.9,9151.9,9073.1,9073.1,9385468424
20150505,090000,9073.1,9083.6,9052.6,9052.6,7184320626
20150506,090000,9052.6,9061.8,9052.6,9056,12885491823
20150509,090000,9047.1,9057.8,9001.3,9001.3,19890071033
20150509,130000,8998.1,8998.1,8998.1,8998.1,735475945
20150510,090000,8998.1,9003.3,8934,8934,11269732299
20150510,130000,8934.1,8934.1,8926.2,8926.2,1603950555
20150511,090000,8926.2,8984.9,8917.8,8980.5,12742897709
20150511,130000,8974.4,8974.4,8974.4,8974.4,535649318
20150512,090000,8974.4,9015.8,8974.4,9006,10885929998
20150513,090000,8994.9,9008.7,8994.9,8998.3,8271223585
20150517,090000,8998.3,9005.9,8959.9,8973.3,9193517469
20150517,130000,8960.3,8960.3,8960.3,8960.3,406814272
20150518,090000,8960.3,8973.9,8959.2,8959.7,7074913022
20150518,130000,8940.1,8940.1,8940.1,8940.1,319251347
20150519,090000,8940.1,8969.8,8940.1,8969.6,6256379437
20150519,130000,8970.6,8970.6,8947.9,8947.9,575474048
20150520,090000,8947.9,8969.9,8947.9,8963.9,6522529385
20150520,130000,8949.8,8949.8,8949.8,8949.8,321860920
20150523,090000,8949.8,8957.8,8915.7,8916.1,8197990581
20150523,130000,8877.4,8877.4,8877.4,8877.4,345254125
20150524,090000,8877.4,8886.2,8872.8,8879.8,7346306830
20150524,130000,8866.4,8866.4,8866.4,8866.4,328528209
20150525,090000,8866.4,8889.3,8866.4,8871.1,8079075572
20150525,130000,8854.3,8854.3,8854.3,8854.3,306307415
20150526,090000,8854.3,8863.1,8831.3,8831.3,6338609481
20150526,130000,8839.3,8839.3,8824.7,8824.7,587947366
20150527,090000,8824.7,8831.8,8809.5,8809.5,5313860842
20150527,130000,8799.7,8799.7,8799.7,8799.7,236274206
20150530,090000,8799.7,8805.3,8794.1,8794.1,4523136630
20150530,130000,8780.4,8780.4,8780.4,8780.4,225019587
20150531,090000,8780.4,8788.1,8780.2,8780.2,3998892251
20150531,130000,8771.8,8771.8,8771.8,8771.8,193432039
20150601,090000,8771.8,8788.9,8769.9,8786.6,4138104637
20150601,130000,8763.7,8763.7,8763.7,8763.7,219962946
20150602,090000,8763.7,8798,8763.7,8796.1,4818506279
20150602,130000,8791.2,8791.2,8791.2,8791.2,292857620
20150606,090000,8791.2,8802,8791.2,8792.2,3670936602
20150606,130000,8780.4,8780.4,8780.4,8780.4,191835406
20150607,090000,8780.4,8785,8740.3,8740.4,4367795590
20150607,130000,8738.7,8738.7,8738.7,8738.7,218432616
20150608,090000,8738.7,8738.9,8662,8662,6336134897
20150608,130000,8648.3,8648.3,8648.3,8648.3,294149774
20150609,090000,8648.3,8648.3,8559,8559,5678539642
20150610,090000,8559,8559,8537.8,8539.3,4687530633
20150610,130000,8527.4,8527.4,8527.4,8527.4,225937852
20150613,090000,8527.4,8573.4,8527.4,8573.4,3998927734
20150613,130000,8557.8,8557.8,8557.8,8557.8,226083166
20150614,090000,8557.8,8586.6,8557.8,8571.2,4913851689
20150615,090000,8571.2,8571.2,8527.5,8527.5,8050160038
20150615,130000,8524.5,8524.5,8524.5,8524.5,342324068
20150616,090000,8524.5,8539.2,8524.2,8539,5194395238
20150616,130000,8529.7,8529.7,8529.7,8529.7,353210139
20150617,090000,8529.7,8631.3,8529.7,8630.8,12084803769
20150617,130000,8625.1,8625.1,8625.1,8625.1,527515679
20150620,090000,8625.1,8640.3,8599.6,8600,9854121435
20150620,130000,8591.5,8591.5,8591.5,8591.5,386482174
20150621,090000,8591.5,8591.5,8581.6,8584.3,7232375885
20150622,090000,8571.9,8625.7,8571.9,8625.7,10315943728
20150622,130000,8614.9,8614.9,8614.9,8614.9,549064933
20150623,090000,8614.9,8675.4,8614.9,8674,14303873681
20150624,090000,8674,8685.3,8671.6,8671.6,14177194368
20150627,090000,8671.6,8688.3,8665,8665,7287123043
20150628,090000,8665,8665,8604.4,8604.4,6381384590
20150628,130000,8600.3,8600.3,8600.3,8600.3,294687979
20150629,090000,8600.3,8616.4,8600.3,8610.3,5352704938
20150629,130000,8604.7,8604.7,8604.7,8604.7,291219773
20150630,090000,8604.7,8689.3,8604.7,8689.3,12959373742
20150630,130000,8689.5,8689.5,8688.1,8688.1,1453284364
20150701,090000,8688.1,8704.3,8680.8,8680.8,12018184810
20150704,090000,8680.8,8770.4,8680.8,8768.6,26155150162
20150705,090000,8756.8,8774.8,8756.8,8763.2,15240560884
20150705,130000,8763,8763,8752,8752,3227247620
20150706,090000,8752,8808.3,8752,8808.3,11276293792
20150706,130000,8802.4,8802.4,8802.4,8802.4,591230549
20150707,090000,8802.4,8907.6,8802.4,8907.6,20871640409
20150707,130000,8894.1,8894.1,8894.1,8894.1,1006697304
20150711,090000,8894.1,8912.2,8883.9,8912.2,12000926781
20150711,130000,8900,8900,8900,8900,511439399
20150712,090000,8900,8997.5,8900,8997.4,14525459001
20150713,090000,8997.4,9182.5,8997.4,9182.3,29618385487
20150713,130000,9170.9,9170.9,9170.9,9170.9,1195207371
20150714,090000,9170.9,9218.9,9170.9,9217.1,32348533454
20150714,130000,9217.2,9217.2,9210.9,9210.9,3283612826
20150715,090000,9210.9,9225.7,9127.1,9127.1,25109753196
20150715,130000,9116.2,9116.2,9116.2,9116.2,1059600173
20150720,090000,9116.2,9116.2,9045.2,9045.2,11178329002
20150720,130000,9032.4,9032.4,9032.4,9032.4,499637692
20150721,090000,9032.4,9045.8,9023,9023,11528261163
20150721,130000,9002.3,9002.3,9002.3,9002.3,439510966
20150722,090000,9002.3,9005.4,8948.1,8948.1,7529205482
20150722,130000,8948.2,8948.2,8947.9,8947.9,732140222
20150722,170000,8922.5,8922.5,8922.5,8922.5,365999611
20150725,090000,8922.5,8922.6,8835.1,8835.1,8602751663
20150725,130000,8825.6,8825.6,8825.6,8825.6,353629911
20150726,090000,8825.6,8825.6,8811.9,8816.4,8140975551
20150726,130000,8816.5,8816.5,8781.6,8781.6,919027464
20150727,090000,8781.6,8785.9,8731.1,8731.1,9038732727
20150728,090000,8731.1,8757.4,8726.6,8751.9,8506230997
20150728,130000,8736.6,8736.6,8736.6,8736.6,385634419
20150729,090000,8736.6,8772.3,8736.6,8772.1,12457994155
20150801,090000,8772.1,8794.6,8772.1,8781.4,13174069999
20150802,090000,8781.4,8781.4,8754.7,8754.7,9659243689
20150803,090000,8754.7,8777.5,8754.7,8755.4,9220385709
20150804,090000,8755.4,8760.3,8739,8744.8,7441861455
20150804,130000,8743,8743,8743,8743,356606462
20150805,090000,8743,8762.5,8743,8754.6,4274291942
20150805,130000,8753.6,8753.6,8753.6,8753.6,270159018
20150808,090000,8753.6,8762.2,8708.2,8708.2,8301966194
20150808,130000,8705.1,8705.1,8705.1,8705.1,411314980
20150809,090000,8705.1,8715.4,8701.1,8701.1,6978474402
20150809,130000,8700.8,8700.8,8700.8,8700.8,328492804
20150810,090000,8700.8,8707.6,8695.9,8695.9,5167997806
20150812,090000,8695.9,8698.8,8651,8651.3,6843052457
20150812,130000,8651.2,8651.2,8651.2,8651.2,316070849
20150815,090000,8651.2,8654.2,8618.1,8618.1,4729012332
20150816,090000,8618.1,8633.5,8613,8613.2,6022603061
20150817,090000,8613.2,8617.2,8587.9,8587.9,6873647523
20150818,090000,8587.9,8588,8545.7,8545.7,6125962676
20150819,090000,8545.7,8551.3,8540,8540,6200019761
20150822,090000,8540,8563.2,8540,8545.9,4976235092
20150822,130000,8542.9,8542.9,8542.9,8542.9,276585687
20150823,090000,8542.9,8543.5,8502.5,8502.5,6192547243
20150823,130000,8500.5,8500.5,8500.5,8500.5,317938498
20150824,090000,8500.5,8505.2,8479.8,8479.8,4802525042
20150825,090000,8479.8,8481.5,8408.7,8408.7,6483290025
20150826,090000,8408.7,8416.7,8391.4,8391.6,7327294759
20150829,090000,8391.6,8431.6,8391.6,8426.4,13772500991
20150830,090000,8426.4,8437.2,8425.3,8426.1,6485649825
20150831,090000,8426.1,8430.8,8412.2,8412.3,7545646647
20150901,090000,8412.3,8423.3,8407.8,8417.3,4998784445
20150902,090000,8417.3,8426,8417.3,8421.3,13332672588
20150905,090000,8421.3,8466.5,8421.3,8466.5,8151449022
20150906,090000,8466.5,8481.7,8466.5,8468.1,6873135497
20150907,090000,8468.1,8475.2,8467.3,8471.2,6072651667
20150908,090000,8471.2,8487.9,8471.2,8486.4,4176724627
20150909,090000,8486.4,8502.9,8474.1,8481.5,5419468617
20150912,090000,8481.5,8484.2,8457,8457,6079420665
20150912,130000,8456.8,8456.8,8452.2,8452.2,539241418
20150913,090000,8452.2,8455.6,8383,8383,8850247348
20150913,130000,8383.2,8384.3,8379.2,8379.2,2428596386
20150914,090000,8379.2,8390.5,8376.1,8376.1,7215951799
20150915,090000,8376.1,8376.1,8323.4,8323.4,5812943995
20150916,090000,8323.4,8323.4,8307.2,8307.4,5066168257
20150919,090000,8307.4,8321.2,8295.4,8295.4,4339223921
20150920,090000,8295.4,8295.4,8197,8197,9724238388
20150920,130000,8195.4,8195.4,8195.4,8195.4,395556814
20150921,090000,8195.4,8195.4,8123.8,8125.6,9569593554
20150921,130000,8121.3,8121.3,8121.3,8121.3,467485896
20150922,090000,8121.3,8147.6,8121.3,8147.6,9171851093
20150923,090000,8147.6,8181.6,8147.6,8178.9,10919553398
20150926,090000,8178.9,8189.8,8171.8,8171.8,5276579669
20150927,090000,8171.8,8184.3,8171.8,8177,17856273661
20150928,090000,8177,8199.4,8177,8195.7,4669438930
20150929,090000,8195.7,8204.1,8195.2,8195.2,4669029723
20150930,090000,8195.2,8197.8,8168.8,8168.8,4508477818
20151003,090000,8168.8,8173.4,8109.8,8109.8,7628888231
20151004,090000,8109.8,8109.8,8082.4,8085,6562908867
20151005,090000,8085,8100.7,8085,8097.2,4027674784
20151006,090000,8097.2,8098.1,8064.1,8064.2,5986199856
20151007,090000,8064.2,8079.4,8064.2,8077.5,4950817590
20151010,090000,8077.5,8086.6,8068.9,8069.1,4309965830
20151011,090000,8069.1,8073.5,8066.4,8068.3,6211128311
20151012,090000,8068.3,8101.5,8068.3,8101.5,5290804765
20151013,090000,8101.5,8144.9,8101.5,8144.8,5902673494
20151014,090000,8144.8,8214.3,8144.8,8213,10143438535
20151017,090000,8213,8310.4,8213,8310.4,13865258080
20151018,090000,8310.4,8367.3,8310.4,8332.7,18589925534
20151018,130000,8330.2,8330.2,8330.2,8330.2,712968427
20151019,090000,8330.2,8334,8302.9,8302.9,8008148758
20151019,130000,8300.3,8300.3,8300.3,8300.3,347750529
20151020,090000,8300.3,8302.8,8282.5,8282.5,6977296690
20151020,130000,8280.9,8280.9,8280.9,8280.9,332463056
20151021,090000,8280.9,8285.1,8261.4,8261.4,4180194273
20151021,130000,8258.7,8258.7,8258.7,8258.7,243277312
20151025,090000,8258.7,8261.3,8218.5,8218.5,5030311706
20151025,130000,8213.8,8213.8,8213.8,8213.8,231438315
20151026,090000,8213.8,8219.1,8204.3,8204.3,4220313703
20151026,130000,8203.6,8203.6,8203.6,8203.6,204840676
20151027,090000,8203.6,8226.4,8203.6,8211.2,4155635893
20151028,090000,8211.2,8223.2,8211.2,8214.4,3886579773
20151031,090000,8214.4,8232.4,8214.4,8223.5,5511441205
20151101,090000,8223.5,8252.8,8223.5,8247.9,5953177810
20151102,090000,8247.9,8264.4,8247.9,8253.9,12133723431
20151103,090000,8253.9,8263.6,8253.9,8257.7,5496096320
20151104,090000,8257.7,8282.4,8257.7,8281.1,11168394635
20151107,090000,8281.1,8288.4,8272.6,8273.3,11324136228
20151108,090000,8273.3,8277.7,8260.8,8260.8,7151325090
20151109,090000,8260.8,8278.9,8260.8,8277.4,4500045576
20151110,090000,8277.4,8292.6,8277.4,8286.1,5665402409
20151110,130000,8282.5,8282.5,8282.5,8282.5,270986050
20151111,090000,8282.5,8301.5,8282.5,8299.3,6151712332
20151111,130000,8296.4,8296.4,8296.4,8296.4,313908900
20151114,090000,8296.4,8324.3,8296.4,8323.5,5310773409
20151114,130000,8322.3,8322.3,8322.3,8322.3,278356745
20151115,090000,8322.3,8365.9,8322.3,8360.4,7430511100
20151116,090000,8360.4,8368.6,8353,8353,7344400471
20151116,130000,8361.9,8361.9,8361.9,8361.9,399856972
20151117,090000,8361.9,8362.4,8342.8,8342.9,6758908510
20151118,090000,8342.9,8358.6,8342.9,8352.5,6545821239
20151121,090000,8352.5,8368.5,8352.5,8360.6,6045588335
20151121,130000,8357.6,8357.6,8357.6,8357.6,330214406
20151122,090000,8357.6,8363,8350.1,8350.2,6027025496
20151123,090000,8350.2,8355.2,8332.8,8337.4,5510712311
20151123,130000,8335.3,8335.3,8335.3,8335.3,326187933
20151124,090000,8335.3,8338.2,8321.1,8321.2,9374148666
20151125,090000,8321.2,8324.6,8312.3,8313.7,6890974784
20151125,130000,8313.6,8313.6,8313.6,8313.6,348457456
20151128,090000,8313.6,8322.2,8306.8,8306.8,6042408519
20151129,090000,8306.8,8317.1,8296.5,8296.5,8317408252
20151130,090000,8296.5,8301.4,8289.9,8290.9,6352020084
20151201,090000,8290.9,8292.8,8269.6,8269.7,5690677674
20151205,090000,8269.7,8280.7,8269.7,8273.2,3182882848
20151205,130000,8272.2,8272.2,8272.2,8272.2,204796107
20151206,090000,8272.2,8273.8,8230.3,8230.4,7723452143
20151207,090000,8230.4,8230.4,8198.6,8198.9,4464376426
20151207,130000,8193.7,8193.7,8193.7,8193.7,308848853
20151208,090000,8193.7,8198,8184,8184,4270154870
20151209,090000,8184,8191.7,8180.6,8190.5,4668152202
20151209,130000,8184.3,8184.3,8184.3,8184.3,241781108
20151213,090000,8184.3,8189.6,8162.6,8172.4,4738960104
20151214,090000,8172.4,8174.9,8160.6,8160.7,4413171663
20151214,130000,8157.5,8157.5,8157.5,8157.5,257243061
20151215,090000,8157.5,8180,8157.5,8169.5,6231018330
20151216,090000,8169.5,8183.1,8158.4,8158.4,6472099660
20151219,090000,8158.4,8159.2,8076.5,8076.5,6127876315
20151220,090000,8076.5,8076.5,8029.4,8029.4,8225373000
20151221,090000,8029.4,8034.7,8017.4,8017.4,6835278640
20151222,090000,8017.4,8029.8,8016.8,8016.8,6754456247
20151223,090000,8016.8,8041.6,8016.8,8035.8,6904892897
20151226,090000,8035.8,8053.5,8035.8,8051,7139995536
20151227,090000,8051,8114.3,8051,8114.3,10741253796
20151227,130000,8101.9,8101.9,8101.9,8101.9,409245545
20151228,090000,8101.9,8133.7,8101.9,8132.6,10636138866
20151230,090000,8132.6,8181.1,8132.6,8179.5,12564663531
20151230,130000,8175.7,8175.7,8175.7,8175.7,521425537
20160102,090000,8175.7,8204.7,8175.7,8201.9,7406977233
20160102,130000,8200.7,8200.7,8200.7,8200.7,355724581
20160103,090000,8200.7,8252.5,8200.7,8252.5,9708531960
20160104,090000,8252.5,8337,8252.5,8337,12914564251
20160104,130000,8335.6,8335.6,8335.6,8335.6,552361582
20160105,090000,8335.6,8463.3,8335.6,8463.3,16654066744
20160105,130000,8460.7,8460.7,8460.7,8460.7,652394361
20160106,090000,8460.7,8541.1,8460.7,8538.8,17452295666
20160109,090000,8538.8,8571.7,8531.8,8531.8,17314728873
20160109,170000,8529.4,8529.4,8529.4,8529.4,679432810
20160110,090000,8529.4,8539.9,8517.6,8537.2,13709502263
20160111,090000,8537.2,8630,8537.2,8630,14985740128
20160112,090000,8625.1,8675.9,8625.1,8653.8,21770982565
20160112,170000,8651.4,8651.4,8651.4,8651.4,983235367
20160113,090000,8651.4,8696.9,8651.4,8693.4,20360903084
20160113,130000,8686.9,8686.9,8686.9,8686.9,1054882198
20160116,090000,8686.9,8812.5,8686.9,8812.5,27375839199
20160117,090000,8815.8,8871.6,8790,8819.4,44111712837
20160117,130000,8789.8,8789.8,8789.8,8789.8,1781673081
20160118,090000,8789.8,8789.8,8711.7,8717,21087540728
20160118,130000,8716.9,8716.9,8716.9,8716.9,1026799055
20160119,090000,8716.9,8855.2,8716.9,8853.9,19128515850
20160120,090000,8853.9,8960.2,8853.9,8960.2,29741918968
20160120,130000,8959.6,8959.6,8959.6,8959.6,1255517673
20160123,090000,8959.6,9097.5,8959.6,9097.2,49951284230
20160123,130000,9097.1,9097.1,9097.1,9097.1,1917186081
20160124,090000,9097.1,9244.6,9097.1,9244.5,45528605952
20160124,130000,9237.1,9237.1,9237.1,9237.1,1701208813
20160125,090000,9237.1,9386.1,9237.1,9385.9,53533616051
20160125,130000,9383,9383,9383,9383,1864735198
20160126,090000,9383,9632.9,9383,9632.9,47255510805
20160127,090000,9632.9,9727.6,9632.9,9637.2,73307712557
20160127,130000,9636.8,9636.8,9636.8,9636.8,2854858861
20160130,090000,9636.8,9662,9619.9,9619.9,47672309456
20160131,090000,9619.9,9628.2,9574.3,9611.5,38066437450
20160131,130000,9611.4,9611.4,9611.4,9611.4,1638262928
20160201,090000,9611.4,9804.6,9611.4,9804.6,44160181681
20160202,090000,9804.6,9970.9,9804.6,9969.5,47881286855
20160202,130000,9969.6,9969.6,9969.6,9969.6,2162094854
20160203,090000,9969.6,10048.2,9969.6,10048.2,48649900481
20160206,090000,10048.2,10219.2,10048.2,10218.4,42603178403
20160206,130000,10216.1,10216.1,10216.1,10216.1,1611459260
20160207,090000,10216.1,10403.3,10216.1,10403.2,49490627821
20160208,090000,10403.2,10604.1,10403.2,10604.1,58391674463
20160209,090000,10604.1,10933,10604.1,10890.7,81015507805
20160210,090000,10890.7,10890.7,10810.6,10860,79257966010
20160210,170000,10855.4,10855.4,10855.4,10855.4,3036555622
20160213,090000,10855.4,10855.4,10715.3,10715.4,63792489592
20160214,090000,10715.4,10751.3,10671.5,10672,39537281309
20160214,130000,10660.8,10660.8,10660.8,10660.8,1645808335
20160215,090000,10660.8,10821.4,10660.8,10821.4,46759991991
20160216,090000,10821.4,10884.3,10812.5,10812.5,43116130731
20160217,090000,10812.5,10880,10812.5,10876,36597259531
20160217,170000,10871.1,10871.1,10871.1,10871.1,1575246085
20160220,090000,10871.1,10911.2,10851.7,10851.7,96950258266
20160220,170000,10853.4,10853.4,10853.4,10853.4,3187294260
20160221,090000,10853.4,10861.7,10743.9,10743.9,49600627239
20160222,090000,10743.9,10837.7,10743.9,10837.6,29360172315
20160223,090000,10837.6,10862,10778.8,10778.8,31153430384
20160224,090000,10778.8,10778.8,10733.5,10738.3,21947654740
20160224,170000,10734.5,10734.5,10734.5,10734.5,1127498180
20160227,090000,10734.5,10825.2,10734.5,10818.1,23338670339
20160228,090000,10818.1,10872.8,10784.1,10784.1,34068712156
20160229,090000,10784.1,10818.8,10778.5,10790.4,29468228620
20160301,090000,10790.4,10831.8,10790.4,10807.2,21826195622
20160301,130000,10793.3,10793.3,10793.3,10793.3,921930855
20160302,090000,10793.3,10811.1,10780,10794.6,35298153599
20160302,130000,10794.7,10794.7,10788.9,10788.9,5245784526
20160305,090000,10788.9,10868.8,10788.9,10856,25492315830
20160306,090000,10856,10904.9,10856,10883.2,39192978944
20160306,130000,10876.2,10876.2,10876.2,10876.2,1696026439
20160307,090000,10876.2,10913.2,10869,10869,52378809444
20160307,130000,10868.9,10868.9,10868.9,10868.9,2247099824
20160308,090000,10868.9,10868.9,10833.3,10833.3,46071957704
20160309,090000,10831.9,10863.7,10831.9,10852.8,36443866256
20160312,090000,10852.8,10949.1,10852.8,10937.4,25428049141
20160312,130000,10927.4,10927.4,10927.4,10927.4,1213234077
20160314,090000,10927.4,11034.2,10927.4,11028.3,29313772011
20160315,090000,11028.3,11083.8,11028.3,11071.4,45359389013
20160315,130000,11063.8,11063.8,11063.8,11063.8,1936746199
20160316,090000,11063.8,11209.6,11052.7,11201.9,39780862389
20160326,090000,11201.9,11280.3,11182.6,11280.3,17507148627
20160327,090000,11280.3,11308.3,11280.3,11290.5,29067671432
20160327,130000,11289.2,11289.2,11289.2,11289.2,1006304416
20160328,090000,11289.2,11299.1,11282.9,11298.1,16896865624
20160329,090000,11298.1,11307,11293.4,11295.6,37931723223
20160330,090000,11295.6,11405,11295.6,11403.7,21657376601
20160402,090000,11403.7,11432.9,11403.7,11404.7,31226657008
20160402,130000,11401.4,11401.4,11401.4,11401.4,1151054180
20160403,090000,11401.4,11412.1,11330.7,11350.1,24734469015
20160404,090000,11350.1,11421.9,11350.1,11421.7,26016086945
20160404,130000,11418.7,11418.7,11418.7,11418.7,1157971824
20160405,090000,11418.7,11515.1,11418.7,11515.1,25140401587
20160405,130000,11514.8,11514.8,11514.8,11514.8,1134093169
20160406,090000,11514.8,11585.6,11514.8,11566.7,30397888388
20160406,130000,11565.4,11565.4,11565.4,11565.4,1331609557
20160409,090000,11565.4,11599.5,11565.4,11566.1,21930020178
20160410,090000,11566.1,11593.5,11566.1,11575.6,32516269955
20160411,090000,11575.6,11626.3,11575.6,11607,21428077921
20160412,090000,11607,11658,11581.1,11581.1,24983401119
20160413,090000,11581.1,11593.4,11440.4,11440.5,35824666591
20160416,090000,11440.5,11440.5,11208.7,11208.7,19773862672
20160416,130000,11208,11208.7,11208,11208.7,1527239489
20160417,090000,11208.7,11208.7,11101.2,11117.1,27760176393
20160417,130000,11113.6,11113.6,11113.6,11113.6,1153288053
20160418,090000,11113.6,11262.1,11113.6,11262.1,36675140652
20160419,090000,11262.1,11296.3,11248.7,11251.2,36046784309
20160419,130000,11242.5,11242.5,11242.5,11242.5,1487443376
20160420,090000,11242.5,11265.4,11234.3,11235.2,29467169681
20160420,130000,11230.8,11230.8,11230.8,11230.8,1102047740
20160423,090000,11230.8,11275.3,11230.8,11262.5,24423563750
20160423,130000,11262.2,11262.2,11262.2,11262.2,988554115
20160424,090000,11262.2,11326,11262.2,11326,21880744870
20160425,090000,11326,11404.5,11326,11394.5,25698702173
20160425,130000,11394.3,11394.3,11394.3,11394.3,1232247655
20160426,090000,11394.3,11415.6,11394.3,11397.3,21849836488
20160427,090000,11397.3,11459.4,11397.3,11452,24682501575
20160430,090000,11452,11487.4,11452,11475.7,37966798124
20160501,090000,11475.7,11495.9,11475.7,11485.7,27880623401
20160502,090000,11485.7,11524.1,11485.7,11498.5,33801583338
20160502,130000,11493.4,11493.4,11493.4,11493.4,1354698516
20160503,090000,11493.4,11516.7,11493.4,11514.7,27101478100
20160504,090000,11514.7,11560.7,11514.7,11547.7,21420009103
20160504,130000,11538.5,11538.5,11538.5,11538.5,1000124292
20160507,090000,11538.5,11570.1,11510.3,11510.3,17717576573
20160507,130000,11504.9,11504.9,11504.9,11504.9,847545752
20160508,090000,11504.9,11512.5,11461.8,11461.8,24417476289
20160508,130000,11461.7,11461.8,11458.3,11458.3,3204955043
20160509,090000,11458.3,11490,11458.3,11470.8,18460409364
20160510,090000,11462.9,11468,11446.4,11446.4,27330591415
20160510,130000,11435.2,11435.2,11435.2,11435.2,1058996284
20160511,090000,11435.2,11452,11336.3,11339.9,22321882802
20160511,130000,11335.8,11335.8,11335.8,11335.8,1233151695
20160514,090000,11335.8,11379.4,11335.8,11371.8,14060874777
20160514,170000,11363.5,11363.5,11363.5,11363.5,572682541
20160515,090000,11363.5,11378.1,11319.3,11319.3,21537165692
20160515,130000,11309.7,11309.7,11309.7,11309.7,1033134708
20160516,090000,11309.7,11340.7,11309.7,11329.4,16449328298
20160516,130000,11320,11320,11320,11320,807516291
20160517,090000,11320,11400.1,11320,11395.8,16126701864
20160517,130000,11390.4,11390.4,11390.4,11390.4,824990863
20160518,090000,11390.4,11426.6,11390.4,11417.9,16589968063
20160518,130000,11417.4,11417.9,11384.3,11384.3,2597101663
20160521,090000,11384.3,11433.3,11384.3,11427.2,12198415447
20160521,130000,11410.2,11410.2,11410.2,11410.2,612749699
20160523,090000,11410.2,11462.9,11410.2,11448.2,22432843841
20160523,130000,11434.8,11434.8,11434.8,11434.8,995000763
20160524,090000,11434.8,11464.6,11434.8,11461.8,20419980981
20160524,130000,11442.3,11442.3,11442.3,11442.3,865052067
20160525,090000,11442.3,11465.1,11442.3,11455.7,18886098520
20160525,130000,11446.3,11446.3,11446.3,11446.3,853942528
20160528,090000,11446.3,11469.4,11446.3,11448.5,16279097892
20160528,130000,11412.8,11412.8,11412.8,11412.8,1019275214
20160529,090000,11412.8,11431.9,11389.4,11389.4,20425543783
20160529,130000,11386.6,11386.6,11386.6,11386.6,907390594
20160530,090000,11386.6,11398.5,11362.7,11362.7,14293420853
20160530,130000,11352.5,11352.5,11352.5,11352.5,758554625
20160531,090000,11352.5,11364.3,11297.5,11297.5,13950338200
20160531,130000,11288.6,11288.6,11288.6,11288.6,637134062
20160601,090000,11288.6,11309.4,11288.6,11300.2,13605504885
20160601,130000,11284.4,11284.4,11284.4,11284.4,712169907
20160605,090000,11284.4,11335.7,11284.4,11333.1,16496316314
20160606,090000,11322,11353,11322,11349.4,16387762243
20160606,130000,11327.3,11327.3,11327.3,11327.3,746965984
20160607,090000,11327.3,11346.6,11316.3,11316.3,16182622543
20160607,130000,11303.5,11303.5,11303.5,11303.5,726875232
20160608,090000,11304.2,11313,11252.5,11252.5,16905533213
20160611,090000,11252.5,11269.8,11124.4,11124.5,19586545519
20160611,130000,11115.7,11115.7,11115.7,11115.7,884783670
20160612,090000,11115.7,11115.7,11044,11044,17154413364
20160612,130000,11036.9,11036.9,11036.9,11036.9,796369118
20160613,090000,11036.9,11088.3,11036.9,11058.5,12081534362
20160613,130000,11056.2,11056.2,11056.2,11056.2,665629018
20160614,090000,11056.2,11070,10968,10968.1,18055919029
20160614,130000,10963.2,10963.2,10963.2,10963.2,811986809
20160615,090000,10963.2,10990.5,10961.6,10990.4,14378933785
20160618,090000,10990.4,11022,10990.4,10992.4,12797056442
20160618,130000,10991.4,10991.4,10991.4,10991.4,601924904
20160619,090000,10991.4,11003.9,10917.3,10917.4,11963860747
20160619,170000,10899.8,10899.8,10899.8,10899.8,585217551
20160620,090000,10899.8,10901.3,10852.1,10852.1,11585307226
20160620,130000,10844.1,10844.1,10844.1,10844.1,586364929
20160621,090000,10844.1,10881.4,10844.1,10881.4,16812829715
20160621,130000,10880.3,10880.3,10880.3,10880.3,903109325
20160622,090000,10880.3,11041.6,10880.3,11041.6,17725796033
20160622,130000,11041.1,11041.1,11041.1,11041.1,681490584
20160625,090000,11041.1,11068.3,11032,11032.1,17954864867
20160625,130000,11027.1,11027.1,11027.1,11027.1,753487041
20160626,090000,11027.1,11065.1,11023.2,11065.1,17910588098
20160626,130000,11064.1,11064.1,11064.1,11064.1,870644265
20160628,090000,11064.1,11183.1,11064.1,11177.1,25971238578
20160628,130000,11172.6,11172.6,11172.6,11172.6,1016643262
20160629,090000,11172.6,11197.2,11147.2,11147.2,31772224125
20160629,130000,11143.9,11143.9,11143.9,11143.9,1344188760
20160702,090000,11143.9,11164.3,11143.9,11144,10303066279
20160702,130000,11143.9,11143.9,11137.7,11137.7,1463018137
20160703,090000,11137.7,11167.2,11137.7,11148.4,20537836932
20160703,130000,11148.6,11148.6,11144.7,11144.7,2717378000
20160704,090000,11144.7,11150.8,11110.7,11110.7,25123455226
20160704,130000,11109.4,11109.4,11109.4,11109.4,1072240302
20160705,090000,11109.4,11134.2,11109.4,11126.8,16726809567
20160709,090000,11126.8,11138.1,11106.5,11106.5,12232594624
20160709,130000,11102.3,11102.3,11102.3,11102.3,573228417
20160710,090000,11102.3,11117.2,11079.9,11079.9,16751433805
20160710,130000,11075.9,11075.9,11075.9,11075.9,718422799
20160711,090000,11075.9,11095.9,11075.3,11076.4,16896548620
20160711,130000,11065,11065,11065,11065,754076213
20160712,090000,11065,11082,11014.9,11015,21136730540
20160712,130000,11015.8,11015.8,11015.8,11015.8,854104107
20160713,090000,11015.8,11032.5,11015.8,11029.8,18239764266
20160713,130000,11023.8,11023.8,11023.8,11023.8,866359696
20160716,090000,11023.8,11056.1,11023.8,11036.9,23340792672
20160716,130000,11018.8,11018.8,11018.8,11018.8,910931433
20160717,090000,11018.8,11059,11018.8,11043.9,19384713786
20160717,130000,11019.4,11019.4,11019.4,11019.4,912157556
20160718,090000,11016.1,11027,11008.6,11012.4,22989243505
20160718,130000,11012.3,11012.3,11012.3,11012.3,918983409
20160719,090000,11012.3,11066,11012.3,11066,21480564331
20160719,130000,11061.5,11061.5,11061.5,11061.5,913619728
20160720,090000,11061.5,11125.6,11061.5,11125.6,10729205564
20160720,130000,11111.3,11111.3,11111.3,11111.3,447681464
20160723,090000,11111.3,11166.8,11111.3,11166.7,13342712758
20160723,130000,11133.3,11133.3,11133.3,11133.3,538663167
20160724,090000,11133.3,11163.5,11133.3,11160,18704092220
20160724,130000,11156.7,11156.7,11156.7,11156.7,717990674
20160725,090000,11156.7,11176.6,11156.7,11165.7,20834157209
20160725,130000,11165.5,11165.5,11165.5,11165.5,880614270
20160726,090000,11165.5,11188.1,11165.5,11188.1,11994397893
20160726,170000,11185.4,11185.4,11185.4,11185.4,607359188
20160727,090000,11185.4,11255.9,11185.4,11253.6,17965444069
20160727,130000,11253.3,11253.3,11253.3,11253.3,842046845
20160731,090000,11253.3,11288,11253.3,11272.6,18406100025
20160801,090000,11272.6,11282,11266.6,11272.2,18272118083
20160802,090000,11272.2,11327,11272.2,11322.5,18721162563
20160803,090000,11318.3,11424.2,11318.3,11414.6,15685087130
20160803,170000,11414.5,11414.5,11414.5,11414.5,770407410
20160806,090000,11406.5,11505.7,11406.5,11503.3,27514934640
20160806,130000,11462.7,11462.7,11462.7,11462.7,1232633608
20160807,090000,11462.7,11519.4,11462.7,11511.9,25880709582
20160808,090000,11511.9,11535.3,11504.8,11504.8,15245960853
20160808,130000,11502.6,11502.6,11502.6,11502.6,699878688
20160809,090000,11502.6,11529.6,11502.6,11508.4,12597633466
20160810,090000,11508.4,11543.9,11508.4,11536.2,12120971819
20160813,090000,11536.2,11562.3,11536.2,11556.7,17046794778
20160814,090000,11556.7,11597,11556.7,11568.9,14223635130
20160815,090000,11568.9,11588,11557.6,11557.6,10744219697
20160816,090000,11557.6,11569.3,11543.9,11543.9,20629736730
20160817,090000,11543.9,11575.8,11543.9,11566.8,26055771299
20160820,090000,11566.8,11623.5,11566.8,11619.9,9860649454
20160821,090000,11619.9,11647.9,11618.6,11619.1,14213906868
20160822,090000,11619.1,11658.3,11619.1,11629.9,17752760686
20160823,090000,11629.9,11637.7,11595,11595,10317906607
20160823,130000,11593.8,11593.8,11593.8,11593.8,498562533
20160824,090000,11593.8,11596.6,11578.4,11578.4,13757184071
20160827,090000,11578.4,11598.7,11569.9,11570.2,11106650601
20160828,090000,11570.2,11589,11514.2,11514.2,14292511946
20160829,090000,11514.2,11526.6,11498.9,11498.9,10746772729
20160830,090000,11498.9,11524.1,11498.9,11516.1,9508601674
20160831,090000,11516.1,11532,11494.9,11495,8884699886
20160903,090000,11495,11510.6,11444,11444,8542409845
20160904,090000,11444,11461.4,11398.1,11398.2,9768877705
20160905,090000,11398.2,11410.6,11398.1,11398.1,6187135980
20160906,090000,11398.1,11449.7,11398.1,11449.4,9396098797
20160907,090000,11449.4,11516.9,11449.4,11506.4,12596952671
20160910,090000,11506.4,11521.2,11479.7,11479.7,6858669246
20160910,130000,11479,11479,11479,11479,340525013
20160911,090000,11479,11499.3,11479,11492.7,7082821273
20160913,090000,11492.7,11546.3,11492.7,11543.1,10224453069
20160914,090000,11543.1,11589.2,11543.1,11559.2,9758411961
20160917,090000,11559.2,11579,11559.2,11562.5,8251359394
20160918,090000,11562.5,11629.1,11562.5,11624.6,9205865770
20160918,130000,11621.3,11621.3,11621.3,11621.3,441254830
20160919,090000,11621.3,11653.3,11621.3,11644.5,8187287442
20160919,130000,11637.7,11637.7,11637.7,11637.7,374432063
20160921,090000,11637.7,11691.6,11637.7,11687.8,8276030071
20160924,090000,11687.8,11807.1,11687.8,11807,16020433992
20160925,090000,11807,11858.4,11807,11825,23232151096
20160926,090000,11825,11895.4,11825,11894.2,11762931651
20160927,090000,11894.2,11981.5,11894.2,11979.8,13644722025
20160928,090000,11979.8,12060.9,11979.8,12035.4,25338984671
20161001,090000,12035.4,12062.1,12031.9,12031.9,22772415806
20161002,090000,12031.9,12052.3,12027.1,12027.5,19650157415
20161002,130000,12024.5,12024.5,12024.5,12024.5,867379363
20161003,090000,12024.5,12039.3,12021.8,12021.8,26906425619
20161004,090000,12021.8,12061.9,12021.8,12037.4,37393104806
20161005,090000,12037.4,12054.3,12009.3,12009.3,26049415403
20161008,090000,12009.3,12019.4,11990.8,11991.3,17352974526
20161009,090000,11991.3,12039.8,11991.3,12035,14165598783
20161010,090000,12035,12101.2,12035,12092.4,16636333096
20161015,090000,12092.4,12114.7,12085.7,12085.7,18938819615
20161015,130000,12082.6,12082.6,12082.6,12082.6,789203325
20161016,090000,12082.6,12085.2,12051.2,12051.2,20420401147
20161016,130000,12046.8,12046.8,12046.8,12046.8,894501512
20161017,090000,12046.8,12098.1,12046.8,12097.6,17606226418
20161018,090000,12097.6,12165.1,12097.6,12157.2,17468605125
20161019,090000,12157.2,12210.6,12157.2,12209.2,18188953314
20161019,130000,12204.9,12204.9,12204.9,12204.9,789024957
20161022,090000,12204.9,12274.8,12204.9,12269.1,15189645703
20161022,130000,12266.8,12266.8,12266.8,12266.8,722413373
20161023,090000,12266.8,12316.7,12266.8,12299.8,18463355974
20161024,090000,12299.8,12366.7,12299.8,12358.8,17175804432
20161025,090000,12358.8,12480.2,12358.8,12480.2,16621769349
20161026,090000,12448.1,12541.9,12448.1,12541.1,20535953836
20161029,090000,12541.1,12656.2,12541.1,12647.7,17781187893
20161030,090000,12647.7,12665.3,12612.7,12612.7,16349130298
20161031,090000,12612.7,12665.6,12612.7,12624.5,15873925662
20161101,090000,12624.5,12638.4,12550.8,12550.8,13679998251
20161102,090000,12550.8,12563.4,12535.8,12563.4,9907922923
20161105,090000,12563.4,12625,12563.4,12581.4,11410455268
20161106,090000,12581.4,12594.7,12552.6,12552.6,10915244448
20161107,090000,12552.6,12651.7,12552.6,12649.8,13668570681
20161108,090000,12649.8,12716.1,12649.8,12708,12198213423
20161109,090000,12708,12708,12433.3,12438.1,21110938861
20161109,130000,12433.9,12433.9,12433.9,12433.9,980869093
20161112,090000,12433.9,12528.4,12433.9,12525.9,26753784003
20161112,130000,12525.8,12525.8,12523.8,12523.8,1944162124
20161113,090000,12523.8,12600.1,12523.8,12594.4,17419572837
20161114,090000,12594.4,12693.9,12594.4,12684.9,15249808268
20161114,130000,12682.6,12682.6,12682.6,12682.6,615121502
20161115,090000,12682.6,12720.4,12682.6,12684.9,16322928638
20161116,090000,12684.9,12719.8,12684.9,12695.9,19706984307
20161119,090000,12695.9,12728.9,12695.9,12727.2,9251541904
20161119,130000,12726.8,12726.8,12726.8,12726.8,478374133
20161121,090000,12726.8,12770.1,12726.8,12752.5,7723738672
20161122,090000,12753.2,12787,12753.2,12781.5,17080645
20161122,130000,12781.4,12781.4,12781.4,12781.4,0
20161123,090000,12781.4,12826.4,12781.4,12802.2,8014104912
20161123,130000,12791,12791,12791,12791,438677720
20161126,090000,12791,12828.5,12791,12814.1,10925234201
20161126,130000,12812.7,12812.7,12812.7,12812.7,522042318
20161127,090000,12812.7,12871.9,12812.7,12862.4,12406249760
20161129,090000,12862.4,12901.2,12862.4,12884.5,11052440485
20161203,090000,12884.5,12890.6,12751.5,12751.5,14702605172
20161204,090000,12751.5,12770.6,12751.5,12763.6,9664608613
20161205,090000,12763.6,12824.8,12763.6,12818.7,9939962166
20161205,130000,12817.7,12817.7,12817.7,12817.7,551388603
20161206,090000,12817.7,12861,12817.7,12841.7,19563034848
20161206,130000,12839.1,12839.1,12839.1,12839.1,825084533
20161207,090000,12839.1,12905.5,12839.1,12888.9,19510107546
20161210,090000,12888.9,12926,12887.5,12887.5,9720813616
20161211,090000,12887.5,12900.9,12834.2,12834.2,6772437173
20161211,130000,12833.6,12833.6,12833.6,12833.6,321295615
20161212,090000,12833.6,12859.8,12792.7,12792.7,8839322582
20161212,130000,12792.8,12792.8,12792.8,12792.8,408284351
20161213,090000,12792.8,12806.7,12759.8,12759.8,4761334486
20161214,090000,12759.8,12768.9,12718.6,12718.6,11586086062
20161218,090000,12718.6,12724.4,12680.9,12680.9,5926747879
20161218,130000,12676.1,12676.1,12676.1,12676.1,337890932
20161219,090000,12676.1,12676.4,12591.4,12591.4,9144098010
20161219,130000,12590.3,12590.3,12590.3,12590.3,399300257
20161220,090000,12590.3,12590.3,12514.2,12514.2,11306926911
20161221,090000,12514.2,12578.4,12514.2,12575.4,5496708616
20161221,130000,12573.4,12573.4,12573.4,12573.4,302767348
20161224,090000,12573.4,12609.8,12573.4,12599.3,6850112517
20161225,090000,12599.3,12614.7,12588.4,12588.6,5710198446
20161226,090000,12588.6,12612,12558.4,12558.5,8734690947
20161226,130000,12555.3,12555.3,12555.3,12555.3,423290695
20161227,090000,12555.3,12563.8,12496.6,12496.6,10010946706
20161228,090000,12496.6,12512,12468.9,12468.9,8385438393
20161228,130000,12466,12466,12466,12466,417275596
20161231,090000,12466,12485.2,12442.6,12442.6,8245679513
20161231,130000,12441.3,12441.3,12441.3,12441.3,377297812
20170101,090000,12441.3,12445.4,12370.7,12370.9,8129151551
20170102,090000,12370.9,12390.7,12355.7,12355.7,7304948684
20170103,090000,12355.7,12361.6,12305.9,12305.9,7984732431
20170103,130000,12304.6,12304.6,12304.6,12304.6,431588763
20170104,090000,12304.6,12308.8,12264.8,12265.2,4991824444
20170104,130000,12265.1,12265.1,12265.1,12265.1,312609732
20170104,170000,12265,12265,12265,12265,311389223
20170107,090000,12264.9,12284.3,12221.2,12221.2,9382296986
20170108,090000,12221.2,12235.3,12189.5,12189.5,11242095268
20170109,090000,12189.5,12189.9,12139.7,12140,8606457370
20170111,090000,12140,12159.9,12140,12150.2,10164073830
20170114,090000,12150.2,12270.1,12150.2,12260.6,13001126419
20170114,130000,12260.7,12260.7,12252.1,12252.1,1187478798
20170115,090000,12252.1,12295,12252.1,12278.1,13960357454
20170115,130000,12278,12278,12278,12278,636335784
20170115,170000,12275,12275,12275,12275,636335784
20170116,090000,12275,12292.6,12275,12280,11202352031
20170117,090000,12280,12320.3,12280,12320.3,11230490896
20170117,130000,12319.7,12319.7,12314.1,12314.1,1045107146
20170118,090000,12314.1,12361.2,12314.1,12360.9,9626910107
20170121,090000,12360.9,12375.4,12323.5,12323.6,7336983166
20170121,130000,12313.8,12313.8,12313.8,12313.8,327039924
20170122,090000,12313.8,12323.9,12299.6,12300.9,6678777258
20170122,130000,12300.8,12300.8,12300.8,12300.8,343160515
20170123,090000,12300.8,12348.6,12300.8,12346.5,7000689783
20170123,130000,12345.7,12345.7,12345.7,12345.7,369502928
20170124,090000,12345.7,12396.1,12345.7,12371,6526867022
20170124,130000,12370.5,12370.5,12370.5,12370.5,458620889
20170125,090000,12370.5,12412.6,12370.5,12403.6,12668164436
20170125,130000,12397.7,12397.7,12397.7,12397.7,578604704
20170128,090000,12397.7,12417.9,12397.7,12400.6,10545091498
20170129,090000,12400.6,12436.5,12400.6,12428.1,8676379730
20170130,090000,12428.1,12511.5,12428.1,12508,16640955604
20170131,090000,12508,12545.7,12484.1,12484.1,28186269918
20170201,090000,12484.1,12489.6,12405.9,12406,12516100806
20170204,090000,12406,12406,12286.9,12286.9,10379854401
20170204,130000,12286.8,12286.8,12286.8,12286.8,430397825
20170205,090000,12286.8,12286.8,12217.7,12217.9,9863812190
20170206,090000,12217.9,12264.9,12217.9,12243.6,13967913763
20170207,090000,12243.6,12295.5,12243.6,12280.4,13109467624
20170208,090000,12280.4,12299.8,12280.4,12282,11252692945
20170208,130000,12277.6,12277.6,12277.6,12277.6,547749184
20170211,090000,12277.6,12310.2,12277.6,12281.7,11716424502
20170212,090000,12281.7,12294.7,12281.7,12287.6,8172453009
20170212,130000,12281.6,12281.6,12281.6,12281.6,438821760
20170213,090000,12281.6,12324.9,12281.6,12292,9985361358
20170214,090000,12292,12322,12292,12316,8195563491
20170215,090000,12316,12355.4,12316,12346.9,10362977175
20170218,090000,12346.9,12403.6,12346.9,12403.6,14805076376
20170218,130000,12393.2,12393.2,12393.2,12393.2,689645155
20170219,090000,12393.2,12458.4,12393.2,12446.7,11073597178
20170219,130000,12440,12440,12440,12440,513805287
20170220,090000,12440,12476.7,12440,12472.6,9520107992
20170221,090000,12472.6,12522.2,12472.6,12519.8,8892997512
20170221,130000,12518.6,12518.6,12518.6,12518.6,453863740
20170222,090000,12518.6,12535.9,12518.6,12527.8,10088658451
20170225,090000,12527.8,12544.2,12527.4,12534.9,12677769313
20170226,090000,12534.9,12562.7,12516.9,12516.9,14251493556
20170226,130000,12511.1,12511.1,12511.1,12511.1,660791316
20170227,090000,12511.1,12521.1,12507.2,12507.2,10359224084
20170228,090000,12507.2,12524.5,12490.9,12490.9,14094812071
20170228,130000,12490.8,12490.8,12490.8,12490.8,698936777
20170301,090000,12490.8,12509.5,12490.5,12490.5,11045943494
20170301,170000,12490.6,12490.6,12490.5,12490.5,1072790590
20170304,090000,12490.5,12490.5,12408.8,12408.8,9947642802
20170304,130000,12398.1,12398.1,12398.1,12398.1,477973789
20170305,090000,12398.1,12398.1,12335,12335,9877403371
20170305,130000,12330.3,12330.3,12330.3,12330.3,508083603
20170306,090000,12330.3,12335,12289.8,12289.8,9564078242
20170307,090000,12289.8,12300.4,12264.7,12264.7,8600812711
20170308,090000,12264.7,12272.4,12188.7,12188.7,14516429555
20170308,130000,12174.9,12174.9,12174.9,12174.9,728357364
20170311,090000,12174.9,12174.9,12099.9,12099.9,10718022018
20170311,130000,12092.4,12092.4,12092.4,12092.4,553986143
20170312,090000,12092.4,12114.8,12090.7,12108.4,7632794704
20170312,170000,12097.3,12097.3,12097.3,12097.3,497847420
20170313,090000,12097.3,12159.3,12097.3,12155.6,9848907931
20170314,090000,12155.6,12233.2,12155.6,12233.2,13759507940
20170314,130000,12233.1,12233.1,12229.1,12229.1,1264159650
20170315,090000,12229.1,12269.4,12229.1,12265.2,8887257356
20170315,130000,12260.9,12260.9,12260.9,12260.9,460658326
20170318,090000,12260.9,12379.2,12260.9,12379.2,10189633688
20170318,170000,12376.8,12376.8,12376.8,12376.8,483585946
20170325,090000,12376.8,12490.4,12376.8,12490.4,5179026458
20170326,090000,12490.4,12540.6,12490.4,12536.2,7303261567
20170327,090000,12536.2,12566.1,12536.2,12564.8,7691070582
20170327,130000,12560.4,12560.4,12560.4,12560.4,356510812
20170328,090000,12560.4,12636.7,12560.4,12636.5,9269924379
20170329,090000,12636.5,12681.8,12636.5,12681,12291314953
20170403,090000,12681,12762.1,12681,12762,9382944466
20170404,090000,12762,12822.8,12762,12815.2,13699072902
20170405,090000,12815.2,12898.7,12815.2,12898.6,13552700746
20170408,090000,12898.6,13032.5,12898.6,13032.5,19902386005
20170409,090000,13032.5,13141.8,13032.5,13141.8,22047346991
20170410,090000,13141.8,13279.5,13141.8,13277.3,33857351831
20170410,130000,13272.8,13272.8,13272.8,13272.8,1243357716
20170412,090000,13272.8,13321.5,13272.8,13317.9,24886614772
20170415,090000,13317.9,13467.2,13317.9,13459.7,30419310303
20170415,130000,13459.3,13459.3,13459.3,13459.3,1269618602
20170416,090000,13459.3,13515.3,13442.8,13442.9,29910836270
20170417,090000,13442.9,13463.4,13373.6,13373.7,20777831495
20170417,130000,13370.9,13370.9,13370.9,13370.9,860911727
20170418,090000,13370.9,13407.4,13370.9,13371.9,18751243865
20170419,090000,13371.9,13446.1,13371.9,13441.2,17957415995
20170419,130000,13438.4,13438.4,13438.4,13438.4,852667171
20170422,090000,13438.4,13640.4,13438.4,13636.7,23221061013
20170423,090000,13636.7,13702.3,13636.7,13656.8,26899560567
20170424,090000,13656.8,13718.6,13656.8,13716.2,17195995651
20170426,090000,13716.2,13818.3,13716.2,13818.2,16788656516
20170429,090000,13818.2,13865.7,13818.2,13826.7,19780918436
20170429,130000,13819.4,13819.4,13819.4,13819.4,813111262
20170430,090000,13819.4,13839.6,13811.4,13811.5,20060413391
20170501,090000,13811.5,13844,13806.8,13831.6,20784055440
20170502,090000,13831.6,13887.8,13831.6,13872.3,20431348670
20170503,090000,13872.3,13928.7,13872.3,13915.1,14965385070
20170503,170000,13911.1,13911.1,13911.1,13911.1,685659738
20170506,090000,13911.1,13967.6,13911.1,13916.3,16600191156
20170507,090000,13916.3,13946.9,13898.7,13898.7,18923129963
20170507,130000,13893.2,13893.2,13893.2,13893.2,793756615
20170508,090000,13893.2,13916.3,13832.5,13832.5,18932402178
20170508,130000,13832.6,13832.6,13832.5,13832.5,1800759652
20170509,090000,13832.2,13838.2,13705,13717.5,18596383037
20170510,090000,13717.5,13791.6,13717.5,13784,19581996073
20170510,130000,13773.8,13773.8,13773.8,13773.8,876364862
20170513,090000,13773.8,13792.5,13723.7,13723.7,10811483086
20170513,170000,13718.4,13718.4,13718.4,13718.4,506640340
20170514,090000,13718.4,13721.8,13611.5,13611.5,11517309996
20170514,130000,13607.7,13607.7,13607.7,13607.7,523527578
20170515,090000,13607.7,13607.7,13584.4,13584.4,7714325156
20170515,130000,13580.6,13580.6,13580.6,13580.6,380350325
20170516,090000,13580.6,13639.9,13580.6,13639.2,8805780355
20170516,130000,13629.6,13629.6,13629.6,13629.6,450153875
20170517,090000,13629.6,13660.7,13629.6,13647.8,11700265603
20170517,130000,13644.2,13644.2,13644.2,13644.2,768674494
20170520,090000,13644.2,13841.6,13644.2,13841.3,25393975951
20170520,130000,13831.5,13831.5,13831.5,13831.5,865549027
20170521,090000,13831.5,13863.9,13799.1,13799.1,16141578846
20170521,130000,13782.9,13782.9,13782.9,13782.9,683041936
20170522,090000,13782.9,13793.3,13761,13761.3,9854015575
20170522,130000,13750.4,13750.4,13750.4,13750.4,472248585
20170523,090000,13750.4,13798.1,13750.4,13792.5,9528793367
20170523,130000,13769,13769,13769,13769,504571215
20170524,090000,13769,13811.4,13769,13803.7,10652127910
20170524,130000,13791,13791,13791,13791,545232776
20170527,090000,13791,13803.7,13717.9,13717.9,7921673991
20170527,130000,13712.5,13712.5,13712.5,13712.5,397277900
20170528,090000,13712.5,13722.3,13636.8,13636.8,7383912441
20170528,130000,13620.5,13620.5,13620.5,13620.5,387485176
20170529,090000,13620.5,13628.9,13589.5,13590.2,9125620117
20170529,130000,13590.3,13590.3,13585.2,13585.2,958623712
20170530,090000,13585.2,13598,13564.3,13566.4,8730820855
20170530,130000,13552.2,13552.2,13552.2,13552.2,396938231
20170531,090000,13552.2,13592.3,13552.2,13581.4,8930891121
20170531,130000,13572.6,13572.6,13572.6,13572.6,471321712
20170603,090000,13572.6,13594.9,13564.1,13564.1,7118348215
20170603,130000,13554.9,13554.9,13554.9,13554.9,385262771
20170606,090000,13554.9,13574.8,13519,13523.2,5974566010
20170606,130000,13514,13514,13514,13514,317644540
20170607,090000,13514,13521,13355.8,13355.8,8718787726
20170607,130000,13350.6,13350.6,13350.6,13350.6,526406132
20170610,090000,13350.6,13380.3,13350.6,13357.3,6281331980
20170610,130000,13354.2,13354.2,13354.2,13354.2,306726428
20170611,090000,13354.2,13362.1,13300.3,13300.3,7672442380
20170611,130000,13300.4,13300.4,13291.2,13291.2,747258644
20170612,090000,13291.2,13296.9,13245.3,13245.4,5449576559
20170612,130000,13240.8,13240.8,13240.8,13240.8,261660303
20170613,090000,13240.8,13244.6,13230,13231.8,6547504786
20170613,130000,13225.4,13225.4,13225.4,13225.4,368730039
20170614,090000,13225.4,13291.3,13225.4,13291.3,6262842429
20170614,130000,13288.6,13288.6,13288.6,13288.6,427765186
20170617,090000,13288.6,13316.7,13261.2,13261.2,6824821209
20170618,090000,13261.2,13270.8,13150.6,13150.6,7051788963
20170618,130000,13145.4,13145.4,13145.4,13145.4,409022368
20170619,090000,13145.4,13145.6,13095.6,13095.6,5382765684
20170619,130000,13095.5,13095.5,13089,13089,1221855496
20170620,090000,13089,13128.8,13089,13108.1,5286102638
20170620,130000,13099.8,13099.8,13099.8,13099.8,312427234
20170621,090000,13099.8,13121.4,13099.7,13099.7,5324783656
20170621,130000,13096.7,13096.7,13096.7,13096.7,291781139
20170624,090000,13096.7,13139,13096.7,13135.8,4759021519
20170624,130000,13128.3,13128.3,13128.3,13128.3,241221183
20170625,090000,13128.3,13177.9,13128.3,13177.9,5253171728
20170625,170000,13169.6,13169.6,13169.6,13169.6,313913099
20170628,090000,13169.6,13203.4,13169.6,13198.2,6056486627
20170701,090000,13198.2,13250.8,13198.2,13248.8,8249541652
20170701,130000,13240.7,13240.7,13240.7,13240.7,359152098
20170702,090000,13240.7,13248.8,13221.8,13222.4,5496001379
20170702,130000,13211.9,13211.9,13211.9,13211.9,271593492
20170703,090000,13211.9,13231.7,13211.9,13213.9,5957607527
20170703,130000,13192.9,13192.9,13192.9,13192.9,318721398
20170704,090000,13192.9,13218.5,13192.9,13195.7,7136687640
20170704,130000,13194.6,13194.6,13194.6,13194.6,359722160
20170705,090000,13194.6,13226.1,13194.6,13215.5,8113128720
20170705,130000,13209.2,13209.2,13209.2,13209.2,411698962
20170708,090000,13209.2,13242.2,13209.2,13235.2,7437007656
20170708,170000,13228.9,13228.9,13228.9,13228.9,455331120
20170709,090000,13228.9,13271.5,13228.9,13260.6,9062973582
20170709,130000,13254.9,13254.9,13254.9,13254.9,412499882
20170710,090000,13254.9,13304.4,13254.9,13296.7,11334226362
20170710,130000,13283.7,13283.7,13283.7,13283.7,550452221
20170711,090000,13283.7,13306.8,13283.7,13299.1,10368846656
20170711,130000,13294.5,13294.5,13294.5,13294.5,484421123
20170712,090000,13294.5,13317.2,13294.5,13295.1,6628198173
20170712,130000,13289.2,13289.2,13289.2,13289.2,393350400
20170715,090000,13289.2,13331.7,13289.2,13319,9463737840
20170715,130000,13300.6,13300.6,13300.6,13300.6,494583736
20170716,090000,13300.6,13322.6,13288.6,13288.6,7459370567
20170716,130000,13279.7,13279.7,13279.7,13279.7,387846256
20170717,090000,13279.7,13296.7,13270.9,13270.9,11470024480
20170717,130000,13254.5,13254.5,13254.5,13254.5,624199267
20170718,090000,13254.5,13285.8,13254.5,13281.3,8005336114
20170718,130000,13277.2,13277.2,13277.2,13277.2,360353865
20170719,090000,13277.2,13393.5,13277.2,13392.1,7067060481
20170719,130000,13368.1,13368.1,13368.1,13368.1,349690575
20170722,090000,13368.1,13466.4,13368.1,13465.7,9910368881
20170722,130000,13448.6,13448.6,13448.6,13448.6,425926199
20170723,090000,13448.6,13504.4,13448.6,13494.6,10722398169
20170723,130000,13453.7,13453.7,13453.7,13453.7,579637395
20170724,090000,13453.7,13512.4,13453.7,13504.5,10133261391
20170724,130000,13493.6,13493.6,13493.6,13493.6,493755121
20170725,090000,13493.6,13522.6,13490,13513.8,9506770601
20170725,130000,13507,13507,13507,13507,514926914
20170726,090000,13507,13524.1,13504.2,13504.2,19392158501
20170729,090000,13504.2,13511,13461.5,13463.1,7156417176
20170730,090000,13463.1,13486.2,13463.1,13472.5,8912747484
20170730,130000,13469.1,13469.1,13469.1,13469.1,435047469
20170731,090000,13469.1,13514.7,13469.1,13499.6,9129792173
20170801,090000,13499.6,13523.8,13493.8,13493.8,6816817425
20170801,130000,13493.9,13493.9,13493.9,13493.9,344923822
20170802,090000,13493.9,13514.1,13493.9,13497.8,6531863695
20170806,090000,13497.8,13552.2,13497.8,13520.9,8278684805
20170806,130000,13519.1,13519.1,13519.1,13519.1,358790760
20170807,090000,13519.1,13528.3,13435.4,13435.4,7344716105
20170808,090000,13435.4,13444.6,13392.4,13392.4,6906871612
20170809,090000,13392.4,13418,13392.4,13408.9,8811808205
20170812,090000,13408.9,13421.8,13373.3,13373.3,8041703156
20170813,090000,13373.3,13382.8,13304,13304,6641851152
20170813,130000,13303.3,13303.3,13303.3,13303.3,343665635
20170814,090000,13303.3,13313.9,13283.7,13283.7,6408396739
20170814,130000,13283.8,13283.8,13283.8,13283.8,367631737
20170815,090000,13283.8,13371.3,13283.8,13353.5,8985866016
20170816,090000,13353.5,13358.7,13345.6,13351,7797954282
20170816,130000,13350.8,13350.8,13350.8,13350.8,374967823
20170819,090000,13350.8,13388.1,13350.8,13358.8,16720807381
20170820,090000,13358.8,13388.2,13358.8,13374,6154753277
20170821,090000,13374,13408.7,13374,13399.1,9011366495
20170822,090000,13399.1,13425.8,13399.1,13410.1,13956575153
20170823,090000,13410.1,13444.6,13410.1,13432.6,10881243651
20170826,090000,13432.6,13461.1,13432.6,13445.4,13080939492
20170827,090000,13445.4,13471.7,13445.4,13460.9,8209578455
20170828,090000,13460.9,13519.2,13460.9,13512.1,0
20170829,090000,13512.1,13551.6,13512.1,13534.8,17799251949
20170829,130000,13532.6,13532.6,13532.6,13532.6,808686531
20170830,090000,13532.6,13571,13532.6,13553.1,10906032599
20170830,130000,13552.9,13552.9,13552.9,13552.9,542570374
20170902,090000,13552.9,13565.4,13517.3,13517.4,8747028811
20170903,090000,13517.4,13520.9,13463.6,13463.6,11964256032
20170904,090000,13463.6,13470.8,13412,13412,8971093836
20170905,090000,13412,13418,13396.1,13396.3,8754818763
20170906,090000,13396.3,13396.3,13355.3,13355.5,7077412810
20170910,090000,13355.5,13355.5,13308.7,13309.3,7695376120
20170910,130000,13307.3,13307.3,13307.3,13307.3,342500585
20170911,090000,13307.3,13323.1,13294.7,13294.7,7186946688
20170911,130000,13293.1,13293.1,13293.1,13293.1,367430294
20170912,090000,13293.1,13301,13280.9,13280.9,6987239504
20170913,090000,13280.9,13296.8,13277.3,13285.1,8877547536
20170916,090000,13285.1,13319,13285.1,13317.8,8224684897
20170916,130000,13311.4,13311.4,13311.4,13311.4,440080617
20170917,090000,13311.4,13364.5,13311.4,13362.4,6731254377
20170918,090000,13362.4,13450.6,13362.4,13450.5,7049430317
20170919,090000,13450.5,13512.2,13450.5,13512.2,11188463340
20170920,090000,13512.2,13589.9,13512.2,13585,15594732389
20170920,130000,13582.8,13582.8,13582.8,13582.8,746661748
20170923,090000,13582.8,13610.5,13582.8,13593.2,13712702201
20170924,090000,13593.2,13607,13580.1,13585,10744903703
20170925,090000,13585,13600.4,13584.2,13584.2,9863208638
20170925,130000,13584.1,13584.1,13584.1,13584.1,452172627
20170926,090000,13584.1,13626.8,13584.1,13620.3,10462025160
20170926,130000,13618.2,13618.2,13618.2,13618.2,531526448
20170927,090000,13618.2,13648.7,13618.2,13623.2,16210820589
20171002,090000,13623.2,13627.1,13523.8,13523.8,20081292455
20171003,090000,13523.8,13523.8,13437.7,13437.7,9430134986
20171004,090000,13437.7,13460.6,13437.7,13443.3,9067867854
20171007,090000,13443.3,13444.6,13311.5,13311.5,10758682656
20171008,090000,13311.5,13311.5,13109.2,13109.2,13439696026
20171008,130000,13108.8,13108.8,13108.8,13108.8,618303473
20171009,090000,13108.8,13117.7,13093.8,13096.5,7541702612
20171010,090000,13096.5,13126.7,13096.5,13123.1,6850026016
20171011,090000,13123.1,13139,13123.1,13131.7,8567926453
20171014,090000,13131.7,13228.8,13131.7,13228.2,8342948640
20171015,090000,13228.2,13259.6,13228.2,13255.3,7812572566
20171016,090000,13255.3,13304.3,13255.3,13301.1,9783140852
20171017,090000,13301.1,13316.4,13273.2,13273.3,8687312289
20171018,090000,13273.3,13276.1,13241.2,13241.3,7444329600
20171021,090000,13241.3,13285.8,13241.3,13281.5,10421527103
20171021,170000,13270.6,13270.6,13270.6,13270.6,580515297
20171022,090000,13270.6,13297,13270.6,13285.3,10224330945
20171022,130000,13282.5,13282.5,13282.5,13282.5,468221772
20171023,090000,13282.5,13283.6,13224.9,13224.9,14828669320
20171023,130000,13221.5,13221.5,13221.5,13221.5,637590299
20171024,090000,13221.5,13226,13207.3,13207.3,10761657703
20171025,090000,13207.3,13229.6,13206.2,13206.9,10378522300
20171028,090000,13206.9,13222.8,13191.7,13191.7,11326600853
20171029,090000,13191.7,13211.9,13167.8,13167.8,15259898080
20171030,090000,13167.8,13191.8,13167.8,13176.4,10984144674
20171031,090000,13176.4,13204.5,13176.4,13203.1,12629496184
20171101,090000,13203.1,13246.8,13203.1,13240.7,10609422814
20171104,090000,13240.7,13275.8,13240.7,13268.2,8826153247
20171105,090000,13268.2,13320.4,13268.2,13309.5,12605799808
20171106,090000,13309.5,13320,13281.5,13281.5,8823667576
20171107,090000,13281.5,13284,13260.8,13260.8,7051921464
20171108,090000,13260.8,13272.1,13254.1,13254.1,9796435787
20171111,090000,13254.1,13267.3,13245.6,13245.6,8320486535
20171112,090000,13245.6,13255.7,13231.2,13231.2,7138276199
20171112,130000,13231,13231,13228.7,13228.7,1178276856
20171113,090000,13228.7,13247.9,13228.7,13235.7,7424005495
20171113,130000,13233.5,13233.5,13233.5,13233.5,390746044
20171114,090000,13233.5,13254.5,13233.5,13247.6,7429167292
20171115,090000,13247.6,13269.7,13247.6,13253.4,7494676372
20171115,130000,13244.4,13244.4,13244.4,13244.4,455852068
20171118,090000,13244.4,13259,13244.4,13248.1,6319993401
20171118,130000,13245.9,13245.9,13245.9,13245.9,365136471
20171120,090000,13245.9,13263.4,13232.6,13233.7,9513065646
20171121,090000,13233.7,13256.8,13232.1,13232.6,8356887008
20171121,130000,13229.7,13229.7,13229.7,13229.7,651964154
20171122,090000,13229.7,13262.3,13229.7,13250.8,17293698493
20171125,090000,13250.8,13328.9,13250.8,13320.9,22008871611
20171125,130000,13318.7,13318.7,13318.7,13318.7,816296353
20171126,090000,13318.7,13332,13301.2,13301.2,21366351774
20171128,090000,13301.2,13318.9,13297.7,13298.2,21907852407
20171128,130000,13294.2,13294.2,13294.2,13294.2,1059092751
20171129,090000,13294.2,13308.6,13289.3,13289.9,11648825843
20171202,090000,13289.9,13322.5,13289.9,13313.9,7355366495
20171203,090000,13313.9,13331,13307.7,13307.7,11261446693
20171204,090000,13307.7,13321.5,13291.6,13291.7,13567383208
20171205,090000,13291.7,13312.5,13291.3,13291.3,17135076269
20171205,130000,13291.2,13291.2,13291.2,13291.2,699243088
20171209,090000,13291.2,13310.9,13291.2,13310.9,11549413639
20171210,090000,13310.9,13339.1,13310.9,13328.7,13307816552
20171210,130000,13328.1,13328.1,13328.1,13328.1,579629801
20171211,090000,13328.1,13365,13328.1,13337.3,26039548880
20171212,090000,13337.3,13384.8,13337.3,13375,26828722828
20171212,130000,13374.2,13374.2,13374.2,13374.2,1097399205
20171213,090000,13374.2,13399.5,13374.2,13382.9,23563526056
20171216,090000,13382.91,13453.95,13382.91,13439.95,17517406876
20171217,090000,13443.46,13474.34,13443.46,13448.74,22535479634
20171218,090000,13449.18,13451.04,13431.48,13431.48,18631974751
20171219,090000,13436.13,13489.52,13436.13,13485.62,15341676004
20171219,130000,13485.55,13485.59,13485.55,13485.59,1512780890
20171220,090000,13493.13,13505.68,13485.7,13488.66,12668333093
20171220,130000,13488.64,13488.64,13488.64,13488.64,632015039
20171223,090000,13491.18,13552.3,13491.18,13551.75,18120743372
20171224,090000,13554.04,13583.26,13554.04,13579.63,13830865452
20171225,090000,13584.1,13598.47,13567.26,13567.31,18939831835
20171226,090000,13567.33,13581.96,13523.2,13523.2,21821674072
20171226,130000,13523.21,13523.71,13523.21,13523.71,26299584786
20171227,090000,13523.54,13531.2,13482.61,13482.62,15822020474
20171230,090000,13484.13,13484.13,13318.01,13318.01,23237359666
20171231,090000,13313.74,13313.74,12984.82,12984.82,39259874485
20180101,090000,12973.89,13048.91,12959.63,13022.96,13303826330
20180101,130000,13022.95,13022.96,13022.95,13022.96,1191735704
20180102,090000,13023.12,13027.34,12943.45,12943.45,11826913738
20180103,090000,12943.02,12943.02,12851.57,12851.58,11589207045
20180103,130000,12851.59,12851.59,12851.59,12851.59,565339549
20180106,090000,12851.76,12943.23,12851.76,12943.23,10172416950
20180107,090000,12948.99,13049.9,12948.99,13049.9,11439885959
20180108,090000,13052.5,13103.25,13052.5,13103.25,9490203073
20180109,090000,13105.38,13119.78,13051.62,13051.63,7892186437
20180110,090000,13052.21,13083.32,13036.76,13048.04,9612872863
20180110,130000,13041.14,13041.14,13041.14,13041.14,493440801
20180113,090000,13049.02,13120.88,13049.02,13112.83,10963816481
20180114,090000,13119.82,13130.78,13119.82,13121.37,11844163997
20180114,170000,13120.47,13120.47,13120.47,13120.47,603722263
20180115,090000,13124.89,13146.48,13120.84,13120.84,17337628333
20180115,130000,13120.83,13120.83,13120.53,13120.53,1541098248
20180116,090000,13122.97,13142.33,13118.41,13118.41,14329532218
20180117,090000,13122.99,13147.4,13122.99,13142.21,13382812923
20180117,130000,13142.22,13142.22,13142.22,13142.22,673012692
20180117,170000,13138.99,13138.99,13138.99,13138.99,673012692
20180120,090000,13144.87,13169.96,13144.85,13144.85,11915527448
20180120,130000,13137.57,13137.57,13137.57,13137.57,578080963
20180121,090000,13136.5,13142.23,13058.48,13058.48,14301285611
20180121,170000,13044.21,13044.21,13044.21,13044.21,641420856
20180122,090000,13043.45,13069.39,13043.45,13061.41,12925051830
20180122,130000,13061.4,13061.4,13061.24,13061.24,1807301501
20180123,090000,13063.81,13117.16,13063.81,13117.16,12382241587
20180123,130000,13106.94,13106.94,13106.94,13106.94,557183343
20180124,090000,13117.15,13165.2,13117.15,13162.9,15703009367
20180127,090000,13163.4,13193.64,13163.4,13181.13,12719505122
20180128,090000,13186.97,13195.79,13160.86,13160.86,9290390138
20180128,130000,13160.85,13160.86,13160.85,13160.86,945720244
20180129,090000,13165.85,13190.08,13150.24,13150.24,10940168390
20180130,090000,13158.72,13186.99,13158.72,13166.13,9397170691
20180131,090000,13170.22,13173.28,13131.59,13131.61,10620552070
20180203,090000,13130.1,13142.75,13113.9,13113.91,10959694898
20180203,170000,13111.58,13111.58,13111.58,13111.58,485608206
20180204,090000,13114.17,13165.95,13114.17,13157.21,10809748971
20180205,090000,13157.99,13265.88,13157.99,13234.44,14685719098
20180206,090000,13241.26,13246.83,13209.32,13209.36,13000786026
20180207,090000,13209.69,13237.99,13209.69,13232.12,11535822514
20180207,170000,13232.13,13232.56,13231.68,13231.68,12286232318
20180210,090000,13228.3,13228.3,13185.98,13188.23,13717370768
20180212,090000,13192.79,13255.03,13192.79,13248,14004441534
20180213,090000,13250.42,13266.47,13229.12,13229.13,21127351302
20180213,130000,13223.23,13223.23,13223.23,13223.23,868485770
20180214,090000,13230.94,13272.85,13230.94,13252.39,13428328927
20180214,130000,13229.18,13229.18,13229.18,13229.18,560848565
20180217,090000,13239.92,13262.2,13232.91,13232.92,13533582318
20180218,090000,13233.5,13247.33,13197.67,13197.67,12364354617
20180219,090000,13195.13,13211.47,13177.99,13178.01,10758324908
20180221,090000,13185.61,13211.19,13185.61,13201.31,13594908213
20180224,090000,13215.77,13250.51,13199.48,13199.49,22172775030
20180225,090000,13205.33,13205.33,13151.64,13151.64,13788537680
20180225,130000,13145.47,13145.47,13145.47,13145.47,585444695
20180226,090000,13154.68,13184.04,13149.35,13149.35,11745730210
20180227,090000,13158.33,13162.05,13150.04,13159.87,11741926998
20180227,130000,13155.66,13155.66,13155.66,13155.66,606924486
20180228,090000,13178.52,13211.15,13178.52,13194.96,18458264172
20180303,090000,13219.87,13242.61,13219.87,13227.52,16718386190
20180303,130000,13224.31,13224.31,13224.31,13224.31,713100298
20180304,090000,13244.17,13248.32,13182.68,13182.68,25588566642
20180304,130000,13182.69,13182.69,13182.69,13182.69,982712671
20180304,170000,13175.67,13175.67,13175.67,13175.67,982783771
20180305,090000,13182.04,13188.7,13126.4,13126.4,16269403541
20180305,130000,13126.39,13126.39,13125.12,13125.12,15935379904
20180306,090000,13125.87,13125.87,13041.45,13041.45,12005484760
20180306,130000,13031.51,13031.51,13031.51,13031.51,567634678
20180307,090000,13026.22,13026.22,12944.08,12944.08,9174602608
20180307,130000,12944.11,12944.12,12944.11,12944.12,878641456
20180307,170000,12937.68,12937.68,12937.68,12937.68,439280043
20180310,090000,12939.6,12944,12886.1,12886.1,13658937362
20180310,130000,12882.46,12882.46,12882.46,12882.46,564978160
20180311,090000,12886.24,12887.66,12810.3,12810.3,15022253262
20180312,090000,12816.09,12827.08,12816.09,12816.26,13819307678
20180312,130000,12816.27,12816.67,12816.27,12816.67,9250795279
20180312,170000,12809.66,12809.66,12809.66,12809.66,615210052
20180313,090000,12814.17,12826,12814.17,12817.61,10179148664
20180313,130000,12812.12,12812.12,12812.12,12812.12,514444919
20180314,090000,12815.21,12826.15,12773.47,12773.47,13052895000
20180314,170000,12754.96,12754.96,12754.96,12754.96,996557547
20180317,090000,12753.2,12754.34,12720.62,12720.62,19773725335
20180317,170000,12716.48,12716.48,12716.48,12716.48,828082262
20180318,090000,12719.67,12777.3,12719.67,12777.3,14078761804
20180318,170000,12764.18,12764.18,12764.18,12764.18,593073857
20180319,090000,12769.25,12857.25,12769.25,12854.7,13317775272
20180325,090000,12859.45,12881.25,12859.45,12872.57,5889180825
20180326,090000,12879.3,12888.28,12871.64,12871.65,12138131194
20180327,090000,12875.78,12882.2,12866.76,12866.78,14783558207
20180328,090000,12872.01,12893.97,12872.01,12893.63,9766018138
20180403,090000,12900.84,12921.79,12900.84,12909.06,6649823190
20180404,090000,12911.59,12921.1,12901.64,12901.64,10177245794
20180407,090000,12910.23,12915.73,12855.81,12855.82,10395074416
20180408,090000,12854.03,12854.03,12709.1,12709.14,15687846488
20180409,090000,12708.72,12710.35,12593.34,12593.36,18943547088
20180410,090000,12599.41,12619.93,12599.41,12615.38,15401227209
20180411,090000,12620.69,12624.98,12476.58,12476.59,13379861529
20180415,090000,12476.33,12479.45,12413.01,12413.01,8393979566
20180416,090000,12414.65,12425.28,12403.47,12403.47,7921970595
20180416,130000,12403.39,12403.39,12398.73,12398.73,803342884
20180417,090000,12414.65,12419.05,12414.16,12418.29,6947635580
20180417,130000,12413.61,12413.61,12413.61,12413.61,344368223
20180418,090000,12421.58,12446.51,12421.58,12446.03,6845396634
20180418,170000,12443.64,12443.64,12443.64,12443.64,307682180
20180421,090000,12453.9,12492.92,12453.9,12487.73,6616382993
20180421,130000,12477.18,12477.18,12477.18,12477.18,315481776
20180422,090000,12483.78,12493.74,12449.8,12449.8,7120391686
20180423,090000,12455.8,12463.12,12429.99,12430.01,6561869511
20180424,090000,12436.02,12485.26,12436.02,12485.24,9516346604
20180424,170000,12485.29,12485.29,12485.29,12485.29,440044526
20180425,090000,12491.88,12518.31,12491.88,12508.3,7854406903
20180428,090000,12510.06,12512.63,12415.67,12415.67,9771731369
20180429,090000,12420.51,12422.17,12346.53,12346.53,8010734360
20180429,130000,12346.57,12346.64,12339.02,12339.02,2459366115
20180430,090000,12342.2,12361.47,12335.93,12335.93,8755692551
20180430,130000,12335.96,12336.04,12335.96,12336.04,1235577258
20180501,090000,12337.01,12343.06,12333.69,12333.73,9289180097
20180501,130000,12330.06,12330.06,12330.06,12330.06,463259578
20180505,090000,12338.72,12340.68,12268.05,12268.06,8278210213
20180505,130000,12262.7,12262.7,12262.7,12262.7,426059549
20180506,090000,12264.75,12264.75,12179.98,12179.98,11225969298
20180506,130000,12176.3,12176.3,12176.3,12176.3,493919048
20180507,090000,12180.92,12240.41,12180.92,12240.41,6657875170
20180508,090000,12252.28,12341.63,12252.28,12341.63,12957594915
20180508,130000,12335.35,12335.35,12335.35,12335.35,582180046
20180509,090000,12318.01,12318.01,12230.6,12230.6,35457214340
20180509,130000,12223.79,12223.79,12223.79,12223.79,1146491571
20180512,090000,12225.85,12283.9,12225.85,12283.87,13367434427
20180512,170000,12266.42,12266.42,12266.42,12266.42,499933412
20180513,090000,12277.46,12411.51,12277.46,12411.51,14805048726
20180513,170000,12406.81,12406.81,12406.81,12406.81,633613735
20180514,090000,12425.45,12595.74,12425.45,12590.26,16723580517
20180514,170000,12583.97,12583.97,12583.97,12583.97,672194377
20180515,090000,12609.41,12672.08,12609.41,12653.35,22552742660
20180515,130000,12636.76,12636.76,12636.76,12636.76,845227755
20180516,090000,12653.1,12658.3,12639.97,12644.43,21444326183
20180516,170000,12634.58,12634.58,12634.58,12634.58,789244307
20180519,090000,12648.75,12730.63,12648.75,12716.25,15290516988
20180519,170000,12702.18,12702.18,12702.18,12702.18,745670716
20180520,090000,12710.28,12764.05,12710.28,12747.62,14374745073
20180520,130000,12726.14,12726.14,12726.14,12726.14,718852205
20180521,090000,12729.01,12744.92,12720.99,12724.19,15556254764
20180521,130000,12713.92,12713.92,12713.92,12713.92,746724467
20180522,090000,12728.07,12738.05,12698.21,12698.25,13723298959
20180522,170000,12686.53,12686.53,12686.53,12686.53,560598571
20180523,090000,12696.41,12738.9,12696.41,12731.58,11196032010
20180523,130000,12719.95,12719.95,12719.95,12719.95,552911458
20180526,090000,12733.64,12775.08,12733.64,12746.25,16301175031
20180527,090000,12748.7,12755.5,12738.12,12738.24,12511088831
20180527,170000,12734.46,12734.46,12734.46,12734.46,581640913
20180528,090000,12732.67,12746.91,12689.11,12689.12,12517517782
20180528,130000,12660.48,12660.48,12660.48,12660.48,554600964
20180529,090000,12660.68,12667.78,12622.49,12622.5,12448511703
20180529,170000,12620.65,12620.65,12620.65,12620.65,605058731
20180530,090000,12627.06,12650.61,12618.75,12618.91,13411584627
20180530,130000,12608.11,12608.11,12608.11,12608.11,658934481
20180602,090000,12612.6,12645.31,12612.6,12633.58,14961106972
20180602,170000,12622.33,12622.33,12622.33,12622.33,635002100
20180603,090000,12634.44,12663.49,12634.44,12653.32,9829280684
20180603,170000,12648.96,12648.96,12648.96,12648.96,501256220
20180609,090000,12660.39,12703.37,12660.39,12698.42,18388617463
20180610,090000,12704.9,12749.84,12704.9,12731.85,17144976549
20180610,130000,12716.94,12716.94,12716.94,12716.94,744551980
20180611,090000,12718.18,12740.98,12718.18,12725.15,17803147512
20180611,130000,12725.14,12725.14,12725.13,12725.13,1772133234
20180611,170000,12715.67,12715.67,12715.67,12715.67,886406573
20180612,090000,12723.86,12792.19,12723.86,12791.29,21367677119
20180612,170000,12779.63,12779.63,12779.63,12779.63,994682304
20180613,090000,12797.44,13026.41,12797.44,13026.41,39716682665
20180613,170000,13019.29,13019.29,13019.29,13019.29,1561752572
20180617,090000,13081.93,13308.58,13081.93,13308.57,45958158661
20180617,130000,13302.17,13302.17,13302.17,13302.17,1713304776
20180618,090000,13380.09,13446.36,13348.55,13348.57,73303066668
20180618,130000,13348.56,13348.56,13348.56,13348.56,2493118440
20180618,170000,13340.05,13340.05,13340.05,13340.05,2493118440
20180619,090000,13347.28,13350.15,13314.07,13336.08,42766695985
20180619,170000,13308.21,13308.21,13308.21,13308.21,1766062525
20180620,090000,13332.89,13452.39,13332.89,13434.68,52129747188
20180620,130000,13434.66,13434.67,13413.72,13413.72,7257835165
20180623,090000,13420.23,13546.36,13420.23,13546.36,34699332401
20180623,130000,13537.62,13537.62,13537.62,13537.62,1414780326
20180624,090000,13560.85,13720.6,13560.85,13710.67,60550095819
20180624,130000,13710.7,13710.73,13710.7,13710.73,4663850240
20180624,170000,13710.2,13710.2,13710.2,13710.2,2331925120
20180625,090000,13729.62,13865.32,13729.62,13851.43,72956096214
20180625,170000,13837.57,13837.57,13837.57,13837.57,2898371651
20180626,090000,13856.12,13856.12,13682.45,13682.45,57289258981
20180626,170000,13675.54,13675.54,13675.54,13675.54,2077155117
20180627,090000,13678.33,13689.29,13517.3,13517.3,38315697534
20180630,090000,13525.34,13570.04,13525.34,13548.6,26544673660
20180701,090000,13552.59,13557.98,13404.55,13404.55,28975705308
20180701,170000,13386.99,13386.99,13386.99,13386.99,1201195230
20180702,090000,13389.84,13434.23,13389.84,13433.39,17031609875
20180702,170000,13417.93,13417.93,13417.93,13417.93,827791607
20180703,090000,13430.13,13506.59,13430.13,13493.77,30198866956
20180704,090000,13509.88,13521.42,13475.38,13475.39,33115704436
20180704,170000,13467.45,13467.45,13467.45,13467.45,1452920200
20180707,090000,13469.51,13470.74,13437.18,13439.1,22004219885
20180707,170000,13434.16,13434.16,13434.16,13434.16,895787967
20180708,090000,13443,13443,13381.13,13381.14,13804146905
20180708,130000,13365.21,13365.21,13365.21,13365.21,682846808
20180710,090000,13372.25,13379.93,13319.03,13319.1,11636381377
20180710,170000,13316.6,13316.6,13316.6,13316.6,557166400
20180711,090000,13311.72,13311.72,13175.96,13175.96,16937726136
20180711,170000,13171.11,13171.11,13171.11,13171.11,762038292
20180714,090000,13170.8,13245.37,13170.8,13207.83,16376586595
20180714,170000,13170.44,13170.44,13170.44,13170.44,721915319
20180715,090000,13171.69,13186.77,13145.08,13145.14,18664094234
20180715,130000,13132.53,13132.53,13132.53,13132.53,787747400
20180716,090000,13132.9,13158.8,13114.28,13114.29,14637127524
20180716,170000,13094.31,13094.31,13094.31,13094.31,759087675
20180717,090000,13104.65,13127.56,13096.84,13096.84,18400389992
20180717,170000,13084.97,13084.97,13084.97,13084.97,867533528
20180718,090000,13096.27,13121.26,13059.02,13059.02,23888254309
20180718,130000,13059.07,13059.07,13059.07,13059.07,1476160003
20180718,170000,13047.37,13047.37,13047.37,13047.37,1476160003
20180721,090000,13060.12,13146.18,13060.12,13129.01,11859491871
20180721,170000,13087.55,13087.55,13087.55,13087.55,578246120
20180722,090000,13104.94,13152.55,13104.94,13111.89,23908717123
20180722,170000,13066.59,13066.59,13066.59,13066.59,892650161
20180723,090000,13067.15,13067.15,12956.31,12956.33,10823131103
20180723,130000,12946.11,12946.11,12946.11,12946.11,560449173
20180724,090000,12947.34,12983.97,12936.69,12937.46,15711188936
20180724,130000,12937.47,12937.47,12937.47,12937.47,797959318
20180724,170000,12936.12,12936.12,12936.12,12936.12,797959318
20180725,090000,12950.36,12977.01,12941.59,12944.27,20199801393
20180725,130000,12944.28,12944.28,12944.28,12944.28,884566044
20180728,090000,12963.04,13026.67,12963.04,12991.61,35737296691
20180729,090000,13005.24,13053.35,12988.53,12988.71,42310885334
20180729,130000,12988.66,12988.66,12988.66,12988.66,1586789908
20180730,090000,12997.69,13029.46,12997.69,13004.24,55442848505
20180730,130000,13004.25,13004.29,13004.25,13004.29,3923801894
20180730,170000,13004.28,13004.28,13002.27,13002.27,19589150021
20180731,090000,13016.38,13332.18,13016.38,13332.15,33363353914
20180801,090000,13346.88,13506.64,13346.88,13406.99,53124231387
20180804,090000,13410.01,13410.01,13298.37,13298.37,35367279936
20180804,130000,13299.24,13299.47,13299.24,13299.47,3175883684
20180804,170000,13295.6,13295.6,13295.6,13295.6,1587941842
20180805,090000,13303.87,13428.42,13303.87,13366.68,63476761632
20180806,090000,13371.23,13497.41,13371.23,13418.91,84449509057
20180806,170000,13407.36,13407.36,13407.36,13407.36,3616600695
20180807,090000,13414.52,13414.52,13393.1,13412.61,63775061132
20180808,090000,13431.21,13457.47,13386.7,13386.7,46659414220
20180811,090000,13400.91,13419.17,13377.63,13377.64,37535971035
20180812,090000,13395.9,13439.44,13395.9,13432.51,33870584314
20180812,130000,13432.5,13432.5,13432.5,13432.5,1565164362
20180813,090000,13437.3,13477.01,13437.3,13458.38,37011046691
20180813,130000,13458.35,13458.35,13458.35,13458.35,1556582680
20180814,090000,13475.88,13536.09,13475.88,13513.09,35420675922
20180815,090000,13518.35,13553.08,13518.35,13543.94,23578406913
20180815,170000,13542.72,13542.72,13542.72,13542.72,1069357429
20180818,090000,13573.63,13744.84,13573.63,13744.81,24820975445
20180818,130000,13744.8,13744.8,13744.8,13744.8,1182651026
20180819,090000,13790.51,13935.09,13790.51,13934.49,31473408386
20180819,170000,13934.03,13934.03,13934.03,13934.03,1523470545
20180820,090000,13961.51,14087.54,13961.51,14087.52,44406244489
20180820,130000,14087.51,14087.51,14087.49,14087.49,3736794832
20180821,090000,14116.48,14191.14,14116.48,14190.08,35173122756
20180825,090000,14219.93,14463.09,14219.93,14463.06,34130794315
20180825,170000,14459.4,14459.4,14459.4,14459.4,1386279049
20180826,090000,14522.9,14761.75,14522.9,14761.75,40422925634
20180827,090000,14793.81,14922.4,14793.81,14922.16,55483410902
20180828,090000,14944.81,14995.73,14934.72,14947.93,53255642986
20180829,090000,14955.04,15109.24,14955.04,15109.24,45055695016
20180901,090000,15146.49,15325.14,15146.49,15325.14,80083287531
20180902,090000,15359.75,15393.28,15302.32,15302.69,58759434542
20180903,090000,15317.18,15371.05,15317.18,15370.93,42816741750
20180903,130000,15365.09,15365.09,15365.09,15365.09,1739402491
20180904,090000,15424.8,15553.14,15424.8,15543.17,37006920922
20180904,130000,15543.18,15543.18,15543.18,15543.18,1712640614
20180905,090000,15593.74,15693.33,15593.74,15693.33,28871333256
20180905,170000,15692.98,15692.98,15692.98,15692.98,1388955212
20180908,090000,15754.4,16123.89,15754.4,16123.89,48495274443
20180909,090000,16183.98,16575.51,16183.98,16575.36,77953864073
20180910,090000,16606.63,17069.7,16606.63,17068.51,79945834141
20180910,130000,17068.5,17068.5,17068.5,17068.5,3319007282
20180910,170000,17068.51,17068.51,17068.51,17068.51,3319002645
20180911,090000,17115.15,17396.69,17115.15,17396.69,86919117740
20180912,090000,17426.25,17922.73,17426.25,17922.73,79918506360
20180912,130000,17914.31,17914.31,17914.31,17914.31,3062279443
20180915,090000,17951.22,18408.7,17951.22,18362.97,105771255153
20180915,170000,18359.08,18359.08,18359.08,18359.08,4213100037
20180916,090000,18388.96,18393.53,18156.65,18273.18,113780034252
20180917,090000,18318.41,18770.13,18318.41,18770.08,94406999988
20180917,130000,18769.92,18769.92,18769.33,18769.33,28790601227
20180918,090000,18802.04,19166.43,18802.04,19166.43,84509504519
20180918,130000,19156.05,19156.05,19156.05,19156.05,3140577228
20180922,090000,19235.96,19740.05,19235.96,19740.05,73088235465
20180923,090000,19780.61,20301.21,19780.61,20301.17,104871268587
20180924,090000,20315.21,20741.52,20315.21,20741.52,84983913734
20180924,130000,20741.49,20741.49,20741.35,20741.37,18561394603
20180925,090000,20782,21498.02,20782,21497.9,112667712389
20180925,130000,21497.89,21497.89,21497.87,21497.87,13453864780
20180926,090000,21518.68,22231.01,21518.68,22230.99,112774245427
20180926,130000,22230.98,22230.99,22230.98,22230.99,8458907634
20180929,090000,22261.09,23053.39,22261.09,23053.05,83871896218
20180930,090000,23068.98,23935.19,23068.98,23935.15,109874737401
20181001,090000,23982.58,24272.12,23903.66,24034.86,151832922812
20181002,090000,24029.51,24029.51,23358.16,23358.18,159760712393
20181003,090000,23358.18,23358.18,22776.15,22776.15,134746442523
20181003,130000,22776.18,22776.22,22776.18,22776.22,10525317235
20181006,090000,22769.33,22829.32,22409.9,22410.38,156453916354
20181007,090000,22375.25,22375.25,21771.99,21772,101541827540
20181008,090000,21725.61,21725.61,21336.83,21336.83,66479674098
20181009,090000,21337.37,21337.37,21194.82,21194.82,99377064563
20181009,130000,21194.83,21194.83,21194.83,21194.83,4246349996
20181010,090000,21194.83,21194.83,20806.32,20806.43,66130064913
20181010,170000,20803.35,20803.35,20803.35,20803.35,2525287572
20181013,090000,20797.43,20797.43,20309.27,20309.28,44862778278
20181013,130000,20309.29,20309.29,20309.29,20309.29,1486624258
20181014,090000,20309.29,20309.29,20103.57,20103.6,42795027005
20181014,130000,20103.59,20103.59,20103.57,20103.57,2565050844
20181015,090000,20104.36,20299.37,20073.46,20293.38,67889553578
20181015,130000,20293.35,20293.36,20293.35,20293.36,4945854294
20181016,090000,20293.36,20586.32,20293.36,20497.34,79654928857
20181016,130000,20497.35,20497.35,20491.87,20491.87,10535509866
20181017,090000,20491.87,20491.87,20175.61,20264.4,89431126029
20181020,090000,20264.4,20741.38,20264.4,20741.38,60339114540
20181020,130000,20741.39,20741.39,20737.16,20737.16,4461421674
20181021,090000,20737.16,20876.39,20704.05,20704.06,67772407519
20181021,170000,20700.47,20700.47,20700.47,20700.47,2669108127
20181022,090000,20700.47,20709.4,20436.52,20438.43,70008802604
20181022,170000,20435.25,20435.25,20435.25,20435.25,2730707907
20181023,090000,20435.25,20435.25,20003.13,20003.13,55477931926
20181023,170000,20001.05,20001.05,20001.05,20001.05,2354982220
20181024,090000,20001.05,20001.05,19593.62,19593.62,40734008610
20181027,090000,19593.62,19593.62,19331.63,19331.66,43784712655
20181028,090000,19331.66,19453.9,19331.66,19453.87,41010338944
20181028,130000,19453.89,19453.93,19453.89,19453.93,7142781096
20181028,170000,19449.98,19449.98,19449.98,19449.98,1785605503
20181029,090000,19449.98,19832.75,19449.98,19832.67,43453441366
20181029,130000,19832.68,19832.68,19832.68,19832.68,1764421442
20181031,090000,19832.68,19983.51,19832.68,19980.84,48934444913
20181103,090000,19980.84,20007.59,19853.72,19853.72,46580708068
20181103,130000,19853.73,19853.73,19853.72,19853.72,3506133128
20181104,090000,19853.72,19883.8,19694.39,19694.39,46744788357
20181105,090000,19694.39,19940.85,19694.39,19940.85,43100636158
20181106,090000,19949.12,20102.27,19949.12,20079.3,47143408324
20181110,090000,20071.38,20175.39,20071.38,20106.19,95804100587
20181111,090000,20134.41,20135.29,19883.7,19883.77,47176769684
20181111,130000,19883.76,19883.76,19883.76,19883.76,1974461198
20181111,170000,19876.01,19876.01,19876.01,19876.01,1974461198
20181112,090000,19885.06,20089.01,19885.06,20089.01,45610588839
20181112,130000,20089,20089,20089,20089,2046395130
20181113,090000,20119.08,20275.91,20119.08,20224.67,70960620697
20181114,090000,20235.53,20235.53,20132.66,20132.67,50582768591
20181117,090000,20159.59,20182.17,19964.61,19964.61,42209583550
20181118,090000,19981.18,20012.63,19573.89,19573.89,48982926724
20181118,130000,19566.3,19566.3,19566.3,19566.3,1997949947
20181119,090000,19565.49,19704.53,19565.49,19686.65,42551867028
20181120,090000,19693.35,19731.93,19693.35,19725.24,35582888634
20181121,090000,19725.24,19857.38,19725.24,19857.38,40987155184
20181121,130000,19857.37,19857.37,19857.37,19857.37,1658567089
20181121,170000,19853.05,19853.05,19853.05,19853.05,1658494412
20181124,090000,19870.42,19892.21,19713.99,19713.99,45322201295
20181126,090000,19697.21,19697.21,19355.69,19355.71,32984308964
20181127,090000,19356.23,19424.93,19356.23,19384.17,23991864905
20181128,090000,19410.27,19411.23,19199.3,19199.3,35204553422
20181128,130000,19199.29,19199.29,19199.29,19199.29,1520972801
20181201,090000,19193.28,19193.28,18766.18,18766.18,40288729514
20181202,090000,18773.52,18949.82,18773.52,18949.71,34551007513
20181202,130000,18942.96,18942.96,18942.96,18942.96,1197337088
20181203,090000,18989.58,19150.45,18989.58,19149.67,33726735859
20181203,130000,19149.65,19149.65,19149.65,19149.65,1333955289
20181204,090000,19182.46,19213.7,19104.09,19111.92,31091624715
20181204,170000,19102.2,19102.2,19102.2,19102.2,1199060988
20181205,090000,19132.34,19332.89,19132.34,19326.37,35234035210
20181205,130000,19326.45,19326.45,19326.45,19326.45,1322335715
20181208,090000,19408.02,19537.01,19408.02,19533.97,29764881413
20181209,090000,19616.95,19648.86,19547.27,19547.28,61308591013
20181209,130000,19547.29,19547.29,19547.29,19547.29,2322558212
20181210,090000,19552.38,19565,19518.82,19518.83,38460002966
20181211,090000,19536.08,19550.62,19518.63,19518.63,29604630934
20181212,090000,19540.91,19602.24,19539.08,19539.08,25926355355
20181215,090000,19569.71,19593.02,19474.3,19475.42,25067677687
20181215,130000,19475.37,19475.37,19474.93,19474.93,7778346215
20181216,090000,19482.42,19482.42,19250.7,19250.7,34831298888
20181216,130000,19250.69,19250.69,19250.69,19250.69,1349331741
20181217,090000,19276.55,19316.64,19141.74,19141.75,34952197092
20181218,090000,19145.85,19145.85,18989.31,18989.34,20637033052
20181218,130000,18989.33,18989.34,18989.33,18989.34,1701708700
20181219,090000,18991.31,18993.23,18759.8,18759.8,19521680125
20181222,090000,18766.45,18782.57,18742.93,18742.93,19386145180
20181222,130000,18742.92,18742.93,18742.92,18742.93,1760126440
20181223,090000,18751.11,18952.61,18751.11,18952.24,32607834966
20181223,130000,18952.29,18952.37,18952.29,18952.37,7338460428
20181224,090000,18978.65,19043.62,18978.65,19030.43,39410990777
20181225,090000,19046.23,19050.99,19024.53,19024.57,43983897270
20181226,090000,19048.19,19194.96,19048.19,19194.94,64745326921
20181229,090000,19226.14,19354.8,19226.14,19349.88,33732337932
20181230,090000,19368.66,19437.84,19368.66,19427.43,43271347079
20181231,090000,19449.12,19563.25,19449.12,19556.37,44205489494
20190101,090000,19603.11,19713.66,19603.11,19710.23,54075402660
20190102,090000,19749.69,19778.36,19674.68,19674.68,113108366074
20190105,090000,19693.82,19702.08,19652.19,19652.19,42885849399
20190106,090000,19674.04,19682.21,19664.17,19664.19,55821955135
20190107,090000,19701.08,19796.82,19701.08,19792.34,45442770962
20190108,090000,19830.64,19907.68,19830.64,19897.49,54308215334
20190109,090000,19924.24,20074.43,19924.24,20023.63,36961430733
20190109,170000,20018.04,20018.04,20018.04,20018.04,1490675425
20190112,090000,20081.59,20164.01,20081.59,20153.18,32155148305
20190112,130000,20151.72,20151.72,20151.72,20151.72,1572208079
20190113,090000,20223.02,20276.48,20223.02,20276.47,49535406078
20190114,090000,20314.11,20416.57,20314.11,20403.27,48575862906
20190114,170000,20402.76,20402.76,20402.76,20402.76,1872674401
20190115,090000,20441.17,20567.84,20441.17,20553.23,51511050071
20190115,130000,20553.21,20553.23,20553.2,20553.23,10707839220
20190116,090000,20601.76,20650.87,20601.76,20619.53,50373978991
20190116,130000,20619.54,20619.56,20618.26,20618.26,6465027027
20190119,090000,20656.06,20736.23,20656.06,20730.46,37562425064
20190119,130000,20713.81,20713.81,20713.81,20713.81,1655787052
20190120,090000,20754.12,20775.56,20632.12,20632.13,41312367951
20190121,090000,20619.4,20619.4,20197.21,20197.21,48132974114
20190121,130000,20186.48,20186.48,20186.48,20186.48,1769989234
20190122,090000,20191.86,20375.37,20191.11,20375.37,43262560117
20190123,090000,20419.47,20617.9,20419.47,20604.5,30166170075
20190126,090000,20663.91,20746.55,20663.91,20725.6,34081873903
20190126,130000,20725.49,20725.49,20725.41,20725.41,3100749806
20190126,170000,20725.31,20725.31,20725.28,20725.28,3100701558
20190127,090000,20753.92,20818.52,20746.49,20746.49,83726804260
20190128,090000,20779.01,20779.01,20749.68,20750.45,45286799835
20190128,130000,20750.46,20750.5,20750.42,20750.5,12918109072
20190128,170000,20750.44,20750.44,20747.18,20747.18,25798103718
20190129,090000,20778.61,20827.8,20778.61,20827.79,31018151922
20190130,090000,20870.04,20994.81,20870.04,20973.09,35884406124
20190202,090000,20973.09,21081.68,20941.52,20941.56,44281933400
20190202,170000,20941.58,20941.58,20941.58,20941.58,1563969651
20190203,090000,20941.58,20941.58,20600.02,20600.09,0
20190203,170000,20597.94,20597.94,20597.94,20597.94,0
20190204,090000,20597.94,20728.24,20597.94,20690.83,37146463957
20190204,130000,20690.82,20690.82,20690.8,20690.8,4594902657
20190204,170000,20690.83,20690.83,20690.83,20690.83,1531243575
20190205,090000,20690.83,20730.66,20682.8,20684.69,36944345767
20190205,130000,20684.61,20684.61,20684.61,20684.61,1499897438
20190206,090000,20684.61,20808.02,20684.61,20803.43,35806673364
20190206,170000,20803.49,20803.49,20803.49,20803.49,1452427231
20190210,090000,20803.49,20891.73,20803.49,20870.33,20072740294
20190210,130000,20862.44,20862.44,20862.44,20862.44,834192391
20190212,090000,20862.44,20931.96,20862.44,20907.6,25211366072
20190212,170000,20907.58,20907.58,20907.58,20907.58,1142647137
20190213,090000,20907.58,20971.86,20879.23,20879.62,32726889871
20190213,130000,20879.61,20879.61,20879.61,20879.61,1357532400
20190213,170000,20879.59,20879.59,20879.59,20879.59,1357532400
20190216,090000,20879.59,20951.65,20862.73,20862.74,24218168263
20190217,090000,20840.29,20855.6,20677.4,20677.41,23263103708
20190217,130000,20659.98,20659.98,20659.98,20659.98,954711330
20190218,090000,20659.98,20791.26,20659.98,20784.63,24517254283
20190218,170000,20780.7,20780.7,20780.7,20780.7,1013755024
20190219,090000,20780.7,20892.51,20780.7,20863.27,25887205390
20190219,170000,20863.25,20863.25,20863.25,20863.25,1077789813
20190220,090000,20863.25,20952.43,20863.25,20948.59,24816491590
20190220,170000,20941.6,20941.6,20941.6,20941.6,1336218522
20190223,090000,20941.6,21159.72,20941.6,21134.89,44753500446
20190223,130000,21134.94,21134.96,21134.34,21134.34,22380707011
20190223,170000,21134.35,21134.35,21134.35,21134.35,2034262271
20190224,090000,21134.35,21217.42,21134.35,21217.41,35855574325
20190224,170000,21217.42,21217.42,21217.42,21217.42,1571595159
20190225,090000,21269.81,21316.31,21269.81,21309.19,36026368938
20190225,170000,21309.2,21309.2,21309.2,21309.2,1613669242
20190226,090000,21309.2,21309.2,21237.46,21250.07,29811087172
20190226,170000,21249.96,21249.96,21249.96,21249.96,1362003278
20190227,090000,21249.96,21458.21,21249.96,21458.17,25975613115
20190227,130000,21458.16,21458.16,21458.16,21458.16,1151271175
20190227,170000,21458.14,21458.14,21458.14,21458.14,1151271175
20190302,090000,21458.14,21544.06,21458.14,21534.05,29144449541
20190302,130000,21534.04,21534.04,21534.04,21534.04,1213975483
20190303,090000,21534.04,21643.72,21534.04,21642.1,30422650736
20190303,170000,21631.27,21631.27,21631.27,21631.27,1381857244
20190304,090000,21631.27,21703.27,21631.27,21651.51,31554629758
20190305,090000,21651.51,21694.98,21593.77,21593.81,29153470363
20190305,130000,21593.88,21593.88,21593.88,21593.88,1246768778
20190306,090000,21593.88,21647.92,21593.88,21619.74,27175327427
20190309,090000,21618.44,21630.62,21606.3,21606.31,27554283922
20190309,130000,21593.67,21593.67,21593.67,21593.67,1355148813
20190310,090000,21593.67,21782.28,21593.67,21777,32577651225
20190310,170000,21767.24,21767.24,21767.24,21767.24,1562530698
20190311,090000,21767.24,21919.44,21767.24,21919.21,50239436380
20190311,170000,21919.23,21919.23,21919.23,21919.23,1943251063
20190312,090000,21919.23,21983.81,21919.23,21978.3,35394041828
20190312,170000,21953.72,21953.72,21953.72,21953.72,1531184241
20190313,090000,21953.72,22169.81,21953.72,22081.03,38452594740
20190316,090000,22081.01,22318.63,22081.01,22288.62,29135573049
20190316,130000,22288.61,22288.61,22288.54,22288.54,2705989272
20190316,170000,22273.54,22273.54,22273.54,22273.54,1352995731
20190317,090000,22273.54,22470.28,22273.54,22463.77,35061551025
20190317,170000,22446.45,22446.45,22446.45,22446.45,1573150455
20190318,090000,22477.52,22727.11,22477.52,22727.11,40326204649
20190318,130000,22727.06,22727.07,22727.06,22727.06,5501846655
20190318,170000,22727.03,22727.03,22727.03,22727.03,1833549132
20190319,090000,22727.03,23021.9,22727.03,23012.66,33485164716
20190319,130000,23012.35,23012.35,23012.06,23012.07,4596918751
20190325,090000,23012.07,23306.91,23012.07,23306.83,22147635747
20190325,130000,23306.8,23306.8,23306.72,23306.72,2060121810
20190325,170000,23306.71,23306.71,23306.71,23306.71,1030038293
20190326,090000,23306.71,23761.66,23306.71,23761.66,41826444823
20190326,130000,23761.71,23761.79,23755.68,23755.71,9071850384
20190327,090000,23755.71,24015.44,23755.71,24015.42,47598945128
20190327,130000,24015.37,24015.37,24015.36,24015.36,3614872219
20190327,170000,24015.35,24015.35,24015.35,24015.35,1807050103
20190330,090000,24015.35,24488.65,24015.35,24488.64,42672631517
20190330,170000,24488.61,24488.61,24488.61,24488.61,1856911671
20190331,090000,24488.61,24822.36,24488.61,24686.71,48613082527
20190331,170000,24686.64,24686.64,24686.64,24686.64,1926218389
20190406,090000,24686.64,25148.44,24686.64,25148.44,48983204999
20190406,130000,25148.43,25148.77,25147.35,25147.35,45081458019
20190406,170000,25147.39,25147.39,25147.39,25147.39,2046494375
20190407,090000,25147.39,25625.22,25147.39,25559.56,71857186136
20190407,130000,25559.5,25559.5,25559.48,25559.48,10696125154
20190407,170000,25559.47,25559.47,25559.42,25559.42,21098530285
20190408,090000,25559.35,25646.84,25430.43,25646.84,65162848594
20190408,170000,25646.87,25646.87,25646.87,25646.87,3051221670
20190409,090000,25646.87,25954,25646.87,25952.38,76022586561
20190409,170000,25952.4,25952.4,25952.4,25952.4,2921483833
20190410,090000,25952.4,26647.76,25952.4,26647.76,78958491779
20190410,170000,26643.17,26643.17,26643.17,26643.17,3441303765
20190413,090000,26643.17,27161.57,26643.17,27119.83,79960513916
20190414,090000,27119.83,27295.96,27105.66,27295.83,68143527899
20190414,130000,27295.82,27295.82,27295.75,27295.75,10819207510
20190414,170000,27295.71,27295.71,27295.71,27295.71,2704467845
20190415,090000,27295.71,27959.81,27295.71,27900.64,78653415778
20190416,090000,27900.61,27958.11,27726.79,27729.91,150166262847
20190416,170000,27729,27729,27729,27729,8424332652
20190417,090000,27729,27729,27314.13,27544.46,57301630289
20190417,130000,27544.45,27545.05,27544.45,27544.97,34532568746
20190417,170000,27544.98,27545,27516.86,27516.86,49278009727
20190420,090000,27516.86,28346.58,27516.86,28346.58,93338816091
20190420,170000,28325.49,28325.49,28325.49,28325.49,3797719149
20190422,090000,28325.49,28747.09,28325.49,28391.43,186802674527
20190422,130000,28391.42,28391.42,28391.42,28391.42,6428462448
20190422,170000,28391.45,28391.45,28391.45,28391.45,6428462448
20190423,090000,28391.45,28391.45,28249.83,28282.15,55993734478
20190423,130000,28282.25,28282.25,28282.25,28282.25,3580751950
20190424,090000,28282.25,28642.89,28282.25,28642.42,110684680647
20190424,170000,28642.36,28642.36,28642.36,28642.36,5018152839
20190427,090000,28642.36,29172.44,28642.36,29165.99,109473937176
20190427,170000,29165.93,29165.93,29165.93,29165.93,4338695100
20190428,090000,29165.93,29666.36,29165.93,29666.36,98532952453
20190428,170000,29666.33,29666.33,29666.33,29666.33,4252405668
20190429,090000,29666.33,30293.3,29666.33,30293.25,117730398904
20190429,130000,30293.27,30293.27,30293.2,30293.2,26393560744
20190430,090000,30293.23,30867.87,30293.23,30573.15,138170803339
20190501,090000,30573.15,31111.96,30573.15,31111.65,105202174886
20190501,130000,31111.68,31111.68,31111.68,31111.68,4662577787
20190501,170000,31111.69,31111.69,31111.69,31111.69,4662577787
20190504,090000,31111.69,31973.12,31111.69,31973.12,144649224729
20190504,130000,31973.13,31973.13,31973.12,31973.12,12459531228
20190505,090000,31973.12,32495.63,31973.12,32121.74,206706544201
20190505,170000,32091.07,32091.07,32091.07,32091.07,7688014493
20190506,090000,32091.07,32091.07,31196.96,31196.98,90617804050
20190506,130000,31196.99,31196.99,31196.97,31196.97,10711930614
20190507,090000,31196.97,31196.97,30116.14,30116.21,129725816122
20190507,130000,30116.24,30116.82,30116.24,30116.79,17320418222
20190508,090000,30116.79,30166.97,29778.93,30166.96,127198030684
20190508,170000,30151.83,30151.83,30151.83,30151.83,4778480220
20190511,090000,30151.83,30849.22,30151.83,30562.35,90915391556
20190511,170000,30551.61,30551.61,30551.61,30551.61,4103542786
20190512,090000,30551.61,30584.68,29862.2,29932.97,87599368308
20190512,130000,29932.98,29932.99,29932.98,29932.99,6512752719
20190512,170000,29932.02,29932.02,29932.02,29932.02,3256324198
20190513,090000,29932.02,30520.32,29932.02,30519.9,82808363196
20190513,130000,30519.63,30519.63,30519.63,30519.63,3387541573
20190513,170000,30500.21,30500.21,30500.21,30500.21,3387540371
20190514,090000,30500.21,31437.65,30500.21,31437.65,94384353393
20190514,130000,31437.76,31437.76,31437.76,31437.76,4358239982
20190514,170000,31427.83,31427.83,31427.83,31427.83,4358239982
20190515,090000,31427.83,31842.89,31427.83,31779.78,82308455913
20190515,130000,31779.8,31779.8,31779.8,31779.8,3466518349
20190515,170000,31748.95,31748.95,31748.95,31748.95,3466518349
20190518,090000,31748.95,32465.26,31748.95,32451.26,79729317402
20190518,130000,32450.27,32450.27,32439.2,32439.2,7230378928
20190519,090000,32439.2,32733.49,32439.2,32716.94,80345340308
20190519,130000,32716.92,32716.92,32713.91,32713.91,6453339168
20190520,090000,32713.91,32840.29,32425.55,32436.51,87324231093
20190520,130000,32436.52,32436.52,32436.52,32436.52,3507448717
20190520,170000,32410.05,32410.05,32410.05,32410.05,3507448717
20190521,090000,32410.05,32970.8,32410.05,32955.2,76715460491
20190521,130000,32955.21,32955.21,32920.7,32920.7,5691737514
20190522,090000,32920.7,33350.76,32920.7,33333.72,70754129252
20190522,130000,33333.68,33333.68,33333.68,33333.68,2793031655
20190522,170000,33307.4,33307.4,33307.4,33307.4,2793031254
20190525,090000,33307.4,33523.63,33307.4,33523.63,51930991268
20190525,130000,33523.66,33524.12,33501.91,33501.91,15870836226
20190526,090000,33501.91,34369.55,33501.91,34369.53,67523988496
20190526,130000,34369.54,34369.55,34369.54,34369.55,6072429723
20190526,170000,34345.78,34345.78,34345.78,34345.78,3036108189
20190528,090000,34345.78,35171.27,34345.78,35107.77,108515940887
20190528,130000,35081.01,35081.01,35081.01,35081.01,4368209234
20190529,090000,35081.01,35514.63,35081.01,35400.8,113599097427
20190529,170000,35393.2,35393.2,35393.2,35393.2,4078289947
20190601,090000,35393.2,35395.52,35041.52,35302,112281391255
20190601,130000,35301.99,35301.99,35301.99,35301.99,5011570836
20190601,170000,35245.59,35245.59,35245.59,35245.59,5011054722
20190602,090000,35427.66,36067.2,35427.66,36055.47,105149851578
20190602,170000,35997.34,35997.34,35997.34,35997.34,4498689158
20190603,090000,35997.34,36948.41,35997.34,36887.34,110943451804
20190603,130000,36887.33,36887.33,36887.33,36887.33,4727848698
20190603,170000,36862.75,36862.75,36862.75,36862.75,4727848698
20190608,090000,36862.75,37471.75,36862.75,37441.42,80199939359
20190608,170000,37441.41,37441.41,37441.41,37441.41,3432138271
20190609,090000,37791.91,38503.04,37791.91,38496.95,91453701156
20190609,130000,38496.88,38496.88,38459.16,38459.16,7239653712
20190610,090000,38910.83,39260.21,38910.83,39070.88,112054353414
20190610,170000,39059.16,39059.16,39059.16,39059.16,4635228194
20190611,090000,39230.04,39328.83,38944.56,39328.82,110019369565
20190611,130000,39328.8,39328.8,39328.8,39328.8,4519230638
20190611,170000,39315.13,39315.13,39315.13,39315.13,4519213439
20190612,090000,39315.13,40101.17,39315.13,39914.39,144677041359
20190612,170000,39914.4,39914.4,39885.34,39885.34,11403135374
20190615,090000,39885.34,39885.34,39464.76,39776.05,112205033867
20190615,130000,39776.02,39776.03,39776.02,39776.03,9333305686
20190615,170000,39737,39737,39737,39737,4665741176
20190616,090000,39948.64,40260.88,39877.36,39877.36,110502399433
20190616,130000,39877.35,39877.35,39877.32,39877.32,14810131250
20190617,090000,39771.27,39771.27,39272.46,39272.51,66494925735
20190617,130000,39272.5,39272.5,39272.49,39272.49,5630339126
20190618,090000,39246.34,39550.3,39135.76,39136.13,85543023614
20190618,130000,39128.62,39128.62,39128.62,39128.62,3590176675
20190619,090000,39151.55,39151.55,38512.77,38512.79,81079256963
20190619,170000,38496.31,38496.31,38496.31,38496.31,3235132621
20190622,090000,38496.31,38496.31,37828.77,37855.18,62097972268
20190622,130000,37857.01,37861.03,37857.01,37861.03,15406509127
20190622,170000,37839.41,37839.41,37839.41,37839.41,2567500939
20190623,090000,37839.41,38597.21,37839.41,38597.19,56820035196
20190624,090000,38563.55,39431.05,38563.55,39431.05,77131001446
20190624,170000,39419.39,39419.39,39419.39,39419.39,3104120452
20190625,090000,39654.76,39691.11,39464.77,39614.5,77089174234
20190625,130000,39589.33,39589.33,39589.33,39589.33,3248464594
20190626,090000,39589.33,39947.27,39589.33,39840.25,76848003968
20190626,170000,39839.36,39839.36,39839.36,39839.36,3625806770
20190630,090000,39839.36,40196.2,39839.36,39994.06,71016083583
20190630,170000,39994.05,39994.05,39994.04,39994.04,6190328572
20190701,090000,39994.04,40083.82,39838.15,39927.79,63908593491
20190701,130000,39904.91,39904.91,39904.91,39904.91,2719002402
20190702,090000,39904.91,40391.63,39904.91,40391.61,57925289027
20190702,130000,40365.27,40365.27,40365.27,40365.27,2542553811
20190703,090000,40365.27,40881.91,40365.27,40819.25,74001598160
20190703,170000,40798.67,40798.67,40798.67,40798.67,2942090653
20190706,090000,40798.67,41009.37,40547.15,40550.56,66425537755
20190706,170000,40539.54,40539.54,40539.54,40539.54,2731712012
20190707,090000,40539.54,40912.31,40539.54,40912.26,55849360534
20190707,130000,40864.9,40864.9,40864.9,40864.9,2281210313
20190708,090000,40864.9,41729.67,40864.9,41722.87,81682855854
20190708,170000,41722.86,41722.86,41708.72,41708.72,6519886297
20190709,090000,41708.72,41989.92,41708.72,41786.03,74185174881
20190709,170000,41786.01,41786.01,41786.01,41786.01,2973026340
20190710,090000,41786.01,42065.68,41786.01,42043.88,60835142687
20190710,130000,42043.89,42043.89,42043.89,42043.89,2893996676
20190710,170000,42043.9,42043.9,42002.4,42002.4,5787204882
20190713,090000,42092.72,42135.58,42039.12,42049.47,69987640487
20190713,130000,42049.51,42049.51,42049.51,42049.51,3208412830
20190714,090000,42039.05,42396.76,42039.05,42328.41,65025120193
20190714,130000,42328.46,42328.5,42328.46,42328.5,8549282826
20190714,170000,42270.97,42270.97,42270.97,42270.97,2849760942
20190715,090000,42270.97,42519.88,42031.66,42031.67,62458502497
20190715,170000,41985.87,41985.87,41985.87,41985.87,2589791454
20190716,090000,41985.87,41985.87,40720.28,40720.28,54864381022
20190716,130000,40720.62,40720.62,40720.62,40720.62,2536615247
20190716,170000,40694.7,40694.7,40694.7,40694.7,2536613347
20190717,090000,40694.7,40694.7,40286.53,40609.36,65973539209
20190717,170000,40544.77,40544.77,40544.77,40544.77,2797329163
20190720,090000,40544.77,40667.3,40398.01,40398.01,57176230389
20190720,130000,40398.05,40398.28,40398.05,40398.18,7534411328
20190720,170000,40332.68,40332.68,40332.68,40332.68,2511471517
20190721,090000,40332.68,40606.31,40332.68,40594.91,35452093036
20190721,170000,40526.47,40526.47,40526.47,40526.47,1451582803
20190722,090000,40526.47,40841.64,40526.47,40682.23,42308778400
20190722,130000,40682.16,40682.16,40679.94,40679.94,29407901305
20190722,170000,40680,40687.13,40644.12,40644.12,20650033187
20190723,090000,40644.12,40717.67,40009.76,40085.57,28873484401
20190723,130000,39945.03,39945.03,39945.03,39945.03,1453975236
20190724,090000,39945.03,40247.53,39945.03,40217.17,26920391478
20190724,170000,40217.14,40217.14,40217.14,40217.14,1329237733
20190727,090000,40217.14,40590.69,40217.14,40553.43,34528728533
20190727,170000,40524.31,40524.31,40524.31,40524.31,1701865073
20190728,090000,40524.31,40728.76,40524.31,40677.86,45031155599
20190728,130000,40679.95,40679.95,40679.95,40679.95,1948070745
20190729,090000,40679.95,40820.42,40665.55,40667.46,46238858378
20190729,170000,40667.5,40667.5,40667.5,40667.5,1746658464
20190730,090000,40786.01,41031.94,40786.01,41031.86,38546132984
20190730,170000,41031.83,41031.83,41031.83,41031.83,1596359726
20190731,090000,41031.83,41649.32,41031.83,41578.79,45100207389
20190731,170000,41578.8,41578.8,41578.8,41578.8,2040622801
20190803,090000,41578.8,42015.11,41578.8,41978.93,43649230335
20190803,170000,41978.96,41978.96,41978.96,41978.96,1782590902
20190804,090000,41978.96,42624.1,41978.96,42624.1,55325566543
20190805,090000,42624.1,43272.64,42624.1,43272.39,46017504279
20190805,170000,43266.34,43266.34,43266.34,43266.34,2317719738
20190806,090000,43266.34,43653.13,43266.34,43450.55,72380512981
20190806,170000,43450.54,43450.54,43450.54,43450.54,2782111986
20190807,090000,43450.54,43922.5,43450.54,43795.4,72396774434
20190810,090000,43795.4,44180.01,43795.4,44167.74,53626936736
20190810,130000,44167.75,44167.75,44167.75,44167.75,2428963213
20190810,170000,44166.89,44166.89,44166.89,44166.89,2428958314
20190811,090000,44166.89,44552.41,44166.89,44539.95,62180554834
20190811,130000,44539.9,44539.91,44539.79,44539.79,13210519906
20190811,170000,44532.17,44532.17,44532.17,44532.17,2641575636
20190813,090000,44532.17,45016.19,44532.17,45016.19,70501294522
20190813,130000,45016.18,45016.18,45016.18,45016.18,3150501219
20190813,170000,45015.43,45015.43,45015.43,45015.43,3150501219
20190814,090000,45015.43,45793.04,45015.43,45757.75,75708024482
20190817,090000,45757.75,46209.93,45757.75,46204.9,81428462044
20190817,130000,46204.91,46204.91,46204.9,46204.91,9915519711
20190817,170000,46204.9,46204.9,46204.9,46204.9,3304382647
20190818,090000,46204.9,46526.3,46204.9,46460.1,78299652337
20190818,170000,46460.04,46460.04,46460.04,46460.04,2964501583
20190819,090000,46460.04,47227.74,46460.04,47227.7,64558245236
20190819,130000,47227.68,47227.68,47227.62,47227.62,11154425680
20190821,090000,47227.62,48339.88,47227.62,48339.85,74521358619
20190824,090000,48339.85,49546.06,48339.85,49523.02,132808179595
20190824,130000,49522.94,49522.94,49522.94,49522.94,4951419750
20190824,170000,49462.56,49462.56,49462.56,49462.56,4951419750
20190825,090000,49462.56,49990.84,49185.97,49348.89,135650156562
20190825,130000,49348.88,49348.88,49348.87,49348.87,9907231810
20190826,090000,49348.87,50832.89,49348.87,50832.86,97127576215
20190826,170000,50832.87,50832.87,50832.87,50832.87,4067447131
20190827,090000,50832.87,51873.58,50832.87,51589.55,91503814046
20190827,130000,51589.56,51589.59,51589.56,51589.59,8002560716
20190827,170000,51589.61,51589.62,51589.61,51589.62,8001941030
20190828,090000,51589.62,51589.62,50555.62,51487.09,86903182501
20190828,130000,51487.08,51487.1,51486.88,51487.1,27686454770
20190828,170000,51487.3,51487.34,51487.3,51487.34,13840982046
20190831,090000,51487.36,52833.69,51487.36,52279.23,99822175316
20190831,130000,52279.24,52279.24,52279.23,52279.23,8580879876
20190831,170000,52279.24,52279.29,52279.24,52279.28,21450632793
20190901,090000,52279.28,52360.35,52049.87,52341.5,90734716721
20190901,130000,52341.49,52341.49,52341.47,52341.47,7467922979
20190901,170000,52341.5,52341.5,52341.5,52341.5,3733654302
20190902,090000,52341.5,52542.09,51537.57,51543.35,104566320369
20190902,130000,51543.34,51543.34,51542.97,51542.97,15364119348
20190902,170000,51542.96,51542.96,51542.96,51542.96,3840960587
20190903,090000,51542.96,51846.31,51446.46,51846.28,73203400322
20190903,130000,51846.2,51846.42,51846.2,51846.42,8594975591
20190903,170000,51846.41,51846.41,51846.41,51846.41,2864780732
20190904,090000,51846.41,53019.49,51846.41,53019.46,69961957347
20190904,130000,53019.38,53019.38,53019.38,53019.38,2874188151
20190904,170000,53019.39,53019.39,53019.39,53019.39,2874116665
20190907,090000,53019.39,54146.62,53019.39,54146.62,75537509942
20190908,090000,54146.62,55025.39,54146.62,54966.39,99428643256
20190908,130000,54966.37,54966.47,54966.37,54966.47,10699591814
20190911,090000,54966.47,55895,54966.47,55895,103425612035
20190911,130000,55894.97,55894.97,55894.96,55894.96,7939975330
20190911,170000,55894.95,55894.99,55894.95,55894.99,7939972330
20190914,090000,55894.99,57057.01,55894.99,57037.15,215620842481
20190914,130000,57037.23,57037.23,57037.23,57037.23,7222996395
20190915,090000,57037.23,57347.47,56639.22,57071.94,146619757667
20190915,130000,57071.95,57071.96,57071.95,57071.96,12841430260
20190916,090000,57071.96,58398.82,57071.96,58143.63,177415536925
20190916,130000,58143.65,58143.77,58143.65,58143.77,6982979052
20190917,090000,58143.77,58217.15,57596.52,57815.95,219488701050
20190917,130000,57815.97,57816.04,57815.36,57815.36,97682636002
20190917,170000,57815.39,57815.39,57815.39,57815.39,9767727621
20190918,090000,57815.39,57815.39,56338.17,56395.6,135130110386
20190918,130000,56395.49,56395.49,56395.44,56395.44,10034892254
20190918,170000,56395.43,56395.43,56395.43,56395.43,5017428570
20190921,090000,56395.43,57432.7,56395.43,57412.48,90435470537
20190921,170000,57412.16,57412.16,57412.16,57412.16,3682677999
20190922,090000,57412.16,58810.32,57412.16,58808.25,108219940647
20190922,170000,58808.28,58808.28,58808.28,58808.28,4039125696
20190923,090000,58808.28,60296.73,58808.28,60258.11,122391276090
20190923,170000,60258.12,60258.12,60258.12,60258.12,5038083367
20190924,090000,60258.12,60958.08,60258.12,60480.88,118202859103
20190924,170000,60480.87,60480.87,60480.87,60480.87,4573256805
20190925,090000,60480.87,61284,60480.87,61284,91517899030
20190925,130000,61284.03,61284.04,61284.03,61284.04,8631622238
20190928,090000,61284.04,62899.85,61284.04,62899.78,123867347317
20190928,130000,62899.76,62899.76,62899.76,62899.76,4247690242
20190929,090000,62899.76,63620.18,62899.76,63035.54,209754576668
20190929,170000,63035.53,63035.53,63035.53,63035.53,7312252173
20190930,090000,63035.53,64448.77,63035.53,64440.25,166585755496
20190930,130000,64448.32,64448.32,64393.83,64393.83,11681974706
20190930,170000,64393.84,64393.84,64393.84,64393.84,5840913267
20191001,090000,64393.84,65369.87,64393.84,64823.45,152277559246
20191001,130000,64823.47,64823.47,64823.44,64823.44,25181253145
20191002,090000,64814.46,64814.46,63849.56,64544.34,171645183055
20191002,130000,64544.36,64545.69,64535.19,64535.19,112245637471
20191002,170000,64535.21,64535.21,64535.21,64535.21,6600254126
20191005,090000,64535.3,65740.87,64535.3,65185.91,150415106113
20191005,130000,65184.05,65184.05,65184.04,65184.04,11714223488
20191005,170000,65184.05,65184.05,65184.05,65184.05,5857080744
20191006,090000,65184.05,65184.05,63736.01,63880.25,145542609144
20191006,130000,63880.24,63880.24,63876.81,63876.81,25335669068
20191006,170000,63876.86,63876.86,63876.86,63876.86,5066953436
20191007,090000,63876.86,64640.49,63876.86,63912.79,128229120131
20191007,170000,63912.8,63912.8,63912.8,63912.8,4789623123
20191008,090000,63912.8,63922.16,62290.77,62291.23,111736623140
20191008,130000,62291.22,62291.22,62291.19,62291.19,17601578296
20191008,170000,62291.18,62291.18,62291.18,62291.18,4400152556
20191009,090000,62291.18,62291.18,60732.42,61116.24,101785927436
20191012,090000,61116.28,62472.37,61116.28,62295.01,81685825241
20191013,090000,62295.01,62869.86,61988.06,61988.06,81621830481
20191013,130000,61988.07,61988.08,61988.07,61988.08,6272435610
20191014,090000,61975.65,61975.65,60064.83,60064.83,73746817053
20191014,170000,60064.85,60064.85,60064.85,60064.85,2637298347
20191015,090000,60064.85,60064.85,58075.8,58075.8,81349581724
20191015,170000,58075.83,58075.83,58075.83,58075.83,3163335853
20191016,090000,58075.83,58075.83,56661.61,56661.62,80768560794
20191016,130000,56661.63,56661.68,56652.2,56652.2,12905658265
20191016,170000,56652.19,56652.19,56652.19,56652.19,3226396215
20191020,090000,56652.19,56652.19,54942.76,54942.77,65524424310
20191020,130000,54942.8,54942.8,54942.8,54942.8,2597638307
20191021,090000,54942.8,54942.8,53682.83,53826.06,67764382391
20191021,130000,53826.07,53826.11,53826.07,53826.11,8678464157
20191021,170000,53825.96,53825.96,53805.74,53805.74,8677644917
20191022,090000,53805.74,55223.25,53805.74,54855.3,77043323277
20191022,130000,54855.59,54855.61,54854.62,54854.8,15077574796
20191022,170000,54854.78,54854.78,54848.31,54848.31,9045062088
20191023,090000,54848.31,54916.61,54054.45,54066.47,69288285284
20191023,130000,54066.34,54066.34,54066.23,54066.23,4546379250
20191026,090000,54064.18,54064.18,53560.75,53621.89,49078037885
20191026,130000,53621.88,53621.88,53621.78,53621.78,21258169549
20191026,170000,53621.77,53621.77,53621.24,53621.24,34310612678
20191028,090000,53621.25,54816.41,53621.25,54816.35,57061948453
20191030,090000,54816.35,56568.67,54816.35,56568.67,43774208295
20191030,130000,56565.78,56566.28,56564.19,56564.19,16900185540
20191102,090000,56546.4,57448.29,56546.4,56903.75,80177654737
20191102,170000,56899.9,56899.9,56899.9,56899.9,2834005627
20191103,090000,56899.9,57634.69,56899.9,57574.27,78717495235
20191103,170000,57574.32,57574.32,57574.32,57574.32,3396872347
20191104,090000,57574.32,57773.85,57047.04,57047.13,72716509409
20191104,130000,57047.16,57047.17,57047.16,57047.17,5485949164
20191104,170000,57047.16,57047.16,57047.16,57047.16,2742962161
20191105,090000,57047.16,57380.16,56729.42,57296.38,66049867874
20191105,170000,57296.37,57296.37,57296.37,57296.37,2272763129
20191109,090000,57296.37,57921.49,57296.37,57672.74,67445426106
20191109,130000,57672.75,57672.75,57672.75,57672.75,2398660056
20191109,170000,57672.74,57672.74,57672.74,57672.74,2398656556
20191110,090000,57672.74,57872.46,57060.82,57062.58,51190061021
20191110,130000,57062.64,57062.66,57062.64,57062.65,8432592282
20191110,170000,57062.64,57062.64,57062.64,57062.64,2108034227
20191111,090000,57062.64,57580.44,57062.64,57580.44,54743797920
20191111,130000,57580.41,57580.42,57580.41,57580.42,4107167441
20191111,170000,57580.41,57580.44,57580.37,57580.37,10260967415
20191112,090000,57580.37,58686.94,57580.37,58684.75,56274257171
20191112,130000,58684.77,58684.78,58684.77,58684.78,4508777882
20191113,090000,58684.78,59143.87,58684.78,59143.79,52813067434
20191113,130000,59143.78,59143.78,59143.78,59143.78,2074751677
20191113,170000,59143.8,59143.8,59143.8,59143.8,2074731677
20191116,090000,59143.8,59464.03,58987.17,58987.21,66066041331
20191116,170000,58987.18,58987.18,58987.18,58987.18,2456006384
20191117,090000,58987.18,58987.18,57127.75,57127.75,82026630429
20191118,090000,57127.75,57127.75,56335.84,56985.51,55796061456
20191118,130000,56985.07,56985.07,56984.64,56984.64,5612144952
20191118,170000,56978.98,56978.98,56978.98,56978.98,1870460999
20191119,090000,56978.98,58034.95,56978.98,58034.89,44508757542
20191119,130000,58034.87,58034.87,58034.82,58034.82,3527542935
20191119,170000,58031.31,58031.31,58031.31,58031.31,1763754301
20191120,090000,58031.31,58685.07,58031.31,58684.7,46136874155
20191120,170000,58684.5,58684.5,58684.5,58684.5,1751653122
20191123,090000,58684.5,59481.49,58684.5,59243.6,51411978031
20191123,170000,59240.59,59240.59,59240.59,59240.59,2033971762
20191124,090000,59240.59,59703.3,59240.59,59702.67,66080513788
20191124,130000,59702.34,59703.09,59700.36,59703.04,57315754159
20191124,170000,59702.96,59702.96,59702.96,59702.96,2604362123
20191125,090000,59702.96,61148.44,59702.96,61148.42,65126722339
20191126,090000,61148.42,61919.68,61148.42,61752.88,72208066852
20191126,130000,61752.89,61752.89,61752.86,61752.86,8812197759
20191126,170000,61752.82,61752.82,61752.82,61752.82,2937399253
20191127,090000,61752.82,62092.06,61752.82,62092.06,51994704962
20191127,130000,62092.05,62092.08,62092.05,62092.08,9457458083
20191127,170000,62092.09,62092.09,62092.09,62092.09,2364355779
20191130,090000,62092.09,63388.23,62092.09,63388.17,79601597902
20191130,170000,63388.18,63388.18,63388.18,63388.18,3034202052
20191201,090000,63388.18,64523.14,63388.18,64523.14,73463063060
20191202,090000,64523.14,65401.13,64523.14,64589.64,103882443238
20191202,130000,64589.63,64589.63,64589.63,64589.63,3822877007
20191202,170000,64565.33,64565.33,64565.33,64565.33,3822871347
20191203,090000,64565.33,65139.11,64437.71,65139.09,68546567630
20191203,130000,65139,65139,65138.62,65138.62,13411123375
20191204,090000,65138.62,66366.26,65138.62,66366.26,73858650519
20191204,170000,66365.46,66365.46,66365.46,66365.46,2853655120
20191207,090000,66365.46,67759.43,66365.46,67535.3,92848589741
20191207,130000,67535.32,67535.32,67535.32,67535.32,3542541014
20191207,170000,67532.41,67532.41,67532.41,67532.41,3542517113
20191208,090000,67532.41,68693.18,67532.41,68693.15,107822967710
20191209,090000,68693.15,69615.14,68693.15,69615.13,97956241582
20191209,170000,69615.12,69615.12,69615.12,69615.12,3971171009
20191210,090000,69615.12,70571.36,69615.12,70245.35,118216943381
20191210,170000,70245.34,70245.34,70245.34,70245.34,5345292545
20191211,090000,70245.34,70297.8,69486.12,70297.8,52012185948
20191211,170000,70296.43,70296.43,70296.43,70296.43,3171440338
20191214,090000,70296.43,71621.2,70296.43,71621.18,82963555077
20191215,090000,71621.18,72705.36,71621.18,72013.02,92830202629
20191215,130000,72013.01,72013.01,71986.97,71986.97,123309994484
20191215,170000,71986.98,71986.98,71986.98,71986.98,4092081185
20191216,090000,71968.57,72548.03,71968.57,72548.03,80238152465
20191216,170000,72548.06,72548.06,72548.06,72548.06,3333620745
20191217,090000,72548.06,73708.91,72548.06,73646.72,85528807333
20191218,090000,73646.72,74117.65,73646.72,74090.03,98083662379
20191218,170000,74090.02,74090.02,74090.02,74090.02,4343169169
20191221,090000,74090.02,74959.36,74090.02,74747.77,89778293146
20191221,130000,74747.75,74747.75,74747.75,74747.75,4258637008
20191221,170000,74726.59,74726.59,74726.59,74726.59,4258361545
20191222,090000,74726.59,75371.39,74726.59,75370.61,90448691252
20191222,130000,75370.65,75370.77,75370.65,75370.77,12047653840
20191223,090000,75370.77,76620.65,75203.02,75203.12,140945161696
20191223,130000,75203.06,75203.06,75203.04,75203.04,12370725452
20191224,090000,75203.04,75897.72,75203.04,75855.25,80763729240
20191224,170000,75855.26,75855.26,75855.26,75855.26,3519028262
20191225,090000,75855.26,76449.37,75855.26,76334,90144390544
20191225,170000,76333.67,76333.67,76333.67,76333.67,4088722660
20191228,090000,76333.67,78290.01,76333.67,78248.75,121125602237
20191228,130000,78248.82,78248.87,78248.82,78248.87,10032413342
20191229,090000,78248.87,78954.13,78248.87,78912.51,119822395868
20191229,130000,78912.52,78919.69,78912.52,78919.69,126137385867
20191229,170000,78919.78,78919.78,78919.78,78919.78,4661763252
20191230,090000,78919.78,80386.12,78919.78,80381.84,110144325624
20191231,090000,80381.84,81176.53,79978.61,80121.66,63349317080
20191231,130000,80121.69,80121.72,80121.69,80121.72,11322862852
20200101,090000,80121.7,81429.61,80121.7,81135.68,42848227693
20200101,170000,81134.08,81134.08,81134.08,81134.08,4583561703
20200104,090000,81134.08,81134.08,77929.88,77929.88,149666042168
20200104,170000,77929.95,77929.95,77929.95,77929.95,6456788451
20200105,090000,77929.95,77929.95,75558.69,75566.57,149391568807
20200105,170000,75566.58,75566.58,75566.58,75566.58,5462812087
20200107,090000,75566.58,75566.58,73194.98,73195.08,143976783242
20200107,170000,73195.07,73195.07,73195.07,73195.07,4520104432
20200108,090000,73195.07,73195.07,72241.77,72241.77,122906214054
20200108,170000,72241.88,72241.88,72241.88,72241.88,4822114108
20200111,090000,72241.88,73444.47,72241.88,73444.47,36888386311
20200111,130000,73436.23,73436.23,73436.23,73436.23,1389866572
20200112,090000,73436.23,76494.98,73436.23,76494.98,129766764031
20200113,090000,76494.98,79441.49,76494.98,79412.87,166516244132
20200113,170000,79404.85,79404.85,79404.85,79404.85,6403505219
20200114,090000,79404.85,80878.87,79404.85,80516.15,161688607908
20200114,170000,80516.18,80516.18,80516.18,80516.18,5757833968
20200115,090000,80516.18,81469.18,80454.11,81469.12,122881356104
20200115,130000,81469.25,81469.25,81469.25,81469.25,5174350473
20200115,170000,81430.72,81430.72,81430.72,81430.72,5174338912
20200118,090000,81430.72,84359.53,81430.72,84099,214055833441
20200118,130000,84098.82,84098.82,84098.8,84098.8,25964725466
20200118,170000,84092.62,84092.62,84092.62,84092.62,8654791531
20200119,090000,84092.62,84632.17,83493.09,84608.45,152453143283
20200119,170000,84601.93,84601.93,84601.93,84601.93,5886164884
20200120,090000,84601.93,85471.73,84601.93,85471.69,149184812018
20200120,130000,85471.71,85471.71,85471.69,85471.69,17131739173
20200120,170000,85455.53,85455.53,85455.53,85455.53,5707599516
20200121,090000,85455.53,86485.82,85455.53,86342.17,155097304029
20200121,170000,86337.74,86337.74,86337.74,86337.74,6267239196
20200122,090000,86337.74,87959.05,86337.74,87959.05,125772108569
20200122,170000,87958.72,87958.72,87958.72,87958.72,4812015420
20200125,090000,87958.72,90421.25,87958.72,90421.23,121797561963
20200125,130000,90421.25,90421.25,90421.25,90421.25,4958593633
20200125,170000,90421.24,90421.26,90421.24,90421.26,9917177266
20200126,090000,90421.26,92490.76,90421.26,91616.26,191113550974
20200126,130000,91616.27,91616.38,91616.27,91616.38,30632234322
20200127,090000,91616.38,92260.47,90968.38,92217.92,163202424987
20200127,130000,92217.93,92217.93,92217.93,92217.93,6208386249
20200127,170000,92217.98,92217.98,92217.98,92217.98,6207747412
20200128,090000,92217.98,93583.28,92217.98,93369.82,117154614151
20200128,170000,93369.83,93369.83,93369.83,93369.83,4917757006
20200201,090000,93369.83,94259.49,93369.83,93529.87,214511336054
20200202,090000,93529.87,94637.76,93386.38,94637.76,159955612751
20200203,090000,94624.66,97121.39,94624.66,97079.57,176988543438
20200203,130000,97079.48,97079.48,97079.48,97079.48,6850528766
20200203,170000,97079.44,97079.44,97079.44,97079.44,6850529766
20200204,090000,97079.44,98131.41,96750.41,96750.41,196834598573
20200205,090000,96750.41,97765.86,96750.41,97765.7,214667208660
20200205,130000,97765.69,97765.69,97765.69,97765.69,7450058760
20200208,090000,97765.69,99468.6,97765.69,98129.44,226406154011
20200208,130000,98129.46,98129.49,98129.46,98129.49,18562518139
20200209,090000,98116.87,98391.16,97883.18,98353.84,137921109702
20200210,090000,98353.84,99171.03,96734.9,96923.23,156892775992
20200210,130000,96923.15,96923.15,96923.09,96923.09,11597365247
20200212,090000,96923.1,99503.3,96923.1,99326.66,132990116515
20200215,090000,99326.71,101052.74,99326.71,100061.44,154215699383
20200215,130000,100061.39,100061.39,100061.39,100061.39,5778496392
20200216,090000,100061.39,101679.58,100061.39,101679.56,155435597393
20200216,170000,101626.18,101626.18,101626.18,101626.18,6234791952
20200217,090000,101626.18,102816.19,101626.18,101785.04,152040568354
20200217,170000,101766.68,101766.68,101766.68,101766.68,5971039436
20200218,090000,101766.68,101940.77,100759.45,101426.98,117801281062
20200218,130000,101426.97,101427.38,101426.95,101427.38,38412083090
20200218,170000,101427.39,101427.39,101427.39,101427.39,4801458802
20200219,090000,101427.39,103781.44,101427.39,103757.14,109571441603
20200219,130000,103757.21,103758.11,103757.21,103758.11,31919479452
20200222,090000,103706.83,104750.38,101415.09,104750.38,162330370235
20200222,130000,104751.11,104752.32,104751.11,104752.32,18140562141
20200223,090000,104728.8,108856.9,104728.8,108794.21,122317944295
20200223,130000,108794.2,108794.2,108794.2,108794.2,4684474866
20200224,090000,108771.96,111317.44,108771.96,110710.9,119379049238
20200224,130000,110710.89,110710.89,110710.89,110710.89,5058770874
20200225,090000,110667.38,113803.62,110667.38,113803.51,165959440285
20200225,130000,113803.58,113803.58,113803.37,113803.37,29059222122
20200225,170000,113803.36,113803.36,113803.36,113803.36,7264717915
20200226,090000,113803.36,116896.95,113803.36,115800.88,171273606175
20200226,130000,115800.91,115800.94,115800.83,115800.83,57381870409
20200229,090000,115370.51,115370.51,111989.71,112914.33,146914166772
20200229,130000,112914.34,112914.82,112914.03,112914.03,92231409369
20200229,170000,112903.55,112903.55,112899.15,112899.15,11505193758
20200301,090000,112899.15,116150.38,112899.15,116150.38,120999854256
20200301,130000,116150.37,116150.84,116150.37,116150.83,24740347870
20200301,170000,116124.43,116124.43,116124.43,116124.43,4947216673
20200302,090000,116124.43,119099.16,116124.43,119099.16,141525459760
20200302,130000,119099.24,119099.24,119099.24,119099.24,6074839464
20200302,170000,119099.25,119099.25,119099.25,119099.25,6074839464
20200303,090000,119099.25,121798.58,119099.25,121798.51,128519177727
20200303,130000,121798.53,121798.67,121798.53,121798.67,19633061121
20200303,170000,121798.58,121798.58,121798.58,121798.58,4908264307
20200304,090000,121799.18,123975.72,121799.18,123975.24,156113596626
20200304,130000,123975.16,123975.64,123975.16,123975.64,34810432524
20200307,090000,123975.7,123975.7,122800.95,122800.95,110738625346
20200307,130000,122800.94,122800.97,122800.9,122800.9,14126633522
20200309,090000,122800.78,122800.78,120448.31,120450.15,85469217807
20200309,130000,120450.99,120450.99,120450.99,120450.99,3305586754
20200309,170000,120437.42,120437.42,120437.42,120437.42,3305585904
20200310,090000,120437.42,120437.42,118749.75,118749.75,132739614150
20200310,130000,118749.76,118752.02,118413.53,118413.53,65888528702
20200311,090000,118413.51,119228.79,118395.87,119108.08,118995239317
20200311,130000,119108.06,119108.09,119108.06,119108.09,9484402114
20200314,090000,119071.85,119272.94,116911,116911,107699540177
20200314,130000,116911.46,116914.93,116911.46,116914.93,48078181862
20200315,090000,116914.97,116914.97,114689.26,114689.26,123078026439
20200315,130000,114689.36,114696.23,114689.36,114696.23,81203048116
20200315,170000,114697.29,114700.56,114697.29,114700.56,104961879827
20200316,090000,114703.23,116190.6,114703.23,116190.32,118470665586
20200316,130000,116190.18,116208.23,116188.97,116207.98,164212991851
20200316,170000,116207.88,116207.88,116207.77,116207.77,18206170640
20200317,090000,116207.91,116445.61,115433.7,115620.85,84579454740
20200317,130000,115620.47,115620.72,115619.87,115619.91,81619675794
20200317,170000,115619.98,115619.98,115619.98,115619.98,3263499294
20200318,090000,115619.98,117814.88,115619.98,117814.87,92739489377
20200318,130000,117814.92,117815.19,117812.72,117812.72,28433885320
20200318,170000,117812.57,117812.57,117812.57,117812.57,4058241862
20200324,090000,117812.57,119115.58,117812.57,118870.56,85767195072
20200324,130000,118870.59,118870.83,118856.99,118856.99,15883135977
20200325,090000,118856.99,122069.49,118856.99,122069.29,124563523288
20200325,130000,122069.19,122069.19,122069.14,122069.16,12918051133
20200325,170000,122069.17,122069.17,122069.17,122069.17,4306015749
20200328,090000,122069.17,125537.1,122069.17,125537.09,140433346952
20200328,130000,125537.1,125537.3,125537.1,125537.3,14692062134
20200328,170000,125537.28,125537.28,125536.95,125537.01,19576627203
20200329,090000,125537.01,129069.56,125537.01,129056.4,173943861291
20200329,130000,129056.41,129056.41,129054.56,129054.56,148400441079
20200329,170000,129053.71,129053.71,129052.49,129052.49,123648555752
20200330,090000,129052.4,129837.19,128910.68,129837.19,158187645537
20200330,130000,129870.87,129870.87,129870.39,129870.39,28646742431
20200330,170000,129869.27,129869.27,129868.77,129868.77,100248588280
20200404,090000,129869.06,133784.89,129869.06,133784.88,150359523940
20200404,130000,133784.86,133784.88,133740.75,133740.75,225642965621
20200404,170000,133737.98,133737.98,133719.36,133719.36,102925371680
20200405,090000,133654.79,135981.19,133654.79,135980.68,136228571692
20200405,130000,135980.67,135980.67,135961.69,135961.69,111618681919
20200406,090000,135961.67,136521.54,135887.25,136420.04,146649246235
20200406,130000,136420.03,136420.03,136401.76,136401.76,179684866051
20200407,090000,136401.78,139260.66,136401.78,139260.66,144849557112
20200407,130000,139260.68,139260.73,139237.35,139237.35,176884485428
20200407,170000,139236.96,139236.96,139236.75,139236.75,18274392849
20200408,090000,139233.93,142227.46,139233.93,142227.45,131873188863
20200408,130000,142227.44,142227.44,142224.01,142224.01,51395063307
20200411,090000,142232.37,143400.53,142232.37,143388.39,129688332773
20200411,130000,143388.38,143388.39,143364.95,143364.95,95956577221
20200411,170000,143329.1,143329.1,143329.1,143329.1,6396274848
20200412,090000,143329.1,146252.48,143329.1,146162.97,120906941724
20200412,130000,146162.94,146162.94,146161.71,146161.71,53224327537
20200413,090000,146161.75,147051.7,146111.83,146144.6,117637771027
20200413,130000,146134.18,146134.18,146111.14,146111.14,58707936488
20200414,090000,146100.78,146100.78,144646.74,145748.76,121924560760
20200414,130000,145748.92,145748.92,145744.77,145744.77,75663618170
20200414,170000,145744.65,145744.65,145743.99,145743.99,16216639836
20200415,090000,145749.82,150008.74,145749.82,150002.95,158875185486
20200415,130000,150003.07,150010.39,150003.07,150009.32,91961490681
20200415,170000,150009.26,150009.26,150008.54,150008.54,65036964397
20200418,090000,150008.51,155294.83,150008.51,155294.83,123853773558
20200418,130000,155294.82,155310.99,155294.82,155308.27,94026532767
20200418,170000,155308.08,155308.08,155307.43,155307.43,40888939589
20200419,090000,155273.54,158835.25,155273.54,158314.92,208609557785
20200419,130000,158314.67,158322.44,158312.56,158322.08,211909884702
20200419,170000,158322.07,158322.07,158320.29,158320.29,180308895818
20200420,090000,158319.42,161070.43,158319.42,161070.43,194725248029
20200420,130000,161071.26,161083.09,161070.09,161082.92,162438740415
20200420,170000,161082.9,161082.9,161082.63,161082.63,40656650550
20200421,090000,161066.81,164023.24,161066.81,163646.95,176920410727
20200421,130000,163647.29,163657.94,163646.55,163657.67,155514825686
20200422,090000,163649.45,167960.31,163649.45,167537.15,163465315441
20200422,130000,167539.63,167570.04,167539.63,167569.55,157365641208
20200422,170000,167569.51,167569.51,167568.8,167568.8,75820912077
20200425,090000,167526.78,174158.94,167526.78,174158.94,105238522777
20200425,130000,174180.32,174180.32,173530.04,173530.04,94928481149
20200425,170000,173529.93,173529.93,173527.43,173527.43,68659610056
20200426,090000,173515.72,177975.16,173515.72,177850.25,181229103951
20200426,130000,177851.04,177852.93,177732.31,177755.99,253093136386
20200426,170000,177755.87,177755.87,177753.48,177753.48,139655728380
20200427,090000,177708.58,180561.92,177708.58,180561.92,122085941852
20200427,130000,180563.89,180571.09,180563.89,180571.04,56062092211
20200427,170000,180570.89,180570.89,180570.26,180570.32,98123200692
20200428,090000,180570.3,183798.02,180570.3,183798.02,143963837794
20200428,130000,183800.87,183814.01,183800.87,183810.33,83106357689
20200429,090000,183737.59,189827.4,183737.59,189827.4,135312506005
20200429,130000,189829.45,189836.15,189729.79,189729.79,84277528420
20200502,090000,189697.68,197981.85,189697.68,197980.21,101697195109
20200502,130000,197982.63,197989.61,197860.02,197860.02,32132864560
20200503,090000,197799.94,207397.8,197799.94,207045.68,149976161479
20200503,130000,207049.22,207050.15,206278.53,206278.53,47335668914
20200503,170000,206177.28,206177.28,206114.69,206114.69,10506981806
20200504,090000,205804.72,207171.53,204811.72,207171.53,218258031257
20200504,130000,207171.44,207171.44,207171.44,207171.44,9454463512
20200504,170000,207171.48,207171.59,207171.47,207171.56,132199256472
20200505,090000,207118.61,208689.65,205928.76,205928.76,395547894020
20200505,130000,205963.28,205991.12,205963.28,205991.12,239314707538
20200506,090000,205991.11,205991.11,203416.97,204504.92,245061618444
20200506,130000,204504.86,204504.91,204502.65,204502.65,61038403274
20200509,090000,204450.25,212095.36,204450.25,212095.36,140937269650
20200509,130000,212095.31,212095.31,211912.76,211912.76,30612509280
20200510,090000,211912.72,215919.95,211912.72,215561.05,144407179304
20200510,130000,215560.66,215560.66,215557.25,215557.25,70948897934
20200511,090000,215539.22,216512.31,215020.31,215098.66,159584026636
20200511,130000,215450.34,215461.21,215450.34,215461.21,161672002868
20200511,170000,215461.22,215461.88,215461.22,215461.88,77105860426
20200512,090000,215392.09,215392.09,210999.05,211031.85,550287968643
20200512,130000,211030.08,211054.34,211018.68,211054.34,217475980410
20200513,090000,211033.39,211033.39,208778.64,209560.53,366303060725
20200513,130000,209560.6,209599.87,209560.6,209599.61,323457518427
20200516,090000,209534.03,209534.03,205242.48,205242.48,156711174354
20200516,130000,205242.57,205628.7,205242.57,205628.7,31659829243
20200517,090000,205589.09,205589.09,202739.77,203202.63,246777407998
20200517,130000,203205.11,203281.11,203205.11,203281.11,92049009413
20200518,090000,203241.73,208359.2,203241.73,208359.2,129169952871
20200518,130000,208359.14,208406.65,208359.04,208398.85,412273054495
20200518,170000,208398.8,208398.8,208360.43,208360.43,322833289766
20200519,090000,208344.87,212698.86,208344.87,212698.78,136229855691
20200519,130000,212713.75,212788.79,212706.86,212788.79,136112817435
20200520,090000,212675.54,214102.05,212675.54,213158.24,72409247898
20200520,130000,213180.78,213249.5,213180.78,213249.5,174067280815
20200523,090000,213223.33,213223.33,210807.04,210807.04,109048148618
20200523,130000,210754.19,210774.43,210704.34,210744.16,197365124085
20200526,090000,210744.1,210744.1,206935.15,206935.15,145468607232
20200526,130000,206892.92,206894.07,206892.92,206893.79,67160510358
20200527,090000,206801.05,206801.05,205060.68,206518.63,313621412721
20200527,130000,206518.55,206518.55,206518.03,206518.03,122719684059
20200527,170000,206518.02,206518.02,206517.91,206517.91,44624855652
20200530,090000,206524.28,211113.27,206524.28,211057.1,205450030077
20200530,130000,211057.12,211057.12,211057.09,211057.09,21301018628
20200531,090000,211054.36,212766.12,210643.2,210654.96,62379965476
20200531,130000,210655.08,210655.09,210647.15,210650.69,134091680537
20200601,090000,210630.57,212441.52,210630.57,212379.94,269900871743
20200601,130000,212381.33,212697.46,212379.32,212697.46,351708140118
20200602,090000,212681.03,218689.49,212681.03,218689.49,74713413199
20200602,130000,218689.48,218689.48,218689.47,218689.47,20997544053
20200606,090000,218610.36,225472.31,218610.36,225472.18,231469676642
20200606,130000,225472.02,225472.02,225461.71,225461.71,53530693730
20200606,170000,225461.6,225461.6,225460.75,225460.75,26763752118
20200607,090000,225417.39,234061.93,225417.39,234061.8,162852723075
20200607,130000,234061.74,234061.74,234061.74,234061.74,6664998106
20200608,090000,234024.28,236651.77,234024.28,235830.48,81699668160
20200608,130000,235830.27,235830.88,235830.24,235830.63,292747266414
20200608,170000,235830.64,235830.89,235830.64,235830.89,198645273543
20200609,090000,235788.06,237401.84,235788.06,237401.56,96813168157
20200610,090000,237380.06,243333.11,237380.06,243332.84,122569050229
20200610,130000,243332.87,243333.03,243332.87,243333.03,91722843693
20200613,090000,243286.77,249912.89,243286.77,249912.89,16385870298
20200613,130000,249912.88,249912.88,249912.79,249912.84,26803097656
20200614,090000,249869.37,251879.91,249869.37,251485.04,17472184549
20200614,130000,251484.9,251484.9,251484.9,251484.9,0
20200615,090000,251417.94,257205.63,251417.94,257205.63,41010830572
20200615,130000,257205.75,257205.75,257205.75,257205.75,0
20200616,090000,257166.49,263389.46,257166.49,263384.41,53078081703
20200616,130000,263384.38,263384.38,263384.35,263384.35,6261832532
20200620,090000,263357.16,270286.48,263357.16,270286.4,159044775209
20200620,170000,270286.39,270286.39,270286.39,270286.39,5981559426
20200621,090000,270251.8,272157.32,270251.8,271553.59,288272790977
20200621,130000,271553.61,271553.61,271553.61,271553.61,11160828364
20200621,170000,271456.91,271456.91,271456.91,271456.91,11160501191
20200622,090000,271456.91,276806.64,271456.91,276806.45,251541310861
20200622,130000,276806.51,276806.51,276806.42,276806.42,17991152192
20200622,170000,276684.57,276684.57,276684.57,276684.57,8995572496
20200623,090000,276684.57,284675.74,276684.57,284024.86,120968907076
20200623,130000,284025.03,284025.03,284025.03,284025.03,6410105441
20200624,090000,284012.26,285045.69,282181.52,285044.45,175772620790
20200624,170000,285044.46,285044.46,285044.46,285044.46,5866573100
20200627,090000,285042.5,291491.52,285042.5,291397.99,99343273698
20200627,130000,291380.92,291380.92,291379.98,291379.98,10773118338
20200628,090000,291344.63,294245.03,290392.53,290392.53,380131861431
20200628,130000,290392.59,290392.59,290392.59,290392.59,15702193999
20200628,170000,290392.12,290392.12,290392.12,290392.12,15702086561
20200629,090000,290251.05,290251.05,285291.94,286677.11,312229515590
20200629,130000,286677.1,286677.1,286676.68,286676.68,23939196822
20200630,090000,286628.36,298685.87,286628.36,298685.87,132102134669
20200630,130000,298685.85,298685.86,298685.5,298685.5,32548168954
20200701,090000,298604.68,307384.91,298604.68,307384.9,205391143254
20200701,130000,307384.89,307384.89,307372.46,307372.46,16848624818
20200704,090000,307328.04,310762.47,306013.46,306015.72,338019926011
20200704,130000,306016.07,306130.92,306016.07,306130.92,185924952895
20200705,090000,306087.39,309521.88,304410.72,309521.88,252617582676
20200705,130000,309522.79,309643.27,309522.79,309643.17,122698309395
20200706,090000,309522.97,318690.26,309522.97,318690.26,153642865111
20200706,130000,318692.73,318837.6,318692.73,318734.49,219424284519
20200706,170000,318731.62,318731.62,318730.5,318730.5,11930694422
20200707,090000,318310.7,320435.35,317223.12,318800.57,268557427122
20200707,130000,318801.39,318805.69,318073.37,318073.37,323927048774
20200708,090000,318005.6,318485.37,315072.9,315094.34,364311561288
20200708,130000,315095.12,315164.97,315095.12,315164.97,140776846583
20200711,090000,315079.58,315079.58,308144.02,310198.89,246588174155
20200711,130000,310198.07,310203.4,310198.07,310201.29,109042658183
20200712,090000,310176.48,320440.11,310176.48,319779.63,206455230281
20200712,130000,319780.06,319797.73,319780.06,319796.44,214873916202
20200713,090000,319776.22,319776.22,316437.7,317310.61,274445387313
20200713,130000,317312.42,317460,317312.42,317460,136976102573
20200714,090000,317445.13,318251.42,316143.95,316286,225993976763
20200714,130000,316287.08,316454.95,316287.08,316454.95,172783343768
20200715,090000,316457.18,317286.97,314584.56,316734.6,224885975654
20200715,130000,316729.71,316750.76,316643.26,316679.16,323647443471
20200718,090000,316539.68,321077.74,316316.65,321010.46,146636940723
20200718,130000,321013.43,321031.71,320876.11,320901.95,165418561385
20200719,090000,320784.65,330454.61,320784.65,330454.56,334657298719
20200719,130000,330454.53,330454.53,329451.34,329572,345771801448
20200720,090000,329519.72,337408.59,329519.72,336931.03,170704501334
20200720,130000,336931.87,336933.57,336931.87,336933.57,102881034753
20200721,090000,336811.71,336899.66,332913.97,333541.1,185841763627
20200721,130000,333540.84,333618.29,333537.76,333616.64,200091391762
20200722,090000,333400.78,333400.78,329513.45,330366,155773568754
20200722,130000,330366.03,330451.36,330365.57,330451.36,85839728173
20200725,090000,330375.39,345629.77,330375.39,345038.09,182843760004
20200725,130000,345038.56,345257.64,345038.56,345257.64,168939197216
20200725,170000,334724.64,334724.64,334724.64,334724.64,8922747729
20200726,090000,334726.49,335675.04,332573.41,332757.56,174761876056
20200726,130000,332758,332958.37,332758,332958.37,180333734745
20200726,170000,332949.34,332949.34,332949.34,332949.34,8083273619
20200727,090000,332949.34,332949.34,329116.57,330077.75,322628829471
20200727,130000,330088.97,330370.98,330088.97,330370.72,366400929685
20200728,090000,330358.99,334229.04,330358.99,332984.42,247373186761
20200728,130000,332986.72,333038.88,332892.64,332892.64,408531376654
20200729,090000,332861.4,333125.76,331802.98,333125.76,169499127833
20200729,130000,333123.21,333123.21,332997.02,332997.14,259550601712
20200729,170000,332997.11,332997.11,332997.11,332997.11,9197300428
20200801,090000,332996.79,339971.49,332996.79,339971.49,241753712717
20200801,130000,340000.39,340182,340000.39,340182,157070145564
20200802,090000,340118.28,345953.51,340118.28,345788.14,210048213551
20200802,130000,345777.6,345868.31,345709.34,345868.31,210738397111
20200803,090000,345867.4,347101.85,345069.53,345069.53,146289322912
20200803,130000,345072.05,345212.37,345049.47,345212.37,176083037578
20200804,090000,345196.53,346341.82,345196.53,346160.29,227075665118
20200804,130000,346162.47,346338.33,346162.32,346337.41,493023466569
20200804,170000,346337.29,346337.55,346337.21,346337.31,138726858319
20200805,090000,346325.4,348952.17,346325.4,348952.17,183110620314
20200805,130000,348955.02,349135.35,348955.02,349109.81,156903848563
20200809,090000,349027.06,352498.74,349027.06,349908.61,168107478481
20200809,130000,349913.28,350065.91,349913.28,350065.15,200017364516
20200810,090000,350069.05,350660.06,344279.2,344279.2,305513221128
20200810,130000,344299.67,344413.05,344299.67,344413.05,187226256792
20200810,170000,344413.04,344413.23,344413.03,344413.23,44115045102
20200811,090000,344415.55,344415.55,337443.77,337443.77,167989108312
20200811,130000,337462.13,337582.29,337462.13,337582.2,55460241909
20200812,090000,337579.06,341151.63,335831.83,335831.83,259540556023
20200812,130000,335834.4,336003.03,335834.4,336002.36,176765767631
20200815,090000,335998.43,335998.43,328703.3,328706.91,149971799861
20200815,130000,328708.21,328912.3,328708.21,328898.72,115252054031
20200816,090000,328847.06,328847.06,322129.88,322132.83,125381614762
20200816,130000,322133.94,322215.91,321826.45,321876.43,124191364123
20200816,170000,321876.22,321876.22,321876.22,321876.22,4652454256
20200817,090000,319679.82,319939.97,319302.49,319918.31,394413210086
20200817,130000,319929.33,320024.29,319929.33,320023.83,428199486601
20200817,170000,320023.86,320023.88,320016.55,320016.55,39198040950
20200818,090000,322532.75,324926.27,322532.75,322950.36,314965644904
20200818,130000,322927.54,322927.54,322448.48,322448.51,314450902357
20200819,090000,320768.79,320768.79,316274.63,316274.63,117991133385
20200819,130000,316270.09,316270.09,316051.09,316111.84,104019637925
20200822,090000,316106.25,316524.26,311266.47,311266.47,257549544750
20200822,130000,311266.72,311272.73,311266.72,311269.39,140701850992
20200822,170000,311269.45,311269.45,311239.36,311239.36,17583963700
20200823,090000,311239.36,311239.36,305134.95,305134.95,127090918944
20200823,130000,305134.6,305134.6,305134.57,305134.57,11011115412
20200823,170000,305135.1,305135.1,305135.1,305135.1,5505557706
20200824,090000,305135.1,305135.1,299268.77,299274.7,266620288165
20200824,130000,299274.68,299280.15,299274.68,299280.15,291711184518
20200824,170000,299280.21,299280.27,299280.21,299280.27,48550487000
20200825,090000,299284.09,299284.09,297730,299151.24,287459806528
20200825,130000,299151.16,299151.87,299107.33,299107.33,401218851553
20200825,170000,299106.43,299106.43,299059.55,299059.55,217213325981
20200826,090000,299051.43,306327.81,299051.43,306327.81,103827544904
20200826,130000,306327.89,306332.34,306327.89,306331.96,67162385080
20200826,170000,306331.93,306331.93,306330.31,306330.31,88365033880
20200831,090000,306289.43,309299.71,303364.89,303364.89,442158833950
20200831,130000,303364.08,303364.08,303363.92,303364.03,89054697299
20200901,090000,303370.02,303370.02,299096.46,299096.46,132268384129
20200901,130000,299096.41,299096.42,299096.41,299096.42,9553859669
20200902,090000,298985.62,298985.62,294644.99,294645.36,90926212524
20200902,130000,294645.23,294645.23,294645.23,294645.23,3849862722
20200902,170000,294645.25,294645.25,294645.25,294645.25,3849817286
20200905,090000,294649.06,294649.06,291953.84,291953.84,230792505581
20200905,130000,291953.86,291953.88,291953.86,291953.88,18649663821
20200906,090000,291934.92,292072.82,289658.53,289658.53,248710240839
20200906,130000,289658.54,289658.56,289658.54,289658.56,18128180845
20200906,170000,289658.57,289658.57,289658.57,289658.57,9062885644
20200907,090000,289646.56,289646.56,286402.5,286402.69,103889809008
20200907,130000,286402.64,286402.82,286402.64,286402.82,7604397524
20200907,170000,286401.47,286401.47,286401.47,286401.47,3802198262
20200908,090000,286401.47,286401.47,283391.94,283393.27,29790879835
20200908,130000,283393.26,283393.27,283393.26,283393.27,1709225013
20200908,170000,283390.88,283390.88,283390.88,283390.88,854599940
20200909,090000,283390.88,283390.88,279935.38,279935.41,191530437740
20200909,130000,279935.4,279935.55,279935.4,279935.55,14157917617
20200909,170000,279934.85,279934.85,279932.34,279932.34,14155922521
20200912,090000,279897.54,280794.91,279617.15,279619.14,119424823879
20200912,130000,279619.2,279619.2,279619.2,279619.2,4731821306
20200912,170000,279615.92,279615.92,279598.42,279598.42,14186272993
20200913,090000,279598.42,279598.42,277381.44,277381.49,210937732036
20200913,170000,277374.19,277374.19,277374.19,277374.19,8296641688
20200914,090000,277374.19,277374.19,276923.42,277203.46,165090301370
20200914,130000,277204.22,277204.22,277204.08,277204.08,14013016288
20200914,170000,277195.34,277195.34,277195.34,277195.34,7006506716
20200915,090000,277195.34,281093.82,277195.34,281093.64,178373656125
20200915,130000,281093.56,281093.56,280616.35,280616.35,215026900247
20200915,170000,280613.3,280613.3,280608.18,280608.18,37011679350
20200916,090000,280610.02,283445.9,280610.02,281988.31,381332485302
20200916,130000,281988.26,281988.4,281988.26,281988.4,42930084663
20200916,170000,281987.73,281987.73,281987.73,281987.73,14309953540
20200919,090000,281987.73,281987.73,280320.32,280364.08,271406713271
20200919,130000,280365.37,280370.3,280359.28,280359.28,191509002470
20200919,170000,280349.68,280350.18,280328.23,280328.23,70547246266
20200920,090000,280328.23,280328.23,276646.03,276646.04,181498682067
20200920,130000,276646.03,276646.07,276645.96,276646.07,67368046428
20200920,170000,276646.08,276646.15,276646.08,276646.15,25904298881
20200921,090000,276647.47,276647.47,272601.76,272601.76,49277272461
20200921,130000,272599.92,272599.92,272599.92,272599.92,2682993996
20200921,170000,272587.48,272587.48,272587.48,272587.48,2682979522
20200922,090000,272587.48,272587.48,270533.45,270609.68,291062470151
20200922,130000,270609.8,270610.4,270600.11,270600.33,334273807191
20200922,170000,270600.35,270600.59,270600.05,270600.57,243836819779
20200923,090000,270592.01,271912.35,270592.01,270953.38,311903366876
20200923,130000,270953.39,270953.44,270953.27,270953.27,150302358917
20200923,170000,270953.29,270953.34,270953.29,270953.32,53486782743
20200926,090000,270921.84,271515.97,270324.19,270324.69,199153952706
20200926,130000,270324.71,270325.46,270324.61,270325.44,169185029945
20200926,170000,270284.99,270284.99,270284.99,270284.99,6249053346
20200927,090000,270284.99,270284.99,267180.52,267181.2,114154952744
20200927,130000,267181.11,267181.6,267181.11,267181.6,136284150897
20200928,090000,267127.99,267127.99,263599.56,263599.69,26873132118
20200928,170000,263596.97,263596.97,263596.97,263596.97,1412376702
20200929,090000,263596.97,263596.97,261064.98,261064.98,231051165765
20200929,130000,261065.09,261065.09,261065.09,261065.09,8875098066
20200929,170000,261065.1,261065.1,261062.71,261062.71,17750196132
20200930,090000,261062.71,261106.12,260423.98,260525.18,227982172950
20200930,170000,260524.42,260524.42,260524.42,260524.42,8102297751
20201003,090000,260524.42,262559.5,260524.42,262559.34,209791520187
20201003,170000,262547.25,262547.25,262547.25,262547.25,6394898291
20201004,090000,262547.25,263229.07,261257.24,261257.24,356722685791
20201004,130000,261257.25,261333.83,261256.92,261256.92,515380181899
20201004,170000,261245.27,261245.27,261245.27,261245.27,13210031123
20201005,090000,261245.27,261245.27,259370.61,259976.08,244968350281
20201005,130000,259976.23,259976.23,259976.23,259976.23,8484418096
20201005,170000,259975.14,259975.14,259975.14,259975.14,8484417730
20201006,090000,259975.14,263483.45,259975.14,263483.03,172702303691
20201006,170000,263486.91,263486.91,263486.91,263486.91,5573399420
20201007,090000,263486.91,266810.26,263486.91,266810.23,200995172491
20201007,130000,266810.2,266810.2,266809.71,266809.71,37008044995
20201007,170000,266810.23,266810.23,266810.23,266810.23,7400759634
20201010,090000,266810.23,269032.87,266810.23,268985.03,214048185580
20201010,130000,268984.91,268985.07,268984.91,268985.07,12511707896
20201010,170000,268981.85,268981.85,268981.85,268981.85,6255852885
20201011,090000,268981.85,274740.67,268981.85,274548.07,227805218511
20201011,130000,274545.79,274545.79,274537.06,274537.06,117689458598
20201011,170000,274533.42,274533.42,274533.42,274533.42,11768804405
20201012,090000,274533.42,274731.51,272870.22,272870.22,357475341822
20201012,130000,272870.26,272870.37,272870.26,272870.36,45482893567
20201012,170000,272870.32,272870.32,272864.19,272864.19,30321656538
20201013,090000,272864.19,272864.19,271320.91,271526,295094246195
20201013,130000,271526.26,271526.26,271526.26,271526.26,10724767912
20201013,170000,271526.21,271526.21,271525.93,271525.94,117952064079
20201014,090000,271525.06,271557.96,269863.74,269897.62,178895343676
20201014,130000,269899.09,269927.65,269899.09,269927.65,153303286965
20201014,170000,269903.32,269903.32,269903.32,269903.32,5884201996
20201018,090000,269903.32,269903.32,266289.69,266289.91,113916400217
20201018,130000,266289.87,266289.87,266288.82,266288.86,66850291635
20201018,170000,266287.11,266287.11,266287.11,266287.11,3337279128
20201019,090000,266287.11,266287.11,262544.88,262544.88,50279488983
20201019,130000,262544.65,262544.65,262529.5,262529.5,14850351894
20201019,170000,262495.23,262495.23,262495.23,262495.23,1484770438
20201020,090000,262495.23,262495.23,258764.79,258764.79,34945991674
20201020,130000,258764.9,258764.9,258764.9,258764.9,3401250927
20201020,170000,258735.76,258735.76,258735.76,258735.76,3401250927
20201021,090000,258735.76,259494.38,258025.28,258025.44,308011266106
20201021,130000,258025.26,258031.1,258025.26,258031.1,40682849997
20201021,170000,258031.09,258031.09,258026.26,258026.26,20340892628
20201024,090000,258026.26,258026.26,254906.2,254906.2,86758511650
20201024,130000,254906.61,254906.61,254906.61,254906.61,2568914826
20201024,170000,254906.94,254906.94,254906.94,254906.94,2568914826
20201026,090000,254906.94,254906.94,251775.25,251775.45,103697965900
20201026,130000,251775.46,251776.05,251775.46,251776.05,36156103180
20201027,090000,251732.39,251732.39,248957.62,248958,133038618825
20201027,130000,248958.17,248958.75,248958.17,248958.75,23109690780
20201027,170000,248961.72,248991.23,248961.72,248991.23,27714748010
20201028,090000,248991.23,248991.23,246923.59,246923.65,149487708403
20201028,130000,246923.29,246924.42,246905.01,246905.29,146868903975
20201028,170000,246906.61,246906.61,246906.61,246906.61,5610643243
20201031,090000,246906.61,248281.01,246906.61,247450.09,174817214120
20201031,130000,247448.43,247800.06,247448.43,247799.07,52041497144
20201031,170000,247792.87,247792.87,247792.87,247792.87,6504434159
20201101,090000,247792.87,247792.87,245580.59,245580.59,139218584983
20201101,130000,245581.24,245581.87,245581.24,245581.87,29783577630
20201101,170000,245576.67,245576.67,245576.67,245576.67,4956633713
20201102,090000,245576.67,245576.67,244116.39,244117.04,140709831513
20201102,130000,244117.03,244117.96,244117.03,244117.96,41771586425
20201102,170000,244117.95,244117.97,244116.34,244116.34,15648488364
20201104,090000,244116.34,245545.04,244116.34,245544.96,157853518733
20201104,130000,245545.1,245545.1,245545.09,245545.09,10536879436
20201104,170000,245541.1,245541.1,245541.1,245541.1,5268439718
20201107,090000,245541.1,245541.1,243337.74,243337.74,173964917954
20201107,130000,243337.72,243369.29,243337.72,243369.29,60998734629
20201107,170000,243373.06,243373.06,243373.06,243373.06,5541613371
20201108,090000,243373.06,243373.06,241577.51,241599.14,28377520153
20201108,130000,241599.33,241604.66,241599.33,241604.66,3304929562
20201109,090000,241604.66,241604.66,239772.89,239773.05,210359528489
20201109,130000,239773.11,239774.46,239773.11,239774.46,175696865271
20201109,170000,239774.47,239777.5,239757.38,239757.38,72950482435
20201110,090000,239757.38,240215.52,238966.84,238966.9,241061959938
20201110,130000,238966.95,238970.37,238966.95,238969.78,249013927672
20201110,170000,238969.79,238974.02,238969.63,238974.02,90536627907
20201111,090000,238974.02,239320.07,238790.48,239044.05,213889183766
20201111,130000,239043.99,239044.08,239043.93,239044.08,68444960153
20201111,170000,239044.09,239052.39,239044.09,239052.39,42772861520
20201114,090000,239052.39,242015.01,239052.39,242014.93,118595176344
20201114,130000,242014.82,242014.82,242014.82,242014.82,4122869933
20201114,170000,242018.53,242018.53,242018.53,242018.53,0
20201115,090000,242018.53,243490.44,242018.53,242062.27,412460577829
20201115,130000,242062.17,242062.18,242062.15,242062.15,80612994455
20201115,170000,242062.53,242066.01,242062.53,242066.01,48302966085
20201116,090000,242066.01,242495,241663.96,242415.47,229221624072
20201116,130000,242415.6,242415.6,242415.47,242415.47,52793486516
20201116,170000,242422.33,242422.33,242422.33,242422.33,8798789306
20201117,090000,242422.33,245431.67,242422.33,245431.5,218618620604
20201117,130000,245431.26,245431.26,245428.99,245428.99,303249447589
20201117,170000,245428.9,245433.66,245382.8,245382.8,95299321192
20201118,090000,245382.8,249770.57,245382.8,249768.42,187472317696
20201118,130000,249768.25,249768.45,249706.1,249706.1,157232239456
20201118,170000,249702.33,249702.33,249702.33,249702.33,6549654751
20201121,090000,249702.33,251756.97,249702.33,251210.85,455423716514
20201121,130000,251210.76,251210.76,251210.71,251210.71,39334575224
20201121,170000,251210.66,251210.66,251196.21,251196.21,39334004098
20201122,090000,251196.21,251196.21,249143.91,250614.37,430443595779
20201122,130000,250614.34,250614.36,250614.13,250614.36,85536655939
20201122,170000,250614.35,250614.35,250605.9,250605.9,51320893707
20201123,090000,250605.9,253829.92,250605.9,253829.92,306241840868
20201123,130000,253829.97,253829.97,253812.09,253812.09,56129867176
20201124,090000,253812.09,256590.05,253812.09,255752.41,486618057478
20201124,130000,255752.5,255752.52,255752.47,255752.52,86010748410
20201124,170000,255757.21,255757.21,255757.21,255757.21,21502659346
20201125,090000,255757.21,258737.46,255757.21,258737.46,370945762145
20201125,130000,258737.48,258737.48,258737.18,258737.19,72348626687
20201125,170000,258737.16,258738.96,258737.16,258738.96,28939431998
20201128,090000,258738.96,262929.48,258738.96,262929.48,435174502034
20201128,130000,262929.35,262929.35,262928.02,262928.02,86410346974
20201128,170000,262929.14,262929.14,262929.14,262929.14,17281599312
20201129,090000,262929.14,269022.59,262929.14,269022.47,439242437569
20201129,130000,269022.45,269022.45,269021.51,269021.51,63261718011
20201129,170000,269021.5,269029.03,269021.5,269029.03,31628274236
20201130,090000,269029.03,273575.11,269029.03,273574.9,373881841416
20201130,130000,273574.91,273574.91,273572.92,273572.93,71674343535
20201130,170000,273578.01,273578.01,273578.01,273578.01,14334810815
20201201,090000,273578.01,274962.64,273014.91,274962.64,317481689360
20201201,130000,274962.65,274962.65,274954.75,274954.75,76451758899
20201201,170000,274948.09,274948.09,274948.09,274948.09,12741601481
20201202,090000,274948.09,277617.98,274948.09,277103.93,372992178049
20201202,130000,277097.94,277097.94,277090.66,277090.68,221336423380
20201202,170000,277090.67,277097.54,277090.67,277097.54,27665985210
20201205,090000,277097.54,282794.61,277097.54,282791.41,264808082671
20201205,130000,282790.22,282790.25,282790.22,282790.25,21331641552
20201205,170000,282790.26,282792.98,282790.26,282792.98,31996041879
20201206,090000,282792.98,289516.88,282792.98,289473.62,302407689166
20201206,130000,289473.66,289473.77,289473.66,289473.75,37472371976
20201206,170000,289483.16,289483.16,289483.16,289483.16,12490671592
20201207,090000,289483.16,291849.18,289483.16,289997.52,533274164538
20201207,130000,289997.73,289999.98,289915.03,289915.03,457993797696
20201207,170000,289913.47,289913.47,289911.41,289911.41,109044771969
20201208,090000,289911.41,291277.48,289672.89,290987.45,404306243836
20201208,130000,290987.44,290988.05,290983.17,290983.17,54890122462
20201208,170000,290960.51,290960.51,290960.51,290960.51,13722271110
20201209,090000,290960.51,295288.58,290960.51,295288.48,251101734554
20201209,130000,295288.56,295288.56,295288.53,295288.53,21596669423
20201209,210000,295283.25,295283.25,295283.25,295283.25,10798310493
20201212,090000,295283.25,300392.97,295283.25,299403.94,327693294096
20201212,130000,299403.75,299403.89,299403.49,299403.49,175292521875
20201212,170000,299403.48,299403.48,299287.79,299287.79,29186718482
20201213,090000,299287.79,299287.79,297789.19,298750.47,264069937199
20201213,130000,298750.44,298750.91,298713.1,298713.1,163049530554
20201213,170000,298713.09,298713.09,298712.39,298712.39,23288349980
20201214,090000,298712.39,299835.95,295876.38,295876.47,360221476677
20201214,130000,295871.16,295871.16,295851.92,295851.92,56340008032
20201214,170000,295855.11,295855.11,295855.11,295855.11,14084995290
20201215,090000,295855.11,295855.11,288814.71,288814.71,155766782683
20201215,130000,288815.29,288815.29,288815.29,288815.29,6521500010
20201215,170000,288823.47,288823.47,288823.47,288823.47,6521500010
20201216,090000,288823.47,288823.47,285001.07,285799.1,366997384659
20201216,130000,285802.69,285809.9,285709.83,285709.83,384978700909
20201216,170000,285667.41,285667.41,285667.41,285667.41,12418526590
20201219,090000,285667.41,291454.59,285667.41,291454.59,262508136063
20201219,170000,291463.58,291463.58,291463.58,291463.58,10053695004
20201220,090000,291463.58,293687.14,291463.58,293151.73,242324051095
20201220,170000,293145.45,293145.45,293145.45,293145.45,9046000513
20201221,090000,293145.45,296171.8,293083.12,296143.56,251101844273
20201221,130000,296143.69,296143.69,296143.69,296143.69,9016270370
20201221,170000,296145.86,296145.86,296145.86,296145.86,9016270370
20201222,090000,296145.86,301360.15,296145.86,301360.13,291358804186
20201222,170000,301360.1,301370.92,301360.1,301370.92,21218852910
20201223,090000,301370.92,306677.48,301370.92,306677.44,227442005651
20201223,130000,306677.41,306677.47,306653.76,306653.76,66355860612
20201223,170000,306675.22,306675.22,306675.22,306675.22,9479300241
20201226,090000,306675.22,309984.95,306675.22,309972.28,268987113722
20201226,130000,309968.31,309968.31,309921.89,309921.89,318515172263
20201226,170000,309915.25,309915.25,309881.16,309893.05,70642730553
20201227,090000,309893.05,310468.51,309002.44,309053.14,257023904910
20201227,130000,309049.12,309054.27,309049.12,309054.27,189321325657
20201227,170000,309054.23,309054.23,309049.83,309049.83,19927958856
20201228,090000,309049.83,309282.1,307071.98,307079.08,205881083928
20201228,130000,307079.07,307079.52,307078.96,307079.52,73582822036
20201228,170000,307088.56,307088.56,307088.56,307088.56,8175612980
20201229,090000,307088.56,307108.67,304194.34,304694.49,207798104769
20201229,130000,304694.5,304694.95,304658.79,304659.15,222510156942
20201229,170000,304659.18,304663.27,304659.16,304659.16,32925672292
20201230,090000,304663.27,305085.45,303537.79,303537.79,184609024372
20201230,130000,303537.9,303537.95,303532.92,303532.92,94223765900
20201230,170000,303532.77,303533.28,303532.71,303533.28,23520242511
20210102,090000,303533.28,303533.28,297943.11,297943.35,183517940856
20210102,130000,297943.49,297943.49,297943.49,297943.49,6065595670
20210102,170000,297944.4,297944.4,297944.4,297944.4,6065577245
20210103,090000,297944.4,298766.65,297425.87,298296.93,247753215581
20210103,130000,298296.9,298296.9,298296.85,298296.85,17850234740
20210103,170000,298291.61,298291.61,298291.61,298291.61,8925080297
20210104,090000,298291.61,302728.02,298291.61,302728.02,192438622016
20210104,130000,302727.96,302730.62,302727.93,302730.62,52752630780
20210105,090000,302730.62,304623.47,302730.62,304623.2,256231052092
20210105,170000,304628.15,304628.15,304628.15,304628.15,8904611865
20210106,090000,304628.15,304986.17,301207.71,301477.82,225207726572
20210106,130000,301477.88,301478.33,301477.88,301478.33,59601826339
20210106,170000,301479.2,301479.2,301479.2,301479.2,8503250697
20210109,090000,301479.2,302452.75,300977.94,300978.3,263678013341
20210109,130000,300978.38,300978.59,300978.38,300978.46,61740546568
20210109,170000,300924.13,300924.13,300924.13,300924.13,10288013861
20210110,090000,300924.13,305402.75,300924.13,305402.75,244369918737
20210110,170000,305401.62,305401.62,305401.62,305401.62,8673533792
20210111,090000,305401.62,307518.81,305401.62,307173.93,262647516095
20210111,130000,307170.02,307170.02,307169.35,307169.35,19359365173
20210111,170000,307173.62,307173.62,307173.62,307173.62,9679608401
20210112,090000,307173.62,307376.18,303138.21,303138.47,195728894090
20210112,130000,303138.49,303138.54,303138.49,303138.53,20484559209
20210112,170000,303085.89,303085.89,303085.89,303085.89,6828156829
20210113,090000,303085.89,303085.89,297584.91,297585.08,300905554007
20210113,130000,297585.19,297603.87,297584.94,297603.87,71755863216
20210113,170000,297607.04,297607.04,297607.04,297607.04,10250216369
20210116,090000,297607.04,297607.04,290855.29,290855.33,209885248567
20210116,130000,290855.35,290855.35,290855.12,290855.12,31117474388
20210116,170000,290846.37,290846.37,290846.37,290846.37,7772061093
20210118,090000,290846.37,290846.37,285660.8,285660.81,112812969871
20210118,170000,285857.07,285857.07,285857.07,285857.07,3474278442
20210119,090000,285857.07,285857.07,281628.32,281628.32,264104973013
20210119,130000,281628.47,281629.5,281628.45,281629.5,114641150776
20210119,170000,281629.49,281629.49,281507.82,281507.82,20730597086
20210120,090000,281507.82,283578.55,281507.82,283277.42,157649960821
20210120,130000,283277.32,283277.32,283277.31,283277.31,10391017466
20210120,170000,283278.33,283278.33,283278.33,283278.33,5195508476
20210123,090000,283278.33,288021.98,283278.33,288021.76,130899991948
20210123,130000,288021.55,288021.55,288021.4,288021.4,23685975500
20210123,170000,288021.37,288024.1,288021.37,288024.1,9474319368
20210124,090000,288024.1,290989.5,286181.7,286181.7,480068671001
20210124,130000,286181.89,286182.11,286181.31,286181.31,361141150576
20210124,170000,286181.58,286183.56,286181.58,286183.56,31363135868
20210125,090000,286183.56,286183.56,282871.82,282871.82,278246785303
20210125,130000,282857.24,282857.24,282817.71,282817.71,127897062048
20210125,170000,282817.7,282820.33,282817.7,282820.33,18233228068
20210126,090000,282820.33,282940,279180.28,279180.28,230302711512
20210126,130000,279180.36,279181.61,279180.36,279181.61,149410982727
20210126,170000,279183.7,279183.7,279183.7,279183.7,7457362670
20210127,090000,279183.7,279183.7,277233.57,277777.5,249237271679
20210127,130000,277775,277775,277717.1,277717.1,155894134463
20210127,170000,277714.44,277714.44,277714.44,277714.44,8643069142
20210130,090000,277714.44,282514.04,277714.44,282513.97,169814497992
20210130,130000,282513.98,282513.98,282513.98,282513.98,5547353539
20210130,170000,282518.41,282518.41,282518.41,282518.41,5547352978
20210131,090000,282518.41,284758.55,282225.18,282225.55,352908043579
20210131,130000,282225.53,282225.53,282225.53,282225.53,12335680710
20210131,170000,282236.02,282236.02,282236.02,282236.02,12335676777
20210201,090000,282236.02,282236.02,280981.15,280981.25,236464824937
20210201,130000,280981.4,280983.06,280981.4,280983.06,64783430041
20210201,170000,280987.54,280987.54,280987.54,280987.54,8087403913
20210202,090000,280987.54,280987.54,279520.17,279625.19,252677641227
20210202,130000,279625.41,279625.41,279625.41,279625.41,11158724947
20210202,170000,279626.6,279626.6,279626.6,279626.6,11158724947
20210203,090000,279626.6,280447.25,276747.2,276747.29,243186350113
20210203,170000,276738.31,276738.31,276738.31,276738.31,8053844799
20210206,090000,276738.31,276738.31,272141.08,272148.11,180001727905
20210206,130000,272148.99,272150.87,272045.58,272050.61,200184838819
20210206,170000,272052.91,272052.91,272052.91,272052.91,5822912944
20210207,090000,272052.91,275305.46,271792.1,275305.39,166254579755
20210207,170000,275313.34,275313.34,275313.34,275313.34,5250429327
20210208,090000,275313.34,276477.42,274737.31,274752.96,362167067586
20210208,130000,274752.8,274756.3,274752.49,274756.28,319929741251
20210208,170000,274756.27,274756.42,274740.07,274740.07,120891118200
20210209,090000,274740.07,276683.77,274576.92,276683.77,218402463756
20210209,170000,276680.38,276680.38,276680.38,276680.38,7656883837
20210213,090000,276680.38,284892.93,276680.38,284892.88,189680781337
20210213,130000,284892.48,284892.48,284891.59,284891.99,20436949261
20210213,170000,284897.81,284897.81,284897.81,284897.81,6812020606
20210214,090000,284897.81,286658.44,284897.81,285853.04,335962704203
20210214,130000,285853.03,285853.12,285853.03,285853.11,33069110548
20210214,170000,285853.26,285856.7,285853.26,285856.7,33057098454
20210215,090000,285856.7,286032.55,285707.28,285937.22,182354616187
20210215,130000,285937.23,285944.48,285937.23,285944.48,88246317589
20210215,170000,285899.18,285899.18,285899.18,285899.18,5874082757
20210216,090000,285899.18,286421.46,285899.18,286421.46,101284288029
20210216,130000,286421.54,286421.65,286421.54,286421.65,7293122710
20210216,170000,286348.45,286348.45,286348.45,286348.45,3646485701
20210217,090000,286348.45,287092.35,286348.45,286957.78,106091055015
20210217,130000,286957.86,286957.86,286957.86,286957.86,3468204092
20210217,170000,286957.88,286957.88,286930.66,286930.66,13861562088
20210220,090000,286930.66,287327.7,286513.91,286513.91,91063051384
20210220,130000,286513.83,286513.91,286513.83,286513.91,6398215000
20210220,170000,286511.31,286511.31,286511.31,286511.31,3198918306
20210221,090000,286511.31,286511.31,285761.6,285761.6,33849501623
20210221,130000,285757.58,285759.27,285757.58,285759.27,2293281844
20210221,170000,285656.23,285656.23,285656.23,285656.23,1146390922
20210222,090000,285656.23,285656.23,284953.4,284953.4,43124132409
20210222,170000,284951.84,284951.84,284951.84,284951.84,1590353839
20210223,090000,284951.84,284951.84,284300.1,284300.16,93583309777
20210223,130000,284300.34,284309.06,284300.34,284309.06,58609893249
20210223,170000,284309.26,284309.26,284306.4,284306.4,11721123000
20210224,090000,284306.4,284393.09,283838.04,283838.04,96203799981
20210224,130000,283838.37,283838.76,283838.37,283838.76,12909641026
20210224,170000,283838.74,283838.74,283773.01,283773.01,6451519866
20210227,090000,283773.01,283773.01,283112.73,283112.78,53355239748
20210227,130000,283112.79,283112.85,283112.79,283112.85,5486396287
20210227,170000,283123.2,283123.2,283123.2,283123.2,1822227260
20210228,090000,283123.2,283123.2,282450.94,282451.56,34097090875
20210228,130000,282451.59,282459.71,282451.59,282459.71,10595944137
20210228,170000,282459.73,282463.38,282459.73,282463.38,7401993044
20210301,090000,282463.38,282463.38,281826.67,281826.67,87153162187
20210301,170000,281826.65,281832.3,281826.65,281832.3,6663982340
20210302,090000,281832.3,282419.09,281832.3,281955.16,136667487894
20210302,130000,281955.19,281962.56,281953.66,281962.26,164066160793
20210302,170000,281962.27,281967.87,281962.27,281967.87,17998805109
20210303,090000,281967.87,282096.89,281720.03,281720.03,76630117273
20210303,170000,281704.22,281704.22,281704.22,281704.22,2713168043
20210306,090000,281704.22,281818.16,281488.34,281488.58,59081139540
20210306,130000,281488.66,281489.3,281488.66,281489.3,13841308391
20210306,170000,281494.55,281494.55,281494.55,281494.55,1975399821
20210307,090000,281494.55,281623.82,281385.55,281434.11,134033569351
20210307,130000,281434.14,281434.56,281434.14,281434.56,17701147139
20210307,170000,281434.6,281434.81,281266.37,281266.37,17694665697
20210308,090000,281266.37,282076.14,281266.37,282042.94,173254653339
20210308,130000,282042.9,282044.5,282042.85,282044.5,20003319090
20210308,170000,282040.16,282040.16,282040.16,282040.16,6664175236
20210309,090000,282040.16,282669.27,282040.16,282230.99,166931308348
20210309,130000,282230.93,282230.93,282230.68,282230.69,66499315829
20210309,170000,282051.35,282051.35,282051.35,282051.35,6038212391
20210310,090000,282051.35,282051.35,281689.67,281699.33,74028197628
20210310,130000,281699.35,281699.36,281699.35,281699.35,8592443461
20210310,170000,281666.56,281666.56,281666.56,281666.56,2858107825
20210313,090000,281666.56,282614.99,281666.56,282614.98,140575012475
20210313,130000,282615.07,282637.72,282615.07,282637.72,146428469279
20210313,170000,282641.91,282644.62,282588.19,282588.19,98974413201
20210314,090000,282588.19,283431.73,282588.19,283258.49,201612479225
20210314,130000,283258.5,283258.5,283258.45,283258.45,15911484743
20210314,170000,283261.64,283261.64,283261.64,283261.64,7955737604
20210315,090000,283261.64,283681.4,283104.9,283617.04,128800574931
20210315,130000,283617.07,283617.07,283617.05,283617.05,11457568610
20210315,170000,283516.03,283516.03,283516.03,283516.03,5728688212
20210316,090000,283516.03,285528.45,283516.03,285528.43,170690080501
20210316,130000,285528.56,285529.76,285528.56,285529.23,27329999383
20210316,170000,285481.04,285481.04,285481.04,285481.04,6832208157
20210317,090000,285481.04,286710.73,285481.04,286695.55,138210683269
20210317,130000,286695.56,286695.56,286695.56,286695.56,5267263168
20210317,210000,286695.59,286695.59,286533.51,286533.51,15801375609
20210327,090000,286533.51,287851.81,286533.51,287851.16,157389281695
20210327,130000,287851,287852.1,287850.81,287851.7,162586692884
20210327,170000,287851.73,287857.95,287851.72,287857.95,18049656356
20210328,090000,287857.95,288461.42,287857.95,288320.88,120900591669
20210328,170000,288325.52,288325.52,288325.52,288325.52,4237448991
20210330,090000,288325.52,288581.81,288322.4,288505.53,89897501498
20210330,130000,288505.87,288505.87,288505.87,288505.87,3063023474
20210330,170000,288512.52,288512.52,288512.52,288512.52,3063023474
20210331,090000,288512.52,288801.11,288386.3,288386.32,69422466517
20210331,130000,288387.96,288387.96,288387.96,288387.96,2420645005
20210403,090000,288387.96,288387.96,287388.64,287388.68,41393435507
20210403,130000,287388.69,287388.69,287388.4,287388.4,2877292455
20210403,170000,287392.29,287392.29,287392.29,287392.29,1438577569
20210404,090000,287392.29,287392.29,286608.15,286608.15,21624463696
20210404,130000,286607.89,286607.89,286607.89,286607.89,833646502
20210404,170000,286610.76,286610.76,286610.76,286610.76,833646502
20210405,090000,286610.76,286610.76,285994.6,285994.68,75454424298
20210405,170000,285996.18,285996.18,285996.18,285996.18,2745085592
20210406,090000,285996.18,286003.85,285345.18,285600.83,89763747718
20210406,170000,285601.7,285601.7,285601.7,285601.7,2787025196
20210407,090000,285601.7,285601.7,284782.89,284782.89,28870173596
20210407,130000,284782.94,284782.96,284735.34,284735.34,3210323734
20210410,090000,284735.34,284735.34,284123.29,284123.3,17688067056
20210410,130000,284123.93,284125.25,284123.93,284125.25,1176793102
20210410,170000,284099.64,284099.64,284099.64,284099.64,588396551
20210411,090000,284099.64,284099.64,283557.05,283557.05,35352078306
20210411,130000,283560.26,283566.1,283560.26,283566.1,3965758755
20210412,090000,283566.1,283566.1,283127.39,283127.39,66477596359
20210412,130000,283127.41,283131.48,283127.41,283131.35,21707143095
20210412,170000,283131.32,283139.36,283131.29,283139.36,12042272977
20210413,090000,283139.36,283677.9,283139.36,283471.38,153072009107
20210413,130000,283471.41,283471.71,283471.2,283471.33,124577936788
20210413,170000,283480.15,283480.15,283480.15,283480.15,5631016817
20210414,090000,283480.15,283480.15,282951.59,282955.84,90274741276
20210414,130000,282927.79,282927.79,282927.79,282927.79,2980081548
20210417,090000,282927.79,282927.79,282197.64,282197.64,24533290730
20210417,130000,282119.89,282119.89,282119.89,282119.89,885610263
20210418,090000,282119.89,282119.89,281532.89,281532.89,17552334325
20210418,130000,281537.44,281537.44,281537.44,281537.44,629873549
20210419,090000,281537.44,281537.44,281066.85,281071.92,57150076188
20210419,130000,281072.41,281080.45,281072,281075.6,27386063331
20210420,090000,281075.6,281087.2,280959.44,281010.98,113479062790
20210420,130000,281010.94,281010.94,281010.63,281010.63,30990052752
20210420,170000,281018.06,281018.06,281018.06,281018.06,4424916507
20210421,090000,281018.06,281018.06,279597.14,279967.94,50429710035
20210421,130000,279968.1,279968.1,279968.1,279968.1,2011432262
20210421,170000,279959.82,279959.82,279959.82,279959.82,2011429984
20210424,090000,279959.82,279959.82,279024.17,279298.24,44189354997
20210424,130000,279298.23,279306.86,279298.22,279306.86,11952304659
20210425,090000,279306.86,279306.86,278691.54,278691.58,37480533876
20210425,170000,278699.9,278699.9,278699.9,278699.9,1216771556
20210426,090000,278699.9,278699.9,278129.25,278129.25,74624349649
20210426,130000,278129.24,278140.08,278129.24,278140.08,6113680896
20210427,090000,278140.08,278403.33,278098.57,278249.52,143040828739
20210427,130000,278249.51,278249.66,278249.44,278249.46,79794619841
20210427,170000,278249.47,278257.74,278249.47,278257.74,29900785208
20210428,090000,278257.74,278496,278121.64,278122.11,147570152787
20210428,130000,278120.77,278133.87,278120.52,278133.87,16311426148
20210501,090000,278133.87,278133.87,277087.11,277087.11,110761433767
20210501,130000,277087.19,277096.71,277087.19,277096.71,7403539498
20210502,090000,277096.71,277096.71,276317.28,276317.42,51919851339
20210502,130000,276317.35,276317.35,276317.25,276317.3,14305950619
20210502,170000,276319.66,276319.66,276319.66,276319.66,2041457656
20210503,090000,276319.66,276319.66,275364.83,275364.9,42559312887
20210503,170000,275198.1,275198.1,275198.1,275198.1,1589299529
20210505,090000,275198.1,275216.17,275082.74,275082.84,105666011295
20210505,130000,275082.85,275082.85,274932.04,274932.04,21455207950
20210508,090000,274932.04,274952.36,274388.14,274388.14,57103170325
20210508,130000,274388.09,274388.09,274252.9,274252.9,7584408444
20210509,090000,274252.9,274252.9,273468.22,273468.22,44442527510
20210509,130000,273468.39,273468.46,273467.38,273467.38,8168257758
20210510,090000,273467.38,273467.38,271947.84,271979.47,101601724049
20210510,130000,272052.46,272326.78,272052.46,272326.78,53669592396
20210510,170000,272088.07,272088.07,272088.07,272088.07,4471853076
20210511,090000,272088.07,272677.3,272088.07,272209.13,114786552609
20210511,130000,272209.35,272209.35,272209.3,272209.3,8990675647
20210511,170000,272088.24,272088.24,272088.24,272088.24,4495270628
20210512,090000,272088.24,272412.82,271176.47,271187.4,105382669949
20210512,130000,271187.43,271188.3,271187.34,271187.34,44114938233
20210512,170000,271084.97,271084.97,271084.97,271084.97,3672387461
20210515,090000,271084.97,271084.97,269160.09,269160.09,77468595049
20210515,130000,269160.13,269160.56,269160.08,269160.56,9125436734
20210515,170000,269017.75,269017.75,269017.75,269017.75,3040412416
20210516,090000,269017.75,269017.75,266291.63,266291.63,128308194398
20210516,130000,266291.68,266291.69,266291.41,266291.41,28609530141
20210516,170000,266241.1,266241.1,266241.1,266241.1,4768075442
20210517,090000,266241.1,266241.1,263560.43,263560.44,50626979467
20210517,130000,263560.42,263560.48,263560.42,263560.48,8451995021
20210517,170000,263279.35,263279.35,263279.35,263279.35,2108049435
20210518,090000,263279.35,263279.35,260827.47,260827.47,108180535830
20210518,130000,260827.26,260828.23,260822.27,260822.33,166739591904
20210518,170000,260822.45,260841.22,260789.67,260789.67,43635997468
20210519,090000,260789.67,260789.67,257011.32,257011.32,74747659660
20210519,170000,256973.61,256973.61,256973.61,256973.61,2837606733
20210522,090000,256973.61,256973.61,253803.08,253803.08,76969721821
20210522,130000,253803.06,253828.77,253803.06,253828.77,72226320108
20210522,170000,253829.05,253844.03,253633.34,253633.34,40937272510
20210523,090000,253633.34,253633.34,251076.4,251076.49,77648621350
20210523,130000,251076.57,251084.56,251076.57,251084.56,19215119956
20210523,170000,251000.78,251000.78,251000.78,251000.78,2736872962
20210524,090000,251000.78,251000.78,247768.09,247768.1,63780257789
20210524,130000,247768.06,247768.06,247768.06,247768.06,3100436104
20210524,170000,247768.12,247768.12,247743.92,247743.92,6200721592
20210525,090000,247743.92,248004.92,245199.53,247495.17,93111250279
20210525,130000,247495.54,247495.61,247495.53,247495.61,15319903366
20210525,170000,247415.92,247415.92,247415.92,247415.92,3828842175
20210526,090000,247415.92,247861.99,247415.92,247608.55,77337832375
20210526,130000,247608.56,247608.56,247608.46,247608.46,9569438796
20210526,170000,247437.9,247437.9,247437.9,247437.9,3187572389
20210529,090000,247437.9,249136.31,247437.9,249028.01,150270053417
20210529,130000,249035.96,249035.96,249035.96,249035.96,5192026986
20210529,170000,248860.2,248860.2,248860.2,248860.2,5192026986
20210530,090000,248860.2,250178.82,248799.47,248799.76,176695896949
20210530,130000,248795.7,248795.7,248795.7,248795.7,6544527106
20210530,170000,248749.11,248749.11,248749.11,248749.11,6544526193
20210531,090000,248749.11,248749.11,247113.26,247113.32,112072769906
20210531,170000,247095.24,247095.24,247095.24,247095.24,4231361800
20210601,090000,247095.24,247095.24,246044.85,246045.19,96005415328
20210601,130000,246045.24,246045.24,246045.24,246045.24,3867028257
20210601,170000,245958.09,245958.09,245958.09,245958.09,3867028257
20210602,090000,245958.09,246559.64,245958.09,246384.09,98980374613
20210602,130000,246384.05,246384.69,246384.05,246384.39,17393334402
20210607,090000,246384.39,247542.65,246384.39,247539.69,126470313105
20210607,170000,247413.64,247413.64,247413.64,247413.64,4346687369
20210608,090000,247413.64,248656.12,247413.64,247488.45,179607013975
20210608,130000,247488.41,247488.41,247488.4,247488.4,14448019920
20210608,170000,247379.55,247379.55,247379.55,247379.55,7224006707
20210609,090000,247379.55,247379.55,245316.27,245316.32,147626834818
20210609,170000,245024.7,245024.7,245024.7,245024.7,5282897554
20210612,090000,245024.7,245118.17,243548.72,243548.72,96118717974
20210612,130000,243548.77,243548.78,243548.77,243548.78,8772213249
20210612,170000,243494.36,243494.36,243494.36,243494.36,4386097640
20210613,090000,243494.36,243494.36,242709.01,242709.01,110744538905
20210613,130000,242708.88,242708.88,242708.88,242708.88,4293739454
20210613,170000,242642.27,242642.27,242642.27,242642.27,4285498371
20210614,090000,242642.27,243130.6,242062.75,242062.76,143785785550
20210614,130000,242062.11,242062.11,242056.48,242056.49,21167054440
20210614,170000,242054.94,242054.94,242054.94,242054.94,5291759110
20210615,090000,242054.94,242094.84,240159.49,240159.49,145691393282
20210615,130000,240159.5,240159.5,240159.5,240159.5,6211631825
20210615,170000,240123.66,240123.66,240123.66,240123.66,6211631825
20210616,090000,240123.66,240123.66,238331.84,238331.84,122746011506
20210616,130000,238331.85,238331.85,238331.85,238331.85,4460517852
20210616,170000,238146.53,238146.53,238146.53,238146.53,4460515642
20210619,090000,238146.53,238378.25,238049.73,238279.18,124749451570
20210619,130000,238279.14,238279.14,238279.14,238279.14,4944265104
20210619,170000,238124.94,238124.94,238124.94,238124.94,4944265104
20210620,090000,238124.94,238390.89,237538.2,237538.24,154565292720
20210620,130000,237538.26,237538.26,237538.04,237538.05,28541854260
20210620,170000,237537.07,237537.07,237537.07,237537.07,5702591827
20210621,090000,237537.07,237613.43,237109.95,237613.43,159651185833
20210621,130000,237625.05,237625.33,237625.05,237625.33,48018772813
20210621,170000,237447.67,237447.67,237447.67,237447.67,6855160451
20210622,090000,237447.67,239472.8,237447.67,239472.19,198108630009
20210622,130000,239472.21,239473.55,239472.21,239473.5,48463021586
20210622,170000,239344.73,239344.73,239344.73,239344.73,6922063457
20210623,090000,239350.67,241708.97,239350.67,241708.93,217625560570
20210623,130000,241708.85,241708.97,241708.85,241708.97,26758136215
20210623,170000,241708.94,241708.94,241578.65,241578.65,17838253086
20210626,090000,241578.65,244441.92,241578.65,244157.55,186372826090
20210626,130000,244157.52,244157.52,244157.52,244157.52,7294613149
20210626,170000,244157.49,244157.49,244082,244082,14588386538
20210627,090000,244082,245438.17,244061.49,244990.19,227212794920
20210627,130000,244990.17,244990.17,244990.16,244990.16,15923660809
20210627,170000,244990.12,244990.12,244990.06,244990.06,23874934872
20210628,090000,244990.06,245201.52,244629.34,244915.26,201987402684
20210628,130000,244915.35,244915.39,244915.35,244915.38,23182305921
20210628,170000,244915.37,244915.38,244825.38,244825.38,23180797298
20210629,090000,244825.38,245596.99,244825.38,245002.98,176918419968
20210629,130000,245003.03,245003.03,245003.03,245003.03,6460210476
20210629,170000,245003.02,245003.02,244947.97,244947.97,12920320952
20210630,090000,244947.97,246004.81,244947.97,246004.81,151653726635
20210630,130000,246005.16,246005.26,246005.16,246005.26,12308305759
20210630,170000,246005.22,246005.22,245828.85,245828.85,18460639074
20210703,090000,245828.85,246449.85,244977.22,244977.22,160242126601
20210703,130000,244977.35,244977.35,244977.35,244977.35,6308319007
20210703,170000,244876.44,244876.44,244876.44,244876.44,6308319007
20210704,090000,244876.44,244876.44,243846.77,244422.33,135493665990
20210704,130000,244422.34,244422.34,244385.71,244385.71,74613287492
20210704,170000,244385.68,244385.68,244143.47,244143.47,10658816044
20210705,090000,244143.47,246952.11,244143.47,246951.76,144483602323
20210705,130000,246951.74,246951.74,246951.74,246951.74,5791965079
20210705,170000,246784.11,246784.11,246784.11,246784.11,5791965079
20210706,090000,246784.11,250084.1,246784.11,250075.02,174288512221
20210706,170000,250073.71,250073.71,250073.71,250073.71,6464619858
20210707,090000,250073.71,250894.68,250073.71,250687.14,146584767015
20210707,170000,250687.16,250687.16,250332.51,250332.51,11321711584
20210710,090000,250332.51,250635.14,249849.36,250271.21,140773114425
20210710,130000,250271.2,250271.2,250271.07,250271.07,10553163930
20210710,170000,250104.84,250104.84,250104.84,250104.84,5276527515
20210711,090000,250104.84,253367.33,250104.84,253367.33,166940321426
20210711,130000,253367.36,253367.36,253367.32,253367.33,40463113825
20210711,170000,253296.77,253296.77,253296.77,253296.77,6743793882
20210712,090000,253296.77,256162.19,253296.77,255239.35,167594657459
20210712,130000,255239.37,255239.38,255239.37,255239.38,13330578580
20210712,170000,255239.37,255239.37,254974.18,254974.18,13329712538
20210713,090000,254974.18,255509.64,254772.5,254772.64,162262996560
20210713,130000,254772.63,254772.84,254772.44,254772.44,20031410518
20210713,170000,254571.69,254571.69,254571.69,254571.69,6676900783
20210714,090000,254571.69,255431.3,254571.69,255431.3,151980866163
20210714,130000,255428.92,255428.92,255380.32,255380.32,44500554192
20210714,170000,255350.67,255350.67,255350.67,255350.67,6355770268
20210717,090000,255350.67,256798.16,255350.67,255968.54,190072247378
20210717,170000,255695.62,255695.62,255695.62,255695.62,7531264197
20210718,090000,255695.62,255779.72,254259.44,254259.59,172714839105
20210718,130000,254259.57,254259.57,254259.51,254259.51,13565507901
20210718,170000,254079.81,254079.81,254079.81,254079.81,6782169555
20210719,090000,254079.81,255819.9,254079.81,255819.9,113542738879
20210719,170000,255819.85,255819.85,255640.39,255640.39,8756636888
20210726,090000,255640.39,256739.15,255640.39,256276.88,92554133380
20210726,130000,256276.85,256276.85,256258.17,256259.62,48176043323
20210726,170000,256259.65,256259.65,255542.29,255542.29,12046817142
20210727,090000,255542.29,255715.56,251563.16,251657.7,136891986436
20210727,130000,251657.77,251657.77,251657.7,251657.7,9817519928
20210727,170000,251658.59,251658.62,251492.16,251492.16,19634033718
20210728,090000,251492.16,251829.78,250759.43,250759.8,128812306512
20210728,130000,250759.92,250759.92,250759.92,250759.92,5442088670
20210728,170000,250760.89,250760.89,250760.89,250760.89,5442088670
20210731,090000,250760.89,253527.29,250760.89,253401.85,162344376658
20210731,170000,253401.82,253401.82,253369.79,253369.79,13436506034
20210801,090000,253369.79,254475.56,253369.79,254108.8,163161098411
20210801,130000,254103.96,254103.96,254102.88,254102.88,24804454174
20210801,170000,254075.91,254075.91,254075.91,254075.91,6201045110
20210802,090000,254075.91,254476.03,253343.21,253344.37,163104642902
20210802,130000,253344.36,253364.15,253344.36,253364.15,40103183405
20210802,170000,253364.2,253364.2,253364.2,253364.2,5721659098
20210803,090000,253364.2,253543.18,253113.27,253218.5,172470854389
20210803,170000,253218.59,253218.59,253193.27,253193.27,19266110613
20210804,090000,253193.27,254820.61,253193.27,254820.38,187365336517
20210804,130000,254820.11,254820.11,254817.18,254817.18,65667253661
20210804,170000,254817.1,254817.1,254787.23,254787.23,21883800870
20210807,090000,254787.23,256323.42,254787.23,255415.16,188698036467
20210807,130000,255415.19,255415.19,255415.03,255415.03,13932145541
20210807,170000,255415.05,255415.07,255413.78,255413.78,20878607559
20210808,090000,255413.78,257648.2,255413.78,257648.13,143806036871
20210808,130000,257648.14,257648.14,257648.14,257648.14,5935254112
20210808,170000,257648.13,257648.33,257647.06,257647.06,23740307065
20210809,090000,257647.06,260780.89,257647.06,260779.92,221134140299
20210809,130000,260779.88,260779.88,260779.88,260779.88,8109835907
20210809,170000,260779.98,260780.08,260777.48,260777.48,24329254611
20210810,090000,260777.48,264203.03,260777.48,264203.03,198956118335
20210810,130000,264203.02,264203.02,264203.01,264203.02,24488312757
20210810,170000,264203.05,264203.05,264201.87,264201.87,24487657203
20210811,090000,264201.87,267233.07,264201.87,266832.01,243840881551
20210811,130000,266831.99,266831.99,266831.44,266831.44,35937193308
20210811,170000,266831.41,266831.41,266706.03,266706.03,17963655816
20210814,090000,266706.03,267857.41,266518.08,266922.27,329895794458
20210814,130000,266922.29,266922.31,266922.22,266922.31,46814401696
20210814,170000,266922.3,266922.3,266922.3,266922.3,11703116632
20210814,210000,266840.91,266840.91,266840.91,266840.91,11703148905
20210815,090000,266840.91,270392.24,266840.91,270392.24,216076726909
20210815,130000,270392.22,270392.29,270392.22,270392.23,53172356599
20210815,170000,270383.15,270383.15,270383.15,270383.15,8861705823
20210822,090000,270383.15,275447.39,270383.15,275248.45,282080103990
20210822,130000,275248.64,275248.65,275248.64,275248.65,22704967752
20210822,170000,275248.63,275251.54,275248.57,275251.54,34042435140
20210823,090000,275251.54,277840.3,275251.54,277840.3,256566816633
20210823,130000,277840.33,277840.33,277840.33,277840.33,10269652475
20210823,170000,277840.3,277840.3,277729.4,277729.4,20539298498
20210824,090000,277729.4,284734.59,277729.4,284721.89,245920261874
20210824,130000,284721.91,284721.91,284721.91,284721.91,9736841709
20210824,170000,284721.93,284722.17,284721.93,284722.17,29210311251
20210825,090000,284722.17,287927.02,284722.17,287927.02,251587750674
20210825,130000,287927.37,287927.41,287927.37,287927.41,21159463776
20210825,170000,287928.04,287964.41,287928.02,287964.41,31738875294
20210828,090000,287964.41,294999.92,287964.41,294999.92,265755742024
20210828,130000,294999.9,294999.93,294999.9,294999.93,20621912539
20210828,170000,294999.96,294999.96,294998.88,294998.88,20621663502
20210829,090000,294998.88,297514.57,294998.88,295004.66,337973010361
20210829,130000,295004.65,295004.65,295004.57,295004.57,28911180175
20210829,170000,295004.59,295004.59,295001.73,295001.73,14455263193
20210830,090000,295001.73,295001.73,286685.04,286709.62,322451680701
20210830,130000,286709.66,286709.66,286709.32,286709.32,22457629838
20210830,170000,286709.33,286709.33,286703.27,286703.27,22455925396
20210831,090000,286703.27,286703.27,279021.56,281992.14,338472685989
20210831,130000,281991.91,281991.91,281991.84,281991.84,25665106663
20210831,170000,281991.87,281992.1,281991.79,281992.1,102659167180
20210901,090000,281992.1,287344.32,281992.1,287344.29,208336819405
20210901,130000,287344.45,287344.45,287344.45,287344.45,8564175128
20210901,170000,287344.44,287344.44,287342.8,287342.8,17128258882
20210904,090000,287342.8,293515.33,287342.8,293056.21,253573523233
20210904,130000,293052.74,293052.74,293052.74,293052.74,9349374326
20210904,170000,293052.75,293058.39,293052.75,293058.39,18698391846
20210905,090000,293058.39,294689.87,292401.29,294689.87,227775987196
20210905,130000,294689.76,294689.76,294689.69,294689.69,26918535439
20210905,170000,294694.08,294694.08,294694.08,294694.08,8972644632
20210906,090000,294694.08,297942.26,294694.08,296329.1,234547889142
20210906,130000,296329.11,296329.11,296328.15,296328.15,19171116541
20210906,170000,296328.14,296328.14,296325.12,296325.12,19170792612
20210907,090000,296325.12,296325.12,293639.35,293639.35,190315198159
20210907,130000,293639.34,293639.44,293639.34,293639.34,24269134883
20210907,170000,293639.35,293639.35,293637.02,293637.02,16178932796
20210908,090000,293637.02,294786.01,293637.02,294108.63,147364284352
20210908,130000,294108.97,294109.15,294108.97,294109.15,12568094690
20210908,170000,294109.13,294110.54,294109.13,294110.54,12567949854
20210911,090000,294110.54,295513.94,292373.32,292373.32,158059150714
20210911,130000,292372.96,292372.99,292370.78,292370.78,19560083412
20210911,170000,292370.75,292371.24,292370.74,292371.24,19559572071
20210912,090000,292371.24,292371.24,283953.31,283988.01,149282484728
20210912,170000,283988.03,283991.79,283988.03,283991.79,11760218536
20210913,090000,283991.79,283991.79,279536.53,280168.2,165522326459
20210913,130000,280168.26,280168.29,280168.26,280168.28,27105500789
20210913,170000,280168.29,280168.29,280166.23,280166.23,13552446586
20210914,090000,280166.23,285167.17,280166.23,285157.96,138419490041
20210914,170000,285157.91,285157.91,285155.24,285155.24,11678594944
20210915,090000,285155.24,285598.48,284240.56,284240.56,129920885335
20210915,130000,284240.52,284240.52,284239.97,284239.97,21792682252
20210915,170000,284239.96,284244.66,284239.96,284244.66,10891797762
20210918,090000,284244.66,284645.99,277597.97,277597.98,164119783490
20210918,170000,277597.97,277603.1,277597.97,277603.1,11620425542
20210919,090000,277603.1,277603.1,271962.85,271962.91,151971544873
20210919,130000,271963.23,271963.23,271963.12,271963.12,12158493879
20210919,170000,271963.13,271971.17,271963.13,271971.17,12158393530
20210920,090000,271971.17,273313.37,271971.17,272978.31,117410857900
20210920,130000,272978.32,272978.32,272978,272978,20395087089
20210920,170000,272978.04,272978.04,272978.04,272978.04,5098571373
20210920,210000,272977.65,272977.65,272977.65,272977.65,5098571373
20210921,090000,272977.65,273404.89,265980.43,265980.43,149372069669
20210921,130000,265980.35,265980.35,265979.91,265979.98,40705451989
20210921,170000,265980.01,265980.01,265978.73,265978.73,11617557318
20210922,090000,265978.73,265978.73,261492.83,262177.77,152660394649
20210922,130000,262177.69,262180.81,262177.61,262180.81,77429491009
20210922,170000,262180.84,262180.84,262180.42,262180.42,12886171886
20210925,090000,262180.42,266876.58,262180.42,266876.23,144521352698
20210925,130000,266876.24,266876.24,266876.24,266876.24,5747556467
20210925,170000,266877.79,266877.79,266877.79,266877.79,5747555915
20210926,090000,266877.79,267309.04,265622.86,265622.86,109593118531
20210926,130000,265622.81,265622.81,265622.81,265622.81,4652684048
20210926,170000,265626.05,265626.05,265626.05,265626.05,4652684048
20210928,090000,265626.05,265697.92,264736.54,264736.54,111355824506
20210928,130000,264736.53,264737.34,264736.49,264737.32,38584748865
20210928,170000,264737.33,264737.33,264736.22,264736.22,9645123698
20210929,090000,264736.22,265524.58,264736.22,265524.52,117857285941
20210929,130000,265524.51,265524.51,265524.49,265524.49,10001241522
20210929,170000,265521.83,265521.83,265521.83,265521.83,5000518771
20211002,090000,265521.83,268249.59,265521.83,268065.44,143506112839
20211002,130000,268065.43,268065.43,268065.43,268065.43,5994461191
20211002,170000,268066.34,268066.34,268066.34,268066.34,5994461140
20211003,090000,268066.34,268257.55,266320.24,266647.68,146159667197
20211003,130000,266647.61,266647.82,266647.61,266647.82,14111527597
20211003,170000,266645.56,266645.56,266645.56,266645.56,7055630221
20211004,090000,266645.56,268519.89,266645.56,268519.89,118501632954
20211004,130000,268518.23,268523.57,268487.53,268487.53,99526791744
20211004,170000,268438.78,268438.78,268438.78,268438.78,4975824181
20211006,090000,268438.78,269663.12,268438.78,269568.67,119960926366
20211006,130000,269568.69,269568.93,269568.69,269568.92,20560682885
20211006,170000,269564.95,269564.95,269564.95,269564.95,5140158335
20211009,090000,269564.95,269716.16,265334.58,265334.59,128640433159
20211009,130000,265334.61,265334.61,265331.04,265331.04,10190432094
20211010,090000,265331.04,265331.04,261610.37,261610.55,97511937963
20211010,130000,261610.54,261611.09,261610.54,261611.08,29299218301
20211010,170000,261612.75,261612.75,261612.75,261612.75,4185293066
20211011,090000,261612.75,262534.04,261028.64,261028.64,82547390934
20211011,130000,261028.56,261028.56,261028.37,261028.47,15156075955
20211011,170000,261006.46,261006.46,261006.46,261006.46,3788688478
20211012,090000,261006.46,261006.46,253320.4,253320.4,131488487893
20211012,130000,253320.39,253320.39,253320.39,253320.39,5118731445
20211012,170000,253316.28,253316.28,253316.28,253316.28,5118731445
20211013,090000,253316.28,253316.28,247772.07,247772.07,116561101140
20211013,130000,247771.92,247771.92,247771.92,247771.92,4886094618
20211013,170000,247771.28,247771.28,247771.28,247771.28,4886080618
20211016,090000,247771.28,253699.64,247771.28,253699.07,122490412075
20211016,130000,253699.06,253699.06,253699.06,253699.06,4392108735
20211016,170000,253696.98,253696.98,253696.98,253696.98,4392107216
20211017,090000,253696.98,254306.81,251256.34,251256.6,126845664182
20211017,130000,251256.61,251256.61,251256.03,251256.35,39497539046
20211017,170000,251227.06,251227.06,251227.06,251227.06,4930419154
20211018,090000,251227.06,251227.06,248408.56,248485.17,105886186368
20211018,130000,248485.26,248485.34,248485.26,248485.32,33603767485
20211018,170000,248485.22,248487.76,248484.96,248487.76,19194156920
20211019,090000,248487.76,251250.48,248487.76,251250.48,101430825391
20211019,130000,251250.45,251250.81,251250.45,251250.69,18041979209
20211019,170000,251147.53,251147.53,251147.53,251147.53,4510391243
20211020,090000,251147.53,251461.29,250464.83,250465.18,81392392391
20211020,130000,250465.04,250465.04,250465.02,250465.02,7421767922
20211020,170000,250463.93,250463.93,250463.93,250463.93,3710883861
20211023,090000,250463.93,250463.93,244673.69,244673.81,120175963234
20211023,130000,244673.8,244680.45,244673.8,244680.42,39935703279
20211023,170000,244624.21,244624.21,244624.21,244624.21,4435812722
20211025,090000,244624.21,244624.21,239627.55,239627.55,110959616627
20211025,130000,239627.34,239627.74,239620,239627.74,27078131400
20211025,170000,239625.06,239625.06,239625.06,239625.06,4511599216
20211026,090000,239625.06,239625.06,237335.43,237335.44,103542241400
20211026,130000,237335.54,237335.65,237335.53,237335.65,20689042507
20211026,170000,237335.66,237335.66,237331.44,237331.44,8272033368
20211027,090000,237331.44,237331.44,236624.6,237299.68,89172443654
20211027,130000,237299.69,237301.45,237298.38,237301.37,52672969906
20211027,170000,237301.25,237301.25,237300.06,237300.06,26267404311
20211030,090000,237300.06,237522.49,233490.78,233490.91,99069176488
20211030,130000,233490.92,233491.69,233490.79,233490.81,54847257236
20211030,170000,233448.44,233448.44,233448.44,233448.44,4569374233
20211031,090000,233448.44,233448.44,226866.05,226866.05,127460650302
20211031,130000,226865.99,226865.99,226865.89,226865.9,21051715550
20211031,170000,226868.42,226868.42,226868.42,226868.42,5262862323
20211101,090000,226868.42,229174.17,226851.23,228836.08,99783519200
20211101,130000,228836.11,228836.32,228834.43,228835.3,25263241142
20211101,170000,228835.32,228835.32,228835.21,228835.21,7210725432
20211102,090000,228835.21,231061.46,228835.21,231061.45,99125536368
20211102,130000,231057.44,231057.44,231055.52,231056.03,28471324111
20211102,170000,231054.95,231054.95,231054.95,231054.95,3557859988
20211103,090000,231054.95,235924.56,231054.95,235924.56,119278467496
20211103,130000,235924.55,235924.55,235922.87,235922.87,21898873709
20211103,170000,235917.35,235917.35,235917.35,235917.35,4379613288
20211106,090000,235917.35,243425.01,235917.35,243424.79,81599923441
20211106,130000,243424.49,243424.49,243424.34,243424.34,10296804888
20211106,170000,243385.36,243385.36,243385.36,243385.36,3432246848
20211107,090000,243385.36,244308.21,242403.28,242403.28,241443152873
20211107,130000,242403.11,242403.11,242403,242403,51719811923
20211107,170000,242400.83,242400.83,242400.83,242400.83,10343729241
20211108,090000,242400.83,242965.43,241956.7,242550.47,214440189365
20211108,130000,242550.49,242550.49,242550.44,242550.44,16560053296
20211108,170000,242550.46,242550.46,242550.1,242550.1,16559959578
20211109,090000,242550.1,243563.62,242550.1,243073.58,198228612566
20211109,130000,243073.59,243073.71,243073.21,243073.21,44350873576
20211109,170000,243081.13,243081.13,243081.13,243081.13,7391292653
20211110,090000,243081.13,246566.1,243081.13,246565.94,123229007821
20211110,130000,246566.02,246566.02,246554.81,246554.82,25708602383
20211110,170000,246554.58,246554.58,246554.58,246554.58,5140830227
20211113,090000,246554.58,246554.58,244448.6,244448.88,110325907786
20211113,130000,244449.03,244449.03,244448.92,244448.93,12852129835
20211113,170000,244454.13,244454.13,244454.13,244454.13,4284024773
20211114,090000,244454.13,246026.32,244454.13,245114.75,129307489794
20211114,130000,245114.68,245115.06,245114.68,245115.05,25037243725
20211114,170000,245086.92,245086.92,245086.92,245086.92,5007389134
20211115,090000,245086.92,245347.8,242494.83,242494.83,109969727466
20211115,130000,242495.35,242495.35,242494.25,242494.27,13411736142
20211115,170000,242488.48,242488.48,242488.48,242488.48,4470305876
20211116,090000,242488.48,242488.48,241836.14,241902.6,94345603318
20211116,130000,241902.59,241902.59,241902.57,241902.57,10365722364
20211116,170000,241902.56,241902.56,241891.77,241891.77,6835365724
20211117,090000,241891.77,243727.07,241891.77,243659.55,100425272769
20211117,130000,243659.48,243662.01,243659.48,243662.01,19829777958
20211117,170000,243657.71,243657.71,243657.71,243657.71,3965821885
20211120,090000,243657.71,244262.25,241618.65,241618.65,115178524011
20211120,170000,241571.14,241571.14,241571.14,241571.14,4180078461
20211121,090000,241571.14,241899.39,241103.28,241445.57,105242338965
20211121,130000,241446.35,241446.4,241446.35,241446.4,9115666020
20211121,170000,241444.97,241444.97,241444.97,241444.97,4557787721
20211122,090000,241444.97,243784.84,241444.97,243720.17,107003413812
20211122,130000,243720.09,243720.13,243720.08,243720.13,18771110207
20211122,170000,243717.18,243717.18,243717.18,243717.18,4692745831
20211123,090000,243717.18,243934.64,242526.95,242526.95,81247332460
20211123,130000,242527.04,242527.08,242527.04,242527.07,10384915937
20211123,210000,242525.13,242525.13,242525.13,242525.13,3461638431
20211124,090000,242525.13,242679.91,241345.06,241535.56,83367826091
20211124,130000,241535.43,241535.43,241535.22,241535.22,23747219089
20211124,170000,241468.18,241468.18,241468.18,241468.18,3957085453
20211127,090000,241468.18,241468.18,237320.48,237321.13,98390069112
20211127,130000,237321.17,237321.17,237321.17,237321.17,3697871287
20211127,170000,237327.88,237327.88,237327.88,237327.88,3697869525
20211128,090000,237327.88,237327.88,236159.35,236160.46,85945533737
20211128,130000,236160.67,236161.08,236128.67,236128.67,28630985062
20211128,170000,236037.77,236037.77,236037.77,236037.77,3179889290
20211129,090000,236037.77,236690.96,235520.19,235520.33,62409746413
20211129,130000,235521.32,235521.32,235521.32,235521.32,2695389389
20211129,170000,235525.28,235525.28,235525.28,235525.28,2695389389
20211130,090000,235525.28,235649.09,234467.63,234467.69,78807052518
20211130,130000,234467.62,234469.32,234467.62,234469.29,13035220137
20211130,170000,234467.8,234467.8,234467.8,234467.8,3258521386
20211201,090000,234467.8,234484,231362.09,231363.35,86640806635
20211201,130000,231363.36,231363.56,231363.36,231363.56,6732636185
20211201,170000,231362.06,231362.06,231362.06,231362.06,3366264597
20211204,090000,231362.06,231532.82,228433.1,228433.21,78643560784
20211204,170000,228438.96,228438.96,228438.96,228438.96,3223998062
20211205,090000,228438.96,228722.5,228237.41,228709.95,71174905437
20211205,130000,228709.94,228709.94,228709.94,228709.94,2778352452
20211205,170000,228630.1,228630.1,228630.1,228630.1,2778352452
20211206,090000,228630.1,229298.08,228630.1,228898.6,63367095353
20211206,130000,228897.94,228897.94,228897.94,228897.94,2756144049
20211206,170000,228898.01,228903.36,228898.01,228903.36,8266330147
20211207,090000,228903.36,228903.36,227269.33,227269.87,52289585926
20211207,130000,227269.86,227272.19,227243.56,227243.56,70351026945
20211207,170000,227245.59,227245.59,227245.59,227245.59,2343601361
20211208,090000,227245.59,228784.07,227245.59,228784.07,73306308100
20211208,130000,228783.9,228783.9,228783.85,228783.87,16151926152
20211208,170000,228783.82,228786.14,228783.82,228786.14,8075796104
20211211,090000,228786.14,228982.29,227468.44,227468.44,119313027218
20211211,130000,227468.04,227468.3,227468.04,227468.3,9602701994
20211211,170000,227468.04,227468.04,227468.04,227468.04,4801350997
20211212,090000,227468.04,227468.04,223766.39,223766.39,98995681724
20211212,130000,223767.61,223768.64,223767.61,223768.51,15247213160
20211212,170000,223685.86,223685.86,223685.86,223685.86,3811803290
20211213,090000,223685.86,223685.86,219647.7,219647.8,110498772180
20211213,130000,219647.86,219647.86,219647.86,219647.86,4333878064
20211213,170000,219648.27,219648.27,219648.27,219648.27,4333878064
20211214,090000,219648.27,219648.27,217296.5,217299.25,117012548124
20211214,130000,217299.21,217299.21,217299.2,217299.21,11863284150
20211214,170000,217300.91,217300.91,217300.91,217300.91,3951692553
20211215,090000,217300.91,217474.96,216696.36,216696.5,83836741912
20211215,130000,216696.86,216696.87,216696.81,216696.81,11005614508
20211215,170000,216696.82,216698.88,216696.82,216698.88,7335553744
20211218,090000,216698.88,218253.09,216698.88,218252.95,109608774266
20211218,170000,218252.96,218252.97,218251.34,218251.34,15990647191
20211219,090000,218251.34,218385,216059.18,216059.44,89102434430
20211219,130000,216059.42,216059.45,216059.42,216059.42,14059141299
20211219,170000,216060.8,216060.8,216060.8,216060.8,3514779588
20211220,090000,216060.8,216316.59,216047.02,216316.56,101129400504
20211220,170000,216317.18,216317.18,216317.18,216317.18,3795874634
20211221,090000,216317.18,219028.95,216317.18,219028.47,79673167538
20211221,170000,219025.87,219025.87,219025.87,219025.87,3377664553
20211222,090000,219025.87,225038.35,219025.87,225038.35,117934380950
20211222,130000,225037.89,225037.89,225035.89,225035.89,8770668429
20211222,170000,225035.69,225036.34,225035.69,225036.34,8770323872
20211225,090000,225036.34,228041.45,225036.34,227651.09,172390471361
20211225,130000,227646.56,227646.56,227643.22,227643.22,11997717222
20211225,170000,227642.04,227642.04,227642.04,227642.04,5998858611
20211226,090000,227642.04,227701.2,226266.56,226612.47,117986979384
20211226,170000,226610.47,226610.47,226610.47,226610.47,4587444486
20211227,090000,226610.47,229846.95,226610.47,229827.88,145042918780
20211227,130000,229828.55,229828.55,229828.55,229828.55,5415617067
20211227,170000,229788.11,229788.11,229788.11,229788.11,5415616618
20211228,090000,229788.11,231031.89,229788.11,231031.22,110644976572
20211228,170000,231031.21,231031.21,231030.11,231030.11,8997814846
20211229,090000,231030.11,232060.62,231030.11,231495.29,125437610805
20211229,170000,231495.62,231495.62,231495.62,231495.62,5378679102
20220101,090000,231495.62,231495.62,228583.36,228583.65,97468440721
20220101,130000,228583.67,228583.75,228583.67,228583.75,7870864050
20220101,170000,228583.55,228583.55,228583.55,228583.55,3935432025
20220102,090000,228583.55,228811.02,228503.26,228616.42,67917798482
20220102,130000,228616.29,228616.61,228616.29,228616.43,20752540878
20220102,170000,228616.44,228616.44,228615.17,228615.17,5928765160
20220103,090000,228615.17,229192.92,228440.39,228440.39,63885953457
20220103,130000,228440.48,228440.64,228440.48,228440.6,11926884972
20220103,170000,228416.34,228416.34,228416.34,228416.34,2981327219
20220104,090000,228416.34,228523.97,226364.58,226364.73,81855280466
20220104,130000,226364.72,226364.72,226364.72,226364.72,3298636722
20220104,170000,226365.12,226365.12,226365.12,226365.12,3298636722
20220105,090000,226365.12,226409.68,226043.46,226043.75,64631751144
20220105,130000,226043.64,226043.65,226043.64,226043.65,5449043746
20220105,170000,226044.09,226044.09,226044.09,226044.09,2724471905
20220108,090000,226044.09,226877.92,225831.91,225831.93,136313264834
20220108,130000,225832.05,225833.5,225832.05,225833.5,10360105536
20220108,170000,225778.15,225778.15,225778.15,225778.15,5180052768
20220109,090000,225778.15,225778.15,222039.77,222041.23,114130112417
20220109,170000,222013.65,222013.65,222013.65,222013.65,4201865742
20220110,090000,222013.65,222013.65,220938.13,221322.65,104626288913
20220110,130000,221322.64,221322.84,221322.64,221322.84,8931173791
20220110,170000,221327.27,221327.27,221327.27,221327.27,4465580312
20220111,090000,221327.27,222510.93,221327.27,222135.49,108787620397
20220111,130000,222143.48,222143.48,222143.29,222143.29,7947460443
20220111,170000,222145.33,222145.33,222145.33,222145.33,3973443239
20220112,090000,222145.33,222710.52,222145.33,222370.99,85104221422
20220112,170000,222365.13,222365.13,222365.13,222365.13,3356052965
20220115,090000,222365.13,222380.42,220118.08,220118.83,90320178403
20220115,130000,220118.59,220118.59,220118.59,220118.59,3774945135
20220115,170000,220118.15,220118.15,220118.15,220118.15,3774945135
20220116,090000,220118.15,220118.15,217786.01,217786.99,75806574240
20220116,130000,217787.11,217787.21,217786.92,217786.92,12834550307
20220116,170000,217783.53,217783.53,217783.53,217783.53,3208295790
20220117,090000,217783.53,218424.17,216906.83,216906.87,88780016794
20220117,130000,216906.92,216906.92,216905.98,216905.98,7494466892
20220117,170000,216905.99,216906.59,216905.89,216906.59,11240530725
20220118,090000,216906.59,216906.59,211845.17,211845.17,103067548727
20220118,130000,211845.44,211845.96,211845.44,211845.96,9009704224
20220118,170000,211802.77,211802.77,211802.77,211802.77,4504674260
20220119,090000,211802.77,211802.77,210931.47,210931.83,92916455489
20220119,130000,210931.96,210931.96,210930.55,210930.55,20620538052
20220119,170000,210832.32,210832.32,210832.32,210832.32,3436299702
20220122,090000,210832.32,211449.21,209924.68,209924.89,90312082592
20220122,130000,209923.95,209923.95,209923.54,209923.54,7042024124
20220122,170000,209857.83,209857.83,209857.83,209857.83,3521012062
20220123,090000,209857.83,209857.83,206098.86,206124.79,108075713916
20220123,130000,206124.84,206124.84,206124.62,206124.65,13868178397
20220123,170000,206126.05,206126.05,206126.05,206126.05,4622360998
20220124,090000,206126.05,206126.05,203442.19,203442.27,80131085703
20220124,130000,203442.22,203442.53,203442.22,203442.53,10084636943
20220124,170000,203352.68,203352.68,203352.68,203352.68,3361522069
20220125,090000,203352.68,203352.68,199016.24,199016.54,127534964327
20220125,130000,199016.61,199016.61,199016.61,199016.61,5500001206
20220125,170000,199016.69,199017.29,199016.15,199017.29,49173760259
20220126,090000,199017.29,200079.13,199017.29,200079.13,113533683072
20220126,130000,200078.39,200078.39,200078.31,200078.31,8978697916
20220126,170000,200076.88,200076.88,200076.88,200076.88,4489233096
20220129,090000,200076.88,204083.08,200076.88,204083.08,94309600622
20220129,130000,204080.37,204080.37,204080.33,204080.33,6721489037
20220129,170000,204065.48,204065.48,204065.48,204065.48,3360744518
20220130,090000,204065.48,205797.18,204065.48,205708.93,131669309993
20220130,130000,205709.56,205709.64,205709.56,205709.64,29160467147
20220130,170000,205709.43,205712.41,205709.26,205712.41,24241541568
20220131,090000,205712.41,207578.1,205623.32,207574.53,153680021362
20220131,170000,207576.24,207576.24,207576.24,207576.24,5534972786
20220201,090000,207576.24,209198.4,207576.24,209182.55,185261776713
20220201,130000,209182.14,209182.14,209179.87,209179.87,47207108642
20220201,170000,209172.1,209172.1,209172.1,209172.1,6739483619
20220202,090000,209172.1,209248.41,208862.42,209008.13,158922889384
20220202,130000,209008.19,209008.2,209007.76,209007.76,50234564805
20220205,090000,208967.31,209428.19,208774.35,208774.35,109195005170
20220205,130000,208774.31,208774.31,208773.4,208773.4,22866774792
20220205,170000,208773.55,208774.24,208773.2,208773.2,27360285439
20220206,090000,208773.2,208773.2,204875.31,204876.57,163432938608
20220206,130000,204876.79,204877.43,204876.79,204877.43,27393809490
20220206,170000,204877.49,204877.55,204876.65,204876.65,21873323988
20220207,090000,204876.65,204876.65,203298.33,203298.33,120242078099
20220207,130000,203298.01,203298.04,203298.01,203298.04,13566695168
20220207,170000,203298,203300.03,203298,203300.03,9044012056
20220208,090000,203300.03,204397.91,203300.03,204324.84,117258914354
20220208,130000,204324.94,204325.79,204324.94,204325.78,13301061928
20220208,170000,204325,204325,204325,204325,4433649689
20220209,090000,204325,204720.35,204325,204720.31,101275776665
20220209,130000,204719.13,204719.13,204716.2,204716.46,32115736897
20220209,170000,204719.12,204719.12,204719.12,204719.12,4587036413
20220212,090000,204719.12,205184.46,204719.12,204751.26,115051134080
20220212,130000,204751.25,204751.25,204746.01,204746.01,14638759743
20220212,170000,204688.36,204688.36,204688.36,204688.36,4879553227
20220213,090000,204688.36,204835.81,203795.38,203795.43,93122991515
20220213,130000,203795.49,203796.2,203795.46,203796.19,22065646211
20220213,170000,203793.13,203793.13,203793.13,203793.13,3676757619
20220214,090000,203793.13,204196.5,203793.13,204196.44,68371651704
20220214,130000,204193.89,204193.89,204193.56,204193.58,35734019603
20220214,170000,204115.14,204115.14,204115.14,204115.14,3240409303
20220216,090000,204115.14,204323.05,203977.86,203978.29,65199355699
20220216,130000,203978.13,203978.41,203978.03,203978.03,11813424556
20220216,170000,203977.67,203977.67,203977.67,203977.67,2952216315
20220219,090000,203977.67,204250.83,203852.64,203853.08,119042778580
20220219,130000,203852.96,203853.24,203852.96,203853.23,13216619538
20220219,170000,203856.22,203856.22,203856.22,203856.22,4405539846
20220220,090000,203856.22,203960.32,203439.45,203444.12,81288078291
20220220,130000,203443.94,203443.94,203443.79,203443.79,11183193978
20220220,170000,203437.49,203437.49,203437.49,203437.49,3727731326
20220221,090000,203437.49,205604.68,203437.49,205604.35,174172955832
20220221,130000,205604.59,205604.96,205604.59,205604.95,36273855884
20220221,170000,205543.74,205543.74,205543.74,205543.74,6044409551
20220222,090000,205543.74,206138.15,205543.74,206033.87,104873815701
20220222,130000,206031.7,206032,206031.7,206032,17717955307
20220222,170000,206032.34,206032.34,205868.7,205868.7,8844041650
20220223,090000,205868.7,206917.21,205868.7,206906.78,100470334011
20220223,130000,206906.77,206906.77,206902.76,206902.78,12176382760
20220223,170000,206900.89,206900.89,206900.89,206900.89,4058576221
20220226,090000,206900.89,207004.41,206400.7,206400.7,113529820353
20220226,130000,206401.17,206401.31,206401.17,206401.26,13159001110
20220226,170000,206405.87,206405.87,206405.87,206405.87,4386324762
20220227,090000,206405.87,207204.26,206405.87,207202.12,72755846557
20220227,130000,207202.1,207206.87,207202.1,207206.86,17222511302
20220227,170000,207182.62,207182.62,207182.62,207182.62,2870301032
20220228,090000,207182.62,209156.39,207182.62,209156.37,70159003818
20220228,130000,209156.04,209156.04,209155.42,209155.42,12467259867
20220228,170000,209154.51,209154.51,209154.51,209154.51,3114364383
20220302,090000,209154.51,209840.26,209154.51,209285.14,90208963301
20220302,130000,209285.1,209285.63,209285.1,209285.63,11009857704
20220302,170000,209285.64,209285.64,209183.35,209183.35,16513657635
20220305,090000,209183.35,210385.59,209183.35,210210.89,253980975224
20220305,130000,210210.9,210210.9,210210.9,210210.9,8432162410
20220305,170000,210210.86,210210.86,210112.92,210112.92,16863978506
20220306,090000,210112.92,211907.31,210112.92,211907.29,189095289442
20220306,130000,211907.05,211907.05,211906.77,211906.77,47941943562
20220306,170000,211889.89,211889.89,211889.89,211889.89,7988835321
20220307,090000,211889.89,213842.58,211889.89,213669.74,202331375864
20220307,130000,213669.72,213669.72,213669.72,213669.72,7953914521
20220307,170000,213669.89,213669.89,213658.27,213658.27,15905197654
20220308,090000,213658.27,213698.01,212927.15,212927.51,140198936550
20220308,170000,212927.53,212927.7,212923.23,212923.23,44041222491
20220309,090000,212923.23,214396.24,212923.23,214395.55,127500072842
20220309,130000,214395.57,214395.62,214395.52,214395.52,19053861155
20220309,170000,214191.32,214191.32,214191.32,214191.32,6351207917
20220312,090000,214191.32,214191.32,211947.81,211947.81,205426743884
20220312,130000,211948.01,211948.05,211947.94,211948.05,45238687169
20220312,170000,211875.73,211875.73,211875.73,211875.73,7539533037
20220313,090000,211875.73,211954.78,211645.37,211645.37,103732442785
20220313,130000,211645.12,211645.84,211645.12,211645.69,26854677453
20220313,170000,211527.57,211527.57,211527.57,211527.57,4474518130
20220314,090000,211527.57,211833.01,211527.57,211664.1,78896264939
20220314,130000,211664.3,211664.31,211664.3,211664.3,10630595062
20220314,170000,211664.31,211664.31,211589.1,211589.1,7084451448
20220315,090000,211589.1,212401.48,211589.1,212351.96,118924919811
20220315,170000,212257.81,212257.81,212257.81,212257.81,4977068562
20220316,090000,212257.81,213896.78,212257.81,213896.78,109851776185
20220316,130000,213896.94,213896.94,213894.47,213894.47,12575087766
20220316,170000,213894.38,213894.38,213870.57,213870.57,8383183970
20220319,090000,213870.57,217284.73,213870.57,217284.73,118671386226
20220319,130000,217284.72,217284.72,217284.54,217284.54,16294735596
20220319,170000,217284.53,217284.53,217195.66,217195.66,16294095084
20220326,090000,217195.66,218615.67,217195.66,218615.67,244538696778
20220326,130000,218615.32,218615.32,218614.97,218614.97,26192675287
20220326,170000,218615.4,218615.4,218615.26,218615.26,17461171982
20220327,090000,218615.26,220509.29,218615.26,220508.81,204299152848
20220327,130000,220508.12,220508.12,220508.12,220508.12,7641120952
20220327,170000,220508.44,220508.7,220508.44,220508.7,30563925612
20220327,210000,220365.7,220365.7,220365.7,220365.7,7640979813
20220328,090000,220365.7,224639.87,220365.7,224639.87,276518109136
20220328,130000,224639.86,224639.86,224639.82,224639.82,19897146846
20220328,170000,224642.41,224642.41,224642.41,224642.41,9948573423
20220329,090000,224642.41,226301.16,224642.41,226189.18,387333110000
20220329,130000,226189.26,226189.34,226189.26,226189.34,37070428878
20220329,170000,226192.23,226192.23,226192.23,226192.23,12356809626
20220330,090000,226192.23,228072.62,226192.23,228072.58,177291626143
20220330,130000,228063.47,228063.47,228050.81,228050.81,22204179252
20220330,170000,228047.96,228047.96,228047.96,228047.96,7400595096
20220403,090000,228047.96,232291.18,228047.96,232291.16,255069477941
20220403,130000,232284.62,232284.62,232281.84,232281.84,28488825080
20220403,170000,232286.03,232286.03,232286.03,232286.03,9496208580
20220404,090000,232286.03,234194.93,232286.03,232637.2,376373438440
20220404,130000,232636.99,232637.48,232636.99,232637.47,83621324149
20220404,170000,232637.46,232637.46,232636.23,232636.23,27873132720
20220405,090000,232636.23,234233.24,232636.23,234233.24,221977578237
20220405,130000,234230.76,234233.61,234230.76,234233.61,48127931832
20220406,090000,234233.61,236022.87,234233.61,235193.81,284996078070
20220406,130000,235185.06,235185.06,235180.13,235180.13,22330791570
20220406,170000,235180.42,235180.42,235180.42,235180.42,11165395785
20220409,090000,235180.42,235634.44,234607.53,235634.44,224409747532
20220409,130000,235634.41,235634.81,235633.65,235633.65,50544129483
20220410,090000,235633.65,239015.27,235633.65,239015.27,276151105636
20220410,130000,239015.26,239015.33,239015.26,239015.32,33813377549
20220410,170000,238988.25,238988.25,238988.25,238988.25,11270947735
20220411,090000,238988.25,241211.01,238988.25,241200.97,282006334095
20220411,130000,241200.99,241200.99,241200.84,241200.84,40292469391
20220411,170000,241200.87,241200.89,241197.09,241197.09,60426175491
20220412,090000,241197.09,241630.86,236993.13,236993.13,259493326168
20220412,130000,236993.11,236993.64,236993.11,236993.64,27868082984
20220412,170000,236993.65,236993.65,236991.54,236991.54,18578314650
20220413,090000,236991.54,238659.44,236597.48,238659.44,265102738330
20220413,130000,238659.42,238659.42,238659.38,238659.38,16947272361
20220413,170000,238647.96,238647.96,238647.96,238647.96,8473206930
20220416,090000,238647.96,241561.49,238647.96,241561.46,191035702897
20220416,130000,241561.48,241561.51,241561.48,241561.51,22485561482
20220416,170000,241503.83,241503.83,241503.83,241503.83,7494761744
20220417,090000,241503.83,243588.91,241503.83,243585.3,230950678614
20220417,130000,243585.32,243585.32,243585.32,243585.32,8645301543
20220417,170000,243442.56,243442.56,243442.56,243442.56,8645131543
20220418,090000,243442.56,248073.37,243442.56,247665.48,249623974854
20220418,130000,247665.3,247665.65,247665.3,247665.6,32005894457
20220418,170000,247669.67,247669.67,247669.67,247669.67,10668521985
20220419,090000,247669.67,249412.21,247637.44,249412.21,198775214325
20220419,130000,249412.23,249412.23,249412.09,249412.14,33857679502
20220419,170000,249401.48,249401.48,249401.48,249401.48,8464317027
20220420,090000,249401.48,250266.82,249401.48,249937.74,198779956005
20220420,170000,249934.16,249934.16,249934.16,249934.16,8671038297
20220424,090000,249934.16,250966.78,249934.16,250546.48,167495581561
20220424,130000,250543.68,250543.68,250542.57,250542.58,35242692309
20220424,170000,250450.41,250450.41,250450.41,250450.41,7048267553
20220425,090000,250450.41,252387.39,250450.41,252387.39,153708547257
20220425,130000,252386.31,252386.55,252384.99,252384.99,39367553860
20220426,090000,252384.99,255386.07,252384.99,255370.25,297145937236
20220426,130000,255370.33,255370.4,255370.27,255370.4,32358017951
20220426,170000,255362.58,255362.58,255362.58,255362.58,10785886694
20220427,090000,255362.58,257066.14,255362.58,256219.54,262617570053
20220427,130000,256220.74,256221.33,256179.41,256179.41,142541980733
20220427,170000,256180.79,256180.79,256180.79,256180.79,10177896766
20220430,090000,256180.79,258351.91,256180.79,258351.91,187748159409
20220430,130000,258351.7,258351.76,258351.66,258351.69,47885518415
20220430,170000,258251.11,258251.11,258251.11,258251.11,7980518807
20220501,090000,258251.11,261063.49,258251.11,260892.12,245474661159
20220501,130000,260893.91,260916.77,260743.85,260743.85,179469336648
20220501,210000,260742.17,260742.17,260742.17,260742.17,8536652291
20220502,090000,260742.17,262926.97,260742.17,262889.63,181494418270
20220502,130000,262860.57,262860.57,262629.27,262629.27,44322499010
20220507,090000,262629.27,265041.46,262629.27,265022.15,226849785248
20220507,130000,265022.12,265022.14,265022.09,265022.14,37950712888
20220507,170000,264894.12,264894.12,264894.12,264894.12,9487608829
20220508,090000,264894.12,266583.56,264894.12,266567.12,281638560416
20220508,130000,266566.94,266566.94,266566.94,266566.94,10278024845
20220508,170000,266498.52,266498.52,266498.52,266498.52,10278017846
20220509,090000,266498.52,267519.84,265125.55,265125.59,236020115284
20220509,130000,265117.06,265117.06,265117.06,265117.06,9677324308
20220509,170000,264980.25,264980.25,264980.25,264980.25,9677311994
20220510,090000,264980.25,266269.35,264403.06,266269.35,173720296940
20220510,130000,266269.32,266269.72,266269.32,266269.72,36262568210
20220510,170000,266269.71,266269.71,265964.06,265964.06,14504599120
20220511,090000,265964.06,271880.45,265964.06,271880.45,240661232044
20220511,170000,271707.67,271707.67,271707.67,271707.67,8818936682
20220514,090000,271707.67,275738.5,271707.67,275573.92,311418068239
20220514,130000,275573.93,275573.93,275573.76,275573.76,33695614761
20220514,170000,275478.1,275478.1,275478.1,275478.1,11231749286
20220515,090000,275478.1,276591.42,274890.57,275679.51,304870902650
20220515,170000,275586.89,275586.89,275586.89,275586.89,10885932814
20220516,090000,275586.89,278289.55,275586.89,278220.3,262161723854
20220517,090000,278220.3,278943.51,277345.87,277345.87,236082266271
20220517,130000,277343.96,277344.03,277285.57,277285.57,30717866303
20220518,090000,277285.57,277285.57,274074.04,274074.04,198471574491
20220518,130000,274074.07,274074.44,274074.07,274074.44,33133407259
20220518,170000,273864.82,273864.82,273864.82,273864.82,8283025474
20220521,090000,273864.82,273924.36,272355.07,272355.63,216152488206
20220521,130000,272356.25,272356.25,272352.86,272353,32548167516
20220521,170000,271938.96,271938.96,271938.96,271938.96,8136842521
20220522,090000,271938.96,272967.01,271938.96,272762.85,156370260921
20220522,130000,272762.78,272763.07,272762.47,272762.47,33738804385
20220522,170000,272762.18,272762.18,272568.31,272568.31,13492967173
20220523,090000,272568.31,273034.39,267176.9,267177.26,260991001186
20220523,130000,267177.35,267177.38,267176.82,267176.82,52724666740
20220523,170000,267176.86,267176.86,267101.58,267101.58,21087854644
20220524,090000,267101.58,267101.58,266148.37,266148.37,160334549647
20220524,130000,266148.17,266148.61,266148.17,266148.61,32708946550
20220524,170000,265953.83,265953.83,265953.83,265953.83,6541335303
20220525,090000,265953.83,269391.96,265953.83,269386.63,162339428630
20220525,130000,269386.61,269386.61,269385.99,269386.57,41404351369
20220528,090000,269386.57,270376.91,266763.76,266763.76,201945467412
20220528,130000,266763.64,266764.16,266763.61,266764.15,38500020186
20220528,170000,266598.24,266598.24,266598.24,266598.24,7698783533
20220529,090000,266598.24,266598.24,261758.15,261854.16,179684385061
20220529,130000,261854.3,261856.11,261854.3,261856.1,44853316783
20220529,170000,261856.11,261856.11,261515.27,261515.27,14949444740
20220530,090000,261515.27,262516.61,261515.27,261731.59,135522311800
20220530,130000,261731.62,261731.62,261730.87,261731.09,28854390678
20220530,170000,261719.35,261719.35,261719.35,261719.35,5769524542
20220531,090000,261719.35,263674.17,261719.35,263641.04,121476922250
20220531,130000,263641.06,263641.38,263641.06,263641.16,15004431229
20220531,170000,263342.97,263342.97,263342.97,263342.97,4998904433
20220601,090000,263342.97,264597.23,263342.97,264175.49,124600975775
20220601,130000,264166.12,264166.12,264164.32,264164.32,20282991576
20220606,090000,264164.32,264164.32,258230.6,258230.67,169110304212
20220606,130000,258230.72,258230.83,258230.4,258230.82,34949558826
20220606,170000,258057.45,258057.45,258057.45,258057.45,6989831853
20220607,090000,258057.45,258057.45,257220.54,257478.86,111690782472
20220607,130000,257478.94,257479.32,257478.93,257479.32,23097172235
20220607,170000,257430.89,257430.89,257430.89,257430.89,4619073333
20220608,090000,257430.89,258901.64,257430.89,258865.82,90197887827
20220608,130000,258865.81,258865.81,258865.76,258865.78,15508067171
20220611,090000,258865.78,259201.32,257921.88,257921.91,99787405440
20220611,130000,257921.94,257922.53,257921.94,257922.53,31268743934
20220611,170000,257922.52,257922.52,257499.54,257499.54,8932051370
20220612,090000,257499.54,258487.44,257029.54,258455.48,139716753941
20220612,130000,258453.16,258453.96,258453.16,258453.69,47509276001
20220612,170000,258404.09,258404.09,258404.09,258404.09,5277717960
20220613,090000,258404.09,263176.21,258404.09,263149.26,196469049881
20220613,130000,263149.29,263149.29,263149.29,263149.29,6775520645
20220613,170000,263149.28,263149.28,262980.68,262980.68,13551022792
20220614,090000,262980.68,263674.71,262980.68,263452.88,142543990161
20220614,130000,263452.89,263452.96,263452.89,263452.95,32083271943
20220614,170000,263438.18,263438.18,263438.18,263438.18,6416270653
20220615,090000,263438.18,263593.39,262825.96,262825.97,99252364133
20220615,130000,262826.28,262826.48,262826.28,262826.48,12228780065
20220618,090000,262826.48,263224.75,260527.79,260527.79,131329511320
20220618,130000,260527.91,260528.88,260527.91,260528.77,42550843685
20220618,170000,260353.12,260353.12,260353.12,260353.12,5318032512
20220619,090000,260353.12,261047.76,260353.12,260462.26,133524222743
20220619,130000,260462.24,260462.24,260462.24,260462.24,5438965360
20220619,170000,260437.66,260437.66,260437.66,260437.66,5438961872
20220620,090000,260437.66,262020.82,260437.66,261186.62,123194076453
20220620,130000,261186.72,261186.72,261186.66,261186.66,15188203712
20220620,170000,260963.97,260963.97,260963.97,260963.97,5062568220
20220621,090000,260963.97,260963.97,259050.81,259050.81,89392166939
20220621,130000,259051.01,259051.25,259051.01,259051.25,11689747477
20220621,170000,258802.69,258802.69,258802.69,258802.69,3896452801
20220622,090000,258802.69,258802.69,258090.62,258092.64,121645540758
20220622,130000,258092.67,258092.79,258092.59,258092.59,46574425954
20220622,170000,258092.52,258092.52,258066.5,258066.5,9311964268
20220625,090000,258066.5,259237.41,258066.5,258290.84,145429040863
20220625,130000,258290.78,258291.29,258290.78,258291.29,23943156399
20220625,170000,258165.13,258165.13,258165.13,258165.13,5985742743
20220626,090000,258165.13,258338.17,255125.74,255125.74,133354716456
20220626,130000,255125.67,255125.71,255125.39,255125.39,31726749910
20220626,170000,255120.6,255120.6,255120.6,255120.6,5287693332
20220627,090000,255120.6,255122.84,254883.41,254883.48,109826725316
20220627,130000,254883.54,254883.76,254883.07,254883.07,28826068994
20220627,170000,254883.08,254883.08,254868.16,254868.16,9604020772
20220628,090000,254868.16,257240.65,254868.16,257187.54,115228372382
20220628,130000,257187.47,257188.21,257105.45,257105.45,26358544608
20220629,090000,257105.45,257440.18,257105.45,257342.63,108018067591
20220629,130000,257342.92,257343.33,257342.92,257343.33,9116388680
20220629,170000,257343.63,257344.21,257342.51,257342.51,54624606084
20220702,090000,257342.51,257342.51,254730.25,254730.25,111740385522
20220702,130000,254730.28,254730.81,254730.28,254730.8,19304585884
20220702,170000,254401.33,254401.33,254401.33,254401.33,4825953209
20220703,090000,254401.33,255108.3,254401.33,255108.3,78475298519
20220703,130000,255108.08,255108.74,255108.08,255108.52,11316543431
20220703,170000,254935.51,254935.51,254935.51,254935.51,3772114477
20220704,090000,254935.51,256357.09,254935.51,256329.06,101413251931
20220704,130000,256329.07,256329.07,256329.07,256329.07,3925103558
20220704,170000,256288.27,256288.27,256288.27,256288.27,3925103558
20220705,090000,256288.27,256747.54,256288.27,256485.42,106005150724
20220705,130000,256485.48,256485.6,256485.48,256485.6,22389092950
20220705,170000,256485.63,256485.66,256347.91,256347.91,13427995781
20220706,090000,256347.91,256424.58,254851.06,254852.05,104988768801
20220706,130000,254852.08,254852.26,254851.75,254851.81,21019999890
20220709,090000,254851.81,254929.38,253214.25,253214.42,99042387413
20220709,130000,253214.74,253214.89,252670.71,252670.71,11733108285
20220711,090000,252670.71,252726.03,248859.68,248860.39,107122921972
20220711,130000,248860.43,248860.59,248860.43,248860.43,14432024564
20220711,170000,248820.55,248820.55,248820.55,248820.55,4809361296
20220712,090000,248820.55,248820.55,246338.97,246339.05,109867079130
20220712,130000,246338.88,246338.88,246338.88,246338.88,4238822856
20220712,170000,245999.27,245999.27,245999.27,245999.27,4238822856
20220713,090000,245999.27,246983.46,245999.27,246932.14,95667693068
20220713,130000,246932.16,246932.16,246932.16,246932.16,3713030356
20220716,090000,246932.16,247292.23,246060.89,246061.03,89078139205
20220716,130000,246061.08,246061.15,246061.08,246061.15,12529484364
20220716,170000,245568.73,245568.73,245568.73,245568.73,4176484117
20220717,090000,245568.73,245893.87,243627.27,243664.64,85836276271
20220717,130000,243665.16,243665.92,243665.16,243665.92,24161154577
20220717,170000,243005.52,243005.52,243005.52,243005.52,3451380723
20220719,090000,243005.52,243200.93,242548.86,242548.95,58759950102
20220719,130000,242549.08,242549.08,242548.55,242548.72,19324722798
20220719,170000,242455.72,242455.72,242455.72,242455.72,2413418868
20220720,090000,242455.72,243725.48,242455.72,243725.48,50364188205
20220720,130000,243725.63,243726.07,243725.63,243726.07,4061746368
20220720,170000,243725.64,243725.64,243725.64,243725.64,2030870621
20220723,090000,243725.64,244552.52,243725.64,244150.26,94093934996
20220723,130000,244150.31,244150.42,244150.31,244150.4,10648991881
20220723,170000,244149.89,244149.89,242810.07,242810.07,10648730193
20220724,090000,242810.07,242913.92,240135.96,240135.96,87291253194
20220724,130000,240138.34,240138.88,240138.01,240138.88,58535853413
20220724,170000,240137.42,240137.42,240137.42,240137.42,3653476952
20220725,090000,240137.42,240137.42,234768.53,234793.49,105781969782
20220725,130000,234793.63,234793.63,234793.63,234793.63,3973888902
20220725,170000,234703.86,234703.86,234703.86,234703.86,3973888902
20220726,090000,234703.86,234703.86,232997.9,233004.51,84705978008
20220726,130000,233005.33,233005.7,233004.94,233005.7,20743666119
20220727,090000,233005.7,233708.99,233003.61,233708.67,62343582665
20220727,130000,233708.69,233708.69,233704.19,233704.19,19961611488
20220727,170000,233704.2,233705.59,233704.2,233705.59,14211434735
20220730,090000,233705.59,234001.07,232355.6,232355.6,65458449604
20220730,130000,232355.47,232355.47,232355.02,232355.02,19155930653
20220730,170000,232272.29,232272.29,232272.29,232272.29,3190866612
20220731,090000,232272.29,232286.69,227928.47,227928.57,99761126583
20220731,130000,227928.52,227928.9,227928.52,227928.86,21654541686
20220801,090000,227928.86,228291.51,227928.86,228160.79,65255405726
20220802,090000,228159.02,228378.24,228159.02,228293.94,58718079098
20220802,130000,228294.55,228294.64,228294.5,228294.64,11395894584
20220803,090000,228294.64,230374.02,228294.64,230374.02,77706457648
20220803,130000,230373.75,230373.77,230373.72,230373.72,14723923531
20220803,170000,230177.38,230177.38,230177.38,230177.38,3680889624
20220806,090000,230177.38,233826.22,230177.38,233826.22,112854041663
20220806,130000,233826.13,233826.13,233826.13,233826.13,4157196896
20220806,170000,233817.22,233817.22,233817.22,233817.22,4157196019
20220809,090000,233817.22,234435.38,233756.4,234297.6,129992712344
20220809,130000,234297.57,234297.57,234297.57,234297.57,4906248216
20220809,170000,234297.62,234297.62,234297.62,234297.62,4906223988
20220810,090000,234297.62,234386.09,233493.17,233493.37,77945862384
20220810,130000,233493.26,233493.26,233493.05,233493.05,7101881102
20220810,170000,233493.08,233493.08,233493.08,233493.08,3550910390
20220813,090000,233493.08,237258.33,233493.08,237258.23,138410237109
20220813,170000,237227.48,237227.48,237227.48,237227.48,5239433036
20220814,090000,237227.48,237861.3,236965.37,236965.4,173012543489
20220814,130000,236965.41,236965.75,236965.41,236965.75,12353408174
20220814,170000,236965.74,236965.74,236888.96,236888.96,12352988976
20220815,090000,236888.96,237960.63,236883.38,237955.2,138678523262
20220815,170000,237955.17,237955.17,237950.98,237950.98,19423436811
20220816,090000,237950.98,239221.72,237950.98,238787.34,228002031220
20220816,130000,238787.14,238787.14,238787.14,238787.14,7647870007
20220816,170000,238752.14,238752.14,238752.14,238752.14,7647870007
20220817,090000,238752.14,239384.65,238752.14,239023.4,180868359215
20220817,130000,239023.87,239024.12,239023.87,239024.12,14533396724
20220817,170000,239024.11,239024.56,239024.11,239024.56,29066751357
20220820,090000,239024.56,239024.56,238025.38,238025.41,141309091505
20220820,130000,238025.65,238025.74,238025.65,238025.74,10688044056
20220820,170000,238025.83,238025.83,237997.03,237997.03,10687972036
20220821,090000,237997.03,238216.24,237465.11,237465.12,107722810015
20220821,130000,237465.26,237466.19,237465.26,237466.19,21571443630
20220821,170000,237466.2,237466.25,237381.38,237381.38,12941974728
20220822,090000,237381.38,238100.73,237381.38,237843.39,125157844171
20220822,130000,237845.06,237845.06,237845.06,237845.06,5077747536
20220822,170000,237755.6,237755.6,237755.6,237755.6,5077543005
20220823,090000,237755.6,240766.31,237755.6,240764.56,124765722695
20220823,130000,240765.05,240765.05,240764.95,240765.05,14538909937
20220823,170000,240765.48,240765.48,240765.48,240765.48,4845940936
20220824,090000,240765.48,244311.3,240765.48,244311.3,128622439718
20220824,130000,244310.84,244310.86,244310.84,244310.86,10907967088
20220824,170000,244310.85,244310.85,244310.69,244310.69,16349189055
20220827,090000,244310.69,245800.51,244310.69,245554.2,127100878507
20220827,130000,245554.16,245554.2,245554.16,245554.2,10796146258
20220828,090000,245554.2,245554.2,244493.66,244493.88,129384615872
20220828,130000,244494.87,244494.87,244494.81,244494.81,21016689192
20220828,170000,244493.79,244493.79,244493.79,244493.79,5253074301
20220829,090000,244493.79,245768.01,244493.79,245735.87,97639311285
20220829,130000,245736.04,245736.11,245736.04,245736.11,7835317728
20220830,090000,245736.11,246001.09,245736.11,245821.98,84137997016
20220830,130000,245821.99,245822.1,245821.81,245821.81,34240453420
20220830,170000,245821.79,245821.79,245821.79,245821.79,3800683045
20220831,090000,245821.79,246492.17,245821.79,246492.17,77302846594
20220831,130000,246492.57,246493.08,246492.25,246492.25,24090104371
20220831,170000,246493.92,246493.92,246493.92,246493.92,3441115707
20220903,090000,246493.92,246553.51,244143.79,244144.01,115337917781
20220903,130000,244144.09,244144.31,244144.09,244144.31,8254603790
20220903,170000,244143.96,244143.96,244143.96,244143.96,4127301895
20220904,090000,244143.96,244790.85,244143.96,244766.13,76616510495
20220904,130000,244765.92,244765.92,244713.35,244713.73,43295931138
20220904,170000,244625.38,244625.38,244625.38,244625.38,2885700678
20220905,090000,244625.38,245510.95,244625.38,245492.35,70367777838
20220905,130000,245492.36,245492.62,245492.33,245492.62,19175428915
20220906,090000,245492.62,245946.78,245492.62,245731.46,66230936377
20220906,130000,245731.44,245731.6,245731.41,245731.6,9365332449
20220907,090000,245731.6,246137.42,245462.79,245462.79,68340565416
20220907,130000,245462.9,245462.95,245462.9,245462.95,9816288546
20220907,170000,245462.67,245462.67,245462.67,245462.67,3271956262
20220910,090000,245462.67,245525.75,242617.21,242617.22,101530007252
20220910,130000,242617.3,242617.86,242617.3,242617.86,18462434870
20220910,170000,242590.81,242590.81,242590.81,242590.81,3692365098
20220911,090000,242590.81,242729.53,241068.32,241068.32,72909947212
20220911,130000,241068.31,241068.87,241068.31,241068.87,16546378120
20220912,090000,241068.87,241231.79,240715.29,240744.27,73700123669
20220912,130000,240743.77,240744.13,240743.29,240744.13,16682444815
20220913,090000,240744.13,242403.77,240744.13,242403.74,85372148484
20220913,130000,242403.55,242403.55,242403.24,242403.45,14900487283
20220914,090000,242403.45,242927.68,242182.55,242182.64,73240952232
20220914,130000,242182.69,242182.7,242182.69,242182.7,6285714990
20220914,170000,242183.06,242183.06,242183.06,242183.06,3142825594
20220918,090000,242183.06,242417.58,240399.64,240399.67,70216125582
20220918,130000,240399.68,240400.63,240399.68,240400.63,21962201514
20220918,170000,240400.62,240400.62,240400.62,240400.62,3137217995
20220919,090000,240400.62,240474.22,239386.14,239386.14,70546350346
20220919,130000,239384.95,239384.95,239384.9,239384.9,8797333880
20220920,090000,239384.9,239527.71,238007.7,238007.7,65276996860
20220920,130000,238007.73,238007.84,238007.73,238007.84,5742188899
20220920,170000,237969.93,237969.93,237969.93,237969.93,2870983028
20220921,090000,237969.93,237969.93,236634.24,236634.66,65694843291
20220921,130000,236634.72,236635.15,236634.72,236635.12,15335017181
20220921,170000,236632.31,236632.31,236632.31,236632.31,3064290056
20220924,090000,236632.31,236632.31,231152.5,231152.5,98379039075
20220924,130000,231152.45,231153.31,231152.38,231153.31,21207651538
20220924,170000,231153.86,231154.11,231153.61,231153.61,12722981511
20220926,090000,231153.61,232059.49,230928.83,232059.49,80683575356
20220926,130000,232059.46,232059.46,232059.46,232059.46,3109309792
20220928,090000,232059.46,234730.62,232059.46,234730.62,77427212549
20220928,130000,234730.78,234730.78,234730.24,234730.56,24016536905
20221001,090000,234730.56,234730.56,230926.71,230926.71,100143597856
20221001,130000,230926.67,230926.77,230926.12,230926.12,21946490603
20221001,170000,230926.68,230926.68,230926.68,230926.68,4388547209
20221002,090000,230926.68,230926.68,228520.68,228520.79,87835529666
20221002,130000,228520.8,228521.35,228519.22,228519.22,31208041904
20221002,170000,228351.61,228351.61,228351.61,228351.61,3466361632
20221003,090000,228351.61,228663.26,227754.82,227754.82,64759966423
20221003,130000,227754.8,227755.01,227754.8,227755.01,5797031490
20221004,090000,227755.01,227771.79,227297.32,227297.76,53436617392
20221004,130000,227297.5,227297.69,227297.5,227297.69,4967318854
20221004,170000,227297.97,227298.04,227297.97,227298.04,4960044458
20221008,090000,227298.04,228197.89,227298.04,228074.35,68526601388
20221008,130000,228074.37,228074.52,228074.37,228074.52,5927223968
20221009,090000,228074.52,228074.52,224710.33,224710.96,91471449471
20221009,130000,224711.35,224711.35,224711.35,224711.35,3760512199
20221010,090000,224711.35,224889.03,224442.22,224519.92,70287512596
20221010,130000,224516.92,224517.01,224516.78,224517.01,24261935020
20221011,090000,224517.01,226432.63,224517.01,226432.56,76412105268
20221011,130000,226432.61,226441.14,226430.25,226430.25,60839400505
20221011,170000,226423.18,226423.18,226417.89,226419.71,9590895687
20221012,090000,226419.71,227251.17,226419.71,227251.17,66796666003
20221015,090000,227251.17,227432.64,226833.15,226833.66,64954350804
20221015,130000,226833.63,226833.63,226833.6,226833.6,5487867252
20221015,170000,226833.14,226833.14,226833.14,226833.14,2743933626
20221016,090000,226833.14,226877.17,225019.71,225020.96,78309220287
20221016,130000,225021.09,225021.09,225021.09,225021.09,3207076004
20221016,170000,225022.47,225022.47,225022.47,225022.47,3207076004
20221017,090000,225022.47,225039.78,224821.7,224821.72,55276314272
20221017,130000,224822.05,224826.31,224822.05,224826.31,5631053162
20221017,170000,224828.36,224831.38,224828.36,224831.38,11260282004
20221018,090000,224831.38,225937.43,224831.38,225860.36,52646760738
20221018,130000,225860.48,225860.54,225860.48,225860.54,4976719882
20221018,170000,225857.73,225857.73,225857.73,225857.73,2488357450
20221019,090000,225857.73,226309.54,225857.73,226246.82,48380004638
20221022,090000,226246.82,226763.94,226246.82,226486.03,56849610324
20221022,130000,226486.08,226486.14,226486.08,226486.14,4796786160
20221022,170000,226486.15,226486.15,226282.72,226282.72,4795571638
20221023,090000,226282.72,226489.23,225507.16,225507.19,69695955771
20221023,130000,225507.29,225507.48,225507.29,225507.48,6141626026
20221023,170000,225507.18,225507.19,225497.61,225497.61,9209215566
20221024,090000,225497.61,225543.71,222835.72,222835.72,75192460947
20221024,130000,222835.82,222835.88,222835.82,222835.88,6945968772
20221024,170000,222835.86,222835.86,222835.86,222835.86,3472981841
20221025,090000,222835.86,222835.86,220703.53,220703.53,75040051938
20221025,130000,220704.13,220704.13,220704.12,220704.12,6563204448
20221026,090000,220704.12,220704.12,215742.6,215742.6,105125765064
20221026,130000,215742.67,215742.78,215742.67,215742.78,18861636879
20221026,170000,215744.64,215744.64,215744.64,215744.64,4712224520
20221029,090000,215744.64,215894.05,213823.12,213823.58,125187744193
20221029,130000,213823.97,213824.14,213821.94,213822.16,48534192823
20221030,090000,213822.16,213822.16,212580.84,212688.17,86327245304
20221030,130000,212688.46,212688.55,212688.46,212688.55,7136265900
20221031,090000,212688.55,215419.8,212688.55,215419.8,69153477176
20221101,090000,215419.79,217953.44,215419.79,217953.44,96550916544
20221101,130000,217953.38,217953.38,217953.38,217953.38,3810004980
20221101,170000,217953.51,217953.51,217953.51,217953.51,3809854928
20221102,090000,217953.51,218365.32,217682.59,218365.3,84445348251
20221102,130000,218365.23,218365.63,218365.23,218365.28,14036787618
20221105,090000,218365.28,223759.09,218365.28,223759.04,149179096945
20221105,130000,223759.06,223759.06,223759.06,223759.06,6205190527
20221105,170000,223658.2,223658.2,223658.2,223658.2,6205190527
20221106,090000,223658.2,226688.9,223658.2,226688.66,135688832908
20221106,170000,226688.58,226688.58,226587.73,226587.73,11504899445
20221107,090000,226587.73,234490.15,226587.73,234489.87,211127926000
20221107,130000,234489.88,234490.1,234489.59,234489.59,87071015606
20221107,170000,234490.18,234490.19,234490.18,234490.19,15829347173
20221108,090000,234490.19,237525.96,234490.19,236339.75,324087438993
20221108,130000,236339.54,236340.23,236332.68,236333.47,101615227047
20221108,170000,236333.3,236333.3,236333.3,236333.3,11288502166
20221109,090000,236333.3,237148.3,235456.72,237148.24,211032669116
20221109,130000,237148.04,237149.01,237148.01,237149.01,50109022736
20221109,170000,237148.91,237149.46,237148.91,237149.46,16699191762
20221112,090000,237149.46,239741.5,237149.46,239737.74,156997846556
20221112,170000,239737.73,239737.73,239693.55,239693.55,12607692704
20221113,090000,239693.55,240023.48,239645.3,239645.3,142574423331
20221113,130000,239645.36,239645.36,239644.63,239644.9,82981545255
20221113,170000,239616.97,239616.97,239616.97,239616.97,5889104181
20221114,090000,239616.97,239818.87,237821.71,237821.71,121241292941
20221114,130000,237822.44,237822.44,237822.2,237822.22,20273663531
20221115,090000,237822.22,238575.42,237822.22,238420.73,100780343615
20221115,130000,238420.08,238423.55,238420.08,238423.55,76969536497
20221115,170000,238390.52,238390.52,238390.52,238390.52,4049050227
20221116,090000,238390.52,239404.83,238390.52,239404.83,88394292977
20221116,130000,239404.93,239404.93,239402.77,239402.77,8214005906
20221116,170000,239402.79,239402.79,239402.79,239402.79,4106520700
20221119,090000,239402.79,239638.97,237309.04,237310.09,132375006244
20221119,130000,237312.24,237312.72,237312.24,237312.72,16007179776
20221119,170000,237310.24,237310.24,237040.46,237040.46,21232882784
20221120,090000,237040.46,239957.02,237040.46,239957.02,148169500058
20221120,130000,239956.74,239956.74,239956.74,239956.74,5729570568
20221121,090000,239956.74,241028.64,239956.74,240960.6,201779217500
20221121,130000,240960.75,240961.19,240960.75,240961.09,188648043231
20221121,170000,240961.08,240961.08,240918.98,240918.99,131994239604
20221122,090000,240918.99,241523.67,240918.99,241523.61,117842813329
20221122,130000,241523.5,241523.5,241523.49,241523.49,11651688406
20221122,170000,241515.76,241515.76,241515.76,241515.76,5825842203
20221123,090000,241515.76,242728.64,241515.76,242597.94,129210082396
20221126,090000,242597.94,243422.77,242597.94,243073.92,139493916961
20221126,170000,243074.18,243074.18,243074.18,243074.18,5213994431
20221127,090000,243074.18,243395.59,243074.18,243395.59,107689106011
20221127,130000,243395.58,243396.29,243395.58,243396.27,30142487275
20221127,170000,243397.2,243397.2,243397.2,243397.2,5023683573
20221128,090000,243397.2,244084.65,243397.2,244016.94,100994232256
20221129,090000,244016.94,245785.14,244016.94,245785.14,119864381881
20221129,130000,245784.59,245784.77,245784.59,245784.77,9836144886
20221130,090000,245784.77,246518.43,245784.77,246060.48,89318011600
20221203,090000,246060.48,246355.87,246002.74,246002.74,87905822873
20221203,130000,246002.88,246002.88,246002.88,246002.88,4059188164
20221204,090000,245974.25,246861.52,245974.25,246626.26,119862668256
20221204,130000,246625.94,246625.94,246612.94,246612.94,21433305932
20221204,170000,246557.71,246557.71,246557.71,246557.71,5357446033
20221205,090000,246557.71,247094.87,246557.71,246845.32,105189004513
20221205,130000,246845.39,246845.49,246845.39,246845.49,9022965238
20221206,090000,246845.49,247812.79,246845.49,247807.79,109126579153
20221206,130000,247807.87,247807.87,247807.87,247807.87,4960380527
20221207,090000,247807.87,248898.44,247807.87,248340.15,192343383864
20221207,130000,248340.17,248340.42,248340.17,248340.4,28834318085
20221207,170000,248340.45,248340.45,248340.45,248340.45,7208061842
20221210,090000,248340.45,248483.36,245807.05,245807.05,144433134223
20221210,130000,245807.36,245807.44,245807.36,245807.38,18460380588
20221210,170000,245745.62,245745.62,245745.62,245745.62,6153460196
20221211,090000,245745.62,246612.35,245676.93,246590.43,142513631785
20221211,130000,246590.69,246590.69,246590.66,246590.66,17293255377
20221212,090000,246587.78,250250.9,246587.78,250250.85,179782439151
20221212,130000,250250.82,250250.82,250242.02,250242.02,74218300493
20221212,170000,250242.18,250242.18,250242.18,250242.18,7420336949
20221213,090000,250242.18,256040.72,250242.18,256040.72,236580449743
20221213,170000,256040.86,256040.86,256018.4,256018.4,45121839120
20221214,090000,256018.4,258384.23,256018.4,258206.08,159685095183
20221214,130000,258206.09,258206.09,258206.09,258206.09,6401623997
20221214,170000,258206.07,258206.07,258206.07,258206.07,6401465487
20221217,090000,258206.07,259821.84,258206.07,259821.84,134697915498
20221217,130000,259821.93,259822.08,259821.93,259822.08,11665190842
20221217,170000,259822.3,259822.32,259822.3,259822.32,11664816594
20221218,090000,259822.32,264316.82,259822.32,264276.85,200264809157
20221218,130000,264276.87,264276.87,264276.87,264276.87,8079761479
20221219,090000,264276.87,264828.43,263886.16,263886.16,201764162816
20221219,130000,263886.06,263886.06,263886.05,263886.05,18852617578
20221219,170000,263886.01,263886.01,263886.01,263886.01,9426158789
20221220,090000,263886.01,264208.18,263305.85,263346.37,138439280823
20221220,130000,263346.25,263346.25,263346.25,263346.25,6776826112
20221220,170000,263346.28,263346.3,263346.28,263346.3,13553350538
20221221,090000,263346.3,265388.31,263346.3,265323.96,142121460695
20221221,130000,265323.88,265324.19,265323.88,265324.19,12370886874
20221221,170000,265324.27,265324.27,265324.27,265324.27,6185140338
20221224,090000,265324.27,271606.12,265324.27,271606.12,215918195291
20221224,170000,271603.31,271603.31,271603.31,271603.31,10103385881
20221225,090000,271603.31,275469.08,271603.31,275460.01,266106460592
20221225,130000,275460.03,275460.09,275460.03,275460.09,21555667530
20221225,170000,275460.26,275460.26,275447.71,275447.71,21553791080
20221226,090000,275447.71,278063.69,275447.71,278007.76,227975719779
20221226,130000,278007.77,278007.82,278007.77,278007.82,18893379812
20221228,090000,278007.82,286119.04,278007.82,286119.04,368174334895
20221228,170000,286119.05,286119.05,286119.05,286119.05,15175184517
20221231,090000,286119.05,286119.05,279084.17,279169.89,375787544892
20221231,130000,279169.91,279169.91,279169.91,279169.91,13499574614
20221231,170000,279169.9,279169.9,279169.9,279169.9,0
20230101,090000,279169.9,280740.64,276412.92,276412.92,268796896544
20230101,130000,276412.89,276413.08,276410.74,276410.75,96154976383
20230102,090000,276410.75,281627.96,276410.75,281627.96,254574837026
20230102,130000,281628.08,281628.08,281628.08,281628.08,9614091360
20230102,170000,281627.54,281627.54,281627.54,281627.54,9614056360
20230103,090000,281627.54,285093.58,281627.54,282985.52,386982582080
20230103,130000,282985.48,282985.48,282985.16,282985.16,72737623607
20230103,170000,282898.88,282898.88,282898.88,282898.88,14545269147
20230104,090000,282898.88,282898.88,281538.03,281579.22,218717538247
20230104,130000,281579.21,281579.21,281578.84,281578.84,18921374920
20230104,170000,281579.46,281579.46,281579.46,281579.46,9460687460
20230107,090000,281579.46,286890.15,281579.46,286890.15,321024915975
20230107,130000,286890.08,286890.1,286890.08,286890.1,26321290864
20230108,090000,286890.1,293031.13,286890.1,293028.08,411660861916
20230108,130000,293028.1,293028.1,293028.1,293028.1,15531950417
20230109,090000,293028.1,295385.81,293028.1,295385.81,374089347532
20230109,130000,295385.79,295385.79,295385.75,295385.75,33273386118
20230109,170000,295385.74,295385.74,295379.68,295379.68,66537738732
20230110,090000,295379.68,300547.84,295379.68,299685.69,361043558309
20230110,130000,299685.53,299685.53,299685.34,299685.34,43092496223
20230110,170000,299685.24,299685.26,299685.24,299685.26,28707923310
20230111,090000,299685.26,301060.98,299509.77,300023.69,295492443596
20230111,130000,300023.73,300023.73,300023.6,300023.6,40806936016
20230111,170000,300023.57,300023.57,300023.57,300023.57,13601418544
20230114,090000,300023.57,300440.5,296942.84,300440.5,243204168486
20230114,130000,300440.52,300440.52,300440.26,300440.26,28100105736
20230114,170000,300433.65,300433.65,300433.65,300433.65,9365583644
20230116,090000,300433.65,309655.39,300433.65,309655.39,277841854537
20230116,130000,309645.51,309645.51,309613.04,309613.05,49343048727
20230116,170000,309613,309613,309566.74,309566.74,24666118050
20230117,090000,309566.74,312567.3,309566.74,311539.32,329914019254
20230117,130000,311539.36,311539.69,311539.36,311539.63,40972801963
20230117,170000,311539.62,311539.62,311482.78,311482.78,27314925800
20230118,090000,311482.78,313162.35,311482.78,312993.13,285793745481
20230118,130000,312993.17,312993.19,312993.17,312993.19,24359415984
20230118,170000,312898.33,312898.33,312898.33,312898.33,12179698825
20230121,090000,312898.33,314326.66,310374,310374,313132418857
20230121,130000,310373.98,310374.17,310373.89,310374.17,80727601758
20230121,170000,310374.05,310374.05,310185.53,310185.53,26907561036
20230122,090000,310185.53,311824.79,308202.83,308986.16,278815098988
20230122,130000,308986.26,308986.35,308986.26,308986.29,31737548005
20230122,170000,308985.86,308985.86,308985.71,308985.71,31732232514
20230123,090000,308985.71,313033.44,308985.71,310628,277748382095
20230123,130000,310627.94,310627.94,310627.84,310627.89,62881173005
20230123,170000,310627.93,310628.24,310627.93,310628.24,25150645612
20230124,090000,310628.24,311435.13,310628.24,310802.24,187724891693
20230124,130000,310802.21,310802.21,310801.97,310801.97,22607313727
20230124,170000,310801.68,310801.68,310801.66,310801.66,22589289729
20230125,090000,310801.66,311961.11,304560.89,304560.89,276288110201
20230125,130000,304560.77,304560.77,304560.62,304560.67,57467865564
20230128,090000,304560.67,304560.67,299633.79,299633.79,253286837267
20230128,130000,299634.19,299634.19,299634.19,299634.19,9403584522
20230129,090000,299634.19,299634.19,288000.3,288008.81,275453124922
20230129,130000,288009.99,288010.05,288009.99,288010.05,22072699448
20230129,170000,288010.06,288010.08,288010.06,288010.08,22071782920
20230130,090000,288010.08,288010.08,283837.53,285037.82,237711707086
20230130,130000,285037.81,285037.96,285037.8,285037.96,35908698729
20230130,170000,285037.69,285037.73,285036.88,285036.88,35905244924
20230131,090000,285036.88,289230.96,285036.88,288841.6,179691877783
20230131,130000,288841.39,288841.69,288841.39,288841.69,23753974122
20230131,170000,288751.82,288751.82,288751.82,288751.82,7917678228
20230201,090000,288751.82,289668.64,288751.82,289639.77,148027887178
20230201,130000,289640.49,289652.91,289640.49,289652.86,42276300391
20230205,090000,289652.86,289700.95,285253.64,285253.64,179379361981
20230205,130000,285253.62,285262.91,285253.37,285262.91,52541524856
20230205,170000,285158.26,285158.26,285158.26,285158.26,7500863445
20230206,090000,285158.26,285158.26,282286.38,282832.48,154385062437
20230206,130000,282832.46,282832.46,282831.73,282831.83,38097083182
20230206,170000,282777.05,282777.05,282777.05,282777.05,6347984043
20230207,090000,282777.05,287651.89,282777.05,287651.89,139529796196
20230207,130000,287651.78,287655.74,287651.78,287655.74,23318508164
20230207,170000,287648.99,287648.99,287648.99,287648.99,5826571862
20230208,090000,287648.99,288814.76,287648.99,288300.48,122589323021
20230208,130000,288300.49,288300.49,288300.14,288300.14,15079726818
20230212,090000,288300.14,288345.42,285500.94,285501.01,91246819354
20230212,130000,285501.05,285502.13,285501.02,285502.13,19256574717
20230212,170000,285264.92,285264.92,285264.92,285264.92,3851024133
20230213,090000,285264.92,286595.89,285264.92,286407.67,97900192004
20230213,130000,286407.74,286407.76,286406.62,286407.04,21643732968
20230214,090000,286407.04,286554.05,284396.37,284396.37,93310651737
20230214,130000,284396.39,284396.43,284396.38,284396.38,12190557334
20230214,170000,284345.4,284345.4,284345.4,284345.4,4062888178
20230215,090000,284345.4,284345.4,281612.64,281612.64,83615575704
20230215,130000,281612.44,281612.44,281611.25,281611.25,11677647150
20230215,170000,281609.14,281609.14,281609.14,281609.14,3892525812
20230219,090000,281609.14,282792.14,281609.14,282761.04,102197938316
20230219,130000,282760.88,282760.88,282759.96,282759.96,35464838644
20230219,170000,282759.91,282759.91,282662.03,282662.03,10126050942
20230220,090000,282662.03,292410.93,282662.03,292410.93,232854848867
20230220,130000,292410.99,292410.99,292407.32,292407.32,25452584881
20230221,090000,292407.32,301193.59,292407.32,300660.43,349297107904
20230221,170000,300654.89,300654.89,300654.89,300654.89,14426473735
20230222,090000,300654.89,300840.45,298082.06,298359.33,265322773065
20230222,130000,298359.47,298359.47,298359.27,298359.27,21089493422
20230225,090000,298359.27,311676.87,298359.27,311676.87,372163279368
20230225,170000,311666.14,311666.14,311666.14,311666.14,13556526072
20230226,090000,311666.14,321322.96,311666.14,318014.16,603977346949
20230226,130000,318014.11,318015.68,318013.6,318015.68,113119117038
20230227,090000,318015.68,318263.42,316132.21,316884.19,538325358330
20230227,130000,316884.11,316884.11,316882.35,316882.35,106291337971
20230227,170000,316881.41,316881.42,316881.41,316881.42,35426632648
20230228,090000,316881.42,319495.57,316881.42,319456.71,296519336895
20230228,130000,319456.69,319456.69,319451.48,319451.54,49034561215
20230228,170000,319451.52,319451.52,319451.52,319451.52,12258402296
20230301,090000,319451.52,320172.55,318903.66,318903.66,264053775895
20230301,130000,318903.57,318904.34,318903.44,318904.34,120758846375
20230304,090000,318904.34,318904.34,316010.58,316010.58,235023960720
20230304,130000,316010.66,316010.81,316010.45,316010.45,46240269719
20230304,170000,316010.47,316011.14,316010.47,316011.14,18495726456
20230305,090000,316011.14,319140.96,316011.14,318721.65,213232866849
20230305,130000,318721.63,318721.82,318721.46,318721.46,93527759502
20230306,090000,318721.46,319216.31,318485.63,319163.03,231637127393
20230306,130000,319149.03,319149.03,319140.38,319140.38,49942937757
20230306,170000,319140.6,319140.78,318972.96,318972.96,33285448581
20230307,090000,318972.96,323349.77,318972.96,323349.65,244599618811
20230307,130000,323349.79,323349.81,323349.79,323349.81,23059673854
20230307,170000,323349.82,323349.82,323217.13,323217.13,23059310904
20230311,090000,323217.13,326482.79,323217.13,325354.29,299500346950
20230311,130000,325354.14,325354.14,325352.37,325352.37,69797064183
20230311,170000,325055.02,325055.02,325055.02,325055.02,11632442293
20230312,090000,325055.02,325055.02,319360.79,319360.79,180390016978
20230312,130000,319367.07,319368.09,319367.07,319368.09,76641242342
20230312,170000,319368.1,319368.1,319368.1,319368.1,7661040863
20230313,090000,319368.1,320657.47,319044.65,319044.65,162542005986
20230313,130000,319045.06,319045.23,319045.02,319045.23,21464746096
20230313,170000,319027.72,319027.72,319027.72,319027.72,7154751749
20230314,090000,319027.72,320255.94,319027.72,320169.96,162493894305
20230314,130000,320170.13,320170.13,320168.17,320168.27,35136922291
20230314,170000,319957.28,319957.28,319957.28,319957.28,7024872831
20230315,090000,319957.28,327741.47,319957.28,327741.47,187146305508
20230315,130000,327741.18,327741.18,327737.97,327738.11,101018285677
20230315,170000,327738.1,327738.1,327700.53,327700.53,20177512658
20230318,090000,327700.53,340524.51,327700.53,340289.08,364419509676
20230318,130000,340289.5,340289.5,340285.17,340285.17,39515649526
20230318,170000,339986.06,339986.06,339986.06,339986.06,13169726957
20230319,090000,339986.06,345763.61,339986.06,345763.61,286029435371
20230319,130000,345762.83,345762.83,345762.51,345762.51,38089554721
20230325,090000,345762.51,350185.75,345762.51,350092.75,263764795567
20230325,130000,350092.74,350092.74,350077.86,350077.86,87275533870
20230326,090000,350077.86,352379.52,350049.76,350049.76,297408659292
20230326,130000,350049.88,350049.88,350043.52,350043.52,39214069499
20230326,170000,349930.9,349930.9,349930.9,349930.9,13068425233
20230327,090000,349930.9,353334.99,349598.63,353334.99,259606839286
20230327,130000,353335.18,353335.18,353335.11,353335.11,22223681117
20230328,090000,353335.11,360276.21,353335.11,360276.21,324751551644
20230328,130000,360276.14,360276.14,360267.79,360267.79,25989945054
20230329,090000,360267.79,367667.12,360267.79,367667.07,287282204042
20230329,130000,367667.08,367667.08,367667.05,367667.05,28177470075
20230329,170000,367667.04,367667.04,367666.99,367666.99,56329061160
20230403,090000,367666.99,372508.92,366447.63,372508.92,272946674843
20230403,130000,372508.93,372508.93,372508.82,372508.82,60639127280
20230404,090000,372508.82,379865.04,372508.82,376655.06,373580512786
20230404,130000,376655.08,376655.08,376654.32,376654.32,64029341008
20230404,170000,376644.63,376644.63,376644.63,376644.63,16001200695
20230405,090000,376644.63,384520.27,376606.38,384520.27,328727203826
20230405,130000,384513.46,384513.46,384513.46,384513.46,14482019342
20230408,090000,384513.46,399776.97,384513.46,399562.05,431686436117
20230408,130000,399562.08,399562.24,399560.82,399560.82,57380445850
20230409,090000,399560.82,406265.42,399560.82,406265.38,402091295382
20230409,130000,406265.33,406265.33,406265.33,406265.33,18038939125
20230410,090000,406265.33,412967.74,406074.72,406074.73,495353828296
20230410,130000,406074.71,406074.71,406073.64,406073.64,164491590763
20230411,090000,406073.64,409245.92,405215.95,409245.9,342447645755
20230411,130000,409246.02,409246.22,409246.02,409246.22,42616686509
20230415,090000,409246.22,425070.33,409246.22,425070.33,448403622239
20230415,170000,424976.74,424976.74,424976.74,424976.74,16860140773
20230416,090000,424976.74,431833.04,424976.74,431718.75,552740681386
20230416,130000,431718.76,431718.88,431718.76,431718.87,59725264017
20230416,170000,431592.84,431592.84,431592.84,431592.84,19908121821
20230417,090000,431592.84,437247.71,431592.84,437201.7,424979370223
20230417,130000,437201.71,437201.98,437201.71,437201.98,35933987072
20230418,090000,437201.98,447996.52,437201.98,446649.55,588357679140
20230418,130000,446649.56,446650.05,446649.56,446649.87,211314971282
20230418,170000,446649.95,446649.95,446649.95,446649.95,21124438100
20230419,090000,446649.95,449977.74,446649.95,449064.34,412742645199
20230419,130000,449064.1,449064.1,449063.71,449063.71,49868261799
20230419,170000,449063.7,449063.7,449063.69,449063.69,33245160258
20230424,090000,449063.69,453628.49,449063.69,453628.49,356252004342
20230424,130000,453628.45,453628.46,453628.43,453628.46,40932015634
20230424,170000,453628.48,453628.48,453149.82,453149.82,27270837144
20230425,090000,453149.82,462802.83,453149.82,460811.24,501019434024
20230425,130000,460810.81,460810.84,460810.69,460810.84,175316539336
20230425,170000,460785.5,460785.5,460785.5,460785.5,17528129146
20230426,090000,460785.5,463860.27,458371.94,463768.11,425592912671
20230426,130000,463767.92,463768.18,463767.92,463768.18,35942391360
20230426,170000,463592.5,463592.5,463592.5,463592.5,17971185558
20230429,090000,463592.5,472180.57,463592.5,472110.7,648572952695
20230429,130000,472110.95,472118.55,472110.95,472118.49,1090572690484
20230429,170000,472118.51,472118.97,472118.51,472118.97,208229616504
20230430,090000,472118.97,481294.91,472118.97,481294.84,529874665096
20230430,130000,481294.78,481294.78,481294.39,481294.39,157083918256
20230430,170000,481167.71,481167.71,481167.71,481167.71,19629864000
20230501,090000,481167.71,486971.18,481167.71,486138.54,520433758767
20230501,130000,486138.53,486138.53,486138.53,486138.53,20087032051
20230501,170000,486015.58,486015.58,486015.58,486015.58,20087031337
20230502,090000,486015.58,498053.99,486015.58,498053.99,459644188522
20230502,130000,498054,498054,498054,498054,19389858271
20230503,090000,498054,505855.47,498054,504234.86,551430157837
20230503,130000,504234.91,504234.91,504234.51,504234.51,192317092281
20230506,090000,504234.51,513515.85,504234.51,512790.14,595178531372
20230506,130000,512790.18,512790.28,512790.18,512790.22,97287479374
20230506,170000,512785.03,512785.03,512785.03,512785.03,24321643548
20230507,090000,512785.03,514950.64,495071.89,495071.89,666145541609
20230507,130000,495071.94,495071.94,495069.31,495069.31,86761103478
20230507,170000,495068.93,495068.93,494958.95,494958.95,43378600360
20230508,090000,494958.95,494958.95,473159.4,473159.4,396112211571
20230508,130000,473159.41,473159.43,473158.39,473158.9,246047018469
20230508,170000,473158.92,473159.08,473058.6,473058.6,210244922324
20230509,090000,473058.6,473058.6,458409.74,460648.62,685455555415
20230509,130000,460648.63,460648.63,460646.01,460646.01,236542399824
20230509,170000,460645.87,460645.87,460310.09,460310.09,47299017474
20230510,090000,460310.09,465798.82,450016.98,450016.98,514829912913
20230510,130000,450016.54,450016.54,450015.53,450015.53,141532317288
20230510,170000,450015.66,450015.91,449993.22,449993.22,53069596002
20230513,090000,449993.22,449993.22,432290.09,432399.16,410036971006
20230513,130000,432399.14,432399.15,432397.84,432397.84,148863002348
20230513,170000,432025.44,432025.44,432025.44,432025.44,16539467699
20230514,090000,432025.44,440111.42,431155.47,440111.19,442732974223
20230514,130000,440111.17,440111.17,440111.17,440111.17,16408473692
20230514,170000,439958.74,439958.74,439958.74,439958.74,16408472144
20230515,090000,439958.74,443766.79,439958.74,442213.95,372580320148
20230515,130000,442213.63,442213.81,442213.63,442213.81,40787415365
20230515,170000,442025.38,442025.38,442025.38,442025.38,13595652757
20230517,090000,442025.38,449513.24,441958.02,449513.24,250160323644
20230517,130000,449513.29,449513.3,449501.55,449501.55,125162144538
20230517,170000,449497.15,449497.15,449454.35,449454.35,68260850117
20230520,090000,449454.35,453241.36,447038.57,447038.57,311674722531
20230520,130000,447038.85,447038.85,447037.54,447037.66,74589510750
20230520,170000,447037.65,447037.69,446575.52,446575.52,62145220362
20230521,090000,446575.52,448386.84,445276.74,448386.76,231635655994
20230521,130000,448386.64,448386.64,448384.47,448384.61,97266718477
20230521,170000,448120.12,448384.64,448120.12,448384.64,19433779322
20230522,090000,448120.12,455671.35,448120.12,455625.86,343339036119
20230522,130000,455625.52,455625.82,455625.52,455625.82,37640340988
20230522,170000,455434.47,455434.47,455434.47,455434.47,12546529293
20230523,090000,455434.47,464200.33,455434.47,463811.2,262676447251
20230523,130000,463811.35,463811.35,463809.94,463810.04,66920218992
20230523,170000,463810.05,463810.07,463603.14,463603.14,33458796564
20230524,090000,463603.14,465534.57,463603.14,464638.79,323187752264
20230524,130000,464638.75,464638.75,464637.76,464637.81,88032570152
20230524,170000,464637.82,464637.82,464417.52,464417.52,22007183494
20230527,090000,464417.52,464469.04,457335.8,457335.8,244069365127
20230527,130000,457335.68,457335.68,457334.19,457334.37,110295085073
20230527,170000,457334.38,457334.39,457052.89,457052.89,30076042413
20230528,090000,457052.89,457052.89,441554.04,441605.88,315608836321
20230528,130000,441605.45,441605.51,441604.77,441604.77,126740107574
20230528,170000,441606.83,441606.83,441492.1,441492.1,34550618673
20230529,090000,441492.1,446521.2,441492.1,446521.2,223622082426
20230529,130000,446515.27,446515.79,446515.27,446515.79,42887323121
20230529,170000,446515.81,446515.84,446287.27,446287.27,34304244592
20230530,090000,446287.27,453193.93,446287.27,452653.43,200221690543
20230530,130000,452652.97,452652.99,452652.97,452652.99,17148375132
20230530,170000,452524.43,452524.43,452524.43,452524.43,8574187566
20230531,090000,452524.43,453173.71,447005.96,447622.12,191925080881
20230531,130000,447622.11,447622.13,447621.43,447621.76,70065798938
20230603,090000,447621.76,451010.64,447621.76,451010.64,147965870496
20230603,130000,451010.69,451010.69,451010.69,451010.69,5997557952
20230603,170000,450493.24,450493.24,450493.24,450493.24,5997307952
20230606,090000,450493.24,453553.62,450493.24,453478.53,186017295158
20230606,170000,453353.4,453353.4,453353.4,453353.4,7949702134
20230607,090000,453353.4,454810.17,453353.4,453488.34,173061809903
20230607,130000,453488.4,453488.58,453488.37,453488.37,31361639932
20230607,170000,453228.64,453228.64,453228.64,453228.64,7839029762
20230610,090000,453228.64,453228.64,438152.81,438152.84,212108560227
20230610,130000,438152.82,438153.03,438152.78,438153,31426122001
20230610,170000,437461.25,437461.25,437461.25,437461.25,7855900699
20230611,090000,437461.25,437999.25,436179.62,436192.74,175461004983
20230611,130000,436192.83,436193.08,436192.83,436193,43410094998
20230611,170000,435970.53,435970.53,435970.53,435970.53,7235015833
20230612,090000,435970.53,437518.86,424970.21,424970.21,242299747496
20230612,130000,424970.27,424970.4,424969.6,424969.6,97555963915
20230612,170000,424969.61,424969.61,424778.43,424778.43,19507823604
20230613,090000,424778.43,425166.75,423610.54,425166.75,165712407492
20230613,130000,425166.78,425167.66,425166.78,425167.49,87029543755
20230614,090000,425167.49,431769.93,425167.49,431541.5,175637673947
20230614,130000,431541.49,431541.54,431541.49,431541.54,14150508377
20230614,170000,431277.39,431277.39,431277.39,431277.39,7075034668
20230617,090000,431277.39,434338.77,431277.39,432611.53,168457946987
20230617,130000,432611.28,432612.9,432611.28,432612.71,53828209246
20230617,170000,432612.7,432612.72,432425.87,432425.87,26909212588
20230618,090000,432425.87,432425.87,425802.22,426027.95,195708859673
20230618,130000,426027.87,426029.13,426027.87,426029.13,104502245776
20230618,170000,426028.66,426028.66,425810.61,425810.61,14918150732
20230619,090000,425810.61,429837.23,425810.61,428914.22,196000791169
20230619,130000,428914.04,428914.23,428914.04,428914.23,30824294595
20230619,170000,428914.59,428918.26,428758.73,428758.73,53940257858
20230620,090000,428758.73,429257.28,428042.93,429257.28,104738677663
20230620,130000,429257.45,429257.72,429257.45,429257.72,14715660605
20230620,170000,429132.57,429132.57,429132.57,429132.57,4905142581
20230621,090000,429132.57,434012.82,429132.57,433354.59,123292890976
20230621,130000,433354.66,433354.68,433354.58,433354.68,20781474618
20230621,170000,433228.47,433228.47,433228.47,433228.47,5194159667
20230624,090000,433228.47,433314.91,431131.8,431387.27,185112760777
20230624,130000,431387.4,431387.56,431386.03,431386.04,32248015753
20230624,170000,431105.78,431105.78,431105.78,431105.78,6449474247
20230625,090000,431105.78,435515.54,431105.78,435515.54,59997775748
20230626,090000,435197.53,438757.54,435197.53,438644.63,157768205832
20230626,130000,438644.52,438644.58,438644.35,438644.35,19549712548
20230626,170000,438644.19,438644.19,438504.89,438504.89,39089635677
20230627,090000,438504.89,438982.33,435289.83,435289.83,140033594071
20230627,130000,435289.93,435289.93,435288.94,435288.95,44246521132
20230627,170000,435289.15,435291.32,435281.77,435281.77,37920759097
20230628,090000,435281.77,435281.77,432695.45,432958.07,128238251992
20230628,130000,432958.34,432959.53,432958.34,432958.81,49892596543
20230628,170000,432958.72,432960.84,432958.72,432960.84,11083776892
20230701,090000,432960.84,434771,432960.84,433148.43,120683857885
20230701,130000,433148.21,433148.29,433148.09,433148.14,35238989262
20230701,170000,433148.12,433148.12,433066.7,433066.7,10067741292
20230702,090000,433066.7,437717.21,433066.7,437667.2,160736818275
20230702,130000,437666.94,437666.97,437666.94,437666.97,11577827040
20230702,170000,437666.96,437666.96,437502.78,437502.78,11577665906
20230703,090000,437502.78,442402.38,437502.78,442402.38,137872715989
20230703,130000,442402.57,442402.6,442399.72,442399.74,26439050410
20230703,170000,442399.75,442399.75,442057.97,442057.97,19827566436
20230704,090000,442057.97,447997.61,442057.97,447821.15,173092040236
20230704,130000,447821.02,447821.02,447820.85,447820.85,20893283684
20230704,170000,447625.1,447625.1,447625.1,447625.1,6962152882
20230705,090000,447625.1,449478.75,447625.1,449292.7,129326626432
20230705,130000,449292.63,449292.73,449291.78,449291.78,30593238908
20230705,170000,449113.5,449113.5,449113.5,449113.5,6117597542
20230708,090000,449113.5,451266.34,449113.5,449860.45,119624646092
20230708,130000,449861.45,449862.18,449857.21,449857.21,40557581245
20230708,170000,449857.2,449857.32,449183.32,449183.32,25334967520
20230709,090000,449183.32,449304.89,445347.92,445347.92,133242243588
20230709,130000,445347.84,445347.84,445347,445347,35368013657
20230709,170000,444914.5,444914.5,444914.5,444914.5,5893451415
20230710,090000,444914.5,444914.5,439162.47,439162.52,131263274153
20230710,130000,439162.49,439162.89,439162.49,439162.85,46485914052
20230710,170000,439162.73,439162.73,438965.7,438965.7,17429076770
20230711,090000,438965.7,438965.7,430732.28,430732.31,168489039304
20230711,130000,430732.43,430733.66,430728.23,430733.66,110799434501
20230711,170000,430613.73,430613.73,430613.73,430613.73,8521250936
20230712,090000,430613.73,430613.73,417997.56,417998.26,184254892322
20230712,130000,417998.19,417998.19,417997.91,417997.91,24391999576
20230715,090000,417997.91,421652.59,417997.91,419898.92,100764379753
20230715,130000,419899.19,419899.19,419898.9,419898.9,18746931045
20230715,170000,418774.01,418774.01,418774.01,418774.01,4685610938
20230716,090000,418774.01,418774.01,407547.96,407547.96,144412536670
20230716,130000,407547.87,407548.22,407547.66,407548.22,17645658370
20230716,170000,407548.08,407548.26,407134.84,407134.84,41139211125
20230717,090000,407134.84,407134.84,395113.32,395214.66,172742442735
20230717,130000,395214.71,395214.71,395214.25,395214.26,38921148496
20230717,170000,394942.21,394942.21,394942.21,394942.21,7784195614
20230718,090000,394942.21,403842.36,394942.21,403842.36,184394699146
20230718,130000,403842.37,403843.02,403828.67,403828.75,44922228699
20230718,170000,403828.85,403828.85,403341.23,403341.23,14970799816
20230719,090000,403341.23,411168.97,403341.23,408708.33,120104556140
20230719,130000,408708.56,408709.45,408708.56,408709.45,17735607252
20230719,170000,408709.38,408709.38,408565.31,408565.31,11823527752
20230722,090000,408565.31,408565.31,401336.64,401337.22,107362138786
20230722,130000,401337.84,401339.59,401337.84,401339.48,41438705701
20230722,170000,399928.37,399928.37,399928.37,399928.37,4603744008
20230723,090000,399928.37,401315.14,399607.16,401105.78,81202595522
20230723,130000,401105.67,401106.04,401105.62,401106.03,25580208118
20230723,170000,401105.79,401105.79,400589.23,400589.23,7277869000
20230724,090000,400589.23,404894.49,400589.23,404890.44,96331706339
20230724,130000,404890.63,404890.63,404890.39,404890.5,12070640136
20230724,170000,404890.91,404892.4,404832.23,404832.23,24120672123
20230725,090000,404832.23,407586.25,404832.23,405546.55,116890697675
20230725,130000,405546.53,405546.59,405545.94,405546.44,34144751388
20230725,170000,405427.85,405427.85,405427.85,405427.85,4877153274
20230726,090000,405427.85,405723.38,404716.76,405723.38,117710049160
20230726,130000,405726.46,405726.46,405664.93,405684.47,46542735655
20230729,090000,405684.47,407137.03,405671.74,405671.74,91947786158
20230729,130000,405671.69,405672.49,405671.63,405672.42,32720296825
20230729,170000,405672.81,405672.81,405672.81,405672.81,4087515263
20230730,090000,405672.81,405843.1,397812.13,397821.96,195294174720
20230730,130000,397822.93,397828.05,397790.79,397796.46,324891596743
20230730,170000,397783.76,397783.76,397559.71,397559.71,27037049884
20230731,090000,397559.71,398572.77,397559.71,398572.77,103471371877
20230731,130000,398572.78,398573.35,398572.78,398573.27,23495971679
20230801,090000,398573.27,402430.65,398573.27,402430.6,86128693878
20230801,130000,402430.62,402430.62,402423.98,402423.98,52347350415
20230801,170000,402423.71,402423.71,402423.57,402423.57,8604952406
20230805,090000,402423.57,409184.22,402423.57,409184.22,147849189763
20230805,130000,409184.23,409185.75,409184.19,409185.44,66342240654
20230805,170000,408794.42,408794.42,408794.42,408794.42,6028840078
20230806,090000,408794.42,409207.24,408318.5,408358.77,109834118253
20230806,130000,408358.6,408358.6,408355.63,408355.63,44044735824
20230806,170000,408355.65,408355.65,408352.46,408352.46,9781632326
20230807,090000,408352.46,410540.66,408352.46,409809.29,161930170538
20230807,130000,409809.14,409809.2,409808.6,409808.6,48579229115
20230807,170000,409808.57,409808.64,409658.79,409658.79,34682383695
20230808,090000,409658.79,409658.79,406232.17,406232.17,99877762495
20230808,130000,406232.04,406232.04,406230.77,406230.77,42872255483
20230809,090000,406230.77,407530.9,406009.26,406009.26,80699451109
20230809,130000,406009.03,406011.87,406009.03,406011.87,19804916674
20230809,170000,406011.93,406011.94,406011.93,406011.94,7920880896
20230812,090000,406011.94,406011.94,395026.72,395026.72,129255209606
20230812,130000,395027.44,395027.44,395026.48,395026.63,47665806482
20230812,170000,395026.6,395026.6,395026.6,395026.6,5295548284
20230813,090000,395026.6,395026.6,392889.26,393864.59,112113030008
20230813,130000,393865.06,393866.86,393865.06,393866.86,28708007376
20230813,170000,393866.64,393866.64,393840.3,393840.3,14352586998
20230814,090000,393840.3,397409.2,393840.3,396425.74,88813207563
20230814,130000,396425.76,396425.92,396425.76,396425.92,15570524370
20230814,170000,396424.19,396424.19,396423.8,396423.86,19423237771
20230815,090000,396423.86,396584.22,391195.33,391195.33,104373730653
20230815,130000,391195.49,391196.43,391187.07,391187.07,18677882500
20230816,090000,391187.07,391913.94,389954.13,389954.13,79581312552
20230816,130000,389954.04,389954.4,389944.48,389944.48,16461953737
20230816,170000,389944.54,389944.54,389888.37,389888.37,6571550218
20230819,090000,389888.37,390256.43,385399.45,385400.09,86985966886
20230819,130000,385400.38,385400.42,385389.75,385389.75,32332969594
20230819,170000,385383.81,385383.81,385374.73,385374.73,12104367796
20230820,090000,385374.73,385374.73,382968.33,383423.9,97560995097
20230820,130000,383422,383422,383419.54,383420.24,31446023342
20230820,170000,383420.28,383420.28,383224.2,383224.2,7859030504
20230821,090000,383224.2,384553.87,383199.93,383588.43,72051588182
20230821,130000,383588.38,383588.49,383586.65,383586.65,23857539234
20230821,170000,383586.64,383586.64,383586.64,383586.64,3407248806
20230822,090000,383586.64,383586.64,377331.16,377331.16,84884321565
20230822,130000,377330.43,377334.57,377330.43,377334.57,52326027927
20230822,170000,377335.63,377335.63,377335.63,377335.63,4021779851
20230823,090000,377335.63,379968.36,377335.63,379968.29,70634622152
20230823,130000,379968.26,379968.97,379966.33,379966.79,87551546073
20230823,170000,379958.65,379958.65,379958.65,379958.65,3634396441
20230826,090000,379958.65,389666.45,379958.65,389666.45,137845849612
20230826,130000,389666.39,389666.39,389655.43,389655.43,27725854956
20230826,170000,389653.75,389653.75,389652.73,389653.28,60782107043
20230827,090000,389653.28,398555.07,389653.28,398511.7,235548005123
20230827,130000,398511.69,398512.16,398511.69,398512.15,76470034812
20230827,170000,398509.93,398509.93,398486.79,398486.79,66885170525
20230828,090000,398486.79,401358.85,398486.79,401188.44,203978387686
20230828,130000,401187.69,401187.69,401183.65,401183.65,64690164115
20230828,170000,401187.44,401187.44,401004.55,401004.55,72275337780
20230829,090000,401004.55,402827.11,401004.55,402069.93,171979393010
20230829,130000,402069.79,402069.79,402068.96,402068.97,53573049741
20230829,170000,401921.91,401921.91,401921.91,401921.91,6695774108
20230830,090000,401921.91,403941.14,401857.3,403941.14,183553324351
20230830,130000,403941.15,403941.15,403940.67,403940.69,31807049792
20230830,170000,403940.63,403940.63,403911.26,403911.26,95248089130
20230902,090000,403911.26,405935.86,403911.26,404577.87,149033076836
20230902,130000,404577.21,404577.21,404570.01,404570.43,101832347438
20230903,090000,404570.43,405839.54,404570.43,405699.53,115781904587
20230903,130000,405699.27,405699.27,405691.25,405691.25,84567879885
20230903,170000,405691.24,405691.24,405691.24,405691.24,4961866416
20230904,090000,405691.24,409820.53,405691.24,409820.38,155711851213
20230904,130000,409820.3,409820.64,409818.97,409819.08,79503109568
20230904,170000,409819.07,409819.07,409780.21,409780.21,19868419611
20230905,090000,409780.21,413606.56,409780.21,412951.12,165765146323
20230905,130000,412950.91,412950.91,412949.75,412950.25,74650798773
20230905,170000,412950.09,412950.09,412926.24,412926.24,33918011435
20230909,090000,412926.24,412926.24,407469.81,407469.81,134348513823
20230909,130000,407469.07,407469.07,407455.38,407455.38,51135277278
20230909,170000,407455.37,407455.37,407443.79,407443.79,22701482622
20230910,090000,407443.79,407443.79,406246.09,406246.09,97769164983
20230910,130000,406235.52,406236.82,406221.82,406221.93,88656235443
20230911,090000,406221.93,406800.67,406221.93,406664.28,83811993892
20230911,130000,406664.29,406664.55,406664.01,406664.01,44738554128
20230911,170000,406651.43,406660.86,406534.77,406534.77,24366037440
20230912,090000,406534.77,408681.65,406534.77,408366.25,96970801686
20230912,130000,408365.69,408365.69,408352.11,408352.12,67180955496
20230912,170000,408352.02,408352.02,408352.02,408352.02,4186998520
20230913,090000,408352.02,409094.03,408020.99,408021.83,90996441105
20230913,130000,408021.94,408021.94,408019.39,408019.39,45632920018
20230913,170000,408016,408016,408002.99,408003.32,53794350781
20230917,090000,408003.32,410934.91,408003.32,410932.31,119863314469
20230917,130000,410932.38,410932.38,410931.54,410931.54,26197235472
20230917,170000,410931.36,410934.45,410924.87,410924.87,140309178810
20230918,090000,410924.87,412234.72,410924.87,411381.64,118613477246
20230918,130000,411381.7,411381.7,411377.92,411377.92,105289047549
20230918,170000,411377.76,411379.2,411377.76,411379.2,39434031533
20230919,090000,411379.2,411459.55,410497.42,410501.7,94126563685
20230919,130000,410501.63,410501.63,410499.53,410499.77,48388702983
20230919,170000,410503.23,410503.43,410503.2,410503.2,12068685237
20230920,090000,410503.2,410646.95,410124.13,410124.13,79408245381
20230920,130000,410124.2,410140.95,410124.06,410140.95,38417333290
20230923,090000,410140.95,410588.69,410124.86,410135.04,82693567155
20230923,130000,410134.97,410134.97,410134.32,410134.32,21719429799
20230923,170000,410134.33,410134.34,410131.75,410131.75,10856186907
20230925,090000,410131.75,410382.96,407181.24,407181.24,122887987715
20230925,130000,407181.17,407181.85,407180.92,407180.99,64851107581
20230925,170000,407180.98,407181.13,407180.12,407180.12,27006221349
20230926,090000,407180.12,408077.46,407180.12,407622.15,84393958285
20230926,130000,407622.23,407630.54,407622.23,407630.54,22545986536
20230927,090000,407630.54,408725.01,407630.54,408334.11,105404433659
20230927,130000,408334.04,408334.37,408334.04,408334.26,17320058422
20230927,170000,408334.63,408335.35,408334.63,408335.35,12980142072
20230930,090000,408335.35,409210.59,406454.49,406454.49,116534075432
20230930,130000,406454.32,406455.83,406449.47,406449.47,78796788265
20230930,170000,406449.07,406449.07,406447.77,406447.77,9812088104
20231001,090000,406447.77,406617.23,403684.83,403684.84,147977664931
20231001,130000,403684.99,403686.41,403684.98,403686.41,51353860126
20231001,170000,403686.65,403688.19,403684.08,403684.08,148303569488
20231002,090000,403684.08,404994.98,403684.08,404994.98,104975368801
20231002,130000,404995.6,404995.89,404984.59,404985.74,29575054980
20231002,170000,404985.78,404985.98,404920.52,404920.52,16884862496
20231004,090000,404920.52,406947.26,404920.52,406770.51,80562707897
20231004,130000,406770.52,406770.52,406764.54,406764.54,10852676111
20231004,170000,406764.58,406764.58,406576.22,406576.22,10848223299
20231007,090000,406576.22,406925.15,402765.47,402765.7,88373711748
20231007,130000,402765.53,402766.41,402761.87,402761.87,60676532563
20231007,170000,402764.59,402764.59,402764.59,402764.59,4330004666
20231008,090000,402764.59,402764.59,387988.91,387988.91,177621925935
20231008,130000,387988.87,387988.87,387985.7,387986.19,85011140238
20231009,090000,387986.19,388424.5,386704.28,386704.28,124407631201
20231009,130000,386704.22,386704.52,386695.02,386695.02,23348993458
20231009,170000,386694.99,386694.99,386694.99,386694.99,4669082409
20231010,090000,386694.99,389535.2,386694.99,389534.8,79921891699
20231010,130000,389539.3,389539.3,389539.3,389539.3,3389907995
20231011,090000,389539.3,392371.91,389539.3,392064.06,71251731490
20231011,130000,392064.21,392064.29,392059.79,392059.79,19925151710
20231014,090000,392059.79,392059.79,386146.55,386146.55,103218973017
20231014,130000,386146.51,386153.46,386146.47,386153.27,67146967559
20231014,170000,386153.64,386154.65,386153.64,386154.65,8943526378
20231015,090000,386154.65,386674.91,385432.51,385432.54,80192907587
20231015,130000,385432.77,385434.85,385407.88,385407.88,18486221451
20231016,090000,385407.88,390006.2,385407.88,390006.14,84751439361
20231016,130000,390006.29,390006.29,389998.29,389998.29,16236054286
20231016,170000,389995.57,389995.57,389995.57,389995.57,4054702910
20231017,090000,389995.57,392019.31,389995.57,391791.29,92259623048
20231017,130000,391791.3,391791.3,391790.29,391790.29,12311433603
20231017,170000,391785.23,391785.23,391785.23,391785.23,4103661201
20231018,090000,391785.23,391785.23,387836.1,387836.1,136862274030
20231018,130000,387836,387841.08,387830.44,387830.44,30065001608
20231021,090000,387830.44,389762.99,387830.44,389686.48,82172791610
20231021,130000,389686.66,389686.66,389685.61,389685.61,6442408647
20231021,170000,389627.47,389627.47,389627.47,389627.47,3221150311
20231022,090000,389627.47,391870.61,389627.47,391846.64,89851247965
20231022,130000,391846.69,391846.93,391846.65,391846.93,17908815528
20231022,170000,391843.99,391843.99,391579.5,391579.5,7162700834
20231023,090000,391579.5,391726.05,389169.28,389169.28,93064278568
20231023,130000,389169.33,389171.28,389168.58,389171.28,41234213621
20231023,170000,389172.19,389172.24,389172.17,389172.24,16402872180
20231024,090000,389172.24,389348.06,383628.07,383629.62,100571662978
20231024,130000,383629.67,383629.67,383629.67,383629.67,4348293540
20231024,170000,383629.7,383639,383629.7,383634.58,42674659123
20231025,090000,383634.58,383972.67,383439.88,383964.75,82883428221
20231025,130000,383964.8,383964.82,383962.56,383964.05,19579526978
20231025,170000,383964.04,383964.05,383964.04,383964.05,7829676190
20231028,090000,383964.05,383964.05,370602.71,370602.71,167303081869
20231028,170000,370600.43,370600.43,370600.43,370600.43,6641177973
20231029,090000,370600.43,373915.29,370411.33,373915.29,98828507942
20231029,130000,373915.43,373915.44,373909.42,373909.42,89338217678
20231029,170000,373909.43,373909.43,373909.43,373909.43,4060283054
20231030,090000,373909.43,380214.49,373909.43,380214.49,95154635128
20231030,130000,380214.52,380214.53,380201.77,380201.77,36483018795
20231031,090000,380201.77,381593.66,380201.77,380268.94,84721033903
20231031,130000,380268.92,380268.96,380268.92,380268.96,7568616014
20231031,170000,380269.63,380269.63,380269.63,380269.63,3784308007
20231101,090000,380269.63,380269.63,374522.09,374618.67,121345843144
20231101,130000,374618.71,374623.32,374616.69,374616.82,105561734662
20231101,170000,374616.75,374616.75,374616.75,374616.75,4538551729
20231104,090000,374616.75,381852.68,374616.75,381852.68,115927932395
20231104,130000,381852.7,381852.82,381852.24,381852.7,59531519827
20231104,170000,381852.26,381854.12,381852.26,381854.12,14869752388
20231105,090000,381854.12,385211.27,381854.12,385211.27,106472813251
20231105,130000,385210.42,385210.42,385208.57,385208.57,18821113318
20231106,090000,385208.57,388566.46,385208.57,388566.46,110063101451
20231106,130000,388566.24,388566.34,388562.64,388562.67,29309624933
20231106,170000,388562.66,388566.2,388562.66,388565.36,24252569667
20231107,090000,388565.36,395007.26,388565.36,395007.03,169835404762
20231107,130000,395007.16,395007.16,395006.69,395006.69,22720867250
20231107,170000,395007.55,395007.56,395007.55,395007.56,15144942872
20231108,090000,395007.56,396776.16,395007.56,396470.82,103809653326
20231108,130000,396470.97,396470.97,396467.55,396467.55,45061642440
20231111,090000,396467.55,397795.54,396467.55,396655.04,107872700016
20231111,130000,396655.69,396656.19,396654.73,396654.73,36439953907
20231112,090000,396654.73,397751.91,396539.97,397751.87,98736623657
20231112,130000,397751.73,397751.73,397751.65,397751.65,13719075729
20231112,170000,397751.1,397753.04,397746.34,397748.13,49723908405
20231113,090000,397748.13,400955.57,397748.13,400364.75,110084228555
20231113,130000,400364.72,400365.24,400363.34,400363.34,42470448424
20231113,170000,400363.39,400363.44,400321,400321,14155848664
20231114,090000,400321,400430.86,398424.94,398424.95,96799216932
20231114,130000,398425.11,398426.19,398420.46,398425.91,51068411597
20231114,170000,398425.82,398425.82,398344.37,398345.22,200991674215
20231114,210000,398345.18,398345.18,398156.07,398156.07,8303419656
20231115,090000,398156.07,399045.9,398152.36,398152.36,93983489797
20231115,130000,398147.36,398147.36,398145.97,398145.97,8251555532
20231115,170000,398145.63,398149.35,398145.63,398149.35,8249635768
20231118,090000,398149.35,398960.3,398023.62,398025.65,87543251003
20231118,130000,398025.69,398033.73,398025.56,398033.73,51785611292
20231118,170000,398033.72,398033.87,397961.94,397961.94,11091809712
20231119,090000,397961.94,399852.46,397961.94,399107.05,90062867106
20231119,130000,399106.77,399106.77,399006.74,399018.12,74028337040
20231119,170000,399018.14,399018.15,399018.14,399018.15,7788546334
20231120,090000,399018.15,399192.44,397169.42,397169.42,81804266441
20231120,130000,397169.49,397169.49,397166.04,397166.04,51325083697
20231120,170000,397166.18,397166.45,397166.18,397166.45,11825602295
20231121,090000,397166.45,398876.78,397166.45,398876.78,81004422497
20231121,130000,398876.85,398876.85,398875.37,398876.15,45188529042
20231121,170000,398876.12,398876.13,398876.12,398876.13,7521465714
20231122,090000,398876.13,401173.66,398876.13,400424.9,89289908053
20231122,130000,400424.64,400424.64,400416.89,400416.89,20395936957
20231122,170000,400395.84,400395.84,400395.53,400395.53,8135549154
20231125,090000,400395.53,401377.99,400116.01,400116.01,87116286661
20231125,130000,400116,400116,400115.12,400115.18,27733114747
20231125,170000,400115.43,400115.43,400103.69,400103.69,11839669662
20231126,090000,400103.69,401782.16,400103.69,401771.42,110392723412
20231126,130000,401771.52,401771.52,401769.63,401769.65,42185370198
20231126,170000,401757.62,401759.95,401757.62,401759.93,18726213378
20231127,090000,401759.93,403536.71,401759.93,403004.07,93018479129
20231127,130000,403003.97,403003.97,403003.04,403003.09,25215880345
20231127,170000,403007.42,403007.42,402989.37,402989.37,16784337176
20231128,090000,402989.37,403702.32,402989.37,403701.98,94129424231
20231128,130000,403701.96,403701.96,403696.77,403696.77,52443298712
20231128,170000,403696.8,403696.8,403696.8,403696.8,4365928914
20231129,090000,403696.8,408561.17,403696.8,408561.17,152356702334
20231129,130000,408561.16,408561.16,408556.48,408560.92,46952537580
20231129,170000,408560.94,408560.95,408560.94,408560.95,13402065648
20231202,090000,408560.95,413407.42,408560.95,413138.21,173515755914
20231202,130000,413138.27,413138.27,413134.06,413134.06,27945593309
20231203,090000,413134.06,414683.73,412716.76,414683.73,190046380331
20231203,130000,414683.88,414687.23,414682.8,414687.23,111218930386
20231203,170000,414687.21,414687.21,414687.21,414687.21,10104970668
20231204,090000,414687.21,420598.29,414687.21,420321.94,238620584218
20231204,130000,420321.88,420321.88,420321.88,420321.88,9624116705
20231205,090000,420321.88,423976.26,420321.88,423821.6,223841378275
20231205,130000,423821.63,423821.73,423821.54,423821.54,44140788330
20231205,170000,423814.79,423826.22,423814.79,423826.22,26449909450
20231206,090000,423826.22,424655.1,423672.47,423672.5,131720653272
20231206,130000,423672.41,423672.41,423670.58,423670.58,44719206216
20231206,170000,423567.74,423567.74,423567.74,423567.74,5585574048
20231209,090000,423567.74,424111.17,422073.02,422073.03,134137615965
20231209,130000,422073.13,422073.18,422072.43,422072.72,90343168915
20231209,170000,422072.81,422072.99,421935.64,421935.64,16913807638
20231210,090000,421935.64,423001.65,421935.64,422948.72,104808177343
20231210,130000,422948.68,422948.68,422946.46,422947.27,57830350518
20231210,170000,422948.88,422948.96,422780.21,422780.21,19267730647
20231211,090000,422780.21,425199.68,422780.21,424863.66,120831637948
20231211,130000,424863.8,424863.8,424863.08,424863.1,36810778490
20231211,170000,424863.13,424863.13,424863.13,424863.13,5258546774
20231212,090000,424863.13,426410.39,424863.13,425992.96,129423376017
20231212,130000,425992.75,425992.75,425991.27,425992.32,64563964448
20231212,170000,425911.51,425911.51,425911.51,425911.51,5862616238
20231213,090000,425911.51,426423.93,425907.4,425907.44,100416443084
20231213,130000,425907.88,425907.88,425905.85,425905.85,41480435833
20231213,170000,425905.86,425905.86,425904.69,425904.69,13822560048
20231216,090000,425904.69,428200.14,425904.69,428200.13,112621588860
20231216,130000,428200.1,428200.38,428196.44,428200.06,53487401351
20231216,170000,428185.16,428185.16,428185.16,428185.16,4859646093
20231218,090000,428185.16,433002.11,428185.16,432975.24,184791166756
20231218,130000,432975.18,432975.18,432974.63,432974.63,40316515535
20231218,170000,432974.76,432975.43,432828.51,432828.51,56357030469
20231219,090000,432828.51,433490.09,431854.32,431854.32,178522537865
20231219,130000,431854.4,431854.4,431852.59,431853.99,76591617750
20231219,170000,431856.01,431857.17,431853.84,431853.84,20814133653
20231220,090000,431853.84,431853.84,430984.94,430984.94,120302859136
20231220,130000,430984.91,430984.91,430982.77,430982.77,88780880396
20231220,170000,430982.13,430982.13,430981.69,430981.69,11094033604
20231223,090000,430981.69,431805.12,430981.69,431233.26,114475876270
20231223,130000,431233.29,431235.86,431215.6,431218.65,55836680543
20231223,170000,431218.64,431223.38,431218.62,431223.38,40559285696
20231224,090000,431223.38,431722.33,430912.28,430912.28,114879968469
20231224,130000,430912.21,430912.3,430911.62,430911.62,36396346586
20231224,170000,430911.61,430911.62,430911.61,430911.62,10396631872
20231225,090000,430911.62,431567.29,430566.33,430566.33,113842715335
20231225,130000,430566.52,430566.54,430566.02,430566.02,33518304021
20231225,170000,430562.57,430562.57,430562.57,430562.57,5585591364
20231226,090000,430562.57,430589.39,427524.49,427524.49,126114202697
20231226,130000,427524.46,427524.59,427524.12,427524.36,50831981715
20231226,170000,427522.95,427522.95,427522.94,427522.94,11294071794
20231227,090000,427522.94,427836.54,427512.32,427547.9,95380955768
20231227,130000,427547.92,427547.92,427546.66,427546.78,41830266076
20231227,170000,427546.74,427546.74,427370.69,427370.69,12538810267
20231230,090000,427370.69,430114.27,427370.69,429836.73,128596032304
20231230,130000,429836.51,429836.51,429831.69,429831.69,25442417115
20231230,170000,429831.7,429831.7,429831.7,429831.7,5088271345
20231231,090000,429831.7,429972.54,429084.88,429085.05,101261982125
20231231,130000,429084.99,429084.99,429079.79,429079.79,35747926757
20231231,170000,429078.27,429078.27,429071.02,429077.8,44630919129
20240101,090000,429077.8,429398.58,428898.93,428899.19,93611755843
20240101,130000,428899.18,428899.97,428897.58,428897.6,38549303859
20240101,170000,428895.21,428895.21,428895.21,428895.21,4282671178
20240102,090000,428895.21,429204.74,427734.31,427734.41,79234581581
20240102,130000,427734.52,427738.39,427732.9,427738.39,40601850528
20240103,090000,427738.39,429114.17,427738.39,428190.57,89891723588
20240103,130000,428190.42,428198.43,428190.38,428198.43,45751948144
20240103,170000,428198.42,428198.42,428198.42,428198.42,4157080207
20240106,090000,428198.42,428597.66,428142.85,428377.42,91490043288
20240106,130000,428377.45,428378.29,428377.4,428378.11,42221494357
20240106,170000,428379.14,428391.19,428379.14,428390.26,46779511157
20240107,090000,428390.26,430312.37,428390.26,430048.87,90194893121
20240107,130000,430048.98,430049.23,430045.66,430045.66,23865980722
20240107,170000,430045.69,430045.78,430045.46,430045.46,23827798506
20240108,090000,430045.46,430564.99,429807.84,429807.84,90359439767
20240108,130000,429807.56,429807.56,429806.95,429806.99,20191835408
20240108,170000,429806.04,429806.04,429791.73,429794.25,28228692491
20240109,090000,429794.25,430078.04,429225.85,429226.46,103923573269
20240109,130000,429226.25,429226.25,429224.43,429224.61,66067867952
20240110,090000,429224.61,431957.91,429224.61,431849.23,105680296349
20240110,130000,431849.22,431852.81,431849.22,431852.79,45234570897
20240110,170000,431852.47,431852.47,431849.53,431849.53,25116553245
20240113,090000,431849.53,432912.8,431849.53,432371.43,130819934176
20240113,130000,432371.44,432371.44,432370.65,432370.65,39606270384
20240113,170000,432373.15,432377.06,432311.73,432311.73,22610273410
20240114,090000,432311.73,434693.41,432311.73,434483.94,130307607000
20240114,130000,434483.92,434484.56,434481.71,434482.48,87349070897
20240114,170000,434482.49,434482.49,434473.78,434473.78,11625907848
20240115,090000,434473.78,435128.55,433604.94,433604.94,108905219505
20240115,130000,433605.03,433606.4,433605.03,433606.4,36203172064
20240115,170000,433607.5,433607.5,433552.46,433552.46,10301422282
20240116,090000,433552.46,433552.46,430836.47,430836.47,131498733881
20240116,130000,430837.05,430839.7,430830.91,430830.91,40157264230
20240116,170000,430830.7,430830.7,430830.7,430830.7,5017616885
20240117,090000,430830.7,431931.15,430830.7,431225.68,85406869048
20240117,130000,431225.65,431227.59,431225.49,431227.59,32135899557
20240117,170000,431227.76,431229.62,431219.43,431219.43,36041356196
20240120,090000,431219.43,431476.17,426694.34,426694.45,122754863932
20240120,130000,426691.03,426691.03,426690.55,426690.62,45644970643
20240120,170000,426340.51,426340.51,426340.51,426340.51,6512157758
20240121,090000,426340.51,426340.51,420671.07,420671.27,129854140461
20240121,130000,420671.21,420672.12,420671.01,420671.01,41412774094
20240121,170000,420654.16,420654.16,420654.16,420654.16,5175205916
20240122,090000,420654.16,421834.03,418093.7,418093.7,111850535538
20240122,130000,418093.68,418095.23,418093.68,418095.18,42835711144
20240122,170000,417954.77,417954.77,417954.77,417954.77,5353526254
20240123,090000,417954.77,418039.89,409108.45,409108.45,126511307625
20240123,130000,409108.55,409109.93,409108.18,409108.18,73637532523
20240124,090000,409108.18,411280.97,409020.38,411280.97,77593321847
20240124,130000,411281.29,411281.64,411280.04,411281.64,22562855335
20240124,170000,411281.56,411283.61,411281.56,411282.6,22312006548
20240127,090000,411282.6,414340.86,411282.6,414340.86,82290425095
20240127,130000,414341.02,414341.02,414312.64,414312.64,19296762045
20240127,170000,414311.61,414311.61,414311.61,414311.61,3859048722
20240128,090000,417834.38,418336.35,414311.61,417748.75,125172097119
20240128,130000,418336.04,418336.07,418329.59,418329.59,27188182363
20240128,170000,418306.04,418306.04,418306.04,418306.04,5435468343
20240129,090000,418306.04,418365.78,417133.28,417297.82,136887123619
20240129,130000,417297.61,417299.29,417256.96,417257.44,153785907427
20240130,090000,417257.44,417408.79,414893.73,414893.75,114659469301
20240130,130000,414893.72,414903.55,414893.72,414903.3,35999986513
20240131,090000,414903.3,414903.3,413592.85,413943.61,104169605379
20240131,130000,413943.65,413944.72,413943.61,413944.72,30946845435
20240131,170000,413944.9,413944.9,413736.87,413736.87,105576907716
20240203,090000,413736.87,416560.2,413736.87,416494.3,90927485550
20240203,130000,416494.07,416494.07,416493.91,416493.98,16561307248
20240203,170000,416493.96,416493.96,416493.62,416493.62,8278628540
20240204,090000,416493.62,417174.88,415995.23,415995.23,99248133993
20240204,130000,415995.1,415995.1,415990.57,415990.57,31394096274
20240204,170000,415990.59,415990.59,415978.58,415978.58,8963803254
20240205,090000,415978.58,417168.29,415978.58,416799.61,87666521258
20240205,130000,416799.7,416801.81,416798.98,416801.81,40653978329
20240205,170000,416801.85,416801.85,416800.13,416800.38,14557160180
20240206,090000,416800.38,417654.35,416800.38,417182.69,72378340947
20240206,130000,417182.76,417182.76,417178.11,417178.11,16223529950
20240206,170000,417178.31,417178.33,417147.6,417147.6,9733516803
20240207,090000,417147.6,417508.14,417021.08,417096.02,88348259711
20240207,130000,417095.8,417095.8,417086.76,417086.76,82511236167
20240207,170000,417086.67,417086.67,416808.22,416808.22,19477543815
20240210,090000,416808.22,417758.24,416808.22,417462.7,83649954345
20240210,130000,417462.69,417462.72,417462.57,417462.72,21340071204
20240212,090000,417462.72,417648.14,414631.19,414631.19,86671586379
20240212,130000,414630.98,414632.87,414630.76,414632.79,30593769194
20240213,090000,414632.79,414906.63,413389.02,413389.06,100568577026
20240213,130000,413389.08,413389.08,413388.06,413388.06,26123543074
20240213,170000,413387.66,413397.32,413382.44,413382.44,13056467368
20240214,090000,413382.44,413727.43,410571.93,410571.94,99557627439
20240214,130000,410571.81,410571.81,410571.47,410571.75,26684122440
20240214,170000,410570.59,410570.59,410570.59,410570.59,4445758808
20240217,090000,410570.59,410920.61,407056.88,407056.88,86603607890
20240217,130000,407056.98,407057.43,407042.23,407042.44,30236586964
20240217,170000,406927.34,406927.34,406927.34,406927.34,4314238795
20240218,090000,406927.34,407701.05,406522.11,407701.05,68891896238
20240218,130000,407701.01,407701.3,407686.86,407686.86,33955612887
20240218,170000,407686.4,407686.4,407683.04,407683.04,50188937648
20240219,090000,407683.04,410294.94,407683.04,410271.54,99058562135
20240219,130000,410271.37,410271.37,410268.07,410268.07,118567100454
20240219,170000,410268.01,410269.9,410236.5,410236.5,125517983485
20240219,210000,410236.77,410257.21,410111.5,410111.5,17964472175
20240220,090000,410111.5,410180.83,409957.76,410003.43,74539701042
20240220,130000,410003.51,410003.89,409997.87,410001.67,63546820665
20240220,170000,410001.66,410005.24,410001.65,410004.08,44721141059
20240221,090000,410004.08,410454.78,409916.03,409916.05,70662246349
20240221,130000,409916.16,409916.16,409913.72,409914.54,45993358866
20240221,170000,409914.34,409917.37,409914.34,409917.09,44771385511
20240224,090000,409917.09,410338.44,407781.98,407781.98,93659323081
20240224,130000,407778.14,407798.31,407778.14,407798.31,59728117455
20240224,170000,407792.49,407792.49,407792.49,407792.49,3923570334
20240226,090000,407792.49,407792.49,401764.73,401764.73,82303954031
20240226,130000,401764.74,401764.74,401738.74,401739.3,29406579851
20240226,170000,401740.38,401753.68,401504.86,401504.86,41479195028
20240227,090000,401504.86,401504.86,399677.14,399677.22,80770480590
20240227,130000,399677.13,399699.39,399676.22,399699.39,68408732777
20240227,170000,399699.77,399700.77,399576.5,399576.5,35097892781
20240228,090000,399576.5,402570.02,399576.5,402346.87,80445078081
20240228,130000,402347.17,402348,402345.14,402348,51627042021
20240228,170000,402348.08,402348.5,402083.95,402083.95,18341451433
20240302,090000,402083.95,408097.7,402083.95,408092.47,187573191907
20240302,130000,408048.66,408048.66,407985.26,407985.26,193257257038
20240303,090000,407985.26,417020.39,407985.26,416745.06,202020624835
20240303,130000,416745.09,416753.86,416745.09,416753.86,23778329994
20240304,090000,416753.86,417188.27,414255.01,414255.01,219621277484
20240304,130000,414253.49,414253.49,414250.11,414250.11,17118312398
20240304,170000,414248.94,414250.36,414248.94,414250.36,51350626952
20240305,090000,414250.36,417290.17,414250.36,416487.23,187194262207
20240305,130000,416485.84,416486.97,416485.84,416486.61,22416401861
20240306,090000,416486.61,416769.8,415858.92,415858.92,110796180244
20240306,130000,415859.31,415859.67,415859.31,415859.67,10079944790
20240306,170000,415848.34,415848.34,415848.34,415848.34,5039972395
20240309,090000,415848.34,417248.44,415848.34,416499.41,128021423452
20240309,130000,416494.77,416494.77,416484.48,416484.48,28132038654
20240309,210000,416319.52,416319.52,416319.52,416319.52,5625481766
20240310,090000,416319.52,416772.34,415779.98,415779.98,111409338666
20240310,130000,415780.02,415780.02,415773.28,415773.3,38601484760
20240311,090000,415773.3,415773.3,415244.81,415244.81,167542125147
20240311,130000,415244.82,415244.99,415240.38,415240.41,78269975846
20240311,170000,415060.58,415060.58,415060.58,415060.58,7822526561
20240312,090000,415060.58,415732.57,413986.02,413986.02,166991920317
20240312,130000,413985.94,413986.21,413985.94,413986.12,20969487361
20240312,170000,413983.95,413984.29,413933.81,413933.81,20950935087
20240313,090000,413933.81,414135.37,411740.87,411740.87,112291345945
20240313,130000,411740.91,411740.91,411727.37,411732.61,32685703407
20240313,170000,411665.22,411665.22,411665.22,411665.22,5442080330
20240316,090000,411665.22,411794.27,410655.77,410655.77,103285868991
20240316,130000,410655.74,410655.74,410643.54,410643.54,96141636011
20240316,170000,410643.53,410643.77,410590.19,410590.19,20187216610
20240317,090000,410590.19,412605.88,410590.19,412605.88,107300410816
20240317,130000,412605.57,412605.57,412594.84,412594.84,19180614366
20240317,170000,412376.11,412376.11,412376.11,412376.11,4794783735
20240318,090000,412376.11,417318.63,412376.11,417318.63,86989575767
20240318,130000,417319.07,417319.07,417319.01,417319.05,13607593872
20240324,090000,417319.05,426059.61,417319.05,426059.61,106789756767
20240324,130000,426046.94,426046.94,426046.83,426046.83,10937205866
20240324,170000,425949.88,425949.88,425949.88,425949.88,5468391958
20240325,090000,425949.88,430987.85,425949.88,430986.61,175840594505
20240325,130000,430984.67,430984.67,430982.99,430982.99,13574826668
20240325,170000,430982.85,430982.85,430982.85,430982.85,6784414300
20240326,090000,430982.85,431399.08,430913.74,431305.49,113999043227
20240326,130000,431305.58,431317.34,431305.58,431316.27,24603822518
20240327,090000,431316.27,433440.04,431316.27,432889.43,180600860637
20240327,130000,432889.47,432889.47,432878.52,432879.17,48774336473
20240330,090000,432879.17,432981.24,432665.63,432749.51,204053724234
20240330,130000,432749.66,432751.02,432749.61,432749.61,132369143894
20240402,090000,432749.61,432749.61,426916.38,426916.43,215610413556
20240402,130000,426916.26,426916.26,426913.33,426914.94,90513457217
20240403,090000,426914.94,428337.76,426842.77,426842.81,125277182281
20240403,130000,426842.94,426843.21,426842.94,426843.21,11945938456
20240403,170000,426789.97,426789.97,426789.97,426789.97,5972408940
20240406,090000,426789.97,427021.84,417637.39,417637.39,221866885221
20240406,130000,417637.45,417653.31,417637.45,417653.31,62716582402
20240407,090000,417653.31,417839.34,416229.35,416377.13,172326713574
20240407,130000,416376.86,416383.43,416376.85,416380.59,75136260546
20240407,170000,416097.07,416097.07,416097.07,416097.07,7511790404
20240408,090000,416097.07,420815.52,416097.07,420815.52,117793660373
20240408,130000,420814.9,420817.91,420814.88,420817.91,20325849826
20240408,170000,420810.87,420810.87,420810.87,420810.87,5079941728
20240409,090000,420810.87,421819.83,420810.87,421788.98,131738302008
20240409,130000,421788.06,421788.06,421788.01,421788.01,12468781038
20240409,210000,421591.39,421591.39,421591.39,421591.39,6234367269
20240413,090000,421591.39,421591.39,407507.05,407507.05,251066592343
20240413,130000,407507.1,407507.75,407507.1,407507.75,36685902616
20240413,170000,407507.02,407507.02,407504.42,407506.3,27467016906
20240414,090000,407506.3,407506.3,406003.91,406003.91,46235369421
20240414,130000,406005.75,406007.95,406005.75,406007.95,8968103159
20240414,170000,405763.34,405763.34,405763.34,405763.34,1775868929
20240415,090000,405763.34,407142.1,405657.22,407142.1,152119960480
20240415,170000,406971.77,406971.77,406971.77,406971.77,4885806155
20240416,090000,406971.77,406971.77,405383.5,405383.5,135891684497
20240416,130000,405382.73,405389.44,405382.73,405389.44,46193278474
20240416,170000,405390.28,405394.96,405260.21,405260.21,40355633565
20240417,090000,405260.21,405538.79,405234.63,405472.56,93828521889
20240417,130000,405472.58,405472.59,405472.58,405472.59,7558095380
20240417,170000,405394.5,405394.5,405394.5,405394.5,3778480179
20240420,090000,405394.5,417415.15,405394.5,417415.09,254048352493
20240420,130000,417402.6,417402.6,417399.53,417399.53,54917317130
20240420,170000,417063.74,417063.74,417063.74,417063.74,9148607488
20240421,090000,417063.74,421924.39,417063.74,421792.01,192135761596
20240421,130000,421791.7,421791.7,421767.11,421767.11,38557075821
20240421,170000,421764.36,421764.36,421702.23,421702.23,30828872832
20240422,090000,421702.23,424218.61,421702.23,424120.94,145446178438
20240422,130000,424120.92,424120.92,424108.27,424115.77,63906636229
20240423,090000,424115.77,424956.95,424115.77,424855.46,154682712529
20240423,130000,424855.05,424855.05,424846.09,424846.09,21805995345
20240424,090000,424846.09,427449.17,424846.09,427449.17,145152355530
20240424,130000,427449.2,427449.24,427445.59,427446.08,50107968102
20240427,090000,427446.08,429414.3,427446.08,428227,128060552020
20240427,130000,428226.99,428226.99,428226.46,428226.46,11622235805
20240428,090000,428226.46,428333.73,424008.91,424008.91,108524227506
20240428,130000,424008.99,424008.99,424008.05,424008.05,9533867904
20240429,090000,424008.05,425110.17,423632.26,423632.26,111541631253
20240429,130000,423632.29,423632.29,423630.94,423631,48739139074
20240429,170000,423627.62,423627.62,423620.08,423624.44,72438521977
20240430,090000,423624.44,423989.98,420255.77,420255.81,96244666511
20240430,130000,420255.8,420256.42,420255.79,420256.42,22535319117
20240430,170000,420256.13,420256.13,420245.84,420245.84,18017495244
20240501,090000,420245.84,420403.17,420236.15,420269.82,89969552809
20240501,130000,420267.63,420267.63,420266.34,420267.35,42868750187
20240501,170000,420114.83,420114.83,420114.83,420114.83,4284945247
20240505,090000,420114.83,421356.98,420114.83,420222.76,108616846721
20240505,130000,420222.59,420223.4,420221.61,420223.4,36984151540
20240505,170000,420219.23,420219.23,420219.23,420219.23,4619015638
20240506,090000,420219.23,420219.23,416337.2,416337.2,102000031367
20240506,170000,416334.07,416339.99,416333.81,416339.99,22642802191
20240507,090000,416339.99,416814.81,414795.18,414795.18,83787756859
20240507,130000,414795.43,414795.43,414793.75,414793.76,30166226023
20240507,170000,414793.75,414793.75,414483.67,414483.67,8609589070
20240508,090000,414483.67,414627.08,412586.71,412586.72,90425278459
20240508,130000,412584.22,412584.23,412584.22,412584.23,8562132614
20240508,170000,412303.55,412303.55,412303.55,412303.55,4281061190
20240511,090000,412303.55,412751.75,409828.92,409828.92,101556558376
20240511,170000,409828.71,409832.71,409673.54,409673.54,31185691929
20240512,090000,409673.54,410201.39,407075.4,407075.4,107090770527
20240512,130000,407075.59,407076.63,407072.68,407072.68,63060787121
20240512,170000,407072.07,407072.07,406754.17,406754.17,10464389032
20240513,090000,406754.17,407058.44,399610.39,399610.4,142402543660
20240513,130000,399610.43,399673.29,399610.43,399672.17,105074551037
20240513,210000,399410.61,399410.61,399410.61,399410.61,5824837956
20240514,090000,399410.61,400629.86,399168.87,399168.87,93737820701
20240514,130000,399165.95,399165.95,399161.85,399162.93,76817326234
20240514,210000,399019.8,399019.8,399019.8,399019.8,4253317392
20240515,090000,399019.8,399394.01,397634.56,398088.97,94405083379
20240515,130000,398089.01,398100.65,398087.48,398100.65,92446955922
20240515,170000,398100.96,398102.16,397846.09,397846.09,20625977633
20240518,090000,397846.09,399141.34,397787.09,398315.86,102398701612
20240518,130000,398315.81,398369.51,398315.81,398358.39,88449918237
20240518,170000,398358.38,398358.54,398251.56,398251.56,17641235692
20240519,090000,398251.56,398251.56,386851.8,386856.88,158577033850
20240519,130000,386857.86,386951.48,386857.86,386951.48,274979124799
20240519,170000,386951.8,386952.29,386502.13,386502.13,17068908945
20240521,090000,386251.68,386257.16,385805.5,385809.7,90971191990
20240521,130000,385810.2,385829.85,385810.2,385829.85,45015269577
20240521,170000,385555.13,385555.13,385555.13,385555.13,3205802104
20240525,090000,385555.13,385588.83,383164.5,383164.5,92412854378
20240525,130000,383164.43,383229.4,383164.35,383229.4,70560233478
20240525,170000,382811.79,382811.79,382811.79,382811.79,3882384599
20240526,090000,382811.79,382811.79,380444.24,380459.27,89591910276
20240526,130000,380460.73,380470.79,380460.73,380470.77,29478177073
20240526,170000,380470.78,380471.1,380017.83,380017.83,7985850342
20240527,090000,380017.83,380017.83,377150.72,377150.72,79664603456
20240527,130000,377150.73,377243.28,377150.73,377241.84,41723368213
20240527,170000,377241.85,377241.88,377173.87,377173.87,12455361423
20240528,090000,377173.87,377813.87,376918.05,377813.49,112409471248
20240528,130000,377813.52,377815.22,377810.72,377811.18,50476741791
20240528,170000,377537.68,377537.68,377537.68,377537.68,3880557538
20240529,090000,377537.68,379573.24,377537.68,379573.24,64740240497
20240529,130000,379565.34,379565.34,379562.43,379563.19,33592394899
20240529,170000,379208.41,379208.41,379208.41,379208.41,2394278784
20240601,090000,379208.41,379813.26,378864.05,378864.05,142687768181
20240601,130000,378864.06,378872.6,378861.54,378871.53,75960851179
20240601,170000,378463.82,378463.82,378463.82,378463.82,5052612526
20240602,090000,378463.82,378463.82,376706.65,376706.67,76091166280
20240602,130000,376707.23,376742.24,376707.23,376742.24,82866869285
20240602,170000,376236,376236,376236,376236,3296151709
20240605,090000,376236,376301.51,374856.2,374859.38,101043589634
20240605,130000,374859.61,374879.58,374859.61,374879.58,48162247789
20240605,170000,374736.49,374736.49,374736.49,374736.49,3698165159
20240608,090000,374736.49,374736.49,372751.97,372751.97,88087284357
20240608,130000,372752.66,372799.98,372752.66,372799.36,42298859173
20240608,210000,372575.35,372575.35,372575.35,372575.35,3240571910
20240609,090000,372575.35,372575.35,370739.14,370739.14,100323728364
20240609,130000,370738.38,370795.25,370735.19,370795.25,82986030274
20240609,170000,370697.99,370697.99,370697.99,370697.99,3913161130
20240610,090000,370697.99,372122.52,370693.82,372122.52,86073185645
20240610,170000,372122.56,372122.56,371776.96,371776.96,8123294930
20240611,090000,371776.96,372127.24,371745.79,371746.03,172165632736
20240611,130000,371746.53,371754.63,371746.53,371752.24,260237028619
20240611,170000,371752.25,371752.25,371749.83,371749.83,16469047104
20240612,090000,371749.83,371750.41,370646.88,370646.88,112146844534
20240612,130000,370646.36,370652.34,370646.36,370652.34,31894943202
20240612,170000,370313.37,370313.37,370313.37,370313.37,4550234082
20240615,090000,370313.37,370313.37,368494.76,368494.76,86524274952
20240615,130000,368494.66,368498.96,368494.66,368498.96,18699508796
20240615,170000,368498.95,368498.95,368129.54,368129.54,7475160964
20240616,090000,368129.54,368129.54,366183.76,366183.76,92085645045
20240616,130000,366183.77,366185.7,366182.51,366184.8,35856915328
20240616,170000,365974.06,365974.06,365974.06,365974.06,3981848335
20240618,090000,365974.06,365974.06,365399.07,365399.25,71880471656
20240618,130000,365399.16,365431.18,365398.84,365431,74228813451
20240618,170000,365430.77,365430.81,365430.69,365430.81,8448195637
20240619,090000,365430.81,365758.55,365304.96,365758.55,81626596113
20240619,130000,365757.79,365757.79,365747.53,365748.21,71896105316
20240619,170000,365748.22,365748.22,365748.22,365748.22,3401250276
20240619,210000,365582.38,365582.38,365582.38,365582.38,3401249376
20240622,090000,365582.38,365813.13,365582.38,365715.1,83032008531
20240622,130000,365714.98,365719.21,365713.92,365717.87,58872045560
20240622,170000,365717.53,365717.82,365324.81,365324.81,29110358416
20240623,090000,365324.81,365402.69,365103.94,365231.46,91969269169
20240623,130000,365231.7,365243.02,365219.06,365234.56,97642264188
20240623,170000,365234.67,365235.78,365032.62,365032.62,46370859752
20240624,090000,365032.62,366626.45,365032.62,366626.45,78720164223
20240624,130000,366626.26,366632.66,366623.78,366623.78,31694028003
20240624,170000,366482.14,366482.14,366482.14,366482.14,3516293284
20240626,090000,366482.14,368979.78,366482.14,368979.78,86253218910
20240626,130000,368979.7,368979.7,368977.17,368977.17,6712064036
20240626,170000,368973.45,368973.45,368771.11,368771.11,10067434562
20240629,090000,368771.11,371791.97,368771.11,371728.24,108307861507
20240629,130000,371728.27,371728.27,371728.27,371728.27,4432680743
20240629,170000,371587.62,371587.62,371587.62,371587.62,4432679210
20240630,090000,371587.62,371646.41,365887.7,365887.7,147979212744
20240630,130000,365885.6,365885.6,365873.97,365874.95,79720285996
20240630,170000,365875.12,365875.51,365530.32,365530.32,17071631097
20240701,090000,365530.32,365533.92,365263.99,365489.02,72917388539
20240701,130000,365488.85,365488.85,365485.43,365485.43,16864121707
20240701,170000,365250.76,365250.76,365250.76,365250.76,3370120347
20240702,090000,365250.76,368010.66,365250.76,368010.66,74465570404
20240702,130000,368004.77,368004.77,367980.11,367980.11,42430559069
20240702,170000,367765.38,367765.38,367765.38,367765.38,3526797268
20240703,090000,367765.38,368807.38,367757.6,368807.38,93436498274
20240703,130000,368805.87,368806.22,368805.87,368806.06,13901254302
20240703,170000,368806.74,368806.74,368799.41,368804.87,13893269417
20240706,090000,368554.82,381142.67,368554.82,381142.67,101349186441
20240706,130000,381142.72,381142.8,381142.72,381142.8,7810413350
20240706,170000,381142.89,381142.89,380430.65,380430.65,19510953090
20240707,090000,380430.65,386519.96,380430.65,386519.95,311109314828
20240707,130000,386519.92,386519.94,386519.86,386519.94,31385214018
20240707,170000,386519.92,386519.92,385751.12,385751.12,20923283884
20240708,090000,385751.12,386365.99,385673.39,386188.61,136841921289
20240708,130000,386188.71,386188.71,386167.77,386167.77,18430464878
20240708,170000,386167.78,386167.79,386166.96,386166.96,18425834070
20240708,210000,385840.1,385840.1,385840.1,385840.1,6141944690
20240709,090000,385840.1,386433.3,385660.8,385662.51,98815033748
20240709,130000,385661.91,385661.91,385657.11,385657.37,17869252761
20240709,170000,385657.45,385657.45,385527.68,385527.68,8933917668
20240710,090000,385527.68,385863.38,384009.21,384009.32,99787674247
20240710,130000,384009.35,384009.35,384000.2,384001.94,24885428011
20240710,170000,384003.1,384004.57,383787.96,383787.96,14913630993
20240713,090000,383787.96,384269.63,382154.36,382154.36,74794845817
20240713,130000,382154.5,382155.23,382154.5,382155.23,7145177461
20240713,170000,382155.27,382155.27,381682.13,381682.13,10713595868
20240714,090000,381682.13,382122.78,381442.08,381442.08,84556981217
20240714,130000,381442.59,381443.11,381441.12,381441.15,45250892327
20240714,170000,380838.59,380838.59,380838.59,380838.59,3768265733
20240717,090000,380838.59,381538.76,380838.59,381285.25,54645926953
20240717,130000,381285.23,381285.64,381277.68,381277.68,15567351199
20240717,170000,381277.65,381277.65,381098.36,381098.36,5182664014
20240720,090000,381098.36,381536.92,379767.41,379767.41,66609869620
20240720,130000,379767.4,379767.94,379767.02,379767.02,33609456255
20240720,170000,377790.14,377790.14,377790.14,377790.14,3046187938
20240721,090000,377790.14,377790.14,373587.32,373587.32,59077610321
20240721,130000,373587.31,373587.31,373587.29,373587.29,5717597104
20240721,170000,372411.65,372411.65,372411.65,372411.65,2858567048
20240722,090000,372411.65,372890.79,372205.76,372205.76,61826592934
20240722,130000,372205.71,372205.71,372166.57,372166.57,56253882741
20240722,170000,372162.79,372179.16,371801.33,371801.33,40129509952
20240723,090000,371801.33,373727.6,371801.33,373274.81,72897041617
20240723,130000,373274.72,373275.01,373267.32,373267.33,19010011655
20240723,170000,373152.87,373152.87,373152.87,373152.87,3165545726
20240724,090000,373152.87,373299.88,372172.18,372172.18,68323167900
20240724,130000,372172.19,372172.19,372172.19,372172.19,3245656764
20240724,170000,372168.89,372168.89,372167.98,372167.98,6487210352
20240727,090000,372167.98,372324.58,370642.68,370642.7,69641930206
20240727,130000,370641.92,370641.92,370641.92,370641.92,3424465717
20240727,170000,370640.67,370640.67,370640.67,370640.67,3424460817
20240729,090000,370640.67,370756.85,366144.96,366144.99,97323899001
20240729,130000,366145.01,366145.17,366143.31,366143.49,46936588945
20240730,090000,366143.49,366143.49,363830.17,363830.17,88460245350
20240730,130000,363831.15,363831.15,363816.49,363816.49,8068079537
20240730,170000,363814.8,363814.8,363807.63,363808.07,12090961029
20240731,090000,363808.07,363808.07,352473.21,352473.21,241228275564
20240731,130000,352476.08,352505.26,352476.08,352498.86,159648410382
20240731,170000,352483.86,352483.86,352483.86,352483.86,8813453247
20240803,090000,352483.86,352483.86,341825.8,341825.8,207370492789
20240803,130000,341825.81,341825.82,341825.66,341825.66,23057537649
20240803,170000,341825.67,341825.67,341807.51,341807.51,15371217568
20240804,090000,341807.51,341807.51,341361.03,341361.03,84298347784
20240805,090000,341361.03,341361.03,340850.65,340850.75,114664466698
20240805,130000,340850.78,340856.32,340850.78,340856.32,107215100959
20240805,170000,340856.58,340856.58,340805.66,340805.66,7911547202
20240806,090000,340805.66,340805.66,340358.96,340358.96,62046178017
20240806,130000,340359.06,340359.59,340359.06,340359.59,8866963053
20240806,170000,340286.17,340286.17,340286.17,340286.17,2955654351
20240807,090000,340286.17,340286.17,340286.17,340286.17,0
20240810,090000,340286.17,340286.17,340025.94,340025.94,69535831408
20240810,130000,340025.97,340026.62,340025.97,340026.62,11722771610
20240810,170000,340029.14,340029.14,340029.14,340029.14,2927834486
20240811,090000,340029.14,340051.42,339908.17,339908.17,53344185921
20240811,170000,339902.4,339902.4,339902.4,339902.4,2392641141
20240812,090000,339902.4,339902.4,339448.74,339448.74,61435859280
20240813,090000,339448.74,339448.74,338777.48,338777.48,54499038000
20240813,130000,338778.36,338778.36,338778.36,338778.36,2258838024
20240813,170000,338777.62,338777.62,338777.62,338777.62,2258838024
20240814,090000,338777.62,339149.57,338710.38,339149.57,77748216394
20240814,170000,339010.25,339010.25,339010.25,339010.25,2816964598
20240817,090000,339010.25,340247.25,339010.25,340247.25,60556134050
20240817,130000,340247.27,340247.27,340247.27,340247.27,2587293789
20240818,090000,340247.27,342053.7,340247.27,342053.7,67939908751
20240818,170000,341869.99,341869.99,341869.99,341869.99,2728985742
20240819,090000,341869.99,342540.06,341869.99,342272.13,146511069979
20240819,170000,342272.12,342274.3,342272.12,342274.3,9958973798
20240820,090000,342274.3,342293.51,341794.61,341794.62,83707098669
20240820,130000,341789.09,341789.09,341789.09,341789.09,3161561791
20240820,170000,341789.68,341789.68,341789.68,341789.68,3161561791
20240821,090000,341789.68,342003.9,341771.75,341976.38,78344864265
20240821,130000,341976.29,341976.29,341976.19,341976.19,6341305372
20240821,210000,341864.97,341864.97,341864.97,341864.97,3170652686
20240824,090000,341864.97,343399.23,341864.97,343397.55,86944577146
20240824,130000,343397.15,343398.33,343384.41,343384.6,106165541135
20240824,170000,343384.16,343384.16,343384.16,343384.16,2855915247
20240826,090000,343384.16,344302.82,343384.16,344302.82,95027453368
20240826,130000,344302.71,344302.78,344302.49,344302.49,12399507441
20240826,170000,344302.39,344302.39,344302.39,344302.39,4132664969
20240826,210000,344303.38,344303.38,344303.38,344303.38,4132664969
20240827,090000,344303.38,345046.89,344303.38,345046.89,87745932676
20240827,130000,345046.61,345046.61,345046.3,345046.3,11197938078
20240827,170000,345045.8,345047.12,345045.8,345047.12,70581929064
20240827,210000,345047.11,345047.2,345046.81,345047.2,25997913485
20240828,090000,345047.2,346812.09,345047.2,346812.09,85815918400
20240828,130000,346812.1,346812.1,346808.27,346808.27,14337730181
20240828,170000,346808.63,346808.63,346808.63,346808.63,3578975090
20240831,090000,346808.63,349900.97,346808.63,349900.97,77287479492
20240831,130000,349900.21,349900.21,349900.21,349900.21,3062967267
20240901,090000,349900.21,352148.68,349900.21,352148.67,169841888186
20240901,130000,352148.62,352148.64,352148.62,352148.64,13517539518
20240901,170000,352022.07,352022.07,352022.07,352022.07,6758769759
20240903,090000,352022.07,352802.79,352022.07,352802.79,109483001759
20240903,130000,352802.82,352802.85,352796.59,352796.59,24263004075
20240907,090000,352796.59,353864.65,352796.59,353860.85,106555815419
20240907,130000,353860.79,353860.91,353860.79,353860.91,8680008666
20240907,170000,353860.92,353860.92,353703.88,353703.88,17357808384
20240908,090000,353703.88,354190.63,353558.04,353558.5,144733991148
20240908,130000,353558.51,353561.5,353558.51,353561.5,17339004865
20240908,170000,353453.27,353453.27,353453.27,353453.27,5778888199
20240909,090000,353453.27,355974.16,353453.27,355974.15,133385232018
20240909,130000,355975.57,355976.62,355975.57,355976.62,36511523480
20240909,170000,355976.53,355976.53,355851.18,355851.18,10429606708
20240910,090000,355851.18,357205.06,355851.18,357205.06,95816265081
20240910,130000,357199.41,357199.45,357199.41,357199.42,21048613805
20240910,170000,357203.97,357203.97,357203.97,357203.97,4209638610
20240911,090000,357203.97,359803.86,357203.97,359799.63,144215029943
20240911,130000,359799.97,359804.87,359799.09,359804.85,176486001436
20240914,090000,359804.85,361445.17,359804.85,361435.27,137305684717
20240914,130000,361435.26,361435.26,361433.01,361433.13,82178564924
20240915,090000,361433.13,361549.68,360449.66,360449.68,138145540071
20240915,130000,360449.67,360450.59,360448.28,360449.14,38520586626
20240916,090000,360449.14,361525.01,360449.14,361412.33,130106633629
20240916,130000,361411.61,361411.76,361408.36,361408.36,49942553466
20240916,170000,361408.31,361408.31,361408.29,361408.29,13564356650
20240917,090000,361408.29,364664.65,361408.29,364664.64,137946270724
20240917,130000,364664.63,364664.63,364664.63,364664.63,6099089348
20240917,170000,364664.45,364664.45,364664.45,364664.45,6098435522
20240918,090000,364664.45,367315.82,364664.45,367315.82,131021600214
20240918,130000,367315.1,367315.1,367308.79,367308.79,48601594202
20240918,170000,367308.77,367308.77,367098.62,367098.62,16192898517
20240922,090000,367098.62,368275.19,367098.62,368252.58,144136816256
20240922,130000,368252.55,368252.55,368252.55,368252.55,6123135904
20240922,170000,368252.6,368255.39,368252.6,368255.39,18368378919
20240923,090000,368255.39,371558.98,368255.39,371558.98,158186428957
20240924,090000,371558.98,376915.26,371558.98,376915.25,250526172970
20240924,130000,376915.85,376916.14,376915.84,376916.14,37527494062
20240924,170000,376917.28,376917.28,376917.28,376917.28,9381716775
20240925,090000,376917.28,377961.67,376917.28,377452.21,224982133073
20240925,130000,377452.19,377452.19,377452.19,377452.19,8637137318
20240928,090000,377452.19,377452.19,376612.05,376612.05,102141857688
20240929,090000,376612.05,376612.05,375667.4,375681.83,164388943664
20240929,170000,375464.22,375464.22,375464.22,375464.22,6190572182
20240930,090000,375464.22,375464.22,375003.51,375005,106599119853
20240930,130000,375006.77,375010.86,375006.77,375010.81,68096574330
20240930,170000,374916.08,374916.08,374916.08,374916.08,4534013077
20241001,090000,374916.08,374916.08,374407.27,374407.27,89527184880
20241001,130000,374407.94,374410.53,374407.94,374410.53,17573386138
20241002,090000,374410.53,374410.53,373610.14,373611.42,119373253478
20241002,130000,373611.66,373617.24,373611.66,373617.23,77027388532
20241002,170000,373510.32,373510.32,373510.32,373510.32,3315515691
20241005,090000,373510.32,373510.32,372968.98,372968.98,41337742909
20241005,130000,372968.95,372968.95,372968.95,372968.95,1523955897
20241005,170000,372975.31,372975.31,372975.31,372975.31,1523955897
20241006,090000,372975.31,372975.31,372577.81,372577.81,24951446411
20241006,170000,372372.92,372372.92,372372.92,372372.92,791200360
20241007,090000,372372.92,372372.92,371502.57,371503.33,122057324548
20241007,130000,371503.38,371507.28,371502.24,371502.24,95426353489
20241007,170000,371502.64,371502.64,371502.64,371502.64,4069258887
20241008,090000,371502.64,371502.64,371214.11,371219.59,137920898983
20241008,130000,371219.82,371222.18,371219.82,371222.18,17598498605
20241008,170000,371222.19,371222.6,371222.19,371222.6,8798876484
20241009,090000,371222.6,371349.15,371185.19,371347.95,75209550375
20241009,130000,371347.78,371347.78,371347.78,371347.78,2722591040
20241009,170000,371347.74,371347.74,371346.92,371347.22,13603231922
20241012,090000,371347.22,371436.55,370759.8,371436.52,226295660539
20241012,130000,371436.54,371436.59,371421.38,371421.38,63436703946
20241012,170000,371421.07,371421.07,371421.07,371421.07,7925980583
20241013,090000,371421.07,371894.37,371198.15,371211.58,171630847965
20241013,130000,371212.35,371218.43,371212.35,371216.71,141466373679
20241013,170000,371216.5,371216.5,371214.42,371214.76,56082297548
20241014,090000,371214.76,371214.76,367896.63,367897.46,103682429966
20241014,130000,367898.1,367911.31,367898.1,367911.31,42010004262
20241014,170000,367910.95,367910.95,367910.95,367910.95,4186537997
20241015,090000,367910.95,367910.95,364955.28,364955.28,93337254767
20241015,130000,364954.89,364957.62,364954.89,364957.59,36495410095
20241016,090000,364957.59,364957.59,362943.5,362943.5,157666870644
20241016,130000,362945.47,362945.63,362945.47,362945.63,11477839368
20241016,170000,362950.45,362950.45,362950.45,362950.45,5738919684
20241019,090000,362950.45,362950.45,359909.74,359909.74,96497871818
20241019,130000,359898.2,359898.2,359895.15,359895.15,6712621338
20241019,170000,359896.06,359896.06,359896.06,359896.06,3354405111
20241020,090000,359896.06,359896.06,356982.89,356982.89,66439076780
20241020,130000,356983.36,356983.36,356983.36,356983.36,2290223526
20241020,170000,356811.43,356811.43,356811.43,356811.43,2290223526
20241021,090000,356811.43,356811.43,354764.24,354764.24,142292607266
20241021,130000,354764.27,354764.27,354741.94,354741.94,21629609141
20241021,170000,354741.95,354741.96,354487.24,354487.24,21625053043
20241022,090000,354487.24,354487.24,352248.05,352248.05,127315974253
20241022,130000,352248.12,352248.13,352246.97,352246.97,54894294043
20241022,170000,352159.4,352159.4,352159.4,352159.4,4985705736
20241023,090000,352159.4,352159.4,348926.37,348926.37,105453707235
20241023,130000,348932.11,348933.44,348932.11,348933.44,8118346902
20241023,170000,348936.15,348936.15,348936.15,348936.15,4058890351
20241026,090000,348936.15,351846.95,348597.14,351846.92,144583359911
20241026,130000,351847.14,351847.21,351846.17,351846.17,43317623360
20241026,170000,351846.65,351846.65,351846.65,351846.65,4811232320
20241027,090000,356078,356590.88,351846.65,356034.67,84870565093
20241027,130000,356589.99,356589.99,356589.99,356589.99,3706131685
20241027,170000,356589.91,356589.91,356589.91,356589.91,3706079385
20241028,090000,356589.91,358519,356589.91,358518.99,268815127907
20241028,130000,358519.1,358519.76,358519.1,358519.14,34783626257
20241029,090000,358519.14,358760.18,357460.94,357460.94,204065859050
20241029,130000,357460.72,357460.72,357427.78,357437.45,49168920349
20241029,170000,357435.91,357435.91,357435.91,357435.91,7020144802
20241030,090000,357435.91,357435.91,356348.78,356827.07,180776392834
20241030,170000,356827.13,356828.37,356827.13,356828.37,77986020485
20241102,090000,356828.37,358091.88,356828.37,356845.32,178559814508
20241103,090000,356845.32,356845.32,353590.12,353590.12,104822320748
20241104,090000,353590.12,353590.12,351126.55,351126.61,159291132744
20241104,130000,351126.97,351132.74,351126.97,351132.46,55530451358
20241105,090000,351132.46,351599.09,351046.69,351142.3,101550299595
20241105,130000,351142.26,351142.27,351121.65,351121.65,32127168543
20241105,170000,351121.76,351121.76,351121.76,351121.76,4003620262
20241106,090000,351121.76,351121.76,348856.72,349394.2,157174701864
20241106,130000,349394.19,349394.19,349394.19,349394.19,6785140932
20241109,090000,349394.19,354187.63,349394.19,354187.63,103096668265
20241109,170000,354187.64,354187.64,354186.74,354186.74,7818973266
20241110,090000,354186.74,359986.16,354186.74,359986.15,102463555356
20241110,130000,359968.21,359968.21,359968.15,359968.15,11492640407
20241110,170000,359897.07,359897.07,359897.07,359897.07,3830493751
20241111,090000,359897.07,364493.46,359897.07,364201.62,322277485443
20241111,130000,364201.57,364201.57,364201.53,364201.53,38378871725
20241111,170000,364201.52,364201.52,364201.52,364201.52,12792905643
20241112,090000,364201.52,365524.55,364201.52,365218.89,274291131204
20241112,130000,365203.66,365203.66,365203.47,365203.47,19585413398
20241113,090000,365203.47,368115.56,365203.47,368115.56,185060468444
20241113,130000,368115.55,368115.55,368103.79,368103.79,29824787692
20241116,090000,368103.79,375154.6,368103.79,375154.58,197050779099
20241116,130000,375154.56,375154.56,375154.06,375154.06,20515356253
20241116,170000,375153.81,375154.06,375071.71,375071.71,20458655019
20241117,090000,375071.71,377481.27,375071.71,376777.44,409100188735
20241117,130000,376777.43,376777.44,376777.43,376777.44,27950591744
20241118,090000,376777.44,382943.5,376777.44,382943.5,276943036063
20241118,130000,382943.49,382943.49,382943.28,382943.28,40782828712
20241118,170000,382900.56,382900.56,382900.56,382900.56,10195528428
20241119,090000,382900.56,386023.08,382900.56,384787.78,396286020038
20241119,130000,384787.77,384787.77,384786.45,384786.45,33799457849
20241119,170000,384790.22,384790.22,384790.22,384790.22,16897860631
20241120,090000,384790.22,384790.22,382700.71,382912.08,341069279497
20241120,130000,382907.53,382907.53,382907.53,382907.53,12119006119
20241120,170000,382895.81,382895.81,382895.81,382895.81,12115128082
20241123,090000,382895.81,387049.76,382895.81,387049.68,294543083149
20241124,090000,387049.68,394534.4,387049.68,394534.35,306565118178
20241124,130000,394534.53,394534.62,394528.93,394528.93,32033175588
20241125,090000,394528.93,403175.86,394528.93,403175.86,277265698609
20241125,130000,403175.87,403175.89,403175.82,403175.82,29188795788
20241126,090000,403175.82,408893.43,403175.82,406034.36,713837117330
20241126,130000,406033.94,406033.94,406033.93,406033.93,50246432938
20241126,170000,406033.77,406033.77,406024.55,406024.75,75366946215
20241127,090000,406024.75,407916.58,406024.75,407916.57,391227214612
20241127,130000,407916.68,407916.68,407916.68,407916.68,15976257581
20241127,170000,407735.88,407735.88,407735.88,407735.88,15976257581
20241130,090000,407735.88,411088.77,407735.88,408451.51,440869228400
20241130,130000,408451.53,408451.53,408451.42,408451.42,35466688102
20241201,090000,408451.42,409036.48,408199.73,408987.48,375107921683
20241201,130000,408986.9,408986.99,408986.49,408986.99,95506361458
20241201,170000,408982.36,408982.36,408909.1,408909.1,40847473947
20241202,090000,408909.1,418217.75,408909.1,418217.75,277555912047
20241202,130000,418217.73,418217.73,418217.69,418217.69,18786616924
20241203,090000,418217.69,423230.75,418217.69,423218.79,591162001086
20241203,130000,423213.39,423213.39,423213.14,423213.18,110185370810
20241203,170000,423106.27,423106.27,423106.27,423106.27,22036256551
20241204,090000,423106.27,426422,423106.27,426421.97,428537495577
20241204,130000,426421.99,426422,426421.93,426421.93,52280439928
20241204,210000,426247.64,426247.64,426247.64,426247.64,17426723108
20241207,090000,426247.64,426795.7,422085.76,422085.76,635975923681
20241207,130000,422085.8,422085.8,422085.8,422085.8,21596682218
20241207,170000,421933.81,421933.81,421933.81,421933.81,21596682170
20241208,090000,421933.81,421933.81,418683.33,419691.06,461596140503
20241208,130000,419691.83,419691.84,419675.75,419675.75,68346041384
20241208,170000,419675.41,419675.41,419671.15,419671.48,51241851771
20241209,090000,419671.48,428539.88,419671.48,428539.87,378371909434
20241209,130000,428539.88,428539.88,428539.76,428539.76,27895259128
20241209,170000,428539.75,428539.75,428536.03,428536.03,27894717960
20241210,090000,428536.03,431193.49,428536.03,430001.96,632191025316
20241210,130000,430002.22,430002.71,430002.22,430002.71,92111089804
20241211,090000,430002.71,433184.88,430002.71,433184.88,390254545526
20241211,130000,433184.96,433184.96,433184.96,433184.96,17135087934
20241211,170000,433180.17,433180.17,433179.96,433180,85662038942
20241214,090000,433180,443041.25,433180,443041.25,237102203065
20241214,170000,442994.76,442994.76,442994.76,442994.76,9021147309
20241215,090000,442994.76,449488.59,442994.76,449189.11,629254975439
20241215,130000,449189.34,449189.34,449189.34,449189.34,22189826816
20241215,170000,449189.3,449189.3,449072.61,449072.61,44377653632
20241216,090000,449072.61,449914.48,448126.79,448126.79,805881981494
20241217,090000,448126.79,448126.79,442524.54,442524.54,588644104135
20241217,130000,442524.82,442524.82,442524.82,442524.82,19956821080
20241217,170000,442524.81,442524.81,442524.81,442524.81,19956798122
20241218,090000,442524.81,442524.81,438713.18,439165.65,545770588263
20241218,130000,439165.63,439165.64,439165.63,439165.64,40218299555
20241218,170000,439165.18,439165.18,438957.72,438957.72,40213149898
20241221,090000,438957.72,446769.81,438957.72,446769.8,285767803100
20241221,130000,446770.27,446770.27,446770.27,446770.27,10734206683
20241221,170000,446770.26,446770.26,446648.36,446648.36,21468410750
20241222,090000,446648.36,447499.27,445357.19,445570.46,522105309706
20241222,130000,445570.29,445570.29,445570.05,445570.05,80986501280
20241222,170000,445563.78,445563.78,445563.78,445563.78,20245624669
20241223,090000,445563.78,448339.17,445563.78,448339.17,375879776457
20241223,130000,448338.77,448338.77,448331.74,448331.74,30633592688
20241224,090000,448331.74,453775.05,448331.74,452863.62,510042200838
20241224,170000,452863.66,452863.66,452863.66,452863.66,19850109958
20241225,090000,452863.66,453903.9,450319.47,450601.12,739366209182
20241225,170000,450602.54,450602.54,450602.54,450602.54,27768865709
20241228,090000,450602.54,454810.27,450602.54,454808.38,585071273430
20241228,130000,454808.12,454808.12,454807.97,454807.97,42057324608
20241229,090000,454807.97,455416.23,452557.63,452615.92,448099489365
20241229,130000,452615.93,452615.93,452615.93,452615.93,16292765563
20241229,170000,452496.94,452496.94,452496.94,452496.94,16292731798
20241230,090000,452496.94,452496.94,449237.66,449237.74,581542404574
20241230,130000,449235.31,449235.31,449235.31,449235.31,20512064416
20241230,170000,449235.28,449235.28,449235.28,449235.28,20511919009
20241231,090000,449235.28,450330.28,449212.44,449230.4,432695818465
20241231,130000,449230.38,449230.38,449230.38,449230.38,18713978436
20241231,170000,449222.57,449222.57,449221.98,449221.98,37427956872
20250101,090000,449221.98,452047.87,449221.98,452047.87,277624679604
20250101,130000,452047.96,452047.97,452047.96,452047.97,24832200886
20250101,170000,452047.71,452047.71,452047.71,452047.71,12416045568
20250104,090000,452047.71,461235.73,452047.71,461235.7,356799363901
20250104,130000,461235.69,461235.69,461235.69,461235.69,14223377953
20250105,090000,461235.69,465156.57,461235.69,465156.56,409426569782
20250105,130000,465156.59,465157.01,465156.59,465157.01,210984568736
20250105,170000,465026.83,465026.83,465026.83,465026.83,16229548912
20250106,090000,465026.83,470402.62,465026.83,470402.62,312558039933
20250106,130000,470402.57,470402.59,470402.57,470402.59,26750275631
20250106,170000,470402.7,470402.7,470364.92,470364.92,26749550680
20250107,090000,470364.92,479846.01,470364.92,479844.91,350562929111
20250107,130000,479843.47,479843.47,479838.88,479838.88,228598214946
20250107,170000,479838.86,479838.86,479790.93,479790.93,28507624157
20250108,090000,479790.93,486320.85,479790.93,486320.85,352741281761
20250108,170000,486320.8,486320.8,486185.01,486185.01,28650232198
20250111,090000,486185.01,488762.02,485034.99,485034.99,492003014997
20250111,130000,485034.95,485035.27,485034.95,485035.27,224359763487
20250111,170000,485032.33,485032.33,484998.58,484998.58,37387806280
20250112,090000,484998.58,484998.58,477551.24,477553.75,406339561851
20250112,130000,477553.68,477553.73,477553.68,477553.73,55511001624
20250112,170000,477553.64,477553.64,477507.87,477507.87,41633246508
20250113,090000,477507.87,478495.05,476891.21,478494.42,320533784547
20250113,130000,478494.36,478494.36,478494.29,478494.29,37258854165
20250113,170000,478379.5,478379.5,478379.5,478379.5,12419553316
20250115,090000,478379.5,481090.51,478379.5,478909.31,256600683113
20250115,130000,478909.27,478909.27,478909.27,478909.27,10605251729
20250115,170000,478902.45,478902.45,478902.45,478902.45,10605046199
20250118,090000,478902.45,478902.45,472249.7,472249.7,300502929213
20250118,130000,472249.42,472249.42,472248.45,472248.48,201496376277
20250118,170000,472055.52,472055.52,472055.52,472055.52,9158907462
20250119,090000,472055.52,472055.52,469949.94,469949.94,249971397567
20250119,130000,469950.13,469950.13,469950.13,469950.13,11790796756
20250119,170000,469942.64,469942.64,469787.08,469787.08,23581357574
20250120,090000,469787.08,470642.96,465210.57,465210.68,291405302230
20250120,130000,465210.58,465210.58,465210.05,465210.13,47585619958
20250121,090000,465210.13,465210.13,462147.82,463735.46,258647073825
20250121,130000,463734.51,463734.51,463733.54,463733.54,31641931158
20250122,090000,463733.54,470050.64,463733.54,470050.64,221598829218
20250122,130000,470050.66,470050.67,470050.66,470050.67,16463018262
20250125,090000,470050.67,471682.93,470050.67,471419.18,249842345581
20250125,130000,471419.46,471419.46,471406.98,471406.98,38544233767
20250125,170000,471406.41,471406.41,471406.41,471406.41,9635088169
20250126,090000,471406.41,472923.51,469695.83,469698.02,267335265366
20250126,130000,469698.01,469698.01,469695.81,469695.81,19583512079
20250127,090000,469695.81,469695.81,466755.81,466756.24,244846540752
20250127,130000,466756.13,466757.07,466756.13,466757.07,21016967080
20250127,170000,466757.06,466757.06,466757.06,466757.06,10508473540
20250129,090000,466757.06,467079.95,465093.97,465093.97,142510125272
20250129,130000,465093.94,465094.01,465093.94,465094.01,31531441048
20250201,090000,465094.01,465094.01,460114.83,460114.85,212871275700
20250201,130000,460114.96,460114.96,460114.68,460114.68,26598274610
20250201,170000,459953.88,459953.88,459953.88,459953.88,8866046520
20250202,090000,459953.88,460906.72,459953.88,460595.81,160650058632
20250202,130000,460595.82,460595.93,460594.83,460594.83,34696017435
20250202,170000,460573.09,460573.09,460573.09,460573.09,6939203487
20250203,090000,460573.09,460981.55,460333.84,460526.12,138294297560
20250203,130000,460525.97,460525.97,460525.32,460525.35,25301011887
20250203,170000,460526.66,460526.66,460526.66,460526.66,6325050475
20250204,090000,460526.66,464668.25,460526.66,464668.25,166026693596
20250204,130000,464668.26,464668.26,464649.93,464649.93,20476867395
20250204,170000,464643.08,464643.08,464643.08,464643.08,6824953735
20250205,090000,464643.08,464672.85,463463.19,463775.36,192387094488
20250205,130000,463775.38,463775.38,463775,463775,32949167218
20250209,090000,463775,464778.84,461817.67,461817.67,317302870537
20250209,130000,461817.64,461817.74,461817.64,461817.74,28007820252
20250209,210000,461732.41,461732.41,461732.41,461732.41,14003827274
20250211,090000,461732.41,461732.41,454956.79,454956.79,296929344868
20250211,130000,454956.8,454956.8,454949.39,454949.39,72268375865
20250211,170000,454784.97,454784.97,454784.97,454784.97,12044170147
20250215,090000,454784.97,454784.97,447668.82,447668.83,225459576374
20250215,130000,447672.53,447677.24,447672.53,447677.24,15436553948
20250215,170000,447599.83,447599.83,447599.83,447599.83,7718248811
20250216,090000,447599.83,447599.83,441441.92,441441.92,261181788023
20250217,090000,441441.92,441441.92,439692.81,439692.94,257189146577
20250217,130000,439692.46,439692.46,439692.37,439692.37,29856315999
20250217,170000,439491.1,439491.1,439491.1,439491.1,9951167554
20250218,090000,439491.1,440279.59,439488.4,439954.89,165387726556
20250218,130000,439952.64,439952.64,439949.5,439949.56,22149532692
20250218,170000,439745.98,439745.98,439745.98,439745.98,7383177564
20250219,090000,439745.98,440618.35,439745.98,440416.38,128592635133
20250219,130000,440416.4,440416.4,440416.33,440416.33,12223337078
20250219,170000,440328.16,440328.16,440328.16,440328.16,6111662319
20250222,090000,440328.16,440523.55,436695.01,436695.01,179725782148
20250222,130000,436695.09,436696.48,436695.09,436696.48,23053719927
20250222,170000,436697.18,436697.18,436697.18,436697.18,7684284034
20250223,090000,436697.18,438476.5,436697.18,438476.5,128267098359
20250223,130000,438476.52,438476.52,438476.52,438476.52,5513462613
20250223,170000,438476.55,438476.56,438312.88,438312.88,16536344631
20250224,090000,438312.88,444974.15,438312.88,444974.14,163551886830
20250224,170000,444799.09,444799.09,444799.09,444799.09,6152067719
20250225,090000,444799.09,449949.1,444799.09,449478.02,248517674694
20250225,130000,449478.06,449478.06,449467.15,449467.15,23141245211
20250225,170000,449188.4,449188.4,449188.4,449188.4,11570051043
20250226,090000,449188.4,449399.35,447119.37,447119.38,311885363942
20250226,130000,447117.57,447117.57,447098.4,447098.4,47385169620
20250226,170000,446931.98,446931.98,446931.98,446931.98,11846107405
20250301,090000,446931.98,447282.85,446070.73,446070.73,238839914023
20250301,130000,446066.53,446066.53,446066.37,446066.37,28938728211
20250301,170000,445784.26,445784.26,445784.26,445784.26,9646232737
20250302,090000,445784.26,446386.11,445780.63,445915.3,250658429764
20250302,130000,445914.83,445914.83,445914.83,445914.83,10129315404
20250303,090000,445914.83,445914.83,439051.25,439051.25,258934422393
20250303,170000,439052.58,439052.58,439052.58,439052.58,11983788813
20250304,090000,439052.58,439388.21,436902.07,436902.07,270246348793
20250305,090000,436902.07,436902.07,434211.1,434261.86,231675335003
20250305,130000,434261.88,434261.88,434254.66,434254.66,39167902344
20250305,170000,434041.38,434041.38,434041.38,434041.38,9790360235
20250308,090000,434041.38,434090.22,428738.95,428738.95,364164204080
20250308,130000,428738.97,428848.12,428738.97,428848.12,357017935297
20250308,170000,428848.14,428848.71,428848.14,428848.71,276480012729
20250308,210000,428802,428802,428802,428802,11068360991
20250309,090000,428802,428802,422930.08,422930.08,299583174499
20250309,130000,422930.39,422964.44,422930.24,422963.79,298561308218
20250309,170000,422963.33,422963.83,422931.93,422931.93,138015159562
20250310,090000,422931.93,423157.05,420890.25,420890.25,224668918670
20250310,130000,420890.55,420890.98,420890.55,420890.98,17052983696
20250310,170000,420804.25,420804.25,420804.25,420804.25,8526390969
20250311,090000,420804.25,420804.25,417076.35,417076.35,154202168561
20250311,130000,417072.42,417072.42,417071.79,417071.79,29375735317
20250311,170000,417037.86,417037.86,417037.86,417037.86,5875110779
20250312,090000,417037.86,417637.35,416132.32,417637.35,227108344041
20250312,130000,417637.37,417667.36,417636.62,417656.21,336026232147
20250312,170000,417656.19,417656.19,417653.75,417654.71,157596694780
20250312,210000,417391.19,417391.19,417391.19,417391.19,8744360363
20250315,090000,417391.19,422375.31,417391.19,422375.31,205059275017
20250315,170000,421831.01,421831.01,421831.01,421831.01,8391066781
20250316,090000,421831.01,423581.66,421831.01,423489.73,296713363869
20250316,130000,423489.55,423492.06,423489.55,423492.06,337983047295
20250316,170000,423492.12,423493.12,423360.24,423360.24,180089099617
20250317,090000,423360.24,423619.76,422456.59,422456.75,178829599790
20250317,130000,422456.8,422456.8,422443.63,422444.45,85917918922
20250317,170000,422299.38,422299.38,422299.38,422299.38,7050200880
20250318,090000,422299.38,422299.38,417544.46,417544.61,327136066582
20250318,130000,417544.59,417585.34,417541.84,417570.89,473643929872
20250318,170000,417491.59,417491.59,417491.59,417491.59,11703142410
20250325,090000,417491.59,420612.89,417491.59,420612.89,170100387538
20250325,130000,420612.91,420612.91,420612.91,420612.91,6438618407
20250325,170000,420615.19,420615.19,420615.19,420615.19,6438618060
20250326,090000,420615.19,422435.36,420615.19,422278.15,186713817546
20250326,130000,422278.14,422278.58,422272.04,422272.04,53831775766
20250326,170000,422273.15,422273.15,422273.15,422273.15,7689096288
20250329,090000,422273.15,422371.78,421698.43,421808.9,285320466337
20250329,130000,421808.89,421808.89,421808.87,421808.87,26373063041
20250329,170000,421811.07,421811.07,421811.07,421811.07,13186513177
20250330,090000,421811.07,424364.86,421811.07,424364.86,238280741866
20250330,130000,424364.87,424364.87,424361.74,424361.75,49715784859
20250405,090000,424361.75,426024.83,424361.75,426016.65,324555820376
20250405,130000,426016.62,426016.62,426016.2,426016.31,82145362718
20250406,090000,426016.31,426626.06,425424.49,425425.06,586225996338
20250406,130000,425424.96,425424.96,425424.77,425424.78,60593524260
20250407,090000,425424.78,425537.09,422551.14,422551.15,427234401509
20250407,130000,422551.14,422551.14,422549.88,422549.88,70901466454
20250407,170000,422551.42,422551.42,422551.42,422551.42,17724873303
20250408,090000,422551.42,429455.52,422551.42,429455.52,264167097158
20250409,090000,429455.52,431542.3,429455.52,429561.8,550929285519
20250409,130000,429561.78,429561.8,429561.78,429561.79,57365884803
20250409,170000,429424.26,429424.26,429424.26,429424.26,19121961601
20250412,090000,429424.26,430088.99,429424.26,429841.19,357519350868
20250412,130000,429841.11,429841.31,429841.11,429841.25,59020242264
20250412,170000,429844.16,429844.16,429844.16,429844.16,14754847566
20250413,090000,429844.16,438783.19,429844.16,438783.19,358027297367
20250413,130000,438783.17,438783.17,438783.1,438783.1,31746043254
20250414,090000,438783.1,446125.34,438783.1,446125.02,518553605354
20250414,130000,446124.95,446124.95,446124.95,446124.95,18345655327
20250415,090000,446124.95,447071.22,444005.83,444005.83,1169966544300
20250415,130000,444005.9,444005.92,443981.58,443981.58,198015917539
20250416,090000,443981.58,446039.18,443981.58,446024.04,497964065939
20250416,130000,446012.62,446012.77,446012.62,446012.77,65927291370
20250416,170000,445818.34,445818.34,445818.34,445818.34,21975759150
20250419,090000,445818.34,451505.59,445818.34,451505.59,509989538774
20250419,170000,451123.68,451123.68,451123.68,451123.68,19500808762
20250420,090000,451123.68,460526.29,451123.68,460526.29,437238339182
20250420,130000,460525.96,460525.96,460525.93,460525.93,36153582814
20250420,170000,460134.49,460134.49,460134.49,460134.49,18076791407
20250421,090000,460134.49,469592.25,460134.49,469215.92,959403485432
20250421,130000,469216.04,469216.15,469209.66,469209.66,245937131536
20250421,170000,469158.93,469158.93,469158.93,469158.93,49170963528
20250422,090000,469158.93,469800.35,469158.93,469800.35,2037500155406
20250422,130000,469800.39,469800.41,469800.39,469800.41,196934594898
20250422,170000,469799.68,469799.68,469792.5,469792.5,196931372076
20250423,090000,469792.5,470482.52,468972.74,470482.49,1910754904296
20250423,130000,470482.47,470482.47,470482.31,470482.33,649639993206
20250426,090000,470482.33,474705.93,470482.33,474705.93,1539970957057
20250426,130000,474705.92,474706.34,474705.92,474706.34,110977625894
20250427,090000,474706.34,474706.34,472138.34,473835.88,1386729275011
20250427,130000,473835.27,473835.27,473830.54,473830.54,104129030060
20250427,170000,473829.68,473829.68,473829.68,473829.68,52064515030
20250428,090000,473829.68,477976.29,473829.68,477931.37,1166588274627
20250428,130000,477931.16,477931.87,477931.16,477931.87,168652564544
20250428,170000,477796.2,477796.2,477796.2,477796.2,42163141136
20250429,090000,477796.2,484947.39,477796.2,484947.39,984591166076
20250429,130000,484947.45,484947.51,484947.43,484947.51,108066849975
20250429,170000,484919.21,484919.21,484919.21,484919.21,36020782128
20250430,090000,484919.21,494431.89,484919.21,494431.89,746383819398
20250430,130000,494431.9,494431.9,494431.85,494431.85,89656102031
20250430,170000,494312.54,494312.54,494312.54,494312.54,29885365375
20250503,090000,494312.54,494312.54,488620.87,488620.87,1385601576192
20250503,130000,488620.86,488620.86,488600.92,488600.92,118618115000
20250503,170000,488420.7,488420.7,488420.7,488420.7,39538759567
20250504,090000,488420.7,490446.06,487517.94,490446.06,1166425510655
20250504,130000,490445.78,490445.81,490445.57,490445.59,228073884146
20250505,090000,490445.59,495689.78,490445.59,494940.15,889035420191
20250505,130000,494940.18,494940.25,494936.75,494937.09,296471326160
20250506,090000,494937.09,498603,494937.09,498603,844491896302
20250506,130000,498602.79,498602.97,498602.69,498602.97,200403464216
20250506,170000,498599.12,498599.12,498599.12,498599.12,33399658256
20250507,090000,498599.12,505396.45,498599.12,505221.77,1711493599610
20250507,130000,505221.78,505221.78,505221.78,505221.78,79567617668
20250510,090000,505221.78,505221.78,499003.22,499003.22,1415008049549
20250510,130000,499003.21,499003.21,498991.15,498991.15,245293625444
20250510,170000,498475.11,498475.11,498475.11,498475.11,40869087977
20250511,090000,498475.11,498475.11,493891.09,493891.14,957294302103
20250511,130000,493890.8,493890.98,493890.46,493890.98,793656581375
20250511,170000,493892.12,493892.12,493892.12,493892.12,32945963510
20250512,090000,493892.12,503798.84,493892.12,503798.83,669074976389
20250512,130000,503798.35,503798.35,503798.35,503798.35,25791399507
20250512,170000,503638.73,503638.73,503638.73,503638.73,25791399507
20250513,090000,503638.73,506116.57,503638.73,506116.57,1140670615827
20250513,130000,506112.47,506112.47,506105.69,506105.69,75415343384
20250513,170000,505689.61,505689.61,505689.61,505689.61,37707671692
20250514,090000,505689.61,507888.14,505689.61,507870.04,1139606376867
20250514,130000,507870.01,507870.01,507869.98,507869.98,86412090616
20250514,170000,507787.68,507787.68,507787.68,507787.68,43206041986
20250517,090000,507787.68,510353.62,507551.86,507551.86,1214020751876
20250517,130000,507551.84,507552.08,507551.84,507552.08,95441887385
20250517,170000,507437.36,507437.36,507437.36,507437.36,47720710760
20250518,090000,507437.36,510012.25,507437.36,510012.04,761985264497
20250518,130000,510011.97,510011.97,510011.97,510011.97,30534528787
20250518,170000,509626.08,509626.08,509626.08,509626.08,30534528787
20250519,090000,509626.08,511199.16,508500.08,508500.12,1047181554869
20250519,130000,508499.81,508499.81,508477.77,508477.77,269145860829
20250519,170000,508421.13,508421.13,508421.13,508421.13,38416890861
20250520,090000,508421.13,508421.13,502606.84,502606.84,846507142469
20250520,130000,502606.26,502606.63,502606.26,502606.63,64780467753
20250520,170000,502443.22,502443.22,502443.22,502443.22,32390154867
20250521,090000,502443.22,502443.22,497627.32,497627.35,974979489238
20250521,130000,497627.31,497627.31,497627.3,497627.3,69669230327
20250521,170000,497262.94,497262.94,497262.94,497262.94,34834565059
20250524,090000,497262.94,500355.12,497262.94,499371.16,485933278558
20250524,130000,499369.53,499369.53,499364.19,499364.19,79622638340
20250524,170000,498756.17,498756.17,498756.17,498756.17,19896899652
20250525,090000,498756.17,499209.71,495284.11,495284.19,369846795103
20250525,130000,495284.14,495284.72,495284.14,495284.72,46166455605
20250525,170000,495092.76,495092.76,495092.76,495092.76,15388818535
20250526,090000,495092.76,496225.4,495075.77,495333.62,468315859614
20250526,130000,495333.5,495333.51,495320.79,495320.79,140173538455
20250526,170000,495168.02,495168.02,495168.02,495168.02,23360846048
20250527,090000,495168.02,499195.84,495168.02,499195.79,503859656205
20250527,130000,499195.78,499195.78,499195.65,499195.65,59581388536
20250527,170000,498877.63,498877.63,498877.63,498877.63,19860371312
20250528,090000,498877.63,501326.94,498877.63,501127.75,569851644081
20250528,130000,501127.77,501127.8,501127.77,501127.77,0
20250531,090000,500719.58,503282.22,500719.58,502254.01,488482951319
20250531,130000,502253.98,502253.98,502253.87,502253.87,87309474128
20250531,170000,502253.97,502253.97,501931.76,501931.76,43654389404
20250601,090000,501931.76,501931.76,496954.42,496994.25,645549068972
20250601,130000,496994.27,496994.3,496993.31,496993.31,117086803880
20250601,170000,496841.21,496841.21,496841.21,496841.21,23414216626
20250602,090000,496841.21,499171.39,496841.21,499151.84,429703228813
20250602,130000,499151.46,499151.47,499151.46,499151.47,33778083476
20250602,170000,498872.47,498872.47,498872.47,498872.47,16889041738
20250603,090000,498872.47,498872.47,495454.89,495609.2,478558452845
20250603,130000,495609.22,495609.22,495608.36,495608.37,124030267221
20250603,170000,495256.53,495256.53,495256.53,495256.53,17711141329
20250607,090000,495256.53,495256.53,488318.94,488318.95,736432550774
20250607,130000,488318.64,488318.64,488307.82,488307.82,125453156942
20250607,170000,488144.09,488144.09,488144.09,488144.09,20908859557
20250608,090000,487102.94,487102.94,485049.78,485049.81,0
20250608,130000,485048.83,485048.83,485046.73,485046.73,0
20250609,090000,485077.58,485145.63,479829.08,479829.1,0
20250609,130000,479829.11,479829.11,479829.04,479829.05,0
20250610,090000,479592.52,479700.42,478416.19,478461.86,0
20250610,130000,478461.82,478462.38,478443.7,478443.7,0
20250611,090000,478451.07,479106.13,477808.04,477808.04,0
20250611,130000,477807.94,477807.94,477807.51,477807.51,0
20250628,090000,477291.12,477291.12,469586.16,469622.49,0
20250628,130000,469626.25,469656.73,469626.25,469656.73,0
20250629,090000,468088.26,468088.26,458748.1,458748.1,0
20250629,130000,458748.12,458748.28,458748.12,458748.28,0
20250630,090000,457785.24,457785.24,449458.77,449458.77,0
20250630,130000,449463.34,449526.42,449463.34,449526.42,0
20250701,090000,447868.88,447868.88,444663.34,444663.34,0
20250701,130000,444663.29,444663.29,444663.21,444663.22,0
20250702,090000,437435.76,437435.76,435770.52,436975.79,0
20250702,130000,436975.69,437001.35,436975.27,437001.35,0
20250707,090000,437370.97,438515.79,436551.56,436551.56,0
20250707,130000,436551.55,436551.55,436551.5,436551.5,0
20250708,090000,436407.8,436407.8,431383.62,431383.62,0
20250709,090000,430047.45,430047.45,426355.91,426417.49,0
20250709,130000,426417.48,426462.97,426417.48,426461.61,0
20250712,090000,426252.94,427487.72,426252.94,427487.72,0
20250712,130000,427487.43,427487.43,427485.4,427485.4,0
20250713,090000,427479.32,427479.32,426751.76,426977.22,0
20250713,130000,426977.2,426977.2,426961.56,426961.56,0
20250714,090000,426643.28,427525.97,426643.28,427525.9,0
20250714,130000,427530.79,427561,427530.79,427560.53,0
20250715,090000,427734.38,428172.83,427508.03,428172.83,0
20250715,130000,428172.37,428172.37,428169.98,428169.98,0
20250716,090000,427922.66,430806.39,427922.66,430806.39,0
20250716,130000,430806.44,430809.71,430805.57,430809.71,0
20250719,090000,430762.32,432591.51,430762.32,432539.91,0
20250719,130000,432539.9,432540.02,432537.81,432539.31,0
20250720,090000,432007.1,432618.83,432007.1,432553.39,0
20250720,130000,432552.86,432552.86,432528.19,432528.56,0
20250721,090000,431609.75,434106.46,431609.75,434100.55,0
20250721,130000,434100.2,434100.2,434082.23,434082.23,0
20250722,090000,432958.21,434158.4,432958.21,433678.75,0
20250722,130000,433678.74,433678.86,433660.55,433661.45,0
20250723,090000,431924.56,431924.56,429509.33,429509.33,0
20250723,130000,429509.35,429509.35,429504.69,429505.14,0
20250726,090000,428799.15,428799.15,426540.67,426540.68,0
20250726,130000,426540.67,426545.98,426539.27,426545.98,0
20250727,090000,426060.62,426060.62,423288.52,423288.52,0
20250727,130000,423288.43,423288.64,423285.52,423285.94,0
20250728,090000,422815.82,422815.82,418387.64,418387.64,0
20250728,130000,418387.63,418390.43,418387.63,418390.23,0
20250729,090000,417691.5,417691.5,414966.91,414966.98,0
20250729,130000,414966.99,414966.99,414966.99,414966.99,0
20250730,090000,414097.35,414097.35,410497.09,410497.09,0
20250730,130000,410495.04,410495.05,410495.04,410495.05,0
20250802,090000,409160.87,409160.87,404184.16,404184.33,0
20250802,130000,404184.36,404185.69,404184.21,404184.21,0
20250803,090000,402716.53,402716.53,400906.87,400906.87,0
20250803,130000,400906.86,400913.36,400906.85,400913.36,0
20250804,090000,400474,400474,398718.21,398903.82,0
20250804,130000,398903.9,398905.23,398903.86,398905.23,0
20250805,090000,398892.31,399014.26,396589.51,396589.51,0
20250805,130000,396589.37,396589.37,396589.32,396589.32,0
20250806,090000,396203.78,396203.78,393742.16,393742.16,0
20250806,130000,393742.67,393742.67,393740.43,393740.43,0
20250809,090000,393777.2,395219.86,393777.2,394640.65,0
20250809,130000,394631.59,394632.13,394631.59,394632.13,0
20250810,090000,394789.04,394925.88,393302.69,393310.32,0
20250810,130000,393309.93,393315.83,393309.93,393315.78,0
20250811,090000,393308.66,393308.66,391370.98,391370.99,0
20250811,130000,391370.97,391372.36,391370.97,391372.36,0
20250812,090000,391265.92,391265.92,387656.39,387656.39,0
20250812,130000,387656.35,387658.08,387655.59,387658.08,0
20250813,090000,387216.1,387216.1,383447.45,383447.45,0
20250813,130000,383447.66,383447.66,383447.66,383447.66,0
20250816,090000,382725.07,382725.07,381060.6,382009.44,0
20250816,130000,382010.94,382100.22,382010.94,382100.22,0
20250817,090000,382054.99,385992.32,382054.99,385992.32,0
20250817,130000,385992.35,385992.37,385980.99,385980.99,0
20250818,090000,386873.07,387985.18,386873.07,387600.26,0
20250818,130000,387600.46,387600.62,387599.87,387599.87,0
20250819,090000,387575.92,387575.92,386883.04,386883.04,0
20250819,130000,386882.82,386885.56,386881.4,386885.56,0
20250820,090000,386857.53,386876.1,386028.18,386100.91,0
20250820,130000,386100.48,386100.48,386089.92,386091.17,0
20250823,090000,386044.01,386614.57,386044.01,386324.88,196248088069
20250823,130000,386325.29,386325.29,386317.9,386319.81,67828203045
20250823,170000,386319.7,386319.7,386319.7,386319.7,8465847686
20250825,090000,386319.7,386320.78,383613.77,383613.81,241003718960
20250826,090000,383613.81,383613.81,381863.63,381863.64,332872536302
20250826,130000,381863.61,381866.48,381863.61,381866.17,122420697201
20250826,170000,381757.41,381757.41,381757.41,381757.41,11128459945
20250827,090000,381757.41,382952.95,381757.41,382387.51,214561659917
20250827,130000,382387.62,382387.62,382387.62,382387.62,8649233267
20250830,090000,382387.62,382387.62,378828.59,378828.59,228572856494
20250830,130000,378828.66,378828.67,378828.66,378828.67,21819869842
20250831,090000,378828.67,380331.39,378822.2,380331.39,276383236637
20250831,130000,380331.41,380336.08,380331.22,380336.08,78127361665
20250831,170000,380118.26,380118.26,380118.26,380118.26,11160522695
20250902,090000,380118.26,384424.7,380118.26,384424.7,214004329270
20250902,130000,384424.5,384424.5,384394.8,384419.68,111590418400
20250903,090000,384419.68,388482.41,384419.68,388482.41,442933068222
20250903,130000,388482.42,388482.42,388482.42,388482.42,14132075650
20250906,090000,388482.42,390255.74,388482.42,389428.28,469376698448
20250906,130000,389427.91,389427.94,389422.56,389422.56,74751775770
20250907,090000,389422.56,391447.54,389422.56,391447.54,322142398616
20250907,130000,391447.55,391447.55,391447.5,391447.5,27747277524
20250908,090000,391447.5,396878.31,391447.5,396878.31,324787600146
20250908,130000,396879.03,396879.03,396879.03,396879.03,12378510859
20250909,090000,396879.03,398296.37,396879.03,398104.97,615740264619
20250909,130000,398104.98,398105.02,398104.91,398105.02,86777286896
20250909,170000,397986.78,397986.78,397986.78,397986.78,21691096069
20250913,090000,397986.78,398534.11,397986.78,398504.15,318921923689
20250913,130000,398504.22,398506.98,398504.22,398506.98,63241954777
20250913,170000,398507.16,398507.16,398507.16,398507.16,12647492815
20250914,090000,398507.16,402808.77,398507.16,402808.77,390730092425
20250914,130000,402808.71,402809.07,402808.71,402809.07,121272979372
20250914,170000,402636.94,402636.94,402636.94,402636.94,15159112433
20250915,090000,402636.94,403963.36,402636.94,402886.34,644809650643
20250915,130000,402882.72,402882.72,402856.61,402872.93,376235586875
20250915,170000,402872.89,402872.89,402720.59,402720.59,46825091174
20250916,090000,402720.59,402720.59,399399.36,399399.36,354426282687
20250916,130000,399399.37,399399.37,399391.35,399391.36,41326046052
20250916,170000,399391.54,399399.21,399391.54,399398.48,96427471112
20250917,090000,399398.48,399398.48,396710.12,396710.12,321323264523
20250917,130000,396710.11,396715.97,396677.55,396677.55,233669010675
20250917,170000,396531.49,396531.49,396531.49,396531.49,12232203667
20250920,090000,396531.49,396531.49,392072.65,392072.65,236889769909
20250920,130000,392077.05,392077.05,392077.05,392077.05,10423134659
20250920,170000,392075.89,392075.89,392075.89,392075.89,10423134659
20250921,090000,392075.89,392075.89,388092.24,388093.07,575165423319
20250921,130000,388093,388099.45,388093,388099.45,184291058503
20250921,170000,387994.78,387994.78,387994.78,387994.78,20330975423
20250922,090000,387994.78,389633.96,387941.73,389388.22,298458258740
20250922,130000,389380.05,389380.05,389380.04,389380.04,22580475365
20250922,170000,389216.01,389216.01,389216.01,389216.01,11284117555
20250923,090000,389216.01,389283.94,388714.79,388715.65,215672445185
20250923,130000,388703.75,388703.75,388686.39,388686.48,68028517618
20250924,090000,388686.48,388686.48,385509.49,385509.52,356797323167
20250924,130000,385509.56,385510.56,385509.55,385510.56,55625231789
20250924,210000,385381.34,385381.34,385381.34,385381.34,13874601003
20250927,090000,385381.34,390811.8,385215.12,390811.8,370995256260
20250927,130000,390811.68,390811.68,390811.68,390811.68,11952229324
20250927,170000,390788.42,390788.42,390788.42,390788.42,11952225824
20250928,090000,390788.42,398058.26,390788.42,398058.26,246501687640
20250928,130000,398058.25,398058.25,398058.24,398058.24,18023965622
20250928,170000,398058.23,398058.23,398058.23,398058.23,9011957088
20250929,090000,398058.23,405178.48,398058.23,405178.48,328492188204
20250929,130000,405178.54,405178.54,405178.54,405178.54,13674534484
20250929,170000,405163.67,405163.67,405163.67,405163.67,13674534484
20250930,090000,405163.67,406980.27,404880.23,404880.23,944373615562
20250930,130000,404880.47,404880.47,404880.47,404880.47,31677746634
20251001,090000,404880.47,404880.47,402292.71,402292.72,553649137055
20251001,130000,402292.73,402294.9,402292.73,402294.74,210095489742
20251004,090000,402294.74,409539.85,402294.74,409539.85,297864630170
20251004,130000,409539.9,409539.9,409539.9,409539.9,10232760328
20251005,090000,409539.9,414252.06,409539.9,414252.05,1006044413246
20251005,130000,414252.06,414252.06,414251.86,414251.86,104394432283
20251005,170000,414251.78,414251.78,414251.78,414251.78,34797989258
20251006,090000,414251.78,416728.59,414251.78,414943.79,896817854513
20251006,130000,414943.88,414948.87,414943.88,414948.87,134417748678
20251006,170000,414948.64,414948.66,414948.64,414948.66,67196475534
20251007,090000,414948.66,418738.55,414948.66,418738.53,682808514390
20251007,130000,418737.73,418737.73,418737.55,418737.55,75900041855
20251007,210000,418737.22,418737.22,418737.22,418737.22,25299959771
20251008,090000,418737.22,419925.06,418737.22,418920.72,1108362245562
20251008,130000,418920.68,418920.68,418920.68,418920.68,37203235726
20251008,170000,418920.67,418920.67,418746.71,418746.71,74406468790
20251011,090000,418746.71,423172.82,418746.71,423172.72,648254865712
20251011,130000,423172.57,423172.57,423136.22,423136.22,160619083684
20251012,090000,423136.22,431029.7,423136.22,431026.82,568353069990
20251012,130000,431024.19,431024.19,431022.76,431022.8,80512283060
20251013,090000,431022.8,436070.73,431022.8,436070.73,838691911027
20251013,130000,436070.74,436070.74,436070.67,436070.67,63506922330
20251013,170000,436018.43,436018.43,436018.43,436018.43,31753282579
20251014,090000,436018.43,438477.28,436018.43,436691.99,875553288658
20251014,130000,436691.98,436691.98,436691.28,436691.53,328012927580
20251015,090000,436691.53,436691.53,434840.29,435403.01,909297513338
20251015,130000,435400.12,435400.12,435399.23,435399.43,252632515130
20251018,090000,435399.43,444350.03,435399.43,444350.03,565465732075
20251018,130000,444349.94,444350.06,444349.94,444350.06,38875987413
20251018,170000,444333.78,444333.78,444333.78,444333.78,19437885657
20251019,090000,444333.78,448161.36,444333.78,447974.17,732680970955
20251019,130000,447973.9,447973.9,447973.2,447973.2,112036237078
20251019,170000,447860.07,447860.07,447860.07,447860.07,28008517334
20251020,090000,447860.07,448725.86,446916.63,446916.64,658018998219
20251020,130000,446916.66,446916.68,446909.02,446909.29,207548472886
20251021,090000,446909.29,448002.89,446909.29,447062.56,622402218690
20251021,130000,447062.41,447062.47,447058.87,447058.87,142120743134
20251021,170000,447059.1,447060.39,447059.1,447060.39,71060184627
20251022,090000,447060.39,450308.95,447060.39,450308.95,533705591872
20251022,130000,450308.93,450315.33,450308.93,450315.33,46608318116
20251022,170000,450040.6,450040.6,450040.6,450040.6,23304129058
20251025,090000,450040.6,450614.01,450040.6,450613.97,700983895782
20251025,130000,450614.1,450614.16,450614.1,450614.16,54966752959
20251025,170000,450540.36,450540.36,450540.36,450540.36,27483102372
20251026,090000,450540.36,453976.16,450540.36,453976.16,485098687162
20251026,130000,453975.47,453975.59,453971.27,453971.27,178958070773
20251026,170000,453971.84,453971.84,453971.84,453971.84,19880455315
20251027,090000,453971.84,457979.91,453971.84,457979.91,568151015393
20251027,130000,457979.88,457981.92,457948.37,457954.54,520637700312
20251028,090000,457954.54,461493.6,457954.54,461223.32,720390429057
20251028,130000,461224.27,461227.53,461191.81,461191.81,281747100864
20251028,170000,461082.72,461082.72,461082.72,461082.72,25588648599
20251029,090000,461082.72,462345.42,461082.72,462343.19,569895210596
20251029,130000,462343.09,462350.72,462314.89,462348.87,448011204296
20251029,170000,462348.61,462348.62,462348.61,462348.62,47126350404
20251101,090000,462348.62,465775.07,462348.62,463955.78,747447570893
20251101,130000,463955.46,463955.73,463955.46,463955.73,158553593421
20251102,090000,463955.73,464469.57,462655.82,464469.57,575756074568
20251102,130000,464459.64,464459.64,464434.27,464434.41,292287045750
20251103,090000,464434.41,468353.1,464434.41,468015.96,819152853770
20251103,130000,468015.84,468015.89,467987.36,467987.88,334768794385
20251104,090000,467987.88,468086.19,464384.08,464384.08,577807993858
20251104,130000,464384.07,464386.47,464384.07,464385.54,514569070535
20251104,170000,464232.01,464232.01,464232.01,464232.01,32101027500
20251105,090000,464232.01,464232.01,460581.42,460921.81,698141532347
20251105,130000,460921.93,460921.93,460918.19,460918.19,272163034328
20251108,090000,460918.19,464272.94,460918.19,462955,441144750087
20251108,130000,462950.29,462950.29,462948.34,462948.48,221422586006
20251109,090000,462948.48,462948.48,455550.97,455551.54,496136801888
20251109,130000,455551.53,455551.53,455551.53,455551.53,18867234260
20251109,170000,455551.57,455551.81,455551.57,455551.81,56406551925
20251110,090000,455551.81,455551.81,452301.46,452309.06,834184397606
20251110,130000,452308.87,452309.07,452308.87,452309.07,142674502079
20251110,170000,452309.17,452309.81,452309.17,452309.63,227152906540
20251111,090000,452309.63,453187.25,451745.46,451745.47,318999358704
20251111,130000,451745.57,451747.84,451745.57,451747.84,65290652961
20251111,170000,451747.88,451747.93,451747.88,451747.93,48831566424
20251112,090000,451747.93,451823.5,451074.34,451696.18,295788239209
20251112,130000,451696.2,451696.76,451693.89,451693.89,172850873904
20251115,090000,451693.89,453529.15,451693.89,453529.15,248649955569
20251115,130000,453529.07,453529.59,453528.82,453529.59,44244349870
20251115,170000,453395.26,453395.26,453395.26,453395.26,11054872947
20251116,090000,453395.26,457198.08,453395.26,457198.08,342916086089
20251116,130000,457197.99,457198.18,457197.99,457198.17,47494162673
20251117,090000,457198.17,461745.17,457198.17,460979.2,420749449818
20251117,130000,460979.1,460983.72,460938.55,460963.55,154399796575
20251118,090000,460963.55,461366.51,460250.03,460250.03,320864026182
20251118,130000,460249.92,460251.64,460240.27,460240.27,126937479471
20251118,170000,460134.22,460134.22,460134.22,460134.22,14093683654
20251119,090000,460134.22,461458.56,460134.22,461458.56,270270731452
20251119,130000,461458.32,461471.89,461457.11,461471.66,274789317092
20251119,170000,461480.24,461512.45,461480.24,461512.45,95811925073
20251122,090000,461512.45,464962.94,461512.45,464852.84,275569523403
20251122,130000,464852.47,464853.96,464850.34,464853.96,216236787432
20251122,170000,464853.94,464853.94,464853.58,464853.58,25379622158
20251123,090000,464853.58,468458.39,464853.58,468458.39,422532405214
20251123,130000,468458.33,468458.33,468440.81,468440.93,108577438866
20251123,170000,468121.87,468121.87,468121.87,468121.87,18090588072
20251125,090000,468912.31,472395.04,468912.31,472194.22,0
20251125,130000,472194.05,472194.05,472158.01,472178.8,0
20251126,090000,472813.04,472897.9,469839.99,469840.01,0
20251126,130000,469839.9,469840.35,469839.9,469840.35,0
20251129,090000,469759.97,470348.4,468326.09,468326.21,0
20251129,130000,468326.42,468365.52,468326.42,468340.13,0
20251130,090000,468557.19,468557.19,467819.49,467882.43,0
20251130,130000,467882.42,467882.42,467874.15,467878.58,0
20251201,090000,468677.16,471368.43,468677.16,471081.75,0
20251201,130000,471081.71,471081.71,471081.08,471081.08,0
20251202,090000,471694.78,474165.14,471694.78,474165.02,0
20251202,130000,474164.98,474165.17,474164.83,474165.17,0
20251203,090000,474780.05,479044.76,474780.05,479044.76,0
20251203,130000,479044.25,479044.25,479037.35,479037.76,0
20251206,090000,480375.93,485831.38,480375.93,485831.37,0
20251206,130000,485831.38,485831.38,485831.26,485831.26,0
20251207,090000,487226.64,488153.04,485761.46,485761.46,0
20251207,130000,485761.43,485761.76,485761.43,485761.76,0
20251208,090000,485861.92,487904.86,485861.92,487904.69,0
20251208,130000,487904.64,487904.75,487903.78,487903.78,0
20251209,090000,488463.12,491717.51,488463.12,491228.4,0
20251209,130000,491228.55,491228.55,491222.94,491222.98,0
20251210,090000,492105,498633.86,492105,498633.75,0
20251210,130000,498632.65,498632.65,498632.63,498632.63,0
20251213,090000,500271.51,506416.12,500271.51,506416.11,0
20251213,130000,506416.04,506416.04,506412.87,506412.87,0
20251214,090000,507688.23,509808.52,506278.89,509808.43,0
20251214,130000,509808.2,509808.2,509802.84,509802.84,0
20251215,090000,511287.88,517580.2,511287.88,517580.2,0
20251215,130000,517580.19,517580.19,517580.19,517580.19,0
20251216,090000,519224.51,523855.01,519224.51,519717.37,0
20251216,130000,519717.5,519718.38,519717.5,519718.38,0
20251217,090000,519792.17,522143.26,519766.47,522142.1,0
20251217,130000,522128.13,522128.13,522100.29,522100.81,0
20251220,090000,524651.55,533422.91,524651.55,533422.91,0
20251220,130000,533422.93,533422.96,533422.93,533422.95,0
20251221,090000,535467.09,538760.86,535467.09,538516.43,0
20251221,130000,538516.44,538516.44,538515.93,538515.96,0
20251222,090000,544095.82,545712.9,542914.92,542914.92,0
20251222,130000,542915.04,542915.04,542915.04,542915.04,0
20251223,090000,547596.95,548774.14,546855.98,548405.36,0
20251223,130000,548405.35,548405.35,548405.35,548405.35,0
20251224,090000,558208.61,561119.04,558208.61,561119.04,0
20251224,130000,561119.05,561119.05,561119.05,561119.05,0
20251227,090000,572132.38,572471.12,568985.54,568985.54,0
20251227,130000,568985.53,568986.16,568985.53,568986.16,0
20251228,090000,571760.35,573100.71,571017.47,571787.11,0
20251228,130000,571787.07,571787.08,571771.22,571771.22,0
20251229,090000,573461.85,573461.85,564570.5,564570.5,0
20251229,130000,564570.56,564570.56,564570.05,564570.2,0
20251230,090000,554867.98,554867.98,551772.34,551772.58,0
20251230,130000,551771.73,551771.73,551760.51,551760.96,0
20251231,090000,542711.7,550297.22,542711.7,550297.22,0
20251231,130000,550297.21,550298.32,550294.61,550295.61,0
20260104,090000,548371.69,548476,542508.83,542716.92,0
20260104,130000,542716.87,542716.87,542715.87,542715.88,0
20260105,090000,548365.61,552489.47,548365.61,551533.2,0
20260105,130000,551533.19,551533.19,551533.04,551533.04,0
20260106,090000,560161.2,563898.11,560161.2,563898.11,0
20260106,130000,563898.09,563898.09,563897.66,563897.66,0
20260107,090000,572991.64,572991.64,561389.75,561389.75,0
20260107,130000,561389.77,561390.02,561389.77,561390.02,0
20260110,090000,548951.11,551162.29,548610.19,550848.01,0
20260110,130000,550847.79,550847.79,550842.47,550843.65,0
20260111,090000,544262.38,547187.96,544262.38,546497.51,0
20260111,130000,546497.5,546498.65,546443.89,546458.24,0
20260112,090000,553843.55,557185.52,553843.55,554482.68,0
20260112,130000,554483.04,554483.04,554440.51,554440.51,0
20260113,090000,558576.82,558867.41,550117.64,550117.64,0
20260113,130000,550117.65,550119.09,550115.5,550115.79,0
20260114,090000,541190.26,541190.26,538772.56,539821.34,0
20260114,130000,539821.35,539821.35,539820.22,539820.22,0
20260118,090000,546109.27,548837.62,546109.27,547408.61,0
20260118,130000,547408.47,547410.39,547408.47,547410.39,0
20260119,090000,554867.84,556066.26,551916.33,551916.33,0
20260119,130000,551916.34,551916.34,551916.34,551916.34,0
20260120,090000,554686.23,555848.23,551301.51,555848.23,0
20260120,130000,555847.96,555849.22,555847.96,555849.22,0
20260121,090000,560434.94,562397.97,560434.94,562397.97,0
20260121,130000,562397.84,562401.58,562393.38,562393.38,0
20260124,090000,561659.52,561659.52,553490.1,553490.11,0
20260124,130000,553490.12,553490.25,553489.92,553490.12,0
20260125,090000,541959.7,541959.7,540790.89,540872.15,0
20260125,130000,540872.14,540872.21,540872.14,540872.21,0
20260126,090000,528462.05,528462.05,527380.2,527380.2,0
20260126,130000,527380.04,527380.04,527379.91,527380.03,0
20260127,090000,514621.43,515978.7,514621.43,515886.08,0
20260127,130000,515922.54,515922.54,515921.81,515921.81,0
20260128,090000,507814.73,509125.98,507814.73,509125.98,0
20260128,130000,509125.85,509127.13,509125.79,509127.13,0
20260131,090000,507354.97,507838.73,500093.02,500093.02,0
20260131,130000,500091.2,500091.66,500090.6,500091.66,0
20260201,090000,494325.92,498020.88,494325.92,498020.88,0
20260201,130000,498020.27,498020.27,498013.63,498016.27,0
20260202,090000,505021.87,506639.06,505021.87,505385.13,0
20260202,130000,505385.12,505385.12,505384.83,505384.83,0
20260203,090000,510277.25,510277.25,502441.69,502508.55,0
20260203,130000,502508.61,502508.61,502491.86,502492.26,0
20260204,090000,510277.25,510277.25,502441.69,502508.55,0
20260204,130000,502508.61,502508.61,502491.86,502492.26,0
20260207,090000,511016.48,513852.48,511016.48,513824.82,0
20260207,130000,513829.44,513829.44,513829.44,513829.44,0
20260208,090000,522218.47,522228.96,511625.43,511625.43,0
20260208,130000,511625.49,511626.6,511622.46,511626.6,0
20260209,090000,506653.79,506653.79,501455.31,501455.32,0
20260209,130000,501455.42,501455.63,501454.57,501454.57,0
20260210,090000,498113.5,499317.88,498113.5,498983.91,0
20260210,130000,498976.89,498976.89,498966.67,498966.67,0
20260214,090000,503278.53,504903,496402.36,496402.36,0
20260214,130000,496402.32,496403.46,496402.31,496402.87,0
20260215,090000,491383.01,491383.01,486706.09,486706.09,0
20260215,130000,486705.97,486705.97,486705.97,486705.97,0
20260216,090000,482801.77,484456.35,482578.12,484453.85,0
20260216,130000,484453.84,484453.97,484406.79,484406.79,0
20260217,090000,488630.49,489011.64,487668.36,488076.58,0
20260217,130000,488076.11,488078.59,488076.11,488078.59,0
20260218,090000,492401.23,492531.75,486029.48,486155.57,0
20260218,130000,486155.59,486155.59,486142.41,486142.91,0
20260221,090000,478271.56,478271.56,474872.65,474886.4,0
20260221,130000,474885.24,474885.24,474885.24,474885.24,0
20260222,090000,466092.03,466433.09,465538.45,466433.09,0
20260222,130000,466433.41,466433.41,466431.31,466431.35,0
20260223,090000,470634.2,472438.78,470634.2,470656.18,0
20260223,130000,470656.19,470658.23,470656.19,470658.23,0
20260224,090000,469896.49,469896.49,466731.52,467791.36,0
20260224,130000,467791.35,467791.89,467787.35,467787.65,0
20260225,090000,468863.46,472704.69,468863.46,471299.3,0
20260519,090000,464677.12,468182.58,464677.12,468182.58,0
20260519,130000,468210.98,468292.79,468210.98,468292.76,0
20260520,090000,472185.87,474698.12,472185.87,474698.12,0
20260520,130000,474738.55,474785.23,474727.05,474785.23,0
20260523,090000,481894.86,489307.57,481894.86,489307.57,0
20260523,130000,489320.54,489390.31,489175.52,489390.31,0
20260524,090000,498394.44,505160.41,498394.44,504835.08,0
20260524,130000,504850.66,504908.2,504850.66,504908.2,0
20260525,090000,515169.32,515970.46,514833.97,515802.68,0
20260525,130000,515792.95,515792.95,515715.79,515715.79,0
20260526,090000,521231.17,524384.94,520957.78,524384.94,0
20260526,130000,524398.15,524493.17,524398.15,524492.29,0
20260530,090000,535625.75,537559.35,535625.75,537559.02,0
20260530,130000,537559.45,537565.87,537559.45,537565.87,0
20260531,090000,549791.77,552115.09,549791.77,552115.09,0
20260531,130000,552115.66,552117.72,552115.42,552117.72,0
20260601,090000,563981.17,563981.17,561125.62,561136.73,0
20260601,130000,561123.42,561123.42,561041.66,561041.68,0
20260602,090000,565292.52,566105.51,562957.97,566105.51,0
20260602,130000,566109.14,566115.14,566097.55,566098.41,0
20260603,090000,568825.21,568825.21,565702.62,566508.15,0
20260603,130000,566509.01,566514.66,566506.46,566512.54,0
20260606,090000,569648.65,571646.22,568253.64,571646.22,0
20260606,130000,571646.47,571648.75,571646.47,571648.75,0
20260607,090000,582464.34,586201.19,582464.34,586201.19,0
20260607,130000,586201.18,586201.18,586201.18,586201.18,0
20260608,090000,577616.94,578724.2,577616.94,578439.89,0
20260608,130000,578424.06,578424.15,578406.4,578406.4,0
20260609,090000,590887.12,592885.22,590887.12,592885.22,0
20260609,130000,592885.15,592885.15,592884.91,592884.91,0
20260610,090000,601057.72,601057.72,598948.62,600694.77,0
20260610,130000,600694.76,600694.76,600693.51,600693.51,0
20260613,090000,613773.78,616390.85,613773.78,615731.9,0
20260614,090000,629186.05,631282.52,629186.05,631282.52,0
20260615,090000,645726.9,649417.56,645726.9,648778.05,0
20260616,090000,663300.05,663300.05,655496.27,655496.27,0
20260616,130000,655496.2,655496.2,655453.35,655453.42,0
20260617,090000,654001.89,655319.79,650898.81,655319.79,0
20260617,130000,655319.73,655319.9,655300.18,655300.18,0
20260620,090000,662994.91,662994.91,655017.8,655017.8,0
20260620,130000,655019.3,655057.29,654995.55,655056.6,0
20260621,090000,653399.62,653399.62,648383.99,648383.99,0
20260621,130000,648381.28,648381.28,648376.33,648376.34,0
20260622,090000,640103.92,640103.92,638023.13,639162.81,0
20260622,130000,639162.67,639202.97,639154.74,639200.45,0
20260623,090000,644977.91,647839.7,644812.41,644860.88,0
20260623,130000,644860.86,644860.88,644860.86,644860.88,0
20260627,090000,650771.3,650771.3,644875.01,644875.01,0
20260627,130000,644874.99,644876.01,644874.99,644876.01,0
20260628,090000,637481.65,637481.65,635032.19,635040.39,0
20260628,130000,635040.53,635041,635040.53,635041,0
20260629,090000,630859.56,635946.32,630859.56,635946.32,0
20260629,130000,635946.3,635946.46,635942.41,635942.41,0
20260630,090000,645731.48,647963.73,645731.48,646301.82,0
20260630,130000,646301.8,646301.8,646298.52,646299.79,0
20260701,090000,652771.43,655629.69,651739.82,655629.69,0
20260701,130000,655629.7,655629.97,655624.7,655624.7,0
20260707,090000,666221.25,668618.15,666221.25,668618.15,0
20260707,130000,668618.14,668618.14,668618.04,668618.04,0
20260708,090000,668548.73,669206.05,665475.83,665475.83,0
20260708,130000,665475.27,665475.27,665472.69,665472.69,0
20260711,090000,657613.02,657614.71,655415.68,656174.47,0
20260711,130000,656174.46,656174.46,656173.69,656173.69,0
20260712,090000,642308.85,642632.03,642110.16,642623.66,0
20260712,130000,642623.9,642623.9,642623.76,642623.76,0
20260713,090000,630468.41,635907.9,630468.41,635907.9,0
20260713,130000,635908.19,635910.1,635908.19,635909.9,0
20260714,090000,630851.86,633510.71,630502.39,633510.71,0
20260714,130000,633510.74,633510.87,633508.58,633508.59,0
20260715,090000,635902.27,637535.55,634400.14,634400.15,0
20260715,130000,634400.28,634401.13,634346.16,634346.16,0
20260718,090000,624275.57,624275.57,621513.77,621863.07,0
20260718,130000,621863.1,621865.3,621863.1,621864.68,0
20260719,090000,615010.23,620695.51,615010.23,620695.51,0
20260719,130000,620695.52,620704.83,620695.52,620704.83,0
20260720,090000,627365.73,629497.3,627365.73,628040.63,0
20260720,130000,628040.67,628043.42,628040.67,628043.42,0
20260721,090000,636208.62,639693.86,636208.62,639693.86,0
20260722,090000,645612.98,645612.98,641931.23,642233.61,0
20260722,130000,642234.29,642238.46,642234.29,642238.43,0
20260725,090000,646638.09,646638.09,643124.42,643571.28,0
20260725,130000,643571.23,643572.63,643571.16,643571.73,0
20260726,090000,654153.74,655527.15,654153.74,655468.02,0
20260726,130000,655468.01,655473.62,655432.13,655432.13,0
20260727,090000,665071.07,665071.07,661916.75,662329.45,0
20260727,130000,662329.4,662329.87,662329.4,662329.7,0
20260728,090000,668856.24,670907.78,668615.64,670907.16,0
20260728,130000,670907.24,670907.24,670907.24,670907.24,0
20260729,090000,670310.92,673536.98,669457.1,673536.98,0
20260729,130000,673536.62,673537.19,673523.84,673523.84,0
20260801,090000,678046.45,678046.45,676198.83,676658.9,0
20260801,130000,676658.92,676667,676658.92,676667,0
20260802,090000,689212.13,689682.89,686164.67,686909,0
20260802,130000,686908.99,686908.99,686908.79,686908.79,0
20260803,090000,701249.66,704043.58,701249.66,704043.58,0
20260803,130000,704073.63,704073.63,704071.24,704071.24,0
20260805,090000,719829.02,721144.01,719829.02,721125.44,0
20260805,130000,721125.46,721125.46,721125.46,721125.46,0
20260808,090000,737830.37,739510.47,737830.37,739360.54,0
20260809,090000,753570.83,753570.83,739481.4,739481.4,0
20260809,130000,739480.5,739480.5,739480.5,739480.5,0
20260810,090000,737942.72,745573.92,737942.72,745573.92,0
20260810,130000,745572.56,745572.56,745572.56,745572.56,0
20260811,090000,757580.87,757788.81,753762.29,753797.51,0
20260811,130000,753797.53,753797.53,753694.26,753760.4,0
20260815,090000,759324.59,759324.59,753139.37,754509.57,0
20260815,130000,754509.54,754509.86,754509.38,754509.85,0
20260816,090000,758703.44,764664.1,758703.27,764664.1,0
20260816,130000,764663.84,764666.11,764663.83,764666.11,0
20260817,090000,780553.91,782328.88,780553.91,781684.07,0
20260817,130000,781684.28,781687.8,781684.28,781687.4,0
20260818,090000,788727.75,788727.75,784645.45,785800.89,0
20260818,130000,785800.9,785801.41,785800.9,785801.41,0
20260819,090000,785122.11,791967.78,784348.7,791966.4,0
20260819,130000,791966.41,792003.46,791966.34,792003.46,0
20260822,090000,805143.53,807315.09,805143.53,806198.89,0
20260822,130000,806198.87,806198.89,806187.83,806187.83,0
20260823,090000,819140.57,819380.29,811860.91,811860.91,0
20260823,130000,811860.85,811863.2,811860.85,811863.17,0
20260824,090000,810593.5,816785.32,809442.15,816080.81,0
20260824,130000,816081.26,816081.85,816081.26,816081.85,0
20260825,090000,822348.33,827834.16,822348.33,827834.16,0
20260825,130000,827834.17,827834.19,827834.17,827834.17,0
20260826,090000,844006.68,845386.23,844006.68,845384.57,0
20260826,130000,845384.55,845384.55,845384.55,845384.55,0
20260829,090000,860000.2,860000.2,856451.72,857191.21,0
20260829,130000,857191.34,857193.8,857191.34,857193.55,0
20260831,090000,850021.41,854310.64,850021.41,854248.83,0
20260831,130000,854248.67,854249.21,854248.67,854249.21,0
20260901,090000,864681.72,869434.96,855970.88,855970.88,0
20260901,130000,855970.91,855971.12,855970.87,855971.12,0
20260902,090000,835997.28,843458.59,835997.28,843458.59,0
20260902,130000,843458.63,843459.08,843458.63,843459.08,0
20260905,090000,856280.44,859069.91,853774.95,854107.91,0
20260905,130000,854108.39,854109.67,854108.39,854109.67,0
20260906,090000,868510.82,869373.32,865101.65,869373.32,0
20260906,130000,869373.33,869373.33,869373.33,869373.33,0
20260907,090000,888380.06,891749.47,888380.06,891481.64,0
20260907,130000,891481.62,891481.63,891481.62,891481.62,0
20260908,090000,912019.11,912019.11,907179.7,907502.94,0
20260908,130000,907502.08,907502.4,907502.08,907502.4,0
20260909,090000,909880.22,910986.19,905909.5,910016.32,0
20260909,130000,910016.31,910016.68,910016.3,910016.68,0
20260912,090000,923740.41,924195.39,918848.46,924195.39,0
20260912,130000,924195.38,924196.94,924195.38,924196.94,0
20260913,090000,943825.91,943985.36,938287.58,938287.58,0
20260913,130000,938287.57,938287.93,938287.56,938287.93,0
20260914,090000,939261.59,939261.59,932195.74,934318.46,0
20260914,130000,934313.83,934313.83,934236.88,934298.25,0
20260915,090000,938601.45,944935.58,938601.45,944935.58,0
20260916,090000,956884.82,956982.61,944316.45,944316.45,0
20260916,130000,944316.36,944319.75,944316.36,944319.75,0
20260919,090000,949042.12,949042.12,930544.91,930544.91,0
20260919,130000,930544.58,930544.59,930544.58,930544.59,0
20260920,090000,913622.85,913622.85,910031.24,911508.08,0
20260920,130000,911508.09,911516.39,911508.09,911511.7,0
20260921,090000,909575.91,912823.75,906893.02,906893.02,0
20260921,130000,906892.98,906896.29,906892.98,906896.29,0
