<DTYYYYMMDD>,<TIME>,<OPEN>,<HIGH>,<LOW>,<CLOSE>,<VOL>
20050606,090000,12559.8,12570.3,12559.8,12561.74,0
20050607,090000,12555.54,12558.77,12550.44,12550.44,0
20050608,090000,12541.69,12552.62,12513,12513,0
20050611,090000,12520.91,12521.21,12485.93,12485.93,0
20050612,090000,12473.99,12473.99,12444.56,12444.56,0
20050613,090000,12435.45,12435.69,12423.02,12423.02,0
20050614,090000,12417.52,12433.2,12417.52,12433.2,0
20050615,090000,12432.86,12449.51,12432.86,12449.2,0
20050618,090000,12452.11,12462.26,12452.11,12462.26,0
20050619,090000,12463.56,12463.56,12406.63,12406.63,0
20050620,090000,12402.09,12414.03,12394.74,12412.74,0
20050621,090000,12417.1,12426.32,12417.1,12424.8,0
20050622,090000,12423.91,12494.09,12423.91,12494.09,0
20050625,090000,12495.46,12495.46,12389.51,12389.51,0
20050626,090000,12369.16,12369.16,12322.72,12322.72,0
20050627,090000,12327.33,12343.67,12322.76,12343.67,0
20050628,090000,12348.1,12348.24,12340.22,12340.22,0
20050629,090000,12339.42,12339.42,12318.73,12318.73,0
20050702,090000,12308.17,12308.17,12264.73,12264.73,0
20050703,090000,12239.33,12239.33,12188.92,12188.92,0
20050704,090000,12180.22,12180.22,12149.67,12149.67,0
20050705,090000,12123.79,12123.79,12093.5,12096.6,0
20050706,090000,12090.7,12100.06,12090.7,12094.54,0
20050709,090000,12094.32,12094.32,12074.84,12074.84,0
20050711,090000,12062.74,12062.74,12034.22,12034.22,0
20050712,090000,12029.95,12029.95,11989.45,11989.45,0
20050713,090000,11963.28,11963.28,11911.57,11911.57,0
20050716,090000,11893.04,11893.04,11865.74,11865.74,0
20050717,090000,11856.63,11856.63,11819.91,11819.91,0
20050718,090000,11809.17,11809.17,11765.78,11765.78,0
20050719,090000,11758.1,11758.1,11736.17,11736.17,0
20050720,090000,11727.54,11730.71,11722.01,11730.71,0
20050723,090000,11731.91,11738.78,11723.04,11738.78,0
20050724,090000,11738.51,11749.71,11738.51,11749.57,0
20050725,090000,11753.33,11760,11753.33,11759.29,0
20050726,090000,11757.74,11757.74,11731.89,11731.89,0
20050727,090000,11717.28,11722.36,11715.84,11722.36,0
20050730,090000,11724.43,11734.63,11724.43,11734.43,0
20050731,090000,11729.83,11734.19,11693.08,11693.08,0
20050801,090000,11635.16,11635.16,11501.26,11501.26,0
20050802,090000,11407.41,11407.41,11401.04,11401.21,0
20050803,090000,11390.74,11418.64,11390.74,11395.1,0
20050806,090000,11395.27,11399.32,11394.37,11394.37,0
20050807,090000,11393.71,11397.24,11379.81,11379.81,0
20050808,090000,11375.28,11375.49,11367.27,11367.27,0
20050809,090000,11361.42,11361.42,11352.66,11352.79,0
20050810,090000,11349.39,11349.39,11345.45,11347.82,0
20050813,090000,11351.61,11351.61,11338.56,11338.56,0
20050814,090000,11335.58,11335.58,11310.49,11310.49,0
20050815,090000,11298.06,11298.06,11196.35,11196.35,0
20050816,090000,11143.31,11143.31,10946.11,10946.11,0
20050817,090000,10941.85,10941.85,10879.85,10879.85,0
20050820,090000,10680.6,10697.8,10680.6,10697.8,0
20050821,090000,10702.89,10738.47,10702.89,10738.47,0
20050822,090000,10737.03,10759.89,10737.03,10753.43,0
20050823,090000,10752.49,10765,10750.77,10765,0
20050824,090000,10770.61,10771.79,10765.68,10769.94,0
20050827,090000,10772.66,10807.24,10772.66,10805.58,0
20050828,090000,10793.87,10804.14,10793.87,10804.14,0
20050829,090000,10800.4,10800.73,10789.92,10791.56,0
20050830,090000,10789.79,10791.04,10786.71,10786.71,0
20050831,090000,10780.4,10796.91,10780.4,10796.91,0
20050903,090000,10793.85,10795.59,10777.81,10777.81,0
20050904,090000,10751.55,10751.84,10729.29,10729.29,0
20050905,090000,10722.31,10722.31,10686.72,10686.72,0
20050906,090000,10679.27,10679.27,10639.32,10639.32,0
20050907,090000,10634.59,10636.17,10633.88,10635.09,0
20050910,090000,10632.29,10638.67,10599.72,10603.14,0
20050911,090000,10601.59,10602.88,10587.09,10587.09,0
20050912,090000,10579.21,10579.21,10558.87,10558.87,0
20050913,090000,10552.53,10552.53,10535.38,10535.38,0
20050914,090000,10526.37,10526.37,10517.37,10517.53,0
20050917,090000,10514.2,10540.9,10514.2,10536.54,0
20050918,090000,10531.81,10534.79,10500.74,10500.74,0
20050919,090000,10491.29,10491.34,10476.72,10478.28,0
20050921,090000,10443.27,10443.31,10421.11,10421.11,0
20050924,090000,10411.65,10424.94,10411.65,10424.85,0
20050925,090000,10423.69,10423.69,10366.01,10366.01,0
20050926,090000,10350.15,10350.15,10282.24,10282.24,0
20050927,090000,10275.51,10275.51,10196.77,10196.77,0
20050928,090000,10191.89,10191.89,10153.17,10153.17,0
20051001,090000,10147.18,10153.73,10146.11,10153.22,0
20051002,090000,10147.77,10155.61,10143.2,10154.22,0
20051003,090000,10151.78,10156.89,10141.7,10141.7,0
20051004,090000,10140.3,10154.97,10130.55,10133.08,0
20051005,090000,10132.01,10142.31,10130.27,10141.57,0
20051008,090000,10139.27,10163.01,10139.27,10159.82,0
20051009,090000,10162.81,10188.57,10162.81,10184.27,0
20051010,090000,10175.9,10175.9,10152.33,10152.33,0
20051011,090000,10144.37,10145.3,10113.56,10113.56,0
20051012,090000,10106.46,10106.46,10088.74,10088.74,0
20051015,090000,10084.58,10084.9,10083.03,10083.03,0
20051016,090000,10076.19,10076.19,10067.88,10067.88,0
20051017,090000,10061.79,10061.79,10045.86,10045.86,0
20051018,090000,10042.53,10042.53,10020.43,10020.43,0
20051019,090000,10014.06,10023.86,10012.71,10023.86,0
20051022,090000,10028.39,10033.84,10027.56,10032.34,0
20051023,090000,10031.9,10036.66,10030.49,10034.64,0
20051024,090000,10033.44,10033.44,10011.86,10011.86,0
20051026,090000,10013.78,10017.26,10013.78,10014.39,0
20051029,090000,10015.05,10015.05,9999.68,10003.52,0
20051030,090000,10021.94,10021.94,10004.13,10004.13,0
20051031,090000,10000.42,10000.88,9970.03,9970.03,0
20051101,090000,9960.11,9960.11,9919.13,9919.13,0
20051102,090000,9915.85,9915.85,9868.26,9868.26,0
20051105,090000,9864.81,9864.81,9861.95,9862.61,0
20051106,090000,9868.78,9881.23,9868.78,9880.94,0
20051107,090000,9882.25,9882.25,9868.92,9869.04,0
20051108,090000,9866.99,9866.99,9847.6,9847.76,0
20051109,090000,9842.39,9842.39,9827.45,9827.45,0
20051112,090000,9817.99,9829.29,9817.83,9829.29,0
20051113,090000,9828.78,9828.78,9825.58,9825.58,0
20051114,090000,9820.78,9821,9807.73,9807.73,0
20051115,090000,9810.57,9810.65,9805.93,9805.93,0
20051116,090000,9802.76,9804.8,9802.43,9804.8,0
20051119,090000,9806.09,9806.09,9804.78,9805.08,0
20051120,090000,9804.62,9804.62,9802.6,9802.6,0
20051121,090000,9799.65,9799.65,9787.39,9792.29,0
20051122,090000,9788.67,9789.38,9784.69,9789.38,0
20051123,090000,9789.46,9810.03,9789.46,9806.37,0
20051126,090000,9812.02,9936.26,9812.02,9852.52,0
20051127,090000,9894.89,9978.7,9894.4,9978.7,0
20051129,090000,9978.58,10027.3,9978.58,10027.3,0
20051130,090000,10035.24,10072.98,10032.67,10072.98,0
20051203,090000,10083.61,10218.43,10083.61,10218.43,0
20051204,090000,10251.51,10365.95,10251.51,10365.95,0
20051205,090000,10404.13,10476.03,10404.13,10448.36,0
20051206,090000,10453.09,10455.1,10427.27,10427.81,0
20051210,090000,10426.16,10427.32,10365.84,10365.84,0
20051211,090000,10362.11,10362.11,10347.67,10351.83,0
20051212,090000,10349.53,10359.67,10349.53,10355.08,0
20051213,090000,10353.65,10355.37,10342.58,10342.58,0
20051214,090000,10337.24,10337.26,10321.01,10321.99,0
20051217,090000,10316.17,10318.63,10285.16,10285.16,0
20051218,090000,10276.04,10276.41,10253.3,10253.3,0
20051219,090000,10250.55,10257.6,10250.55,10257.6,0
20051220,090000,10259.55,10271.34,10259.07,10267.53,0
20051221,090000,10272.25,10300.73,10272.16,10299.95,0
20051224,090000,10304.25,10336.74,10304.25,10336.25,0
20051225,090000,10342.03,10345.76,10338.4,10338.4,0
20051226,090000,10321.07,10323.12,10310.11,10310.11,0
20051227,090000,10300.34,10300.64,10272.6,10272.6,0
20051228,090000,10267.55,10267.91,10257.25,10257.25,0
20051231,090000,10254.97,10265.88,10254.97,10260.56,0
20060101,090000,10259,10260.27,10250.93,10250.94,0
20060102,090000,10248.29,10248.49,10236.07,10236.38,0
20060103,090000,10233.52,10239.12,10233.52,10236.36,0
20060104,090000,10236.55,10236.6,10225.3,10225.37,0
20060107,090000,10221.81,10222.21,10193.83,10193.83,0
20060108,090000,10188.21,10189.12,10167.24,10167.24,0
20060109,090000,10165.47,10168.87,10162.6,10162.6,0
20060110,090000,10155.15,10155.15,10141.73,10141.73,0
20060114,090000,10141.37,10141.37,10111.16,10111.54,0
20060115,090000,10111.23,10111.79,10106.36,10106.48,0
20060116,090000,10104.63,10106.02,10101.42,10101.52,0
20060117,090000,10100.12,10110.89,10100.12,10110.23,0
20060118,090000,10110.84,10112.2,10107.97,10107.97,0
20060121,090000,10107.64,10108.23,10105.2,10105.2,0
20060122,090000,10104.35,10106.32,10104.06,10104.69,0
20060123,090000,10103.29,10103.97,10095.47,10095.47,0
20060124,090000,10088.45,10088.45,10079.57,10079.57,0
20060125,090000,10076.22,10076.22,10070.06,10070.06,0
20060128,090000,10068.07,10070.44,10067.28,10067.56,0
20060129,090000,10065.21,10081.17,10065.21,10078.6,0
20060130,090000,10077.95,10079.41,10076.18,10076.18,0
20060131,090000,10076.05,10076.05,10051.72,10051.72,0
20060201,090000,10048.22,10048.22,10037.37,10037.37,0
20060204,090000,10033.58,10033.65,10018.7,10018.7,0
20060205,090000,10014.36,10014.36,9980.85,9980.85,0
20060206,090000,9973.13,9973.13,9944.49,9944.49,0
20060207,090000,9938.42,9938.42,9925.98,9925.98,0
20060212,090000,9923.41,9923.41,9907.7,9907.7,0
20060213,090000,9903.83,9903.83,9877.97,9877.97,0
20060214,090000,9873.69,9873.69,9867.51,9867.51,0
20060215,090000,9866.18,9866.18,9862.5,9862.56,0
20060218,090000,9862.08,9862.09,9860.1,9860.29,0
20060219,090000,9860.49,9868.56,9860.21,9867.27,0
20060220,090000,9868.43,9869.87,9868.37,9869.08,0
20060221,090000,9869.26,9869.86,9867.64,9867.64,0
20060222,090000,9867.91,9868.7,9867.91,9868.36,0
20060225,090000,9868.72,9868.77,9868.07,9868.13,0
20060226,090000,9868.35,9868.59,9867.45,9868.59,0
20060227,090000,9868.57,9876.65,9867.03,9876.65,0
20060228,090000,9855.18,9860.42,9855.18,9859.67,0
20060301,090000,9859.22,9859.59,9853.12,9853.16,0
20060304,090000,9852.97,9853.49,9845.94,9845.94,0
20060305,090000,9842.2,9842.2,9837.49,9837.49,0
20060306,090000,9837.44,9837.84,9835.54,9835.55,0
20060307,090000,9835.44,9839.46,9835.44,9838.85,0
20060308,090000,9838.96,9839.04,9837.06,9837.98,0
20060311,090000,9838.33,9838.33,9833.32,9833.37,0
20060312,090000,9831.62,9831.62,9826.63,9826.75,0
20060313,090000,9826.26,9826.26,9822.81,9823.55,0
20060314,090000,9823.54,9823.61,9821.36,9821.39,0
20060315,090000,9820.79,9820.8,9819.75,9819.75,0
20060318,090000,9820.32,9822.19,9741.95,9743.9,0
20060319,090000,9727.07,9734.07,9486.71,9487.43,0
20060325,090000,9459.74,9462.65,9459.74,9462.65,0
20060326,090000,9463.02,9465.3,9462.56,9465.3,0
20060327,090000,9466.33,9469.78,9466.33,9469.62,0
20060328,090000,9473.17,9481.01,9473.17,9480.95,0
20060403,090000,9480.93,9483.02,9480.93,9482.56,0
20060404,090000,9482.23,9482.23,9480.96,9481.31,0
20060405,090000,9480.67,9480.67,9479.25,9479.36,0
20060408,090000,9482.19,9487.61,9481.82,9487.37,0
20060409,090000,9488.14,9502.82,9488.14,9502.82,0
20060410,090000,9494.4,9503.12,9494.27,9502.27,0
20060411,090000,9502.7,9504.46,9498.25,9504.46,0
20060412,090000,9506.18,9513.42,9504.16,9513.42,0
20060415,090000,9515.97,9522.86,9515.97,9522.68,0
20060417,090000,9526.01,9526.4,9524.79,9524.8,0
20060418,090000,9526.78,9526.83,9520.96,9521.08,0
20060419,090000,9516.86,9516.86,9513.99,9514.3,0
20060422,090000,9515.11,9515.11,9513.65,9514.34,0
20060423,090000,9514.37,9515.12,9513.18,9513.45,0
20060424,090000,9514.67,9515.68,9510.38,9511.53,0
20060425,090000,9512.16,9513.61,9511.81,9513.61,0
20060426,090000,9514.03,9527.9,9514.03,9515.32,0
20060429,090000,9513.43,9513.71,9510.07,9510.07,0
20060430,090000,9509.65,9509.65,9506.12,9506.2,0
20060501,090000,9502.17,9502.18,9500.84,9501.08,0
20060502,090000,9496.78,9497.34,9496.65,9496.91,0
20060503,090000,9497.23,9498.19,9495.93,9496.01,0
20060506,090000,9495.47,9495.83,9493.06,9493.35,0
20060507,090000,9493.87,9494.2,9492.64,9493.78,0
20060508,090000,9495.25,9496.98,9495.25,9496.95,0
20060509,090000,9497.23,9501.57,9497.02,9498.76,0
20060510,090000,9499.88,9509.55,9499.88,9505.54,0
20060513,090000,9492.02,9504.39,9492.02,9500.5,0
20060514,090000,9504.14,9523.07,9504.14,9522.76,0
20060515,090000,9519.08,9534.67,9519.08,9532.67,0
20060516,090000,9534.14,9538.47,9530.92,9530.92,0
20060517,090000,9529.65,9552.45,9524.37,9548.4,0
20060520,090000,9536.25,9536.25,9531.39,9531.43,0
20060521,090000,9530.93,9530.93,9523.32,9523.32,0
20060522,090000,9522.05,9525.31,9516.71,9520.1,0
20060523,090000,9518.71,9518.71,9508.92,9508.92,0
20060524,090000,9508.11,9508.11,9503.16,9503.29,0
20060527,090000,9502.31,9513.8,9502.01,9513.8,0
20060528,090000,9516.05,9524.5,9516.05,9524,0
20060529,090000,9519.66,9524.62,9519.66,9524.43,0
20060530,090000,9524.93,9526.97,9524.73,9526.06,0
20060531,090000,9528.83,9537.08,9528.83,9536.21,0
20060603,090000,9538.48,9545.31,9538.48,9543.46,0
20060606,090000,9542.06,9545.9,9541.14,9545.9,0
20060607,090000,9548.73,9565.14,9548.63,9563.79,0
20060610,090000,9540.27,9559.12,9540.27,9559.12,0
20060611,090000,9563.86,9576.6,9563.86,9575.86,0
20060612,090000,9579.9,9598.4,9579.9,9587.05,0
20060613,090000,9591.59,9625.07,9564.57,9564.69,0
20060614,090000,9569.72,9570.75,9567,9568.92,0
20060617,090000,9570.7,9571.27,9566.78,9569.59,0
20060618,090000,9567.24,9567.24,9558.73,9558.73,0
20060619,090000,9550.94,9552.55,9549.11,9549.69,0
20060620,090000,9548.13,9554.15,9548.13,9554.1,0
20060621,090000,9552.81,9569.2,9541.94,9569.2,0
20060624,090000,9576.93,9590.35,9576.93,9579.51,0
20060625,090000,9580.02,9598.16,9580.02,9598.16,0
20060626,090000,9603.16,9615.85,9603.16,9615.85,0
20060627,090000,9604.59,9608.85,9604.59,9607.83,0
20060628,090000,9606.9,9607.57,9600.27,9600.27,0
20060701,090000,9599.01,9599.23,9592.31,9592.31,0
20060702,090000,9590.85,9592.34,9584.37,9588.39,0
20060703,090000,9588.14,9588.68,9580.06,9580.06,0
20060704,090000,9579.56,9590.36,9579.24,9583.31,0
20060705,090000,9580.42,9591.3,9580.42,9591.24,0
20060708,090000,9595.94,9601.75,9595.94,9600.92,0
20060709,090000,9601.72,9605.96,9601.72,9605.91,0
20060710,090000,9606.9,9626.01,9605.51,9614.06,0
20060711,090000,9615.13,9635.02,9615.1,9635.02,0
20060712,090000,9621.02,9648.81,9620.94,9648.77,0
20060715,090000,9547.92,9553.21,9543.71,9545.25,0
20060716,090000,9546,9546.15,9541.44,9542.31,0
20060717,090000,9540.46,9540.88,9534.86,9535.45,0
20060718,090000,9533.88,9533.88,9531.74,9531.75,0
20060719,090000,9529.52,9535.92,9529.52,9533.4,0
20060722,090000,9530.67,9533.77,9528.59,9530.99,0
20060723,090000,9531.79,9539.99,9531.79,9539.99,0
20060724,090000,9539.28,9556.25,9357.16,9357.16,0
20060725,090000,9295.14,9301.89,9294.21,9301.89,0
20060726,090000,9304.89,9313.23,9029.72,9064.97,0
20060729,090000,9069.34,9098.49,9068.29,9095.59,0
20060730,090000,9095.76,9102.45,9095.66,9101.95,0
20060731,090000,9102.32,9106.16,9101.48,9102.66,0
20060801,090000,9105.06,9111.4,9101.1,9101.1,0
20060802,090000,9097.7,9136.17,9097.09,9121.76,0
20060805,090000,9110.4,9113.39,9110.23,9110.78,0
20060806,090000,9108.93,9173.88,9104.99,9150.46,0
20060807,090000,9155.81,9156.86,9151.76,9152.47,0
20060809,090000,9153.93,9156.48,9153.41,9155.58,0
20060812,090000,9155.06,9155.28,9150.83,9153.04,0
20060813,090000,9154.8,9159.27,9153.17,9159.27,0
20060814,090000,9160.92,9162.85,9157.99,9160.43,0
20060815,090000,9165.75,9179.15,9165.42,9179.15,0
20060816,090000,9181.24,9193.31,9181.24,9193.31,0
20060819,090000,9197.52,9207.72,9197.52,9207.48,0
20060820,090000,9208.19,9216.6,9207.59,9216.47,0
20060821,090000,9217.96,9223.19,9217.96,9223.08,0
20060823,090000,9226.51,9231.4,9226.51,9229.14,0
20060826,090000,9231.64,9238.38,9231.64,9238.38,0
20060827,090000,9239.59,9255.55,9239.59,9255.55,0
20060828,090000,9260.1,9267.73,9258.54,9267.73,0
20060829,090000,9270.08,9277.01,9270.08,9277.01,0
20060830,090000,9287.23,9300.29,9287.23,9300.29,0
20060902,090000,9302.37,9313.18,9302.37,9313.18,0
20060903,090000,9318.84,9336.05,9318.83,9336.05,0
20060904,090000,9339.12,9357.89,9251.87,9284.47,0
20060905,090000,9264.92,9283.34,9264.92,9283.26,0
20060906,090000,9286.97,9309.73,9286.97,9309.52,0
20060910,090000,9312.05,9321.61,9312.05,9320.4,0
20060911,090000,9324.37,9336.83,9324.37,9325.11,0
20060912,090000,9325.36,9326.35,9320.13,9325.7,0
20060913,090000,9329.98,9352,9329.98,9352,0
20060916,090000,9360.84,9398.97,9360.84,9398.97,0
20060917,090000,9407.29,9431.15,9407.29,9431.15,0
20060918,090000,9441.56,9465.34,9441.56,9465.34,0
20060919,090000,9469.65,9479.77,9469.24,9479.69,0
20060920,090000,9488.47,9495.29,9488.47,9495.29,0
20060923,090000,9501.34,9505.19,9501.34,9503.32,0
20060924,090000,9507.34,9516.95,9507.34,9512.58,0
20060925,090000,9514.74,9518.58,9514.03,9518.14,0
20060926,090000,9520.59,9525.56,9518.7,9525.56,0
20060927,090000,9530.71,9539.93,9530.11,9539.36,0
20060930,090000,9548.48,9556.07,9548.48,9555.5,0
20061001,090000,9556.12,9562.49,9556.12,9562.15,0
20061002,090000,9564.13,9565.64,9564.05,9565.27,0
20061003,090000,9568.1,9570.91,9566.8,9566.8,0
20061004,090000,9579.16,9658.62,9579.16,9658.37,0
20061007,090000,9654.14,9659.27,9647.06,9647.06,0
20061008,090000,9650.4,9658.99,9640.93,9657.84,0
20061009,090000,9655.1,9655.1,9642.08,9652.7,0
20061010,090000,9660.51,9666.53,9649.38,9649.38,0
20061011,090000,9643.84,9643.84,9630.77,9630.77,0
20061014,090000,9629.82,9630.4,9618.32,9618.32,0
20061016,090000,9612.59,9612.59,9599.69,9599.69,0
20061017,090000,9598.25,9598.54,9574.94,9579.13,0
20061018,090000,9579.12,9588.89,9578.23,9586.07,0
20061021,090000,9586.1,9591.33,9586.02,9591.33,0
20061022,090000,9591.02,9601.23,9589.22,9589.22,0
20061023,090000,9589,9612.6,9589,9612.6,0
20061028,090000,9613.45,9625.42,9613.45,9623.75,0
20061029,090000,9623.81,9624.62,9612.71,9612.78,0
20061030,090000,9609.7,9616.3,9607.94,9614.74,0
20061031,090000,9613.65,9617.26,9613.65,9613.65,0
20061101,090000,9613.52,9627.36,9612.82,9626.67,0
20061104,090000,9626.33,9645.23,9626.33,9639.17,0
20061105,090000,9639.6,9642.06,9638.04,9640.59,0
20061106,090000,9639.24,9645.55,9638.91,9645.09,0
20061107,090000,9648.84,9662.12,9648.84,9661.34,0
20061108,090000,9661.88,9674.8,9661.88,9674.26,0
20061111,090000,9681.58,9688.16,9654.63,9656.17,0
20061112,090000,9653.05,9656.43,9649.59,9652.01,0
20061113,090000,9649.15,9653.31,9646.04,9651.06,0
20061114,090000,9656.49,9656.49,9650.76,9654.62,0
20061115,090000,9656.3,9662.66,9656.07,9660.57,0
20061118,090000,9663.8,9666.92,9660.58,9661.03,0
20061119,090000,9673.73,9677.88,9673.73,9675.95,0
20061120,090000,9677.37,9682.98,9674.78,9674.78,0
20061121,090000,9670.25,9677.2,9670.1,9672.49,0
20061122,090000,9672.55,9693.09,9672.55,9692.3,0
20061125,090000,9694.18,9726.92,9694.18,9712.83,0
20061126,090000,9713.48,9717.85,9713.48,9716.66,0
20061127,090000,9718.77,9728.94,9718.34,9728.9,0
20061128,090000,9731.43,9757.6,9731.43,9741.81,0
20061129,090000,9735.32,9757.57,9735.32,9757.57,0
20061202,090000,9760.48,9781.45,9760.48,9780.83,0
20061203,090000,9782.28,9800.02,9782.28,9794.47,0
20061204,090000,9799.49,9809.34,9799.49,9800.47,0
20061205,090000,9801.8,9811.91,9789.63,9802.26,0
20061206,090000,9798.91,9812.9,9798.18,9812.9,0
20061209,090000,9814.03,9846.05,9814.03,9846.02,0
20061210,090000,9850.79,9874.56,9850.79,9872.86,0
20061211,090000,9875.31,9878.95,9872.21,9873.81,0
20061212,090000,9879.44,10064.51,9879.44,10003.16,0
20061213,090000,9996.56,10032.74,9996.56,10032.74,0
20061216,090000,10037.9,10091.75,10037.9,10071.51,0
20061217,090000,10073.35,10081.19,10066.57,10081.19,0
20061218,090000,10079.34,10092.32,10066.15,10066.15,0
20061219,090000,10068.5,10083.01,10068.5,10069.82,0
20061220,090000,10077.03,10091.32,10071.72,10078.66,0
20061223,090000,10078.47,10081.02,10073.77,10073.77,0
20061224,090000,10076.51,10077.26,10059.09,10059.09,0
20061225,090000,10062.8,10080.74,10054.88,10073.23,0
20061226,090000,10075.58,10081.34,10070.74,10070.74,0
20061227,090000,10069.27,10084.04,10060.19,10077.11,0
20061230,090000,10075.46,10075.66,10071.32,10075.42,0
20070101,090000,10074.49,10074.68,10066.13,10067.6,0
20070102,090000,10060.07,10060.07,10033.96,10036.54,0
20070103,090000,10026.06,10041.66,10022.99,10028.82,0
20070106,090000,10032.02,10032.02,10030.29,10030.64,0
20070107,090000,10027.01,10028.41,10021.48,10021.48,0
20070109,090000,10017.95,10018.41,10011.15,10011.16,0
20070110,090000,10006.09,10006.46,9992.31,9992.31,0
20070113,090000,9992.39,9996.38,9991.92,9994.24,0
20070114,090000,9990.06,9994.05,9989.81,9993.31,0
20070115,090000,9993.11,9993.11,9986.39,9986.42,0
20070116,090000,9985.67,9986.47,9977.9,9977.95,0
20070117,090000,9975.67,9999.81,9969.03,9971.66,0
20070120,090000,9969.45,10128.21,9966.11,10013.56,0
20070121,090000,10012.36,10012.36,10004.83,10004.97,0
20070122,090000,10003.37,10007.4,10003.01,10006.62,0
20070123,090000,10003.44,10009.26,10003.44,10006.15,0
20070124,090000,10004.44,10022.95,10002.89,10016.8,0
20070127,090000,9994.19,9994.19,9981.52,9981.8,0
20070128,090000,9984.42,10009.43,9980.53,9995.28,0
20070131,090000,9984.49,9988.31,9984.48,9986.11,0
20070203,090000,9986.66,9986.74,9820.84,9851.85,0
20070204,090000,9848.61,9848.61,9837.92,9837.92,0
20070205,090000,9844.26,9844.26,9836.81,9837.7,0
20070206,090000,9846.47,9858.08,9845.74,9857.63,0
20070207,090000,9857.02,9882.7,9857.02,9880.36,0
20070210,090000,9871.9,9887.68,9871.9,9887.24,0
20070212,090000,9885.67,9887.86,9885.57,9887.86,0
20070213,090000,9888.2,9905.15,9887.76,9904.94,0
20070214,090000,9911.15,9925.38,9911.12,9924.76,0
20070217,090000,9924.19,9937.52,9924.05,9935.97,0
20070218,090000,9935.65,9936.42,9934.32,9934.59,0
20070219,090000,9936.97,9937.65,9935.59,9937.65,0
20070220,090000,9940.12,9948.12,9936.23,9948.12,0
20070221,090000,9950.49,9957.68,9950.49,9957.68,0
20070224,090000,9961.74,10007.72,9961.74,10007.72,0
20070225,090000,9965.05,9976.97,9926.27,9929.66,0
20070226,090000,9893.26,9896.1,9893.26,9895.89,0
20070227,090000,9896.07,9904.4,9895.34,9904.37,0
20070228,090000,9886.55,9902.69,9885.52,9902.69,0
20070303,090000,9893.99,9915.51,9890.34,9915.51,0
20070304,090000,9915.99,9916.35,9910.55,9911.98,0
20070305,090000,9911.86,9912.07,9909.13,9911.74,0
20070306,090000,9909.46,9909.46,9900.97,9900.97,0
20070307,090000,9905.26,9905.26,9897.47,9897.74,0
20070311,090000,9894.86,9894.95,9884.13,9884.13,0
20070312,090000,9885.21,9896.27,9881.37,9887.92,0
20070313,090000,9800.83,9831.33,9800.7,9817.71,0
20070314,090000,9800.54,9800.89,9785.55,9792.24,0
20070317,090000,9794.08,9795.12,9788.62,9795,0
20070319,090000,9799.08,9819.87,9799.08,9819.87,0
20070325,090000,9821.04,9838.79,9821.04,9829.38,0
20070326,090000,9831.98,9835.77,9831.71,9835.77,0
20070327,090000,9836.94,9841.07,9836.49,9841.06,0
20070328,090000,9837.88,9842.02,9837.86,9842.02,0
20070331,090000,9846.94,9854.42,9846.94,9854.41,0
20070403,090000,9857.73,9866.86,9857.73,9866.86,0
20070404,090000,9863.61,9873.47,9863.61,9873.47,0
20070407,090000,9877.36,9883.61,9877.36,9878.74,0
20070408,090000,9836.49,9842.5,9831.15,9840.8,0
20070409,090000,9843.03,9852.13,9843.03,9847.77,0
20070410,090000,9792.32,9801.72,9791.38,9796.23,0
20070411,090000,9792.45,9792.45,9781.78,9781.78,0
20070414,090000,9782.32,9782.45,9778.34,9778.38,0
20070415,090000,9775.54,9779.4,9773.97,9774.8,0
20070416,090000,9774.2,9775.04,9768.69,9768.69,0
20070417,090000,9765.86,9766.43,9758.54,9758.54,0
20070418,090000,9756.74,9757.64,9747.36,9748.55,0
20070421,090000,9747.31,9752.56,9746.89,9752.56,0
20070422,090000,9754.35,9762.78,9753.23,9762.73,0
20070423,090000,9764.09,9766.7,9738.09,9752.14,0
20070424,090000,9752.06,9756.12,9751.2,9755.6,0
20070425,090000,9755.45,9767.89,9755.05,9761.32,0
20070428,090000,9758.66,9768.88,9756.81,9761.13,0
20070429,090000,9758.56,9770.37,9757.55,9757.77,0
20070430,090000,9755.73,9767.98,9755.73,9760.47,0
20070501,090000,9758.44,9758.44,9751.26,9754.81,0
20070502,090000,9753.55,9759.49,9751.2,9759.49,0
20070505,090000,9758.24,9771.14,9757.38,9760.84,0
20070506,090000,9760.42,9770.61,9583.96,9583.96,0
20070507,090000,9560.54,9574,9560.45,9564.84,0
20070508,090000,9564.12,9576.18,9563.89,9574.92,0
20070509,090000,9575.35,9589.47,9575.15,9580.7,0
20070512,090000,9580.3,9589.81,9513.39,9515.2,0
20070513,090000,9514.99,9524.96,9514.99,9524.95,0
20070514,090000,9527.92,9540.45,9527.92,9532.67,0
20070515,090000,9531.67,9531.97,9511.53,9511.53,0
20070516,090000,9502.61,9504.87,9484.33,9490.98,0
20070519,090000,9496.39,9496.39,9477.94,9477.94,0
20070520,090000,9475.67,9475.67,9456.94,9458.82,0
20070521,090000,9454.48,9460.07,9454.18,9455.71,0
20070522,090000,9454.57,9456.33,9452.52,9452.52,0
20070523,090000,9457.15,9457.15,9432.98,9433.01,0
20070526,090000,9432.61,9432.87,9416.08,9416.08,0
20070527,090000,9413.2,9413.2,9339.84,9342.89,0
20070528,090000,9269.52,9269.52,9264.32,9264.32,0
20070529,090000,9263.1,9268.96,9262.69,9268.96,0
20070530,090000,9270.31,9292.93,9270.31,9290.96,0
20070602,090000,9286.7,9292.48,9285.68,9287.68,0
20070603,090000,9291.97,9296.6,9291.97,9296.6,0
20070606,090000,9301.93,9305.19,9301.93,9305.19,0
20070609,090000,9302.63,9303.32,9296.9,9296.9,0
20070610,090000,9289.81,9290.4,9286.23,9288.78,0
20070611,090000,9291.7,9322.31,9287.2,9316.43,0
20070612,090000,9294.82,9295.66,9285.04,9285.04,0
20070613,090000,9289.47,9311.05,9289.47,9309.41,0
20070616,090000,9298,9314.83,9298,9311.51,0
20070617,090000,9308.26,9322.7,9293.84,9293.84,0
20070619,090000,9309.47,9312.49,9304.92,9305.48,0
20070620,090000,9302.88,9303.04,9291.43,9292.14,0
20070623,090000,9290.71,9308.28,9290.02,9307.41,0
20070624,090000,9311.82,9332.88,9200.11,9200.11,0
20070625,090000,9155.15,9161.84,9154.16,9158.3,0
20070626,090000,9155.62,9156.13,9119.68,9119.68,0
20070627,090000,9113.71,9113.71,9076.42,9076.42,0
20070630,090000,9067.02,9092.14,9067.02,9091.29,0
20070701,090000,9084.57,9094.91,9080.58,9094.67,0
20070702,090000,9103.83,9120.52,9103.28,9118.58,0
20070703,090000,9127.69,9135.57,9127.38,9134.82,0
20070704,090000,9147.76,9150.48,9145.59,9146.04,0
20070707,090000,9154.62,9156.28,9126.92,9126.92,0
20070708,090000,9136.87,9149.1,9136.87,9144.86,0
20070709,090000,9158.35,9175.84,9158.35,9172.52,0
20070710,090000,9179.68,9192.69,9175.97,9187.97,0
20070711,090000,9199.66,9218.13,9199.66,9212.06,0
20070714,090000,9222.74,9246.69,9222.74,9224.52,0
20070715,090000,9237.04,9246.23,9235.38,9235.98,0
20070716,090000,9234.44,9248.95,9234.25,9240.57,0
20070717,090000,9238.74,9255.4,9238.58,9252.46,0
20070718,090000,9246.38,9248.11,9068.23,9068.23,0
20070721,090000,9066.25,9086.06,9066.25,9085.25,0
20070722,090000,9085.81,9106.89,9085.8,9105.05,0
20070723,090000,9103.58,9122.94,9103.58,9116.04,0
20070724,090000,9106.46,9124.3,9106.46,9123.26,0
20070725,090000,9118.75,9137.79,9075.05,9083.34,0
20070729,090000,9116.61,9161.76,9116.61,9160.94,0
20070730,090000,9165.2,9220.18,9165.2,9219.19,0
20070731,090000,9210.43,9238.07,9210.42,9237.15,0
20070801,090000,9102.83,9128.12,9102.65,9107.46,0
20070804,090000,9106.8,9151.98,9106.8,9151.98,0
20070805,090000,9156.45,9184.08,9156.45,9181.99,0
20070806,090000,9181.26,9283.84,9181.26,9273.96,0
20070807,090000,9278.21,9297.21,9278.21,9293.5,0
20070808,090000,9296.48,9315.76,9296.48,9313.76,0
20070812,090000,9313.17,9336.43,9313.17,9336.43,0
20070813,090000,9342.61,9370.95,9342.61,9370.83,0
20070814,090000,9390.59,9410.34,9390.59,9400.68,0
20070815,090000,9410.49,9441.52,9410.49,9441,0
20070818,090000,9449.1,9450.62,9425.24,9437.95,0
20070819,090000,9436.45,9473.97,9436.45,9473.97,0
20070820,090000,9478.54,9489.17,9405.79,9433.06,0
20070821,090000,9436.59,9464.47,9436.59,9462.41,0
20070822,090000,9475.33,9502.06,9475.33,9501,0
20070825,090000,9503.17,9528.78,9503.17,9528.5,0
20070826,090000,9537.66,9544.97,9537.66,9538.78,0
20070827,090000,9544.53,9579.35,9543.15,9578.15,0
20070828,090000,9580.91,9606.37,9580.91,9605.82,0
20070901,090000,9615.91,9629.67,9615.91,9626.48,0
20070902,090000,9630.43,9637.45,9630.43,9636.29,0
20070903,090000,9647.12,9655.96,9647.12,9655.93,0
20070904,090000,9674.11,9695.49,9674.11,9695.45,0
20070905,090000,9704.63,9736.57,9703.27,9736.57,0
20070908,090000,9747.34,9802.74,9747.34,9802.65,0
20070909,090000,9807.09,9811.42,9806.1,9806.63,0
20070910,090000,9808.5,10022.94,9802.37,9987.54,0
20070911,090000,9999.4,10024.54,9997.13,10011.76,0
20070912,090000,10009.07,10012.65,9994.8,9999.07,0
20070915,090000,10002.14,10013.25,9984.62,10012.94,0
20070916,090000,10016.64,10020.92,10011.4,10011.4,0
20070917,090000,10010.43,10033.6,10010.43,10027.02,0
20070918,090000,10018.12,10098.23,10017.17,10075.29,0
20070919,090000,10076.39,10076.43,10056.69,10058.27,0
20070922,090000,10063.77,10148.54,10063.77,10147.63,0
20070923,090000,10149.53,10184.76,10149.53,10183.55,0
20070924,090000,10185.67,10202.69,10185.6,10199.68,0
20070925,090000,10206.96,10238.09,10206.96,10238.09,0
20070926,090000,10247.1,10261.49,10242.42,10242.95,0
20070929,090000,10241.2,10257.52,10238.92,10238.92,0
20070930,090000,10235.95,10235.95,10203.3,10203.3,0
20071001,090000,10192.59,10198.66,10177.98,10178.2,0
20071002,090000,10167.84,10203.89,10161.01,10203.57,0
20071006,090000,10210.36,10225.69,10204.87,10221.55,0
20071007,090000,10248.79,10285.32,10247.66,10278.1,0
20071008,090000,10288.28,10322.82,10288.17,10312.57,0
20071009,090000,10313.43,10314.73,10298.54,10298.54,0
20071010,090000,10297.5,10315.05,10290.34,10314.59,0
20071014,090000,10318.99,10334.23,10317.59,10326.22,0
20071015,090000,10319.67,10322.28,10298.41,10306.67,0
20071016,090000,10301.57,10314.41,10300.11,10300.11,0
20071017,090000,10298.12,10333.35,10298.12,10317.71,0
20071020,090000,10323.35,10403.74,10322.23,10394.35,0
20071021,090000,10387.19,10390.74,10361.63,10368.24,0
20071022,090000,10366.44,10387.31,10361.95,10377.61,0
20071023,090000,10370.37,10397.5,10361.97,10361.97,0
20071024,090000,10358.71,10388.02,10358.59,10387.64,0
20071027,090000,10389.19,10395.07,10373.44,10373.44,0
20071028,090000,10362.11,10367.27,10314.1,10314.1,0
20071029,090000,10309.5,10309.5,10263.43,10278.41,0
20071030,090000,10270.3,10270.3,10250.8,10264.76,0
20071031,090000,10259.6,10265.28,10237.42,10237.42,0
20071103,090000,10233.75,10427.54,10226.82,10350.24,0
20071104,090000,10330.82,10330.82,10250.36,10250.36,0
20071105,090000,10245.55,10249.2,10223.9,10223.9,0
20071107,090000,10216.02,10216.02,10204.62,10204.75,0
20071110,090000,10202.85,10202.85,10194.78,10194.81,0
20071111,090000,10191.1,10191.1,10166.78,10167.23,0
20071112,090000,10162.4,10163.42,10119.3,10120.48,0
20071113,090000,10117.9,10117.9,10089.62,10092.41,0
20071114,090000,10089.92,10089.92,10078.38,10078.45,0
20071117,090000,10049.44,10079.78,10047.59,10065.42,0
20071118,090000,10047.85,10047.85,9999.85,9999.85,0
20071119,090000,9997.76,9997.76,9977.98,9978.62,0
20071120,090000,9941.55,9945.29,9916.69,9918.17,0
20071121,090000,9926.89,9932.19,9917.76,9931.85,0
20071124,090000,9958.93,9962.63,9945.42,9953.09,0
20071125,090000,9954.15,9954.15,9878.5,9880.12,0
20071126,090000,9882.38,9890.32,9870.88,9870.88,0
20071127,090000,9841.07,9841.07,9830.51,9830.51,0
20071128,090000,9829.77,9830.07,9822.9,9824.1,0
20071201,090000,9802.73,9802.73,9784.41,9784.41,0
20071202,090000,9781.49,9781.78,9672.71,9698.98,0
20071203,090000,9690.15,9690.15,9627.34,9629.14,0
20071204,090000,9635.14,9635.14,9613.3,9613.3,0
20071205,090000,9609.46,9609.46,9583.1,9590.21,0
20071208,090000,9594.13,9603.81,9593.2,9603.81,0
20071209,090000,9604.44,9624.74,9604.44,9623.6,0
20071210,090000,9639.41,9663.65,9639.41,9659.79,0
20071211,090000,9674.33,9723.52,9674.33,9720.32,0
20071212,090000,9716.17,9723.37,9713.84,9717.03,0
20071215,090000,9708.18,9748.8,9698.05,9705.89,0
20071216,090000,9704.1,9709.74,9701.2,9707.17,0
20071217,090000,9719.08,9727.84,9708.83,9709.12,0
20071218,090000,9715.24,9715.24,9703.5,9703.5,0
20071219,090000,9709.52,9718.05,9695.29,9695.29,0
20071222,090000,9700.14,9701.83,9683.83,9701.83,0
20071223,090000,9700.91,9705.94,9700.09,9700.35,0
20071224,090000,9704.59,9715.78,9704.59,9711.58,0
20071225,090000,9712.84,9721.82,9698.55,9698.75,0
20071226,090000,9716.43,9742.14,9716.43,9725.55,0
20071230,090000,9739.34,9746.72,9722.4,9746.72,0
20071231,090000,9751.48,9755.57,9719.51,9722.08,0
20080101,090000,9736.63,9737.08,9717.89,9731.61,0
20080102,090000,9740.62,9781.34,9740.62,9781.34,0
20080105,090000,9794.29,9837.35,9793.77,9837.35,0
20080106,090000,9854.53,9871.35,9854.53,9856.38,0
20080108,090000,9857.17,9870.92,9857.17,9870.92,0
20080109,090000,9881.45,9915.68,9881.45,9915.68,0
20080112,090000,9927.55,9968.86,9927.55,9966.03,0
20080113,090000,9975.48,9999.52,9975.22,9999.46,0
20080114,090000,10035.21,10064.53,10035.21,10064.53,0
20080115,090000,10092.65,10145.66,10092.65,10145.66,0
20080116,090000,10156.59,10190.81,10156.59,10190.67,0
20080120,090000,10222.13,10229.93,10214.75,10226.88,0
20080121,090000,10232.76,10249.67,10231.46,10249.47,0
20080122,090000,10251.28,10261.29,10243.21,10261.29,0
20080123,090000,10264.43,10272.21,10262.21,10270.53,0
20080126,090000,10272.04,10288.97,10272.04,10284.6,0
20080127,090000,10279.7,10281.04,10255.98,10255.98,0
20080128,090000,10256.84,10435.56,10256.84,10335.65,0
20080129,090000,10329.63,10336.68,10284.17,10284.17,0
20080130,090000,10277.47,10303.73,10270.39,10303.73,0
20080202,090000,10307.08,10370.17,10307.08,10370.17,0
20080203,090000,10370.9,10371.07,10304.14,10304.49,0
20080204,090000,10292.8,10293.48,10233.62,10241.09,0
20080205,090000,10230.81,10238.67,10228.59,10228.59,0
20080206,090000,10226.36,10229.43,10209.27,10209.27,0
20080209,090000,10201.78,10202.42,10186.48,10188.9,0
20080210,090000,10185.76,10185.76,10140.12,10140.12,0
20080212,090000,10137.64,10137.64,10107.3,10107.3,0
20080213,090000,10104.19,10104.19,10091.32,10094.96,0
20080216,090000,10101.49,10128.42,10101.07,10113.84,0
20080217,090000,10112.99,10112.99,10073.05,10073.05,0
20080218,090000,10070.4,10070.4,10045.12,10045.12,0
20080219,090000,10037.11,10040.98,10029.09,10029.09,0
20080220,090000,10028.99,10029.23,10021.1,10025.97,0
20080223,090000,10024.77,10038,10024.77,10037.93,0
20080224,090000,10040.69,10043.99,10035.81,10036.81,0
20080225,090000,10041.37,10058.83,10041.37,10058.53,0
20080226,090000,10061.69,10068.72,10016.69,10017.99,0
20080227,090000,10011.33,10011.72,9985.91,9985.91,0
20080301,090000,9959.69,9959.69,9931.5,9931.5,0
20080302,090000,9919.65,9919.65,9893.4,9893.4,0
20080303,090000,9889.93,9892.35,9879.09,9892.35,0
20080304,090000,9910.28,9922.42,9909.38,9922.42,0
20080305,090000,9929.72,9957.25,9929.44,9955.64,0
20080309,090000,9978.25,10006,9977.8,10005.96,0
20080310,090000,10022.79,10047.39,10022.79,10043.67,0
20080311,090000,10050.01,10050.81,10036.58,10036.62,0
20080312,090000,10031.8,10034.67,10031.62,10033.17,0
20080315,090000,10035.46,10040.33,10020.7,10020.7,0
20080316,090000,10018.44,10029.51,10013.97,10028.73,0
20080317,090000,10031.39,10047.53,10025.46,10047.53,0
20080318,090000,10052.94,10074.88,10050.15,10074.42,0
20080324,090000,10082.11,10087.07,10078.36,10086.68,0
20080326,090000,10085.82,10094.57,10085.82,10089.07,0
20080329,090000,10088.35,10088.35,10080.28,10080.28,0
20080330,090000,10078.97,10114.18,10075.99,10112.37,0
20080402,090000,10122.15,10143.07,10118.09,10143.07,0
20080405,090000,10150.28,10164.77,10147.84,10164.77,0
20080406,090000,10166.82,10200.72,10166.52,10199.99,0
20080407,090000,10200.14,10210.11,10198.86,10209.53,0
20080408,090000,10208.22,10262.27,10200.81,10261.75,0
20080409,090000,10249.87,10254.56,10224.18,10251.88,0
20080412,090000,10249.04,10250.41,10205.68,10205.68,0
20080413,090000,10204.1,10204.12,10187.11,10187.13,0
20080414,090000,10182.14,10182.14,10137.07,10137.67,0
20080415,090000,10137.53,10157.22,10137.53,10156.39,0
20080416,090000,10145.54,10152.47,10145.54,10151.44,0
20080419,090000,10150.53,10164.19,10150.53,10155.22,0
20080420,090000,10152.38,10154.04,10131.58,10139.49,0
20080421,090000,10132.65,10132.65,10060.13,10094.58,0
20080422,090000,10086.12,10086.12,10074.92,10075.37,0
20080423,090000,10069.4,10081.57,10064.66,10081.57,0
20080426,090000,10081.94,10091.69,10075.07,10091.69,0
20080427,090000,10092.37,10093.51,10083.64,10084.32,0
20080428,090000,10084,10085.77,10070.11,10070.11,0
20080429,090000,10079.66,10091.48,10079.66,10083.66,0
20080430,090000,10079.63,10081.39,10077.3,10081.28,0
20080503,090000,10079.51,10080.18,10071.9,10072.27,0
20080504,090000,10060.5,10060.9,10045.06,10045.06,0
20080505,090000,10040.5,10045.37,10032.1,10033.16,0
20080506,090000,10032.49,10047.86,10032.49,10047.86,0
20080507,090000,10051.57,10064.93,10051.54,10064.93,0
20080510,090000,10068.23,10087.43,10068.23,10087.43,0
20080511,090000,10089.25,10134.39,10089.25,10133.58,0
20080512,090000,10141.86,10207.06,10141.86,10207.06,0
20080513,090000,10213.95,10265,10213.95,10264.74,0
20080514,090000,10280.19,10313.33,10280.19,10312.43,0
20080517,090000,10320.53,10329.5,10319.41,10319.58,0
20080518,090000,9955.98,10341.79,9955.79,10341.15,0
20080519,090000,10340.83,10354.73,10340.83,10354.41,0
20080520,090000,10356.87,10390.03,10356.87,10382.86,0
20080521,090000,10380.29,10418.83,10380.29,10418.83,0
20080524,090000,10425.37,10440.46,10348.03,10419.34,0
20080525,090000,10419.34,10485.3,10419.34,10476.35,0
20080526,090000,10484.02,10559.24,10484.02,10558.04,0
20080527,090000,10564.14,10622.44,10564.14,10622.44,0
20080528,090000,10622.21,10693.89,10622.21,10693.89,0
20080531,090000,10702.37,10736.68,10702.37,10736.68,0
20080601,090000,10744.92,10752.56,10709.97,10720.63,0
20080602,090000,10713.27,10721.42,10679.65,10703.13,0
20080608,090000,10716.04,10753.64,10716.04,10753.64,0
20080609,090000,10756.4,10804.58,10756.4,10804.58,0
20080610,090000,10793.06,11029.15,10793.06,11029.15,0
20080611,090000,11058.83,11131.89,11058.83,11131.83,0
20080614,090000,11140.78,11195.17,11140.78,11161.03,0
20080615,090000,11157.26,11217.67,11157.26,11217.67,0
20080616,090000,11225.24,11333.16,11225.24,11330.96,0
20080617,090000,11342.16,11425.01,11342.16,11425.01,0
20080618,090000,11436.85,11524.29,11436.85,11524.29,0
20080621,090000,11568.6,11692.18,11568.3,11684.5,0
20080622,090000,11682.82,11794.84,11682.82,11786.12,0
20080623,090000,11782.34,11783.62,11764.59,11770.79,0
20080624,090000,11761.3,11763.68,11714.92,11714.92,0
20080625,090000,11711.65,11711.65,11664.84,11672.3,0
20080628,090000,11674.3,11675.55,11644.85,11646.64,0
20080629,090000,11643.79,11649.33,11632.89,11649.33,0
20080630,090000,11671.06,11746.76,11671.06,11746.76,0
20080701,090000,11757.51,11798.08,11757.51,11785.75,0
20080702,090000,11810.66,11902.13,11810.66,11902.13,0
20080705,090000,11921.82,12477.19,11921.82,12477.19,0
20080706,090000,12512.43,12616.87,12512.43,12616.87,0
20080707,090000,12653.94,12784.07,12653.8,12784.07,0
20080708,090000,12794.83,12898.51,12794.83,12874.82,0
20080709,090000,12869.44,12888.91,12860.59,12874.78,0
20080712,090000,12870.82,12870.82,12796.86,12796.91,0
20080713,090000,12790.68,12854.72,12779.25,12845.65,0
20080714,090000,12843.81,12907.94,12843.81,12907.94,0
20080715,090000,12913.54,12944.27,12888.91,12902.83,0
20080719,090000,12918.02,12925.99,12899.68,12901.06,0
20080720,090000,12906.25,12918.42,12844.39,12852.39,0
20080721,090000,12849.14,12849.46,12663.87,12665.62,0
20080722,090000,12669.91,12681.41,12648.4,12681.41,0
20080723,090000,12671.14,12671.14,12574.73,12581.69,0
20080726,090000,12579.41,12581.18,12527.46,12530.49,0
20080727,090000,12526.06,12535.38,12488.68,12490.37,0
20080728,090000,12485.05,12563.3,12484.66,12563.24,0
20080729,090000,12571.72,12659.49,12571.72,12658.94,0
20080802,090000,12658.97,12661.38,12640.43,12640.89,0
20080803,090000,12628.79,12673.48,12622.89,12647.84,0
20080804,090000,12641.41,12655.24,12640.67,12651.62,0
20080805,090000,12639.8,12650.7,12626.5,12626.5,0
20080806,090000,12617.99,12617.99,12569.05,12569.05,0
20080809,090000,12562.62,12565,12522.26,12522.26,0
20080810,090000,12520.2,12542.15,12499.84,12529.74,0
20080811,090000,12497.25,12499.36,12470.55,12470.55,0
20080812,090000,12463.8,12489.01,12429.11,12479.46,0
20080813,090000,12471.54,12471.54,12382.61,12382.61,0
20080816,090000,12372.97,12372.97,12311.36,12311.36,0
20080818,090000,12304.87,12340.3,12283.53,12283.7,0
20080819,090000,12284.53,12284.97,12215.12,12215.12,0
20080820,090000,12207.7,12207.7,12150.94,12188.48,0
20080823,090000,12215.12,12243.28,12203.02,12242.89,0
20080824,090000,12247.78,12247.78,12195.29,12197.96,0
20080825,090000,12205.05,12224,12154.8,12215.76,0
20080826,090000,12240.44,12240.64,12205.37,12205.82,0
20080827,090000,12200.31,12202.02,12160.25,12160.25,0
20080830,090000,12150.9,12175.02,12147.57,12147.57,0
20080831,090000,12143.05,12172.75,12136.78,12136.83,0
20080901,090000,12132,12186.96,12051.57,12051.88,0
20080902,090000,12043.48,12070.31,12026.3,12028.78,0
20080903,090000,12031.59,12040.73,12014.61,12038.19,0
20080906,090000,12041.61,12041.61,11994.39,11994.39,0
20080907,090000,11998,12047.82,11962.81,11962.81,0
20080908,090000,11914.22,11914.22,11836.32,11837.9,0
20080909,090000,11837.18,11837.18,11809,11809,0
20080910,090000,11804.58,11808.43,11772.26,11780.32,0
20080913,090000,11780.48,11821.89,11735.26,11735.32,0
20080914,090000,11730.99,11731.1,11664.94,11664.94,0
20080915,090000,11663.29,11679.27,11657,11678.32,0
20080916,090000,11679.17,11721.77,11679.17,11721.73,0
20080917,090000,11733.32,11769.28,11733.32,11769.28,0
20080920,090000,11785.68,11828.75,11783.07,11805.63,0
20080921,090000,11814.67,11840.32,11749.2,11760.99,0
20080923,090000,11763.71,11824.82,11756.98,11813.47,0
20080924,090000,11811.36,11815.29,11777.22,11787.6,0
20080927,090000,11787.72,11787.72,11724.78,11729.34,0
20080928,090000,11725.73,11725.73,11694.5,11717.56,0
20080929,090000,11721.09,11729.01,11718.44,11728.17,0
20080930,090000,11724.11,11730.32,11701.19,11701.19,0
20081004,090000,11697.54,11697.54,11624.37,11624.37,0
20081005,090000,11622.57,11622.76,11562.4,11562.4,0
20081006,090000,11561.79,11561.96,11505.54,11505.54,0
20081007,090000,11497.76,11498.56,11451.16,11451.16,0
20081008,090000,11421.52,11421.52,11357.26,11357.27,0
20081011,090000,11323.25,11352.7,11278.69,11278.69,0
20081012,090000,11249.88,11249.88,11170.44,11170.44,0
20081013,090000,11163.52,11163.52,11153.92,11155.05,0
20081014,090000,11149.15,11155.03,11145.56,11145.56,0
20081015,090000,11137.84,11143.91,11136.32,11136.32,0
20081018,090000,11136.76,11173.49,11133.06,11150.48,0
20081019,090000,11146.62,11181.95,11140.63,11171.79,0
20081020,090000,11146.94,11146.94,10928.53,10928.53,0
20081021,090000,10916.18,10952.82,10912.65,10935.54,0
20081022,090000,10931.05,10952.13,10926.03,10952.13,0
20081026,090000,10908.06,10929.27,10379.95,10908.1,0
20081027,090000,10349.13,10365.01,10333.08,10333.08,0
20081028,090000,10325.22,10349.6,10325.13,10349.22,0
20081029,090000,10334.14,10334.37,10298.86,10298.86,0
20081101,090000,10286.76,10286.76,10237.44,10237.71,0
20081102,090000,10215.85,10215.85,10194.26,10194.26,0
20081103,090000,10177.8,10188.41,10177.8,10185.4,0
20081104,090000,10168.42,10198.74,10168.42,10198.56,0
20081105,090000,10198.41,10221.71,10196.47,10203.23,0
20081108,090000,10198.41,10206.4,10179.08,10188.85,0
20081109,090000,10192.75,10192.87,10103.52,10103.52,0
20081110,090000,10098.02,10098.02,10033.77,10033.77,0
20081111,090000,10031.2,10031.26,10013.03,10013.03,0
20081112,090000,9998.67,10029.62,9998.67,10029.62,0
20081115,090000,10020.77,10038.21,10020.77,10029.89,0
20081116,090000,9973.26,9984.64,9963.62,9972.18,0
20081117,090000,9954.15,9976.64,9954.15,9955.65,0
20081118,090000,9926.1,9927.07,9923.38,9923.38,0
20081119,090000,9901.33,9902.63,9896.68,9896.68,0
20081122,090000,9895.44,9895.44,9862.33,9862.46,0
20081123,090000,9851.48,9851.48,9815.63,9815.64,0
20081124,090000,9782.01,9782.01,9771.87,9772.26,0
20081125,090000,9718.91,9718.91,9667.42,9667.45,0
20081126,090000,9649.49,9649.49,9636.74,9636.74,0
20081129,090000,9613.27,9613.27,9554.5,9554.5,0
20081130,090000,9548.23,9548.23,9491.13,9491.13,0
20081201,090000,9490.27,9490.32,9421.5,9421.52,0
20081202,090000,9416.52,9416.52,9346.78,9346.78,0
20081203,090000,9333.7,9333.78,9254.33,9254.33,0
20081207,090000,9178,9178,9130,9130,0
20081208,090000,9130.5,9130.5,9079.6,9079.6,0
20081210,090000,9089.2,9089.2,9032.3,9032.3,0
20081213,090000,9023.7,9023.7,8973.3,8973.3,0
20081214,090000,8973.3,8973.3,8907.9,8907.9,0
20081215,090000,8907,8907,8890.8,8890.8,0
20081216,090000,8890.7,8890.8,8866.3,8869.1,0
20081220,090000,8869,8869,8854.2,8857.1,0
20081221,090000,8857.1,8860.8,8851.6,8851.6,0
20081222,090000,8851.6,8851.6,8833.4,8833.7,0
20081223,090000,8832.2,8832.2,8804.5,8804.5,0
20081224,090000,8803.4,8803.4,8794.2,8795.7,0
20081227,090000,8795.7,8795.7,8784.9,8786.7,0
20081228,090000,8786.7,8786.7,8757.8,8757.8,0
20081229,090000,8757.8,8757.8,8726.2,8726.9,0
20081230,090000,8726.9,8726.9,8689.8,8694.4,0
20081231,090000,8695,8695,8654.2,8656.2,0
20090103,090000,8656.3,8656.5,8636.8,8641.8,0
20090104,090000,8641.8,8641.8,8618.7,8619.6,0
20090105,090000,8619.6,8619.6,8596.4,8596.4,0
20090110,090000,8596.4,8596.4,8575.8,8575.8,0
20090111,090000,8575.7,8575.7,8541.7,8541.7,0
20090112,090000,8542,8542,8518.4,8519.1,0
20090113,090000,8519,8521,8461.3,8463.7,0
20090114,090000,8463.7,8471.1,8452.9,8454.6,0
20090117,090000,8456.9,8458.2,8449.6,8458.2,0
20090118,090000,8458.1,8461.8,8449,8459.7,0
20090119,090000,8459.9,8469.6,8450.6,8467.4,0
20090120,090000,8467.4,8521,8467.4,8496.9,0
20090121,090000,8496.9,8520.3,8494.9,8514.3,0
20090124,090000,8514.3,8564.1,8514.3,8548.4,0
20090125,090000,8553.7,8553.7,8518.1,8518.1,0
20090126,090000,8519.1,8519.1,8505.7,8505.7,0
20090127,090000,8507.3,8510.3,8504.7,8507.5,0
20090128,090000,8509.1,8516.2,8496,8496.1,0
20090131,090000,8505.6,8509,8502.1,8508,0
20090201,090000,8508.3,8518,8486.7,8491.7,0
20090202,090000,8491.8,8502.5,8491.8,8496.2,0
20090203,090000,8496.2,8496.9,8481.1,8483.4,0
20090204,090000,8483.4,8484.9,8462.3,8466.4,0
20090207,090000,8466.4,8467.7,8444.2,8451.3,0
20090208,090000,8451.3,8452.8,8437.7,8437.7,0
20090209,090000,8438,8439.5,8423.5,8423.5,0
20090211,090000,8423.7,8433.5,8423.5,8425.9,0
20090214,090000,8430,8433,8420,8420,0
20090215,090000,8420,8423.1,8413.1,8413.1,0
20090217,090000,8412.7,8413.1,8390.2,8390.2,0
20090218,090000,8390.2,8390.2,8377.1,8377.1,0
20090221,090000,8376.6,8376.6,8355.9,8355.9,0
20090222,090000,8355.9,8355.9,8291.1,8296.9,0
20090223,090000,8297,8297.3,8266.3,8266.3,0
20090225,090000,8266.2,8266.2,8248.9,8248.9,0
20090228,090000,8248.9,8249,8241.7,8243.2,0
20090301,090000,8243.2,8244.1,8226.5,8226.8,0
20090302,090000,8226.8,8226.8,8215.8,8216.1,0
20090303,090000,8216.1,8216.1,8200.9,8200.9,0
20090304,090000,8200.9,8200.9,8184.2,8184.5,0
20090307,090000,8185.3,8185.3,8133.5,8133.5,0
20090308,090000,8133.5,8133.5,8111,8111,0
20090309,090000,8111.2,8111.9,8096,8096,0
20090310,090000,8096,8136,8089.9,8133.4,0
20090311,090000,8126.5,8136.5,8126.5,8130.1,0
20090314,090000,8130.4,8132.6,8119,8121.3,0
20090316,090000,8120.3,8128.5,7972.3,7990.6,0
20090317,090000,7977.1,7980.5,7965.3,7970.9,0
20090318,090000,7972.3,7975,7955.2,7957.7,0
20090325,090000,7966.5,7966.5,7964.1,7965.6,0
20090328,090000,7965.6,7967,7962.1,7965.8,0
20090329,090000,7965.8,7965.8,7949.3,7955.5,0
20090330,090000,7955.4,7970.2,7955.2,7970.2,0
20090331,090000,7970.3,7990.9,7970.3,7988.7,0
20090404,090000,7988.7,8001.6,7986.6,8001.6,0
20090405,090000,8001.6,8006,7994.3,8006,0
20090406,090000,8006,8049,8006,8049,0
20090407,090000,8049,8077.3,8049,8076.4,0
20090408,090000,8077.9,8110.9,8077.9,8110.9,0
20090411,090000,8111.1,8153.3,8111.1,8152.2,0
20090412,090000,8153.5,8176,8153.5,8175.9,0
20090413,090000,8175.9,8198.7,8175.9,8195.3,0
20090414,090000,8203.6,8252.5,8203.6,8252.5,0
20090415,090000,8252.4,8261.7,8246.9,8251.6,0
20090418,090000,8251.6,8290.4,8251.2,8290.4,0
20090419,090000,8290.4,8346.7,8290.4,8346.7,0
20090420,090000,8348,8425.7,8348,8425.7,0
20090421,090000,8431.2,8436.3,8431.2,8434.9,0
20090422,090000,8434.9,8485.4,8434.9,8476.5,0
20090425,090000,8476.4,8497.9,8468.4,8469.2,0
20090426,090000,8469.1,8523.2,8469.1,8502.7,0
20090427,090000,8502.6,8521,8502.6,8518.2,0
20090428,090000,8518.1,8533.7,8518.1,8527.8,0
20090429,090000,8527.8,8546.9,8527.8,8534.9,0
20090502,090000,8535,8551.6,8517.2,8548.3,0
20090503,090000,8548.3,8595.2,8548.3,8584.7,0
20090504,090000,8584.6,8638.8,8584.6,8638.3,0
20090505,090000,8638.3,8702.5,8638.3,8698.8,0
20090506,090000,8699.5,8774.2,8699.5,8774.2,0
20090509,090000,8774.2,8871.9,8774.2,8871.9,0
20090510,090000,8872.4,8930.4,8872.4,8930.4,0
20090511,090000,8930.4,8989.9,8930.4,8989.5,0
20090512,090000,8989.5,8995.9,8965.7,8968.3,0
20090513,090000,8968.3,8968.3,8924.5,8931.1,0
20090516,090000,8932.1,8932.1,8882.9,8887.7,0
20090517,090000,8888,8933.2,8858.4,8919.5,0
20090518,090000,8919.4,8966.9,8919.4,8959.3,0
20090519,090000,8963.8,8978.2,8956.4,8956.4,0
20090520,090000,8956.3,9006,8956.3,9006,0
20090523,090000,9000.8,9042.8,9000.8,9038.4,0
20090524,090000,9042.1,9051.7,9016.3,9019.5,0
20090525,090000,9019.5,9019.5,8971.1,8971.1,0
20090526,090000,8971.1,8971.1,8934.6,8934.6,0
20090527,090000,8934.6,8953.6,8934.6,8953.6,0
20090530,090000,8953.7,8997.7,8953.7,8997.7,0
20090531,090000,9001.3,9013,8998.2,9013,0
20090601,090000,9000.6,9013.2,9000.6,9005.7,0
20090602,090000,9006.3,9031.7,9006.3,9031.7,0
20090603,090000,9032.3,9081,9032.3,9081,0
20090606,090000,9081.7,9121.9,9081.7,9121.9,0
20090607,090000,9121.3,9194.9,9121.3,9194.9,0
20090608,090000,9195.1,9235.5,9195.1,9235.5,0
20090609,090000,9235.5,9277.5,9235.5,9277.5,0
20090610,090000,9278.5,9338.8,9278.5,9338.8,0
20090613,090000,9343.3,9384.7,9343.3,9365.4,3980923823
20090614,090000,9365.4,9370.8,9315.2,9322.4,2557328024
20090615,090000,9310.3,9310.3,9299,9299,2003018871
20090616,090000,9299,9299,9270.8,9270.8,966366568
20090617,090000,9271.1,9271.1,9247.3,9247.3,921209360
20090620,090000,9247.2,9249.8,9242.3,9247.2,531342544
20090621,090000,9247.7,9258.5,9247.7,9258.5,655460454
20090622,090000,9258.4,9264.2,9249.6,9251.9,1291280994
20090623,090000,9251.8,9342.7,9251.8,9340,1865185172
20090624,090000,9340,9349.2,9338.1,9338.6,1223818505
20090627,090000,9338.6,9342.9,9337.5,9342.5,1556626171
20090628,090000,9342.6,9360.7,9340.3,9353.9,2222377220
20090629,090000,9353.7,9364.1,9353.7,9360.1,689180639
20090630,090000,9360.1,9387.9,9360.1,9387.9,870715152
20090701,090000,9387.6,9480,9387.6,9471.2,1260134458
20090704,090000,9471,9486,9470.4,9470.4,1105791489
20090705,090000,9470.4,9470.4,9453.8,9454,1681474594
20090707,090000,9452.7,9463.1,9452.7,9458.3,565929671
20090711,090000,9457.9,9465.4,9439.8,9439.8,1370217830
20090712,090000,9438.5,9441.9,9416.6,9416.6,1851123858
20090713,090000,9415.8,9416.2,9349,9353.5,906660809
20090714,090000,9352.8,9379.2,9352.8,9379.2,1442810379
20090715,090000,9374,9401.1,9374,9394.6,3373239667
20090718,090000,9394.6,9442.4,9394.6,9442.2,2212818742
20090719,090000,9442.2,9474.6,9442.2,9474.6,621777561
20090721,090000,9474.5,9510.9,9474.5,9510.9,433868293
20090722,090000,9511.1,9525.4,9511.1,9522.2,3703495602
20090725,090000,9522.2,9524.2,9521.1,9522.9,544645414
20090726,090000,9522.9,9563.4,9522.9,9530.3,1161547661
20090727,090000,9530.3,9703.5,9520.5,9703.5,1936157652
20090728,090000,9703.7,9731.6,9703.7,9727.1,3577020895
20090729,090000,9727.1,9767.8,9727.1,9765.7,8249532789
20090801,090000,9765.6,9812,9765.6,9811.1,1318496738
20090802,090000,9811.2,9831.4,9811.2,9831.3,1963688745
20090803,090000,9831.2,9838.9,9831.2,9835,2056786396
20090804,090000,9835,9864.7,9833.8,9861.1,1954531103
20090805,090000,9861.1,9905,9861.1,9905,2625385718
20090808,090000,9904.4,9998.9,9904.4,9998.9,1278253579
20090809,090000,9999,10043.9,9999,10043.9,1496794072
20090810,090000,10044,10117.6,10044,10114.4,4551210474
20090811,090000,10114.2,10141.6,10114.2,10139.4,2209410282
20090812,090000,10139.4,10194.2,10139.4,10194.2,2621223458
20090815,090000,10194,10251.2,10194,10251.2,1166539257
20090816,090000,10250.8,10333.5,10250.8,10333.5,4831314181
20090817,090000,10333.2,10404.6,10333.2,10404.6,2691950239
20090818,090000,10405.4,10449.1,10405.4,10442.5,3531481514
20090819,090000,10442.5,10476.3,10442.5,10472.4,1662789115
20090822,090000,10472.4,10555.3,10472.4,10555.3,270242813
20090823,090000,10555.4,10612.2,10555.4,10612.2,1370894155
20090824,090000,10612.2,10684,10612.2,10684,1911466864
20090825,090000,10686.1,10983.9,10686.1,10983.9,6378968927
20090826,090000,10983.6,11730,10983.6,11577,3825879287
20090829,090000,11576.9,11738.1,11576.9,11734.4,7220158534
20090830,090000,11734.4,11747.7,11691.8,11693.6,2926473084
20090831,090000,11693.5,11694.2,11663.4,11688.3,6688714785
20090901,090000,11688.3,11740.9,11688.3,11740.9,2513852425
20090902,090000,11741,11762.1,11741,11747.3,2654884125
20090905,090000,11747.2,11750.9,11652.9,11678.6,3017995793
20090906,090000,11678.5,11678.5,11635.7,11635.7,2317759339
20090907,090000,11634.5,11634.5,11573.7,11591.6,1135278315
20090908,090000,11589.7,11639,11589.7,11639,1854658981
20090909,090000,11639,11701.7,11639,11696.5,1733189665
20090913,090000,11696.5,11696.5,11638.5,11638.5,644212205
20090914,090000,11638.4,11638.4,11580.9,11598.7,3348888806
20090915,090000,11598.7,11598.7,11524.7,11524.8,1315221334
20090916,090000,11523.6,11523.6,11460.8,11460.8,1115782866
20090919,090000,11461.1,11461.1,11412.5,11437,1442787932
20090920,090000,11437,11437,11437,11437,0
20090921,090000,11437,11452.8,11436.6,11451.8,1432200029
20090922,090000,11451.8,11479.8,11402.8,11479.8,5195290172
20090923,090000,11479.8,11582.9,11479.8,11582.9,2048653992
20090926,090000,11583,11633.4,11583,11620.8,5150459064
20090927,090000,11620.4,11676.6,11588.2,11588.2,3688535864
20090928,090000,11588.2,11588.2,11559.1,11559.1,2052463814
20090929,090000,11559.1,11599.3,11553.4,11555,1470810639
20090930,090000,11555,11567.2,11531.4,11535.9,682188465
20091003,090000,11535.8,11657.2,11535.8,11657.2,2960679373
20091004,090000,11657.3,11733.4,11657.3,11717.3,5103011041
20091005,090000,11717.3,11738.2,11717.3,11738.2,3895748354
20091006,090000,11738.2,11792.8,11737.4,11792.8,4053344921
20091007,090000,11792.8,11891.1,11792.8,11891.1,2940594555
20091010,090000,11891.1,11962.5,11891.1,11958,3722765426
20091011,090000,11957.9,11963.9,11925.2,11925.2,6104912593
20091012,090000,11925.4,11940.3,11912.3,11912.3,4718829285
20091013,090000,11912.3,11927.6,11893.6,11918.1,3416725100
20091017,090000,11918.3,11924.6,11905.6,11917.8,1742544903
20091018,090000,11917.8,11927.4,11914.1,11914.1,3021746395
20091019,090000,11914.1,11977,11914.1,11977,23612594254
20091020,090000,11976.4,12075.7,11976.4,12075.7,5666860044
20091021,090000,12077.3,12177.6,12077.3,12176.3,2934285144
20091024,090000,12176.3,12243.6,12176.3,12242.8,3668153463
20091025,090000,12242.8,12325.8,12242.8,12325.8,3032544969
20091026,090000,12325.8,12342.6,12308.9,12342.6,8367301140
20091027,090000,12342.6,12356,12328.4,12345.1,2663668459
20091028,090000,12345.1,12408.4,12342.9,12408.4,2636457059
20091031,090000,12408.4,12491.2,12408.4,12482.4,2439306842
20091101,090000,12482.4,12545,12482.4,12545,3024175177
20091102,090000,12545,12545,12515.5,12529.6,2979762393
20091103,090000,12529.5,12529.5,12484,12484,3387085723
20091104,090000,12483.6,12531.3,12477,12506.3,4143469870
20091107,090000,12506,12581.5,12506,12576.9,2774503680
20091108,090000,12576.9,12584.5,12547.2,12565.9,5180627343
20091109,090000,12565.9,12633.6,12565.9,12581.5,4444507915
20091110,090000,12581.5,12581.5,12426.1,12426.1,2645548133
20091111,090000,12426.1,12426.1,12380.1,12380.1,3032559632
20091114,090000,12381.4,12442.1,12381.4,12403.1,2684481322
20091115,090000,12403.1,12441.9,12361.7,12361.7,3044450334
20091116,090000,12361.7,12373.2,12325.3,12325.3,2555284037
20091117,090000,12325.4,12325.4,12241.5,12241.9,4496372175
20091118,090000,12241.9,12241.9,12174,12176.5,2331596544
20091121,090000,12176.4,12176.4,12086.7,12086.7,1932839734
20091122,090000,12086.7,12086.7,12003,12003,1520100312
20091123,090000,12003,12003,11976.3,11996.4,4150849672
20091124,090000,11996.3,12072.6,11996.3,12072.6,2287788453
20091125,090000,12072.6,12125.1,12072.6,12113.4,2763475449
20091129,090000,12113.4,12113.4,12027.6,12027.6,1030733207
20091130,090000,12027.6,12027.6,11964.8,11964.8,984388980
20091201,090000,11964.9,11964.9,11928.9,11928.9,2010746595
20091202,090000,11928.9,11937.5,11914.6,11914.6,2976912311
20091205,090000,11914.6,11914.6,11901.3,11905,840242090
20091207,090000,11905,11946.4,11905,11944.5,1489218943
20091208,090000,11944.5,11948,11909.6,11909.6,832321620
20091209,090000,11909.6,11909.6,11836.1,11836.1,1331868929
20091212,090000,11836.3,11836.3,11753.1,11753.1,1037582099
20091213,090000,11753.1,11753.1,11677.4,11677.4,1443328927
20091214,090000,11677.4,11677.4,11629,11629,825901025
20091215,090000,11629.1,11629.1,11359.4,11362.5,757397493
20091216,090000,11362.5,11362.5,11254.7,11254.7,1256917800
20091219,090000,11265.3,11265.3,11195.8,11209.6,1341449132
20091220,090000,11209.6,11255.7,11201.3,11255.7,2670625860
20091221,090000,11255.7,11289.5,11243.6,11274.9,2695545266
20091222,090000,11274.9,11277,11234.6,11234.6,2381573311
20091223,090000,11234.6,11234.6,11220.1,11221.3,1861444523
20091228,090000,11221.3,11228.5,11196.9,11196.9,980305246
20091229,090000,11196.9,11196.9,11178.5,11178.5,755861039
20091230,090000,11178.5,11207.5,11178.5,11207.5,884806115
20100102,090000,11207.5,11295.2,11207.5,11295.2,1267322120
20100103,090000,11295.2,11366.2,11295.2,11351.1,3048571548
20100104,090000,11351.1,11351.1,11305.1,11305.1,1287105799
20100105,090000,11305.1,11325.5,11301.8,11307.4,1617250097
20100106,090000,11307.4,11375.4,11307.4,11375.4,1767514388
20100109,090000,11375.4,11449.7,11375.4,11449.7,6200777711
20100110,090000,11449.6,11592.6,11449.6,11592.3,4812337858
20100111,090000,11592.3,11658.9,11591,11656.8,2208969020
20100112,090000,11656.8,11685.4,11646.2,11646.2,2169990997
20100113,090000,11646.2,11646.2,11598.4,11598.4,1455189449
20100116,090000,11599.9,11625.3,11599.9,11613.9,1713762267
20100117,090000,11614.9,11640.3,11614.9,11620.7,1614046062
20100118,090000,11620.7,11620.7,11584,11584,887514232
20100119,090000,11584,11587.6,11567.9,11569.1,827315725
20100120,090000,11569.2,11572.9,11566.8,11569,1165272476
20100123,090000,11569.2,11617.8,11569.2,11617.8,1495133625
20100124,090000,11617.8,11685.5,11617.8,11685.5,2078345208
20100125,090000,11684.9,11720.6,11684.9,11704.6,13782748291
20100126,090000,11705.1,11769.2,11705.1,11752.6,2042631526
20100127,090000,11752.5,11810.1,11752.5,11802.6,1826531394
20100130,090000,11802.9,11802.9,11736.4,11750.7,2332766305
20100131,090000,11750.1,11751.4,11724.7,11724.7,4105867431
20100201,090000,11724.7,11730,11709.7,11709.7,1546426995
20100202,090000,11709.6,11724.4,11709.6,11721.3,1243109475
20100203,090000,11721.3,11763.2,11721.3,11751.7,1279852684
20100206,090000,11751.7,11751.7,11716.5,11716.5,1501571806
20100207,090000,11715.5,11715.5,11686.1,11686.1,1577701220
20100208,090000,11686.3,11686.3,11666.7,11666.7,1642587529
20100209,090000,11666.8,11669.4,11660.8,11660.8,1266595455
20100210,090000,11660.7,11694.7,11660.7,11694.7,1065153714
20100214,090000,11694.1,11760.9,11694.1,11760.9,1649670469
20100216,090000,11760,11826.5,11760,11789.5,2068549882
20100217,090000,11789.7,11789.7,11775.3,11775.9,2223165542
20100220,090000,11774.2,11822.3,11774.2,11822.3,2231912308
20100221,090000,11819,11931.4,11819,11931.4,2549023649
20100222,090000,11929,12007.5,11929,12007.5,4271117710
20100223,090000,12008.6,12028,12008.6,12012,3457184232
20100224,090000,12010.2,12010.2,11991.6,11993.6,2095312186
20100227,090000,11993.2,11993.2,11962.8,11962.8,1708222326
20100228,090000,11963.5,12015,11963.5,12009,1608845108
20100301,090000,12009,12052.9,12009,12048.9,1322753390
20100302,090000,12048.9,12116.1,12048.9,12111.5,2375505381
20100303,090000,12111.1,12140.1,12111.1,12133.4,1624820358
20100306,090000,12133.4,12222.7,12133.4,12221.3,2767143334
20100307,090000,12221.3,12254.8,12221.3,12249.1,2397477157
20100308,090000,12248.9,12308.5,12248.9,12308.5,1998905890
20100309,090000,12307.2,12429.1,12307.2,12429.1,3133613069
20100310,090000,12429.1,12456,12429.1,12446.8,1858242844
20100313,090000,12446.8,12451.1,12440.4,12440.8,3018298843
20100314,090000,12440.5,12581.3,12440.5,12547.2,2112069096
20100315,090000,12549.1,12568.3,12533.6,12533.6,3760561741
20100316,090000,12533.6,12534.1,12499.7,12499.7,1645281195
20100317,090000,12499.7,12537.5,12499.7,12536.8,2147962475
20100327,090000,12536.7,12614.5,12536.7,12613.9,290409475
20100328,090000,12613.9,12732.8,12613.9,12732.8,1501735164
20100329,090000,12732.1,12823.9,12732.1,12823.9,1747689845
20100330,090000,12823.9,12867.4,12823.9,12867,1666359805
20100331,090000,12867,12945,12867,12945,1835389358
20100403,090000,12945,13136.6,12945,13136.6,2989785194
20100404,090000,13135.7,13336.9,13135.7,13320.1,5725077902
20100405,090000,13320.1,13345.5,13317,13317,2509366059
20100406,090000,13317,13476.5,13317,13476.5,3629366882
20100407,090000,13476.5,13695.5,13476.5,13695.5,3155003773
20100410,090000,13681.2,13780.7,13681.2,13754.2,5040498939
20100411,090000,13754,13821.8,13754,13802.7,3178739277
20100412,090000,13802.6,13876,13802.6,13832.8,4733094114
20100413,090000,13832.8,13928.4,13832.8,13904,5788050717
20100414,090000,13904,13943,13903.4,13903.4,10863572018
20100417,090000,13903.4,13903.4,13815.8,13815.8,3018121853
20100418,090000,13815.7,13935,13815.7,13935,6369864000
20100419,090000,13935,14140.4,13935,14138.3,5640166457
20100420,090000,14138.3,14228.5,14138.3,14185.7,6250563431
20100421,090000,14185.7,14206.2,14128.6,14129.2,7942208876
20100424,090000,14129.2,14129.2,14079.8,14079.8,3448251804
20100425,090000,14079.9,14081.5,13996.5,14053.3,6848297970
20100426,090000,14053.3,14145.5,14040.9,14129,5566635016
20100427,090000,14129,14215.2,14129,14139.4,4138187294
20100428,090000,14139.4,14139.4,14012.5,14012.5,3719395232
20100501,090000,14012.5,14146.1,14012.5,14141.4,5002682745
20100502,090000,14136.7,14162.2,14086,14086,4723348631
20100503,090000,14085.9,14114.6,14012.5,14012.5,3818403258
20100504,090000,14012.6,14040.2,14012.6,14035.7,3646302384
20100505,090000,14036.7,14036.7,13943.7,13943.7,7402682431
20100508,090000,13944.8,13944.8,13908.3,13920.5,4110118735
20100509,090000,13920.5,14014.3,13920.5,14014.3,4687513182
20100510,090000,14014.3,14099.3,14014.3,14099.3,3621185750
20100511,090000,14099.5,14140.2,14099.5,14131.7,3442094256
20100512,090000,14131.7,14133.2,14105.4,14105.4,3461858993
20100515,090000,14105.3,14128.3,14091.3,14096.1,3188789462
20100516,090000,14096.1,14138.8,14096.1,14138.8,2549835623
20100518,090000,14138.8,14177.1,14132.3,14156.7,3594163166
20100519,090000,14156.7,14177.9,14141,14155.7,5760529170
20100522,090000,14155.6,14159,14117.3,14117.3,2816276080
20100523,090000,14117.2,14117.2,14076,14076,1731485856
20100524,090000,14080.5,14115.9,14080.5,14115.6,4849142296
20100525,090000,14115.5,14189,14115.5,14184.3,3444921446
20100526,090000,14184.3,14189,14150.6,14156.7,6235438270
20100529,090000,14153.8,14161.1,14119.9,14119.9,2605099442
20100530,090000,14119.9,14119.9,14063.4,14087.6,1458256492
20100531,090000,14087.6,14092.8,14038.3,14038.3,3255557484
20100601,090000,14038.3,14116.8,14038.3,14109,3310545487
20100602,090000,14109,14182.4,14109,14182.4,3395823869
20100606,090000,14182.4,14200.4,14164.7,14164.7,2652083372
20100607,090000,14164.7,14176.3,14128.3,14135.3,1592439204
20100608,090000,14135.3,14188.1,14130.7,14148.8,3103041911
20100609,090000,14148.8,14148.8,14055.2,14055.2,1665504974
20100612,090000,14055.1,14114.9,14053.8,14114.9,1682582330
20100613,090000,14114.9,14180.3,14114.9,14180.3,1712044336
20100614,090000,14180.3,14288.5,14180.3,14288.5,16295746113
20100615,090000,14288.5,14394.3,14288.5,14394.3,3331820880
20100616,090000,14394.2,14407.9,14371.6,14372,2913800471
20100619,090000,14372,14381.9,14340.6,14340.6,6148273628
20100620,090000,14340.6,14371.6,14281,14281,3389658616
20100621,090000,14280.9,14280.9,14251.9,14256.9,2454784441
20100622,090000,14257,14350.6,14257,14350.6,2050336189
20100623,090000,14350.6,14491.6,14350.6,14489.4,2556037189
20100627,090000,14489.4,14510,14488.9,14503,1213861320
20100628,090000,14503,14529.5,14500.9,14500.9,1470044511
20100629,090000,14500.9,14545.3,14484.6,14545.3,1837327346
20100630,090000,14545.3,14557,14545.3,14552.3,1524312823
20100703,090000,14552.3,14567.3,14546.2,14560.9,1571806489
20100704,090000,14561.1,14563.8,14504.6,14504.6,1319030398
20100705,090000,14504.2,14554.5,14503.6,14553.2,1910095044
20100706,090000,14553.2,14584.9,14553.2,14571.6,2509644615
20100707,090000,14571.6,14718.9,14571.6,14718.9,4091646784
20100711,090000,14718.8,14883.4,14718.8,14883.4,2667907460
20100712,090000,14883.4,14994.5,14883.4,14981.4,4155607286
20100713,090000,14981.5,15014.2,14981.5,15005.9,2633707933
20100714,090000,15005.9,15080.4,15005.9,15080.4,3487431090
20100717,090000,15080.4,15118.1,15080.4,15118.1,4654205370
20100718,090000,15118,15188.9,15118,15188.9,3082598852
20100719,090000,15189,15245.2,15189,15244.8,2778148400
20100720,090000,15244.8,15346,15244.8,15344.6,2868513582
20100721,090000,15344.6,15382.1,15344.6,15360.8,5136273099
20100724,090000,15360.7,15456.2,15360.7,15456.2,3095313675
20100725,090000,15455.4,15661.1,15455.4,15661.1,3591039360
20100726,090000,15660.9,15758.3,15660.9,15746.5,4927704661
20100728,090000,15746.5,15796.3,15746.5,15794.1,2306794967
20100731,090000,15794.1,15849,15794.1,15840.8,4836727299
20100801,090000,15840.5,15893,15840.5,15870,2735895020
20100802,090000,15870,16078.1,15870,16078.1,3334407188
20100803,090000,16078.1,16281.6,16078.1,16281.6,4833550159
20100804,090000,16281.7,16340.2,16281.7,16317.8,4070041102
20100807,090000,16317.9,16607.5,16317.9,16606.1,3975124268
20100808,090000,16606.1,16628.5,16585,16625.9,3511149091
20100809,090000,16625.9,16694.4,16625.9,16674.4,3929833803
20100810,090000,16674.4,16841.5,16674.4,16841.5,4284351405
20100811,090000,16841.4,17001.2,16841.4,16994.9,5889527523
20100814,090000,16995.1,16995.1,16864.6,16864.6,4760622695
20100815,090000,16864.6,16864.6,16695.8,16701.1,2895366118
20100816,090000,16701.1,16767.8,16692.4,16766.9,4048937440
20100817,090000,16766.9,16911.1,16766.9,16910.8,3628264307
20100818,090000,16910.8,17011.9,16910.8,17009.6,4474097983
20100821,090000,17009.6,17060.4,16974.6,16974.6,3921213229
20100822,090000,16974.6,16984.4,16957.7,16957.7,2289847126
20100823,090000,16957.6,17116.7,16957.6,17116.7,3340240396
20100824,090000,17116.7,17152.7,17114.9,17152.7,3618606414
20100825,090000,17152.7,17238.4,17152.7,17236.9,3922882682
20100828,090000,17233.1,17401,17233.1,17401,9521148603
20100829,090000,17401,17767.8,17401,17767.8,6214362814
20100830,090000,17767.8,17944.2,17767.8,17938,6043148152
20100831,090000,17938,17956.3,17936.4,17955.7,22155149750
20100904,090000,17955.7,18315.8,17955.7,18315.8,4582634915
20100905,090000,18315.8,18638.5,18315.8,18636.1,7096311598
20100906,090000,18636.1,18719.9,18636.1,18648.2,5105094626
20100907,090000,18648.2,18678.7,18459,18459,22419796426
20100908,090000,18458.9,18458.9,18389.7,18429.6,4420443321
20100912,090000,18429.6,18534.5,18429.6,18533.5,2709321668
20100913,090000,18533.4,18610.2,18533.4,18533.8,4349714151
20100914,090000,18533.7,18550.8,18533.7,18543.1,2575743156
20100915,090000,18543.1,18560,18529.5,18555.7,2819928206
20100918,090000,18555.7,18676.2,18555.7,18657.8,4117094537
20100919,090000,18657.7,18662.7,18487.7,18487.7,4011874125
20100920,090000,18487.6,18492.7,18303.3,18303.3,3183773366
20100921,090000,18303.3,18413,18269.5,18413,3132464010
20100922,090000,18413,18548.6,18413,18548.6,2538653931
20100925,090000,18548.6,18682.2,18548.6,18673.3,3348455094
20100926,090000,18673.3,18684.8,18527.8,18527.8,2509004441
20100927,090000,18527.8,18527.8,18405.7,18405.7,6059661461
20100928,090000,18405.6,18544.2,18394.7,18535.3,3639649524
20100929,090000,18535.3,18673,18535.3,18671.5,3070771504
20101002,090000,18671.3,18800.3,18671.3,18790.4,3065347737
20101003,090000,18790.4,18833.7,18762.5,18762.5,3857170558
20101005,090000,18762.4,18765.7,18749.8,18749.8,2162750744
20101006,090000,18749.9,18884.8,18749.9,18871.8,3312376585
20101009,090000,18871.8,19003.4,18871.8,18937.7,3373371720
20101010,090000,18937.7,18943.4,18642,18642,3337901303
20101011,090000,18642,18642,18600.2,18600.2,3159794226
20101012,090000,18564,18564,18282.9,18282.9,3447498214
20101013,090000,18283,18283,17895.7,17898,2881277438
20101016,090000,17902.5,17973.1,17833.2,17973.1,3233182751
20101017,090000,17973.1,18111.2,17973.1,18111.2,2172852958
20101018,090000,18111.1,18345.3,18111.1,18343.7,3109194917
20101019,090000,18343.8,18418.2,18293,18293,373460166
20101020,090000,18292.9,18292.9,18229.6,18229.6,1486773750
20101023,090000,18229.5,18345.5,18229.5,18330.9,0
20101024,090000,18324.6,18324.6,18163.6,18163.6,1888941596
20101025,090000,18163.7,18163.7,18035.5,18035.5,1862902108
20101026,090000,18035.9,18057.3,18006.1,18006.1,1724521155
20101027,090000,18006.1,18008.2,17947.7,17956.4,1313817633
20101030,090000,17956.4,18034.9,17956.4,18034.9,1563847366
20101031,090000,18034.9,18078.9,18011,18011,1752721619
20101101,090000,18011,18014.2,17972.9,17972.9,604542206
20101102,090000,17972.9,17976.4,17958.4,17960.5,1232382266
20101103,090000,17960.5,17976.7,17958.7,17976.7,1408425242
20101106,090000,17976.7,18090.3,17976.7,18089.8,1749875036
20101107,090000,18089.8,18098.1,18015.9,18015.9,2184684762
20101108,090000,18015.9,18015.9,17969.5,17969.5,1073633554
20101109,090000,17969.5,18038.5,17969.5,18038.5,1583574471
20101110,090000,18038.5,18113.4,18038.5,18113.4,1710596572
20101113,090000,18113.4,18118.9,18044.3,18044.3,1316530835
20101114,090000,18044.3,18055.9,18042.1,18042.1,5983743385
20101115,090000,18042.1,18109.9,18035.6,18035.6,1601782525
20101116,090000,18035.6,18036.4,18020.1,18021,3451256569
20101120,090000,18021,18073.1,18021,18062.5,2151536393
20101121,090000,18062.5,18140.9,18062.5,18133.7,2441616158
20101122,090000,18133.7,18273.3,18133.7,18259,3482475119
20101123,090000,18257.8,18263.5,18225.6,18226.5,1689470903
20101124,090000,18226.6,18289.2,18226.5,18289.2,1459468143
20101127,090000,18289.2,18431,18289.2,18427.7,1917402212
20101128,090000,18427.7,18463.4,18404.5,18404.5,5170948849
20101129,090000,18404.5,18404.9,18284.9,18284.9,8012443815
20101130,090000,18284.7,18284.7,18242.6,18242.6,1141150051
20101201,090000,18242.6,18280.1,18242.6,18280.1,2230711775
20101204,090000,18280,18299,18280,18292.4,1697985452
20101205,090000,18292.4,18338.1,18292.4,18319.3,1675043162
20101206,090000,18319.3,18319.3,18292.1,18292.1,1335121483
20101207,090000,18291.9,18317.3,18291.1,18317.3,1363005605
20101208,090000,18317.3,18371.3,18317.3,18371.3,1533027322
20101211,090000,18371.2,18468.7,18371.2,18460.3,1575071988
20101212,090000,18460.3,18485.3,18443.7,18443.7,1478946904
20101213,090000,18443.7,18447.8,18414.7,18414.7,1474907995
20101214,090000,18414.7,18415.2,18405.9,18414.3,903107053
20101218,090000,18414.3,18431.1,18366.4,18366.4,1803010498
20101219,090000,18366.4,18377,18203.5,18203.5,2335009962
20101220,090000,18203.4,18249.8,18203.4,18249.8,1519741393
20101221,090000,18249.7,18375.5,18249.7,18353.1,1598593227
20101222,090000,18352.1,18409.7,18352.1,18398.9,1530512659
20101225,090000,18398.9,18585.8,18398.9,18585.8,2439413105
20101226,090000,18585.8,18723.1,18585.8,18723.1,3164338277
20101227,090000,18723.1,18756.9,18683.3,18689.1,2534529494
20101228,090000,18689,18773.5,18689,18771.4,2682915509
20101229,090000,18801.5,18866.7,18801.5,18855.2,4355756620
20110101,090000,18885.2,18908.4,18849.1,18849.1,1510829140
20110102,090000,18848.6,18899.2,18848.5,18898,1691915939
20110103,090000,18890,19021,18890,19021,4529027371
20110104,090000,19019.1,19200.4,19019.1,19200.4,2327752745
20110105,090000,19200.4,19361.5,19200.4,19361.5,11460903997
20110108,090000,19368.6,19459.8,19368.6,19452,3875612439
20110109,090000,19451.5,19700,19451.5,19700,7652533987
20110110,090000,19733.5,19822.9,19681.8,19690.9,9800471653
20110111,090000,19663.1,19779.9,19647,19778.6,3999330993
20110112,090000,19785.5,19802.5,19759.1,19759.1,2050683097
20110115,090000,19743.8,19765.9,19715.9,19729,430301241
20110116,090000,19705.3,19830.6,19705.3,19830.6,3232252533
20110117,090000,19830.6,19907,19830.6,19904.7,4088347365
20110118,090000,19904.7,19942.2,19904.7,19937.7,4454417441
20110119,090000,19937.9,20206.6,19937.9,20206.6,5366703737
20110122,090000,20206.5,20352.8,20206.5,20352.7,7245031597
20110123,090000,20352.7,20421.1,20352.7,20416,4515284239
20110124,090000,20415.6,20462.9,20415.6,20462.9,3331637228
20110126,090000,20462,20689.6,20462,20684.8,3419921967
20110129,090000,20715.3,20938.4,20715.3,20905.9,3156264068
20110130,090000,20916.4,20919.3,20876.6,20877.6,2584955461
20110131,090000,20880,20999.2,20880,20997.2,3582811235
20110201,090000,20997.1,21349.4,20997.1,21349.4,3714508055
20110205,090000,21428.2,21810.8,21428.2,21810.8,6806728170
20110206,090000,21810.7,21908,21810.7,21840,7588843220
20110207,090000,21841.8,21964,21841.8,21944.6,3839352900
20110208,090000,21944.8,21962.2,21867.4,21867.4,2737171828
20110209,090000,21867.5,21935.2,21867.5,21929,2341238821
20110212,090000,21929.8,22013.9,21929.8,22000.6,3439294291
20110213,090000,21991.4,22136.5,21991.4,22136.5,2970313165
20110214,090000,22134.3,22268,22134.3,22260.3,4788553582
20110215,090000,22262.8,22324.4,22262.8,22270.4,3323191183
20110216,090000,22270.4,22270.4,22167.8,22188.3,2577638445
20110219,090000,22188.3,22200.3,22090.3,22090.3,1885733339
20110220,090000,22090.3,22090.3,21762.2,21762.2,1895828400
20110222,090000,21762.2,21789.3,21721,21740.1,2024335994
20110223,090000,21739.4,21770.3,21739.4,21749.5,3833515869
20110226,090000,21733.1,21874.4,21733.1,21867.9,2552970385
20110227,090000,21864.3,21921.4,21864.3,21900.5,2414490216
20110228,090000,21900.5,21900.5,21663.3,21663.3,3243632959
20110301,090000,21663.1,21663.1,21472.9,21472.9,2858801023
20110302,090000,21469.2,21694,21469.2,21694,2109640307
20110305,090000,21687.5,21843.2,21687.5,21843.2,3161896116
20110306,090000,21843.2,21949.9,21843.2,21929.2,5397299302
20110307,090000,21929.3,21947.5,21886,21891.7,9491234386
20110308,090000,21888.3,22034.4,21888.3,22033.3,9198956673
20110309,090000,22033,22114.9,22033,22062.6,4952050635
20110312,090000,22062.6,22062.6,21895.2,21895.2,5463858812
20110313,090000,21893.7,22008.8,21893.7,22008.8,9378908474
20110314,090000,22008.8,22237,22008.8,22237,6129233151
20110315,090000,22236.9,22455.7,22236.9,22455.7,6032563085
20110316,090000,22455.7,22803.9,22455.7,22803.9,3960633499
20110319,090000,22809.2,23294.9,22809.2,23294.9,5208549044
20110326,090000,23295.7,23756.6,23295.7,23756.6,2327530187
20110327,090000,23756.3,24213.2,23756.3,24199.3,3814764022
20110328,090000,24199.8,24287.8,24199.8,24287.8,3799618959
20110329,090000,24287.8,24495.9,24287.8,24486.6,4129199114
20110330,090000,24495.5,24605,24486,24486,6271584685
20110403,090000,24497.8,24590.1,24497.8,24543.6,3420903227
20110404,090000,24552.9,25023.3,24552.9,25023.3,7295960361
20110405,090000,25034.7,25550.4,25034.7,25550.4,7854890174
20110406,090000,25556,25885.1,25556,25885.1,10986849020
20110409,090000,25908.4,26271.9,25908.4,26222.9,16404606068
20110410,090000,26227.4,26260.4,26003.1,26003.1,14121710891
20110411,090000,26014.5,26252.2,26014.5,26145.2,8377545493
20110412,090000,26175.3,26464.3,26175.3,26412.7,7023698949
20110413,090000,26412.7,26541.9,26412.7,26541.9,7222362686
20110416,090000,26552.3,26756.6,26552.3,26676.1,8359832283
20110417,090000,26690.9,26693.5,26446.6,26446.6,4310262950
20110418,090000,26469.9,26522.7,26429.2,26429.2,6858954079
20110419,090000,26428,26451.5,26215.4,26215.4,3529952005
20110420,090000,26209.6,26481.5,26209.6,26481.5,4856558405
20110423,090000,26481.5,26618.1,26481.5,26610.1,5672221459
20110424,090000,26610.1,26641,26539.9,26539.9,4742718429
20110425,090000,26537,26537,26259.2,26261.4,2619722224
20110426,090000,26261.5,26325.2,26259.6,26273.6,9562672596
20110427,090000,26273.6,26273.6,25781.8,25781.8,5783335142
20110430,090000,25781.8,25781.8,25321.7,25321.7,6232546914
20110501,090000,25321.7,25321.7,24685.5,24685.5,8099725831
20110502,090000,24685.3,25050.5,24685.3,25037.4,3563564372
20110503,090000,25037.5,25269.7,25037.5,25211.1,8804065291
20110504,090000,25209.3,25520.3,25209.3,25520.3,5344087530
20110508,090000,25520,25557.3,25366.6,25366.6,5893004111
20110509,090000,25366.4,25752.8,25366.4,25752.8,4640580808
20110510,090000,25753.8,26041.8,25753.8,26041.8,7692256873
20110511,090000,26041.7,26100.4,25891.6,26009.1,4306466904
20110515,090000,26033.6,26123.9,25911.7,25911.7,975928527
20110516,090000,25908.5,25919.2,25759.6,25759.6,1227925902
20110517,090000,25764.6,25773.4,25731.1,25773.4,955175392
20110518,090000,25773.2,25940.8,25773.2,25940.8,3537117323
20110521,090000,25940.8,26158.1,25940.8,26155.6,4708670693
20110522,090000,26128.8,26165.3,26039.4,26055.5,3619008161
20110523,090000,26055.7,26080.8,26020.5,26059.9,3656348230
20110524,090000,26050.4,26074.4,25861.9,25861.9,1271932482
20110525,090000,25860.6,25860.6,25290.7,25290.7,3134639796
20110528,090000,25290.7,25309.2,25024,25024,2816520442
20110529,090000,25290.7,25290.7,24598.6,24598.6,2132255700
20110530,090000,24600.5,24864.72,24600.5,24864.72,5235361577
20110531,090000,24949.55,25132.81,24949.55,25132.81,1238466778
20110601,090000,25116.25,25116.25,25093.51,25093.51,1501926543
20110606,090000,25093.4,25301.5,25093.4,25293.7,2133942166
20110607,090000,25273.4,25279.9,25121.5,25121.5,2052085862
20110608,090000,25123.3,25300.2,25050.6,25286.5,2262827394
20110611,090000,25286.5,25434.5,25244.8,25244.8,3477124991
20110612,090000,25244.7,25244.7,25121.6,25121.6,5135989555
20110613,090000,25121.7,25266.4,25121.7,25237.5,4431907975
20110614,090000,25235.5,25249.5,25043.8,25043.8,2961006614
20110615,090000,25043.3,25045,24854.8,24854.8,2409965160
20110618,090000,24855.1,25193.8,24855.1,25193.8,1820760697
20110619,090000,25187.4,25249.6,25187.4,25214.2,2185067816
20110620,090000,25214.6,25224.1,25120.9,25120.9,2148669995
20110621,090000,25130.1,25197.2,25130.1,25181.6,2394975037
20110622,090000,25174.7,25180.6,25127.1,25127.1,2802353080
20110625,090000,25124.8,25124.8,25023.5,25023.5,1704146305
20110626,090000,25022.8,25022.8,24675,24675,4191438457
20110627,090000,24674.9,24674.9,24148.6,24148.6,5271372922
20110628,090000,24148.6,24209.4,24137.5,24180.4,2821970948
20110629,090000,24181,24503.5,24181,24503.5,1722624701
20110702,090000,24502.9,24745.6,24502.9,24742.7,1837091339
20110703,090000,24741.8,24811.4,24741.8,24742.5,1894840282
20110704,090000,24742.7,24756.5,24698.3,24698.3,1334018788
20110705,090000,24698,24869,24698,24816.6,1523835664
20110706,090000,24814.6,24838.4,24801.3,24801.3,2294245616
20110709,090000,24799.9,24833.9,24717,24717,1578487426
20110710,090000,24717.8,24730.5,24541.3,24541.3,3951260989
20110711,090000,24541.1,24548.2,24504.3,24504.3,5039778118
20110712,090000,24506.7,24511.3,24387.1,24387.1,1214458801
20110713,090000,24386.6,24392.4,24284.3,24286.4,3312600778
20110716,090000,24283.4,24353,24283.4,24348.9,1293282581
20110718,090000,24348.9,24460.7,24348.9,24460.7,3012242871
20110719,090000,24460.2,24527.5,24460.2,24496.9,1696986531
20110720,090000,24494.6,24602,24494.6,24602,1708494398
20110723,090000,24602,24809.7,24602,24809.7,2845154467
20110724,090000,24809.6,25182.3,24809.6,25182.3,2952033936
20110725,090000,25178.6,25345.8,25178.6,25325.4,3843359354
20110726,090000,25325.4,25446.7,25325.4,25434.7,2642391834
20110727,090000,25431.7,25508.9,25431.7,25471.9,3129587780
20110730,090000,25472.7,25487.7,25298.1,25298.1,1741405144
20110731,090000,25294.8,25294.8,25110.8,25110.8,1704010491
20110801,090000,25111.8,25270.1,25111.8,25270.1,4306477645
20110802,090000,25270,25322.1,25270,25284.6,2095190016
20110803,090000,25285.6,25328.4,25285.6,25316.3,2030251375
20110806,090000,25316.3,25316.3,25008.1,25008.1,3201088177
20110807,090000,25008.1,25008.1,24923.6,24923.6,1751050133
20110808,090000,24961.2,25018.2,24961.2,24970.8,4487827908
20110809,090000,24970.8,24970.8,24596.7,24596.7,4150615343
20110810,090000,24596.7,24875.8,24596.7,24875.8,774200181
20110813,090000,24875.8,25005.2,24875.8,24997,2381886829
20110814,090000,24997,25125.8,24997,25092.8,4434507522
20110815,090000,25092.8,25092.8,25059.4,25059.4,3014789866
20110816,090000,25059.3,25139.8,25059.3,25090.5,4555743733
20110817,090000,25090.5,25242.8,25090.5,25237.7,11333344872
20110820,090000,25237.6,25280.6,25214.2,25231.7,3648241770
20110821,090000,25231.6,25240.1,25217.1,25217.1,3867090156
20110823,090000,25215.5,25389.2,25215.5,25389.2,2485464531
20110824,090000,25389.5,25483.9,25389.5,25475.7,7831109243
20110827,090000,25475.8,25568.3,25475.8,25555.6,2548654402
20110828,090000,25572.5,25576.2,25475.1,25475.1,2778412191
20110829,090000,25476.7,25621.6,25465.6,25621.6,3850761433
20110830,090000,25621.7,25822,25621.7,25822,5730538140
20110903,090000,25822,26083.4,25822,26083.4,4027905997
20110904,090000,26095.3,26258.1,26095.3,26254.6,5584150690
20110905,090000,26255.9,26360.8,26255.9,26360.8,4926809129
20110906,090000,26380.7,26714.8,26380.7,26714.8,4287704428
20110907,090000,26714.6,26936.3,26714.6,26930.2,10174461951
20110910,090000,26930.2,27101,26930.2,27098.4,6462928552
20110911,090000,27098.4,27124.3,27098.4,27099.9,5102464890
20110912,090000,27105.5,27118.5,27058.6,27058.6,5408538070
20110913,090000,27060.9,27065.7,26933.1,26933.1,4389250243
20110914,090000,26934.5,26945.2,26836.7,26836.7,2898307766
20110917,090000,26837.1,26869.2,26834,26855,2637959945
20110918,090000,26860.3,26913.8,26860.3,26885,3936540399
20110919,090000,26908.2,26927.5,26866.8,26866.8,2830873207
20110920,090000,26866.9,26866.9,26834.3,26847.4,1262178332
20110921,090000,26845.7,26962.1,26845.7,26962.1,4302380034
20110925,090000,26965.2,26965.2,26764.8,26764.8,6509602033
20110926,090000,26763.2,26763.2,26571.8,26571.8,1983651916
20110927,090000,26583.7,26693,26543.6,26693,1970994281
20110928,090000,26700.8,26793,26700.8,26792.7,2381204305
20111001,090000,26792.7,26797.9,26707.8,26707.8,2585225834
20111002,090000,26707.5,26719.5,26672.8,26672.8,2378086630
20111003,090000,26672.1,26720.5,26664.6,26664.6,3383493339
20111004,090000,26663.6,26761.1,26663.6,26756.2,2556762905
20111005,090000,26756.3,26864.8,26756.3,26863.4,3149567457
20111008,090000,26864,26927.4,26864,26912.7,2338388950
20111009,090000,26912.3,26917.9,26868.8,26868.8,2472662229
20111010,090000,26842.4,26855.5,26819.5,26819.5,2096012329
20111011,090000,26821.7,26912.1,26821.7,26903,3778848774
20111012,090000,26894.9,26901.9,26844.3,26844.3,2256547060
20111015,090000,26844.1,26844.1,26668.3,26668.3,1363976924
20111016,090000,26668.6,26668.6,26291.2,26291.2,2786290661
20111017,090000,26291.2,26291.2,26159.4,26159.4,4606785862
20111018,090000,26159.4,26170.3,26158.9,26158.9,5249957702
20111019,090000,26158.8,26219.8,26158.8,26207.7,3082528018
20111022,090000,26207.7,26215.9,26151,26151,1334570953
20111023,090000,26150.8,26154.3,26049.6,26049.6,2147608740
20111024,090000,26049.6,26049.6,25874.9,25874.9,4019043670
20111025,090000,25875,25926.6,25875,25924.8,5261786702
20111026,090000,25924.7,25952.1,25915.4,25915.4,2057522170
20111029,090000,25915.4,25989.1,25915.4,25953.3,2011344875
20111030,090000,25952.9,25969.5,25911.3,25911.3,1589018137
20111031,090000,25911.3,25931.3,25906,25910,1636312910
20111101,090000,25910,25933.6,25887.4,25903.1,1851976044
20111102,090000,25924.9,26003.4,25924.9,26001.5,2512775754
20111105,090000,26001.5,26002.9,25874.2,25874.2,2862387207
20111106,090000,25874.2,25874.2,25589.5,25589.5,2602216546
20111108,090000,25588.7,25588.7,25328.7,25328.7,3405938837
20111109,090000,25328.6,25394.2,25305.3,25394.2,5323793710
20111112,090000,25385.9,25470.7,25385.9,25462.9,4531370061
20111113,090000,25462.7,25467.1,25372.6,25372.6,3814932305
20111114,090000,25372.1,25381.9,25366.6,25366.6,3514489902
20111116,090000,25366.6,25385.1,25366.4,25366.4,4310323657
20111119,090000,25366.1,25382.6,25361.7,25366.7,1781457900
20111120,090000,25366.7,25378.4,25298.4,25298.4,4217444087
20111121,090000,25297.8,25297.8,25207.6,25207.6,2153626372
20111122,090000,25210.3,25210.3,24881.1,24881.1,3543260225
20111123,090000,24881,24881,24568.2,24568.2,2293257975
20111126,090000,24568.2,24568.2,24468.3,24468.3,1566517272
20111127,090000,24468.2,24468.2,24056.4,24056.4,3623692645
20111128,090000,24057.5,24057.5,23977.5,23977.5,3162143296
20111129,090000,23975.9,24089.2,23975.9,24089.2,2946433994
20111130,090000,24089.2,24089.2,24007.7,24016.6,4466231064
20111203,090000,24016.5,24116.4,24016.5,24116.4,2316020474
20111204,090000,24111.6,24356.8,24111.6,24356.8,2724263359
20111207,090000,24355.8,24662.6,24355.8,24662.6,3451300830
20111210,090000,24673,24735,24673,24688.2,4819345439
20111211,090000,24693.6,24694.6,24541.2,24546.3,2392030851
20111212,090000,24551.8,24559.7,24551.3,24554.9,2663344938
20111213,090000,24554.9,24619.3,24554.9,24618.1,2343175454
20111214,090000,24619.8,24623.6,24584.6,24590.7,3828481115
20111217,090000,24586.9,24599,24528.6,24528.6,1788007847
20111218,090000,24528.8,24608,24528.8,24604,2817343664
20111219,090000,24603.4,24648.7,24603.4,24638.1,2820303238
20111220,090000,24641.1,24649.6,24589.4,24589.4,2777421867
20111221,090000,24590.6,24608.8,24493.7,24493.7,4715001818
20111224,090000,24468,24494.2,24456.7,24456.7,3291060269
20111225,090000,24456.7,24485.5,24455.1,24455.1,3562840679
20111226,090000,24459.1,24476.2,24377.4,24377.4,4238809472
20111227,090000,24377.2,24377.2,24327.2,24327.2,1206202189
20111228,090000,24327.2,24336,24318.9,24320.7,2432089412
20111231,090000,24320.8,24403.1,24320.8,24403.1,2073142446
20120101,090000,24401.7,24442.8,24400.9,24400.9,2464923375
20120102,090000,24395.4,24395.4,24323.7,24323.7,1346222479
20120103,090000,24326.8,24507,24326.8,24507,2813450936
20120104,090000,24520.2,24839.1,24520.2,24839.1,4052118764
20120107,090000,24838.8,24902.9,24838.8,24887.9,4110187038
20120108,090000,24887.9,24893.2,24854.8,24854.8,2000786169
20120109,090000,24863,25084.6,24863,25082.7,3400190138
20120110,090000,25082.7,25207.4,25082.7,25207.4,2414261493
20120111,090000,25210.6,25440.3,25210.6,25440.3,5370848098
20120115,090000,25439.9,25756.1,25439.9,25755.3,12883705113
20120116,090000,25755.3,25909.9,25755.3,25903.4,4490848165
20120117,090000,25904.1,25923,25692.8,25692.8,3218842315
20120118,090000,25692.8,25811.6,25692.8,25811.2,4699003829
20120121,090000,25811.2,25834.9,25770,25772.3,1154593819
20120123,090000,25782.6,25801.7,25620.7,25620.7,2356518467
20120125,090000,25620.7,25629.5,25540.4,25540.4,2034519930
20120128,090000,25540.5,25722.6,25540.5,25722.6,1809695347
20120129,090000,25723,25945.3,25723,25931.3,5561204383
20120130,090000,25954.3,25986.2,25912.9,25912.9,1943924289
20120131,090000,25912.9,26008,25912.9,25913.8,2929734025
20120201,090000,25913.8,25939.1,25878.2,25878.2,3139350742
20120204,090000,25878.2,25952,25878.2,25907,31947272057
20120205,090000,25919.3,25926,25717.6,25717.6,86341616987
20120206,090000,25717.6,25717.6,25579.8,25579.8,107584406470
20120207,090000,25581,25587.7,25436.6,25436.6,78157608393
20120208,090000,25437.3,25439.7,25371.7,25371.7,85754963019
20120212,090000,25371.7,25381.5,25320.7,25320.7,54603431595
20120213,090000,25320.7,25327.4,25279.7,25279.8,68670323291
20120214,090000,25223.9,25225.2,24946.4,24946.4,95773608583
20120215,090000,24947,24947,24829.3,24829.3,132459028570
20120219,090000,24848.5,24893.8,24848.5,24878.3,65373530896
20120220,090000,24871.4,24933.4,24871.4,24923.2,287002542947
20120221,090000,24923.2,25071.1,24923.2,25035.2,177540122679
20120222,090000,25034.9,25069.8,25012.6,25012.6,162147614831
20120225,090000,25012.6,25027,24936.1,24936.1,237935825708
20120226,090000,24936.1,24976.9,24936.1,24976.9,153532330554
20120227,090000,24976.9,25099.6,24976.9,25098.4,112517029425
20120228,090000,25098.4,25246.7,25098.4,25244.4,154632992488
20120229,090000,25248.3,25391.3,25248.3,25370.8,232712206186
20120229,130000,25354.5,25354.5,25354.5,25354.5,17328255829
20120303,090000,25354.5,25385.1,25354.5,25365.5,97507877588
20120304,090000,25369.2,25419,25369.2,25417.9,79046898984
20120305,090000,25427.8,25431.2,25317.1,25320.1,141916031859
20120306,090000,25320.1,25343.7,25307.9,25307.9,100907908377
20120307,090000,25307.9,25400.2,25307.9,25400.2,108907524369
20120310,090000,25400.2,25468.8,25400.2,25457.6,153408137419
20120311,090000,25457.6,25550.7,25457.6,25491.1,133354940845
20120312,090000,25491.1,25495.8,25300,25300,113412076332
20120313,090000,25300,25300,25246.3,25265.3,135328039811
20120314,090000,25267.5,25481.5,25267.5,25481.5,140595235698
20120317,090000,25446.5,25607.2,25446.5,25607.2,106310211249
20120318,090000,25607.7,25905.6,25607.7,25905.6,221028889736
20120324,090000,25905.6,26280.5,25905.6,26280.5,40408913749
20120325,090000,26281.9,26513,26281.9,26502.3,80347597299
20120326,090000,26516.4,26522.6,26408.7,26408.7,70094842348
20120327,090000,26425.7,26538.9,26425.7,26533,60189549962
20120328,090000,26530.8,26576.2,26530.8,26576.2,60179946353
20120402,090000,26577.4,26621.1,26484.8,26484.8,65929968520
20120403,090000,26499.8,26502.8,26327,26327,111759401557
20120404,090000,26327,26358,26300.3,26300.3,60956097763
20120407,090000,26315.9,26430,26315.9,26383.4,266379142864
20120408,090000,26383.7,26523.1,26383.7,26491.8,113626838202
20120409,090000,26491.8,26519.3,26482.6,26482.6,92678023111
20120410,090000,26456.7,26682.6,26456.7,26664.1,134624663979
20120411,090000,26664.1,26757.8,26664.1,26757.8,149982220792
20120414,090000,26766.4,26896.8,26766.4,26896.8,78736281630
20120415,090000,26897,27281.2,26897,27281.2,208709015045
20120416,090000,27281.2,27411.8,27245.2,27245.6,226736333183
20120417,090000,27245.7,27245.7,27178.6,27185.3,92623738551
20120417,130000,27185.6,27185.6,27185.6,27185.6,7211984308
20120418,090000,27200,27282.3,27200,27259.9,112243141135
20120421,090000,27262,27303.9,27211.7,27211.7,82813109569
20120422,090000,27210.4,27214.9,27169.3,27169.3,50055220911
20120423,090000,27170.6,27199.7,27085.3,27085.3,82865739087
20120424,090000,27085.2,27155.3,27085.2,27129.9,68466464411
20120428,090000,27129.9,27135.6,27010.1,27010.1,119947804234
20120429,090000,27011.6,27019.9,26953.8,26953.8,107611660837
20120430,090000,26953.8,26961.4,26953.4,26960,63547057270
20120501,090000,26975.7,26975.7,26948.9,26969.8,77741419339
20120502,090000,26969.8,26976.2,26951.8,26964.8,81402799279
20120505,090000,26964.8,27039.1,26935.7,26935.7,271467696913
20120506,090000,26934.6,26950.9,26932.1,26932.1,195927352254
20120506,130000,26932.2,26932.2,26932.2,26932.2,16949895745
20120507,090000,26919,26931.1,26886.3,26886.3,470527626036
20120508,090000,26886.1,26897.7,26870.5,26870.5,120681924042
20120509,090000,26888.3,26903.5,26871.9,26871.9,84794271430
20120512,090000,26871.8,26896,26743.4,26743.8,68224116217
20120513,090000,26784.5,26796.6,26657,26658,64013437480
20120514,090000,26657.5,26716.7,26657.5,26715.2,97796534632
20120515,090000,26715.2,26731.2,26677.2,26677.3,84881681594
20120516,090000,26683.6,26688.4,26652.5,26652.6,47000368726
20120519,090000,26652.6,26675.8,26651.6,26651.6,9114541083
20120519,130000,26652.1,26652.1,26652.1,26652.1,289297993
20120520,090000,26652.1,26681,26652.1,26667.7,63858030077
20120521,090000,26667.3,26845.8,26667.3,26845.8,166831957849
20120522,090000,26845,26912.7,26845,26912.7,81121793572
20120523,090000,26912.7,27091.2,26912.7,27091.2,95587348838
20120526,090000,27092.8,27092.8,26909.3,26909.5,126995885265
20120527,090000,26910,26928.3,26905,26905,86907400444
20120528,090000,26904.8,26919.1,26848.7,26848.7,89132898488
20120529,090000,26848.7,26856.1,26803.6,26803.6,76014874614
20120530,090000,26804,26819,26755.8,26755.9,81351192989
20120602,090000,26756.4,26760.5,26734.6,26735.4,44437189264
20120605,090000,26737.3,26749.4,26693,26693,181467737072
20120606,090000,26693,26693,26623,26635.6,67809756713
20120609,090000,26635.1,26635.1,26365.1,26365.1,129260631689
20120609,130000,26365.2,26365.2,26365.2,26365.2,9485956398
20120610,090000,26364.9,26364.9,26264.8,26264.8,180744859960
20120611,090000,26264.8,26412.1,26264.8,26411.8,115435275465
20120612,090000,26411.8,26444.9,26411.8,26440.5,90953127658
20120613,090000,26429.5,26439.1,26423.5,26439.1,37612123787
20120616,090000,26439.1,26439.5,26406.7,26406.7,35018529527
20120617,090000,26406.7,26408.2,26325.5,26325.5,27219793538
20120619,090000,26326.2,26326.2,26291.8,26291.8,22593314317
20120620,090000,26291.8,26291.8,26165.9,26165.9,42388502457
20120623,090000,26165.9,26165.9,25938.1,25938.1,49739410029
20120624,090000,25938.1,25938.1,25681,25681.1,155152582100
20120625,090000,25681.1,25686.3,25558.3,25558.4,260164906474
20120626,090000,25558.4,25558.4,25325,25325,104140622836
20120627,090000,25325,25325,25054.6,25054.6,161912412677
20120630,090000,25053.7,25170.7,25053.7,25170.7,56347898067
20120701,090000,25170.7,25227.2,25170.7,25227.2,134835156769
20120702,090000,25227.2,25345.6,25227.2,25345.5,136361784117
20120703,090000,25345.4,25450.8,25345.4,25438,190299700789
20120704,090000,25438,25467.5,25416.9,25428.5,122889532095
20120707,090000,25433.3,25462.5,25433.3,25445.5,63593440617
20120708,090000,25412.1,25486.7,25352.9,25352.9,80182843102
20120708,130000,25354.3,25354.3,25354.3,25354.3,6545754900
20120709,090000,25354.3,25372.8,25279.2,25279.2,87143810979
20120710,090000,25279.2,25307.9,25275.2,25307.5,109826659125
20120711,090000,25307.5,25430.8,25307.5,25388.1,209057016214
20120714,090000,25381.3,25445,25381.3,25431.5,60181955518
20120715,090000,25433.3,25449.8,25296.1,25296.1,222050797151
20120716,090000,25292.9,25292.9,25159.7,25159.7,96189456716
20120717,090000,25155.3,25155.3,25021.3,25021.3,316500346556
20120718,090000,25021.3,25038.8,25013.5,25038.8,42739921464
20120718,130000,25039.2,25039.2,25039.2,25039.2,3155566333
20120721,090000,25039.2,25050.4,25021.2,25021.2,10512973494
20120722,090000,25021.2,25024.7,24996,24996,28838877773
20120723,090000,24996,25039.2,24995.7,25029.5,23306953986
20120724,090000,25029.5,25120.8,25029.5,25094.3,21464348526
20120725,090000,25094.3,25117.6,25088.8,25088.8,39805102203
20120728,090000,25088.8,25103.2,25023.3,25023.3,58389150034
20120729,090000,25023.3,25023.3,24747.4,24747.4,27995562379
20120730,090000,24747.4,24747.4,24550.4,24550.4,38304367075
20120731,090000,24550.4,24584,24546.6,24584,45475277557
20120801,090000,24584,24588.2,24546.7,24546.7,28670160596
20120804,090000,24544.5,24544.5,24332.6,24332.6,30737718735
20120805,090000,24332.6,24332.6,24108.6,24108.6,35720357547
20120805,130000,24108.5,24108.5,24108.5,24108.5,2695123121
20120806,090000,24108.5,24115.4,24001,24001,205466773826
20120807,090000,24001,24001,23854.6,23855.1,79588427878
20120808,090000,23855.1,23855.1,23767.5,23787.3,50570102874
20120811,090000,23787.3,23957.2,23787.3,23957.2,20000676687
20120812,090000,23957.2,24031.7,23957.2,24024.3,85504168744
20120812,130000,24024.2,24024.2,24024.2,24024.2,4728369598
20120813,090000,24024.2,24055.5,24024.2,24049.7,57560419858
20120814,090000,24049.7,24102.2,24049.7,24102.1,25921558192
20120815,090000,24102.1,24125.3,24102.1,24125.3,16239880347
20120818,090000,24125.3,24144.7,24125.3,24144.7,11061738980
20120819,090000,24144.7,24144.7,24144.7,24144.7,0
20120821,090000,24144.7,24279.1,24144.7,24279.1,16108495300
20120822,090000,24279.1,24340.4,24279.1,24339.2,36751156707
20120825,090000,24363.5,24528.2,24363.5,24523.2,207107034632
20120826,090000,24566.4,24589.3,24554.8,24586.5,61895388309
20120827,090000,24586.5,24653,24586.5,24649,106970552977
20120902,090000,24649,24730.1,24649,24730.1,35815103034
20120903,090000,24729.5,25055.1,24729.5,25055,64994402260
20120904,090000,25031.8,25384,25031.8,25384,73144261800
20120905,090000,25373.1,25664.4,25373.1,25659.9,245171088152
20120908,090000,25658,25810.4,25658,25791.9,112534435994
20120909,090000,25794.6,25794.7,25569,25569,80115783550
20120909,130000,25569.2,25569.4,25569.2,25569.2,24744102452
20120910,090000,25569.2,25735.1,25569.2,25735.1,97323636378
20120911,090000,25735.5,25902.7,25735.5,25889.2,151267658601
20120915,090000,25888.2,26285.4,25888.2,26283.7,101491654092
20120916,090000,26282.6,26315.9,26217.2,26217.2,143946214854
20120917,090000,26221.9,26470.6,26221.9,26470.6,144991669261
20120918,090000,26433,26583.3,26433,26556.9,115445191947
20120919,090000,26556.9,26597.8,26514.5,26514.5,208022665445
20120922,090000,26519.4,26875.4,26519.4,26875.3,448135482030
20120923,090000,26884.2,27139.4,26884.2,27127.1,506482820893
20120924,090000,27126.6,27126.6,27059.2,27083.6,341989213655
20120924,130000,27083.5,27083.6,27080.4,27080.7,173478643768
20120925,090000,27102,27440.1,27102,27440.1,345682163905
20120926,090000,27445.6,28132.2,27445.6,28132.2,484641606666
20120929,090000,28134.1,28828.7,28134.1,28828.7,410034650419
20120930,090000,28832.4,29287.6,28832.4,29207.1,1086984442637
20121001,090000,29207.1,29230.5,28788.8,28788.8,641420279979
20121002,090000,28795.7,28795.7,28591.6,28667.1,722828654628
20121003,090000,28667.1,29123.4,28667.1,29098.5,833991604196
20121006,090000,29098.5,29098.5,28789.5,28862.9,312802782344
20121006,130000,28862.3,28862.3,28862.3,28862.3,22950063403
20121007,090000,28862.9,28927.8,28858.6,28858.6,269482185120
20121008,090000,28858.6,29014.1,28858.6,29014.1,319921029949
20121009,090000,29014.1,29074.9,29014.1,29032.5,198254240621
20121010,090000,29030.4,29034.4,28845.7,28845.7,289545141001
20121013,090000,28845.7,28845.7,28557.9,28557.9,120294496766
20121014,090000,28557.9,28656.1,28532,28656.1,290696243902
20121015,090000,28656.1,29018.1,28656.1,28981.3,328365730182
20121016,090000,28953.4,29266.6,28953.4,29248.2,441292482015
20121017,090000,29248.2,29502.5,29248.2,29502,277357276639
20121020,090000,29501,29996.4,29501,29992.6,282932956755
20121021,090000,29993.6,30247.6,29993.6,30211.4,689542000288
20121022,090000,30211.4,30703.1,30211.4,30671.6,406404859807
20121023,090000,30671.6,30681.1,30615.7,30615.7,474405070093
20121024,090000,30594.2,30749.6,30594.2,30749.3,538393411355
20121027,090000,30751.8,31131.4,30751.8,31121.7,463043783744
20121028,090000,31117.4,31205,31117.4,31160.1,495079552269
20121029,090000,31160.1,31234.8,31160.1,31221.5,487862016888
20121030,090000,31221.5,31435.5,31221.5,31331.6,554964181572
20121031,090000,31330.2,31330.2,31082,31082.4,402046744467
20121104,090000,31082.4,31298.5,31082.4,31205.2,253795333608
20121105,090000,31205.2,31205.2,30736.6,30736.6,397435595918
20121106,090000,30736.6,30965.4,30736.6,30940.3,326821697188
20121107,090000,30940.5,31282.9,30940.5,31282.9,423126351377
20121110,090000,31284.1,31355.6,31149.8,31220.1,349635831246
20121111,090000,31218.4,31218.4,31015.6,31015.6,160206204944
20121112,090000,31015.6,31015.6,30969.2,30978.8,233064339456
20121113,090000,30978.8,31215,30978.8,31215,300651346168
20121114,090000,31215,31370.2,31215,31336.4,662450678409
20121117,090000,31336.4,31388.6,31260.3,31260.3,489041252667
20121118,090000,31329.5,31342,31259.2,31335.7,310339292351
20121119,090000,31271.2,31291,31096.5,31096.5,613875633670
20121120,090000,31097.8,31140.9,31085.4,31140.9,172774260921
20121121,090000,31140.9,31259.5,31140.9,31259.5,136456921771
20121126,090000,31259.5,31608.9,31259.5,31608.9,345531081212
20121127,090000,31608.3,32018.4,31608.3,32018.1,395445355564
20121128,090000,32017.6,32340.5,32017.6,32339.5,461884527646
20121201,090000,32339.1,32742.4,32339.1,32741.5,478463675133
20121201,130000,32738.6,32741.5,32738.6,32741.5,71940969730
20121202,090000,32737.6,33189.2,32737.6,33113.4,813566754994
20121202,130000,33113.5,33113.5,33113.5,33113.5,58604552923
20121203,090000,33113.5,33114.1,33015.1,33015.7,685490930323
20121204,090000,33016.9,33131,33016.9,33073.4,491085556510
20121205,090000,33096.1,33282,33096.1,33282,536504015812
20121208,090000,33297,33716.2,33297,33659.9,442203011214
20121209,090000,33662.3,33662.4,33544,33612.6,699588809230
20121210,090000,33612.7,33865.9,33612.7,33760.8,602525778578
20121211,090000,33760.8,33921.7,33760.8,33890.3,377731647564
20121211,130000,33889.4,33889.4,33889.4,33889.4,27327529395
20121212,090000,33889.4,33920.7,33687,33687,285481353128
20121215,090000,33687,33968.7,33687,33949.3,226110505677
20121216,090000,33947,34090.9,33947,34090.9,270736560771
20121217,090000,34090.3,34669.5,34090.3,34669.5,542517143652
20121218,090000,34669.5,35106.2,34669.5,35106.2,995200348354
20121219,090000,35106.2,35775.9,35106.2,35760.3,509912418566
20121222,090000,35760.1,36040.5,35760.1,36040.5,684621375395
20121223,090000,36039.8,36829.3,36039.8,36829.3,980416287868
20121224,090000,36829.3,37530.7,36829.3,37530.7,575886597149
20121225,090000,37530.7,37746.4,37364.7,37366.4,811000040001
20121226,090000,37366.4,37850.9,37366.4,37798.8,617484617127
20121229,090000,37799.2,37918.1,37622.4,37622.4,400387727970
20121230,090000,37622.4,37622.4,37088.9,37116.3,495790418084
20121231,090000,37295.7,37860.6,37295.7,37860.6,481453295761
20130101,090000,37861.6,38091.7,37861.6,37987,353327208326
20130102,090000,37987.4,37987.4,37648.5,37648.5,222500354407
20130106,090000,37646.6,37650.5,37059,37059,138507387952
20130107,090000,37060,37077,37014.9,37077,217322506612
20130108,090000,37077,37315,37077,37314.9,147306542599
20130109,090000,37314.9,37441.5,37314.9,37441.5,171975410729
20130113,090000,37436,37827.4,37436,37786.2,244324061623
20130114,090000,37786.2,38110.9,37786.2,38082.8,468469168320
20130115,090000,38082.8,38402.9,38082.8,38319.4,574801431078
20130115,130000,38319.3,38322.5,38318.6,38322.5,399103546878
20130116,090000,38322.5,38345.1,38220,38343.6,284571183075
20130119,090000,38343.6,38343.6,37898.8,37898.8,264880177973
20130120,090000,37898.8,37898.8,37627.5,37627.5,226248923490
20130121,090000,37628.5,37639,37285.3,37285.3,227687909633
20130121,130000,37284,37284,37284,37284,16704934501
20130122,090000,37284,37284,36594,36594,270280140401
20130123,090000,36594,37257.1,36594,37233.7,333886851426
20130123,130000,37233.1,37233.1,37233.1,37233.1,26486922842
20130126,090000,37233.7,37437.9,37233.7,37409.4,333957356878
20130127,090000,37404.6,37404.6,36723.2,36723.3,426855857166
20130128,090000,36723.3,36723.3,36616.9,36674.7,225346089447
20130130,090000,36674.7,36684.4,36544.7,36554.9,73769969877
20130202,090000,36554.9,36813.1,36554.9,36801.4,198168629190
20130203,090000,36801.4,36812.6,36755.5,36761.1,264408198951
20130204,090000,36761.1,36761.1,36447,36447,301405788343
20130205,090000,36455.3,36516.1,36454.7,36505.6,8519089191
20130206,090000,36528.5,36913.2,36528.5,36913.2,10510189787
20130209,090000,36961.8,38209.5,36961.8,38205.3,10348214661
20130211,090000,38240.4,38394.3,38240.4,38394.3,13511007462
20130212,090000,38496.9,38711.7,38496.9,38640.1,13215951118
20130213,090000,38716.1,38716.1,38576.9,38611.4,4859903415
20130216,090000,38649.7,38707,38646.6,38654.9,14851531227
20130217,090000,38655,38758,38655,38710.5,8729569875
20130217,130000,38710.3,38710.3,38710.3,38710.3,348470070
20130218,090000,38710.3,38824.8,38710.3,38739.4,4270753605
20130219,090000,38739.4,38764.3,38550.8,38550.8,4375077453
20130220,090000,38550.8,38620.1,38479.2,38479.2,4096996345
20130223,090000,38479.2,38522.5,38325.8,38325.8,4124497591
20130224,090000,38327.7,38385.5,37931.2,37931.2,3817335029
20130224,130000,37931.1,37931.1,37931.1,37931.1,374215270
20130225,090000,37931.1,37931.1,37350.5,37350.5,7372484386
20130226,090000,37350.6,37573.8,37314.4,37573.7,6879878818
20130227,090000,37573.7,37822.1,37573.7,37811.6,6848032595
20130302,090000,37803.3,37813.3,37437.2,37437.2,3905639989
20130303,090000,37437.2,37439.5,37133.6,37156.1,6830810957
20130304,090000,37156.1,37206.6,37135.9,37135.9,4572043184
20130305,090000,37135.9,37227.7,36950.6,36950.6,6783224369
20130305,130000,36950.6,36950.6,36950.6,36950.6,1477568630
20130306,090000,36950.6,36963.2,36925,36925,5306493893
20130306,130000,36925,36925,36925,36925,5629156080
20130309,090000,36925.1,36925.4,36585.5,36585.5,6754252040
20130309,130000,36585.5,36585.5,36585.5,36585.5,8027430534
20130310,090000,36585.5,37115.9,36585.5,37100.9,7105483798
20130310,130000,37100.9,37100.9,37100.9,37100.9,8056432024
20130311,090000,37101,37244,37101,37193.5,9861567679
20130311,130000,37193.5,37193.5,37193.5,37193.5,13131329550
20130312,090000,37193.6,37268.4,37137.7,37268.4,6004001359
20130312,130000,37268.4,37268.4,37268.4,37268.4,6975562960
20130313,090000,37268.4,37998.7,37268.4,37998.6,15371149239
20130313,130000,37998.6,37998.6,37998.6,37998.6,16189393035
20130316,090000,37998.7,38126.4,37855,37855,14836640422
20130316,130000,37855,37855,37854.8,37854.8,32434184667
20130317,090000,37854.8,37854.8,37514,37516.1,22800911663
20130317,130000,37516.1,37516.1,37516.1,37516.1,25778577396
20130318,090000,37516.1,38040.8,37516.1,38040.7,11572605883
20130318,130000,38040.7,38040.7,38040.7,38040.7,13611299084
20130325,090000,38040.8,38602.6,38040.8,38602.6,4009454783
20130325,130000,38602.6,38602.6,38602.6,38602.6,4630029366
20130326,090000,38602.6,39351.1,38602.6,39351,3634057819
20130326,130000,39351,39351,39351,39351,3797025793
20130327,090000,39351.1,39744.5,39351.1,39741.7,4204536780
20130327,130000,39741.7,39741.7,39741.7,39741.7,3943073303
20130330,090000,39741.8,39824.1,39688.2,39714.9,4139425954
20130330,130000,39714.9,39714.9,39714.9,39714.9,3996012871
20130331,090000,39714.9,39990.2,39714.9,39990.1,3834046210
20130331,130000,39990.1,39990.1,39990.1,39990.1,3889227171
20130403,090000,39990.2,40151.4,39990.2,40151,5447920123
20130403,130000,40151,40151,40151,40151,6441917304
20130406,090000,40151.1,40282.5,40134.2,40134.2,6300205298
20130406,130000,40134.2,40134.2,40134.2,40134.2,6377543386
20130407,090000,40134.3,40134.3,39915.6,39915.6,4999375848
20130407,130000,39915.6,39915.6,39915.6,39915.6,5234657551
20130408,090000,39915.6,40142.2,39915.6,40067.9,6272864792
20130408,130000,40067.9,40067.9,40067.9,40067.9,6338268277
20130409,090000,40068,40615.1,40068,40606.5,6335934514
20130409,130000,40606.5,40606.5,40606.5,40606.5,6692513182
20130410,090000,40606.6,40615.4,40533,40533,7606889138
20130410,130000,40533,40533,40533,40533,7550504863
20130413,090000,40533,40548.3,40255.1,40255.1,6388111063
20130413,130000,40255.1,40255.1,40255.1,40255.1,6681145079
20130415,090000,40255.1,40621,40255.1,40620.9,6073943850
20130415,130000,40620.9,40620.9,40620.9,40620.9,6127428442
20130416,090000,40621,40871.9,40621,40834.9,9058866922
20130416,130000,40834.9,40834.9,40834.9,40834.9,14789504899
20130416,170000,40834.9,40834.9,40834.9,40834.9,6472176186
20130417,090000,40834.9,41024.8,40747.6,40747.6,8960291991
20130417,130000,40747.6,40747.6,40747.6,40747.6,9016346001
20130420,090000,40748.9,40908.7,40550.7,40550.7,7398290145
20130420,130000,40550.7,40550.7,40550.7,40550.7,7455238949
20130421,090000,40550.4,40557.6,40396.3,40533.5,6537989838
20130421,130000,40533.5,40533.5,40505.9,40505.9,6650783265
20130422,090000,40506.7,41133,40506.7,41132.9,6370304783
20130422,130000,41132.9,41132.9,41132.9,41132.9,6579462072
20130423,090000,41134.3,41583.8,41134.3,41583.8,7615008993
20130423,130000,41583.8,41583.8,41583.8,41583.8,7861109084
20130424,090000,41583.8,42056.5,41583.8,42052.4,9517193650
20130424,130000,42052.4,42052.4,42052.4,42052.4,9851297118
20130427,090000,42054.6,42360.7,42054.6,42334.1,9130167776
20130427,130000,42334.1,42334.1,42334.1,42334.1,8588625051
20130428,090000,42334.2,42596,42334.2,42507.6,9637509268
20130428,130000,42507.6,42507.6,42507.6,42507.6,9582841303
20130429,090000,42509.6,43192.3,42509.6,43192.2,9830194540
20130429,130000,43192.2,43192.2,43192.2,43192.2,9661977669
20130430,090000,43192.3,44069.3,43192.3,43994.2,11307945147
20130430,130000,43994.2,43994.2,43994.2,43994.2,11250556301
20130501,090000,43999.7,44537.1,43999.7,44537,13213214566
20130501,130000,44537,44537,44537,44537,16788191781
20130504,090000,44537.1,45032.7,44537.1,44993.3,10303443003
20130504,130000,44993.3,44993.5,44993.3,44993.4,11723000955
20130505,090000,44993.5,45068.6,44897.1,44897.9,13488192106
20130505,130000,44897.9,44897.9,44897.9,44897.9,18930048708
20130506,090000,44903.3,44957.3,44815.1,44943.6,13394983955
20130506,130000,44943.6,44943.6,44943.6,44943.6,17872622480
20130507,090000,44952.4,45025.1,44707.2,44707.4,7086775921
20130507,130000,44707.4,44707.4,44707.4,44707.4,6176557521
20130508,090000,44707.4,44909.6,44683.9,44683.9,5678197848
20130508,130000,44683.9,44683.9,44683.9,44683.9,5995943740
20130511,090000,44683.9,45091.4,44582.1,45091.4,8137130118
20130511,130000,45091.4,45091.5,45091,45091.3,8356729778
20130512,090000,45091.4,45792.3,45091.4,45512.6,11596176484
20130512,130000,45512.6,45512.6,45512.6,45512.6,12792130896
20130513,090000,45512.9,45512.9,44963.3,44963.3,5702087893
20130513,130000,44963.3,44963.3,44963.3,44963.3,6127790925
20130514,090000,44963.3,44963.3,44128.9,44128.9,4589910198
20130514,130000,44128.9,44128.9,44128.9,44128.9,4782947282
20130515,090000,44129,44392.9,43864.2,43864.2,8637760962
20130515,130000,43864.2,43864.2,43864.2,43864.2,8443079524
20130518,090000,43864.3,43864.3,43300.9,43300.9,3528906046
20130518,130000,43300.9,43300.9,43300.9,43300.9,3519279898
20130519,090000,43302.7,43302.7,42733.8,42795.5,5835588754
20130519,130000,42795.5,42795.5,42795.5,42795.5,6092712565
20130520,090000,42795.5,43055.1,42795.5,43047.2,4920812293
20130520,130000,43047.2,43047.2,43047.2,43047.2,4798997284
20130521,090000,43047.3,43074.2,42839.2,42856.5,4885788942
20130521,130000,42856.5,42856.5,42855.7,42855.7,4948931897
20130522,090000,42855.7,42855.7,42631.6,42777.1,5608140993
20130522,130000,42777.1,42777.1,42777.1,42777.1,6181779099
20130525,090000,42777.2,43485.2,42777.2,43485.2,4420175679
20130525,130000,43485.2,43485.2,43485.2,43485.2,1433609136
20130526,090000,43486.2,43910.8,43486.1,43910.8,7352201632
20130526,130000,43910.8,43910.8,43910.7,43910.7,7195741136
20130527,090000,43910.7,44182.2,43910.7,44107.3,9876771644
20130527,130000,44107.3,44107.3,44107.3,44107.3,9497092360
20130528,090000,44107.4,44470.7,44107.4,44470.7,6797120607
20130528,130000,44470.7,44470.7,44470.7,44470.7,7091294299
20130529,090000,44470.7,45162.2,44470.7,45162.1,10829548968
20130529,130000,45162.1,45162.1,45162.1,45162.1,10815307528
20130601,090000,45162.2,45257.7,44925.8,44945,12138455419
20130601,130000,44945,44945,44945,44945,10721081199
20130602,090000,44945.1,45247.8,44945.1,45247.8,10513748328
20130602,130000,45247.8,45247.8,45247.8,45247.8,10026722026
20130603,090000,45247.8,45590.1,45247.8,45590,12239722441
20130603,130000,45590,45590,45590,45590,13192530066
20130608,090000,45590,45689.7,45488.1,45488.1,6893731617
20130608,130000,45488.1,45488.1,45488.1,45488.1,6493065072
20130609,090000,45488.2,45488.2,45199,45199,5324294416
20130609,130000,45199,45199,45199,45199,5254260370
20130610,090000,45199.1,45209.6,45110.7,45206.4,9882351188
20130610,130000,45206.4,45206.4,45206.4,45206.4,9807826221
20130611,090000,45212.7,45553.4,45212.7,45553.4,7689362828
20130611,130000,45553.4,45553.4,45553.4,45553.4,8097009102
20130612,090000,45553.4,45740.3,45553.4,45671.8,9152675483
20130612,130000,45671.8,45671.8,45671.8,45671.8,9056887243
20130615,090000,45671.9,46623.6,45671.9,46622.9,13963077739
20130615,130000,46622.9,46622.9,46622.9,46622.9,14081529032
20130616,090000,46623,47820.1,46623,47817.9,16980636257
20130616,130000,47817.9,47817.9,47817.9,47817.9,17336454415
20130617,090000,47817.9,48333.3,47817.9,48333.2,20424739706
20130617,130000,48333.2,48333.2,48333.2,48333.2,18586044699
20130618,090000,48333.3,48795.3,48333.3,48782.9,101824314789
20130618,130000,48782.9,48782.9,48782.9,48782.9,100944407820
20130619,090000,48783,48930.4,48783,48916.7,47009912328
20130619,130000,48916.7,48916.7,48916.7,48916.7,7127388384
20130622,090000,48916.7,49088.8,48539.2,48539.2,15414480712
20130622,130000,48539.2,48539.2,48539.2,48539.2,20011547769
20130623,090000,48575.3,48751.1,48575.3,48633.1,29241969464
20130623,130000,48633.1,48633.1,48631.1,48631.1,26789113009
20130625,090000,48631.1,48651.8,48576.3,48633.9,14001273353
20130625,130000,48633.9,48633.9,48633.9,48633.9,15905336265
20130626,090000,48634,49427.4,48634,49427.4,11925904450
20130626,130000,49427.4,49427.4,49427.4,49427.4,12017145970
20130629,090000,49427.4,50471.1,49427.4,50471.1,16804999899
20130629,130000,50471.1,50471.1,50471.1,50471.1,15525392286
20130630,090000,50471.1,51321.3,50471.1,51321.3,14103800544
20130701,090000,51321.3,52244.1,51321.3,52244.1,18253306988
20130702,090000,52244.1,52317.4,51846.3,51846.3,20800507979
20130703,090000,51846.3,52735.3,51846.3,52735.2,16449567559
20130706,090000,52747.5,54294.8,52747.5,54289.7,18782896672
20130707,090000,54289.7,54895.4,54289.7,54768.8,25635260839
20130707,130000,54768.7,54768.7,54768.6,54768.6,2228577663
20130708,090000,54768.6,54816.6,54616,54616,15013596375
20130709,090000,54616,54677.1,54534.4,54534.5,12762228381
20130709,130000,54534.2,54534.2,54534.2,54534.2,605953588
20130710,090000,54534.2,55108.8,54534.2,55069.7,13666615781
20130713,090000,55070.8,55202.9,54743.6,54744,16816932907
20130714,090000,54744,54744,54298.7,54298.7,9011045602
20130715,090000,54298.7,54552,54298.7,54548.9,12201565117
20130715,130000,54509.3,54509.3,54509.3,54509.3,548881286
20130716,090000,54509.3,54558.3,54235.6,54235.9,12722286991
20130717,090000,54234.7,54433.7,54234.7,54433.6,10901591970
20130720,090000,54433.6,54873.4,54433.6,54873.4,9574933929
20130720,130000,54872.3,54874.1,54872.3,54874.1,1868583780
20130721,090000,54872.3,55211.6,54872.3,55101,10957063475
20130722,090000,55101,55354.9,55101,55329.3,9379697597
20130723,090000,55329.3,55942.4,55329.3,55942.4,15459834786
20130724,090000,55943.8,56426.3,55943.8,56426.3,12668873032
20130727,090000,56428.4,56563.6,56290.3,56290.3,12525513446
20130728,090000,56292.1,56551.9,56100.3,56551.9,8787966048
20130729,090000,56549.1,57070.2,56328.1,56400.2,11731724836
20130731,090000,56400.2,57168.2,56400.2,57168.2,9962485452
20130803,090000,57166.3,57648.6,57166.3,57397.2,15825042066
20130804,090000,57397.1,57492.2,57264.4,57264.4,11063259582
20130805,090000,57267.5,57677.5,57267.5,57415.9,12394696998
20130806,090000,57415.9,57730.7,57415.9,57674.8,12161521734
20130807,090000,57674.8,58206.5,57674.8,58142.6,13508917551
20130811,090000,58142.6,58889.9,58142.6,58889.9,8523804506
20130812,090000,58889.9,59622.5,58889.9,59608.5,6721262132
20130813,090000,59606.9,59970.9,59606.9,59754.8,16872223862
20130814,090000,59754.8,59754.8,59562.3,59610.2,21814898506
20130817,090000,59610.2,60537,59610.2,60410.3,15438021135
20130818,090000,60410.3,60466.2,59938.6,59938.6,16730385607
20130819,090000,59938.6,60129.2,59907.4,60052.2,10608430023
20130820,090000,60052.5,60052.5,59568,59568,9768080251
20130821,090000,59568,59568,59281.5,59281.5,9866746943
20130821,130000,59281.6,59281.6,59281.6,59281.6,488647589
20130824,090000,59281.6,59596.8,59281.6,59552.8,9662416797
20130825,090000,59551.7,61389.3,59551.7,61163.5,11644447201
20130826,090000,61163.5,61163.5,60680.5,60680.5,11078828206
20130826,130000,60680.4,60680.4,60675.1,60675.7,4902858467
20130827,090000,60479.5,60749.9,60002.4,60002.4,15953990682
20130828,090000,60002.4,60002.4,58727.3,58727.3,5453773971
20130831,090000,58727.3,58727.3,58498.6,58561.1,6725372843
20130831,130000,58561,58561,58561,58561,275790896
20130901,090000,58509.5,59061.4,58505.4,59057,6893485687
20130903,090000,59054.7,59233.8,58953.3,58962.9,6973283781
20130904,090000,58962.9,58962.9,58146.1,58146.1,2650071687
20130907,090000,58146.1,58146.1,57491.6,57491.6,2641617919
20130908,090000,57491.6,57491.6,57168.5,57198.1,7140316818
20130909,090000,57198.1,57215.5,57031.5,57035.5,3796150426
20130909,130000,57035.4,57035.4,57035.4,57035.4,241215954
20130910,090000,57035.4,58190.4,57035.4,58190.4,10855700981
20130911,090000,58183.1,59164.6,58183.1,59164.6,8875131472
20130914,090000,59155.5,59254.9,59022.5,59117,5917530178
20130914,130000,59117.1,59117.4,59117.1,59117.4,1255419256
20130915,090000,59117.4,59466.2,59117.4,59401.5,8294476011
20130916,090000,59409.1,59464.9,59320.9,59347.7,7266290483
20130917,090000,59347.7,60075.3,59347.7,60056.4,7360490817
20130918,090000,60055.2,60964.1,60055.2,60964.1,8527740511
20130921,090000,60987.9,62053.5,60987.9,62053.5,11624436530
20130921,130000,62053.2,62053.2,62053.2,62053.2,618176922
20130922,090000,62053.2,62110,61622.1,61707.2,13642678015
20130922,130000,61707.1,61707.2,61707.1,61707.2,1349471730
20130923,090000,61704.9,62904.8,61704.9,62904.8,16011603733
20130924,090000,62904.8,63284.6,62904.8,63010.2,12283015789
20130925,090000,63010.2,63461.4,63003.3,63455.3,13504980760
20130928,090000,63456.7,64695.4,63456.7,64695.4,16736552507
20130929,090000,64696.9,65328.8,64696.9,65328.8,14276840650
20130930,090000,65327.1,65811,65327.1,65720,11751177900
20131001,090000,65720.5,66350,65720.5,66350,15160478961
20131002,090000,66350,66620.4,66350,66506.3,10900486390
20131005,090000,66506.3,66684,66506.3,66662.5,10803931409
20131006,090000,66663.3,67064,66663.3,66997.7,10145362723
20131007,090000,67002.2,67019.6,66889.9,67019.6,12952558584
20131007,130000,67019.1,67019.1,67019,67019,1257365208
20131008,090000,67024.8,67508.9,67024.8,67505.3,13446346533
20131009,090000,67505.3,68456.7,67505.3,68456.5,20842177497
20131009,130000,68486.4,68486.4,68461.5,68461.5,7503772673
20131012,090000,68461.5,69703.5,68461.5,69703.5,23578335041
20131013,090000,69703.7,71060.8,69703.7,70951.2,19238418219
20131013,130000,70951.5,70951.5,70951.5,70951.5,980978959
20131014,090000,70951.5,71522,70951.5,71471.8,11260031879
20131015,090000,71471.8,72766.6,71471.8,72766.5,11456614599
20131019,090000,72770.1,74519,72770.1,74400.2,20181121677
20131020,090000,74400.2,74400.2,73145.1,73335.6,11653836011
20131021,090000,73335.6,73760.2,73335.6,73636.1,10941914959
20131022,090000,73636.1,73636.1,72997.7,72997.7,11857444730
20131023,090000,72997.7,73031.3,72723,73031.3,11996160371
20131023,130000,73030.7,73030.7,73030.7,73030.7,611080570
20131026,090000,73030.7,73853.1,73030.7,73549.8,12212503526
20131027,090000,73549.8,73549.8,72201,72201,13430544758
20131028,090000,72201,72236.2,71866.9,72215,9745727411
20131029,090000,72215,73245.8,72215,73167.4,15235875209
20131030,090000,73167.4,73614.7,73167.4,73553.2,11703634794
20131102,090000,73553.2,73847.9,73490.4,73504.8,16272658996
20131103,090000,73504.8,73988.5,73504.8,73766.5,14234650572
20131103,130000,73766.4,73766.4,73766.2,73766.2,2049530145
20131104,090000,73766.2,73766.2,73558.8,73734.7,13135880520
20131104,130000,73733.6,73733.6,73733.6,73733.6,627118613
20131105,090000,73733.6,74438.1,73733.6,74438.1,10994380613
20131106,090000,74435.9,75868.9,74435.9,75868.9,12043547480
20131109,090000,75868.9,76990,75868.9,76959.9,15146258803
20131110,090000,76959.9,77318.8,76537.7,77118.9,15145126740
20131111,090000,77118.9,77316.3,76895.9,76895.9,15219597002
20131112,090000,76895.9,76932.9,76755.5,76932.9,12370084192
20131116,090000,76932.9,77683.2,76932.9,77673,14841903853
20131117,090000,77674.8,77903.1,77214.1,77214.2,14185509158
20131118,090000,77214.2,77351.5,76994.8,77328.1,11836431203
20131119,090000,77328.1,78192.9,77328.1,78142,12647911518
20131120,090000,78143.3,78536.9,78143.3,78424.1,15919781219
20131123,090000,78424.9,79157.4,78424.9,78874.5,20142869194
20131124,090000,78874.5,80022.4,78874.5,80022.2,21339050754
20131125,090000,80022.2,81257.8,80022.2,81186.8,39808529509
20131126,090000,81186.8,81764.5,81186.8,81549.5,31752308004
20131127,090000,81550.2,82186,81550.2,82129.9,33962737404
20131127,130000,82129.8,82129.8,82129.8,82129.8,1288527482
20131130,090000,82145.7,83572.5,82145.7,83572.5,27523501841
20131201,090000,83572.5,84675.2,83572.5,84384.9,38369564064
20131202,090000,84384.9,84384.9,83705.8,83706.5,34679040652
20131203,090000,83706.5,84502.5,83706.5,83775.6,31724662942
20131204,090000,83777.5,84342.3,83777.5,84211.4,24704995956
20131207,090000,84214.7,84808.2,84214.7,84659.4,19854785826
20131208,090000,84659.4,85236.2,84659.4,85151.46,28402992025
20131208,170000,85149.9,85149.9,85149.9,85149.9,1306092578
20131209,090000,85149.9,85822.89,85149.9,85309.54,23628328370
20131209,130000,85309.81,85309.81,85309.81,85309.81,1021667238
20131209,170000,85310.35,85310.35,85310.35,85310.35,1021667238
20131210,090000,85310.4,86011.6,85310.4,85962.2,22779942393
20131210,170000,85964.54,85964.54,85964.54,85964.54,1037299492
20131211,090000,85609.3,86663.59,85609.3,86512.26,24807911024
20131211,130000,86511.2,86511.2,86511.2,86511.2,1147408383
20131214,090000,86511.2,86511.2,85691,85691.1,29554176243
20131215,090000,85691.1,87065.6,85691.1,87024.2,25109428392
20131215,130000,87024.1,87024.1,87024.1,87024.1,1204184254
20131216,090000,87004.2,88205.5,87004.2,88112.5,32589942396
20131217,090000,88112.5,88201.9,87691.4,87691.5,30166214808
20131217,130000,87691.6,87692.6,87646.1,87646.1,29157756591
20131218,090000,87646.1,88163.6,87646.1,87726.2,34762793196
20131221,090000,87726.2,87902.3,86957.1,86957.1,27488721400
20131222,090000,86957.1,87015.5,86855.7,87015.5,40987417114
20131224,090000,87021.8,88155,87021.8,88113.7,33352438670
20131225,090000,88113.7,88692.6,88113.7,88190.7,20644892040
20131225,130000,88191.3,88191.3,88190.7,88190.7,2955490385
20131228,090000,88193.3,88449.4,87691.3,87691.7,19177790496
20131229,090000,87691.7,87767.4,87425.2,87425.2,19847426266
20131230,090000,87425.2,87487.17,87172,87451.91,25143184282
20131230,130000,87451.87,87451.88,87451.87,87451.88,2145997928
20140101,090000,87451.9,88312.94,87451.9,88312.94,23820666822
20140101,130000,88313.38,88313.38,88313.38,88313.38,955726640
20140104,090000,88313.4,88926.9,88313.4,88926.7,21979558419
20140105,090000,88926.7,89500.6,88926.7,89500.6,20756800671
20140106,090000,89507.8,89723.6,89355.6,89355.6,23779216216
20140106,130000,89355.7,89355.7,89355.7,89355.7,1042573300
20140107,090000,89355.7,89532.1,88749.2,88749.3,21492596583
20140108,090000,88749.3,88749.3,88069,88069,23845898888
20140111,090000,88069,88086.8,87792.7,87792.7,16053679129
20140112,090000,87792.7,87792.7,85404.1,85404.1,17026912584
20140113,090000,85404.1,87112.9,85404.1,87112.9,21276097559
20140114,090000,87112.9,87724.38,87102.64,87102.64,25841470832
20140114,170000,87102.59,87102.59,87102.59,87102.59,1334718866
20140115,090000,87102.6,87102.6,85694.06,85694.06,13235900275
20140115,130000,85700.57,85700.57,85700.57,85700.57,576852891
20140118,090000,85700.6,85700.6,84973.1,84973.2,14814138429
20140120,090000,84973.2,84973.2,83641.5,83641.5,9979013179
20140121,090000,83641.5,83942,83252.5,83252.5,10852752491
20140121,130000,83252.4,83252.4,83252.4,83252.4,514020658
20140122,090000,83252.4,83252.4,82028.7,82028.8,8056323159
20140125,090000,82028.8,82683.9,81923.3,82670.3,12865018887
20140126,090000,82669.8,82745.2,81893.9,81898.5,8735788999
20140126,130000,81903.1,81906.4,81903.1,81905.6,1693016768
20140127,090000,81905.6,81905.6,80789.2,80861.2,9526297690
20140127,130000,80861.4,80861.4,80861.4,80861.4,466117529
20140128,090000,80861.4,81682.8,80861.4,81644.3,19245344106
20140128,130000,81644.4,81644.4,81644.4,81644.4,803633653
20140129,090000,81644.4,82798,81644.4,82798,16137628385
20140129,130000,82797.8,82797.8,82797.7,82797.7,1382468638
20140201,090000,82797.7,84164.8,82797.7,84164.7,12934478210
20140202,090000,84164.7,84414.7,83606.5,83606.5,18570304097
20140203,090000,83606.5,83606.5,83157.1,83165,9314781325
20140203,130000,83164.8,83165,83164.8,83165,1588395735
20140204,090000,83165,83295.5,83147.5,83171.3,9828645505
20140204,130000,83171.4,83171.4,83170.6,83170.6,1787802324
20140205,090000,83170.6,83170.6,82212.4,82214.3,8608171854
20140208,090000,82214.3,82214.3,81066.8,81066.8,6483321918
20140209,090000,81066.8,81066.8,80932.2,80949.5,20294923090
20140210,090000,80949.5,80949.5,80240.3,80240.3,13975357301
20140212,090000,80240.3,80240.3,79134.4,79136.1,5011913387
20140212,130000,79136.2,79136.6,79136.2,79136.6,1157286114
20140215,090000,79136.6,79162.5,79087.5,79153.2,6651598077
20140215,130000,79153.1,79153.1,79153.1,79153.1,213194468
20140216,090000,79153.1,79765.1,79153.1,79765.1,6608623961
20140216,170000,79765.2,79769.2,79765.2,79769.2,6377852808
20140217,090000,79769.2,80686.3,79769.2,80686.3,7751494531
20140217,130000,80686.2,80686.2,80686.2,80686.2,529719810
20140217,170000,80686.1,80686.1,80603,80603,8475516960
20140218,090000,80603,80603,80264.4,80435.7,6108514204
20140219,090000,80435.7,80988.5,80435.7,80986.5,6994263248
20140222,090000,80986.5,81332.4,80986.5,81331.5,4398846046
20140222,130000,81331.6,81331.6,81325,81325,538489526
20140223,090000,81325,81399.2,81168.5,81281.6,6972836739
20140224,090000,81281.6,81281.6,80849.6,80849.8,4390400128
20140225,090000,80849.8,80849.8,80087.4,80087.4,4316874710
20140226,090000,80087.4,80087.4,79733.4,79785.5,5508914175
20140301,090000,79785.5,80137.4,79785.5,80105,4941429040
20140302,090000,80105,80113.9,79583.8,79584.1,3778831743
20140303,090000,79584.1,79584.1,78518.8,78518.8,4104204978
20140304,090000,78518.8,78518.8,78047.3,78072.6,5995884225
20140305,090000,78072.6,78449.9,77990.9,78447.2,8966210709
20140308,090000,78447.2,78590.9,78231,78231,8938504252
20140309,090000,78231,78231,77515.8,77515.8,6954672842
20140309,130000,77515.6,77515.6,77515.6,77515.6,521918242
20140310,090000,77515.6,77515.6,77218.3,77218.4,10261985442
20140310,130000,77219.5,77219.5,77219.5,77219.5,563673153
20140311,090000,77219.5,77219.7,76582.6,76582.7,5733784940
20140312,090000,76582.7,76589,76404.6,76583.4,14756171513
20140315,090000,76583.4,77191.3,76583.4,77191.3,12435866595
20140316,090000,77159.5,77844.1,77159.5,77816.2,33125278402
20140317,090000,77816.2,78642.3,77816.2,78430.8,36137219585
20140318,090000,78424.8,78968.3,78424.8,78968.2,16126058347
20140318,130000,78968.1,78968.1,78968.1,78968.1,1111452289
20140319,090000,78968.1,79076,78968.1,79015.4,9294523216
20140325,090000,79015.4,79065.2,79008.8,79014.5,7348237954
20140325,130000,79013.6,79013.6,79013.5,79013.5,736676492
20140326,090000,79013.5,79019.5,78619.1,78619.4,5751463011
20140329,090000,78619.4,78619.4,78239.7,78239.7,4474039786
20140330,090000,78239.7,78469.2,78239.7,78469.2,4540879393
20140331,090000,78469.2,78741.3,78469.2,78741.3,5787657363
20140405,090000,78708.2,78797.7,78547.7,78547.7,7768098664
20140406,090000,78547.7,78574.7,77634.7,77634.7,11702872918
20140407,090000,77634.7,77634.7,77418.5,77418.6,8290744237
20140408,090000,77418.6,77940.3,77418.6,77817.5,11936061292
20140409,090000,77817.5,77817.5,77423.9,77423.9,11189062298
20140412,090000,77423.9,77460.5,76501.7,76501.7,7993533460
20140412,130000,76501.8,76501.8,76501.8,76501.8,365979199
20140413,090000,76501.8,76501.8,74920.6,74920.7,7127563458
20140414,090000,74920.7,74920.7,73973.4,73973.4,7042430757
20140415,090000,73973.4,73973.4,73768.8,73847.6,10980990080
20140416,090000,73847.6,74178.2,73847.6,74161.2,6958383890
20140419,090000,74161.2,74161.2,73637.8,73637.8,4495087601
20140420,090000,73637.8,74160,73637.8,74160,6579474725
20140421,090000,74160,75035.3,74160,75035.3,8762210079
20140422,090000,75035.3,75773.8,75035.3,75735.2,12202967510
20140423,090000,75735.2,75980.6,75732.6,75980.5,10946341922
20140426,090000,75980.5,77404.1,75980.5,77404.1,9875706469
20140427,090000,77408.6,77977.4,77408.6,77923.6,18931740239
20140428,090000,77916.7,78193.5,77751.9,78131.1,12033660845
20140429,090000,78129.4,78632.2,78129.4,78151.3,10535356233
20140430,090000,78151.3,78212.1,78115.1,78164.3,13303093093
20140503,090000,78164.3,78252.6,77938.9,77939,11089781987
20140504,090000,77939,77939,77545,77569.2,9087194409
20140505,090000,77569.2,77779.9,77569.2,77763.8,12297772655
20140506,090000,77763.4,77957.9,77717.3,77717.3,18855143924
20140507,090000,77717.5,77790.2,77663.3,77752.4,10747534203
20140510,090000,77752.4,78014.5,77752.4,77931,10629774667
20140511,090000,77931,77973.59,77733.61,77733.63,12339350569
20140511,130000,77734.18,77734.18,77734.18,77734.18,467391026
20140512,090000,77734.2,77826.57,77596.09,77596.13,12728581346
20140512,130000,77596.41,77596.41,77596.41,77596.41,506559826
20140514,090000,77596.4,77660.43,77593.13,77610.28,13006818072
20140514,130000,77610.24,77610.24,77610.24,77610.24,622743335
20140517,090000,77610.2,77610.2,76894.16,76895.26,15910293155
20140517,130000,76901.79,76901.79,76901.79,76901.79,528056388
20140518,090000,76901.8,77074.08,76901.8,76995.54,22376985390
20140518,130000,76987.5,76987.5,76987.5,76987.5,724255102
20140519,090000,76985.8,77045,76528.9,76528.9,25537243718
20140520,090000,76528.9,76666.6,76504.3,76634.4,15439623247
20140521,090000,76634.4,76786.1,76634.4,76767.6,30131845535
20140524,090000,76767.6,76840.4,76703.9,76703.9,12824018804
20140525,090000,76703.9,76703.9,76394.1,76394.2,11355257560
20140526,090000,76394.2,76412.8,76212,76212,10382228236
20140526,130000,76214.9,76215.9,76212,76212,2741858411
20140528,090000,76212,76267,76067.8,76067.8,12605188455
20140531,090000,76067.8,76114.8,75687.1,75687.1,10636367712
20140601,090000,75687.1,75687.1,74543.4,74543.4,8653326319
20140602,090000,74541.1,74756.3,74541.1,74735.9,20192912033
20140603,090000,74735.9,75111.2,74735.9,75102.8,6085022891
20140607,090000,75102.8,75530.4,75102.8,75329.5,5785530154
20140608,090000,75329.5,75443.8,75327.5,75353.5,6441589169
20140609,090000,75353.5,75423.7,75240.5,75240.5,7896461098
20140610,090000,75240.5,75245.8,74836.7,74836.7,21725921650
20140611,090000,74836.7,74836.7,74499.1,74499.1,18294026710
20140614,090000,74494.2,74494.2,73516,73516,6648221183
20140615,090000,73516,73516,72631.8,72631.8,13927473338
20140616,090000,72631.8,72780,72631.8,72748.8,6098737282
20140617,090000,72748.8,72801.4,72638,72638,4558990644
20140618,090000,72636.9,72873.1,72636.2,72873.1,5284417664
20140621,090000,72873.1,72983.1,72873.1,72969,5012599001
20140622,090000,72969,72990.4,72893.9,72900.8,5555251233
20140623,090000,72895.6,72895.6,72544.9,72544.9,5871775298
20140624,090000,72544.9,72544.9,72344.4,72344.4,6131096475
20140625,090000,72344.4,72455.9,72249.9,72249.9,3593136904
20140628,090000,72249.9,72249.9,71662,71662,5756356144
20140629,090000,71662,71662,70970.2,70970.3,7308687312
20140630,090000,70970.3,70970.3,70341.5,70341.5,5000148806
20140701,090000,70341.5,70423.1,70273.2,70423,6526389513
20140702,090000,70423,70876.6,70423,70876.6,5356425125
20140705,090000,70876.6,72166.8,70876.6,72162.2,5699089744
20140706,090000,72162.2,72416.8,71960.2,71960.2,13395289106
20140707,090000,71960.2,71960.2,71872.4,71916.6,7604177924
20140708,090000,71916.6,73025,71916.6,73025,11531790057
20140709,090000,73019.1,73416.5,73019.1,73416.4,16981397623
20140712,090000,73416.4,73598.2,73367.5,73549.2,9697126308
20140712,130000,73555.9,73555.9,73555.9,73555.9,421369482
20140713,090000,73558.1,73572,73226.2,73226.2,9607136375
20140714,090000,73226.2,73359.8,73226.2,73347.4,8863340810
20140715,090000,73347.4,73479.9,73347.4,73457.9,9239509924
20140716,090000,73457.4,73772.1,73457.4,73754.2,11192153875
20140720,090000,73769.8,73801.7,73735.8,73750.2,11421518686
20140721,090000,73750.2,73899.3,73750.2,73890.5,5249730017
20140722,090000,73890.5,74526.1,73890.5,74526.1,7277594985
20140723,090000,74526.1,74904.5,74526.1,74862.5,10852161148
20140723,130000,74854.4,74854.4,74841.6,74841.6,1546588013
20140726,090000,74841.6,74879.7,74785.5,74840.3,8615405898
20140727,090000,74839.9,74888.1,74824.6,74848,7439561762
20140728,090000,74849.8,74997.7,74849.8,74997.7,7679589722
20140728,130000,74997.6,74997.6,74997.6,74997.6,342401925
20140802,090000,74997.6,75028.4,74841,74841,7830733013
20140803,090000,74841,74852,74637.4,74637.4,7940292973
20140804,090000,74637.4,74752.2,74637.4,74709.2,7885069221
20140805,090000,74709.2,74800.8,74683.3,74697.5,8067489595
20140806,090000,74697.5,74706,74613,74613.8,6662748609
20140809,090000,74613.8,74693.5,74398.1,74398.6,6256233899
20140810,090000,74393.7,74431.1,74291.8,74398.9,6857706159
20140811,090000,74398.9,74608.7,74398.9,74547.6,12620681019
20140811,130000,74547.5,74547.5,74547.5,74547.5,480213778
20140812,090000,74542.4,74584.2,74454.2,74455.1,7242665435
20140813,090000,74455.1,74468.3,74363,74363,6190374049
20140816,090000,74363,74377.9,74051,74051,7315785643
20140817,090000,74051,74075.1,73952.3,73952.6,7068148838
20140818,090000,73952.6,73970.5,73906.8,73906.8,5369748172
20140819,090000,73906.8,73919.1,73808.6,73902.6,6652965340
20140820,090000,73902.6,73960.9,73902.6,73905.7,8285507744
20140823,090000,73905.7,74021.7,73868,73868,7221462372
20140824,090000,73868,73874.4,73529.5,73529.5,6426882467
20140825,090000,73532.2,73538.6,73457.1,73499.9,8264941130
20140826,090000,73499.9,73629.7,73499.9,73540.9,9064063347
20140827,090000,73540.9,73578.2,73312.2,73312.2,9899424105
20140830,090000,73312.2,73337.8,72941.8,72941.8,6553013055
20140831,090000,72941.8,72962.9,72778.4,72778.4,0
20140901,090000,72778.4,72791,72339.8,72339.8,0
20140902,090000,72338.3,72372.5,72232.4,72232.4,0
20140903,090000,72232.4,72260.5,72121.5,72121.5,0
20140906,090000,72121.5,72128.6,71822.4,71822.4,0
20140907,090000,71822.4,71827.1,71665.4,71665.4,0
20140908,090000,71665.4,71815.3,71665.4,71815.2,0
20140909,090000,71815.2,71959.4,71815.2,71930.1,0
20140910,090000,71930.1,71977.4,71878.7,71925.5,0
20140910,130000,71925.4,71925.4,71925.4,71925.4,0
20140913,090000,71925.4,71925.4,71445.6,71486,0
20140914,090000,71497.3,71502.7,71386.7,71386.7,0
20140915,090000,71386.7,71427.2,71382.3,71402.3,0
20140916,090000,71402.3,71431.7,71398,71408.3,0
20140917,090000,71408.3,71506.5,71408.3,71443.6,0
20140920,090000,71443.6,71454.8,71435.8,71445,0
20140921,090000,71445.5,71562,71445.5,71545.3,0
20140922,090000,71545.3,71692,71545.3,71685.8,0
20140923,090000,71685.8,71732.8,71685.8,71726.5,0
20140924,090000,71726.5,71814,71726.5,71788.1,0
20140927,090000,71788.1,71798.6,71681.4,71702.2,0
20140928,090000,71702.2,71756.7,71643.7,71643.7,0
20140929,090000,71643.7,71681.1,71637.2,71675.2,0
20140930,090000,71675.2,71715.2,71664.1,71664.1,0
20140930,130000,71664,71664,71664,71664,0
20141001,090000,71664,71664,71624.8,71640.5,0
20141004,090000,71640.5,71685.1,71640.5,71670.1,0
20141006,090000,71670.1,71831.1,71670.1,71821.5,0
20141007,090000,71821.5,71847.8,71718.8,71718.8,0
20141007,130000,71718.9,71718.9,71718.9,71718.9,0
20141008,090000,71718.9,71808.2,71718.9,71783.7,0
20141011,090000,71783.5,71835.7,71759.9,71771.7,0
20141012,090000,71771.7,71831.2,71771.7,71791.5,0
20141014,090000,71791.5,71932.4,71791.5,71893.1,0
20141015,090000,71899.6,72014.7,71899.6,71978.5,0
20141015,130000,71978.6,71978.6,71978.6,71978.6,0
20141018,090000,71978.6,72044.6,71978.6,72016.6,0
20141018,130000,72016.5,72016.5,72016.4,72016.5,0
20141019,090000,72016.5,72281,72016.5,72281,0
20141020,090000,72281,73548.6,72281,73548.3,0
20141020,130000,73549,73550.4,73549,73550.4,0
20141021,090000,73550.4,74148.1,73550.4,74109.1,0
20141022,090000,74112.4,74322.7,74112.4,74132.8,0
20141025,090000,74132.8,74282.6,74132.8,74152,0
20141026,090000,74152,74178.1,73940.8,73940.8,0
20141027,090000,73940.8,74048.8,73940.8,73958.9,0
20141028,090000,73958.9,74035.4,73941.4,73967.8,0
20141029,090000,73967.8,74261.1,73967.8,74151.1,0
20141101,090000,74149.8,75028,74149.8,75028,0
20141102,090000,75028,75409.5,75028,75368.6,0
20141105,090000,75368.6,76166.8,75368.6,76166.6,0
20141108,090000,76166.6,76574.6,76166.6,76420.5,0
20141109,090000,76420.5,76561.8,76420.5,76553.4,0
20141110,090000,76558.3,76619.1,76474.7,76560.8,0
20141111,090000,76563.5,76859.2,76563.5,76708,0
20141112,090000,76708,76802.7,76589.4,76589.4,0
20141115,090000,76589.4,76589.4,75946.5,75946.5,0
20141116,090000,75951.1,76105.5,75929.4,75929.4,0
20141116,130000,75930.8,75930.8,75930.8,75930.8,0
20141117,090000,75933.8,76170.1,75933.8,75966.2,0
20141117,130000,75966,75966,75965.9,75965.9,0
20141118,090000,75965.9,75992.1,75401.3,75409.4,0
20141119,090000,75409.4,75442,75248.4,75248.4,0
20141122,090000,75248.4,75258,75042.7,75042.7,0
20141122,130000,75042.6,75042.6,75042.6,75042.6,0
20141123,090000,75042.6,75411.4,75042.6,75389.6,0
20141124,090000,75384.6,76111.9,75384.6,75949,0
20141125,090000,75949,75949,74740.9,74740.9,0
20141126,090000,74740.9,74740.9,74076,74076.1,0
20141129,090000,74076.1,74141.8,73245.1,73245.1,0
20141130,090000,73245.1,73245.1,72189.5,72189.5,0
20141201,090000,72189.5,72353.2,72120.5,72120.7,0
20141202,090000,72120.7,72456.9,72120.7,72258.5,14403198165
20141203,090000,72258.5,72274.7,71860,71860.2,15627056543
20141206,090000,71860.2,71878.4,71681.2,71712,13758313412
20141207,090000,71712,71712,71170,71170,10223758873
20141208,090000,71170,71376.6,71170,71376.6,12369594036
20141209,090000,71376.6,71412.5,71336.3,71381.7,13056736557
20141210,090000,71372.3,71372.3,71043,71043.1,9474331881
20141210,130000,71043,71043,71043,71043,441289375
20141214,090000,71043,71043,70291.6,70291.6,13255258783
20141215,090000,70291.6,70291.6,69542.6,69542.6,15765604616
20141216,090000,69542.6,69715.2,69542.6,69608.6,12499336414
20141217,090000,69608.6,69658.8,69494.6,69494.8,5257166025
20141220,090000,69485.6,69537.5,69393.4,69537.5,10169200602
20141222,090000,69537.5,70094.4,69537.5,70094.4,12023235117
20141224,090000,70093.2,70231,70093.2,70153.5,8530399870
20141224,170000,70153.5,70153.5,70153.5,70153.5,331489266
20141227,090000,70153.5,70153.5,69691.1,69705,5481578909
20141228,090000,69548.9,69648.6,69548.9,69625.5,5711354817
20141229,090000,69625.5,69651.9,69267.1,69424,5284918369
20141229,130000,69420.2,69424,69420.2,69424,1026578561
20141230,090000,69424,69424,69254.4,69254.5,5471865410
20141231,090000,69254.5,69254.5,68969.8,68969.8,11342903605
20141231,130000,68973.1,68973.1,68973.1,68973.1,472312442
20150103,090000,68973.1,68992.5,68829.9,68829.9,5804001780
20150104,090000,68762.9,68790.1,68650.6,68650.6,5999225325
20150105,090000,68650.6,68658.5,68232.1,68232.1,7934341564
20150106,090000,68232.1,68232.1,67471,67471,12774277648
20150107,090000,67471,67494.7,66902,66902,9132698126
20150110,090000,66902,66902,66197.9,66197.9,8487327287
20150111,090000,66197.9,66197.9,65512.6,65512.7,11819488599
20150111,130000,65512.8,65512.8,65512.8,65512.8,495675508
20150112,090000,65512.8,66000.1,65512.8,66000.1,7684912637
20150113,090000,66000.1,66121,65871.6,65929.1,12982507421
20150114,090000,65929.1,65973.2,65924.9,65939.1,8390245361
20150117,090000,65939.1,66273.9,65939.1,66273.3,6836994533
20150118,090000,66273.3,66472.1,66273.3,66319.2,5390562555
20150119,090000,66319.2,66319.2,65835,65835,7535675658
20150120,090000,65835,65838.8,65564.7,65564.7,5664336601
20150121,090000,65564.7,65564.7,65028.9,65028.9,8115027038
20150124,090000,65028.9,65030.7,64874,65029.1,5321823340
20150125,090000,65029.1,65176.5,65029.1,65105,7409255521
20150126,090000,65105,65139.4,65041.7,65114.1,4388003289
20150127,090000,65114.1,65201.8,65092.4,65127.8,4742062487
20150127,130000,65127.7,65127.7,65127.7,65127.7,243075350
20150128,090000,65127.7,65302.1,65122.3,65256.1,9780505130
20150131,090000,65256.1,65613.6,65256.1,65542.8,10262263330
20150201,090000,65542.8,65601.3,65534.3,65544.7,12936683728
20150202,090000,65544.7,65561.1,65535.7,65555.9,11763139837
20150203,090000,65555.9,65631.7,65555.9,65597.4,11022399405
20150204,090000,65597.4,65846.7,65597.4,65846.3,13466890264
20150204,130000,65845.8,65845.8,65771.6,65771.6,4150530038
20150207,090000,65771.6,65905.7,65771.6,65787.2,12108860351
20150208,090000,65787.2,65787.2,65366.3,65366.3,14142362979
20150208,130000,65366.3,65366.3,65366.3,65366.3,598608874
20150209,090000,65366.7,65366.7,64917.5,64917.5,11394723950
20150210,090000,64917.5,64977,64833,64840.9,12521401111
20150214,090000,64840.9,64953.7,64840.9,64932.1,9953478074
20150215,090000,64932.1,64956,64897,64924.9,7301233063
20150215,130000,64926.8,64926.8,64926.8,64926.8,398138117
20150216,090000,64926.8,65026.4,64926.8,64993.6,12526421586
20150217,090000,64993.6,65071.5,64811.2,64811.2,11234862602
20150218,090000,64811.2,64826.6,64706.9,64720,12940987265
20150221,090000,64720,64915.5,64720,64867.1,8364907456
20150222,090000,64867.1,64927.7,64719.9,64719.9,8203969827
20150223,090000,64719.9,64746.3,64625.6,64675.1,6798866894
20150223,130000,64678.4,64678.4,64678.4,64678.4,314729140
20150224,090000,64678.4,64709.1,64525.8,64525.8,6542419188
20150225,090000,64525.8,64534.5,64051.7,64051.7,4848841977
20150228,090000,64051.7,64075,63950.9,63950.9,5080833873
20150301,090000,63950.9,63956.3,63858.9,63860.1,10473759028
20150302,090000,63860.1,64003.1,63860.1,63954.8,20371004347
20150303,090000,63954.8,64045.4,63954.8,63996,15155782014
20150304,090000,63996,64087.8,63996,64014.9,12751833977
20150307,090000,64014.9,64076,63911.1,63911.1,7511827148
20150308,090000,63911.1,63914.6,63798.1,63806.7,5630367394
20150309,090000,63806.7,63884.8,63806.7,63855.6,4873588870
20150309,130000,63853.9,63853.9,63846.7,63846.7,1812847883
20150310,090000,63846.7,63887.9,63769.4,63853.4,5869009488
20150310,130000,63847.3,63852.8,63847.3,63852.8,586177938
20150311,090000,63852.8,64070.7,63852.8,64070.7,4597828629
20150314,090000,64070.7,64652.5,64070.7,64610.3,14039561439
20150315,090000,64610.3,64989.9,64610.3,64980.6,16636328233
20150316,090000,64980.6,65157.9,64980.6,65122.8,21736124409
20150317,090000,65122.8,65122.8,61532.9,61532.9,7095093804
20150318,090000,61532.9,62532,61532.9,62532,16641213969
20150318,130000,62531.8,62531.8,62531.8,62531.8,766170725
20150325,090000,62531.8,62885,62531.8,62885,6454684781
20150328,090000,62885,63625.5,62885,63625.5,10374833148
20150329,090000,63625.5,65100,63625.5,65099.9,22757733325
20150330,090000,65099.9,65350.7,65099.9,65175.1,17803472832
20150331,090000,65175.1,65741.9,65175.1,65728,13543795566
20150404,090000,65728,67827,65728,67827,10099635555
20150405,090000,67827,70261.7,67827,70261.7,34727401715
20150406,090000,70261.7,71408,70261.7,70843.9,79436788804
20150407,090000,70843.9,70856.9,70159.9,70159.9,25748214886
20150408,090000,70159.9,70711.3,70111.5,70684.7,29771756900
20150411,090000,70684.7,70715.9,70022.8,70022.8,32245182095
20150412,090000,70022.8,70022.8,68783.9,68783.9,26440576895
20150413,090000,68783.9,68941,68454,68454.1,25308148527
20150414,090000,68454.1,68572.8,68454.1,68465.3,11504736637
20150415,090000,68465.3,68465.3,68078.8,68078.8,18994425913
20150418,090000,68078.8,68078.8,67374,67374,12631861351
20150419,090000,67374,67561,67343.3,67378.8,14026249186
20150420,090000,67378.8,67378.8,67016.7,67016.7,8151227162
20150421,090000,67016.7,67060.6,66828.6,66828.6,10265861546
20150422,090000,66828.6,67034,66569.2,66569.2,11391091356
20150425,090000,66569.2,66725.2,66540.6,66540.6,8001561898
20150426,090000,66540.6,66551,66208.9,66208.9,8389720156
20150427,090000,66208.9,66208.9,65576.8,65576.8,8368530167
20150428,090000,65576.8,65576.8,65473.2,65508.2,7187189573
20150429,090000,65508.2,65641.1,65508.2,65634.1,5804167863
20150503,090000,65634.1,65636.3,65088.3,65088.3,6076767801
20150504,090000,65088.3,65122.9,64415.8,64415.8,9385124438
20150505,090000,64415.8,64473.1,64168.1,64168.1,7183959858
20150506,090000,64168.1,64299.1,64053.3,64069.1,12884866524
20150506,130000,64069.2,64069.2,64069.2,64069.2,502779493
20150506,170000,64069.1,64069.1,64069.1,64069.1,474664560
20150509,090000,64069.1,64128.3,63530.2,63530.2,19890222343
20150510,090000,63530.2,63530.2,62887.3,62887.3,11269833599
20150510,130000,62887.4,62887.4,62885.9,62885.9,1069492060
20150511,090000,62885.9,63069.8,62745,63069.8,12742978758
20150512,090000,63069.8,63389.3,63069.8,63316,11319880989
20150513,090000,63316,63531.4,63316,63531.4,7726966411
20150517,090000,63531.4,63598.9,63376.5,63465.1,10007181675
20150518,090000,63465.1,63546.2,63465.1,63522.8,6754104262
20150519,090000,63522.8,63650,63522.8,63644.2,6544352978
20150519,130000,63644.3,63644.3,63644.3,63644.3,287737024
20150520,090000,63644.3,63703.6,63631.3,63703.1,6522529385
20150523,090000,63703.1,63703.1,63420,63427.8,7852734691
20150524,090000,63427.8,63432.6,63326.9,63363.8,7346306830
20150525,090000,63363.8,63562,63363.8,63496.5,8385361820
20150526,090000,63496.5,63509.6,63413,63413,6044602652
20150526,130000,63419.1,63419.1,63419.1,63419.1,293973683
20150527,090000,63419.1,63425.9,63355.9,63402.1,5313865532
20150530,090000,63402.1,63528.9,63402.1,63419.9,4748156217
20150531,090000,63419.9,63436.6,63227.9,63227.9,3998813312
20150601,090000,63227.9,63230.3,63202.6,63227,4198182816
20150602,090000,63227,63289.8,63227,63289.8,5104816911
20150606,090000,63289.8,63319.1,63289.8,63297.6,3670936602
20150607,090000,63297.6,63300.4,63110,63187.3,3930897077
20150608,090000,63187.3,63210.3,62952.3,62952.3,6336134897
20150609,090000,62952.3,62952.3,62317.1,62317.9,6239402239
20150610,090000,62317.9,62323.1,62271.3,62322.2,4683826608
20150613,090000,62322.2,62581.9,62322.2,62571.2,3998927734
20150614,090000,62571.2,62680.7,62571.2,62653.3,4692418588
20150615,090000,62653.3,62691.6,62441.8,62442,8392484106
20150616,090000,62442,62559.1,62442,62558.9,5194395238
20150617,090000,62558.9,63559.8,62558.9,63559.7,11557238984
20150620,090000,63559.7,63898.8,63559.7,63836.2,9854122087
20150621,090000,63836.2,63858.7,63808.5,63810.7,7232362999
20150622,090000,63810.7,64276.5,63810.7,64276.5,9766875791
20150623,090000,64276.5,64839.5,64276.5,64839.5,14303873681
20150624,090000,64839.5,64978.3,64839.5,64857.6,14177817978
20150627,090000,64857.6,64894.2,64812.2,64812.2,7287488595
20150628,090000,64812.2,64812.2,64301.4,64301.4,6381384590
20150629,090000,64301.4,64366.2,64299.4,64332.9,4920358609
20150630,090000,64332.9,64949.6,64332.9,64922.4,12959669471
20150630,130000,64922.5,64922.6,64922.5,64922.6,1453286364
20150701,090000,64922.6,65106.2,64861.8,64861.8,12020597263
20150704,090000,64861.8,65870.3,64861.8,65860.8,27403583571
20150705,090000,65860.8,65979.6,65793.6,65793.6,15240635221
20150705,130000,65788.8,65788.8,65780.1,65780.1,3227500489
20150706,090000,65780.1,66019.9,65780.1,66019.9,10844400712
20150707,090000,66019.9,66761.4,66019.9,66761.4,22790209536
20150711,090000,66761.4,66817.8,66509.5,66817.8,12001532610
20150712,090000,66817.8,67646.8,66817.8,67646.4,14527103140
20150713,090000,67646.4,69196.1,67646.4,69194.5,28674361563
20150714,090000,69194.5,69581.3,69135.5,69433.3,32359634696
20150714,130000,69433.4,69433.5,69433.4,69433.5,3285931368
20150715,090000,69433.5,69768.9,68827.7,68827.7,25110694365
20150720,090000,68827.7,68827.7,68144.8,68148.4,11178329002
20150721,090000,68148.4,68207,68050.7,68050.7,11528363163
20150722,090000,68050.7,68051.7,67644.3,67644.3,7529205482
20150722,130000,67644,67644,67643.9,67643.9,731999222
20150725,090000,67643.9,67688.8,67036.3,67036.3,8854702388
20150726,090000,67036.3,67036.3,66966,66977.2,8485368348
20150726,130000,66977.4,66977.4,66977.4,66977.4,459513732
20150727,090000,66977.4,66978.2,66441.4,66441.4,8823867135
20150728,090000,66441.4,66492.1,66377.2,66489.5,8506230997
20150729,090000,66489.5,66903.4,66489.5,66780.7,12457990755
20150801,090000,66780.7,67013,66780.7,66829.7,13359577307
20150802,090000,66829.7,66829.7,66527,66530.5,9713511991
20150803,090000,66530.5,66708.7,66530.5,66626.7,9094974926
20150804,090000,66626.7,66626.7,66410.2,66445.7,7085016772
20150805,090000,66445.7,66492.1,66444.2,66451,4355450020
20150808,090000,66451,66456.9,65986.1,66000.9,9160443182
20150809,090000,66000.9,66010.1,65956,65973.5,6649961670
20150810,090000,65973.5,66073,65903.1,65903.1,5168091806
20150812,090000,65903.1,65911.5,65674.5,65703.3,6795912797
20150815,090000,65703.3,65708.3,65314.1,65314.3,4990537547
20150816,090000,65314.3,65336,65226.7,65239.9,6022810915
20150817,090000,65239.9,65302.9,65225.8,65302.4,6873647523
20150817,130000,65302.5,65302.5,65302.5,65302.5,351544084
20150818,090000,65302.5,65302.5,65169,65189.4,6253301447
20150819,090000,65189.4,65219.5,65156.3,65218.3,6220878291
20150822,090000,65218.3,65301.3,65218.3,65225,4976235092
20150823,090000,65225,65225,64881.4,64881.4,6758136577
20150824,090000,64881.4,64881.5,64651.6,64651.6,4802525042
20150825,090000,64651.6,64671.1,64197.3,64197.3,6855903157
20150826,090000,64197.3,64217.7,64145.5,64206.2,7327706917
20150829,090000,64206.2,64455.3,64206.2,64451.3,14735849348
20150830,090000,64451.3,64491.3,64438.3,64467.3,6837005548
20150831,090000,64467.3,64477.9,64225.8,64225.8,7668230246
20150901,090000,64225.8,64263.3,64205.6,64251,5594824943
20150902,090000,64251,64276.2,64236.9,64276.2,13333039662
20150905,090000,64276.2,64508.2,64276.2,64497,8511257027
20150906,090000,64497,64527.7,64481.8,64506.6,6873135497
20150907,090000,64506.6,64539.4,64506.6,64518.4,6072651667
20150908,090000,64518.4,64531.4,64511.7,64511.7,4176842876
20150909,090000,64511.7,64511.7,63467.7,63467.7,5941500063
20150912,090000,63467.7,63591.9,63467.7,63484.7,6350226732
20150912,130000,63483.1,63483.1,63482.5,63482.5,539241418
20150913,090000,63482.5,63482.5,62941.1,62941.1,8850633265
20150913,130000,62944.7,62958.2,62944.7,62958.2,2024304263
20150914,090000,62958.2,62993,62952.9,62993,7871210388
20150915,090000,62993,62999.2,62536.5,62536.5,6045171295
20150916,090000,62536.5,62536.6,62264.5,62264.5,5441400090
20150919,090000,62264.5,62310.6,62241,62254.7,4532687515
20150920,090000,62254.7,62260.6,61553.2,61553.2,10176177425
20150921,090000,61553.2,61553.2,61110.8,61328,10260374199
20150922,090000,61328,61576.8,61328,61576.8,8795296808
20150923,090000,61576.8,61790.9,61576.8,61685.9,10919553398
20150923,130000,61686,61686,61686,61686,542456422
20150926,090000,61686,61692,61530.9,61530.9,5276579669
20150927,090000,61530.9,61563,61492,61563,17856324161
20150928,090000,61563,61588.1,61541.3,61568.9,4669438930
20150929,090000,61568.9,61580.8,61557,61578.8,5363292475
20150930,090000,61578.8,61578.8,61497.9,61498.3,4508528518
20151003,090000,61498.3,61499.1,61217.4,61217.4,7628901820
20151004,090000,61217.4,61217.4,61064.6,61163.7,6562908867
20151005,090000,61163.7,61264.9,61163.7,61233.6,4027674784
20151006,090000,61233.6,61233.7,61124.7,61209.8,5986203856
20151007,090000,61209.8,61396.7,61209.8,61389.8,4950817590
20151010,090000,61389.8,61436.2,61389.8,61396.9,4515759833
20151011,090000,61396.9,61422,61287.1,61287.1,6159702228
20151012,090000,61287.1,61355.2,61253.1,61296.1,5615720154
20151012,130000,61296.6,61296.6,61296.6,61296.6,320019889
20151013,090000,61296.6,61434.5,61296.6,61434.4,5902892801
20151014,090000,61434.4,61973.3,61434.4,61973.3,10959321443
20151017,090000,61973.3,62799.1,61973.3,62799.1,13865324395
20151018,090000,62799.1,63284.7,62799.1,63071.4,17877477645
20151019,090000,63071.4,63172.8,63030,63126.7,8008148758
20151020,090000,63126.7,63147.4,63112.2,63142,6977296690
20151021,090000,63142,63176.1,63097.8,63175,4180194273
20151025,090000,63175,63175,62792.8,62792.8,5030347851
20151026,090000,62792.8,62836.9,62789.5,62803.3,4345776597
20151027,090000,62803.3,62950,62803.3,62923,4358995304
20151028,090000,62923,62989.8,62897.7,62923.7,4094030734
20151031,090000,62923.7,62986,62916.6,62948.6,5715494594
20151101,090000,62948.6,62983.7,62931,62942.7,6121458718
20151102,090000,62942.7,62983.2,62855.7,62855.7,12779847947
20151103,090000,62855.7,62892.6,62811.6,62811.6,5778245576
20151104,090000,62811.6,63006,62811.6,62927.4,11168465737
20151107,090000,62927.4,63000.4,62915.7,63000.4,11324294707
20151108,090000,63000.4,63019.7,62976.8,62999.2,7151331290
20151109,090000,62999.2,63043,62986.3,63035.6,4865785874
20151109,130000,63035.7,63035.7,63035.7,63035.7,233708513
20151110,090000,63035.7,63087.9,63025.9,63044.3,5394412344
20151111,090000,63044.3,63056.4,62967.3,63056.4,7262502320
20151114,090000,63056.4,63080.8,63025.9,63070.6,6165417524
20151115,090000,63070.6,63083.5,63013.5,63083.5,8501685205
20151116,090000,63083.5,63124.8,63056.7,63099.4,7523481486
20151116,130000,63108.5,63108.6,63108.5,63108.6,805725631
20151117,090000,63108.6,63119.9,63004.7,63013.6,7042030812
20151118,090000,63013.6,63019.2,62871.3,62871.3,6466324483
20151121,090000,62871.3,62892.9,62843.9,62889,6843495210
20151122,090000,62889,62941.9,62821.3,62923.9,6122549503
20151123,090000,62923.9,62923.9,62763.1,62795.7,6156575236
20151124,090000,62795.7,62795.7,62702.9,62720.9,9755681076
20151125,090000,62720.9,62737.3,62625.6,62737.3,7729743447
20151125,130000,62737.2,62757.1,62734.6,62734.6,1047072368
20151128,090000,62734.6,62743.9,62605.4,62635.4,6568627110
20151129,090000,62635.4,62658.1,62565.4,62639.1,8746319139
20151130,090000,62639.1,62675.2,62609.9,62647.7,6762274809
20151201,090000,62647.7,62656.6,62517.2,62550,6092996599
20151205,090000,62550,62577.8,62516.3,62577.1,3707235003
20151206,090000,62577.1,62597.9,62381.1,62420.2,7729158835
20151207,090000,62420.2,62422.5,62325.4,62374.8,4944934013
20151208,090000,62374.8,62394.8,62303.5,62392.4,4231897082
20151209,090000,62392.4,62426.6,62392.4,62409.8,4757128828
20151213,090000,62409.8,62415,62287.1,62310.7,4641671654
20151214,090000,62310.7,62315,62202.3,62216.3,4955157796
20151215,090000,62216.3,62263.9,62216.3,62233.3,6473679332
20151216,090000,62233.3,62271,62147.3,62147.3,6474076572
20151219,090000,62147.3,62147.3,61734,61734,6127876315
20151220,090000,61734,61747.1,61499.5,61501.5,8225373000
20151221,090000,61501.5,61546.4,61501.5,61518.5,6835391040
20151222,090000,61518.5,61534.8,61414.2,61414.2,6223136158
20151223,090000,61414.2,61427.3,61376.9,61420.7,7158800706
20151226,090000,61420.7,61442.3,61354.8,61436.9,7506179892
20151227,090000,61436.9,61513.9,61436.9,61455.3,11150539341
20151228,090000,61455.3,61498.7,61455.3,61469.3,10268816004
20151230,090000,61469.3,61741.2,61469.3,61691,13086168980
20160102,090000,61691,61744.1,61681.5,61700.1,8118675243
20160103,090000,61700.1,61718.9,61673.5,61710.2,9708727453
20160104,090000,61710.2,61823,61710.2,61728.1,12915176976
20160105,090000,61728.1,62115.1,61728.1,62055.9,16660330515
20160106,090000,62055.9,62632.8,62055.9,62632.8,18395199410
20160109,090000,62632.8,63011.1,62632.8,62655,17314848903
20160110,090000,62655,62657.9,62461,62461,13709532263
20160111,090000,62461,62788.7,62461,62788.7,14982430298
20160112,090000,62772.7,62962.9,62772.7,62840,21762421012
20160112,130000,62840.2,62841.2,62840.2,62841.2,3932941468
20160113,090000,62841.2,63516.9,62841.2,63516.9,23246121877
20160116,090000,63516.9,64860.9,63516.9,64860.9,27337493127
20160117,090000,64860.9,65958.4,64860.9,65424.1,42324039922
20160118,090000,65424.1,65424.1,64620.2,65119.5,20264893759
20160119,090000,65119.5,66141,65119.5,66118.1,18349913066
20160120,090000,66118.1,66562.5,66118.1,66562.5,29733477976
20160123,090000,66562.5,66960.4,66562.5,66960.4,46116592576
20160124,090000,66960.4,67740.1,66960.4,67740.1,43778752195
20160125,090000,67740.1,68857.5,67740.1,68857.5,47859332556
20160126,090000,68857.5,71001.4,68857.5,70999.5,47203930357
20160127,090000,70999.5,71492.9,70998,71011,70392518387
20160130,090000,71011,71702.9,71011,71393.9,45882547976
20160131,090000,71393.9,71393.9,70983.9,71118.8,38066437450
20160201,090000,71118.8,72912.8,71118.8,72912.8,42367129186
20160202,090000,72912.8,73844.6,72912.8,73725.5,45703937637
20160203,090000,73725.5,73901.6,73648.6,73684,48650430469
20160206,090000,73684,74238.5,73684,74103.6,42603360738
20160207,090000,74103.6,74810.6,74103.6,74569.4,49491744377
20160208,090000,74569.4,75783.8,74569.4,75783.8,56261304585
20160209,090000,75783.8,78418.9,75783.8,78199.1,81035200119
20160210,090000,78199.1,78199.1,77457.5,77497.9,76174246137
20160213,090000,77497.9,77532.3,76514.6,76594.2,61360574522
20160214,090000,76594.2,76780.2,76467.6,76709.5,40993934708
20160215,090000,76709.5,77539.3,76709.5,77377.5,48675541026
20160216,090000,77377.5,77698.4,77091.2,77141.6,43091817034
20160217,090000,77141.6,77888.2,77141.6,77888.2,35059655336
20160217,130000,77888.1,77888.1,77888,77888,3150492170
20160220,090000,77888,78378.3,77524.64,77558.21,96908992971
20160220,170000,77560.9,77560.9,77560.9,77560.9,3187294260
20160221,090000,77560.9,77560.9,77141.5,77234.9,49593731717
20160222,090000,77234.9,77781,77234.9,77587.7,29351374996
20160223,090000,77587.7,78037.5,77587.7,77704,32508720429
20160224,090000,77704,77840.2,77573.3,77840.2,21943444986
20160227,090000,77840.2,78387.6,77840.2,78228.3,22423697842
20160228,090000,78228.3,78442.6,77733.8,77733.8,32773859851
20160229,090000,77733.8,77827.4,77376.4,77539.1,28069909110
20160229,130000,77539.2,77539.2,77539.2,77539.2,1391355998
20160301,090000,77539.2,77891.5,77539.2,77648.8,21823431405
20160302,090000,77648.8,77697.7,77595.9,77697.7,33502638090
20160302,130000,77697.8,77697.8,77697.8,77697.8,1748594842
20160305,090000,77697.8,78291.6,77697.8,78022.2,25491705750
20160306,090000,78022.2,78295.4,78022.2,78093.1,37496298479
20160306,130000,78093,78093,78093,78093,1696026439
20160307,090000,78093,78434.3,78093,78158.6,50129474081
20160307,130000,78158.4,78158.4,78158.4,78158.4,2247099824
20160308,090000,78158.4,78402.5,78158.4,78220,44172463230
20160309,090000,78220,78451.3,78220,78312.1,36334529776
20160312,090000,78312.1,79430.3,78312.1,79366.5,24214849556
20160314,090000,79366.5,80286.7,79366.5,80236.7,28036191283
20160315,090000,80236.7,80493.4,79993.6,80037.5,43422632776
20160316,090000,80037.5,80511.88,79829.2,80219.1,39779364837
20160316,130000,80219.2,80219.3,80219.2,80219.3,4658871090
20160316,170000,80219.4,80219.4,80219.4,80219.4,2328009545
20160326,090000,80219.4,81200.3,80133.3,81200.3,16721603236
20160327,090000,81200.3,81447.8,81200.3,81261,29067574253
20160328,090000,81261,81261,80935.7,80935.7,16822132912
20160329,090000,80935.7,80935.7,80561.3,80561.3,37930013651
20160330,090000,80561.3,81498.8,80561.3,81480.4,20710077353
20160402,090000,81480.4,81723.7,81432.1,81536.9,31226476001
20160403,090000,81536.9,81536.9,80590.1,80852.7,25725561253
20160404,090000,80852.7,80965.4,80802.7,80872.1,24858097457
20160405,090000,80872.1,81030.5,80853.1,80965.8,25140348838
20160406,090000,80965.8,81190.2,80743.1,80752.7,31704068348
20160409,090000,80752.7,80950.3,80653.1,80654,21930020178
20160410,090000,80654,80654,80237.4,80280.7,32515686042
20160411,090000,80280.7,80331.3,80164.7,80262.4,23654180000
20160412,090000,80262.4,80446.1,79994.1,80109.3,24983401119
20160413,090000,80109.3,80109.3,79579.1,79587.4,40412524451
20160413,130000,79587.7,79588.3,79587.7,79588.3,6116947128
20160416,090000,79588.3,79588.3,77933.3,77985.4,19002124270
20160416,130000,77962.9,77984.8,77962.9,77984.8,1527239489
20160417,090000,77984.8,77984.8,77446.6,77516.2,28912313335
20160418,090000,77516.2,78438.3,77516.2,78435.4,33845328993
20160419,090000,78435.4,78766.1,78430.9,78430.9,39043988847
20160420,090000,78430.9,78636.7,78197.3,78269,29467169681
20160423,090000,78269,78396.8,78264.9,78281.7,23434982434
20160424,090000,78281.7,78448.4,78278.5,78448.3,21880904601
20160425,090000,78448.3,78945.8,78448.3,78688.4,24488472412
20160426,090000,78688.4,78699.7,78317.9,78394.4,22828783371
20160427,090000,78394.4,78578.5,78341.2,78404.7,24674823223
20160430,090000,78404.7,78585.8,78399.8,78414.6,36687945335
20160501,090000,78414.6,78453.8,78220.1,78384.4,27880623401
20160502,090000,78384.4,78425.1,78259,78285.4,32445884191
20160503,090000,78285.4,78382.6,77968.9,78044.4,25962996521
20160504,090000,78044.4,78076.9,77938.2,78033.8,20419884811
20160507,090000,78033.8,78036.6,77423.9,77423.9,16870029158
20160508,090000,77423.9,77423.9,77045.3,77045.3,23340824608
20160508,130000,77041.3,77045.3,77041.3,77045.3,2128303362
20160509,090000,77045.3,77302.4,77045.3,77106,17781941641
20160510,090000,77106,77106,76606.9,76630.4,26273084324
20160511,090000,76630.4,76630.4,75894.9,75982.6,22321882802
20160514,090000,75982.6,76176.1,75982.6,76138.6,14060874777
20160515,090000,76138.6,76224.2,75863.2,75863.3,22528614694
20160515,130000,75863.2,75863.2,75863.2,75863.2,1033134708
20160516,090000,75863.2,76006.5,75863.2,75980.5,17256943557
20160517,090000,75980.5,76305.5,75980.5,76292.9,15301691518
20160518,090000,76292.9,76463.5,76292.9,76413.3,17261351434
20160518,130000,76388.3,76413.3,76388.3,76413.3,1729134442
20160521,090000,76413.3,76530.2,76413.3,76448.3,12811212284
20160523,090000,76448.3,76708.1,76448.3,76613.9,22432823349
20160524,090000,76613.9,76692.8,76543.3,76692.8,20419980981
20160525,090000,76692.8,76957.7,76692.8,76853,19740041048
20160528,090000,76853,76945.7,76618.2,76690.6,15259813839
20160529,090000,76690.6,76744.1,76387,76387,19517914084
20160530,090000,76387,76463.8,76387,76431.5,13605222047
20160531,090000,76431.5,76534.6,76144.2,76144.2,13395273782
20160601,090000,76144.2,76207.3,76077.7,76084.2,12892790195
20160605,090000,76084.2,76200.4,76084.2,76160.6,14968980732
20160606,090000,76160.6,76284.7,76102.9,76128.6,16387762243
20160607,090000,76128.6,76177,75874.5,75874.5,15455745794
20160608,090000,75874.5,75929.1,75776,75876.2,16101941176
20160611,090000,75876.2,75909.8,74850.1,74850.1,18701761849
20160612,090000,74850.1,74870.5,74671,74817.8,17154413364
20160613,090000,74817.8,74904.6,74594.6,74700.5,10750246341
20160614,090000,74700.5,74716.2,73959.7,73959.7,16431945411
20160615,090000,73959.7,73966.5,73705.4,73877.1,13656748221
20160618,090000,73877.1,74018.6,73877.1,73906.5,11593147834
20160619,090000,73906.5,73915.6,73027.9,73027.9,11378621050
20160620,090000,73027.9,73027.9,72614.9,72615,12171738655
20160621,090000,72615,72799.2,72563.6,72799.2,15909677412
20160622,090000,72799.2,73644.8,72799.2,73644.8,17044279044
20160625,090000,73644.8,73863.3,73644.8,73672,17954888786
20160626,090000,73672,73771.7,73651.1,73743.5,17910588098
20160628,090000,73743.5,74300.4,73743.5,74190.5,25971238577
20160629,090000,74190.5,74283.3,73934.4,73940.4,34445169827
20160629,130000,73940.3,73940.3,73940.3,73940.3,1344192730
20160702,090000,73940.3,74000.8,73931.9,73965.5,10129297384
20160703,090000,73965.5,74137.1,73965.5,74064,20538324822
20160703,130000,74065.2,74065.2,74064,74064,1811066528
20160704,090000,74064,74095.4,73947.2,73947.2,24051211678
20160705,090000,73947.2,74113.9,73947.2,74049.1,16726809567
20160705,130000,74049.2,74049.2,74049.1,74049.1,1537874234
20160709,090000,74049.1,74051.4,73716.6,73716.6,11659351575
20160710,090000,73716.6,73799.7,73695.5,73764.2,16752094505
20160711,090000,73764.2,73893,73737.3,73816.7,16142472407
20160712,090000,73816.7,73987.2,73725.3,73736,20282568839
20160713,090000,73736,73763,73625.5,73763,18239764266
20160716,090000,73763,73888.5,73756.2,73868,23340792672
20160717,090000,73868,74282.5,73868,74194.8,18472556230
20160718,090000,74194.8,74214.8,74045,74196.9,23908226914
20160719,090000,74196.9,74386,74196.9,74313.6,21481189606
20160720,090000,74313.6,74516.5,74313.6,74514.1,10729205564
20160723,090000,74514.1,74934.3,74514.1,74934.3,12804048056
20160724,090000,74934.3,75197.8,74934.3,75183.9,17986101546
20160725,090000,75183.9,75540.4,75183.9,75466.5,19953531190
20160726,090000,75466.5,75501.3,75402,75501.1,12600653215
20160726,130000,75501,75501,75501,75501,607359188
20160727,090000,75501,76294.4,75501,76225.7,17916428291
20160731,090000,76225.7,76699.2,76225.7,76579.7,17506674726
20160801,090000,76579.7,76647.4,76408.5,76647.4,19154106142
20160802,090000,76647.4,77094.1,76647.4,77089.8,20184925552
20160803,090000,77089.8,77915.2,77089.8,77883.3,15686153608
20160803,170000,77882.8,77883.1,77882.8,77883.1,2312620198
20160806,090000,77856.5,78370.1,77856.5,78326.32,27514934640
20160806,130000,78324.9,78324.9,78324.9,78324.9,1232483608
20160807,090000,78324.9,78838,78324.9,78704.6,25881084484
20160808,090000,78704.6,78830.6,78324.7,78324.7,15106570943
20160808,130000,78324.9,78324.9,78324.9,78324.9,699883688
20160809,090000,78324.9,78437.2,78324.9,78368.4,12597633466
20160810,090000,78368.4,78463.8,78190.5,78190.5,10940297651
20160813,090000,78190.5,78218.9,78093.1,78218.8,15994635918
20160814,090000,78218.8,78417.1,78205,78205,14223635130
20160814,130000,78205.1,78205.1,78205.1,78205.1,621822864
20160815,090000,78205.1,78205.6,77828.8,77828.8,10220306120
20160816,090000,77828.8,77857.6,77791.3,77855.5,20629736730
20160817,090000,77855.5,77925.9,77855.5,77879,26055771299
20160817,130000,77878.3,77879,77878.3,77879,1943056662
20160820,090000,77879,78009.5,77879,77968.6,10838615795
20160820,130000,77968.7,77968.7,77968.7,77968.7,518051047
20160821,090000,77968.7,78113.8,77962.3,78086.4,14120906733
20160822,090000,78086.4,78275,78086.1,78086.1,17752760686
20160823,090000,78086.1,78094.3,77907.4,77964,9819344074
20160824,090000,77964,78205.7,77964,78081.5,13757181681
20160827,090000,78081.5,78096,77757.1,77757.5,11106560314
20160827,130000,77757.6,77757.6,77757.6,77757.6,535622066
20160828,090000,77757.6,77846.9,77313.6,77313.6,14292511946
20160829,090000,77313.6,77374.9,77313.6,77345.6,11249267351
20160830,090000,77345.6,77381.5,77345.6,77358.6,9059908860
20160831,090000,77358.6,77381.7,77167.8,77167.9,8884699886
20160903,090000,77167.9,77184.6,76747,76747,8928870824
20160904,090000,76747,76784.9,76509.4,76509.4,9768877705
20160905,090000,76509.4,76522.9,76485.9,76522.2,6820807899
20160906,090000,76522.2,76703.2,76522.2,76669.6,8957510601
20160907,090000,76669.6,76885.6,76669.6,76742.2,12056238732
20160910,090000,76742.2,76746.8,76610.8,76640.3,6858669246
20160911,090000,76640.3,76698.3,76640.3,76643.9,6747290275
20160913,090000,76643.9,76678,76444.2,76444.2,9743297303
20160914,090000,76444.2,76476.8,76348.3,76455.4,10141904237
20160917,090000,76455.4,76460.1,76104.9,76104.9,8669581458
20160918,090000,76104.9,76179.4,76099.3,76166.7,8764610940
20160919,090000,76166.7,76321.5,76166.7,76272.6,8187287442
20160921,090000,76272.6,76450.9,76272.6,76450.9,8276030071
20160924,090000,76450.9,76907.4,76450.9,76906.9,15436704684
20160925,090000,76906.9,77121.4,76906.9,77081.5,23232156963
20160926,090000,77081.5,77152.7,77058.8,77089.8,11694123000
20160927,090000,77089.8,77209.2,77089.8,77143.1,13039334694
20160928,090000,77143.1,77357.2,77143.1,77300.3,24423531436
20161001,090000,77300.3,77605.3,77300.3,77478.8,23573862228
20161002,090000,77478.8,77533.2,77287.6,77287.6,20517940115
20161003,090000,77287.6,77413.7,77265.3,77265.3,28027734653
20161004,090000,77265.3,77494.6,77265.3,77335.3,37393104806
20161005,090000,77335.3,77342.6,77182.9,77183,26049415403
20161008,090000,77183,77278.2,77183,77217,16707126568
20161009,090000,77217,77480.2,77207.9,77435.8,15484651924
20161010,090000,77435.8,77671,77435.8,77655.1,16636485700
20161015,090000,77655.1,77915.4,77655.1,77886.4,18149922404
20161016,090000,77886.4,77911,77569.1,77569.1,19525842427
20161017,090000,77569.1,77720.3,77525.7,77707.2,16896853508
20161018,090000,77707.2,77885.4,77707.2,77849.5,17468605125
20161019,090000,77849.5,78092,77849.5,78091.5,17399928357
20161022,090000,78091.5,78430.1,78091.5,78387.2,15150501756
20161023,090000,78387.2,78517.2,78370.3,78370.3,18463356774
20161024,090000,78370.3,78579.5,78370.3,78568.8,17914493714
20161025,090000,78568.8,78808.9,78568.8,78808.8,16621769349
20161026,090000,78761.9,79304.4,78761.9,79299.6,18718348833
20161029,090000,79299.6,80493.3,79299.6,80340.7,17781187893
20161030,090000,80340.7,80511.9,80338.3,80339.2,16349170852
20161031,090000,80339.2,80527.6,80263.7,80263.7,15873924662
20161101,090000,80263.7,80285.3,79659,79659.2,13681772129
20161102,090000,79659.2,79681.1,79634.6,79670.9,9907922923
20161105,090000,79670.9,79735.5,79253.4,79253.5,11410100947
20161106,090000,79253.5,79278,79137.5,79137.5,10437225201
20161107,090000,79137.5,79635.2,79137.5,79632.3,14338477615
20161108,090000,79632.3,79902.7,79632.3,79871.4,13402948400
20161109,090000,79871.4,79871.4,78396,78411.6,20130021151
20161112,090000,78411.6,79069.7,78411.6,79012.4,26753784003
20161112,130000,79010.7,79010.7,79010.7,79010.7,972081062
20161113,090000,79010.7,79258.3,79010.7,79048.5,17419546340
20161114,090000,79048.5,79378.2,79048.5,79341.5,15249808268
20161115,090000,79341.5,79458.7,79153.5,79236.2,16322897571
20161116,090000,79236.2,79418.2,79236.2,79268.4,18946474665
20161119,090000,79268.4,79335.6,79127.7,79278.6,9251541904
20161121,090000,79278.6,79369.2,79278.6,79319,7723713227
20161122,090000,79319,79418.9,79319,79393.8,17080645
20161122,130000,79394,79394,79393.9,79393.9,0
20161122,170000,79393.8,79393.8,79393.8,79393.8,0
20161123,090000,79393.8,79449.9,79384.1,79385.6,8014104912
20161126,090000,79385.6,79607.8,79385.6,79541.4,11447276519
20161127,090000,79541.4,79685.2,79541.4,79625.9,11873819625
20161129,090000,79625.9,80018,79625.9,80018,11622166420
20161129,130000,80018.5,80018.6,80018.5,80018.6,1135400788
20161203,090000,80018.6,80180,80018.6,80058.8,15267749667
20161204,090000,80058.8,80115.1,80050.1,80063.7,9739698887
20161205,090000,80063.7,80174.7,80014.1,80081.2,10383887192
20161206,090000,80081.2,80851.1,80081.2,80830.5,19563034848
20161207,090000,80830.5,81344.3,80830.5,81341.6,19510107546
20161210,090000,81341.6,81505.7,81250.5,81250.5,9287926141
20161211,090000,81250.5,81264.8,80925.9,80925.9,6451141558
20161212,090000,80925.9,81129.6,80913.9,80913.9,8839322582
20161212,130000,80914,80915.3,80914,80915.3,4081492828
20161212,170000,80915.4,80915.5,80915.4,80915.5,814960486
20161213,090000,80915.5,80929.2,80741.1,80741.2,5072866771
20161214,090000,80741.2,80806.8,80683.6,80683.6,11026752680
20161218,090000,80683.6,80782.7,80675.2,80709,6264646700
20161219,090000,80709,80766,80413.1,80413.1,9144098010
20161220,090000,80413.1,80511.4,80122.6,80122.7,11306926911
20161221,090000,80122.7,80250.9,80122.7,80250,5496708616
20161224,090000,80250,80270.8,80161.1,80161.1,6850112517
20161224,130000,80161.2,80161.2,80161.2,80161.2,327757779
20161225,090000,80161.2,80161.2,79898.8,79898.9,5710198446
20161226,090000,79898.9,80092.3,79898.9,79966.5,8662352044
20161227,090000,79966.5,80002.1,79800.7,79800.8,10010802853
20161228,090000,79800.8,79871,79598.4,79691.8,8385438393
20161231,090000,79691.8,79758.3,79486.6,79486.6,7868351881
20170101,090000,79486.6,79486.6,78895.8,78896,7773650341
20170102,090000,78896,78968.9,78699,78968.9,7304948684
20170103,090000,78968.9,79011.1,78952.2,78983.7,7553126077
20170104,090000,78983.7,79017.2,78959.5,78991.3,4678551171
20170104,130000,78991.2,78991.2,78990.5,78990.5,2809365865
20170104,170000,78990.4,78990.4,78990.4,78990.4,311389223
20170107,090000,78990.3,79010.5,78826.5,78826.5,8853913622
20170108,090000,78826.5,78911.4,78826.5,78833.4,11242095268
20170109,090000,78833.4,78833.4,78609.5,78609.5,8171344592
20170111,090000,78609.5,78652.9,78555.4,78622,10164073830
20170114,090000,78622,78946.2,78622,78876.2,13001126419
20170115,090000,78876.2,79131.2,78876.2,79073.5,13960335168
20170115,130000,79073.2,79073.2,79073.2,79073.2,636335784
20170116,090000,79073.2,79117.9,79069.5,79084.2,11728437883
20170117,090000,79084.2,79293.1,79032.9,79293.1,10707395284
20170117,130000,79280.4,79280.4,79280.4,79280.4,522553573
20170118,090000,79280.4,79464.9,79280.4,79382.2,9175976721
20170121,090000,79382.2,79394.5,79206.5,79206.6,7009847191
20170122,090000,79206.6,79218,79153.6,79218,6335528969
20170123,090000,79218,79311.3,79217.1,79263.5,7000689783
20170124,090000,79263.5,79311.9,78249.1,78249.1,6526867022
20170125,090000,78249.1,78325.7,78048.9,78049,12089559732
20170128,090000,78049,78053.9,77714.1,77714.1,10051614837
20170129,090000,77714.1,77755.9,77706.5,77707.3,8676379730
20170130,090000,77707.3,77999.7,77707.3,77961.4,16619118114
20170131,090000,77961.4,78123.4,77961.4,77975.4,28186269918
20170201,090000,77975.4,78004.2,77414.8,77414.9,12516051590
20170204,090000,77414.9,77414.9,76825.9,76825.9,10813384846
20170204,130000,76825.8,76825.8,76825.7,76825.7,861305640
20170205,090000,76825.7,76830.7,76616,76616,9367487006
20170206,090000,76616,76750.5,76615.3,76678.7,13374847732
20170207,090000,76678.7,76874.2,76678.7,76766,12536002945
20170208,090000,76766,76796.1,76731.8,76792.8,11252692945
20170211,090000,76792.8,76968.2,76792.8,76816.8,11174722517
20170212,090000,76816.8,76836.9,76772.6,76827.7,8074669737
20170213,090000,76827.7,77125.8,76827.7,76975.5,9516952818
20170214,090000,76975.5,77061.2,76964.7,77001.1,8195659549
20170214,130000,77001,77001.1,77000.9,77000.9,1306022575
20170214,170000,77000.8,77000.8,77000.1,77000.2,1735470511
20170215,090000,77000.2,77209.5,77000.2,77189.7,10362977175
20170218,090000,77189.7,77613.3,77189.7,77599.1,14805076376
20170219,090000,77599.1,77772.6,77599.1,77658.6,10559781891
20170220,090000,77658.6,77753.7,77658.6,77698.2,9520107992
20170221,090000,77698.2,77815.9,77698.2,77800.2,8439128743
20170222,090000,77800.2,77898.4,77800.2,77847.2,10628949837
20170225,090000,77847.2,77924.5,77847.2,77863.5,12107485869
20170226,090000,77863.5,77891.7,77574.7,77574.7,13590675593
20170227,090000,77574.7,77617.4,77573.2,77590.5,9844202357
20170227,130000,77590.7,77590.7,77590.7,77590.7,514918481
20170228,090000,77590.7,77693.7,77590.7,77603,16195147000
20170228,130000,77602.9,77602.9,77602.3,77602.3,3493123885
20170301,090000,77602.3,77654,77475.2,77475.2,10509095322
20170304,090000,77475.2,77475.2,77135.1,77135.1,9469669013
20170305,090000,77135.1,77139.6,76766.9,76766.9,9369224447
20170306,090000,76766.9,76869.8,76766.9,76789.7,9564078242
20170307,090000,76789.7,76829.7,76735.3,76800.4,8074517109
20170308,090000,76800.4,76806.4,76285.5,76285.5,14516429555
20170311,090000,76285.5,76315.6,76196.5,76315.6,11826089240
20170312,090000,76315.6,76374.9,76286.5,76329,8087709641
20170313,090000,76329,76464.4,76329,76332,9848837459
20170314,090000,76332,76639.6,76332,76639.4,15659713993
20170314,130000,76639.1,76639.1,76639,76639,1264164150
20170315,090000,76639,76775.8,76639,76737.9,9347965683
20170318,090000,76737.9,77230,76737.9,77230,9706034229
20170325,090000,77230,77493.9,77230,77485.8,4933349719
20170326,090000,77485.8,77541.6,77485.8,77502.9,7256327596
20170327,090000,77502.9,77529.4,77480.9,77523.3,7334522286
20170328,090000,77523.3,77577.2,77523.3,77548.5,8337587141
20170329,090000,77548.5,77607.5,77548.5,77584.4,12762351435
20170403,090000,77584.4,77668,77584.4,77616.8,8973275675
20170404,090000,77616.8,77698.1,77611.5,77647.1,13101966674
20170405,090000,77647.1,77739.5,77647.1,77689.9,13552665621
20170408,090000,77689.9,77911.8,77689.9,77804.7,19207006018
20170409,090000,77804.7,78048.2,77804.7,77860.4,21155719056
20170410,090000,77860.4,78204.5,77860.4,78107.8,32613982630
20170412,090000,78107.8,78174,78107.8,78132.4,24867397021
20170415,090000,78132.4,78509.9,78132.4,78383.3,29149674372
20170416,090000,78383.3,78650,78383.3,78471.7,28664535611
20170417,090000,78471.7,78561.4,78247.5,78247.5,19916841055
20170418,090000,78247.5,78431.8,78247.5,78339.8,18751243865
20170419,090000,78339.8,78657.6,78339.8,78651.4,17737023504
20170422,090000,78651.4,79302.7,78651.4,79302.7,23221061013
20170423,090000,79302.7,79577.6,79302.7,79390.6,25886764589
20170424,090000,79390.6,79461.4,79365.8,79425.9,17999898664
20170426,090000,79425.9,79596.9,79425.9,79596.9,16787416719
20170429,090000,79596.9,79822.9,79596.9,79755.6,19780918436
20170430,090000,79755.6,79919.4,79755.6,79785,18391055218
20170501,090000,79785,79909.9,79730.6,79826.6,19897841291
20170502,090000,79826.6,80013.8,79826.6,79942.1,19671675104
20170503,090000,79942.1,80099.4,79942.1,79969.2,14279711779
20170506,090000,79969.2,80027.2,79697.4,79697.4,15841703579
20170507,090000,79697.4,79705.1,79604.1,79660.9,18129146596
20170508,090000,79660.9,79773.1,79660.9,79744.1,18933160903
20170508,130000,79744.2,79744.4,79744.2,79744.2,2702171417
20170509,090000,79744.1,79858.8,79664.2,79858.8,19566721782
20170510,090000,79858.8,80143.4,79858.8,80127.1,20458448546
20170513,090000,80127.1,80177,80127.1,80142,10304842746
20170514,090000,80142,80142,79958.7,79963,10993782418
20170515,090000,79963,80004.7,79957.4,79957.5,7714262712
20170516,090000,79957.5,80171.3,79957.5,80129.3,8805780355
20170517,090000,80129.3,80397.6,80129.3,80344.2,11414710097
20170520,090000,80344.2,81132.6,80344.2,81077.6,25385969300
20170521,090000,81077.6,81256.3,81077.6,81194,16142012596
20170522,090000,81194,81308.7,81121.9,81124.4,9854349996
20170523,090000,81124.4,81183.4,81124.2,81124.4,9529898488
20170524,090000,81124.4,81148.6,81068.4,81146.2,10106874434
20170527,090000,81146.2,81161.7,80921.2,80921.2,7524378726
20170528,090000,80921.2,80943.8,80713.2,80713.2,7305023136
20170529,090000,80713.2,80730,80599.6,80599.6,8645617635
20170529,130000,80599.7,80607.9,80599.7,80607.9,1917997339
20170530,090000,80607.9,80621.9,80503.7,80511.5,8333538471
20170531,090000,80511.5,80565.8,80511.5,80513.3,8459650887
20170603,090000,80513.3,80548.2,80288.9,80288.9,7118348215
20170606,090000,80288.9,80332.6,80283.5,80293.5,6249335532
20170607,090000,80293.5,80299.8,79758.5,79758.5,8192381594
20170610,090000,79758.5,79898.4,79758.5,79855.7,6281331980
20170611,090000,79855.7,79884.4,79845.5,79870.5,8050198814
20170611,130000,79870.6,79870.7,79870.6,79870.7,750762393
20170612,090000,79870.7,79872.9,79564.1,79564.1,5187901786
20170613,090000,79564.1,79575.7,79426.9,79426.9,6461695536
20170614,090000,79426.9,79474.2,79426.9,79465.7,5978487986
20170617,090000,79465.7,79533.8,79285,79285,6495812730
20170618,090000,79285,79297.9,78990.4,78990.4,6643469353
20170619,090000,78990.4,79001.7,78860.1,78860.1,5690548328
20170619,130000,78860,78860,78859.2,78859.2,916391622
20170620,090000,78859.2,78884.4,78833.6,78867.5,5598641883
20170621,090000,78867.5,78883.8,78736.2,78736.2,5313906546
20170624,090000,78736.2,78772.6,78652.7,78652.7,4723350605
20170625,090000,78652.7,78707.4,78652.7,78665.3,5253174072
20170625,130000,78665.4,78665.5,78665.4,78665.5,627860244
20170628,090000,78665.5,78760.4,78665.5,78704.5,5515347111
20170701,090000,78704.5,78820.9,78704.5,78799.7,7890389329
20170702,090000,78799.7,78821.2,78765.3,78765.3,5224407769
20170703,090000,78765.3,78775.5,78659.2,78659.2,6276528925
20170704,090000,78659.2,78671.2,78622.2,78632.5,6776965480
20170705,090000,78632.5,78733.8,78632.5,78700.2,7701510101
20170708,090000,78700.2,78893.2,78700.2,78881.6,7436179957
20170709,090000,78881.6,78993.4,78881.6,78985.4,8650659643
20170710,090000,78985.4,79386.6,78985.4,79377,12352798370
20170711,090000,79377,79511.3,79377,79490.4,10369494479
20170712,090000,79490.4,79566.4,79490.4,79509.8,6628198173
20170712,130000,79509.6,79509.6,79509.6,79509.6,393350400
20170715,090000,79509.6,79684,79509.6,79658.9,8969154104
20170716,090000,79658.9,79699.9,79608.7,79620.8,7847216823
20170717,090000,79620.8,79705.5,79620.8,79692.9,11470255743
20170718,090000,79692.9,79792.7,79692.9,79735.7,8005340977
20170719,090000,79735.7,80178.5,79735.7,80162.5,7018324614
20170722,090000,80162.5,80671.6,80162.5,80670.8,9910583464
20170723,090000,80670.8,80889.1,80670.8,80863,10143430227
20170724,090000,80863,81008.2,80863,80933.9,10627796565
20170725,090000,80933.9,81242.6,80882.5,81181.7,8992760847
20170726,090000,81181.7,81628.6,81181.7,81509.3,19392820028
20170729,090000,81509.3,81572,81351.1,81420.9,6786574343
20170730,090000,81420.9,81635,81420.9,81491.4,8912747484
20170731,090000,81491.4,81596.8,81491.4,81533.5,8705389967
20170801,090000,81533.5,81565.8,81415.8,81415.8,6471892935
20170801,130000,81415.9,81415.9,81415.9,81415.9,344923822
20170802,090000,81415.9,81445.9,81265.8,81265.9,6868132664
20170806,090000,81265.9,81424.7,81265.9,81384.1,8278624512
20170807,090000,81384.1,81402.2,81285.7,81285.7,6985594110
20170808,090000,81285.7,81346.7,81278.2,81313.9,6556946742
20170809,090000,81313.9,81626.5,81313.9,81579.3,8811808205
20170812,090000,81579.3,81805.6,81579.3,81763.1,8447349425
20170813,090000,81763.1,81818.7,81661.6,81661.7,6641851152
20170813,130000,81661.6,81661.6,81661.5,81661.5,688068789
20170814,090000,81661.5,81673.6,81597.1,81659.4,6040739069
20170814,130000,81659.5,81659.5,81659.3,81659.3,1468831790
20170815,090000,81659.3,81716.7,81611.4,81696.3,8981317535
20170816,090000,81696.3,81741.9,81696.3,81741.9,7797954282
20170819,090000,81741.9,82021.2,81741.9,81954.9,16720728911
20170820,090000,81954.9,82016.3,81954.9,82016.2,6500364191
20170821,090000,82016.2,82084.2,82016.2,82075,9459864848
20170822,090000,82075,82428.6,82075,82372.4,14538175645
20170823,090000,82372.4,82570.1,82372.4,82541.8,10373053086
20170826,090000,82541.8,82933.2,82541.8,82897.1,11890424723
20170827,090000,82897.1,82968.2,82853.4,82885.3,9014803010
20170827,130000,82885.2,82885.2,82885,82885,864608690
20170828,090000,82885,83015.3,82885,83012.1,0
20170829,090000,83012.1,83401.9,83012.1,83252,17797160136
20170830,090000,83252,83342.9,83252,83272.9,10908553268
20170902,090000,83272.9,83441,83272.9,83428.2,8341305665
20170903,090000,83428.2,83586.3,83297.8,83345.2,11969914248
20170904,090000,83345.2,83503.9,83333.7,83452.1,9465862266
20170905,090000,83452.1,83764.1,83452.1,83733.5,8315831194
20170906,090000,83733.5,83762.4,83674.8,83675.3,6720844999
20170910,090000,83675.3,83675.3,83255.7,83255.7,7008244413
20170911,090000,83255.7,83369.1,83238.1,83369.1,7187268539
20170912,090000,83369.1,83490.4,83369.1,83469.2,6987608224
20170913,090000,83469.2,83534.5,83469.2,83523.8,8881741767
20170916,090000,83523.8,83685.6,83523.8,83683.2,8223666330
20170917,090000,83683.2,83916.6,83683.2,83916.6,7048593664
20170918,090000,83916.6,84414.5,83916.6,84414.5,7418432124
20170919,090000,84414.5,85344.2,84414.5,85343.9,11780208083
20170920,090000,85343.9,85832.1,85343.9,85831.8,16258402089
20170923,090000,85831.8,85873.4,85769.1,85798.4,13712820732
20170924,090000,85798.4,85820.2,85572.6,85588.8,10744903703
20170925,090000,85588.8,85645.8,85516.9,85516.9,9863208638
20170925,130000,85516.8,85516.9,85516.8,85516.9,904325254
20170926,090000,85516.9,85656.5,85516.9,85628.8,11442434208
20170927,090000,85628.8,85879,85628.8,85819,16210820589
20171002,090000,85819,85839.6,85488.5,85514.9,20077090456
20171003,090000,85514.9,85517.5,85354.9,85355,9430426855
20171004,090000,85355,85480.9,85355,85429.5,9067867854
20171007,090000,85429.5,85520.5,85069.5,85069.5,10248131324
20171008,090000,85069.5,85306.5,84554.7,84564.9,15293398591
20171009,090000,84564.9,84626.5,84564.9,84611.6,7880041164
20171010,090000,84611.6,84751.1,84611.6,84734.4,6502498222
20171011,090000,84734.4,84753.4,84725.8,84744.1,8567926453
20171014,090000,84744.1,85263.6,84744.1,85263.6,7659749741
20171015,090000,85263.6,85394.9,85263.6,85394.9,7431885981
20171016,090000,85394.9,85593.9,85394.9,85590.7,9700811739
20171017,090000,85590.7,85686,85590.7,85660,8616163513
20171018,090000,85660,85771.3,85660,85768,7023166411
20171021,090000,85768,86430.6,85768,86430.6,8790452449
20171021,130000,86430.5,86430.5,86430.5,86430.5,580515297
20171022,090000,86430.5,86553.3,86430.5,86480.2,9756060566
20171023,090000,86480.2,86481.8,86326.2,86346.2,14828249292
20171024,090000,86346.2,86529.2,86346.2,86529.2,10191347171
20171025,090000,86529.2,86651.6,86529.2,86636.8,9891917778
20171028,090000,86636.8,86940,86636.8,86935.4,10811970952
20171029,090000,86935.4,87416.6,86935.4,87416.6,15259898080
20171030,090000,87416.6,87579.8,87416.6,87477.2,12002100820
20171031,090000,87477.2,87650,87477.2,87649.9,13243816582
20171101,090000,87649.9,87883.5,87649.9,87844.9,11065928217
20171104,090000,87844.9,87933.4,87842.2,87868.5,8029116861
20171104,130000,87868.6,87868.6,87868.6,87868.6,397920326
20171105,090000,87868.6,87974.4,87868.6,87905.1,12605766250
20171106,090000,87905.1,87951.4,87843.6,87843.7,8823667576
20171107,090000,87843.7,87970.4,87843.7,87883.1,7460143520
20171108,090000,87883.1,87912.5,87879.6,87897.4,9375496596
20171111,090000,87897.4,87925.6,87795.2,87795.2,8320486535
20171112,090000,87795.2,87811.6,87744.8,87744.8,7138276199
20171112,130000,87744.7,87744.7,87744.7,87744.7,392758952
20171113,090000,87744.7,87867.7,87744.7,87832.5,7424005495
20171114,090000,87832.5,87976.5,87832.5,87949.8,7796001775
20171115,090000,87949.8,88017.3,87949.8,88005.9,8862767324
20171118,090000,88005.9,88222.5,88005.9,88202.3,5954856220
20171120,090000,88202.3,88354.9,88202.3,88261.2,9060522865
20171121,090000,88261.2,88774.7,88261.2,88774.6,9003684843
20171122,090000,88774.6,89339.1,88774.6,89339.1,18066194320
20171125,090000,89339.1,90491,89339.1,90469.5,21190141488
20171126,090000,90469.5,90727.9,90469.5,90655.4,20526757737
20171126,130000,90655.5,90655.5,90655.5,90655.5,839356045
20171128,090000,90655.5,91264.9,90655.5,91255.2,22966946158
20171129,090000,91255.2,91329.2,91114.5,91152.2,11039720854
20171202,090000,91152.2,91358.2,91152.2,91296.7,7725581752
20171203,090000,91296.7,91313,90951.8,90951.8,11261440908
20171204,090000,90951.8,91055.4,90936.4,90936.6,13567383208
20171205,090000,90936.6,91182.9,90936.6,91093.5,17135076269
20171205,130000,91093.2,91093.2,91092.2,91092.2,3496119614
20171209,090000,91092.2,91239.8,91092.2,91160.3,12246906580
20171210,090000,91160.3,91278.8,91160.3,91198.9,12728186751
20171211,090000,91198.9,91552.4,91198.9,91552.4,24988453993
20171212,090000,91552.4,92643,91552.4,92628.9,26828584154
20171213,090000,92628.9,93343.4,92628.9,93283.7,24622034181
20171216,090000,93283.65,94606.43,93283.65,94606.42,21214097714
20171217,090000,94820.85,95784.94,94820.85,95600.75,22548166377
20171218,090000,95623.37,95634.44,95394.47,95477.41,19598703593
20171219,090000,95477.68,95703.35,95477.68,95590.65,16098110206
20171219,130000,95590.57,95590.61,95590.57,95590.61,1512780890
20171220,090000,95598.82,95607.4,95428.11,95508.5,12668333093
20171220,130000,95508.54,95508.64,95508.54,95508.64,1896287576
20171223,090000,95579.83,96816.32,95579.83,96816.03,18881080590
20171224,090000,96840.87,97529.35,96840.87,97529.35,14536374411
20171225,090000,97601.17,98373.72,97601.17,98358.42,18939831835
20171226,090000,98362.54,98627.12,98150.66,98150.73,22720217899
20171226,130000,98150.77,98152.79,98150.77,98152.79,30833995956
20171226,170000,98152.8,98152.8,98152.8,98152.8,906882234
20171227,090000,98153.37,98514.19,97899.15,97899.16,15822020474
20171230,090000,97847.87,97847.87,96981.05,97211.41,23237359666
20171231,090000,97166.53,97166.53,95454.56,95561.58,39259893307
20180101,090000,95569.34,96232.85,95569.34,96207.95,13303826330
20180101,130000,96207.93,96208,96207.93,96208,1191735704
20180102,090000,96215.99,96354.49,96215.99,96241.27,12397493408
20180102,130000,96241.28,96241.28,96241.28,96241.28,570574390
20180103,090000,96249.45,96263.86,95929.45,95929.45,11589207045
20180103,130000,95929.46,95929.46,95929.46,95929.46,565339549
20180106,090000,95919.05,96280.96,95919.05,96270.39,10172416950
20180107,090000,96276.03,96374.34,96234.53,96234.54,11439885959
20180108,090000,96237.41,96351.9,96237.41,96332.55,9964871935
20180109,090000,96336.29,96359.92,96141.07,96149.27,8288858926
20180110,090000,96147.68,96261.33,96147.68,96185.99,9612878118
20180113,090000,96267.65,96734.45,96267.65,96627.55,10963816481
20180114,090000,96647.17,97230.65,96647.17,97228.67,12279628359
20180115,090000,97245.38,97966.58,97245.38,97944.06,17337628333
20180115,130000,97944.03,97944.03,97944.03,97944.03,770549124
20180116,090000,97958.36,98603.65,97958.36,98596.93,15083903646
20180117,090000,98616.52,98959.46,98616.52,98923.53,13382812923
20180117,130000,98923.55,98923.55,98923.55,98923.55,673012692
20180120,090000,98946.89,99075.05,98817.28,98817.28,11915527448
20180121,090000,98813.3,98813.3,98221.08,98221.09,14942706467
20180122,090000,98217.94,98679.89,98217.94,98629.42,12925051830
20180122,130000,98629.35,98629.35,98628.42,98628.43,2409767718
20180123,090000,98644.3,99224.8,98644.3,99224.8,12382296405
20180124,090000,99271.43,99607.05,99271.43,99522.18,15703009367
20180127,090000,99523.95,99607.11,99355.54,99355.55,13312577204
20180128,090000,99363.59,99563.76,99363.59,99414.54,9290390138
20180128,130000,99414.55,99414.55,99414.55,99414.55,472836980
20180129,090000,99427.93,99501.71,99046.12,99046.12,10417448265
20180130,090000,99056.58,99065.31,98557.73,98557.87,10332865859
20180131,090000,98561.54,98561.54,98133.5,98133.52,10620552070
20180203,090000,98130.43,98145.53,97718.75,97718.81,10959694898
20180204,090000,97716.36,97878.95,97706.48,97808.19,10809755339
20180205,090000,97809.26,98050.93,97809.26,98033.54,15351173753
20180206,090000,98040.86,98093.53,97913.59,97927.5,13553446910
20180207,090000,97931.41,98317.52,97931.41,98317.25,12054624222
20180207,170000,98317.24,98320.11,98312.45,98312.45,12283212683
20180210,090000,98246.55,98246.55,97782.51,97782.73,14524594594
20180212,090000,97789.05,98003.88,97789.05,97924.73,15269864204
20180213,090000,97930.9,98180.22,97930.9,98103.36,21127422811
20180214,090000,98119.66,98349.7,98119.66,98347.92,13428328927
20180217,090000,98371.02,98603.78,98371.02,98429.69,12830737387
20180218,090000,98430.37,98462.97,98300.4,98300.65,13562742937
20180219,090000,98299.22,98338.93,98148.52,98148.52,9683183652
20180221,090000,98158.73,98249.66,98155.51,98157.3,14195920190
20180224,090000,98196.64,98313.72,98176.9,98176.9,21199867748
20180225,090000,98180.82,98211.47,98080.18,98080.28,13202984299
20180225,130000,98080.27,98080.27,98080.27,98080.27,585444695
20180226,090000,98096.84,98173.29,98096.84,98098.51,12345557554
20180227,090000,98105.57,98229.87,98096.99,98100.84,12348851484
20180228,090000,98116.5,98181.61,97961.42,97961.75,18458264172
20180303,090000,97968.94,97968.94,97388.44,97388.71,16718386190
20180304,090000,97401.47,97446.17,97354.3,97354.31,26571779713
20180304,130000,97354.34,97354.34,97354.34,97354.34,982712671
20180305,090000,97361.95,97401.16,97198.73,97198.73,16945273528
20180305,130000,97198.71,97198.71,97182.65,97182.65,18597507200
20180306,090000,97163.25,97217.59,96991.02,96991.02,12005484760
20180307,090000,96983.94,96997.6,96860.3,96860.3,9174602608
20180307,130000,96860.32,96860.33,96860.32,96860.33,878641456
20180310,090000,96880.13,96889.57,96594.52,96594.52,14223920427
20180311,090000,96600.22,96608.41,96028.48,96028.48,15022253262
20180312,090000,96032.02,96240.6,96032.02,96194.19,14438772415
20180312,130000,96194.2,96194.47,96194.2,96194.47,8014207842
20180313,090000,96202.15,96314.17,96202.15,96314.17,9664703745
20180314,090000,96320.39,96463.51,95525.89,95525.9,15046061550
20180314,130000,95525.91,95525.91,95525.91,95525.91,996557547
20180317,090000,95530.49,95688.53,95530.49,95577.34,20601902909
20180318,090000,95616.66,95819.64,95616.66,95819.63,14671854806
20180319,090000,95863.1,96336.98,95863.1,96289.99,13960229449
20180325,090000,96338.97,96432.37,96338.97,96425.91,5658058280
20180326,090000,96431.41,96611.83,96420.31,96489.72,12775075580
20180327,090000,96493.51,96623.11,96493.51,96596.65,14783558207
20180328,090000,96599.36,96951.45,96599.36,96938.88,10322599523
20180403,090000,96948.95,97162.24,96948.95,97086.17,6346386802
20180404,090000,97089.92,97150.6,97089.92,97150.6,10177245794
20180404,130000,97150.58,97150.58,97150.58,97150.58,465924213
20180407,090000,97159.17,97186.62,96779.87,96779.87,10904367189
20180408,090000,96750.43,96750.43,96340.96,96341.27,15687846488
20180409,090000,96376.84,97135.37,96376.84,97120.77,19895108205
20180410,090000,97134.44,97164.5,96747.99,96748.01,16636243055
20180411,090000,96762.57,96799.22,96265.37,96287.05,12736430061
20180415,090000,96288.3,96308.34,95987.56,95987.56,8393979566
20180416,090000,95991.31,96000.42,95506.31,95506.31,7921970595
20180416,130000,95506.26,95506.26,95506.26,95506.26,401671442
20180417,090000,95580.93,95589.24,95522.73,95522.73,6974869454
20180418,090000,95572.6,95627.95,95518.23,95523.89,6845396634
20180421,090000,95532.55,95565.88,95265.87,95265.87,6616382993
20180422,090000,95270.91,95270.91,94494.27,94494.27,7596210954
20180423,090000,94497.32,94512.68,94299.51,94299.53,6561869511
20180424,090000,94316.09,94629.01,94316.09,94576.47,9516346604
20180424,130000,94576.15,94576.35,94576.15,94576.35,880029757
20180424,170000,94576.36,94576.36,94576.36,94576.36,440044526
20180425,090000,94583.78,94883.9,94583.78,94796.14,7854406903
20180428,090000,94796.94,94804.57,94284.49,94284.49,9771731369
20180429,090000,94291.02,94298.74,93810.68,93810.68,8010734360
20180429,130000,93810.99,93811.59,93805.51,93805.58,2459363110
20180430,090000,93808.24,93866.56,93586.89,93586.89,9167870755
20180430,130000,93586.9,93586.93,93586.9,93586.93,1235612258
20180501,090000,93608.76,93630.8,93586.11,93612.14,9752439675
20180505,090000,93642.22,93642.22,93100.66,93100.67,8278210213
20180506,090000,93100.96,93100.96,92849.89,92849.93,12213807394
20180507,090000,92855.6,93165.92,92855.6,93165.92,7382205546
20180508,090000,93208.25,93605.87,93208.25,93605.87,14121955207
20180509,090000,93654.13,93834.9,93654.13,93691.16,35457214340
20180512,090000,93684.27,93933.96,93684.27,93891.12,13368562405
20180513,090000,93953.69,94182.74,93953.69,94165.83,14805048726
20180514,090000,94214.31,94704.43,94214.31,94703.45,16723580517
20180515,090000,94769.6,94941.99,94769.6,94906.06,23397972115
20180515,130000,94905.92,94905.92,94905.92,94905.92,845227755
20180516,090000,94933.69,94980.16,94902.21,94940.24,20654997291
20180519,090000,94972.48,95173.78,94972.48,95103.12,15290516988
20180520,090000,95142.92,95235.2,95118.17,95136.46,14374745073
20180521,090000,95133.7,95260.24,95133.7,95227.47,16302980234
20180522,090000,95242.27,95282.82,95219,95229.93,13723298959
20180523,090000,95243.91,95510.99,95243.91,95445.06,10643120552
20180526,090000,95498.98,95929.96,95498.98,95794.01,16301175036
20180527,090000,95838.75,95887.25,95625.76,95626.01,12511088831
20180528,090000,95626.77,95654.85,95529.6,95529.61,12517517782
20180529,090000,95531.62,95647.44,95409.6,95409.62,12448511703
20180530,090000,95434.03,95665.17,95434.03,95577.68,14070586353
20180602,090000,95609.51,96026.57,95609.51,95951.92,14961106972
20180603,090000,95970.13,96024.73,95970.13,95998.86,9328023355
20180609,090000,96083.71,96251.69,96064.06,96077.14,17634599282
20180610,090000,96087.7,96139.07,95915.99,95915.99,17137110604
20180611,090000,95958.66,95974.63,95846.28,95847.52,17807251106
20180611,130000,95847.51,95847.51,95847.47,95847.47,4430333085
20180611,170000,95847.46,95847.47,95847.46,95847.47,1772345190
20180612,090000,95875.22,96378.72,95875.22,96378.72,21367677119
20180613,090000,96445.17,99146.28,96445.17,99146.28,39716682665
20180617,090000,100306.54,102452.4,100306.54,102452.39,45958158561
20180618,090000,103957.73,104806.07,103957.73,104533.54,71052270469
20180618,130000,104533.53,104533.53,104533.52,104533.52,4986205316
20180619,090000,104534.55,106511.7,104444.42,106504.01,42766695985
20180619,130000,106504.03,106504.07,106504.03,106504.07,3532125050
20180620,090000,106787.35,109037.36,106787.35,108872.63,52129849049
20180620,130000,108872.62,108872.86,108872.62,108872.86,12096059200
20180623,090000,109012.99,109401.41,109005.18,109401.41,34699332401
20180624,090000,109586.22,112080.38,109586.22,112060.73,58218409961
20180624,130000,112060.71,112061.32,112060.7,112061.32,9327700480
20180625,090000,112454.21,115226.05,112454.21,115174.54,72956096214
20180626,090000,115555,115555,113450.2,113527.66,57289258981
20180627,090000,113663.6,113810.99,111324.82,111324.82,40073147974
20180630,090000,111467.81,111850.34,111441.16,111528.19,26544675640
20180701,090000,111509.04,111509.04,108694.08,108694.08,28975705308
20180702,090000,108836.77,109937.07,108836.77,109937.07,17031195526
20180703,090000,110385.62,112472.68,110385.62,112346.47,30198866956
20180704,090000,112866.17,113243.03,112490.12,112490.13,33115704436
20180704,130000,112490.04,112490.04,112490,112490,2905840400
20180707,090000,112397.54,112397.54,111051.29,111051.6,22004219885
20180708,090000,111333.79,111333.79,110851.41,110851.43,15169869096
20180710,090000,110856.63,111259.42,110848.92,110848.96,11636392377
20180711,090000,110831.52,110831.52,109505.13,109505.13,17699764428
20180714,090000,109499.15,109545.08,108916.6,108916.6,15654666978
20180715,090000,108915.25,109101.02,108058.64,108072.26,18664107082
20180716,090000,108062.4,108566.27,108062.4,108109.99,16914932796
20180717,090000,108120.57,108340.57,107693.99,107780.61,18400389992
20180718,090000,107785.5,108216.16,107737.74,107776.48,23888254309
20180718,130000,107776.55,107776.55,107776.55,107776.55,1476160003
20180721,090000,108047.77,108367.9,108047.77,108295.52,11281245751
20180722,090000,108595.77,108989.38,108595.77,108830.78,23908718158
20180723,090000,108884.21,108885.53,108444.95,108658.88,11383762028
20180724,090000,108729.34,108853.94,108395.85,108395.85,15711191936
20180724,130000,108395.87,108395.93,108395.87,108395.93,2393879465
20180725,090000,108416.46,108800.01,108326.29,108800.01,20199801393
20180725,130000,108800.07,108800.13,108800.07,108800.13,2653698132
20180728,090000,109754.35,111921.83,109754.35,111877.94,35737296691
20180729,090000,112854.34,114032.64,112854.34,113852.25,40724095426
20180730,090000,114498.96,116843.96,114498.96,116756.02,55442868505
20180730,130000,116756.1,116756.53,116756.1,116756.53,3923801894
20180730,170000,116756.52,116759.5,116755.28,116759.5,19589125021
20180731,090000,117132.28,121173.57,117132.28,121173.48,33363353914
20180801,090000,121438.35,124590.43,121438.35,123951.26,57293840077
20180804,090000,123878.24,124837.56,123579.85,124352.8,35367429936
20180804,130000,124353.49,124353.67,124353.49,124353.67,3175883684
20180805,090000,125074.62,128591.37,125074.62,128448.01,60904148812
20180806,090000,128955.59,133842.94,128955.59,133646.18,88066107552
20180806,170000,133328.3,133328.3,133328.3,133328.3,3616600695
20180807,090000,133354.5,134421.5,132718.02,133584.41,63775061132
20180808,090000,133691.99,133714.37,131521.62,131521.62,44647408047
20180811,090000,131504.77,131504.77,129013.73,129013.76,37535971836
20180812,090000,129018.39,130579.38,129018.39,129901.97,33870584314
20180812,130000,129901.95,129901.95,129901.86,129901.86,4695761600
20180813,090000,129944.4,129944.4,128314.93,128522.72,37109656062
20180814,090000,128728.34,131233.61,128728.34,130927.68,35420676422
20180815,090000,130759.03,130960.18,130476.79,130476.88,23578406913
20180818,090000,130583.58,131536.18,130524.43,131535.95,26008591483
20180818,130000,131535.83,131535.83,131535.83,131535.83,1182651026
20180819,090000,132080.73,134835.51,132080.73,134354.77,33001308393
20180820,090000,135265.91,137180.59,135265.91,137073.03,51584786575
20180820,130000,137072.99,137072.99,137072.92,137072.92,3736794832
20180821,090000,137120.02,137261.48,136880.67,136910.6,35173122370
20180825,090000,137163.35,138195.23,136343.35,136343.37,35517104491
20180826,090000,137185.63,138582.61,136594.05,138582.58,42050720468
20180827,090000,138924.69,140540.99,138924.69,140309.21,55483631483
20180828,090000,139996.89,139996.89,136765.93,136765.93,53255691365
20180829,090000,136757.84,137687.2,136757.84,137472.36,50895351060
20180901,090000,137666.67,137792.99,136109.65,136109.73,80083287531
20180902,090000,136239.28,136239.28,133674.8,133676.13,58759431878
20180903,090000,134002.63,135257.76,134002.63,135257.76,42816741750
20180904,090000,136882.6,138292.95,136882.6,137983.78,37006922328
20180904,130000,137983.81,137983.83,137983.81,137983.83,3425281228
20180905,090000,138445.05,138445.05,137629.25,137714.15,31649242474
20180908,090000,137960.3,139786.14,137960.3,139628.69,48486755264
20180909,090000,139930.03,142234.88,139930.03,142234.44,77953863973
20180910,090000,142507.68,147093.94,142507.68,146998.66,83264851214
20180911,090000,148082.29,148577.59,147269.67,148577.59,86911199831
20180912,090000,149179.64,155061.06,149179.64,155061.06,76810825310
20180915,090000,155637.15,159445.1,155637.15,158119.22,105757334760
20180916,090000,158215.41,158215.41,154200.54,155710.24,117390618220
20180917,090000,156203.11,158971.84,156203.11,158072.02,90793883355
20180917,130000,158071.98,158072,158071.89,158071.91,28790601227
20180918,090000,158315.64,158397.21,157032.58,157337.78,84509514311
20180918,130000,157328.66,157328.66,157328.65,157328.65,6281038326
20180922,090000,157889.33,160643.82,157889.33,160538.23,79523428399
20180923,090000,160880.49,165072.15,160880.49,165072.08,109233930888
20180924,090000,165397.42,168624.54,165397.42,168624.54,88697926877
20180924,130000,168624.52,168624.52,168624.43,168624.49,33400120075
20180925,090000,169728.97,174618.48,169728.97,174618.27,117154163258
20180925,130000,174618.24,174618.24,174618.18,174618.18,17937863156
20180926,090000,174958.99,180635.64,174958.99,180635.64,108544715988
20180926,130000,180635.63,180635.63,180635.63,180635.63,4229449289
20180929,090000,181413.52,187406.15,181413.52,187406.06,87133618491
20180930,090000,187434.86,195104.04,187434.86,195104.02,109850347902
20180930,130000,195104.01,195104.01,195104.01,195104.01,4576061407
20181001,090000,195633.31,197000.68,194476.71,195480.16,151695020834
20181002,090000,195241.54,195241.54,188259.37,188259.41,159760712393
20181003,090000,188259.41,188259.41,184042.22,185559.26,134746442523
20181003,130000,185559.25,185559.29,185559.25,185559.29,15787877688
20181006,090000,185538.32,189893.95,184084.3,184085.22,167713890175
20181007,090000,183664.36,183664.36,176419.46,176419.46,105578434521
20181007,130000,176419.37,176419.37,176419.37,176419.37,4036567981
20181008,090000,176194.9,176194.9,173879.32,175185.48,66479674098
20181009,090000,175215.94,181226.96,175215.94,180847.59,95130456337
20181009,130000,180847.52,180847.62,180847.51,180847.62,16985546804
20181010,090000,180847.62,181621.66,180847.62,181015.74,66130076029
20181013,090000,181008.99,181008.99,175032.97,175032.99,44862786302
20181013,130000,175033,175033,175033,175033,1486624258
20181014,090000,175033,175033,174118,174924.15,44072403693
20181014,130000,174924.05,174924.05,174923.56,174923.56,2565050844
20181014,170000,174923.53,174923.53,174923.53,174923.53,1282502271
20181015,090000,174826.41,180601.39,174826.41,180601.39,67889553493
20181015,130000,180601.35,180601.45,180601.3,180601.45,12364057371
20181016,090000,180601.45,183813.15,180601.45,182834.34,79654928857
20181016,130000,182834.58,182834.58,182834.05,182834.07,14047348088
20181017,090000,182834.07,182929.27,180322.59,182929.08,92816779877
20181017,170000,182929.09,182929.09,182929.09,182929.09,3385653848
20181020,090000,182929.09,188582.71,182929.09,188575.5,62569875720
20181020,130000,188575.54,188575.76,188575.54,188575.76,4461421674
20181021,090000,188575.76,190040.85,188575.76,189438.05,70441518146
20181021,130000,189438.03,189438.03,189438.03,189438.03,2669108127
20181022,090000,189438.03,190025.86,187553.41,187778.92,70008802604
20181023,090000,187778.92,187844.23,185279.71,185318.74,57832914146
20181024,090000,185318.74,185318.74,180975.67,181060.04,44202876316
20181027,090000,181060.04,181060.04,178841.3,178841.31,45526018128
20181028,090000,178841.31,180625.26,178841.31,180625.26,39223790875
20181028,130000,180625.84,180626.91,180625.84,180626.91,7142781096
20181029,090000,180626.91,183678.12,180626.91,183219.25,46984009500
20181029,130000,183219.43,183219.5,183219.43,183219.5,5293197424
20181031,090000,183219.5,183669.56,183219.5,183367.34,54998741880
20181103,090000,183367.34,183585.29,183346.43,183448.8,50087651332
20181103,130000,183448.83,183448.84,183448.81,183448.81,7012266256
20181104,090000,183448.81,184428.02,182918.53,182918.58,48700010594
20181105,090000,182918.58,184335.07,182918.58,184159.76,44930669544
20181106,090000,184380.52,185455.84,184380.52,185100.3,47143489213
20181110,090000,185100.36,185297.15,184230.95,184231.05,92324744846
20181111,090000,184265.48,184265.48,180636.94,180668.3,47176769684
20181111,130000,180668.31,180668.31,180668.29,180668.29,5923483594
20181112,090000,180756.5,182231.34,180756.5,182211.71,47651142071
20181112,130000,182211.7,182211.7,182211.7,182211.7,2046395130
20181113,090000,182497.53,183906.65,182497.53,183212.17,70960645698
20181114,090000,183028.9,183028.9,181994.29,181994.32,52426012512
20181117,090000,181970.46,182009.72,178819.28,178819.28,42209579550
20181118,090000,178648.52,178648.52,173326.09,173557.7,48983076125
20181118,130000,173557.69,173557.69,173557.69,173557.69,1997949947
20181119,090000,173537.64,176040.43,173537.64,175816.45,40930516894
20181120,090000,175844.31,176645.88,175844.31,176458.73,35582888634
20181121,090000,176458.73,176806.22,175713.09,175713.14,40987155184
20181121,130000,175713.15,175713.15,175713.15,175713.15,1658494412
20181124,090000,175611.3,175611.3,171252.93,171252.93,45322201295
20181126,090000,170336.38,170336.38,166463.44,166463.46,32984309414
20181127,090000,166472.07,167864.48,166472.07,167199.78,23991864905
20181127,130000,167199.77,167199.77,167199.77,167199.77,954189481
20181128,090000,167144.14,167144.44,163772.05,163772.1,36725528157
20181128,130000,163772.11,163772.11,163772.11,163772.11,1520972801
20181201,090000,163502.36,163502.36,159202.13,159853.77,39670153462
20181202,090000,160022.69,163138.62,160022.69,163138.56,33353686247
20181202,130000,163138.46,163138.46,163138.46,163138.46,1197337088
20181203,090000,164030.8,166557.31,164030.8,166304.45,33726735859
20181203,130000,166304.44,166304.44,166304.44,166304.44,1333955289
20181204,090000,166521.99,166851.82,165567.21,165701.67,29892549427
20181204,130000,165701.66,165701.66,165701.66,165701.66,1199061603
20181205,090000,165776,167132.37,165776,166859.84,36556813642
20181205,130000,166860.08,166860.1,166860.08,166860.1,2644671430
20181208,090000,167332.27,167539.56,167083.22,167083.22,29760126038
20181209,090000,167408.4,167544.6,166891.24,166891.24,61308592013
20181210,090000,166924.96,167329.66,166915.86,166915.93,39984078982
20181211,090000,166951.78,167083.23,166235.02,166235.02,29604630934
20181212,090000,166198.9,166198.9,165352.07,165352.07,27063857236
20181215,090000,165387.95,165690.07,164491.61,164492.15,26081832528
20181215,130000,164491.49,164491.49,164485.84,164485.89,8889207777
20181216,090000,164474.12,164474.12,161707.81,161707.81,33481910147
20181216,130000,161707.79,161708.08,161707.77,161708.08,6746468397
20181217,090000,161774.53,162063.08,159749.82,159749.86,34952343047
20181218,090000,159872.52,159924.55,159146.21,159146.32,21487920905
20181218,130000,159146.43,159146.43,159146.43,159146.43,850844041
20181219,090000,159119.43,159119.43,156083.13,156083.15,22540123414
20181222,090000,156208.72,156374.71,154550.43,154550.44,20002655153
20181222,130000,154550.48,154550.48,154550.48,154550.48,880063220
20181223,090000,154596.4,156764.47,154596.4,156692.22,31139796075
20181223,130000,156692.8,156693.78,156692.8,156693.78,13209556879
20181224,090000,156818.5,157693.42,156818.5,157484.03,41203801540
20181225,090000,157457.81,157457.81,156950.33,156950.33,43983904032
20181226,090000,157209.57,158443.76,157209.57,158443.72,67386828037
20181229,090000,160096.84,160774.59,158662.22,160048.6,35193015115
20181230,090000,160858.71,161508.72,160858.71,161309.8,45005432234
20181231,090000,161379.74,161474.74,161343.72,161405.32,45877347730
20190101,090000,161467.41,161912.19,161448.99,161840.79,57580419730
20190102,090000,162064.5,162087.63,160898.85,160898.86,117021142538
20190105,090000,161000.79,161340.11,161000.79,161107.44,41136756983
20190106,090000,161143.2,161482.99,161143.2,161275.82,55821955135
20190107,090000,161377.55,162456.13,161377.55,162323.5,47362526493
20190107,130000,162323.63,162323.63,162323.63,162323.63,1919851163
20190108,090000,162482.03,164174.85,162482.03,163967.15,53411514749
20190108,130000,163967.16,163967.16,163967.16,163967.16,2321386025
20190109,090000,164085.82,166072.9,164085.82,164829.4,36961443746
20190112,090000,164924.99,165270.99,164904.28,164929.85,35299616803
20190113,090000,165019.02,165019.02,164493.78,164493.78,49535406078
20190114,090000,164566.31,164917.63,164566.31,164696.44,48575910001
20190115,090000,164780.87,165683.56,164780.87,165445.54,53647015741
20190115,130000,165445.52,165445.54,165445.51,165445.54,10708068378
20190116,090000,165699.52,165995.11,165561.6,165594.95,52529032166
20190116,130000,165594.99,165595.01,165594.99,165595,6465027027
20190119,090000,165664.45,166446.64,165664.45,166131.11,40874041698
20190120,090000,166763.46,167028.24,165574.95,165575.05,45197226056
20190120,130000,165575.1,165575.1,165575.1,165575.1,1942373943
20190121,090000,165206.28,165206.28,161922.23,161922.23,49902965548
20190122,090000,161965.83,162805.72,161965.83,162805.69,45764850122
20190123,090000,162948.73,163335.48,162940.86,162940.86,31521644234
20190126,090000,163048.45,163169.33,162478.85,162478.86,34081873903
20190126,130000,162478.43,162478.43,162478.08,162478.08,3100746930
20190126,170000,162477.63,162477.63,162477.52,162477.52,4651052337
20190127,090000,162832.15,162832.15,160797.61,160797.96,83726727523
20190128,090000,160835.27,160943.64,159831.75,159832.15,48990098216
20190128,130000,159832.16,159832.25,159832.09,159832.25,16615298227
20190128,170000,159832,159832,159818.19,159818.19,25798092200
20190129,090000,159878.57,160362.64,159878.57,160153.02,31018151922
20190130,090000,160245.96,160491.19,160245.96,160294.85,37516460800
20190202,090000,160294.85,160525.46,159853.1,159855.38,42717767119
20190202,170000,159856.07,159856.07,159856.07,159856.07,1563969651
20190203,090000,159856.07,159856.07,157352.26,157355.36,0
20190203,170000,157355.23,157355.23,157355.23,157355.23,0
20190204,090000,157355.23,158485.96,157355.23,158043.86,40211218377
20190204,130000,158043.97,158043.97,158043.95,158043.95,4594902657
20190204,170000,158043.94,158043.94,158043.94,158043.94,1531243575
20190205,090000,158043.94,158456.19,158043.94,158394.95,38444923509
20190205,130000,158394.2,158394.2,158394.2,158394.2,1499897438
20190206,090000,158394.2,158832.98,158394.2,158535.46,35806693044
20190206,170000,158535.53,158535.53,158535.53,158535.53,1452427231
20190210,090000,158535.53,158776.61,158467.66,158467.68,19238443081
20190210,130000,158468.15,158468.15,158468.15,158468.15,834192391
20190212,090000,158468.15,158550.18,157972.7,157972.7,26354013209
20190212,170000,157973.25,157973.25,157973.25,157973.25,1142647137
20190213,090000,157973.25,157973.25,157311.05,157311.09,34084447794
20190213,170000,157310.78,157310.78,157310.78,157310.78,1357532400
20190216,090000,157310.78,157839.07,157113.82,157113.84,24218168263
20190217,090000,157113.59,157218.89,156155.03,156155.05,22308764962
20190217,130000,156154.97,156154.97,156154.97,156154.97,954711330
20190218,090000,156154.97,156832.26,156154.97,156705.33,25531515914
20190218,130000,156705.35,156705.35,156705.35,156705.35,1013755024
20190218,170000,156705.13,156705.13,156705.13,156705.13,1013755024
20190219,090000,156705.13,157513.14,156705.13,157387.39,25887231623
20190219,170000,157387.49,157387.49,157387.49,157387.49,1077789813
20190220,090000,157387.49,159489.56,157387.49,159489.52,26152730872
20190220,170000,159489.48,159489.48,159489.48,159489.48,1336218522
20190223,090000,159489.48,164289.31,159489.48,164274.59,44753500446
20190223,130000,164275.18,164275.41,164267.76,164267.76,22380813032
20190223,170000,164267.83,164267.83,164267.83,164267.83,2034262271
20190224,090000,164267.83,166030.4,164267.83,166030.35,34283949339
20190224,170000,166030.32,166030.32,166030.32,166030.32,1571595159
20190225,090000,166211.74,166944.51,166211.74,166793.6,34412699695
20190225,170000,166793.63,166793.63,166793.63,166793.63,1613669242
20190226,090000,166793.63,166793.63,164711.46,164711.46,32535263706
20190226,170000,164712.17,164712.17,164712.17,164712.17,1362003278
20190227,090000,164712.17,165359.16,164712.17,165294.73,27127005683
20190227,170000,165295.08,165295.08,165295.08,165295.08,1151271175
20190302,090000,165295.08,165552.45,164370.47,164370.51,27930474058
20190302,130000,164370.29,164370.29,164370.29,164370.29,1213975483
20190303,090000,164370.29,164571.14,164370.29,164443.13,31804526462
20190303,170000,164442.69,164442.69,164442.69,164442.69,1381857244
20190304,090000,164442.69,164778.93,164238.54,164238.56,34308354544
20190304,130000,164238.57,164238.57,164238.57,164238.57,1376797977
20190304,170000,164238.6,164238.6,164238.6,164238.6,1376797977
20190305,090000,164238.6,164433,162593.53,162593.53,31648816423
20190305,130000,162593.62,162593.62,162593.62,162593.62,1246768778
20190306,090000,162593.62,162956.65,162593.62,162827.28,27175327427
20190309,090000,162826.85,163086.08,162826.85,163007.39,28909488489
20190309,130000,163007.26,163007.26,163007.26,163007.26,1355148813
20190310,090000,163007.26,164470.61,162989.94,164470.59,37107250284
20190310,170000,164470.36,164470.36,164470.36,164470.36,1562530698
20190311,090000,164470.36,167443.22,164470.36,167371.32,50239436380
20190311,170000,167371.49,167371.49,167371.49,167371.49,1943251063
20190312,090000,167371.49,168095.46,167371.49,167909.73,35394125220
20190312,170000,167909.65,167909.65,167909.65,167909.65,1531184241
20190313,090000,167909.65,169663.73,167909.65,169115.54,38452606002
20190316,090000,169115.52,171708.73,169115.52,171125.33,27782064509
20190316,130000,171125.3,171125.3,171125.03,171125.04,5411979639
20190316,170000,171124.93,171124.93,171124.93,171124.93,1352995731
20190317,090000,171124.93,172539.14,171124.93,172522.69,38208849943
20190317,170000,172522.49,172522.49,172522.49,172522.49,1573150455
20190318,090000,172613.63,175898.85,172613.63,175898.85,40326204649
20190318,130000,175898.81,175898.81,175898.7,175898.7,7335755099
20190318,170000,175898.71,175898.8,175898.71,175898.8,9168138452
20190319,090000,175898.8,178673.49,175898.8,178659.42,33485164716
20190319,130000,178659.13,178659.13,178659.02,178659.05,6129183130
20190325,090000,178659.05,179194.36,178659.05,179194.34,22147682349
20190325,130000,179194.31,179194.31,179194.29,179194.29,2060121810
20190325,170000,179194.34,179194.34,179194.34,179194.34,1030038293
20190326,090000,179194.34,179847.54,179194.34,179786.63,41826620806
20190326,130000,179786.79,179787.08,179766.33,179766.35,9071850384
20190327,090000,179766.35,181542.39,179766.35,181542.36,49406401603
20190327,130000,181542.35,181542.35,181542.34,181542.35,5421922322
20190327,170000,181542.38,181542.38,181542.38,181542.38,1807050103
20190330,090000,181542.38,185358.04,181542.38,185358.04,40815718946
20190330,170000,185358.02,185358.02,185358.02,185358.02,1856911671
20190331,090000,185358.02,186783.93,185281.4,185281.4,50539300916
20190331,170000,185281.12,185281.12,185281.12,185281.12,1926218389
20190406,090000,185281.12,186535.62,185281.12,186535.62,51029291581
20190406,130000,186535.61,186535.7,186535.39,186535.39,32785319495
20190406,170000,186535.52,186535.52,186535.52,186535.52,2046494375
20190407,090000,186535.52,188645.81,186535.52,188075.29,74324563030
20190407,130000,188075.23,188075.23,188074.95,188074.95,53423743691
20190407,170000,188074.93,188074.93,188074.16,188074.16,112506067881
20190408,090000,188073.78,188592.7,186667.85,188592.7,68214097824
20190408,170000,188592.76,188592.76,188592.76,188592.76,3051221670
20190409,090000,188592.76,190585.46,188592.76,190425.09,78944217109
20190409,170000,190425.1,190425.1,190425.1,190425.1,2921483833
20190410,090000,190425.1,193981.21,190425.1,193978.46,75158537482
20190410,170000,193978.3,193978.3,193978.3,193978.3,3441303765
20190413,090000,193978.3,195739.23,193978.3,195202.74,89673891341
20190413,130000,195202.73,195202.73,195202.73,195202.73,3238331908
20190414,090000,195202.73,196085,194037.66,196084.92,70850034551
20190414,130000,196084.88,196084.88,196084.16,196084.16,18934589172
20190414,170000,196084.12,196084.12,196084.12,196084.12,2704467845
20190415,090000,196084.12,201827.85,196084.12,201805.8,85850498342
20190415,130000,201805.86,201805.86,201805.86,201805.86,7197054414
20190416,090000,201805.82,202679.06,201789.33,201890.77,234789682892
20190416,170000,201890.83,201890.83,201890.83,201890.83,8424332652
20190417,090000,201890.83,201890.83,198631.34,199918.31,114822826027
20190417,130000,199918.3,199919.12,199918.3,199919.01,34532293977
20190417,170000,199919.02,199919.05,199911.12,199911.32,49277792285
20190420,090000,199911.32,204375.67,199911.32,204375.67,91335453028
20190420,170000,204375.3,204375.3,204375.3,204375.3,3797719149
20190422,090000,204375.3,206835.11,204321.77,204321.85,186801741517
20190422,170000,204322,204322,204322,204322,6428462448
20190423,090000,204322,204322,202656.9,202857.27,61875494015
20190423,130000,202857.35,202857.35,202857.35,202857.35,3580751950
20190423,170000,202857.46,202857.46,202857.46,202857.46,3580751950
20190424,090000,202857.46,203904.08,202857.46,203777.12,115703129674
20190424,170000,203776.89,203776.89,203776.89,203776.89,5018152839
20190427,090000,203776.89,205287.69,203776.89,205287.63,122488728500
20190427,170000,205287.42,205287.42,205287.42,205287.42,4338695100
20190428,090000,205287.42,209264.93,205287.42,209243.92,102785365771
20190428,170000,209243.88,209243.88,209243.88,209243.88,4252405668
20190429,090000,209243.88,214867.73,209243.88,214867.64,108349773715
20190429,130000,214867.73,214867.73,214867.46,214867.46,31672481653
20190430,090000,214867.58,219086.39,214867.58,216641.99,133317476298
20190430,170000,216641.98,216641.98,216641.98,216641.98,0
20190501,090000,216641.98,220108.89,216641.98,220108.76,110755695039
20190501,130000,220108.77,220108.95,220108.77,220108.95,9325155574
20190504,090000,220108.95,224589.64,220108.95,224589.64,138419412220
20190504,130000,224589.66,224589.66,224589.61,224589.61,12459531228
20190505,090000,224589.61,226952.78,224057.23,224057.29,214394645031
20190505,170000,224057.3,224057.3,224057.3,224057.3,7688014493
20190506,090000,224057.3,224057.3,215818.78,215822.03,138100099966
20190506,130000,215822.15,215822.16,215820.61,215820.61,21424088030
20190507,090000,215820.61,215820.61,207966.53,208196.11,127475521641
20190507,130000,208196.42,208197.13,208196.3,208197.1,17320418222
20190508,090000,208197.1,211344,207779.31,211344,134444965255
20190508,170000,211344.12,211344.12,211344.12,211344.12,4778480220
20190511,090000,211344.12,212479.92,209154.97,209154.99,95018946042
20190511,170000,209154.94,209154.94,209154.94,209154.94,4103542786
20190512,090000,209154.94,209154.94,203489.1,204069.4,90856038559
20190512,130000,204069.41,204069.42,204069.41,204069.42,6512752719
20190512,170000,204069.3,204069.3,204069.3,204069.3,3256324198
20190513,090000,204069.3,207752.35,204069.3,207751.91,81939833033
20190513,130000,207751.69,207751.69,207751.68,207751.68,6775081944
20190514,090000,207751.68,211995.43,207751.68,211746.27,103097144550
20190514,130000,211746.3,211746.3,211746.3,211746.3,4358239982
20190514,170000,211746.37,211746.37,211746.37,211746.37,4358239982
20190515,090000,211746.37,212270.75,210898.35,211017.86,82308479072
20190515,130000,211017.88,211017.88,211017.88,211017.88,3466518349
20190515,170000,211017.78,211017.78,211017.78,211017.78,3466518349
20190518,090000,211017.78,213169.11,211017.78,212750.01,83344622765
20190518,130000,212747.61,212747.72,212747.61,212747.72,7230378928
20190519,090000,212747.72,213110.32,212747.72,212851.46,83572071847
20190519,130000,212851.49,212851.49,212851.49,212851.49,3226669584
20190520,090000,212851.49,213149.85,211708.65,211871.65,92756164378
20190520,130000,211871.66,211871.66,211871.66,211871.66,3507448717
20190520,170000,211871.68,211871.68,211871.68,211871.68,3507448717
20190521,090000,211871.68,215211.45,211871.68,215091.76,76715464492
20190521,130000,215091.75,215091.75,215091.61,215091.61,5691737514
20190522,090000,215091.61,215756.79,215091.61,215168.53,67960854923
20190522,130000,215168.54,215168.54,215168.54,215168.54,2793031655
20190522,170000,215168.55,215168.55,215168.55,215168.55,2793031254
20190525,090000,215168.55,215168.55,213802.46,214314.35,51930991268
20190525,130000,214314.34,214315,214314.24,214314.24,18138543323
20190526,090000,214314.24,217577.57,214314.24,217573.92,67523988496
20190526,130000,217573.95,217573.95,217573.94,217573.94,6072441736
20190526,170000,217573.93,217573.93,217573.93,217573.93,3036108189
20190528,090000,217573.93,223254.05,217573.93,223253.78,108515940887
20190528,130000,223253.79,223253.8,223253.79,223253.79,13104667732
20190529,090000,223253.79,225232.27,223253.79,224476.78,113599097427
20190529,170000,224476.82,224476.82,224476.82,224476.82,4078289947
20190601,090000,224476.82,224476.82,221336.45,222387.35,122305001679
20190601,130000,222387.36,222387.37,222387.36,222387.36,15034036394
20190601,170000,222387.76,222387.76,222387.76,222387.76,5011054722
20190602,090000,222588.03,224731.11,222588.03,224544.3,105149851578
20190602,130000,224544.29,224544.29,224544.29,224544.29,4498689158
20190602,170000,224544.38,224544.38,224544.38,224544.38,4498689158
20190603,090000,224544.38,227308.85,224544.38,226983.41,110943507181
20190603,170000,226983.38,226983.38,226983.38,226983.38,4727848698
20190608,090000,226983.38,226983.38,226205.42,226888.27,80867215963
20190608,170000,226888.2,226888.2,226888.2,226888.2,3432138271
20190609,090000,227333.81,232416.39,227333.81,229808.91,91453701090
20190609,130000,229808.85,229808.85,229808.83,229808.83,7239653712
20190610,090000,230606.56,232619.1,230267.87,230267.87,112054381918
20190610,170000,230267.72,230267.72,230267.72,230267.72,0
20190611,090000,230592.24,230679.45,229771.15,230617.74,107319980154
20190611,130000,230617.67,230617.67,230617.67,230617.67,4519230638
20190611,170000,230617.53,230617.53,230617.53,230617.53,4519213439
20190612,090000,230617.53,233791.95,230617.53,233352.7,134658187849
20190612,170000,233352.71,233352.82,233352.71,233352.82,17104703061
20190615,090000,233352.82,234167.63,232107.2,234167.22,112205022447
20190615,130000,234167.34,234167.7,234167.34,234167.7,27998189035
20190615,170000,234167.67,234167.67,234167.67,234167.67,4665741176
20190616,090000,235215.09,239154.29,235215.09,238220.19,110502482549
20190616,130000,238220.17,238220.17,238219.85,238219.92,19746834748
20190617,090000,238068.41,238420.19,237557.9,238160.85,66494928505
20190617,130000,238160.76,238160.76,238160.66,238160.67,8445508689
20190618,090000,238422.94,239122.8,237146.33,237148.24,85542998145
20190618,130000,237148.25,237148.25,237148.24,237148.24,7180487553
20190619,090000,237432.26,237502.45,234879.31,234879.39,77843958130
20190619,170000,234879.41,234879.41,234879.41,234879.41,3235132621
20190622,090000,234879.41,234879.41,233477.33,233864.32,64353766158
20190622,130000,233871.14,233886.13,233871.14,233886.13,15406466487
20190622,170000,233886.06,233886.06,233886.06,233886.06,2567500939
20190623,090000,233886.06,237459.98,233886.06,237459.94,59321003683
20190624,090000,237459.89,242567.9,237459.89,242567.9,77130996459
20190624,170000,242568.12,242568.12,242568.12,242568.12,3104120452
20190625,090000,243031.87,245111.21,242339.64,245098.66,80337668260
20190625,130000,245098.7,245098.7,245098.7,245098.7,3248464594
20190626,090000,245098.7,248640.94,245098.7,248577.79,84692898656
20190626,130000,248577.77,248577.77,248577.76,248577.76,7251615970
20190630,090000,248577.76,250184.6,248532.9,248532.93,70464953330
20190630,170000,248532.91,248533.04,248532.91,248533.04,6190328572
20190701,090000,248533.04,248533.04,246730.1,247122.46,66627608606
20190702,090000,247122.46,248276.09,247122.46,248275.99,60468143506
20190702,130000,248275.87,248275.87,248275.87,248275.87,2542553811
20190703,090000,248275.87,249550.25,248275.87,248943.94,76943779850
20190703,170000,248943.99,248943.99,248943.99,248943.99,2942090653
20190706,090000,248943.99,249117.05,245445.71,245445.79,65619385915
20190706,170000,245445.63,245445.63,245445.63,245445.63,2731712012
20190707,090000,245445.63,246565.07,245445.63,246447.44,53568150220
20190707,130000,246447.46,246447.46,246447.46,246447.46,2281210313
20190708,090000,246447.46,249399.91,246447.46,249252.9,84943640158
20190708,170000,249252.88,249252.88,249252.59,249252.59,16299755496
20190709,090000,249252.59,249530.54,248507.68,248716.26,71245720278
20190709,170000,248716.14,248716.14,248716.14,248716.14,2973026340
20190710,090000,248716.14,249622.04,248716.14,249622.04,66623753889
20190710,130000,249622.06,249622.06,249622.06,249622.06,2893996686
20190713,090000,249622.06,250605.01,249622.06,250605.01,64129687560
20190713,130000,250605.02,250605.02,250605.02,250605.02,3208412830
20190714,090000,250605.02,253640.52,250605.02,253577.52,65025120190
20190714,130000,253577.49,253577.79,253577.49,253577.79,11399393768
20190714,170000,253577.77,253577.77,253577.77,253577.77,2849760942
20190715,090000,253577.77,254841.75,253303.52,253303.55,59862349639
20190715,170000,253303.32,253303.32,253303.32,253303.32,2589791454
20190716,090000,253303.32,253303.32,246267.58,246267.58,64114054675
20190716,130000,246268.09,246268.09,246268.09,246268.09,2536615247
20190716,170000,246268.05,246268.05,246268.05,246268.05,2536613347
20190717,090000,246268.05,246992.38,245363.92,246790.26,67728268196
20190717,170000,246790.27,246790.39,246790.27,246790.39,5594658326
20190720,090000,246790.39,247380.61,246437.13,246437.13,59688049087
20190720,130000,246437.28,246437.33,246437.28,246437.3,10045833748
20190720,170000,246437.38,246437.38,246437.38,246437.38,2511471517
20190721,090000,246437.38,249809.2,246437.38,249661.6,36903679152
20190721,170000,249661.56,249661.56,249661.56,249661.56,1451582803
20190722,090000,249661.56,253591,249661.56,253047.8,37254996716
20190722,130000,253047.67,253047.67,253043.52,253043.52,29415977768
20190722,170000,253043.63,253056.93,253043.2,253056.79,20649746722
20190723,090000,253056.79,253353.79,251131.27,251278.39,31938741476
20190723,130000,251278.29,251278.29,251278.29,251278.29,1453975236
20190724,090000,251278.29,253052.3,251278.29,252864.68,30294210310
20190724,170000,252864.57,252864.57,252864.57,252864.57,1329237733
20190727,090000,252864.57,253164.18,252049.6,252275.5,33968162373
20190727,170000,252275.39,252275.39,252275.39,252275.39,1701865073
20190728,090000,252275.39,252751.8,252275.39,252324.62,42928373811
20190728,130000,252324.66,252324.66,252324.66,252324.66,1948070745
20190729,090000,252324.66,252987.32,252324.66,252488.11,44490049020
20190729,170000,252488.28,252488.28,252488.28,252488.28,1746658464
20190730,090000,252576.85,252898.18,252576.85,252898.13,38546075306
20190730,170000,252898.05,252898.05,252898.05,252898.05,1596359726
20190731,090000,252898.05,254445.74,252898.05,254445.72,47140766904
20190803,090000,254445.72,254756.51,254300.38,254453.75,41866632977
20190803,170000,254453.87,254453.87,254453.87,254453.87,1782590902
20190804,090000,254453.87,255530.31,254453.87,255530.31,57550251171
20190804,170000,255530.16,255530.16,255530.16,255530.16,2224681317
20190805,090000,255530.16,256783.46,255530.16,256698.23,44737011961
20190805,130000,256698.24,256698.24,256698.24,256698.24,2317719738
20190806,090000,256698.24,257742.04,255512.14,255512.16,69598412548
20190806,170000,255511.99,255511.99,255511.99,255511.99,2782111986
20190807,090000,255511.99,255910.87,255099.36,255163.26,72396787363
20190807,170000,255163.28,255163.28,255163.28,255163.28,2816068348
20190810,090000,255163.28,255838.02,255163.28,255306.4,58484933762
20190810,130000,255306.41,255306.41,255306.41,255306.41,2428963213
20190810,170000,255306.38,255306.38,255306.38,255306.38,2428958314
20190811,090000,255306.38,255919.1,255306.38,255876.34,64824340060
20190811,130000,255876.25,255876.27,255876.06,255876.06,13210499043
20190811,170000,255876.2,255876.2,255876.2,255876.2,2641575636
20190813,090000,255876.2,257097.18,255876.2,257097.18,76802651770
20190813,130000,257097.17,257097.17,257097.16,257097.16,6301002438
20190813,170000,257097.18,257097.18,257097.18,257097.18,3150501219
20190814,090000,257097.18,261606.65,257097.18,261391.52,72761996653
20190814,130000,261391.5,261391.5,261391.5,261391.5,2946026765
20190817,090000,261391.5,262198.15,261391.5,261405.82,81428462044
20190817,130000,261405.83,261405.84,261405.83,261405.84,6611426234
20190818,090000,261405.84,262047.72,260991.47,260992.03,78299673868
20190818,170000,260991.95,260991.95,260991.95,260991.95,2964501583
20190819,090000,260991.95,262941.25,260991.95,262941.23,67347510646
20190819,130000,262941.22,262941.22,262941.2,262941.2,8365921361
20190821,090000,262941,266127.23,262941,266127.21,74521299927
20190824,090000,266127.21,269998.53,266127.21,269986.2,137760444496
20190824,130000,269986.19,269986.19,269985.93,269985.93,9902939500
20190824,170000,269986.11,269986.11,269986.11,269986.11,4951419750
20190825,090000,269986.11,271172.15,268220.13,269225.33,130696516808
20190825,130000,269225.3,269225.31,269225.29,269225.29,19814463620
20190825,170000,269225.28,269225.28,269225.28,269225.28,4952857357
20190826,090000,269225.28,274871.65,269225.28,274871.63,97127491263
20190826,170000,274871.76,274871.76,274871.76,274871.76,4067447131
20190827,090000,274871.76,279508.21,274871.76,278469.59,99506720044
20190827,130000,278469.65,278469.73,278469.65,278469.73,8002560716
20190827,170000,278469.9,278469.94,278469.9,278469.94,8001941030
20190828,090000,278469.94,278674.66,274551.52,278674.49,90364876354
20190828,130000,278674.48,278674.5,278674.25,278674.5,27686452003
20190828,170000,278674.72,278674.89,278674.72,278674.89,27681159013
20190831,090000,278674.93,285265.43,278674.93,284138.83,108403121558
20190831,170000,284138.9,284139.21,284138.9,284139.2,21450626464
20190901,090000,284139.2,286114.7,284139.2,286114.7,90734716721
20190901,130000,286114.69,286114.69,286114.67,286114.67,7467922979
20190901,170000,286114.68,286114.81,286114.68,286114.81,7467308604
20190902,090000,286114.81,287147.92,283001.55,283063.87,104566320174
20190902,130000,283063.86,283063.86,283062.68,283062.68,11522991261
20190902,170000,283062.67,283062.67,283062.67,283062.67,3840960587
20190903,090000,283062.67,285573.55,283062.67,285573.55,70338096224
20190903,130000,285573.44,285573.57,285573.44,285573.57,5729939024
20190903,170000,285573.56,285573.56,285573.56,285573.56,2864780732
20190904,090000,285573.56,290178.55,285573.56,290178.49,69961957347
20190904,130000,290178.44,290178.44,290178.44,290178.44,2874188151
20190904,170000,290178.45,290178.45,290178.45,290178.45,2874116665
20190907,090000,290178.45,294601.58,290178.45,294601.58,75552141542
20190908,090000,294601.58,297232.34,294601.58,296731.81,99428609256
20190908,130000,296731.76,296731.82,296731.76,296731.82,10699591814
20190908,170000,296731.81,296731.81,296731.81,296731.81,3566486097
20190911,090000,296731.81,299930.62,296731.81,299930.62,103425611928
20190911,130000,299930.6,299930.6,299930.6,299930.6,3969987665
20190911,170000,299930.74,299930.74,299930.74,299930.74,3969986165
20190914,090000,299930.74,304738.61,299930.74,304460.07,215629063304
20190914,130000,304460.11,304460.12,304460.11,304460.12,14445785391
20190914,170000,304460.11,304460.11,304460.11,304460.11,7222773869
20190915,090000,304460.11,304779.99,301828.09,302395.78,146625692040
20190915,130000,302395.65,302395.71,302395.65,302395.71,12841430260
20190915,170000,302395.7,302395.7,302395.7,302395.7,6420615220
20190916,090000,302395.7,307415.76,302395.7,305918.41,177415536925
20190916,130000,305918.4,305918.43,305917.16,305917.16,20949690953
20190917,090000,305917.16,305917.16,302082.03,302082.31,219488701050
20190917,130000,302082.35,302082.36,302081.99,302081.99,68377622791
20190917,170000,302082.14,302082.14,302082.14,302082.14,9767727621
20190918,090000,302082.14,302082.14,293770.39,294166.75,135130109086
20190918,130000,294166.7,294166.7,294166.68,294166.68,10034892254
20190918,170000,294166.64,294166.64,294166.64,294166.64,5017428570
20190921,090000,294166.64,297874.9,294166.64,297712.58,90435457133
20190921,170000,297712.59,297712.59,297712.59,297712.59,3682677999
20190922,090000,297712.59,302103.53,297712.59,302103.53,112259825777
20190922,170000,302103.54,302103.55,302103.54,302103.55,8078251392
20190923,090000,302103.55,311483.86,302103.55,311471.35,132467842352
20190923,170000,311471.38,311471.38,311471.38,311471.38,5038083367
20190924,090000,311471.38,314835.49,311471.38,312206.49,118442349174
20190924,170000,312206.48,312206.48,312206.48,312206.48,4573256805
20190925,090000,312206.48,314409.14,312092.14,314409.13,95833890599
20190925,130000,314409.19,314409.19,314409.19,314409.19,4315817314
20190928,090000,314409.19,320261.32,314409.19,320024.99,131925537526
20190928,130000,320023.91,320023.91,320023.9,320023.9,8495377806
20190928,170000,320023.91,320023.91,320023.91,320023.91,4246497564
20190929,090000,320023.91,321958.92,317645.39,318250.57,217066874416
20190929,130000,318250.56,318250.56,318250.56,318250.56,7312297748
20190929,170000,318250.55,318250.57,318250.55,318250.57,14624482926
20190930,090000,318250.57,324738.85,318250.57,324738.85,160744717734
20190930,130000,324744.58,324744.58,324705.88,324705.88,11681974706
20191001,090000,324705.88,328732.63,324705.88,326104.46,184648880858
20191001,130000,326104.48,326104.48,326104.46,326104.46,8393763775
20191001,170000,326104.45,326104.45,326104.45,326104.45,8393698935
20191002,090000,326098.07,326341.14,321606.54,326117.86,178250613912
20191002,130000,326118.29,326118.82,326117.05,326117.05,99038813175
20191002,170000,326117.04,326117.04,326117.04,326117.04,6600254126
20191005,090000,326117.22,330447,326117.22,327323.91,150415096050
20191005,130000,327305.74,327305.74,327305.73,327305.73,11714223488
20191005,170000,327305.77,327305.77,327305.77,327305.77,5857080744
20191006,090000,327305.77,327305.77,319562.45,320212.19,150610398960
20191006,130000,320211.74,320211.74,320208.32,320208.32,25335669068
20191006,170000,320208.33,320208.44,320208.33,320208.44,10133906872
20191007,090000,320208.44,324075.28,320208.44,320909.71,124542908169
20191007,170000,320909.72,320909.72,320909.72,320909.72,4789623123
20191008,090000,320909.72,320909.72,314468.48,314469.91,120539271245
20191008,130000,314469.9,314469.9,314469.89,314469.89,8800782775
20191008,170000,314469.78,314469.78,314469.77,314469.77,8800305112
20191009,090000,314469.77,314469.77,309961.67,313048.97,101785927436
20191012,090000,313049.05,322059.82,313049.05,322059.82,89039511707
20191012,170000,322059.83,322059.83,322059.83,322059.83,3676726384
20191013,090000,322059.83,329667.01,322059.83,326190.57,81621830481
20191013,130000,326190.58,326190.69,326190.58,326190.69,9408653415
20191014,090000,326190.81,326190.81,318215.27,319871.5,71109515989
20191014,170000,319871.62,319871.62,319871.62,319871.62,2637298347
20191015,090000,319871.62,320335.45,308957.4,308978.92,84513116164
20191015,170000,308978.94,308978.94,308978.94,308978.94,3163335853
20191016,090000,308978.94,310194.09,308307.95,309646.75,90448618755
20191016,130000,309646.77,309646.95,309640.2,309640.2,12905658265
20191016,170000,309640.32,309640.32,309640.32,309640.32,3226396215
20191020,090000,309640.32,310145.78,301390.82,301391.08,68122267521
20191021,090000,301391.08,302176.31,299880.05,302176.31,67764382391
20191021,130000,302176.71,302177.2,302176.71,302177.2,8678464157
20191021,170000,302173.87,302173.87,302173.07,302173.07,11570192333
20191022,090000,302173.07,309420.93,302173.07,308314.84,77043323277
20191022,130000,308315.41,308315.43,308314.85,308314.96,15077574796
20191022,170000,308314.92,308314.92,308314.88,308314.88,12059694384
20191023,090000,308314.88,309188.24,305806.01,305807.57,69288285284
20191023,130000,305807.63,305807.64,305807.61,305807.61,6819583808
20191026,090000,305807.58,305911.52,303454.98,303454.98,49078037885
20191026,130000,303454.96,303454.96,303454.04,303454.04,69632832024
20191026,170000,303454.01,303454.01,303449.76,303449.76,40084251015
20191028,090000,303449.8,305971.62,303449.8,305969.86,57061947353
20191028,170000,305969.9,305969.9,305969.9,305969.9,2225019797
20191030,090000,305969.9,309671.67,305969.9,309671.67,45865167747
20191030,130000,309665.23,309665.76,309660.8,309660.8,19015193014
20191102,090000,309661.32,311466.56,308730.15,308730.15,80177654707
20191102,170000,308730.16,308730.16,308730.16,308730.16,2834005627
20191103,090000,308730.16,309522.8,308188.08,308960.72,82114469093
20191103,170000,308960.75,308960.9,308960.75,308960.9,10190617041
20191104,090000,308960.9,308960.9,304676.42,304676.46,75459542810
20191104,130000,304676.48,304676.49,304676.48,304676.49,5485949164
20191104,170000,304676.48,304676.48,304676.48,304676.48,2742962161
20191105,090000,304676.48,305342.79,304091.75,305333.36,66050183449
20191105,170000,305333.23,305333.23,305333.23,305333.23,2272763129
20191109,090000,305333.23,307029.21,305333.23,305858.88,67445395104
20191109,130000,305858.89,305858.89,305858.89,305858.89,2398660056
20191109,170000,305858.88,305858.88,305858.88,305858.88,2398656556
20191110,090000,305858.88,305911.94,302795,302795,51190061021
20191110,130000,302795.15,302795.16,302795.15,302795.15,6324460049
20191110,170000,302795.14,302795.14,302795.09,302795.09,4216068214
20191111,090000,302795.09,303943.2,302795.09,303943.2,54743807429
20191111,130000,303943.18,303943.2,303943.18,303943.2,4107167441
20191111,170000,303943.19,303944.24,303943.17,303944.09,16418260125
20191112,090000,303944.09,306978.86,303944.09,306655.4,58528697208
20191112,130000,306655.43,306655.46,306655.34,306655.34,6763154085
20191113,090000,306655.34,307291.48,306655.34,307094.07,52813067434
20191113,130000,307094.06,307094.06,307094.06,307094.06,2074751677
20191113,170000,307094.07,307094.08,307094.07,307094.08,4149463354
20191116,090000,307094.08,308852.3,306885.72,306885.86,68522111080
20191116,130000,306885.87,306885.87,306885.87,306885.87,2456006384
20191116,170000,306885.82,306885.82,306885.78,306885.78,4912012768
20191117,090000,306885.78,306885.78,302340.66,302340.67,84957017793
20191117,130000,302340.55,302340.55,302340.55,302340.55,2930387364
20191118,090000,302340.55,302828.46,301763.06,302727.57,55796061456
20191118,130000,302726.81,302726.81,302726.08,302726.09,7482605951
20191118,170000,302726.28,302726.28,302726.28,302726.28,1870460999
20191119,090000,302726.28,304891.28,302726.28,304688.26,46272610698
20191119,130000,304688.3,304688.3,304688.26,304688.26,3527542935
20191119,170000,304688.53,304688.53,304688.53,304688.53,1763754301
20191120,090000,304688.53,305450.19,304688.53,304996.91,46136874055
20191120,170000,304997,304997,304997,304997,1751653122
20191123,090000,304997,306145.21,304997,305622.46,50453468481
20191123,170000,305622.48,305622.48,305622.48,305622.48,2033971762
20191124,090000,305622.48,306045.71,305452.17,305774.34,60866259319
20191124,130000,305774.29,305774.37,305773.91,305774.36,57316244843
20191124,170000,305774.01,305774.01,305774.01,305774.01,2604362123
20191125,090000,305774.01,308477.18,305774.01,308477.15,67959293207
20191126,090000,308477.15,309865.43,308477.15,309643.73,78082909253
20191126,130000,309643.75,309643.75,309643.63,309643.63,8812197759
20191126,170000,309643.34,309643.34,309643.34,309643.34,2937399253
20191127,090000,309643.34,311312.26,309643.34,311230.06,54359131883
20191127,130000,311230.01,311230.04,311230,311230,7093102304
20191127,170000,311230.07,311230.07,311230.07,311230.07,2364355779
20191130,090000,311230.07,314587.85,311230.07,314587.8,79601597857
20191130,170000,314587.85,314587.85,314587.85,314587.85,3034202052
20191201,090000,314587.85,318670.87,314587.85,318670.5,83492045714
20191202,090000,318670.5,322896.44,318670.5,320194.85,103882423206
20191202,130000,320194.82,320194.82,320194.82,320194.82,3822877007
20191202,170000,320194.83,320194.83,320194.83,320194.83,3822871347
20191203,090000,320194.83,320840.27,319104.91,320814.56,65863130979
20191203,130000,320814.52,320814.52,320814.37,320814.37,8046740245
20191204,090000,320814.37,322562.13,320814.37,322528.02,73858600504
20191204,170000,322527.92,322527.92,322527.92,322527.92,2853655120
20191207,090000,322527.92,328471.76,322527.92,327624.73,89305924864
20191207,130000,327624.8,327624.8,327624.8,327624.8,3542541014
20191207,170000,327624.81,327624.81,327624.81,327624.81,3542517113
20191208,090000,327624.81,332582.47,327624.81,332567.23,112163764506
20191208,170000,332567.22,332567.22,332567.22,332567.22,4340603418
20191209,090000,332567.22,336002.81,332567.22,335791.93,97956238468
20191209,130000,335791.92,335791.92,335791.92,335791.92,3971231009
20191209,170000,335791.99,335792.01,335791.99,335792.01,7942342018
20191210,090000,335792.01,340733.15,335792.01,339434.41,134715421428
20191211,090000,339434.41,339434.41,337025.24,339386.57,52544220827
20191211,170000,339386.61,339386.61,339386.61,339386.61,3171440338
20191214,090000,339386.61,343291.82,339386.61,343291.75,82963555077
20191215,090000,343291.75,346738.08,343291.75,344139.16,111474473256
20191215,130000,344139.1,344139.1,344115.02,344115.02,143948942651
20191215,170000,344115.04,344115.07,344115.04,344115.07,8184160370
20191216,090000,344115.06,344585.27,343711.28,344487.44,71103534087
20191216,170000,344487.62,344487.62,344487.62,344487.62,3333620745
20191217,090000,344487.62,346974.71,344487.62,346870.73,99555804901
20191218,090000,346870.73,350323.08,346870.73,350322.6,92200306804
20191218,170000,350322.58,350322.58,350322.58,350322.58,4343169169
20191221,090000,350322.58,354259.8,350322.58,353997.53,92773517346
20191221,130000,353996.73,353996.73,353996.73,353996.73,4258637008
20191221,170000,353996.74,353996.74,353996.72,353996.72,8516723090
20191222,090000,353996.72,356720.3,353996.72,356720.29,96811509777
20191222,130000,356720.3,356721.11,356720.29,356721.11,28111631576
20191223,090000,356721.11,363242.83,356721.11,359365.68,153088509882
20191223,130000,359365.67,359365.67,359365.51,359365.51,18556088178
20191224,090000,359365.51,362651.73,359138.55,362259.35,88941012351
20191224,170000,362259.34,362259.34,362259.34,362259.34,3519028262
20191225,090000,362259.34,362815.5,360376.64,361088.37,102410904421
20191228,090000,361088.37,367631.61,361088.37,367631.51,124961984131
20191228,130000,367631.83,367632.12,367631.83,367632.12,10032413342
20191229,090000,367632.12,369779.15,367632.12,369718.86,124505650579
20191229,130000,369718.89,369729.71,369718.89,369729.71,126146748543
20191229,170000,369729.85,369729.85,369729.85,369729.85,4661763252
20191230,090000,369729.85,375548.1,369729.85,375547.69,117918873691
20191230,170000,375547.68,375547.68,375547.68,375547.68,4823445407
20191231,090000,375547.68,379674.81,375547.68,377012.4,113674224301
20191231,130000,377012.39,377012.73,377012.39,377012.73,16984294278
20200101,090000,377012.56,384934.84,377012.56,384099.6,90984476973
20200104,090000,384099.6,384099.6,367333.95,367333.95,149666042168
20200104,170000,367334.2,367334.2,367334.2,367334.2,6456788451
20200105,090000,367334.2,367334.2,362467.06,365815.48,164252814204
20200105,170000,365815.49,365815.49,365815.49,365815.49,5462812087
20200107,090000,365815.49,368504.05,358842.17,358843.22,143976783242
20200107,170000,358843.21,358843.21,358843.21,358843.21,4520104432
20200108,090000,358843.21,358843.21,353672.68,353807.51,127728428162
20200108,170000,353807.68,353807.68,353807.68,353807.68,4822114108
20200111,090000,353807.68,359807.14,353807.68,359807.14,36888386311
20200111,130000,359807.44,359807.44,359807.44,359807.44,1389866572
20200112,090000,359807.44,375650.17,359807.44,375650.17,129766761479
20200113,090000,375650.17,392057.84,375650.17,392038.37,172925126260
20200113,170000,392038.38,392038.38,392038.38,392038.38,6403505219
20200114,090000,392038.38,398920.69,392038.38,395912.56,161688591883
20200114,170000,395912.64,395912.64,395912.64,395912.64,5757833968
20200115,090000,395912.64,399445.24,393990.64,399445.15,122881355077
20200115,130000,399445.26,399445.26,399445.26,399445.26,5174350473
20200115,170000,399445.29,399445.29,399445.29,399445.29,5174338912
20200118,090000,399445.29,410668.94,399445.29,409962.25,221914798342
20200118,130000,409962.12,409962.45,409961.78,409962.44,34619368980
20200118,170000,409962.46,409962.46,409962.46,409962.46,8654791531
20200119,090000,409962.46,410977.62,407054.26,410694.54,158346176648
20200119,170000,410694.53,410694.53,410694.53,410694.53,5886164884
20200120,090000,410694.53,411460.3,409044.43,409807.74,159560025995
20200120,130000,409807.88,409807.88,409807.77,409807.77,57093300701
20200121,090000,409807.77,409807.77,406008.47,406008.89,153934830569
20200121,170000,406008.93,406008.93,406008.93,406008.93,6267239196
20200122,090000,406008.93,411211.48,405366.07,411211.48,126233796540
20200125,090000,411211.48,417100.26,411211.48,417001.8,126762469224
20200125,130000,417001.83,417001.9,417001.83,417001.9,9917187266
20200125,170000,417001.86,417001.88,417001.86,417001.88,9917177266
20200126,090000,417001.88,422713.89,417001.88,418312.25,191224002601
20200126,130000,418312.27,418312.46,418312.27,418312.46,38290237987
20200126,170000,418312.47,418312.47,418312.47,418312.47,7657752149
20200127,090000,418312.47,420668.12,415189.94,420668.12,163202424987
20200127,130000,420668.13,420668.13,420668.13,420668.13,6208386249
20200127,170000,420668.11,420668.11,420668.03,420668.03,12415494824
20200128,090000,420668.03,427497.48,420668.03,427139.4,117172189881
20200128,170000,427139.41,427139.41,427139.41,427139.41,4917757006
20200201,090000,427139.41,430737.39,426184.92,426184.92,222827536865
20200202,090000,426184.92,428216.97,422587.22,428216.97,172013971251
20200203,090000,428216.97,438893.61,428216.97,438881.73,183835094439
20200203,130000,438881.5,438881.51,438881.5,438881.51,13701058532
20200203,170000,438880.23,438880.23,438880.23,438880.23,6850529766
20200204,090000,438880.23,444403.35,438880.23,440199.08,210399553554
20200205,090000,440199.07,445894.33,440199.07,445894.01,214310280651
20200205,130000,445894.14,445894.14,445894.14,445894.14,7452058760
20200208,090000,445894.14,456488.27,445894.14,452842.25,243446709634
20200208,130000,452842.3,452842.34,452842.3,452842.34,18562518139
20200209,090000,452842.34,455488.66,452842.34,454618.54,137914608180
20200210,090000,454618.54,456680.55,445498.83,447151.96,156698963167
20200210,130000,447151.89,447151.89,447151.87,447151.87,11597365247
20200210,170000,447151.9,447151.9,447151.9,447151.9,5798632685
20200212,090000,447151.93,459565.45,447151.93,459079.5,132990177519
20200215,090000,459079.61,465978.2,459079.61,461988.51,150950298721
20200215,130000,461988.5,461988.5,461988.42,461988.42,11557049518
20200216,090000,461988.42,472750.23,461988.42,472749.86,155449053121
20200216,170000,472749.87,472749.87,472749.87,472749.87,6234791952
20200217,090000,472749.87,480712.72,472749.87,476812.76,152001668425
20200217,170000,476812.74,476812.74,476812.74,476812.74,5971039436
20200218,090000,476812.74,477209.97,468834.45,472119.89,117802480555
20200218,130000,472119.87,472120.38,472119.87,472120.38,33610477670
20200219,090000,472120.38,479180.84,472120.38,478754.52,114131548614
20200219,130000,478754.6,478755.66,478754.6,478755.66,31919479452
20200222,090000,478755.66,481867.35,467120.34,481867.35,162341003035
20200222,130000,481868.21,481869.64,481868.21,481869.64,18140562141
20200223,090000,481798.02,499031.09,481798.02,498904.51,127002457158
20200223,130000,498904.54,498904.54,498904.49,498904.49,14053424598
20200224,090000,498904.49,507269.65,498904.49,503735.98,114291623244
20200224,130000,503735.84,503735.84,503735.84,503735.84,5058770874
20200225,090000,503735.82,518514.01,503735.82,518513.84,166009007320
20200225,130000,518513.91,518513.91,518512.81,518512.81,36324240037
20200226,090000,518512.81,530073.39,518512.81,524394.12,171001208669
20200226,130000,524394.14,524394.87,524393.85,524393.85,71727362268
20200229,090000,523850.97,523850.97,504035.93,505825.07,146803879560
20200229,130000,505825.08,505826.62,505812.25,505812.25,115288930291
20200229,170000,505804.34,505804.34,505801,505801,17257790637
20200301,090000,505801.01,515583.97,505801.01,515583.96,120952958578
20200301,130000,515583.88,515583.88,515583.03,515583.03,24740346964
20200301,170000,515583.37,515583.37,515583.37,515583.37,4947216673
20200302,090000,515583.37,529328.95,515583.37,529328.95,141557150336
20200302,170000,529329.02,529329.02,529329.02,529329.02,6074839464
20200303,090000,529329.02,544239.81,529329.02,544239.41,128450426310
20200303,130000,544239.42,544239.9,544239.42,544239.9,19633061121
20200303,170000,544237.07,544237.07,544237.07,544237.07,4908264307
20200304,090000,544237.7,555293.95,544237.7,555168.05,154920108806
20200304,130000,555165.32,555167.13,555165.32,555167.13,29008693770
20200304,170000,555167.33,555167.45,555167.33,555167.45,11602195212
20200307,090000,555167.65,555167.65,549186.31,549186.31,110742765914
20200307,130000,549186.05,549186.21,549186.05,549186.07,14126633522
20200309,090000,549185.09,549185.09,534376.22,534376.24,85433653666
20200309,130000,534379.46,534379.46,534379.46,534379.46,3305586754
20200309,170000,534378.42,534378.42,534378.42,534378.42,3305585904
20200310,090000,534378.42,534378.42,519913.36,519913.36,132740714914
20200310,130000,519913.39,519953.25,519847.33,519847.33,70595021675
20200311,090000,519847.33,522301.12,518747.71,520210.99,119022764234
20200311,130000,520210.96,520211.06,520210.96,520211.05,14226372425
20200314,090000,520211.77,520211.77,502688.24,502688.24,107731011528
20200314,130000,502689.57,502738.94,502689.57,502738.94,48077997428
20200315,090000,502739.15,502739.15,493276.37,494099.77,123081571480
20200315,130000,494099.78,494142.21,494099.78,494142.21,85980460903
20200315,170000,494182.18,494305.2,494182.18,494305.2,104962639265
20200316,090000,494405.69,505981.43,494405.69,505954.28,118480626570
20200316,130000,505954.31,506083.32,505945.24,506081.16,168777009062
20200316,170000,506080.29,506080.29,506079.32,506079.32,22757713300
20200317,090000,506079.81,506880.22,501053,502426.3,84585108160
20200317,130000,502421.25,502427.17,502413.27,502425.92,97941160721
20200317,170000,502429.71,502429.71,502429.71,502429.71,3263499294
20200318,090000,502429.71,512903.64,502429.71,512903.59,92739489377
20200318,130000,512903.58,512909.87,512900.53,512900.53,36554398295
20200318,170000,512900.47,512900.47,512900.47,512900.47,4058241862
20200324,090000,512900.47,513347.74,508533.07,508658.77,89740068336
20200324,130000,508658.78,508665.9,508658.73,508661.53,19856032040
20200325,090000,508661.53,521263.78,508661.53,521263.6,124563890110
20200325,130000,521268.11,521268.11,521266.69,521267.33,17224062996
20200325,170000,521267.67,521267.67,521267.67,521267.67,4306015749
20200328,090000,521267.67,532522.28,521267.67,532522.28,140379865028
20200328,130000,532522.45,532526.05,532522.45,532526.05,14692057134
20200328,170000,532526.01,532526.01,532525.21,532525.28,19576627183
20200329,090000,532525.28,545908.74,532525.28,545661.51,203131883973
20200329,130000,545661.49,545661.49,545656.49,545656.49,156644765159
20200329,170000,545653.66,545653.66,545649.66,545649.66,123648552751
20200330,090000,545649.37,547570.14,543655.18,547570.14,158187283170
20200330,130000,547661.93,547661.95,547661.74,547661.79,35808612154
20200330,170000,547659.05,547659.05,547657.84,547657.84,100248632900
20200404,090000,547658.51,567664.25,547658.51,567664.23,153085835007
20200404,130000,567664.21,567665.35,567568.34,567568.34,219206380910
20200404,170000,567563.48,567563.48,567531.59,567531.59,102925355448
20200405,090000,567425.56,574020.34,567425.56,574020.16,152982313023
20200405,130000,574020.11,574020.11,573903.18,573903.18,111618464005
20200406,090000,573904.04,575338.6,568336.34,569761.77,147681132308
20200406,130000,569761.24,569761.24,569673.61,569673.61,179683800196
20200407,090000,569673.69,583599.35,569673.69,583599.35,135023659032
20200407,130000,583599.31,583599.65,583345.19,583345.19,182998011634
20200407,170000,583344.69,583344.69,583344.42,583344.42,18274392849
20200408,090000,583382.99,597351.06,583382.99,597094.66,121591427276
20200408,130000,597094.64,597094.64,597068.92,597068.92,44969137526
20200411,090000,597253.86,608289.05,597253.86,608057.82,126608897563
20200411,130000,608057.81,608057.84,607854.94,607854.94,95956572154
20200411,170000,607854.93,607855.85,607854.93,607855.85,12792549696
20200412,090000,607855.85,623328.68,607855.85,623278.33,137064967221
20200412,130000,623278.31,623278.31,623260.14,623260.14,59877437795
20200413,090000,623259.81,643951.85,623259.81,624596.58,114602856034
20200413,130000,624560.26,624560.26,624527.45,624527.45,64581996579
20200414,090000,624528.48,626515.65,617224.1,626473.53,116556867866
20200414,130000,626473.51,626473.51,626410.56,626410.56,81070351153
20200414,170000,626407.12,626407.12,626388.68,626388.68,16216639836
20200415,090000,626408.68,645781.22,626408.68,645737.22,158882065442
20200415,130000,645737.5,645762.28,645737.5,645744.75,91961575932
20200415,170000,645744.7,645744.7,645722.63,645722.63,70456559193
20200418,090000,645762.53,668320.5,645762.53,668320.5,123853772626
20200418,130000,668320.55,668981.69,668320.55,668939.71,94026321017
20200418,170000,668932.29,668932.29,668905.68,668905.68,44977900646
20200419,090000,668905.51,691183.61,668905.51,689747.87,228653630404
20200419,130000,689747.22,690147.68,689742.11,690147.56,211911463485
20200419,170000,690147.32,690147.32,690074.38,690074.38,180308805203
20200420,090000,690036.95,708482.95,690036.95,708482.95,199992488070
20200420,130000,708485.41,709012.94,708481.44,709006.57,169215003023
20200420,170000,709005.7,709005.7,708994.61,708994.61,40656650550
20200421,090000,708994.69,726964.89,708994.69,725684.05,180561814392
20200421,130000,725685.19,726148.18,725682.7,726137.36,155514825686
20200421,170000,726137.35,726137.35,726137.35,726137.35,6766131536
20200422,090000,726136.66,741828.78,726136.66,741347.67,155499608023
20200422,130000,741353.55,741952.44,741353.55,741932.4,163190470942
20200422,170000,741930.92,741930.92,741901.81,741901.81,87485464837
20200425,090000,741931.99,769820.74,741931.99,769820.74,101991814808
20200425,130000,769872.22,770549.36,769479.14,769479.14,94927705836
20200425,170000,769474.85,769474.85,769372.77,769372.77,68659561563
20200426,090000,769372.74,797308.83,769372.74,797206.77,242131905333
20200426,130000,797208.66,798105.02,797028.63,797916.33,253093102424
20200426,170000,797911.23,797911.23,797813.35,797813.35,139655646219
20200427,090000,797813.37,820163.03,797813.37,820163.03,169493913325
20200427,130000,820242.42,820534.46,820242.42,820532.43,63071052836
20200427,170000,820526.24,820526.24,820504.26,820505.34,105132033638
20200428,090000,820505.36,845353.62,820505.36,845353.62,139558488233
20200428,130000,845470.46,846008.38,845470.46,845952.45,83107525327
20200429,090000,845952.37,878077.06,845952.37,878077.06,136934760039
20200429,130000,878160.82,878434.98,878093.72,878093.72,88713205056
20200502,090000,878101.22,917116.36,878101.22,917116.36,101700075967
20200502,130000,917215.37,917501.48,917215.37,917405.96,32132664560
20200503,090000,917406.05,964249,917406.05,964125.69,149931116645
20200503,130000,964270.68,964308.51,956979.94,956979.94,47335504030
20200503,170000,956816.56,956816.56,956403.21,956403.21,10506978806
20200504,090000,956199.93,979103.24,956199.93,979103.11,228133257289
20200504,130000,979103.13,979103.13,979103.13,979103.13,9454463512
20200504,170000,979103.93,979106.39,979103.75,979105.71,188841958174
20200505,090000,979105.26,995966.21,978019.48,978019.48,442461529453
20200505,130000,979432.08,980571.13,979432.08,980571.13,239314707538
20200506,090000,980571.08,980571.08,965587.2,977979.93,282261217227
20200506,130000,977979.85,977979.97,977923.47,977923.47,73245572514
20200509,090000,977923.44,1020913.25,977923.44,1020913.25,160347620154
20200509,130000,1020913.2,1020913.2,1020217.54,1020217.54,30612459949
20200510,090000,1020217.53,1044560.11,1020217.53,1043293.18,144590249375
20200510,130000,1043292.93,1043292.93,1043252.69,1043252.69,76865770711
20200511,090000,1043252.5,1048829.2,1043078.85,1044409.69,148478669838
20200511,130000,1047655.25,1047756.63,1047655.25,1047756.63,161668302894
20200511,170000,1047756.71,1047762.81,1047756.71,1047762.81,84120972804
20200512,090000,1047763.19,1047763.19,1020312.18,1021654.5,618406887332
20200512,130000,1021582.06,1021582.06,1021115.65,1021444.8,195819496931
20200513,090000,1021445.18,1026061.37,1008011.84,1017232.3,410869436370
20200513,130000,1017235.32,1017662.43,1017235.32,1017662.43,323252279967
20200513,170000,1017662.44,1017662.48,1017662.44,1017662.48,48823734857
20200516,090000,1017662.48,1017662.48,982410.25,982410.25,166815919014
20200516,130000,982410.19,987475.32,982410.19,987475.32,36707652632
20200517,090000,987475.23,987475.23,964004.97,967509.25,247339361726
20200517,130000,967610.64,968460.69,967610.64,968460.69,122942012625
20200518,090000,968460.26,994587.52,968460.26,994587.52,245591638541
20200518,130000,994587.09,995184.85,994587,995182.74,425068135729
20200518,170000,995182.73,995182.73,995172.53,995172.53,322832832810
20200519,090000,995180.57,1008562.45,995180.57,1000877.92,180527801385
20200519,130000,1001490.15,1002124.59,1001207.73,1002124.59,136112783165
20200520,090000,1002124.48,1002124.48,985119.15,985506,109518635734
20200520,130000,985810.2,986759.18,985810.2,986759.18,192154286370
20200523,090000,986759.2,986759.2,961145.5,961145.5,109048241997
20200523,130000,960935.31,960935.31,959306.14,959840.53,226604495994
20200526,090000,959840.36,959840.36,926688.02,926688.02,149661298409
20200526,130000,926121,926136.53,926121,926132.74,67160510358
20200527,090000,926132.85,938557.14,913435.21,938557.14,315248928633
20200527,130000,938556.17,938556.17,938550.8,938550.8,122719661269
20200527,170000,938550.79,938550.79,938549.69,938549.69,66937412510
20200530,090000,938557.22,973495.86,938557.22,973495.86,205450026248
20200530,130000,973495.92,973495.92,973495.24,973495.24,28410038804
20200531,090000,973494.45,987440.13,970303.56,970597.11,159008861527
20200531,130000,970597.07,970597.07,970270.15,970411.22,158390723614
20200601,090000,970412.85,987654.02,970412.85,987631.46,269900836206
20200601,130000,987688.62,988120.76,987681.12,988120.76,351707989387
20200602,090000,988120.63,1028537.73,988120.63,1028537.73,134742018751
20200602,130000,1028537.74,1028537.74,1028537.58,1028537.58,83990179066
20200606,090000,1028537.75,1068861.02,1028537.75,1068861.02,229792495536
20200606,130000,1068860.71,1068860.71,1068845.58,1068845.58,53530693130
20200606,170000,1068845.42,1068845.42,1068844.18,1068844.18,26763752118
20200607,090000,1068844.02,1116286.42,1068844.02,1116186.72,158603415669
20200607,130000,1116186.65,1116186.65,1116186.62,1116186.62,26659561522
20200608,090000,1116186.75,1127894.6,1114209.39,1118883.74,247322921310
20200608,130000,1118883.66,1118905.66,1118879.94,1118905.66,355477741767
20200608,170000,1118905.95,1118912.07,1118905.95,1118912.07,209100287940
20200609,090000,1118912.05,1129087.95,1117349.72,1118118.16,126894353264
20200609,130000,1118118.05,1118118.06,1118118.05,1118118.06,18213110850
20200610,090000,1118117.98,1153678.26,1118117.98,1153677.6,149896669333
20200610,130000,1153677.93,1153679.69,1153677.93,1153679.69,91722468964
20200613,090000,1153679.68,1190509.32,1153679.68,1189807.93,139050534097
20200613,130000,1189807.86,1189807.86,1189806.78,1189807.34,46905420898
20200614,090000,1189857.91,1201879.5,1178413.76,1185376.92,94741233765
20200614,130000,1185376.64,1185376.64,1185376.64,1185376.64,0
20200615,090000,1185421.9,1205656.91,1185421.9,1200120.5,35746283737
20200615,130000,1200120.74,1200120.74,1200120.74,1200120.74,0
20200616,090000,1200100.36,1229706.58,1200100.36,1229702.01,75953796279
20200616,130000,1229701.7,1229701.7,1229701.61,1229701.61,12523665064
20200620,090000,1229673.6,1270603.09,1229673.6,1270602.61,159044775199
20200620,130000,1270602.6,1270602.6,1270602.6,1270602.6,5981559526
20200621,090000,1270627.11,1300837.88,1270627.11,1300827.15,288272642081
20200621,130000,1300827.82,1300828.13,1300827.82,1300828.13,33482130310
20200621,170000,1300812.77,1300812.77,1300812.77,1300812.77,11160501191
20200622,090000,1300812.77,1341532.11,1300812.77,1341531.75,251609026202
20200622,130000,1341531.95,1341531.95,1341531.91,1341531.91,17991152192
20200622,170000,1341578.79,1341578.79,1341578.79,1341578.79,8995572496
20200623,090000,1341578.79,1391810.84,1341578.79,1391042.48,121019141888
20200623,130000,1391040.97,1391040.97,1391040.97,1391040.97,6410105441
20200624,090000,1391025.41,1419439.91,1391025.41,1419439.02,175772614678
20200627,090000,1419453.46,1466289.37,1419453.46,1466289.37,99343273490
20200627,130000,1466280.62,1466280.69,1466275.82,1466275.82,16159689809
20200628,090000,1466277.49,1499892.51,1466277.49,1491952.13,395834568031
20200628,130000,1491952.12,1491955.43,1491952.12,1491955.43,31404860785
20200628,170000,1491951.51,1491951.51,1491951.51,1491951.51,15702086561
20200629,090000,1491927.69,1491927.69,1460444.86,1481926.1,312229515321
20200629,130000,1481926.09,1481926.09,1481924.14,1481924.14,23939196822
20200630,090000,1481938.41,1546850.19,1481938.41,1546850.19,132102134669
20200630,130000,1546850.21,1546850.21,1546849.86,1546849.86,27123407474
20200701,090000,1546845.43,1612889.81,1546845.43,1612889.8,205391143137
20200701,130000,1612882.43,1612882.43,1612882.43,1612882.43,8424216406
20200704,090000,1612902,1645266.34,1612902,1618832.46,338019925125
20200704,130000,1618834.21,1621367.52,1618834.21,1621367.52,199443477617
20200705,090000,1621343.34,1652774.95,1620217.12,1652774.95,252617555937
20200705,130000,1652779.59,1655408.15,1652779.59,1655406.9,113621428574
20200706,090000,1655429.59,1737945.27,1655429.59,1737945.27,153643676503
20200706,130000,1737957.77,1740879.02,1736605.39,1736605.39,219290624102
20200706,170000,1736459.35,1736459.35,1736402.01,1736402.01,11930698422
20200707,090000,1718350.16,1745912.11,1718350.16,1745738.7,268557338031
20200707,130000,1745743.09,1748000.22,1745561.83,1747078.12,323926650442
20200708,090000,1747078.61,1767015.1,1747078.61,1752649.3,364311539199
20200708,130000,1752653.32,1753678.23,1752653.32,1753678.23,140776798975
20200711,090000,1753642.79,1753642.79,1719033.59,1741263.6,246588146456
20200711,130000,1741269.55,1741297.31,1741269.55,1741296.2,99955470843
20200712,090000,1741353.69,1814831,1741353.69,1812765.41,206455229881
20200712,130000,1812767.53,1812838.62,1812767.53,1812832.53,255802782963
20200713,090000,1812843.11,1816466.63,1799814.48,1816237.15,263921242995
20200713,130000,1816279.52,1822117.06,1816244.63,1816279.51,158371327539
20200714,090000,1822083.06,1846164.82,1822083.06,1841259.83,225994316887
20200714,130000,1841324.35,1844860.01,1841324.35,1844860.01,204922994505
20200715,090000,1844907.28,1845124.75,1838571.79,1843895.08,224885948331
20200715,130000,1843708.18,1844215.77,1841526.29,1841696.04,333908013529
20200718,090000,1841700.69,1841700.69,1809583.23,1811489.64,146636940196
20200718,130000,1811639.01,1812586.09,1809033.67,1809147.27,172590035554
20200719,090000,1809172.08,1862578.45,1797987.92,1862577.88,334656982908
20200719,130000,1862577.54,1864949.3,1861633.42,1864945.61,383048778798
20200720,090000,1865027.51,1924883.56,1865027.51,1924797.86,174144215395
20200720,130000,1924797.96,1924798.4,1924797.96,1924798.4,102881034753
20200721,090000,1924845.14,1924845.14,1901245.72,1912323.57,185841761742
20200721,130000,1912314.56,1916385.04,1912278.34,1916202.83,207928407927
20200722,090000,1916194.06,1916194.06,1888595.71,1898294.74,155773568754
20200722,130000,1898293.98,1901173.35,1898288.33,1901169.35,85839696517
20200725,090000,1901147.16,1956886.26,1901147.16,1948093.86,182839627412
20200725,130000,1948094.36,1955858.34,1948094.36,1955858.34,168939187409
20200725,170000,1952920.86,1952920.86,1952920.86,1952920.86,8922747729
20200726,090000,1952910.02,1964180.98,1935966.31,1938829.23,174762332996
20200726,130000,1938829.7,1946134.37,1938829.7,1946134.37,180333710465
20200726,170000,1946086.23,1946086.23,1946086.23,1946086.23,8083273619
20200727,090000,1946086.23,1946086.23,1900339.27,1926393.66,322628829471
20200727,130000,1926449.14,1933943.95,1926449.14,1933943.75,366400919603
20200728,090000,1933935.58,1973496.82,1933935.58,1945274.2,247373186761
20200728,130000,1945275.54,1945328.62,1941157.06,1941157.06,408531376654
20200729,090000,1941193.45,1941193.45,1899588.39,1904858.69,169498914566
20200729,130000,1904819.77,1904819.77,1901675.97,1904316.1,259550563984
20200729,170000,1904316.08,1904316.08,1904316.08,1904316.08,9197300428
20200801,090000,1904324.24,1954811.3,1904324.24,1954497.13,241753688873
20200801,130000,1955357.01,1961649.37,1955357.01,1961649.37,167063765622
20200802,090000,1961621.75,2013733.66,1961621.75,2008049.16,210048210453
20200802,130000,2007735.74,2011492.97,2005824.04,2011492.97,222923849197
20200803,090000,2011524.29,2015421.73,1987900.7,1987900.7,146289321812
20200803,130000,1987939.35,1993449.85,1987593.57,1993330.31,176083037578
20200804,090000,1993340.2,1994360.62,1986390.8,1990093.32,227076262821
20200804,130000,1990126.68,1995039.15,1990124.42,1995034.43,493023283524
20200804,170000,1995033.81,1995038.36,1995033.37,1995037.12,138725854741
20200805,090000,1995044.41,2028290.36,1995044.41,2028259.52,183110620314
20200805,130000,2028229.86,2034219.76,2027836.83,2034186.97,156903847515
20200809,090000,2034192.5,2083190.66,2034192.5,2078078.25,176196253349
20200809,130000,2078102.27,2078512.59,2078102.27,2078511.79,200017551619
20200810,090000,2078546.77,2103311.12,2064651.61,2064651.61,305517024059
20200810,130000,2064757.06,2065110.81,2064757.06,2065110.81,242377757163
20200810,170000,2065110.73,2065111.76,2065110.4,2065111.75,77199184469
20200811,090000,2065114.25,2065114.25,1999376.77,1999376.77,167989099922
20200811,130000,1999471.4,1999857.64,1999471.4,1999853.5,55460241909
20200812,090000,1999843.42,2039460.64,1975298.46,1975298.46,259540555023
20200812,130000,1975301.21,1975551.38,1975301.21,1975544.97,185615401267
20200815,090000,1975439.67,1975439.67,1902986.27,1902990.14,149971792565
20200815,130000,1902991.53,1903273.67,1902991.53,1903259.08,115252054031
20200816,090000,1903267.56,1903267.56,1835342.75,1835345.92,129812663123
20200816,130000,1835347.11,1835488.5,1813559.08,1813574.57,124191142989
20200816,170000,1813574.5,1813574.5,1813574.5,1813574.5,4652454256
20200817,090000,1797630.74,1815275.93,1794314.56,1814952.49,394413187845
20200817,130000,1815058.99,1815697.84,1815058.99,1815696.38,428199452185
20200817,170000,1815696.4,1815754.72,1815696.4,1815754.72,39198040950
20200818,090000,1846038.13,1856538.79,1838125.89,1838125.89,314965478201
20200818,130000,1837262.09,1837262.09,1825353.06,1825354.22,325506110339
20200819,090000,1805635.56,1805635.56,1757698.06,1757698.06,117991133385
20200819,130000,1757691.61,1757691.61,1756879.75,1757257.56,104019630187
20200822,090000,1757229.2,1779565.53,1727221.73,1727221.73,266346272587
20200822,130000,1727224.26,1727267.68,1727224.26,1727264.89,140701464821
20200822,170000,1727264.95,1727264.95,1727239.52,1727239.52,17583963700
20200823,090000,1727239.52,1727239.52,1662204.79,1662204.86,132596359284
20200823,130000,1662205.1,1662205.1,1662204.96,1662204.96,11011115412
20200823,170000,1662215.41,1662215.41,1662215.41,1662215.41,5505557706
20200824,090000,1662215.41,1662215.41,1607250.8,1608442.28,266620287026
20200824,130000,1608441.88,1608536.24,1608441.88,1608536.24,311157503563
20200824,170000,1608541.05,1608544.5,1608541.05,1608544.5,58260485660
20200825,090000,1608581.77,1650471.49,1608581.77,1650471.34,287459773427
20200825,130000,1650471.28,1650471.84,1650182.81,1650182.81,401218612156
20200825,170000,1650180.2,1650180.2,1650026.61,1650026.61,217213201599
20200826,090000,1650044.32,1718766.32,1650044.32,1718766.32,107362660207
20200826,130000,1718766.34,1718766.96,1718765.9,1718765.9,63627215971
20200826,170000,1718765.84,1718765.84,1718762.74,1718762.74,91899587113
20200831,090000,1718783.36,1762489.12,1718783.36,1727958.2,442199227990
20200831,130000,1727953.3,1727953.3,1727949.71,1727953.14,89054697299
20200901,090000,1728035.25,1728035.25,1684738.91,1684741.63,132268383629
20200901,130000,1684741.4,1684741.42,1684741.4,1684741.42,9553859669
20200902,090000,1684786.64,1684786.64,1631880.72,1631881.2,90926209674
20200902,130000,1631880.61,1631883.66,1631880.61,1631883.66,7699692317
20200902,170000,1631883.67,1631883.67,1631883.67,1631883.67,3849817286
20200905,090000,1631941.3,1645287.77,1631941.3,1642035.76,230795050887
20200905,130000,1642037.5,1642037.87,1642037.5,1642037.87,18649663225
20200906,090000,1642007.7,1669278.81,1642007.7,1647855.31,248710240839
20200906,130000,1647855.28,1647855.31,1647855.28,1647855.31,18128180845
20200906,170000,1647855.33,1647855.33,1647855.33,1647855.33,9062885644
20200907,090000,1647781.84,1647781.84,1607210.45,1607212.38,103889804005
20200907,130000,1607211.75,1607211.94,1607211.67,1607211.94,11406596786
20200907,170000,1607195.33,1607195.33,1607195.33,1607195.33,3802198262
20200908,090000,1607195.33,1607195.33,1570046.77,1570049.19,30645497058
20200908,130000,1570049.12,1570049.18,1570048.87,1570049.18,4273063819
20200908,170000,1570010,1570010,1570010,1570010,854599940
20200909,090000,1570010,1570010,1546144.07,1556325.49,191536444803
20200909,130000,1556325.22,1556325.28,1556325.22,1556325.28,14157917617
20200909,170000,1556323.05,1556323.05,1556315.02,1556315.02,14155922521
20200912,090000,1556280.32,1590460.91,1556280.32,1583763.21,119424823879
20200912,130000,1583763.27,1583764.12,1583763.27,1583764.12,9463807476
20200912,170000,1583753.44,1583753.62,1583746.98,1583753.62,18915022388
20200913,090000,1583753.62,1593278.59,1574730.6,1578185.78,210937732036
20200913,130000,1578185.86,1578185.86,1578185.86,1578185.86,8296641688
20200913,170000,1578190.12,1578190.12,1578190.12,1578190.12,8296641688
20200914,090000,1578190.12,1607489.17,1578190.12,1607489.08,165090301370
20200914,130000,1607490.87,1607490.91,1607490.87,1607490.91,14013016288
20200914,170000,1607587.14,1607587.14,1607587.14,1607587.14,7006506716
20200915,090000,1607587.14,1667258.83,1607587.14,1667258.66,178373656125
20200915,130000,1667258.59,1667258.59,1664604.4,1664604.4,222521772422
20200915,170000,1664587.56,1664587.56,1664559.06,1664559.06,66618862537
20200916,090000,1664592.81,1712046.26,1664592.81,1704096.37,395645503622
20200916,130000,1704096.28,1704098.71,1704096.28,1704098.71,42930083663
20200916,170000,1704108.46,1704108.46,1704108.46,1704108.46,14309953540
20200919,090000,1704108.46,1712994.67,1686002.09,1699510.67,271406712971
20200919,130000,1699509.36,1699519.42,1699509.36,1699512.26,191508886170
20200919,170000,1699506.02,1699506.35,1699493.99,1699493.99,80625377440
20200920,090000,1699493.99,1699493.99,1652244.29,1652244.29,181497909844
20200920,130000,1652244.24,1652246.06,1652242.15,1652246.06,248734779440
20200920,170000,1652246.24,1652248.88,1652246.24,1652248.88,93256577513
20200921,090000,1652235.68,1652235.68,1595154.26,1595154.26,49277272461
20200921,130000,1595148.24,1595148.24,1595148.24,1595148.24,2682993996
20200921,170000,1595148.26,1595160.11,1595148.26,1595160.11,5365959044
20200922,090000,1595160.11,1595160.11,1566526.56,1581197.6,291062682654
20200922,130000,1581198.11,1581201.12,1581186.58,1581196.43,452252596732
20200922,170000,1581197.23,1581206.5,1581185.44,1581205.18,302346878029
20200923,090000,1581180.12,1621853.72,1581180.12,1611454.45,311904496611
20200923,130000,1611454.47,1611455.03,1611450.12,1611450.12,429589327524
20200923,170000,1611450.06,1611452.88,1611450.01,1611452.19,171160356453
20200926,090000,1611582.46,1634894.07,1611582.46,1615658.62,205445356913
20200926,130000,1615659.08,1615679.21,1615658.95,1615678.3,194252811757
20200926,170000,1615531.23,1615531.23,1615531.23,1615531.23,6249053346
20200927,090000,1615531.23,1615531.23,1572147.49,1572148.02,114154951324
20200927,130000,1572145.61,1572158.03,1572145.61,1572158.03,148056854176
20200928,090000,1570888.25,1570888.25,1515930.5,1515932.92,26873132118
20200928,170000,1515929.98,1515929.98,1515929.98,1515929.98,1412376702
20200929,090000,1515929.98,1515929.98,1483585.6,1492901.86,231051165765
20200929,130000,1492901.96,1492901.96,1492901.96,1492901.96,8875098066
20200929,170000,1492939.81,1492939.81,1492939.81,1492939.81,8875098066
20200930,090000,1492939.81,1503413.03,1488990.36,1503413.03,227982172950
20200930,170000,1503426.84,1503426.84,1503426.84,1503426.84,8102297751
20201003,090000,1503426.84,1546150.05,1503426.84,1546146.96,209791484787
20201003,170000,1546154.72,1546154.72,1546154.72,1546154.72,6394898291
20201004,090000,1546154.72,1548968.98,1522943.54,1522943.54,356722684233
20201004,130000,1522943.55,1522995.48,1522937.56,1522937.56,528599231098
20201004,170000,1522980.88,1522980.88,1522980.88,1522980.88,13210031123
20201005,090000,1522980.88,1522980.88,1489783.24,1490154.06,244968345157
20201005,130000,1490154.51,1490154.51,1490154.51,1490154.51,8484418096
20201005,170000,1490173.09,1490173.09,1490173.09,1490173.09,8484417730
20201006,090000,1490173.09,1514712.92,1490173.09,1514699.05,172702293406
20201006,170000,1514698.24,1514698.24,1514698.24,1514698.24,5573399420
20201007,090000,1514698.24,1541920.83,1514698.24,1540725.98,200995168345
20201007,130000,1540724.91,1540724.91,1540706.58,1540706.58,37007986460
20201007,170000,1540700.01,1540700.01,1540700.01,1540700.01,7400759634
20201010,090000,1540700.01,1542115.16,1534059.75,1541842.53,214048169494
20201010,130000,1541841.95,1541842.62,1541841.95,1541842.62,12511707896
20201010,170000,1541822.8,1541822.8,1541822.8,1541822.8,6255852885
20201011,090000,1541822.8,1600207.42,1541822.8,1597064.2,227836136464
20201011,130000,1597059.37,1597059.37,1597045.24,1597045.44,117689454429
20201011,170000,1597125.42,1597125.42,1597125.42,1597125.42,11768804405
20201012,090000,1597125.42,1597125.42,1579325.44,1579566.08,357475328128
20201012,130000,1579565.81,1579566.42,1579565.8,1579566.41,60643935894
20201012,170000,1579566.31,1579566.31,1579507.3,1579507.3,45482484807
20201013,090000,1579507.3,1588797.07,1570972.3,1579639.65,305818788542
20201013,130000,1579639.95,1579639.95,1579639.95,1579639.95,10724767912
20201013,170000,1579639.8,1579639.8,1579632.92,1579632.95,128675609426
20201014,090000,1579675.66,1580971.42,1560561.55,1560709.26,178894796040
20201014,130000,1560745.62,1561450.91,1560745.62,1561450.9,159185489863
20201014,170000,1561416.08,1561416.08,1561416.08,1561416.08,5884201996
20201018,090000,1561416.08,1561416.08,1514394.66,1514398.09,113901565741
20201018,130000,1514392.88,1514392.88,1514239.09,1514244.1,70185409269
20201018,170000,1514272.54,1514272.54,1514272.54,1514272.54,3337279128
20201019,090000,1514272.54,1514272.54,1462545.06,1462545.06,50279344515
20201019,130000,1462542.54,1462542.54,1462382.07,1462382.07,14850351894
20201019,170000,1462283.2,1462283.2,1462283.2,1462283.2,1484770438
20201020,090000,1462283.2,1462283.2,1419312.22,1419312.22,34945908395
20201020,130000,1419312.33,1419312.33,1419312.33,1419312.33,3401250927
20201020,170000,1419305.29,1419305.29,1419305.29,1419305.29,3401250927
20201021,090000,1419305.29,1431081.48,1412286.45,1412286.67,318182288951
20201021,130000,1412286.24,1412300.22,1412286.24,1412300.22,40682588448
20201021,170000,1412300.21,1412354.66,1412300.21,1412354.66,20340892628
20201024,090000,1412354.66,1412354.66,1374048.28,1374048.28,86758510760
20201024,130000,1374048.99,1374048.99,1374048.99,1374048.99,2568914826
20201024,170000,1374057.4,1374057.4,1374057.4,1374057.4,2568914826
20201026,090000,1374057.4,1374057.4,1336585.93,1336586.94,109725992008
20201026,130000,1336587.31,1336592.99,1336587.31,1336592.75,174705419740
20201026,170000,1336592.74,1336592.76,1336592.58,1336592.58,42158777968
20201027,090000,1336587.04,1336587.04,1301736.31,1301750.37,133038477492
20201027,130000,1301756.8,1301772.17,1301756.8,1301772.17,23109660148
20201027,170000,1301791.35,1302028.52,1301791.35,1302028.52,27714712971
20201028,090000,1302028.52,1302028.52,1278847.57,1288193.11,149487316168
20201028,130000,1288189.18,1288344.44,1288186.83,1288286.46,152479307177
20201028,170000,1288286.47,1288330.51,1288286.47,1288330.51,11221286486
20201031,090000,1288330.51,1312185.75,1288330.51,1305797.88,174817214120
20201031,130000,1305781.14,1305984.4,1305781.14,1305979.17,52041496394
20201031,170000,1305898.74,1305898.74,1305898.74,1305898.74,6504434159
20201101,090000,1305898.74,1305898.74,1279882.35,1279882.35,139218584983
20201101,130000,1279889.64,1279901.86,1279889.64,1279901.86,29783204526
20201101,170000,1279862.72,1279862.72,1279862.72,1279862.72,4956633713
20201102,090000,1279862.72,1279862.72,1262244.23,1264535.36,145935994685
20201102,130000,1264534.2,1264539.01,1264534.2,1264539.01,73084693297
20201102,170000,1264538.51,1264538.53,1264477.63,1264477.63,15648488364
20201104,090000,1264477.63,1290507.16,1264477.63,1290507.01,157853518733
20201104,130000,1290507.45,1290507.45,1290507.44,1290507.44,10536879436
20201104,170000,1290571.39,1290571.39,1290571.39,1290571.39,5268439718
20201107,090000,1290571.39,1290571.39,1262478.15,1262478.15,173964806691
20201107,130000,1262477.27,1262869.59,1262477.27,1262869.59,60998709135
20201107,170000,1262887.13,1262887.13,1262887.13,1262887.13,5541613371
20201108,090000,1262887.13,1262887.13,1240484.73,1240484.73,27275759033
20201108,130000,1240485.65,1240523.77,1240485.65,1240523.77,3304929562
20201109,090000,1240523.77,1240523.77,1214901.86,1215153.76,210359064068
20201109,130000,1215153.65,1215163.38,1215153.65,1215163.38,256597110294
20201109,170000,1215163.72,1215222.57,1215163.72,1215163.85,79578107232
20201110,090000,1215163.85,1223265.31,1211908.15,1211909.57,241061555289
20201110,130000,1211910.91,1211942.78,1211910.91,1211937.92,306971052009
20201110,170000,1211937.88,1211941.16,1211935.28,1211941.16,107011934126
20201111,090000,1211941.16,1221057.19,1210035.31,1221057.19,213889185624
20201111,130000,1221057.16,1221060.46,1221056.16,1221060.46,68444959818
20201111,170000,1221061,1221082.2,1221061,1221074.76,42772766996
20201114,090000,1221074.76,1249510.5,1221074.76,1247591.47,118595175420
20201114,130000,1247591.37,1247591.37,1247591.37,1247591.37,4122869933
20201114,170000,1247591.36,1247591.36,1247591.36,1247591.36,0
20201115,090000,1247649.18,1268784.98,1247649.18,1257367.3,421433297136
20201115,130000,1257367.99,1257368,1257364.27,1257364.27,612431699948
20201115,170000,1257364.15,1257364.31,1257356.86,1257356.86,64404124885
20201116,090000,1257356.86,1273748,1251408.13,1273748,229221622406
20201116,130000,1273749.82,1273749.82,1273746.67,1273746.67,70391237710
20201116,170000,1273847,1273847,1273847,1273847,8798789306
20201117,090000,1273847,1309027,1273847,1296956.27,218618620604
20201117,130000,1296954.78,1296954.82,1296952.32,1296952.32,311914524582
20201117,170000,1296952.21,1296958.04,1296947.08,1296947.08,95299313192
20201118,090000,1296947.08,1345406.57,1296947.08,1345402.83,187472065988
20201118,130000,1345402.56,1345402.97,1345295.03,1345295.03,157232132731
20201118,170000,1345301.35,1345301.35,1345301.35,1345301.35,6549654751
20201121,090000,1345301.35,1374808,1345301.35,1366536.67,455423716358
20201121,130000,1366537.08,1366537.08,1366536.26,1366536.26,39334575224
20201121,170000,1366536.22,1366536.22,1366535.22,1366535.22,39334004098
20201122,090000,1366535.22,1366535.22,1337631.57,1358847.24,430443542346
20201122,130000,1358847.17,1358847.83,1358847.04,1358847.83,85536939319
20201122,170000,1358847.92,1358847.92,1358847.53,1358847.53,34213929138
20201123,090000,1358847.53,1384443.61,1358847.53,1375538.56,306241977381
20201123,130000,1375540.3,1375541.27,1375530.3,1375541.27,56129867176
20201124,090000,1375541.27,1382204.19,1356944.48,1356944.48,508121653945
20201124,130000,1356944.69,1356944.69,1356944.13,1356944.52,86010748410
20201124,170000,1357108.63,1357108.63,1357108.63,1357108.63,21502659346
20201125,090000,1357108.63,1367169.07,1344872.09,1367169.07,414355036605
20201125,130000,1367169.08,1367171.29,1367169.08,1367171.13,101288057785
20201125,170000,1367171.12,1367248.83,1367171.12,1367248.83,28939431998
20201128,090000,1367248.83,1390797.21,1367248.83,1390797.21,435174491165
20201128,130000,1390796.94,1390803.87,1390796.94,1390803.36,103691405349
20201128,170000,1390772.78,1390772.78,1390772.78,1390772.78,17281599312
20201129,090000,1390772.78,1427199.3,1390772.78,1427199.3,423426388429
20201129,130000,1427199.26,1427199.26,1427198.57,1427198.57,63261718011
20201129,170000,1427278.12,1427278.12,1427278.12,1427278.12,15814137118
20201130,090000,1427278.12,1465977.4,1427278.12,1465934.4,373881840066
20201130,130000,1465934.45,1465934.49,1465934.18,1465934.24,57339359143
20201130,170000,1465975.32,1465975.32,1465975.32,1465975.32,14334810815
20201201,090000,1465975.32,1474845.9,1457937.26,1473706.05,317481699151
20201201,130000,1473706.06,1473706.06,1473701.9,1473701.9,63710036153
20201201,170000,1473701.88,1473701.9,1473667.25,1473667.25,38224786068
20201202,090000,1473667.25,1480721.78,1468900.32,1470981.01,372992154395
20201202,130000,1470975.84,1470975.84,1470967.52,1470967.53,207503055427
20201202,170000,1470967.63,1470980.09,1470967.62,1470980.09,41498977815
20201205,090000,1470980.09,1490712.51,1463974.28,1490711.03,264808107785
20201205,130000,1490710.58,1490710.73,1490710.58,1490710.73,21331637452
20201205,170000,1490712.91,1490713.31,1490676.82,1490676.82,42661389172
20201206,090000,1490676.82,1526571.14,1490676.82,1523106.09,302387915695
20201206,130000,1523106.55,1523106.55,1523105.76,1523105.76,49963041616
20201206,170000,1523108.49,1523108.49,1523108.49,1523108.49,12490671592
20201207,090000,1523108.49,1531896.44,1512971.94,1512971.94,533274164538
20201207,130000,1512970.94,1512970.94,1512962.27,1512962.27,392565858946
20201207,170000,1512962.11,1512962.11,1512891.88,1512891.88,87235816155
20201208,090000,1512891.88,1512891.88,1492779.87,1507363.97,404304223537
20201208,130000,1507363.9,1507364.39,1507362.7,1507362.7,54890122462
20201208,170000,1507362.71,1507498.69,1507362.71,1507498.69,27444542188
20201209,090000,1507498.69,1515064.99,1502968.07,1506275.32,251101666742
20201209,130000,1506277.22,1506277.22,1506274.64,1506274.64,21596669423
20201209,210000,1506217.27,1506217.27,1506217.27,1506217.27,10798310493
20201212,090000,1506217.27,1535256,1506217.27,1527448.42,327640031906
20201212,130000,1527450.24,1527452.67,1527450.24,1527452.57,175292359586
20201212,170000,1527452.58,1527452.58,1527451.83,1527451.83,43780077723
20201213,090000,1527451.83,1527451.83,1509755.29,1515751.52,275719017528
20201213,130000,1515751.46,1515766.36,1515751.46,1515757.63,163049388843
20201213,170000,1515757.62,1515759.37,1515757.58,1515759.37,34932524970
20201214,090000,1515759.37,1518214.4,1484126.44,1484126.59,360221434153
20201214,130000,1484122.44,1484122.44,1484107.42,1484107.42,56340008032
20201214,170000,1484158.86,1484158.86,1484158.86,1484158.86,14084995290
20201215,090000,1484158.86,1484158.86,1428352.79,1428352.79,155766686326
20201215,130000,1428376.46,1428376.46,1428376.46,1428376.46,6521500010
20201215,170000,1428324.49,1428324.49,1428324.49,1428324.49,6521500010
20201216,090000,1428324.49,1428324.49,1400376.4,1413454.18,366997379248
20201216,130000,1413455.17,1413457.16,1413429.52,1413429.52,384978673969
20201216,170000,1413360.39,1413360.39,1413360.39,1413360.39,12418526590
20201219,090000,1413360.39,1444887.93,1413360.39,1444887.88,262517572966
20201219,170000,1444926.01,1444926.01,1444926.01,1444926.01,10053695004
20201220,090000,1444926.01,1452895.26,1437358.79,1439054.98,242324043713
20201220,170000,1439124.01,1439124.01,1439124.01,1439124.01,9046000513
20201221,090000,1439124.01,1444119.66,1428939.27,1436415.12,251101721519
20201221,130000,1436415.17,1436415.17,1436415.17,1436415.17,9016270370
20201221,170000,1436392.9,1436392.9,1436392.9,1436392.9,9016270370
20201222,090000,1436392.9,1444889.16,1433594.47,1444889.16,291358759393
20201222,170000,1444889.11,1444968.94,1444889.11,1444968.94,21218852910
20201223,090000,1444968.94,1454386.84,1444968.94,1447854.91,227441919313
20201223,130000,1447854.86,1447854.98,1447840.83,1447840.83,66355856812
20201223,170000,1447840.81,1447915.33,1447840.81,1447915.33,18958600482
20201226,090000,1447915.33,1447915.33,1423579.03,1423579.03,268986755868
20201226,130000,1423573.78,1423573.78,1423560.87,1423560.87,362712675161
20201226,170000,1423552.14,1423570.24,1423507.44,1423570.24,61813147581
20201227,090000,1423570.24,1423570.24,1407756.39,1419053.61,257024060121
20201227,130000,1419052.14,1419059.36,1419052.14,1419059.34,199285268016
20201227,170000,1419059.3,1419059.3,1419012.79,1419012.79,19927958856
20201228,090000,1419012.79,1440736.17,1419012.79,1437141.2,205881068076
20201228,130000,1437141,1437142.11,1437140.81,1437142.1,81758436579
20201228,170000,1437212.28,1437212.28,1437212.28,1437212.28,8175612980
20201229,090000,1437212.28,1438933.41,1411497.77,1412044.27,207797728906
20201229,130000,1412044.29,1412045.04,1411823.89,1411824.22,206019821511
20201229,170000,1411824.23,1411858.96,1411824.23,1411858.96,49387486314
20201230,090000,1411858.96,1411858.96,1398001.07,1398001.07,184609002135
20201230,130000,1398001.11,1398001.2,1397867.2,1397867.2,94219704153
20201230,170000,1397853.29,1397853.29,1397797.19,1397797.19,23520242511
20210102,090000,1397797.19,1397797.19,1354111.66,1354113.79,183517579456
20210102,130000,1354114.3,1354114.3,1354114.3,1354114.3,6065595670
20210102,170000,1354147.12,1354147.12,1354147.12,1354147.12,6065577245
20210103,090000,1354147.12,1357904.17,1345824.97,1355475.53,247753210873
20210103,130000,1355475.49,1355475.49,1355475.34,1355475.34,17850234740
20210103,170000,1355351.22,1355351.22,1355351.22,1355351.22,8925080297
20210104,090000,1355351.22,1375359.66,1355351.22,1374501.22,192438620954
20210104,130000,1374499.38,1374500.91,1374483.23,1374483.23,52752630580
20210105,090000,1374483.23,1374483.23,1350211.44,1350211.45,265135661257
20210105,130000,1350211.41,1350211.41,1350211.41,1350211.41,8904611865
20210105,170000,1350233.2,1350233.2,1350233.2,1350233.2,8904611865
20210106,090000,1350233.2,1350233.2,1310455.12,1310659.84,225207692070
20210106,130000,1310659.86,1310708.85,1310659.86,1310708.85,68135231860
20210106,170000,1310708.84,1310755.83,1310708.84,1310755.83,17006501394
20210109,090000,1310755.83,1310755.83,1285940.61,1285947.63,263676116730
20210109,130000,1285950.13,1285951.91,1285947.73,1285947.73,61740309057
20210109,170000,1285947.72,1285947.72,1285892.41,1285892.41,20576027722
20210110,090000,1285892.41,1310036.77,1285892.41,1306714.83,244369889283
20210110,170000,1306620.74,1306620.74,1306620.74,1306620.74,8673533792
20210111,090000,1306620.74,1312753.21,1301253.23,1301253.23,252967549053
20210111,130000,1301246.35,1301246.35,1301245.18,1301245.18,29038987434
20210111,170000,1301245.26,1301325.56,1301245.26,1301325.56,19359216854
20210112,090000,1301325.56,1301325.56,1260697.47,1260697.53,195728890323
20210112,130000,1260697.54,1260697.69,1260697.54,1260697.68,34141037321
20210112,170000,1260722.51,1260722.51,1260722.51,1260722.51,6828156829
20210113,090000,1260722.51,1260722.51,1229874.05,1229880.13,300904852465
20210113,130000,1229880.91,1229889.45,1229879.4,1229889.45,71755859010
20210113,170000,1229836.48,1229836.48,1229836.48,1229836.48,10250216369
20210116,090000,1229836.48,1229836.48,1186792.85,1186793.5,209884883189
20210116,130000,1186793.76,1186794.14,1186786.63,1186786.63,54491073824
20210116,170000,1186711.21,1186711.21,1186711.21,1186711.21,7772061093
20210118,090000,1186711.21,1186711.21,1149721.56,1149721.56,109338688231
20210118,170000,1150224.95,1150224.95,1150224.95,1150224.95,3474278442
20210119,090000,1150224.95,1150610.47,1129925.67,1150610.47,264104914829
20210119,130000,1150610.6,1150624.8,1150608.46,1150624.75,135466153309
20210119,170000,1150624.71,1150717.98,1150624.71,1150717.98,20730597086
20210120,090000,1150717.98,1185118.86,1150717.98,1183948,157649792258
20210120,130000,1183948.02,1183948.02,1183948,1183948,10391017466
20210120,170000,1183978.2,1183978.2,1183978.2,1183978.2,5195508476
20210123,090000,1183978.2,1222070.93,1183978.2,1222070.64,135637248194
20210123,130000,1222070.18,1222070.18,1222069.89,1222069.89,23685975500
20210123,170000,1222069.92,1222070.55,1222069.84,1222070.55,18948638736
20210124,090000,1222070.55,1250939.46,1222070.55,1234665.46,480123781109
20210124,130000,1234666.62,1234666.87,1234596.5,1234596.5,408208361295
20210124,170000,1234596.29,1234597.15,1234557.5,1234557.5,47044730802
20210125,090000,1234557.5,1236291.58,1221116.25,1235897.34,278246355869
20210125,130000,1235871.63,1235871.63,1235764.21,1235764.21,146158299680
20210125,170000,1235783.1,1235783.1,1235783.1,1235783.1,9116614034
20210126,090000,1235783.1,1240100.35,1214833.79,1214835.58,230302711372
20210126,130000,1214835.59,1215033.62,1214835.59,1215033.62,164361547827
20210126,170000,1215033.61,1215033.94,1215033.14,1215033.14,29829476758
20210127,090000,1215033.14,1215033.14,1195642.98,1207753.85,249236287028
20210127,130000,1207752.01,1207753.83,1207732.73,1207732.73,155894114624
20210127,170000,1207698.27,1207698.27,1207698.27,1207698.27,8643069142
20210130,090000,1207698.27,1247176.66,1207698.27,1247176.58,169814497992
20210130,130000,1247176.65,1247176.65,1247176.65,1247176.65,5547353539
20210130,170000,1247152.7,1247152.7,1247152.7,1247152.7,5547352978
20210131,090000,1247152.7,1268522.87,1247152.7,1250992.55,340572360617
20210131,130000,1250992.46,1250992.46,1250992.46,1250992.46,12335680710
20210131,170000,1250992.45,1251041.71,1250992.45,1251041.71,24671353554
20210201,090000,1251041.71,1251041.71,1233555.94,1233556.24,244580590850
20210201,130000,1233561.11,1233614.16,1233561.11,1233614.16,64783341069
20210201,170000,1233667.59,1233667.59,1233667.59,1233667.59,8087403913
20210202,090000,1233667.59,1233667.59,1204591.62,1205427.46,252677541824
20210202,130000,1205428.68,1205428.68,1205428.68,1205428.68,11158724947
20210202,170000,1205467.1,1205467.1,1205467.1,1205467.1,11158724947
20210203,090000,1205467.1,1207533,1173050.07,1173050.26,243186285884
20210203,170000,1173010.67,1173010.67,1173010.67,1173010.67,8053844799
20210206,090000,1173010.67,1173010.67,1135386.26,1135388.33,180001609704
20210206,130000,1135388.59,1135391.11,1135367.91,1135369.4,194207550118
20210206,170000,1135345.48,1135345.48,1135345.48,1135345.48,5822912944
20210207,090000,1135345.48,1170497.65,1135345.48,1170497.09,171505011362
20210207,170000,1170532.85,1170532.85,1170532.85,1170532.85,5250429327
20210208,090000,1170532.85,1195063.39,1170532.85,1192834.86,351115060687
20210208,130000,1192834.81,1192862.01,1192834.71,1192861.47,341940921380
20210208,170000,1192861.16,1192864.82,1192744.36,1192744.36,120890008200
20210209,090000,1192744.36,1214370.82,1192744.36,1214370.82,218402454441
20210209,170000,1214416.14,1214416.14,1214416.14,1214416.14,7656883837
20210213,090000,1214416.14,1262204.11,1214416.14,1262203.73,189680771600
20210213,130000,1262203.1,1262203.1,1262201.66,1262202.31,20436949261
20210213,170000,1262253.69,1262253.69,1262253.69,1262253.69,6812020606
20210214,090000,1262253.69,1272408.7,1262253.69,1264338.46,335962540687
20210214,130000,1264337.39,1264337.42,1264337.35,1264337.36,44088882902
20210214,170000,1264337.49,1264368.7,1264337.49,1264368.7,33057098454
20210215,090000,1264368.7,1264368.7,1257061.46,1257061.57,194156538598
20210215,130000,1257061.62,1257237.37,1257061.62,1257237.37,117690703471
20210215,170000,1257286.19,1257286.19,1257286.19,1257286.19,5874082757
20210216,090000,1257286.19,1257286.19,1245809.08,1245836.54,101284177779
20210216,130000,1245839.42,1245843.67,1245839.42,1245843.67,7293122710
20210216,170000,1245843.55,1245882.88,1245843.48,1245882.88,18232445935
20210217,090000,1245882.88,1246888.11,1238395.13,1238395.13,106091054879
20210217,130000,1238395.15,1238397.67,1238395.15,1238397.67,6944825580
20210217,170000,1238397.71,1238397.93,1238357.42,1238357.42,20792343132
20210220,090000,1238357.42,1241485.34,1232759.15,1232759.98,91063051384
20210220,130000,1232759.86,1232761.37,1232759.86,1232761.36,9597209176
20210220,170000,1232761.45,1232761.46,1232716.1,1232716.1,9596754918
20210221,090000,1232716.1,1232716.1,1222664.4,1222664.4,33849401505
20210221,130000,1222658.22,1222658.98,1222658.22,1222658.98,2293281844
20210221,170000,1222614.25,1222614.25,1222614.25,1222614.25,1146390922
20210222,090000,1222614.25,1222614.25,1214500.42,1214500.42,43124126986
20210222,170000,1214482.68,1214482.68,1214482.68,1214482.68,1590353839
20210223,090000,1214482.68,1214482.68,1208661.19,1211763.49,93583131787
20210223,130000,1211763.55,1211766.84,1211763.55,1211766.84,58609882297
20210223,170000,1211767.16,1211767.16,1211642.84,1211642.84,11721123000
20210224,090000,1211642.84,1215882.23,1205727.87,1205727.87,96203699981
20210224,130000,1205761.42,1205798.55,1205761.42,1205798.55,16135376433
20210224,170000,1205798.54,1205832.36,1205798.54,1205832.36,6451519866
20210227,090000,1205832.36,1205832.36,1193976.26,1193976.3,53355155946
20210227,130000,1193976.32,1193977.72,1193976.32,1193977.72,12842451774
20210227,170000,1194009.89,1194009.89,1194009.89,1194009.89,1822227260
20210228,090000,1194009.89,1194009.89,1185405.6,1185408.23,34097086323
20210228,130000,1185408.24,1185597.45,1185408.24,1185597.45,10595942849
20210228,170000,1185597.5,1185603.68,1185597.5,1185603.68,8459474857
20210301,090000,1181342.77,1185603.68,1181215.39,1181393.46,90486368420
20210301,170000,1181659.41,1181659.41,1181641.2,1181641.2,6663982340
20210302,090000,1181641.2,1190736.57,1181641.2,1186286.43,136667487796
20210302,130000,1186287.01,1186355.12,1186242.16,1186332.8,168675849651
20210302,170000,1186333.19,1186333.71,1186277.26,1186277.26,62989339224
20210303,090000,1186277.26,1186277.26,1177952.83,1177975.92,76630117199
20210303,170000,1177916.88,1177916.88,1177916.88,1177916.88,2713168043
20210306,090000,1177916.88,1177916.88,1169742.88,1169743.76,59081069149
20210306,130000,1169743.9,1169760.86,1169743.9,1169760.86,13841308438
20210306,170000,1169724.27,1169724.27,1169724.27,1169724.27,1975399821
20210307,090000,1169724.27,1175587.63,1168097.17,1175584.57,134033568454
20210307,130000,1175584.66,1175585.67,1175584.66,1175585.67,17701147139
20210307,170000,1175586.41,1175595.79,1175586.41,1175595.79,17694665697
20210308,090000,1175595.79,1199940.37,1175595.79,1199940.37,179928726999
20210308,130000,1199939.35,1199944.9,1199938.24,1199944.9,20003319090
20210308,170000,1199888.4,1199888.4,1199888.4,1199888.4,6664175236
20210309,090000,1199888.4,1215728.1,1199888.4,1210156.39,166931065354
20210309,130000,1210155.02,1210155.02,1210148.79,1210148.97,72537260024
20210309,170000,1210146.66,1210146.66,1210146.66,1210146.66,6038212391
20210310,090000,1210146.66,1210146.66,1203990.58,1206781.46,74028197628
20210310,130000,1206782.12,1206782.52,1206782.12,1206782.21,22887609712
20210310,170000,1206878.02,1206878.02,1206878.02,1206878.02,2858107825
20210313,090000,1206878.02,1229432.05,1205955.87,1229432.05,140575012475
20210313,130000,1229432.06,1229473.03,1229432.06,1229473.03,152297112528
20210313,170000,1229480.23,1229484.86,1229377.18,1229377.18,98974336029
20210314,090000,1229377.18,1246067.29,1229377.18,1245140.06,201612474660
20210314,130000,1245140.08,1245140.08,1245140.07,1245140.07,15911484743
20210314,170000,1245186.04,1245186.04,1245186.04,1245186.04,7955737604
20210315,090000,1245186.04,1254252.28,1241419.28,1254252.28,128800574931
20210315,130000,1254252.27,1254252.27,1254251.92,1254251.92,11457568610
20210315,170000,1254251.95,1254251.95,1254212.96,1254212.96,11457376424
20210316,090000,1254212.96,1290522.06,1254212.96,1290522.06,170690080394
20210316,130000,1290522.36,1290522.94,1290518.64,1290518.64,27329998333
20210316,170000,1290474.49,1290474.49,1290474.49,1290474.49,6832208157
20210317,090000,1290474.49,1309868.37,1290474.49,1307657.36,138210676920
20210317,130000,1307657.37,1307657.37,1307657.37,1307657.37,5267263168
20210317,210000,1307657.69,1307707.13,1307657.69,1307707.13,15801375609
20210327,090000,1307707.13,1309795.16,1304336.56,1309555.78,157389257704
20210327,130000,1309549.17,1309589.08,1309540.66,1309573.07,180653484775
20210327,170000,1309573.46,1309573.5,1309561.63,1309561.63,42115994562
20210328,090000,1309561.63,1311181.47,1304526.44,1306859.3,120900577908
20210328,130000,1306859.29,1306859.29,1306859.27,1306859.27,12712349023
20210328,170000,1306887.75,1306887.75,1306887.75,1306887.75,4237448991
20210330,090000,1306887.75,1306887.75,1302855.32,1303089.12,92960662276
20210330,130000,1303089.23,1303089.23,1303089.23,1303089.23,3063023474
20210330,170000,1303193.71,1303193.71,1303193.71,1303193.71,3063023474
20210331,090000,1303193.71,1303193.71,1294543.32,1294543.7,69422466517
20210331,130000,1294543.72,1294543.72,1294521.64,1294521.64,4841290010
20210403,090000,1294521.64,1294521.64,1282872.51,1282874.08,41393435507
20210403,130000,1282874.09,1282874.09,1282874.01,1282874.01,2877292455
20210403,170000,1282948.74,1282948.74,1282948.74,1282948.74,1438577569
20210404,090000,1282948.74,1282948.74,1269534.03,1269534.03,21624463696
20210404,130000,1269533.76,1269533.76,1269533.76,1269533.76,833646502
20210404,170000,1269478.7,1269478.7,1269478.7,1269478.7,833646502
20210405,090000,1269478.7,1269478.7,1261355.84,1262745.41,75454424298
20210405,170000,1262735.3,1262735.3,1262735.3,1262735.3,2745085592
20210406,090000,1262735.3,1267137.31,1260800.34,1260800.52,89763747538
20210406,170000,1260785.7,1260785.7,1260785.7,1260785.7,2787025196
20210407,090000,1260785.7,1260785.7,1249896.27,1249896.32,29951389167
20210407,130000,1249896.31,1249910.38,1249896.25,1249910.38,10731527265
20210410,090000,1249910.38,1249910.38,1240758.12,1240758.14,17688067056
20210410,130000,1240758.45,1240759.09,1240758.45,1240759.09,1176793102
20210410,170000,1240696.71,1240696.71,1240696.71,1240696.71,588396551
20210411,090000,1240696.71,1240696.71,1230920.69,1230920.69,35352078306
20210411,130000,1230926.5,1230926.74,1230876.49,1230876.49,3965758755
20210412,090000,1230876.49,1230876.49,1225812.29,1226018.98,66477596351
20210412,130000,1226019.45,1226125.03,1226019.45,1226120.9,21707120845
20210412,170000,1226119.89,1226158.23,1226119.04,1226158.23,50578095513
20210413,090000,1226158.23,1245544.57,1226158.23,1244615.79,158807805171
20210413,130000,1244615.74,1244622.08,1244586.55,1244586.61,135934948921
20210413,170000,1244556.65,1244556.65,1244556.65,1244556.65,5631016817
20210414,090000,1244556.65,1245622.25,1243040.5,1243235.78,96235575009
20210414,130000,1243358.69,1243358.69,1243358.69,1243358.69,2980081548
20210417,090000,1243358.69,1243358.69,1233723.53,1233723.54,25418900493
20210417,130000,1233781.81,1233781.81,1233781.81,1233781.81,885610263
20210418,090000,1233781.81,1233781.81,1224778.21,1224778.21,17552284325
20210418,130000,1224795.26,1224795.26,1224795.26,1224795.26,629873549
20210419,090000,1224795.26,1224795.26,1216164.82,1216707.18,59470803735
20210419,130000,1216712.66,1216874.27,1216699.55,1216874.27,29651918825
20210420,090000,1216874.27,1220871.47,1216874.27,1219699.23,113479062790
20210420,130000,1219694.54,1219694.54,1219665.09,1219665.24,48689710630
20210420,170000,1219589.91,1219589.91,1219589.91,1219589.91,4424916507
20210421,090000,1219589.91,1219589.91,1207062.59,1207062.59,52440959144
20210421,130000,1207062.84,1207062.85,1207062.84,1207062.85,4022862246
20210421,170000,1207046.95,1207046.95,1207046.95,1207046.95,2011429984
20210424,090000,1207046.95,1207046.95,1199334.29,1199335.66,44189342773
20210424,130000,1199335.59,1199341.74,1199335.37,1199341.74,11952304659
20210425,090000,1199341.74,1199341.74,1187819.74,1187820.28,37480533876
20210425,170000,1187842.99,1187842.99,1187842.99,1187842.99,1216771556
20210426,090000,1187842.99,1187842.99,1184033.32,1186933.82,77682033427
20210426,130000,1186933.14,1186956.46,1186933.14,1186956.46,9170521094
20210427,090000,1186956.46,1203467.23,1186956.46,1202658.83,143040669519
20210427,130000,1202657.44,1202657.44,1202633.78,1202633.78,119672711142
20210427,170000,1202633.93,1202637.75,1202630.39,1202630.39,84716115939
20210428,090000,1202630.39,1210952.89,1202630.39,1207702.65,153007609938
20210428,130000,1207702.66,1207850.35,1207702.1,1207850.35,21748962121
20210501,090000,1207850.35,1208563.85,1194303.43,1194303.43,114463229114
20210501,130000,1194303.48,1194338.64,1194303.48,1194338.64,7403539498
20210502,090000,1194338.64,1194338.64,1180711.38,1180712.89,49863044678
20210502,130000,1180710.88,1180710.88,1180707.56,1180709.07,18389671500
20210502,170000,1180663.55,1180663.55,1180663.55,1180663.55,2041457656
20210503,090000,1180663.55,1180663.55,1167072.56,1167072.7,42559312887
20210503,170000,1167045.07,1167045.07,1167045.07,1167045.07,1589299529
20210505,090000,1167045.07,1172616.03,1167045.07,1172249.7,105665569922
20210505,130000,1172249.75,1172262.44,1172248.47,1172262.44,35767063437
20210508,090000,1172262.44,1176194.17,1167502.6,1167502.6,57103104822
20210508,130000,1167501.05,1167501.05,1167462.4,1167462.4,9481879709
20210509,090000,1167462.4,1167462.4,1151871.33,1151871.33,46485255817
20210509,130000,1151872.3,1151896.41,1151872.3,1151896.41,10210141266
20210510,090000,1151896.41,1157480.93,1149383.09,1157480.93,101601724049
20210510,130000,1157512.3,1157642.07,1157512.3,1157642.07,53669582764
20210510,170000,1157682.93,1157682.93,1157682.93,1157682.93,4471853076
20210511,090000,1157682.93,1179623.43,1157682.93,1179617.71,114786552363
20210511,130000,1179617.86,1179617.86,1179617.75,1179617.75,13485957621
20210511,170000,1179617.82,1179617.82,1179527.11,1179527.11,8990541256
20210512,090000,1179527.11,1190212.67,1179527.11,1183981.52,105382633696
20210512,130000,1183982.4,1184009.25,1183980.32,1183980.32,44114821608
20210512,170000,1184000.26,1184000.26,1184000.26,1184000.26,3672387461
20210515,090000,1184000.26,1192893.7,1181609.46,1189520.28,77468592054
20210515,130000,1189520.35,1189524.17,1189519.94,1189524.17,12169605213
20210515,170000,1189595.65,1189595.65,1189595.65,1189595.65,3040412416
20210516,090000,1189595.65,1192343.72,1188804.83,1188804.83,128308194398
20210516,130000,1188806.33,1188806.34,1188806.28,1188806.28,28609530141
20210516,170000,1188811.12,1188811.12,1188811.12,1188811.12,4768075442
20210517,090000,1188811.12,1188811.12,1174671.92,1174671.98,52747988658
20210517,130000,1174672.03,1174673.15,1174671.94,1174673.15,23260583681
20210517,170000,1174659.67,1174659.67,1174659.67,1174659.67,2108049435
20210518,090000,1174659.67,1177068.86,1172192.81,1173556.62,108180534758
20210518,130000,1173548.49,1173550.64,1173528.47,1173528.56,158801003466
20210518,170000,1173528.61,1173536.49,1173514.27,1173514.27,39668934950
20210519,090000,1173514.27,1173514.27,1154767.78,1154767.87,80422730390
20210519,170000,1154844.68,1154844.68,1154844.68,1154844.68,2837606733
20210522,090000,1154844.68,1154844.68,1127253.61,1127253.61,76969721821
20210522,130000,1127253.43,1127817.61,1127253.43,1127817.61,75537590910
20210522,170000,1127851.17,1128218.17,1127851.17,1128218.17,40934944380
20210523,090000,1128218.17,1128218.17,1107794.3,1107796.45,77648621350
20210523,130000,1107797.5,1107900.26,1107797.5,1107900.26,19214721171
20210523,170000,1107915.12,1107915.12,1107915.12,1107915.12,2736872962
20210524,090000,1107915.12,1107915.12,1095725.62,1095725.74,63780257789
20210524,130000,1095726.04,1095726.04,1095726.04,1095726.04,3100436104
20210524,170000,1095726.24,1095726.24,1095697.68,1095697.68,6200721592
20210525,090000,1095697.68,1105858.31,1095697.68,1105444.76,93111250279
20210525,130000,1105445.55,1105445.96,1105445.55,1105445.96,15319903366
20210525,170000,1105454.24,1105454.24,1105454.24,1105454.24,3828842175
20210526,090000,1105454.24,1110561.87,1105454.24,1109370.13,80531008040
20210526,130000,1109370.51,1109370.51,1109369.59,1109369.59,15944992412
20210526,170000,1109348.76,1109348.76,1109348.76,1109348.76,3187572389
20210529,090000,1109348.76,1139623.51,1109348.76,1139479.44,155462178130
20210529,130000,1139480.93,1139480.93,1139480.93,1139480.93,5192026986
20210529,170000,1139534.85,1139534.85,1139534.85,1139534.85,5192026986
20210530,090000,1139534.85,1163570.86,1139534.85,1156913.01,176695896949
20210530,130000,1156912.92,1156912.92,1156891.54,1156891.54,19634135604
20210530,170000,1156933.83,1156933.83,1156933.83,1156933.83,6544526193
20210531,090000,1156933.83,1156933.83,1145970.56,1145970.6,112072769906
20210531,130000,1145970.69,1145970.69,1145970.69,1145970.69,4231361800
20210531,170000,1145930.02,1145930.02,1145930.02,1145930.02,4231361800
20210601,090000,1145930.02,1147493.36,1140491.83,1140497.46,96005415328
20210601,130000,1140497.64,1140497.64,1140497.64,1140497.64,3867028257
20210601,170000,1140475.38,1140475.38,1140475.38,1140475.38,3867028257
20210602,090000,1140475.38,1148665.87,1140475.38,1148665.87,98980374352
20210602,130000,1148665.98,1148666.14,1148642.74,1148642.74,17393334402
20210607,090000,1148642.74,1157245.42,1148642.74,1157228.84,126470311114
20210607,170000,1157205.37,1157205.37,1157205.37,1157205.37,4346687369
20210608,090000,1157205.37,1166728.33,1157205.37,1160569.05,179606639367
20210608,130000,1160568.52,1160568.52,1160568.48,1160568.48,14448019920
20210608,170000,1160665.56,1160665.56,1160665.56,1160665.56,7224006707
20210609,090000,1160665.56,1160665.56,1151840.83,1151841.88,152909724553
20210609,170000,1151846.26,1151846.26,1151846.26,1151846.26,5282897554
20210612,090000,1151846.26,1152363.1,1144872.87,1144872.87,96118717974
20210612,130000,1144872.97,1144873.01,1144872.97,1144873.01,8772213249
20210612,170000,1144954.99,1144954.99,1144954.99,1144954.99,4386097640
20210613,090000,1144954.99,1144954.99,1140558.58,1141291.6,115045385867
20210613,130000,1141290.14,1141290.16,1141290.14,1141290.16,12870090581
20210613,170000,1141225.85,1141225.85,1141225.85,1141225.85,4285498371
20210614,090000,1141225.85,1150217.22,1141225.85,1150215.87,149079443432
20210614,130000,1150215.9,1150215.9,1150215.11,1150215.11,21168260440
20210614,170000,1150203.56,1150203.56,1150203.56,1150203.56,5291759110
20210615,090000,1150203.56,1155211.06,1150159.04,1150159.21,151903043607
20210615,130000,1150159.23,1150159.23,1150159.23,1150159.23,6211631825
20210615,170000,1150129.24,1150129.24,1150129.24,1150129.24,6211631825
20210616,090000,1150129.24,1150129.24,1147669.32,1147669.32,122746011506
20210616,130000,1147669.33,1147669.33,1147669.33,1147669.33,4460517852
20210616,170000,1147675.01,1147675.01,1147675.01,1147675.01,4460515642
20210619,090000,1147675.01,1161985.13,1147675.01,1161985.13,124749451570
20210619,130000,1161985.1,1161985.1,1161985.1,1161985.1,4944265104
20210619,170000,1162031.98,1162031.98,1162031.98,1162031.98,4944265104
20210620,090000,1162031.98,1169048.75,1162031.98,1163721.81,154565090926
20210620,130000,1163723.32,1163723.32,1163716.02,1163716.06,34244415574
20210620,170000,1163756.96,1163756.96,1163756.96,1163756.96,5702591827
20210621,090000,1163756.96,1168589.47,1160916.34,1168589.47,159651185833
20210621,130000,1168594.09,1168594.12,1168590.43,1168592.65,48018771563
20210621,170000,1168664.67,1168664.67,1168664.67,1168664.67,6855160451
20210622,090000,1168664.67,1186895.35,1168664.67,1186895.1,191182466114
20210622,130000,1186897.25,1186906.03,1186897.25,1186905.54,48463021586
20210622,170000,1186921.47,1186921.47,1186921.47,1186921.47,6922063457
20210623,090000,1186962.52,1213015.36,1186962.52,1213015.22,217625560570
20210623,130000,1213015.12,1213022.83,1213015.12,1213022.83,26758129047
20210623,170000,1213022.8,1213054.57,1213022.8,1213054.57,17838253086
20210626,090000,1213054.57,1236400.28,1213054.57,1233783.22,193667567515
20210626,130000,1233783.13,1233783.13,1233783.13,1233783.13,7294613149
20210626,170000,1233783.1,1233783.1,1233738.14,1233738.14,14588386538
20210627,090000,1233738.14,1240639.41,1230470.09,1238485.87,227212794920
20210627,130000,1238485.81,1238485.81,1238485.75,1238485.75,15923643594
20210627,170000,1238485.77,1238487.22,1238485.76,1238487.22,23874934872
20210628,090000,1238487.22,1243748.4,1236474.69,1243748.37,201987402684
20210628,130000,1243747.89,1243747.93,1243747.89,1243747.93,15455076383
20210628,170000,1243747.92,1243812.28,1243747.92,1243812.28,23180800183
20210629,090000,1243812.28,1250977.62,1243812.28,1248539.91,166140270996
20210629,130000,1248540.47,1248540.47,1248540.47,1248540.47,6460210476
20210629,170000,1248540.46,1248540.46,1248516.5,1248516.5,12920320952
20210630,090000,1248516.5,1256921.18,1248103.1,1256921.08,157809869644
20210630,130000,1256959.97,1256960.19,1256959.97,1256960.19,12308724260
20210630,170000,1256960.16,1256978.21,1256960.15,1256978.21,18460639074
20210703,090000,1256978.21,1258909.05,1246051.02,1246055.35,160242126601
20210703,130000,1246055.39,1246055.39,1246055.39,1246055.39,6308319007
20210703,170000,1246111.87,1246111.87,1246111.87,1246111.87,6308319007
20210704,090000,1246111.87,1246111.87,1237550.02,1243792.68,146153525344
20210704,130000,1243792.69,1243792.69,1243751.86,1243751.86,74613282546
20210704,170000,1243751.85,1243751.85,1243719.06,1243719.06,10658816044
20210705,090000,1243719.06,1254612.84,1243719.06,1254612.56,132897635875
20210705,130000,1254612.46,1254612.46,1254612.46,1254612.46,5791965079
20210705,170000,1254561.75,1254561.75,1254561.75,1254561.75,5791965079
20210706,090000,1254561.75,1281276.81,1254561.75,1281130.47,180753557194
20210706,170000,1281187.01,1281187.01,1281187.01,1281187.01,6464619858
20210707,090000,1281187.01,1284736.31,1281187.01,1282018.92,146584524657
20210707,130000,1282018.47,1282018.47,1282018.47,1282018.47,5660929704
20210707,170000,1282018.52,1282036.1,1282018.52,1282036.1,16982567376
20210710,090000,1282036.1,1282036.1,1270700.56,1270729.66,135494291293
20210710,130000,1270729.58,1270729.58,1270727.41,1270727.41,10553163930
20210710,170000,1270744.26,1270744.26,1270744.26,1270744.26,5276527515
20210711,090000,1270744.26,1285285.16,1270577.11,1285282.95,166940300453
20210711,130000,1285283,1285283,1285282.8,1285282.91,60694710532
20210711,170000,1285282.88,1285282.88,1285256.4,1285256.4,13487587764
20210712,090000,1285256.4,1307753.55,1285256.4,1304331.61,167594657459
20210712,130000,1304332.7,1304332.9,1304332.7,1304332.9,13330578580
20210712,170000,1304333.24,1304336.3,1304333.24,1304336.3,19994568807
20210713,090000,1304336.3,1309317.24,1302447.18,1303921.33,162262996560
20210713,130000,1303921.48,1303921.48,1303921.42,1303921.42,13353819960
20210713,170000,1303921.43,1303921.43,1303890.14,1303890.14,13353801566
20210714,090000,1303890.14,1305543.3,1300773.89,1305543.3,151980866089
20210714,130000,1305540.7,1305540.7,1305490.69,1305490.69,44500551924
20210714,170000,1305491.04,1305495.49,1305491.04,1305495.49,12711540536
20210717,090000,1305495.49,1317930.04,1305495.49,1311220.36,190072247378
20210717,170000,1311220.46,1311241.03,1311220.46,1311241.03,15062528394
20210718,090000,1311241.03,1311241.03,1300972.66,1302914.42,172714839105
20210718,130000,1302914.38,1302916.36,1302914.2,1302916.36,27130156263
20210718,170000,1302857.22,1302857.22,1302857.22,1302857.22,6782169555
20210719,090000,1302857.22,1311277.53,1302857.22,1311277.53,117921220381
20210719,130000,1311277.52,1311277.52,1311277.52,1311277.52,4378480302
20210719,170000,1311277.53,1311306.02,1311277.53,1311306.02,8756636888
20210726,090000,1311306.02,1323640.99,1311306.02,1323420.04,92554133030
20210726,130000,1323419.9,1323419.9,1323390.25,1323391.36,52191036516
20210726,170000,1323391.37,1323391.37,1323354.64,1323354.64,12046817142
20210727,090000,1323354.64,1329378.44,1314927.79,1314953.07,136892144643
20210727,130000,1314953.19,1314953.23,1314953.19,1314953.23,9817519928
20210727,170000,1314953.57,1314953.59,1314909.08,1314909.08,14725527086
20210728,090000,1314909.08,1320886.66,1314909.08,1316516.34,134254574890
20210728,130000,1316516.39,1316516.39,1316516.39,1316516.39,5442088670
20210728,170000,1316504.55,1316504.55,1316504.55,1316504.55,5442088670
20210731,090000,1316504.55,1351467.52,1316504.55,1351467.52,162344375058
20210731,170000,1351467.5,1351500.09,1351467.5,1351500.09,13436506034
20210801,090000,1351500.09,1361737.15,1351500.09,1360285.6,163161095261
20210801,130000,1360281.63,1360281.63,1360281.15,1360281.15,18603409064
20210801,170000,1360246.56,1360246.56,1360246.56,1360246.56,6201045110
20210802,090000,1360246.56,1361248.34,1357734.15,1357899.29,168846450159
20210802,130000,1357899.28,1357969.26,1357899.28,1357969.26,45824936053
20210802,170000,1357969.24,1357969.24,1357895.2,1357895.2,11443318196
20210803,090000,1357895.2,1375612.27,1357895.2,1375612.27,172470854389
20210803,170000,1375612.46,1375647.18,1375612.46,1375647.18,12844073742
20210804,090000,1375647.18,1406063.74,1375647.18,1406060.84,180063952767
20210804,130000,1406060.61,1406060.61,1406058.08,1406058.08,72961631473
20210804,170000,1406058,1406058,1406040.27,1406040.27,14589200580
20210807,090000,1406040.27,1417748.2,1406040.27,1407758.8,188698036467
20210807,130000,1407758.89,1407758.89,1407758.79,1407758.79,13932143067
20210807,170000,1407758.8,1407762.24,1407758.8,1407762.24,20878607559
20210808,090000,1407762.24,1418854.5,1407335.97,1417862.88,149741291321
20210808,130000,1417862.89,1417862.89,1417862.89,1417862.89,5935254112
20210808,170000,1417862.88,1417863.03,1417861.94,1417861.94,23740307065
20210809,090000,1417861.94,1433179.83,1417861.94,1433175.79,221134140260
20210809,130000,1433175.77,1433175.77,1433175.77,1433175.77,8109835907
20210809,170000,1433175.79,1433201.72,1433175.79,1433201.72,24329254611
20210810,090000,1433201.72,1453796.64,1433201.72,1453796.64,198956118335
20210810,130000,1453796.63,1453796.72,1453796.63,1453796.72,24488312757
20210810,170000,1453797.01,1453811.67,1453797.01,1453811.67,24487657203
20210811,090000,1453811.67,1484590.22,1453811.67,1484590.22,243840880551
20210811,130000,1484590.21,1484590.21,1484589.92,1484589.92,35937084359
20210811,170000,1484589.9,1484627.28,1484589.9,1484627.28,17963655816
20210814,090000,1484627.28,1490393.82,1477578.09,1480830.09,318191190242
20210814,130000,1480830.16,1480830.16,1480829.73,1480829.89,81924380831
20210814,170000,1480830.06,1480830.06,1480829.85,1480829.85,140436959080
20210814,210000,1480803.6,1480803.6,1480803.6,1480803.6,11703148905
20210815,090000,1480803.6,1500000.17,1480803.6,1500000.17,216076724909
20210815,130000,1500000.11,1500000.19,1500000.09,1500000.09,62034062422
20210815,170000,1499923.42,1499923.42,1499923.42,1499923.42,8861705823
20210822,090000,1499923.42,1518698.16,1499923.42,1515479.82,282080101690
20210822,130000,1515482.68,1515482.8,1515482.68,1515482.8,22704967752
20210822,170000,1515482.79,1515548.58,1515482.72,1515548.58,34042435140
20210823,090000,1515548.58,1517108.83,1508597.08,1515886.18,256566981541
20210823,130000,1515886.5,1515886.5,1515886.5,1515886.5,10269652475
20210823,170000,1515886.48,1515923.54,1515886.48,1515923.54,20539298498
20210824,090000,1515923.54,1543476.12,1515923.54,1543476.06,245920261874
20210824,130000,1543475.92,1543476.38,1543475.92,1543476.38,19473882864
20210824,170000,1543476.42,1543476.42,1543448.26,1543448.26,19473540834
20210825,090000,1543448.26,1550120.33,1540463.53,1550120.33,251587750674
20210825,130000,1550120.38,1550120.44,1550120.38,1550120.44,21159445958
20210825,170000,1550120.88,1550208.38,1550120.87,1550208.38,21159250196
20210828,090000,1550208.38,1575763.49,1550208.38,1575763.49,265755193533
20210828,130000,1575763.52,1575763.52,1575763.5,1575763.5,20621734944
20210828,170000,1575763.45,1575763.46,1575761.97,1575761.97,20621663502
20210829,090000,1575761.97,1585706.23,1572325.87,1573406.88,337973010361
20210829,130000,1573406.85,1573406.85,1573406.85,1573406.85,14455559064
20210829,170000,1573407.24,1573407.61,1573406.5,1573406.5,57821052772
20210830,090000,1573406.5,1573406.5,1523997.07,1523997.07,322451680701
20210830,130000,1523997.19,1523997.19,1523997.1,1523997.1,22457629838
20210830,170000,1523997.12,1523997.12,1523969.59,1523969.59,22455925396
20210831,090000,1523969.59,1523969.59,1477721.31,1496158.98,338472685989
20210831,130000,1496158.65,1496158.92,1496158.65,1496158.92,25665101298
20210831,170000,1496158.98,1496158.98,1496150.82,1496150.82,89826759183
20210901,090000,1496150.82,1520687.29,1496150.82,1520687.29,208336819405
20210901,130000,1520687.64,1520687.64,1520687.64,1520687.64,8564175128
20210901,170000,1520627.06,1520627.06,1520627.06,1520627.06,0
20210904,090000,1520627.06,1545408.17,1520627.06,1541054.79,253573523233
20210904,130000,1541048.6,1541048.6,1541048.6,1541048.6,9349374326
20210904,170000,1541048.79,1541051.75,1541048.79,1541051.75,46746058078
20210905,090000,1541051.75,1541051.75,1531562.44,1537270.97,227775987196
20210905,130000,1537271.07,1537271.07,1537270.75,1537270.76,44863826829
20210905,170000,1537192.91,1537192.91,1537192.91,1537192.91,8972644632
20210906,090000,1537192.91,1545127.52,1537192.91,1538506.24,234547886920
20210906,130000,1538504.43,1538504.43,1538503.36,1538503.36,19170857946
20210906,170000,1538503.35,1538503.35,1538484.49,1538484.49,19170792612
20210907,090000,1538484.49,1538484.49,1523081.13,1523081.13,190315198159
20210907,130000,1523081.21,1523086.66,1523081.21,1523086.66,24269134883
20210907,170000,1523059.92,1523059.92,1523059.92,1523059.92,8089466398
20210908,090000,1523059.92,1526507.41,1523059.92,1526009,147370488179
20210908,130000,1526009.22,1526009.25,1526009.22,1526009.25,12568094383
20210908,170000,1526009.05,1526009.05,1526008.32,1526008.32,12567949854
20210911,090000,1526008.32,1538624.38,1526008.32,1530519.82,158059150714
20210911,130000,1530517.8,1530517.8,1530515.32,1530515.32,26080177190
20210911,170000,1530515.22,1530515.22,1530461.77,1530461.77,26079429428
20210912,090000,1530461.77,1530461.77,1489390.73,1489995.09,149282484728
20210912,130000,1489994.88,1489994.88,1489994.88,1489994.88,5880156936
20210912,170000,1489994.89,1489994.9,1489983.34,1489983.34,17640327804
20210913,090000,1489983.34,1490149.25,1473360.35,1475273.84,172298788131
20210913,130000,1475273.91,1475274.17,1475273.91,1475274.08,27105500789
20210913,170000,1475274.07,1475274.08,1475224.93,1475224.93,20328746334
20210914,090000,1475224.93,1497452.4,1475224.93,1496955.1,138419490041
20210914,170000,1496955.09,1496962.68,1496954.89,1496962.68,23357189888
20210915,090000,1496962.68,1497374.64,1488297.14,1488297.14,129934504125
20210915,130000,1488297.16,1488297.2,1488291.73,1488291.73,21792695779
20210915,170000,1488291.72,1488291.72,1488212.73,1488212.73,10891797762
20210918,090000,1488212.73,1489160.83,1450221.18,1450221.31,169930190109
20210918,170000,1450221.29,1450225.39,1450221.29,1450225.39,11620425542
20210919,090000,1450225.39,1450225.39,1420483.11,1420484.19,151971544873
20210919,130000,1420484.47,1420484.51,1420484.47,1420484.51,12158493879
20210919,170000,1420484.53,1420484.53,1420479,1420479,12158393530
20210920,090000,1420479,1429441.61,1420479,1427758.29,117410857900
20210920,130000,1427758.14,1427758.23,1427758.14,1427758.23,15296182546
20210920,170000,1427758.28,1427758.28,1427758.28,1427758.28,5098571373
20210920,210000,1427773.21,1427773.21,1427773.21,1427773.21,5098571373
20210921,090000,1427773.21,1427876.52,1391238.19,1391238.19,149372068957
20210921,130000,1391234.3,1391234.3,1391216.72,1391219.54,52327803973
20210921,170000,1391219.64,1391236.08,1391219.64,1391236.08,11617557318
20210922,090000,1391236.08,1393861.01,1379753.71,1386401.37,152675765109
20210922,130000,1386400.82,1386466.19,1386397.15,1386466.19,77428865127
20210922,170000,1386466.31,1386466.32,1386450.97,1386450.97,19329257315
20210925,090000,1386450.97,1422108.86,1386450.97,1422104.75,144521352698
20210925,170000,1422118.46,1422118.46,1422118.46,1422118.46,5747555915
20210926,090000,1422118.46,1429251.77,1422118.46,1424719.42,109590991623
20210926,170000,1424732.27,1424732.27,1424732.27,1424732.27,4652684048
20210928,090000,1424732.27,1431906.81,1424732.27,1425464.36,116184216080
20210928,130000,1425464.35,1425464.35,1425440.13,1425440.78,48230915974
20210928,170000,1425440.79,1425447.4,1425440.79,1425447.4,9645123698
20210929,090000,1425447.4,1437033.29,1425447.4,1437024.51,117857275788
20210929,130000,1437021.57,1437021.57,1437021.45,1437021.46,15001760293
20210929,170000,1436984.25,1436984.25,1436984.25,1436984.25,5000518771
20211002,090000,1436984.25,1473482.8,1436984.25,1473482.8,143506027253
20211002,130000,1473480.13,1473480.13,1473480.13,1473480.13,5994461191
20211002,170000,1473476.04,1473476.04,1473476.04,1473476.04,5994461140
20211003,090000,1473476.04,1481308.66,1473476.04,1476689.18,146159665197
20211003,130000,1476689.2,1476689.26,1476689.2,1476689.26,14111527597
20211003,170000,1476680.34,1476680.34,1476680.34,1476680.34,7055630221
20211004,090000,1476680.34,1485157.25,1476680.34,1484716.85,118501632954
20211004,130000,1484715.84,1484725.74,1484662.59,1484662.69,114454493891
20211004,170000,1484652.8,1484652.8,1484652.8,1484652.8,4975824181
20211006,090000,1484652.8,1489296.22,1484652.8,1488292.97,119960926366
20211006,130000,1488293.57,1488300.59,1488293.57,1488300.57,20560682885
20211006,170000,1488264.53,1488264.53,1488264.53,1488264.53,5140158335
20211009,090000,1488264.53,1488765.05,1465983.33,1465983.33,123545148343
20211009,130000,1465983.34,1466031.42,1465983.34,1466031.42,10190432094
20211010,090000,1466031.42,1466031.42,1453230.37,1455610.87,97511937963
20211010,130000,1455610.91,1455611.14,1455610.64,1455610.93,25113947014
20211010,170000,1455612,1455612,1455612,1455612,4185293066
20211011,090000,1455612,1461135.59,1455612,1457480.78,82547390934
20211011,130000,1457480.69,1457480.74,1457480.46,1457480.53,18945434083
20211011,170000,1457493.63,1457493.63,1457493.63,1457493.63,3788688478
20211012,090000,1457493.63,1457493.63,1418721.58,1418721.58,131488485893
20211012,130000,1418721.6,1418721.6,1418721.12,1418721.12,10237962890
20211012,170000,1418683.01,1418683.01,1418683.01,1418683.01,5118731445
20211013,090000,1418683.01,1418683.01,1397262.61,1397446.31,121447511116
20211013,130000,1397446.38,1397446.4,1397446.38,1397446.4,9772175236
20211013,170000,1397386.13,1397386.13,1397386.13,1397386.13,4886080618
20211016,090000,1397386.13,1437446.93,1397386.13,1437445.41,122490412004
20211016,130000,1437445.36,1437445.37,1437445.36,1437445.37,8784215951
20211016,170000,1437465.49,1437465.49,1437465.49,1437465.49,4392107216
20211017,090000,1437465.49,1445100.03,1436067.06,1436067.06,126845664182
20211017,130000,1436067.1,1436067.1,1436057.71,1436062.02,64189048200
20211017,170000,1436109.93,1436109.93,1436109.93,1436109.93,4930419154
20211018,090000,1436109.93,1436963.26,1430259.65,1436963.26,105886186368
20211018,130000,1436963.32,1436964.27,1436963.32,1436964.09,43205385217
20211018,170000,1436964.07,1436964.13,1436916.77,1436916.77,19194156920
20211019,090000,1436916.77,1449654.44,1436916.77,1449470.3,96920031785
20211019,130000,1449470.09,1449471.67,1449470.09,1449471.6,18041969209
20211019,170000,1449496.94,1449496.94,1449496.94,1449496.94,4510391243
20211020,090000,1449496.94,1449538.75,1436371.04,1436372.05,81392392391
20211020,130000,1436371.82,1436371.82,1436371.54,1436371.54,11132980670
20211020,170000,1436357.1,1436357.1,1436357.1,1436357.1,3710883861
20211023,090000,1436357.1,1436357.1,1407667.77,1407668.12,120175963234
20211023,130000,1407668.11,1407751.29,1407668.11,1407751.25,44371513691
20211023,170000,1407757.99,1407757.99,1407757.99,1407757.99,4435812722
20211025,090000,1407757.99,1407757.99,1384118.19,1384118.19,110959616500
20211025,130000,1384111.09,1384111.26,1384109.33,1384111.26,27077841809
20211025,170000,1384111.21,1384133.53,1384111.21,1384133.53,9023198432
20211026,090000,1384133.53,1384910.9,1381628.46,1384469.21,103542241400
20211026,130000,1384469.74,1384473.21,1384468.68,1384469.27,20689042507
20211026,170000,1384469.6,1384469.6,1384452.16,1384452.16,8272033368
20211027,090000,1384452.16,1393953.29,1384452.16,1393951.63,92939832701
20211027,130000,1393951.66,1393951.66,1393918.24,1393927.47,60199498707
20211027,170000,1393927.22,1393960.75,1393925.17,1393960.75,30018774475
20211030,090000,1393960.75,1394777.34,1375734.2,1375734.2,99069076488
20211030,130000,1375734.24,1375734.77,1375720.28,1375720.3,54844899928
20211030,170000,1375669.16,1375669.16,1375669.16,1375669.16,4569374233
20211031,090000,1375669.16,1375669.16,1340319.32,1340319.32,127460250302
20211031,130000,1340316.92,1340319.3,1340316.04,1340319.3,21051715550
20211031,170000,1340290.83,1340290.83,1340290.83,1340290.83,5262862323
20211101,090000,1340290.83,1361406.26,1340290.83,1361406.26,99783518736
20211101,130000,1361406.27,1361406.27,1361399.97,1361402.8,28868705837
20211101,170000,1361402.9,1361414.79,1361402.9,1361414.79,7210725432
20211102,090000,1361414.79,1376081.2,1361414.79,1376081.18,102685318373
20211102,130000,1376079.76,1376095.25,1376072.59,1376094.41,42705485143
20211102,170000,1376091.88,1376091.88,1376091.88,1376091.88,3557859988
20211103,090000,1376091.88,1398445.49,1376091.88,1398445.49,119278443300
20211103,130000,1398445.45,1398445.45,1398440.99,1398440.99,21898873709
20211103,170000,1398416.46,1398416.46,1398416.46,1398416.46,4379613288
20211106,090000,1398416.46,1440638.24,1398416.46,1440637.82,81599923441
20211106,130000,1440637.5,1440637.5,1440637.42,1440637.42,10296804888
20211106,170000,1440651.49,1440651.49,1440651.49,1440651.49,3432246848
20211107,090000,1440651.49,1442956.04,1430961.25,1430961.25,241443152873
20211107,130000,1430961.51,1430961.61,1430959.9,1430959.9,51719264367
20211107,170000,1430892.18,1430892.18,1430892.18,1430892.18,10343729241
20211108,090000,1430892.18,1435553.03,1426742.62,1434392.48,214440189365
20211108,130000,1434392.49,1434392.78,1434392.49,1434392.55,24840333833
20211108,170000,1434392.54,1434392.54,1434378.87,1434378.87,16559959578
20211109,090000,1434378.87,1449268.66,1434378.87,1447676.63,198228606594
20211109,130000,1447676.64,1447676.64,1447655.98,1447655.98,44350872576
20211109,170000,1447674.77,1447674.77,1447674.77,1447674.77,7391292653
20211110,090000,1447674.77,1456530.56,1447674.77,1456528.48,123229007821
20211110,130000,1456528.86,1456528.86,1456522.91,1456522.92,35992251199
20211110,170000,1456479.93,1456479.93,1456479.93,1456479.93,5140830227
20211113,090000,1456479.93,1456479.93,1439177.85,1439178.04,110325907786
20211113,130000,1439177.9,1439177.9,1439177.47,1439177.71,12852129835
20211113,170000,1439244.35,1439244.35,1439244.35,1439244.35,4284024773
20211114,090000,1439244.35,1446555,1439244.35,1442586.8,129307489794
20211114,130000,1442586.69,1442588.14,1442586.69,1442588.14,20029836404
20211114,170000,1442515.73,1442515.73,1442515.73,1442515.73,5007389134
20211115,090000,1442515.73,1442515.73,1416340.88,1416340.88,109969727466
20211115,130000,1416342.16,1416342.16,1416339.53,1416339.6,13411736142
20211115,170000,1416298.72,1416298.72,1416298.72,1416298.72,4470305876
20211116,090000,1416298.72,1416298.72,1408582.75,1408582.81,94345603318
20211116,130000,1408582.8,1408582.8,1408582.53,1408582.53,89667838451
20211116,170000,1408582.52,1408595.65,1408582.52,1408595.65,6835365724
20211117,090000,1408595.65,1413648.39,1408595.65,1410750.18,100425272769
20211117,130000,1410750.34,1410777.78,1410750.33,1410777.78,19829777958
20211117,170000,1410778.55,1410778.55,1410778.55,1410778.55,3965821885
20211120,090000,1410778.55,1411565.56,1383485.12,1383485.17,115178524011
20211120,170000,1383491.85,1383491.85,1383491.85,1383491.85,4180078461
20211121,090000,1383491.85,1386972.4,1381661.66,1386972.4,105242338965
20211121,130000,1386972.98,1386973.32,1386972.98,1386973.32,13673453741
20211121,170000,1386935.29,1386935.29,1386935.29,1386935.29,4557787721
20211122,090000,1386935.29,1407763.28,1386935.29,1407127.58,107003413542
20211122,130000,1407127.28,1407127.28,1407127.12,1407127.21,18771110207
20211122,170000,1407132.92,1407132.92,1407132.92,1407132.92,4692745831
20211123,090000,1407132.92,1408723.87,1403673.85,1404611.57,81247332460
20211123,130000,1404611.59,1404611.74,1404611.59,1404611.73,10384915937
20211123,210000,1404551.66,1404551.66,1404551.66,1404551.66,3461638431
20211124,090000,1404551.66,1404551.66,1394105.34,1394105.34,83367826091
20211124,130000,1394105.21,1394105.21,1394095.45,1394095.45,23747219089
20211124,170000,1394105.72,1394105.72,1394105.72,1394105.72,3957085453
20211127,090000,1394105.72,1394105.72,1366662.33,1366664.21,98390069112
20211127,130000,1366664.28,1366664.28,1366664.28,1366664.28,3697871287
20211127,170000,1366664.29,1366713.91,1366664.29,1366713.91,11093608575
20211128,090000,1366713.91,1369902.93,1366713.91,1368030.03,85945533737
20211128,130000,1368030.14,1368030.35,1368013.45,1368013.45,28630983434
20211128,170000,1368005.19,1368005.19,1368005.19,1368005.19,3179889290
20211129,090000,1368005.19,1369976.25,1363820.15,1363821.83,65105619913
20211129,130000,1363840.42,1363840.42,1363840.42,1363840.42,2695389389
20211129,170000,1363939.01,1363939.01,1363939.01,1363939.01,2695389389
20211130,090000,1363939.01,1363939.01,1357092.36,1357092.8,78807052518
20211130,130000,1357092.77,1357094.13,1357092.77,1357093.24,13035220137
20211130,170000,1357128.91,1357128.91,1357128.91,1357128.91,3258521386
20211201,090000,1357128.91,1357128.91,1340118.2,1340120.68,86640806635
20211201,130000,1340120.69,1340120.85,1340120.69,1340120.85,6732636185
20211201,170000,1340071.91,1340071.91,1340071.91,1340071.91,3366264597
20211204,090000,1340071.91,1342698.36,1333869.09,1334734.89,75419454353
20211204,130000,1334734.94,1334734.94,1334734.94,1334734.94,3223998062
20211204,170000,1334765.92,1334765.92,1334765.92,1334765.92,3223998062
20211205,090000,1334765.92,1343252.74,1334765.92,1343252.74,73573624396
20211205,170000,1343202.66,1343202.66,1343202.66,1343202.66,2778352452
20211206,090000,1343202.66,1345577.49,1342290.99,1342337.17,63367095353
20211206,130000,1342336.83,1342336.83,1342336.83,1342336.83,2756144049
20211206,170000,1342342.17,1342353.56,1342342.17,1342353.56,8266330147
20211207,090000,1342353.56,1342353.56,1337519.68,1337617.05,52289585591
20211207,130000,1337617.07,1338003.75,1337617,1337987.62,70351006489
20211207,170000,1338016.01,1338016.01,1338016.01,1338016.01,2343601361
20211208,090000,1338016.01,1349365.55,1338016.01,1349365.55,73306307431
20211208,130000,1349365.07,1349365.07,1349364.87,1349364.87,8076110269
20211208,170000,1349364.86,1349389.26,1349364.86,1349389.26,8075796104
20211211,090000,1349389.26,1350445.77,1344447.39,1344447.39,119313026354
20211211,130000,1344447.5,1344447.74,1344447.5,1344447.74,9602701994
20211211,170000,1344441.58,1344441.58,1344441.58,1344441.58,4801350997
20211212,090000,1323735.44,1344441.58,1320710.42,1323990.36,102809006368
20211212,130000,1320720.63,1320761.62,1320720.63,1320761.6,15247213160
20211212,170000,1320776.73,1320776.73,1320776.73,1320776.73,3811803290
20211213,090000,1320776.73,1320776.73,1295526.83,1295526.84,110498772180
20211213,130000,1295526.85,1295526.85,1295526.85,1295526.85,4333878064
20211213,170000,1295550.11,1295550.11,1295550.11,1295550.11,4333878064
20211214,090000,1295550.11,1295550.11,1288813.37,1291798.48,113056287803
20211214,130000,1291798.31,1291798.45,1291798.31,1291798.45,11859188805
20211214,170000,1291839.41,1291839.41,1291839.41,1291839.41,3951692553
20211215,090000,1291839.41,1296375.48,1291839.41,1293216.54,83836741912
20211215,130000,1293217.15,1293217.15,1293213.11,1293213.15,11004489662
20211215,170000,1293213.14,1293237.91,1293213.14,1293237.91,7335553744
20211218,090000,1293237.91,1305574.49,1293237.91,1305574.32,109609077361
20211218,130000,1305574.92,1305574.92,1305574.92,1305574.92,3998076546
20211218,170000,1305575.47,1305576.92,1305535.47,1305535.47,15990647191
20211219,090000,1305535.47,1306185.95,1291662.76,1291665.65,92617287097
20211219,130000,1291665.48,1291665.48,1291665.48,1291665.48,3514799025
20211219,170000,1291675.77,1291675.77,1291675.77,1291675.77,3514779588
20211220,090000,1291675.77,1301516.81,1291675.77,1301516.81,101129300324
20211220,170000,1301542.25,1301542.25,1301542.25,1301542.25,3795874634
20211221,090000,1301542.25,1318467.69,1301542.25,1318467.29,79673156647
20211221,170000,1318359.67,1318359.67,1318359.67,1318359.67,3377664553
20211222,090000,1318359.67,1359012.48,1318359.67,1359012.48,117934379608
20211222,130000,1359012.16,1359012.16,1359011.16,1359011.16,8770668429
20211222,170000,1359010.96,1359024.49,1359010.96,1359024.49,8770323872
20211225,090000,1359024.49,1387121.44,1359024.49,1385535.69,172390471361
20211225,130000,1385531.55,1385531.55,1385528.49,1385528.49,11997717222
20211225,170000,1385504.62,1385504.62,1385504.62,1385504.62,5998858611
20211226,090000,1385504.62,1385504.62,1379163.42,1384015.12,117986964910
20211226,170000,1384015.15,1384015.15,1383987.9,1383987.9,9174888972
20211227,090000,1383987.9,1401259.99,1383987.9,1400289.86,145042918780
20211227,130000,1400290.5,1400290.5,1400290.5,1400290.5,5415617067
20211227,170000,1400314.63,1400314.63,1400314.63,1400314.63,5415616618
20211228,090000,1400314.63,1400314.63,1397100.97,1399889.71,115143975715
20211228,170000,1399888.86,1399910.85,1399888.86,1399910.85,8997814846
20211229,090000,1399910.85,1400980.09,1397353.84,1397357.71,130816286816
20211229,170000,1397357.69,1397357.69,1397311.44,1397311.44,16136037306
20220101,090000,1397311.44,1397311.44,1378893.29,1378894.39,97471170802
20220101,130000,1378894.43,1378895.22,1378894.43,1378895.22,7870864050
20220101,170000,1378777.36,1378777.36,1378777.36,1378777.36,3935432025
20220102,090000,1378777.36,1380643.61,1378608.36,1379001.02,67917798482
20220102,130000,1379000.42,1379000.88,1378983.46,1378983.46,23717015408
20220102,170000,1378983.49,1379041.05,1378983.49,1379041.05,5928765160
20220103,090000,1379041.05,1380042.86,1376069.39,1376069.39,63885953457
20220103,130000,1376069.38,1376070.28,1376069.38,1376070.26,11926786989
20220103,170000,1376070.25,1376070.25,1376049.34,1376049.34,5962654438
20220104,090000,1376049.34,1376049.34,1362793.77,1362794.55,85154024872
20220104,170000,1362828.62,1362828.62,1362828.62,1362828.62,3298636722
20220105,090000,1362828.62,1363181.56,1362342,1363132.62,64631751144
20220105,130000,1363122.62,1363122.65,1363122.6,1363122.65,8173515651
20220105,170000,1363095.81,1363095.81,1363095.81,1363095.81,2724471905
20220108,090000,1363095.81,1367527.73,1362344.39,1362344.47,136313264834
20220108,130000,1362358.9,1362438.58,1362358.9,1362438.58,10360105536
20220108,170000,1362458.01,1362458.01,1362458.01,1362458.01,5180052768
20220109,090000,1362458.01,1362458.01,1336776.29,1336778.75,114130112255
20220109,170000,1336820.72,1336820.72,1336820.72,1336820.72,4201865742
20220110,090000,1336820.72,1336820.72,1330161.35,1332640.68,104626288913
20220110,130000,1332641.81,1332642.09,1332641.81,1332642.09,13396754103
20220110,170000,1332755.64,1332755.64,1332755.64,1332755.64,4465580312
20220111,090000,1332755.64,1338333.06,1332755.64,1334683.56,112766516622
20220111,130000,1334704.03,1334704.03,1334701.88,1334701.88,7947460443
20220111,170000,1334703.54,1334703.54,1334703.54,1334703.54,3973443239
20220112,090000,1334703.54,1335419.66,1334283.16,1334283.44,81747961828
20220112,130000,1334283.45,1334283.45,1334283.45,1334283.45,3356055281
20220112,170000,1334265,1334265,1334265,1334265,3356052965
20220115,090000,1334265,1334349.22,1322620.53,1322634.32,90320146403
20220115,130000,1322631.89,1322631.89,1322631.89,1322631.89,3774945135
20220115,170000,1322569.8,1322569.8,1322569.8,1322569.8,3774945135
20220116,090000,1322569.8,1322569.8,1310822.02,1310888.14,79016312996
20220116,130000,1310888.15,1310889.8,1310877.25,1310877.25,16043763244
20220116,170000,1310804.45,1310804.45,1310804.45,1310804.45,3208295790
20220117,090000,1310804.45,1314221.52,1306532.39,1306532.49,88780014082
20220117,130000,1306532.72,1306532.72,1306530.98,1306530.98,7494466892
20220117,170000,1306531.06,1306531.06,1306472.13,1306472.13,14987374300
20220118,090000,1306472.13,1306472.13,1275931.63,1275931.63,103067546120
20220118,130000,1275931.88,1275937.15,1275931.88,1275936.54,18019086098
20220118,170000,1275966.43,1275966.43,1275966.43,1275966.43,4504674260
20220119,090000,1275966.43,1279505.8,1274601.93,1279505.71,92916455196
20220119,130000,1279505.92,1279505.92,1279449.72,1279449.72,20620538052
20220119,170000,1279449.77,1279449.77,1279393.9,1279393.9,6872599404
20220122,090000,1279393.9,1286706.69,1279393.9,1281804.85,90312082341
20220122,130000,1281803.85,1281803.85,1281803.07,1281803.07,7042024124
20220122,170000,1281801.02,1281801.02,1281801.02,1281801.02,3521012062
20220123,090000,1281801.02,1281801.02,1256544.26,1256546.91,108075612651
20220123,130000,1256546.95,1256547.26,1256546.7,1256547.26,13868178397
20220123,170000,1256547.27,1256547.27,1256512.82,1256512.82,9244721996
20220124,090000,1256512.82,1256512.82,1234687.81,1234688.1,80131085703
20220124,130000,1234688.08,1234688.7,1234688.08,1234688.7,10084636943
20220124,170000,1234707.73,1234707.73,1234707.73,1234707.73,3361522069
20220125,090000,1234707.73,1234707.73,1208035.52,1208047.31,127534960067
20220125,130000,1208048.44,1208048.44,1208048.44,1208048.44,5500001206
20220125,170000,1208058.61,1208060.24,1207926.66,1207926.66,60058547467
20220126,090000,1207926.66,1229424,1207926.66,1229424,109043911273
20220126,130000,1229423.9,1229423.9,1229422.63,1229422.63,8978697916
20220126,170000,1229368.42,1229368.42,1229368.42,1229368.42,4489233096
20220129,090000,1229368.42,1258976.69,1229368.42,1258976.69,94309570622
20220129,130000,1258963.44,1258963.44,1258962.95,1258962.95,6721489037
20220129,170000,1258995.09,1258995.09,1258995.09,1258995.09,3360744518
20220130,090000,1258995.09,1284573.56,1258995.09,1284573.56,131669309993
20220130,130000,1284574.52,1284576.23,1284572.38,1284576.23,34012715099
20220130,170000,1284576.33,1284647.38,1284575.75,1284647.38,33939554790
20220131,090000,1284647.38,1294670.46,1284647.38,1294669.91,153679763430
20220131,170000,1294619.06,1294619.06,1294619.06,1294619.06,5534972786
20220201,090000,1294619.06,1301430.6,1294619.06,1301300.84,185261672922
20220201,130000,1301300.76,1301300.76,1301296.87,1301297.45,40467625023
20220201,170000,1301234.01,1301234.01,1301234.01,1301234.01,6739483619
20220202,090000,1301234.01,1301365.06,1299124.85,1301207.65,158922839384
20220202,130000,1301207.71,1301209.29,1301195.67,1301195.67,55814124605
20220205,090000,1301161.48,1306388.15,1301161.48,1304422.25,109195005170
20220205,130000,1304422.07,1304422.07,1304420.71,1304420.71,22866774792
20220205,170000,1304422.72,1304437.25,1304411.12,1304411.12,36468583901
20220206,090000,1304411.12,1304411.12,1281962.34,1281963.16,163431942178
20220206,130000,1281977.4,1282034.27,1281977.4,1282034.27,27438266461
20220206,170000,1282042.15,1282049.95,1282042.15,1282049.95,21873323988
20220207,090000,1282049.95,1282049.95,1274398.52,1274488,120242078099
20220207,130000,1274487.88,1274488.09,1274487.88,1274488.09,13566695168
20220207,170000,1274488.02,1274488.02,1274467.48,1274467.48,9044012056
20220208,090000,1274467.48,1281468.61,1274467.48,1281169.34,117258914354
20220208,130000,1281169.41,1281169.41,1281169.04,1281169.04,8867412239
20220208,170000,1281075.43,1281075.43,1281075.43,1281075.43,4433649689
20220209,090000,1281075.43,1284119.8,1279281.3,1284119.73,101275776665
20220209,130000,1284119.6,1284120.53,1284119.11,1284120.53,32115636897
20220209,170000,1284160.06,1284160.06,1284160.06,1284160.06,4587036413
20220212,090000,1284160.06,1285803.89,1284121.16,1284121.22,115051134077
20220212,130000,1284120.97,1284120.97,1284107.51,1284107.54,19518312970
20220212,170000,1284061.71,1284061.71,1284061.71,1284061.71,4879553227
20220213,090000,1284061.71,1284196.79,1276023.03,1276023.03,93122991515
20220213,130000,1276024.49,1276043.72,1276023.4,1276043.72,22065646211
20220213,170000,1275996.17,1275996.17,1275996.17,1275996.17,3676757619
20220214,090000,1275996.17,1283345.65,1275996.17,1283345.65,68371651704
20220214,130000,1283345.26,1283358.57,1283342.3,1283344.21,42222784300
20220214,170000,1283324.21,1283324.21,1283324.21,1283324.21,3240409303
20220216,090000,1283324.21,1283729.63,1282477.92,1282478.02,65199354900
20220216,130000,1282477.94,1282479.53,1282475.44,1282475.44,11813424556
20220216,170000,1282411.42,1282411.42,1282411.42,1282411.42,2952216315
20220219,090000,1282411.42,1283213.11,1281997.98,1282131.45,119042778580
20220219,130000,1282129.34,1282129.79,1282129.34,1282129.66,13216619538
20220219,170000,1282190.78,1282190.78,1282190.78,1282190.78,4405539846
20220220,090000,1282190.78,1282602.61,1274293.13,1274405.64,81288078291
20220220,130000,1274403.65,1274403.65,1274401.26,1274401.26,11183193978
20220220,170000,1274304.74,1274304.74,1274304.74,1274304.74,3727731326
20220221,090000,1274304.74,1282977.02,1274304.74,1281523.11,174172955832
20220221,130000,1281537.44,1281568.37,1281537.44,1281567.67,36273831150
20220221,170000,1281589.37,1281589.37,1281589.37,1281589.37,6044409551
20220222,090000,1281589.37,1285141.16,1281589.37,1284801.56,104873815701
20220222,130000,1284801.06,1284825.3,1284801.06,1284825.3,17717955307
20220222,170000,1284825.59,1284876.11,1284825.59,1284876.11,8844041650
20220223,090000,1284876.11,1288342.45,1284876.11,1288337.98,100470327411
20220223,130000,1288337.95,1288337.95,1288337.22,1288337.22,8117806539
20220223,170000,1288310.34,1288310.34,1288310.34,1288310.34,4058576221
20220226,090000,1288310.34,1288310.34,1282796.08,1282796.08,113529820353
20220226,130000,1282796.64,1282796.81,1282796.64,1282796.76,13159001110
20220226,170000,1282870.84,1282870.84,1282870.84,1282870.84,4386324762
20220227,090000,1282870.84,1282870.84,1278884.06,1279297.67,69885167226
20220227,130000,1279297.73,1279301.46,1279297.73,1279301.46,14352210270
20220227,170000,1279292.68,1279292.68,1279292.68,1279292.68,2870301032
20220228,090000,1279292.68,1281877.59,1279292.68,1281872.71,70159003818
20220228,130000,1281872.65,1281875.67,1281847.01,1281847.01,12467259867
20220228,170000,1281934.22,1281934.22,1281934.22,1281934.22,3114364383
20220302,090000,1281934.22,1284662.29,1280906.56,1281152.97,90208963301
20220302,130000,1281153.07,1281153.37,1281153.07,1281153.37,11009857704
20220302,170000,1281153.36,1281190.77,1281153.36,1281190.77,16513657635
20220305,090000,1281190.77,1298818.72,1281190.77,1298818.72,253980975193
20220305,130000,1298819.07,1298819.07,1298819.07,1298819.07,8432162410
20220305,170000,1298819.05,1298819.05,1298782.72,1298782.72,16863978506
20220306,090000,1298782.72,1322617.68,1298782.72,1322617.68,189095446106
20220306,130000,1322617.64,1322617.64,1322615.59,1322615.59,39950926576
20220306,170000,1322598.52,1322598.52,1322598.52,1322598.52,7988835321
20220307,090000,1322598.52,1344956.5,1322598.52,1342922.45,202331371459
20220307,130000,1342922.34,1342922.34,1342922.34,1342922.34,7953914521
20220307,170000,1342922.27,1342923.58,1342906.67,1342906.67,23857796481
20220308,090000,1342906.67,1342906.67,1336642.04,1336642.04,134693480170
20220308,170000,1336642.06,1336642.15,1336569.19,1336569.19,38536048104
20220309,090000,1336569.19,1348348.82,1336569.19,1348348.82,127500052042
20220309,130000,1348348.88,1348348.9,1348348.83,1348348.83,19053861155
20220309,170000,1348303.31,1348303.31,1348303.31,1348303.31,6351207917
20220312,090000,1348303.31,1348303.31,1332943.26,1332943.32,205426743884
20220312,130000,1332943.43,1332948.7,1332943.37,1332948.7,37699154132
20220312,170000,1332933.25,1332933.25,1332933.25,1332933.25,7539533037
20220313,090000,1332933.25,1335767.44,1331762.66,1335312.87,103732440785
20220313,130000,1335312.75,1335313.29,1335312.28,1335312.28,26854677453
20220313,170000,1335376.42,1335376.42,1335376.42,1335376.42,4474518130
20220314,090000,1335376.42,1336760.46,1334781.22,1334781.22,78896258809
20220314,130000,1334781.29,1334781.3,1334780.82,1334780.82,14172950456
20220314,170000,1334780.86,1334780.86,1334776.86,1334776.86,7084451448
20220315,090000,1334776.86,1337913.2,1334425.62,1337269.21,123901988373
20220315,170000,1337223.23,1337223.23,1337223.23,1337223.23,4977068562
20220316,090000,1337223.23,1345031.18,1337223.23,1345031.18,109851776185
20220316,130000,1345030.81,1345030.81,1345030.79,1345030.79,8383391844
20220316,170000,1345030.59,1345030.59,1345018.19,1345018.19,8383183970
20220319,090000,1345018.19,1367248.6,1345018.19,1367248.6,118671376184
20220319,130000,1367248.59,1367248.59,1367246.72,1367246.72,16294735596
20220319,170000,1367246.7,1367250.3,1367246.68,1367250.3,16294095084
20220326,090000,1367250.3,1390778.66,1367250.3,1390778.66,244538302328
20220326,130000,1390777.35,1390777.35,1390777.2,1390777.2,17461909644
20220326,170000,1390778.31,1390859.71,1390778.31,1390859.71,17461171982
20220327,090000,1390859.71,1403589.74,1390859.71,1403589.59,204299076689
20220327,130000,1403589.35,1403589.35,1403589.35,1403589.35,7641120952
20220327,170000,1403590.17,1403590.84,1403590.17,1403590.84,38204905425
20220327,210000,1403617.94,1403617.94,1403617.94,1403617.94,7640979813
20220328,090000,1403617.94,1418611.53,1403617.94,1418611.53,276518095636
20220328,130000,1418611.51,1418611.51,1418611.4,1418611.4,19897146846
20220328,170000,1418651.9,1418651.9,1418651.9,1418651.9,9948573423
20220329,090000,1418651.9,1422945.87,1414231.54,1414231.54,387333077506
20220329,130000,1414231.74,1414231.96,1414231.74,1414231.96,37070428878
20220329,170000,1414249.5,1414249.5,1414249.5,1414249.5,12356809626
20220330,090000,1414249.5,1432170.65,1411948.28,1432170.61,177291620243
20220330,130000,1432156.8,1432156.8,1432137.6,1432137.67,29604725848
20220330,170000,1432106.45,1432106.45,1432106.45,1432106.45,7400595096
20220403,090000,1432106.45,1461966.47,1432106.45,1461965.64,264568521816
20220403,130000,1461963.73,1461963.73,1461962.58,1461962.58,28488825080
20220403,170000,1462002.95,1462002.95,1462002.95,1462002.95,9496208580
20220404,090000,1462002.95,1476902.23,1462002.95,1468871.14,376373438440
20220404,130000,1468871.11,1468872.2,1468871.11,1468872.17,83621324149
20220404,170000,1468872.16,1468872.16,1468820.11,1468820.11,27873132720
20220405,090000,1468820.11,1471453.99,1465204.51,1471453.99,221977578237
20220405,130000,1471453.76,1471456.67,1471438.4,1471438.4,48127931832
20220406,090000,1471438.4,1473529.81,1463759.69,1463763.68,284996078070
20220406,130000,1463750.47,1463750.47,1463743,1463743,22330791570
20220406,170000,1463779.74,1463779.74,1463779.74,1463779.74,11165395785
20220409,090000,1463779.74,1463779.74,1451766.47,1458680.21,215985220365
20220409,130000,1458680.13,1458772.68,1458680.09,1458772.68,58967757986
20220410,090000,1458772.68,1474245.68,1458772.68,1474099.44,287422675219
20220410,130000,1474099.43,1474099.55,1474099.43,1474099.55,45084325284
20220410,170000,1474112.99,1474112.99,1474112.99,1474112.99,11270947735
20220411,090000,1474112.99,1479891.4,1474112.99,1479590.84,282006332184
20220411,130000,1479591.22,1479591.22,1479590.87,1479590.87,50368022973
20220411,170000,1479590.93,1479590.96,1479492.96,1479492.96,60426175491
20220412,090000,1479492.96,1479492.96,1445969.94,1445969.94,259493323168
20220412,130000,1445969.84,1445970.44,1445969.84,1445970.44,37157257309
20220412,170000,1445970.47,1446026.89,1445970.47,1446026.89,18578314650
20220413,090000,1446026.89,1454127.55,1443176.17,1454127.55,256628125972
20220413,130000,1454127.98,1454127.98,1454126.75,1454126.75,25421813780
20220413,170000,1454129.33,1454129.33,1454129.33,1454129.33,8473206930
20220416,090000,1454129.33,1467668.15,1454129.33,1467668.14,191035738582
20220416,130000,1467668.28,1467668.77,1467668.28,1467668.77,37475084970
20220416,170000,1467644.84,1467644.84,1467644.84,1467644.84,7494761744
20220417,090000,1467644.84,1475057.39,1465595.6,1475052.89,239596066440
20220417,130000,1475053.64,1475053.65,1475053.64,1475053.65,17290433086
20220417,170000,1475058.55,1475058.55,1475058.55,1475058.55,8645131543
20220418,090000,1475058.55,1503479.35,1475058.55,1501712.98,249623970340
20220418,130000,1501712.95,1501712.96,1501712.92,1501712.92,32005892016
20220418,170000,1501842.63,1501842.63,1501842.63,1501842.63,10668521985
20220419,090000,1501842.63,1513064.36,1499896.09,1513064.36,198775211247
20220419,130000,1513064.37,1513066.63,1513064.13,1513066.63,33857679502
20220419,170000,1513105.74,1513105.74,1513105.74,1513105.74,8464317027
20220420,090000,1513105.74,1515737.6,1511167.71,1512287.31,198779956005
20220420,170000,1512219.11,1512219.11,1512219.11,1512219.11,8671038297
20220424,090000,1512219.11,1513374.04,1504731.01,1504731.01,167495581561
20220424,130000,1504730.59,1504732.26,1504718.2,1504718.22,35242692309
20220424,170000,1504715.64,1504715.64,1504715.64,1504715.64,7048267553
20220425,090000,1504715.64,1507301.5,1502279.2,1507301.5,153708547257
20220425,130000,1507301.33,1507310.88,1507249.33,1507249.33,39367553860
20220426,090000,1507249.33,1522924.99,1507249.33,1522775.41,297145936736
20220426,130000,1522778.04,1522781.34,1522778.04,1522781.34,32358017951
20220426,170000,1522868.18,1522868.18,1522868.18,1522868.18,10785886694
20220427,090000,1522868.18,1526480.09,1521432.89,1521432.89,262617557337
20220427,130000,1521434.15,1521435.02,1521391.92,1521391.92,142541923423
20220427,170000,1521423.25,1521423.25,1521423.25,1521423.25,10177896766
20220430,090000,1521423.25,1523862.04,1521423.25,1522484.41,187748149059
20220430,130000,1522484.24,1522484.33,1522483.68,1522483.89,47885518415
20220430,170000,1522483.85,1522483.85,1522439.38,1522439.38,15961037614
20220501,090000,1522439.38,1525625.79,1522397.08,1525450.08,245474649106
20220501,130000,1525474.45,1525777.04,1523421.74,1523421.79,188005112349
20220501,210000,1523471.17,1523471.17,1523471.17,1523471.17,8536652291
20220502,090000,1523471.17,1529785.15,1523100.08,1529758.84,181494109897
20220502,130000,1529731.67,1529731.67,1529708.84,1529717.47,73870810337
20220507,090000,1529717.47,1543796.43,1529717.47,1543796.15,226849785171
20220507,130000,1543796.17,1543796.64,1543796.15,1543796.64,37950812827
20220507,170000,1543796.65,1543847.49,1543796.65,1543847.49,18975217658
20220508,090000,1543847.49,1552999.79,1543847.49,1552998.01,281638560416
20220508,130000,1552997.95,1552997.95,1552997.95,1552997.95,10278024845
20220508,170000,1552997.94,1553041.84,1552997.94,1553041.84,20556035692
20220509,090000,1553041.84,1553824.23,1540140.8,1540140.8,236020114716
20220509,130000,1540141.16,1540141.16,1540137.02,1540137.02,19358258982
20220509,170000,1540099.24,1540099.24,1540099.24,1540099.24,9677311994
20220510,090000,1540099.24,1540099.24,1535004.31,1539527.98,173720296940
20220510,130000,1539527.83,1539530.77,1539527.83,1539530.77,36262565157
20220510,170000,1539530.72,1539530.72,1539530.7,1539530.7,14504599120
20220511,090000,1539530.7,1564449.11,1539530.7,1564449.11,240661229044
20220511,130000,1564449.12,1564449.12,1564449.12,1564449.12,8818936682
20220514,090000,1564449.12,1578445.89,1564449.12,1578410.65,322650101696
20220514,130000,1578410.99,1578411.04,1578410.89,1578410.89,33695614761
20220515,090000,1578410.89,1579993.31,1569956.76,1572979.88,293984833201
20220515,130000,1572979.78,1572979.78,1572979.78,1572979.78,10885932814
20220516,090000,1572979.78,1583800.86,1572979.78,1583800.46,262161710047
20220516,170000,1583800.5,1583800.5,1583800.5,1583800.5,10148885600
20220517,090000,1583800.5,1607226.09,1583800.5,1606025.74,236118585492
20220517,130000,1606024.19,1606024.27,1606024.19,1606024.27,20478592068
20220518,090000,1606024.27,1606024.27,1594971.93,1594976.87,198484660065
20220518,130000,1594977.07,1594977.66,1594977.02,1594977.65,57982572634
20220521,090000,1594977.65,1594977.65,1579692.84,1579697.93,216160550734
20220521,130000,1579699.24,1579699.24,1579691.07,1579691.07,32548152659
20220521,170000,1579686.69,1579686.69,1579686.69,1579686.69,8136842521
20220522,090000,1579686.69,1582326.42,1579686.69,1582143.83,156370260711
20220522,130000,1582143.74,1582144.79,1582142.3,1582144.4,47232523857
20220522,170000,1582144.3,1582222.69,1582144.3,1582222.69,13492967173
20220523,090000,1582222.69,1582503.3,1557213.01,1557213.01,261002641977
20220523,130000,1557213.03,1557213.03,1557203.6,1557210.54,52724666740
20220523,170000,1557210.57,1557210.57,1557210.57,1557210.57,10543927322
20220524,090000,1557210.57,1557210.57,1555666.8,1555682.61,160335565021
20220524,130000,1555684.16,1555689.05,1555684.16,1555689,32708943079
20220525,090000,1555689,1564479.18,1555689,1564477.1,162339427628
20220525,130000,1564477.12,1564487.52,1564477.12,1564487.51,48304759539
20220528,090000,1564487.51,1568124.74,1553376.96,1553376.96,201946728334
20220528,130000,1553377.11,1553401.95,1553376.77,1553401.9,46198810363
20220529,090000,1553401.9,1553401.9,1532914.88,1534028.21,179684385061
20220529,130000,1534028.65,1534057.5,1534028.65,1534057.02,52328034895
20220529,170000,1534057.05,1534057.05,1534057.05,1534057.05,7474722370
20220530,090000,1534057.05,1538238.92,1534057.05,1537374.43,135536598731
20220530,130000,1537374.46,1537380.3,1537374.06,1537380.3,28854390678
20220531,090000,1537380.3,1542997.64,1537380.3,1542712.39,121476821644
20220531,130000,1542712.44,1542713.52,1542710.95,1542711.13,20003335662
20220601,090000,1542711.13,1543685.66,1540175.95,1542086.48,124600824975
20220601,130000,1541996.74,1541996.74,1541979.95,1541979.95,20282989576
20220606,090000,1541979.95,1541979.95,1514329.26,1514331.73,169110304212
20220606,130000,1514333.56,1514333.56,1514303.11,1514309.95,34949558826
20220607,090000,1514309.95,1516005.48,1512921.45,1515384.08,111690782472
20220607,130000,1515384.14,1515387.68,1515384.14,1515387.68,32337764070
20220608,090000,1515387.68,1520302.6,1515387.68,1520299.08,90197869127
20220608,130000,1520298.93,1520298.93,1520298.62,1520298.66,15508067171
20220611,090000,1520298.66,1520695.93,1518027.54,1518286.97,104260094255
20220611,130000,1518288.67,1518291.05,1518288.67,1518289.75,31268611015
20220612,090000,1518289.75,1532372.23,1517334.39,1532372.23,139716749603
20220612,130000,1532371.67,1532387.2,1532371.67,1532387.2,42229665457
20220613,090000,1532387.2,1571448.57,1532387.2,1571446.3,196469030157
20220613,130000,1571446.77,1571446.77,1571446.77,1571446.77,6775520645
20220613,170000,1571446.78,1571446.78,1571445.21,1571445.21,13551022792
20220614,090000,1571445.21,1574727.98,1571445.21,1574065.49,142543980161
20220614,130000,1574065.58,1574067.62,1574065.29,1574065.29,38499386732
20220615,090000,1574065.29,1574065.29,1564042.93,1564328.92,99252364133
20220615,130000,1564329.78,1564333.96,1564329.78,1564333.96,16304986393
20220618,090000,1564333.96,1564333.96,1547701.97,1547701.97,131329511320
20220618,130000,1547701.85,1547738.96,1547701.85,1547738.5,58509904324
20220619,090000,1547738.5,1548544.96,1545963.83,1545963.87,133524165243
20220619,130000,1545962.92,1545962.92,1545962.92,1545962.92,5438965360
20220620,090000,1545962.92,1550116.3,1545962.92,1547248.97,123194054453
20220620,130000,1547249.16,1547249.16,1547247.23,1547247.23,15188203712
20220621,090000,1547247.23,1547324.4,1539629.97,1539629.97,93289528439
20220621,130000,1539630.02,1539633.17,1539630.01,1539632.2,19483106069
20220622,090000,1539632.2,1539632.2,1533392.33,1533398.64,121645540758
20220622,130000,1533398.98,1533400.08,1533394.9,1533394.9,46574350304
20220622,170000,1533394.87,1533394.87,1533393.87,1533393.87,9311964268
20220625,090000,1533393.87,1533393.87,1520334.04,1520334.04,145429034013
20220625,130000,1520334.01,1520334.99,1520334.01,1520334.99,23943156399
20220625,170000,1520334.93,1520334.93,1520334.93,1520334.93,5985742743
20220626,090000,1520334.93,1520443.68,1501346.52,1501348.58,133354701456
20220626,130000,1501347.73,1501348.02,1501340,1501340,42302259304
20220627,090000,1501340,1504081.87,1500902.35,1504081.87,109826674154
20220627,130000,1504081.85,1504082.5,1504065.35,1504065.35,28828588062
20220627,170000,1504065.33,1504065.37,1504065.33,1504065.37,14406143676
20220628,090000,1504065.37,1514804.68,1504065.37,1514425,115228171882
20220628,130000,1514423.8,1514435.39,1514423.8,1514434.46,21965701463
20220629,090000,1514434.46,1514434.46,1512416.08,1513717.43,108018066648
20220629,130000,1513715.46,1513715.77,1513715.46,1513715.77,9116388680
20220629,170000,1513715.84,1513715.98,1513715.5,1513715.5,54624376384
20220702,090000,1513715.5,1513715.5,1501631.65,1501631.65,111740368222
20220702,130000,1501631.67,1501632.41,1501631.67,1501632.01,19304585884
20220702,170000,1501631.9,1501631.9,1501631.9,1501631.9,4825953209
20220703,090000,1501631.9,1502979.41,1500214.81,1502979.41,86024489432
20220703,130000,1502979.43,1502986.53,1502979.43,1502986.05,15088857908
20220703,170000,1502986.15,1502986.15,1502986.15,1502986.15,3772114477
20220704,090000,1502986.15,1507456.49,1502986.15,1507156.1,101413251931
20220704,130000,1507156.83,1507156.83,1507156.83,1507156.83,3925103558
20220705,090000,1507156.83,1511072.01,1507156.83,1511070.09,106005145724
20220705,130000,1511071.02,1511074.02,1511071.02,1511074.02,26867886862
20220705,170000,1511074.72,1511075.5,1511074.72,1511075.5,13428368190
20220706,090000,1511075.5,1511075.5,1502598.11,1502598.66,104988767842
20220706,130000,1502598.71,1502605.15,1502598.71,1502603.8,21019999890
20220709,090000,1502603.8,1504134.64,1498508.2,1498509.1,99042387413
20220709,130000,1498509.56,1498512.96,1498509.56,1498512.73,11733108285
20220711,090000,1498512.73,1499052.38,1487621.81,1487622.05,107122915211
20220711,130000,1487621.97,1487622.53,1487597.8,1487597.8,19243382903
20220712,090000,1487597.8,1487597.8,1480251.04,1483532.68,109867068156
20220712,130000,1483534.95,1483534.95,1483534.68,1483534.68,8477645712
20220713,090000,1483534.68,1490559.25,1483534.68,1490051.69,95667693068
20220713,130000,1490051.84,1490051.84,1490051.84,1490051.84,3713030356
20220716,090000,1490051.84,1490154.28,1480049.47,1480049.89,89078139205
20220716,130000,1480050.81,1480051.23,1480050.81,1480051.23,12529484364
20220717,090000,1480051.23,1480285.68,1468439.83,1469781.27,85836263573
20220717,130000,1469802.22,1469832.45,1469802.22,1469832.45,27612535144
20220719,090000,1469832.45,1470711.79,1468656.59,1468942.67,58759950102
20220719,130000,1468944,1468944,1468890.37,1468893.05,19324720050
20220720,090000,1468893.05,1471896.91,1468893.05,1471895.38,50364188173
20220720,130000,1471895.44,1471898.24,1471895.44,1471898.23,6092616989
20220720,170000,1471898.15,1471898.15,1471898.15,1471898.15,2030870621
20220723,090000,1471898.15,1477393.66,1471898.15,1473498.13,94093934996
20220723,130000,1473499,1473499.13,1473499,1473499.11,10648991881
20220723,170000,1473498.85,1473499.1,1473498.85,1473499.1,7099153462
20220724,090000,1473499.1,1473956.73,1463797.21,1463797.21,87291251560
20220724,130000,1463798.55,1463810.48,1463764.27,1463764.37,73173024543
20220724,170000,1463758.44,1463758.44,1463758.44,1463758.44,3653476952
20220725,090000,1463758.44,1463758.44,1439267.41,1439411.96,105781909711
20220725,130000,1439416.81,1439416.81,1439416.81,1439416.81,3973888902
20220726,090000,1439416.81,1441462.93,1438184.44,1438448.74,84705978008
20220726,130000,1438449.56,1438449.81,1438447.71,1438448.38,20743666119
20220727,090000,1438448.38,1444245.77,1438448.38,1443713.14,62343582266
20220727,130000,1443713.15,1443713.15,1443710.54,1443710.55,19961611488
20220727,170000,1443710.57,1443712.6,1443710.57,1443712.6,17053330242
20220730,090000,1443712.6,1449045.78,1440917.26,1440917.26,65458449604
20220730,130000,1440915.73,1440915.73,1440870.18,1440870.18,22350312784
20220730,170000,1440855.3,1440855.3,1440855.3,1440855.3,3190866612
20220731,090000,1440855.3,1440855.3,1423106.39,1423501.21,99761126583
20220731,130000,1423501.14,1423502.66,1423496.16,1423496.73,25984232490
20220801,090000,1423496.73,1427653.46,1423496.73,1427609.23,65255405726
20220802,090000,1427605.63,1430018.01,1427605.63,1430018.01,61568230441
20220802,130000,1430023.43,1430023.43,1430020.99,1430020.99,11395894584
20220803,090000,1430020.99,1437360.49,1430020.99,1437360.49,77706457358
20220803,130000,1437360.46,1437360.95,1437360.46,1437360.78,18404813155
20220806,090000,1437360.78,1448925.44,1437360.78,1448924.53,117011512405
20220806,130000,1448922.63,1448922.64,1448922.63,1448922.64,8314392915
20220809,090000,1448922.64,1452987.5,1448408.25,1451942.11,129992705819
20220809,130000,1451941.8,1451941.8,1451941.8,1451941.8,4906248216
20220809,170000,1451941.94,1451941.94,1451941.94,1451941.94,4906223988
20220810,090000,1451941.94,1452904.81,1448468.31,1448469.6,81498502170
20220810,130000,1448466.54,1448466.54,1448463.67,1448463.67,7101881102
20220810,170000,1448464.5,1448464.5,1448464.5,1448464.5,3550910390
20220813,090000,1448464.5,1467100.95,1448464.5,1467100.72,138410237109
20220813,130000,1467100.55,1467100.56,1467100.55,1467100.56,10478922277
20220814,090000,1467100.56,1470231.32,1463652.74,1463652.74,173012543489
20220814,130000,1463653.58,1463653.58,1463653.58,1463653.58,6176563767
20220814,170000,1463653.52,1463653.52,1463653.52,1463653.52,6176494488
20220815,090000,1463653.52,1464028.78,1461498.23,1463697.81,138678523262
20220815,170000,1463697.76,1463697.76,1463697.62,1463697.62,12948957874
20220816,090000,1463697.62,1467239.43,1459507.25,1459507.25,228002031220
20220816,130000,1459500.57,1459500.57,1459500.57,1459500.57,7647870007
20220816,170000,1459500.56,1459500.56,1459500.55,1459500.55,15295740014
20220817,090000,1459500.55,1460755.59,1451395.53,1451395.81,180868356761
20220817,130000,1451396,1451399.42,1451396,1451399.28,21800273484
20220817,170000,1451399.19,1451404.12,1451399.19,1451404.12,29066751357
20220820,090000,1451404.12,1451404.12,1438810.95,1438810.99,141309089504
20220820,130000,1438815.27,1438819.02,1438815.27,1438819.02,10688044056
20220820,170000,1438819.25,1438819.25,1438819.24,1438819.24,10687972036
20220821,090000,1438819.24,1439388.67,1429898.27,1429898.27,107722810015
20220821,130000,1429898.28,1429906.3,1429898.27,1429906.28,34514309808
20220821,170000,1429906.37,1429906.78,1429906.37,1429906.78,12941974728
20220822,090000,1429906.78,1431426.83,1424489.04,1424489.63,125157841434
20220822,130000,1424496.99,1424496.99,1424496.99,1424496.99,5077747536
20220822,170000,1424497.01,1424497.01,1424490.85,1424490.85,10155086010
20220823,090000,1424490.85,1431440,1424490.85,1431435.79,124765722178
20220823,130000,1431436.19,1431474,1431436.19,1431473.99,19384850873
20220823,170000,1431477.2,1431477.2,1431477.2,1431477.2,4845940936
20220824,090000,1431477.2,1442401.74,1431477.2,1442401.74,128622439718
20220824,130000,1442400.16,1442400.18,1442400.16,1442400.18,10907967088
20220824,170000,1442400.16,1442400.16,1442372.9,1442372.9,16349189055
20220827,090000,1442372.9,1451117.93,1442372.9,1450045.57,127100853968
20220827,130000,1450045.19,1450045.23,1450045.19,1450045.23,10796146258
20220827,170000,1450045.24,1450045.24,1450045.24,1450045.24,5398056604
20220828,090000,1450045.24,1450045.24,1444095.82,1444095.83,129384615872
20220828,130000,1444096.66,1444096.66,1444086.84,1444086.84,21016689192
20220829,090000,1444086.84,1446497.1,1444086.84,1445136.79,97639311285
20220829,130000,1445136.89,1445139.02,1445136.89,1445139.02,11752976592
20220830,090000,1445139.02,1445775.42,1441263.16,1441263.16,84137997016
20220830,130000,1441263.21,1441263.29,1441217.12,1441217.12,38050262032
20220830,170000,1441217.1,1441217.1,1441217.1,1441217.1,3800683045
20220831,090000,1441217.1,1441358.11,1439377.25,1439377.25,74877683184
20220831,130000,1439377.23,1439377.23,1439376.26,1439376.26,20648644145
20220831,170000,1439396.42,1439396.42,1439396.42,1439396.42,3441115707
20220903,090000,1439396.42,1439396.42,1426933.4,1426934.98,115337917709
20220903,130000,1426937.17,1426941.24,1426937.17,1426941.24,8254603790
20220904,090000,1426941.24,1427547.5,1426941.24,1426948.71,76616510161
20220904,130000,1426948.58,1426948.58,1426908.19,1426908.19,43295931100
20220905,090000,1426908.19,1428860.51,1426781.09,1426781.09,70367777838
20220905,130000,1426781.12,1426781.19,1426778.77,1426779.63,12783519305
20220906,090000,1426779.63,1426979.51,1420833.28,1420833.88,66230936368
20220906,130000,1420833.86,1420834.1,1420833.66,1420834.1,9365332449
20220907,090000,1420834.1,1421134.21,1412857.97,1412858.77,68340565416
20220907,130000,1412858.95,1412859.41,1412858.95,1412859.41,13088244808
20220907,170000,1412856.54,1412856.54,1412856.54,1412856.54,3271956262
20220910,090000,1412856.54,1412856.54,1397431.51,1397431.51,101529913342
20220910,130000,1397432.01,1397435.47,1397432.01,1397434.49,18462434870
20220911,090000,1397434.49,1397434.49,1390731.94,1390731.94,72909947212
20220911,130000,1390731.93,1390732.44,1390731.93,1390732.44,16546378120
20220912,090000,1390732.44,1392533.86,1388928.34,1388937.67,77043033848
20220912,130000,1388935.54,1388970.38,1388934.95,1388970.38,23352731802
20220913,090000,1388970.38,1393405.37,1388970.38,1393126.53,85372148484
20220913,130000,1393126.64,1393126.72,1393126.57,1393126.72,14900487283
20220914,090000,1393126.72,1394121.49,1389079.63,1389079.64,76386228138
20220914,130000,1389079.66,1389079.66,1389079.58,1389079.66,12573791213
20220914,170000,1389099,1389099,1389099,1389099,3142825594
20220918,090000,1389099,1389099,1377915.46,1377915.5,70216368887
20220918,130000,1377915.67,1377917.45,1377915.61,1377917.45,18824147598
20220919,090000,1377917.45,1377917.45,1373822,1373822,67613616084
20220919,130000,1373821.69,1373821.69,1373821.41,1373821.43,8797333880
20220920,090000,1373821.43,1373944.89,1367060.1,1367060.1,65276996860
20220920,130000,1367060.32,1367060.37,1367060.32,1367060.37,5742188899
20220921,090000,1367060.37,1367060.37,1355228.25,1355229.36,65694843291
20220921,130000,1355229.37,1355241.35,1355229.37,1355240.93,18403912373
20220924,090000,1355240.93,1355240.93,1328182.92,1328182.92,98379039075
20220924,130000,1328183.33,1328186.21,1328183.09,1328186.21,21207651538
20220924,170000,1328186.7,1328186.92,1328185.89,1328185.89,12722981511
20220926,090000,1328185.89,1334448.46,1327947.52,1334448.23,80683575356
20220926,130000,1334448.05,1334448.05,1334448.05,1334448.05,3109309792
20220928,090000,1334448.05,1346775.24,1334448.05,1346564.03,77914736576
20220928,130000,1346564.18,1346564.18,1346563.19,1346563.48,24016536905
20221001,090000,1346563.48,1346563.48,1330878.89,1330878.89,100143597856
20221001,130000,1330878.83,1330879.85,1330878.83,1330878.92,26336263569
20221001,170000,1330879.14,1330879.14,1330879.14,1330879.14,4388547209
20221002,090000,1330879.14,1330879.14,1322023.26,1322023.97,87835529666
20221002,130000,1322024.03,1322026.91,1322024.01,1322025.84,27739503761
20221003,090000,1322025.84,1322598.01,1318713.95,1318713.95,64759966423
20221003,130000,1318713.89,1318714.22,1318713.89,1318714.22,5797031490
20221004,090000,1318714.22,1318823.93,1313802.2,1313839.55,55920778924
20221004,130000,1313837.98,1313838.49,1313837.98,1313838.49,4967318854
20221004,170000,1313850.27,1313853.11,1313850.27,1313853.11,4960044458
20221008,090000,1313853.11,1318289.82,1313853.11,1316720.97,68526601388
20221008,130000,1316720.96,1316721.11,1316720.95,1316721.11,8890835952
20221009,090000,1316721.11,1316721.11,1305076.12,1305080.88,95233945828
20221009,130000,1305083.01,1305083.01,1305083.01,1305083.01,3760512199
20221010,090000,1305083.01,1305760.66,1302736.2,1303926.47,70287512596
20221010,130000,1303921.46,1303921.46,1303918.57,1303920.39,24261935020
20221011,090000,1303920.39,1313582.17,1303920.39,1313582.01,76412105268
20221011,130000,1313582.02,1313584.61,1313581.29,1313581.29,67252316355
20221011,170000,1313579.13,1313583.91,1313577.52,1313583.91,9590895687
20221012,090000,1313583.91,1319789.74,1313583.91,1319789.73,69639116244
20221015,090000,1319789.73,1319986.46,1317894.38,1317894.43,62210410178
20221015,130000,1317894.42,1317894.42,1317894.03,1317894.31,8231807878
20221015,170000,1317894.2,1317894.2,1317894.2,1317894.2,2743933626
20221016,090000,1317894.2,1317894.2,1311280.6,1311281.39,78309220287
20221016,130000,1311281.77,1311281.77,1311281.77,1311281.77,3207076004
20221016,170000,1311288.58,1311288.58,1311288.58,1311288.58,3207076004
20221017,090000,1311288.58,1311288.58,1310595.11,1311091.23,55276298564
20221017,130000,1311091.6,1311096.23,1311091.6,1311096.23,5631053162
20221017,170000,1311098.02,1311109.9,1311098.02,1311109.9,11260282004
20221018,090000,1311109.9,1313873.96,1311109.9,1312562.38,52646760738
20221018,130000,1312562.43,1312563.15,1312562.43,1312563.15,7465077332
20221019,090000,1312563.15,1312563.15,1310163.67,1310165.89,48379988131
20221019,170000,1310165.88,1310165.88,1310165.88,1310165.88,2030745102
20221022,090000,1310165.88,1311953.38,1308946.63,1308946.7,56849610324
20221022,130000,1308953.36,1308959.95,1308953.36,1308959.95,7194574665
20221022,170000,1308959.96,1308959.98,1308959.96,1308959.98,4795571638
20221023,090000,1308959.98,1309417.39,1296793.32,1296794.09,69695948957
20221023,130000,1296796.68,1296798.62,1296796.68,1296798.62,6141626026
20221023,170000,1296797.63,1296797.77,1296797.63,1296797.77,6139477044
20221024,090000,1296797.77,1296797.77,1277733.92,1277733.92,75192460947
20221024,130000,1277736.35,1277736.86,1277736.35,1277736.86,6945968772
20221024,170000,1277736.85,1277736.85,1277736.85,1277736.85,3472981841
20221025,090000,1277736.85,1277736.85,1267059.32,1267059.32,75040043403
20221025,130000,1267061.02,1267061.02,1267060.85,1267060.85,6563204448
20221025,170000,1267060.82,1267060.82,1267060.73,1267060.73,9836115388
20221026,090000,1267060.73,1267060.73,1241038.43,1241038.43,105124969289
20221026,130000,1241039.11,1241043.57,1241039.11,1241043.55,23573861594
20221026,170000,1241067.09,1241067.09,1241067.09,1241067.09,4712224520
20221029,090000,1241067.09,1247076.4,1241067.09,1244628.42,125187656535
20221029,130000,1244632.44,1244636.62,1244622.19,1244627.3,48534192823
20221030,090000,1244627.3,1254464.77,1244627.3,1254464.77,86326345304
20221030,130000,1254464.8,1254464.84,1254464.8,1254464.84,7136265900
20221031,090000,1254464.84,1269833.39,1254464.84,1269833.39,69153477176
20221101,090000,1269833.38,1280461.92,1269833.38,1280461.92,96550916544
20221101,130000,1280456.12,1280456.12,1280456.12,1280456.12,3810004980
20221101,170000,1280456.23,1280456.23,1280456.23,1280456.23,3809854928
20221102,090000,1280456.23,1283540.88,1279311.98,1283540.87,84445348251
20221102,130000,1283540.49,1283540.92,1283540.49,1283540.76,14036787618
20221105,090000,1283540.76,1328324.02,1283540.76,1328324.02,149179096945
20221105,130000,1328324.05,1328324.05,1328324.05,1328324.05,6205190527
20221106,090000,1328324.05,1344676.19,1328324.05,1344676.11,147194274849
20221106,170000,1344675.86,1344675.86,1344675.86,1344675.86,5752453356
20221107,090000,1344675.86,1389750.33,1344675.86,1389749.25,211127887755
20221107,130000,1389749.26,1389750.31,1389749.26,1389750.2,118733671228
20221107,170000,1389752.67,1389752.67,1389752.61,1389752.61,23743941233
20221108,090000,1389752.61,1413256.03,1389752.61,1407740.96,312794350168
20221108,130000,1407740.78,1407741.43,1407731.67,1407734.32,101615227047
20221108,170000,1407734.06,1407734.06,1407734.06,1407734.06,11288502166
20221109,090000,1407734.06,1414340,1402667.01,1414340,211032666094
20221109,130000,1414339.11,1414347.82,1414338.96,1414347.82,50108966996
20221109,170000,1414347.5,1414356.21,1414347.5,1414356.21,16699191762
20221112,090000,1414356.21,1426925.52,1414356.21,1426095.99,156997846305
20221112,170000,1426095.96,1426095.96,1426095.96,1426095.96,6303846352
20221113,090000,1426095.96,1426095.96,1419157.58,1419157.58,142574423331
20221113,130000,1419157.65,1419157.65,1419123.02,1419140.15,82977628468
20221114,090000,1419140.15,1419140.15,1408104.55,1408171.65,121241276852
20221114,130000,1408174.05,1408174.25,1408174.05,1408174.25,20275726524
20221115,090000,1408174.25,1411071.23,1408174.25,1410455.25,104841344763
20221115,130000,1410421.56,1410459.71,1410420.96,1410459.71,81027765498
20221115,170000,1410423.91,1410423.91,1410423.91,1410423.91,4049050227
20221116,090000,1410423.91,1413595.55,1409680.28,1413573.38,88394292977
20221116,130000,1413573.52,1413573.71,1413573.35,1413573.59,16427113550
20221116,170000,1413573.66,1413573.66,1413573.66,1413573.66,4106520700
20221119,090000,1413573.66,1413573.66,1393150.61,1393152.61,132375006244
20221119,130000,1393153.3,1393155.08,1393153.3,1393155.08,16007179776
20221119,170000,1393133.22,1393133.22,1393064.17,1393086.17,21232882784
20221120,090000,1393086.17,1404641.47,1393086.17,1404641.47,148169500058
20221120,130000,1404627.24,1404627.24,1404627.24,1404627.24,5729570568
20221121,090000,1404627.24,1409283,1404627.24,1409058.49,201779207585
20221121,130000,1409060.96,1409069.89,1409060.96,1409068.76,314476401140
20221121,170000,1409068.65,1409068.65,1408597.89,1408597.92,131994239604
20221122,090000,1408597.92,1408597.92,1406690.09,1407658.31,117842813329
20221122,130000,1407654.27,1407654.27,1407654.14,1407654.14,17477534609
20221123,090000,1407654.14,1411249.72,1407654.14,1410188.21,129152334750
20221126,090000,1410188.21,1412183.87,1408208.95,1408208.95,139493916961
20221126,170000,1408210.87,1408210.87,1408210.87,1408210.87,5213994431
20221127,090000,1408210.87,1408210.87,1405737.24,1406186.61,107689104449
20221127,130000,1406186.46,1406190.35,1406186.46,1406190.35,25118803702
20221127,170000,1406202.03,1406202.03,1406202.03,1406202.03,5023683573
20221128,090000,1406202.03,1408348.52,1406202.03,1408348.52,105905202955
20221129,090000,1408348.52,1414204.69,1408342.75,1414204.69,119864381881
20221129,130000,1414204.54,1414204.59,1414204.54,1414204.59,9836144886
20221130,090000,1414204.59,1418476.86,1414204.59,1417371.78,89318006600
20221203,090000,1417371.78,1419198.55,1417122.58,1417719.84,87905822873
20221203,130000,1417719.89,1417719.89,1417719.89,1417719.89,4059188164
20221204,090000,1417719.8,1419729.43,1417719.8,1417859.36,119862668256
20221204,130000,1417846.44,1417846.44,1417839.5,1417839.5,21433305932
20221204,170000,1417839.38,1417839.38,1417839.38,1417839.38,5357446033
20221205,090000,1417839.38,1418560.27,1413603.61,1413603.61,105189004513
20221205,130000,1413603.6,1413604.71,1413603.6,1413604.71,13534896538
20221206,090000,1413604.71,1413629.36,1409404.17,1409404.19,119048029352
20221206,130000,1409404.41,1409404.41,1409404.41,1409404.41,4960380527
20221207,090000,1409404.41,1410868.36,1402824.8,1402824.8,192343383864
20221207,130000,1402824.84,1402831.26,1402824.84,1402830.35,28834318085
20221207,170000,1402830.41,1402830.41,1402830.41,1402830.41,7208061842
20221210,090000,1402830.41,1402830.41,1383737,1383737,144433134173
20221210,130000,1383738.89,1383739.94,1383737.53,1383737.53,18460380588
20221211,090000,1383737.53,1389361.44,1383737.53,1389361.14,142513631785
20221211,130000,1389368.41,1389368.51,1389368.36,1389368.36,17293255377
20221212,090000,1389362.23,1409373.96,1389362.23,1409373.93,179782439151
20221212,130000,1409373.91,1409373.91,1409354.93,1409354.93,74218216108
20221212,170000,1409355.07,1409355.07,1409355.07,1409355.07,7420336949
20221213,090000,1409355.07,1454487.68,1409355.07,1454487.68,227555611933
20221213,170000,1454487.8,1454487.8,1454468.23,1454468.23,45121839120
20221214,090000,1454468.23,1474253.24,1454468.23,1472759.77,159685095183
20221214,130000,1472760.54,1472760.54,1472760.54,1472760.54,6401623997
20221214,170000,1472760.53,1472760.53,1472760.53,1472760.53,6401465487
20221217,090000,1472760.53,1472760.53,1468915.58,1469919.57,134697915498
20221217,130000,1469919.56,1469932.87,1469919.56,1469932.87,17497905192
20221217,170000,1469933.06,1469933.21,1469933.06,1469933.21,17497224891
20221218,090000,1469933.21,1500242.55,1469933.21,1500241.82,200264809157
20221218,130000,1500241.84,1500241.84,1500241.84,1500241.84,8079761479
20221219,090000,1500241.84,1505285.69,1499681.98,1500917.36,201764132816
20221219,130000,1500908.91,1500908.91,1500908.65,1500908.65,18852617578
20221219,170000,1500908.6,1500908.6,1500908.6,1500908.6,9426158789
20221220,090000,1500908.6,1501041.41,1492095.3,1492095.3,138439280823
20221220,130000,1492095.03,1492095.03,1492095.03,1492095.03,6776826112
20221220,170000,1492095.06,1492095.08,1492095.06,1492095.08,13553350538
20221221,090000,1492095.08,1496372.07,1492095.08,1496199.73,142121846292
20221221,130000,1496199.41,1496200.68,1496199.41,1496200.68,12370886874
20221221,170000,1496200.75,1496200.75,1496200.75,1496200.75,6185140338
20221224,090000,1496200.75,1538003.22,1496200.75,1538003.22,215918193214
20221225,090000,1538003.22,1563566.83,1538003.22,1563566.83,266106405592
20221225,130000,1563566.85,1563567.04,1563566.85,1563567.04,21555667530
20221225,170000,1563567.43,1563567.43,1563567.43,1563567.43,10776895540
20221226,090000,1563567.43,1576417.94,1563164.34,1576396.7,227975719779
20221226,130000,1576396.72,1576396.75,1576396.72,1576396.75,18893379812
20221228,090000,1576396.75,1647314.51,1576396.75,1647314.51,368173114895
20221231,090000,1647314.51,1647314.51,1590495.5,1590495.5,375787544892
20221231,130000,1590495.49,1590495.49,1590495.46,1590495.46,26999107643
20221231,170000,1590495.45,1590495.45,1590495.45,1590495.45,13499382402
20230101,090000,1590495.45,1591836.26,1564080.59,1564375.59,268796896544
20230101,130000,1564373.74,1564378.32,1564365.67,1564365.67,96155978424
20230102,090000,1564365.67,1593354.62,1564365.67,1593275.84,254574803160
20230102,130000,1593285.57,1593285.57,1593285.57,1593285.57,9614091360
20230102,170000,1593284.96,1593284.96,1593284.96,1593284.96,9614056360
20230103,090000,1593284.96,1602708.39,1591373.88,1591373.9,386982572080
20230103,130000,1591372.77,1591372.77,1591353.87,1591353.87,72737623607
20230104,090000,1591353.87,1591353.87,1578847.94,1579157.3,218717538247
20230104,130000,1579155.77,1579155.77,1579114.59,1579114.59,18921374920
20230104,170000,1579119.33,1579119.33,1579119.33,1579119.33,9460687460
20230107,090000,1579119.33,1598060.04,1579119.33,1598060.04,321024910975
20230107,130000,1598060.02,1598061.37,1598060.02,1598061.37,26321290864
20230108,090000,1598061.37,1635906.03,1598061.37,1635226.92,411660861096
20230108,130000,1635229.22,1635229.22,1635229.22,1635229.22,15531950417
20230109,090000,1635229.22,1646907.22,1635229.22,1646907.22,374089347532
20230109,130000,1646906.53,1646906.53,1646905.94,1646905.94,33273386118
20230109,170000,1646905.95,1646905.95,1646905.82,1646905.82,66537788732
20230110,090000,1646905.82,1674904.99,1646905.82,1668190.23,361043556409
20230110,130000,1668189.28,1668189.28,1668188.25,1668188.25,28738397482
20230110,170000,1668186.92,1668186.93,1668186.92,1668186.93,28707923310
20230111,090000,1668186.93,1668186.93,1652095.85,1652095.85,295492443596
20230111,130000,1652095.86,1652095.86,1652087.09,1652087.09,40806936016
20230111,170000,1652087.01,1652087.01,1652087.01,1652087.01,13601418544
20230114,090000,1652087.01,1652087.01,1631474.03,1643721.11,243204161636
20230114,130000,1643721.27,1643721.27,1643714.02,1643714.02,28100105736
20230114,170000,1643714.01,1643714.01,1643714.01,1643714.01,9365583644
20230116,090000,1643714.01,1680684.13,1643714.01,1680684.13,277841800828
20230116,130000,1680681.85,1680681.85,1680674.69,1680675.26,61675995983
20230116,170000,1680675.17,1680675.17,1680675.17,1680675.17,12333059025
20230117,090000,1680675.17,1693056.62,1680675.17,1687047.49,329914900092
20230117,130000,1687047.5,1687047.71,1687047.5,1687047.69,54630667701
20230117,170000,1687047.68,1687047.68,1687047.68,1687047.68,13657462900
20230118,090000,1687047.68,1689143.77,1682988.42,1689143.08,285793745481
20230118,130000,1689143.73,1689144.14,1689143.73,1689144.14,24359415984
20230118,170000,1689144.1,1689144.1,1689144.1,1689144.1,12179698825
20230121,090000,1689144.1,1689144.1,1657577.33,1657577.34,326589553123
20230121,130000,1657577.28,1657577.28,1657573.34,1657573.81,80727601758
20230121,170000,1657573.61,1657576.67,1657573.61,1657576.67,26907561036
20230122,090000,1657576.67,1662845.18,1649055.89,1652923.37,278815058207
20230122,130000,1652925.14,1652926.54,1652925.14,1652926.19,31737490209
20230122,170000,1652925.46,1652925.46,1652924.49,1652924.49,31732232514
20230123,090000,1652924.49,1667863.74,1652924.49,1653949.52,290338635531
20230123,130000,1653948.68,1653948.68,1653946.94,1653947.11,62881173005
20230123,170000,1653947.29,1653948.58,1653947.29,1653948.58,25150645612
20230124,090000,1653948.58,1654390.55,1646055.8,1646055.8,195261130441
20230124,130000,1646055.7,1646055.7,1646054.02,1646054.02,22607313727
20230124,170000,1646053.53,1646053.53,1646053.52,1646053.52,15059526486
20230125,090000,1646053.52,1646569.12,1611962.26,1611962.26,276288110201
20230125,130000,1611956.15,1611956.15,1611951.35,1611955.89,57467864176
20230128,090000,1611955.89,1612665.36,1600080,1600080,253286837171
20230128,130000,1600082.19,1600082.19,1600082.19,1600082.19,9403584522
20230128,170000,1600082.24,1600083.66,1600082.19,1600083.66,28210092246
20230129,090000,1600083.66,1600083.66,1542181.67,1542183.4,275453124922
20230129,130000,1542190.52,1542190.54,1542190.52,1542190.54,22072699448
20230129,170000,1542190.57,1542190.73,1542190.57,1542190.69,33107657232
20230130,090000,1542190.69,1544401.73,1531448.8,1539685.33,237711707086
20230130,130000,1539684.81,1539685.6,1539684.57,1539685.6,35908698729
20230130,170000,1539681.25,1539681.46,1539679.61,1539679.61,35905244924
20230131,090000,1539679.61,1557720.73,1539679.61,1556552.93,179691877783
20230131,130000,1556551.42,1556551.9,1556551.42,1556551.9,23753974122
20230201,090000,1556551.9,1557542.96,1555689.65,1557227.73,144786856512
20230201,130000,1557228.15,1557244.48,1557228.15,1557244,42276300391
20230205,090000,1557244,1557244,1540183.75,1540183.75,179379348409
20230205,130000,1540183.73,1540189.23,1540183.5,1540189.23,45030230008
20230206,090000,1540189.23,1540189.23,1535104.77,1537870.14,154384839231
20230206,130000,1537869.21,1537869.21,1537856.83,1537859.09,38097083182
20230207,090000,1537859.09,1556512.11,1537859.09,1556512.11,139529796196
20230207,130000,1556511.34,1556516.37,1556511.34,1556516.37,29146586589
20230207,170000,1556525.78,1556525.78,1556525.78,1556525.78,5826571862
20230208,090000,1556525.78,1561350,1556525.78,1558082.7,127616143151
20230208,130000,1558082.8,1558082.8,1558081.63,1558081.63,15079726818
20230212,090000,1558081.63,1558081.63,1545970.5,1545970.63,91246818554
20230212,130000,1545970.82,1545978.34,1545970.79,1545978.34,19256574717
20230212,170000,1545978.32,1545978.32,1545978.32,1545978.32,3851024133
20230213,090000,1545978.32,1551841.81,1545978.32,1548277.14,97900082004
20230213,130000,1548277.2,1548278.25,1548276.72,1548278.2,25973200497
20230214,090000,1548278.2,1548278.2,1537963.89,1537963.89,93310651737
20230214,130000,1537963.99,1537964.43,1537961.68,1537961.68,12190557334
20230215,090000,1537961.68,1537961.68,1524795.38,1524795.38,83615574235
20230215,130000,1524796.12,1524796.12,1524795.03,1524795.03,11677647150
20230219,090000,1524795.03,1533406.05,1524795.03,1533406.05,102197891033
20230219,130000,1533406.06,1533406.06,1533366.56,1533366.58,40536139637
20230219,170000,1533366.57,1533366.57,1533366.46,1533366.46,10126050942
20230220,090000,1533366.46,1594262.93,1533366.46,1594262.93,232854831826
20230220,130000,1594263.43,1594263.43,1594262.88,1594262.88,25452584881
20230221,090000,1594262.88,1661682.26,1594262.88,1659416.45,349297091118
20230222,090000,1659416.45,1663179.8,1653510.97,1656600.23,265322773065
20230222,130000,1656598.49,1656598.49,1656593.35,1656593.35,21089491040
20230225,090000,1656593.35,1738782.27,1656593.35,1738782.27,372162446669
20230226,090000,1738782.27,1813520.88,1738782.27,1804303.47,603977176726
20230226,130000,1804303.49,1804303.49,1804298.96,1804300.15,135748280145
20230226,170000,1804300.16,1804300.16,1804300.16,1804300.16,22620469834
20230227,090000,1804300.16,1818046.45,1792564.08,1809141.46,556043820234
20230227,130000,1809142.45,1809143.53,1809103.91,1809103.91,106291334359
20230227,170000,1809073.71,1809073.81,1809073.71,1809073.81,35426632648
20230228,090000,1809073.81,1838163.93,1809073.81,1838123.21,296519304235
20230228,130000,1838123.26,1838123.26,1838119.47,1838119.47,61295656342
20230228,170000,1838119.4,1838119.4,1838119.4,1838119.4,12258402296
20230301,090000,1838119.4,1838119.4,1821769.65,1821769.65,277475510366
20230301,130000,1821769.39,1821771.06,1821769,1821771.06,120758769502
20230304,090000,1821771.06,1821771.06,1788212.19,1788212.19,235023919050
20230304,130000,1788212.79,1788214.04,1788209.18,1788209.18,46240269719
20230304,170000,1788209.5,1788214.66,1788209.5,1788214.66,18495726456
20230305,090000,1788214.66,1799131.38,1788214.66,1795944.66,213232866849
20230305,130000,1795944.64,1795955.51,1795944.62,1795955.23,93527328872
20230306,090000,1795955.23,1795955.23,1781020.28,1785707.9,242915221079
20230306,130000,1785687.46,1785687.46,1785666.27,1785666.27,49942934773
20230306,170000,1785667.71,1785669.75,1785667.71,1785669.75,33285450612
20230307,090000,1785669.75,1817611.33,1785669.75,1817610.75,244599618811
20230307,130000,1817611.07,1817611.13,1817611.07,1817611.13,23059673854
20230307,170000,1817611.17,1817611.5,1817611.17,1817611.5,23059310904
20230311,090000,1817611.5,1828290.32,1816765.44,1816765.48,299500287886
20230311,130000,1816742.51,1816743.98,1816739.77,1816739.77,69797059540
20230311,170000,1816738.79,1816738.79,1816738.79,1816738.79,11632442293
20230312,090000,1816738.79,1816738.79,1783165.43,1783165.43,188058427048
20230312,130000,1783174.75,1783196.85,1783174.75,1783196.85,76641214085
20230312,170000,1783196.92,1783197,1783196.92,1783197,15322081726
20230313,090000,1783197,1789173.23,1781626.77,1781626.77,156289787649
20230313,130000,1781630.61,1781632.05,1781630.61,1781632.05,21464723264
20230314,090000,1781632.05,1784011.1,1781632.05,1782995.97,162493493884
20230314,130000,1782996.06,1782998.82,1782987.67,1782987.67,35136922291
20230315,090000,1782987.67,1820990.03,1782987.67,1820990.03,181959770432
20230315,130000,1820990.02,1820990.02,1820987.88,1820987.97,101060262565
20230315,170000,1820987.6,1820987.6,1820987.6,1820987.6,10088756329
20230318,090000,1820987.6,1906542.01,1820987.6,1905758.14,364417695456
20230318,130000,1905758.53,1905758.53,1905745.01,1905745.01,39515647852
20230319,090000,1905745.01,1960461.63,1905745.01,1960461.63,286029141677
20230319,130000,1960458.18,1960458.18,1960457.33,1960457.33,38089554079
20230319,170000,1960457.36,1960457.36,1960457.36,1960457.36,12695663389
20230325,090000,1960457.36,1998328.42,1960457.36,1998326.98,263764239339
20230325,130000,1998326.64,1998326.64,1998281.39,1998281.39,109098051926
20230326,090000,1998281.39,2033932.26,1998281.39,2018773.76,297408218984
20230326,130000,2018777.21,2018777.21,2018760.25,2018760.25,39214068158
20230326,170000,2018760.29,2018760.29,2018760.29,2018760.29,13068425233
20230327,090000,2018760.29,2029191.27,2010283.36,2029191.27,259606822749
20230327,130000,2029197.74,2029198.21,2029197.74,2029198.21,22223536298
20230328,090000,2029198.21,2046906.2,2029198.21,2044499.95,324751548077
20230328,130000,2044499.49,2044499.49,2044408.49,2044408.49,25989945054
20230329,090000,2044408.49,2078711.46,2044408.49,2078711.43,329565415320
20230329,130000,2078712.48,2078712.48,2078712.47,2078712.47,28177452792
20230329,170000,2078712.43,2078712.43,2078712.31,2078712.31,56329056020
20230403,090000,2078712.31,2089948.36,2055777.65,2089948.36,362932162073
20230403,130000,2089948.48,2089951.32,2089948.48,2089951.32,45479845460
20230403,170000,2089951.31,2089951.31,2089951.31,2089951.31,15159278796
20230404,090000,2089951.31,2134414,2089951.31,2119111.28,404672917218
20230404,130000,2119111.29,2119111.49,2119105.89,2119105.89,96044234403
20230405,090000,2119105.89,2137468.44,2110775.93,2137468.44,328726650693
20230405,130000,2137464.9,2137464.9,2137464.9,2137464.9,14482019342
20230408,090000,2137464.9,2204004.51,2137464.9,2202387.31,447555332830
20230408,130000,2202387.41,2202387.41,2202385.47,2202385.47,57380445850
20230408,170000,2202385.45,2202385.49,2202385.45,2202385.49,57374620181
20230409,090000,2202385.49,2214493.54,2202385.49,2212643.14,444511147202
20230409,130000,2212643.02,2212643.02,2212642.97,2212642.98,54116817375
20230410,090000,2212642.98,2229585.85,2190311.06,2190311.06,474789408418
20230410,130000,2190311.03,2190311.03,2190307.23,2190307.23,164491505394
20230411,090000,2190307.23,2190307.23,2172963.36,2179922.28,356653887362
20230411,130000,2179922.45,2179922.45,2179922.02,2179922.07,56821985913
20230415,090000,2179922.07,2253946.46,2179922.07,2253946.41,448403560523
20230416,090000,2253946.41,2276355.12,2253946.41,2275064.35,552740608386
20230416,130000,2275064.41,2275066.71,2275064.41,2275066.71,39817142196
20230417,090000,2275066.71,2289646.22,2269288.2,2289286.52,460914720830
20230417,130000,2289286.66,2289287.41,2289286.66,2289287.41,35933987072
20230418,090000,2289287.41,2331489.38,2289287.41,2325434.15,588357679140
20230418,130000,2325434.2,2325435.56,2325434.2,2325435.56,190190100251
20230418,170000,2325437.38,2325437.38,2325437.38,2325437.38,21124438100
20230419,090000,2325437.38,2329684.75,2319355.92,2324133.32,412741610938
20230419,130000,2324133.03,2324133.03,2324132.77,2324132.99,49868261799
20230419,170000,2324132.93,2324132.93,2324132.69,2324132.69,49867740387
20230424,090000,2324132.69,2326496.37,2315037.03,2326496.37,356252004284
20230424,130000,2326494.69,2326494.69,2326493.77,2326493.79,40932015634
20230424,170000,2326493.85,2326494.3,2326493.85,2326494.3,27270837144
20230425,090000,2326494.3,2378225.78,2326494.3,2368828.83,501018731166
20230425,130000,2368828.38,2368828.91,2368828.26,2368828.91,192847811908
20230425,170000,2368712.32,2368712.32,2368712.32,2368712.32,17528129146
20230426,090000,2368712.32,2368712.32,2352202.32,2365288.54,425592912007
20230426,130000,2365286.91,2365287.02,2365286.91,2365287.02,35942391360
20230429,090000,2365287.02,2438542.25,2365287.02,2438542.25,648572905988
20230429,130000,2438542.63,2438552.5,2438542.63,2438552.42,1090563481677
20230429,170000,2438552.44,2438553.04,2438552.44,2438553.04,208228739047
20230430,090000,2438553.04,2479441.56,2438553.04,2479403.24,549525820949
20230430,130000,2479394.23,2479394.23,2479339.71,2479339.71,157083685831
20230430,170000,2479339.73,2479339.73,2479339.73,2479339.73,19629864000
20230501,090000,2479339.73,2488831.48,2471207.08,2480639.87,520433627690
20230502,090000,2480639.87,2518331.91,2480639.87,2518331.91,479034344953
20230502,130000,2518331.79,2518331.79,2518331.79,2518331.79,19389858271
20230503,090000,2518331.79,2526343.44,2514680.37,2514680.55,551430134946
20230503,130000,2514680.68,2514680.68,2514673.41,2514673.41,192317011302
20230506,090000,2514673.41,2535234.2,2514673.41,2535234.2,595178531180
20230506,130000,2535234.18,2535236.6,2535234.18,2535236.56,145931606983
20230506,170000,2535236.54,2535236.54,2535236.54,2535236.54,24321643548
20230507,090000,2535236.54,2548226.94,2440193.26,2440193.26,666145541609
20230507,130000,2440193.31,2440193.31,2440176.25,2440176.25,86761102769
20230507,170000,2440167.52,2440167.52,2440167.52,2440167.52,21689300180
20230508,090000,2440167.52,2440167.52,2314406.96,2314406.96,396112209917
20230508,130000,2314406.97,2314407.83,2314406.69,2314407.83,257759375968
20230508,170000,2314407.84,2314408.52,2314407.84,2314408.37,186879801033
20230509,090000,2314408.37,2314408.37,2260949.83,2305826.89,661789630068
20230509,130000,2305827,2305840.52,2305826.52,2305838.37,236540107619
20230509,170000,2305838.35,2305838.35,2305838.35,2305838.35,23649508737
20230510,090000,2305838.35,2334352.66,2277746.15,2277746.15,514829912913
20230510,130000,2277730.32,2277730.32,2277712.97,2277712.97,141532189382
20230510,170000,2277712.94,2277713.14,2277712.94,2277713.14,35379730668
20230513,090000,2277713.14,2277713.14,2211924.96,2214046.69,410036971006
20230513,130000,2214045.62,2214045.64,2214024.27,2214024.27,148863001747
20230514,090000,2214024.27,2285906,2214024.27,2285903.98,459141619875
20230514,130000,2285903.97,2285903.97,2285903.96,2285903.96,32816947384
20230515,090000,2285903.96,2301840.18,2285903.96,2301371.74,372579916880
20230515,130000,2301371.91,2301380.1,2301371.21,2301380.1,54383455749
20230517,090000,2301380.1,2321348.23,2301380.1,2321348.23,261539528280
20230517,130000,2321348.24,2321348.43,2321345.97,2321345.97,125162111737
20230517,170000,2321345.04,2321345.04,2321336.07,2321336.07,68260849097
20230520,090000,2321336.07,2328863.57,2298010.26,2298010.27,324116318836
20230520,130000,2298008.51,2298008.51,2297985.06,2297985.45,74589467771
20230520,170000,2297985.44,2297986.02,2297985.41,2297985.8,62145152910
20230521,090000,2297985.8,2302769.87,2290740.93,2302769.87,231635655154
20230521,130000,2302768.16,2302768.16,2302700.15,2302703.33,97266174868
20230521,170000,2302704.9,2302705.5,2302704.9,2302705.5,19433779322
20230522,090000,2302705.5,2319882.49,2302705.5,2318508.05,343338923333
20230522,130000,2318507.88,2318507.88,2318506.24,2318506.52,37640340988
20230523,090000,2318506.52,2337115.57,2318506.52,2330799.83,262676445251
20230523,130000,2330799.82,2330799.88,2330799,2330799.1,89229362967
20230524,090000,2330799.1,2352200.49,2330799.1,2345969.74,323187656898
20230524,130000,2345968.65,2345968.65,2345967.27,2345967.5,99036170688
20230527,090000,2345967.5,2345967.5,2311250.95,2311251.4,244069363927
20230527,130000,2311250.99,2311250.99,2311221.58,2311221.79,110294975736
20230528,090000,2311221.79,2311221.79,2255265.83,2257022.68,315608836321
20230528,130000,2257021.23,2257022.27,2257009.76,2257009.76,115220948392
20230528,170000,2257012.73,2257012.82,2257012.73,2257012.82,23033745782
20230529,090000,2257012.82,2275477.63,2257012.82,2275394.99,223622069696
20230529,130000,2275393.31,2275394.6,2275393.31,2275394.6,42887115844
20230529,170000,2275394.61,2275394.67,2275394.61,2275394.67,17152122296
20230530,090000,2275394.67,2289926.14,2275394.67,2288438.22,208796090724
20230530,130000,2288428.11,2288428.11,2288427.05,2288427.05,17148375132
20230531,090000,2288427.05,2288551.04,2268881.57,2271045.32,199716766317
20230531,130000,2271045.16,2271045.16,2271041.38,2271042.39,85633480341
20230603,090000,2271042.39,2279680.06,2270566.86,2279680.06,147965870496
20230603,130000,2279682.93,2279682.93,2279682.93,2279682.93,5997557952
20230603,170000,2279682.9,2279682.9,2279681.78,2279681.78,11994615904
20230606,090000,2279681.78,2289549.36,2279681.78,2289549.02,186017213187
20230607,090000,2289549.02,2291934.19,2288448.2,2288448.31,180904203782
20230607,130000,2288448.37,2288448.45,2288439.03,2288439.03,23522610170
20230610,090000,2288439.03,2288439.03,2215066.87,2215066.88,212108560227
20230610,130000,2215065.89,2215065.89,2215055.38,2215058.32,31426122001
20230611,090000,2215058.32,2215058.32,2208206.01,2208208.33,175461003983
20230611,130000,2208208.93,2208214.42,2208208.93,2208212.49,43410094998
20230611,170000,2208212.5,2208212.5,2208212.5,2208212.5,7235015833
20230612,090000,2208212.5,2209040.6,2145405.98,2145405.98,242299747496
20230612,130000,2145407.69,2145415.37,2145407.69,2145415.06,97555963915
20230612,170000,2145415.43,2145415.74,2145415.43,2145415.74,19507823604
20230613,090000,2145415.74,2155169.93,2145415.74,2155169.93,165712407492
20230613,130000,2155170.33,2155198.3,2155170.33,2155197.66,87029162666
20230614,090000,2155197.66,2183805.9,2155197.66,2182107.15,175637673947
20230614,130000,2182107.14,2182107.14,2182106.84,2182106.87,21225544246
20230614,170000,2182106.86,2182106.86,2182106.86,2182106.86,7075034668
20230617,090000,2182106.86,2189707.56,2182106.86,2182809.09,161727175520
20230617,130000,2182815.71,2182824.62,2182803.73,2182803.76,53828209246
20230617,170000,2182803.74,2182812.18,2182803.74,2182812.18,26909212588
20230618,090000,2182812.18,2182812.18,2162719.33,2162887.87,195708859673
20230618,130000,2162887.54,2162917.51,2162887.54,2162917.51,104501646164
20230618,170000,2162917.5,2162917.5,2162916.86,2162916.86,14919350732
20230619,090000,2162916.86,2168397.68,2162315.18,2164222.08,196000790987
20230619,130000,2164222.01,2164226.43,2164222.01,2164224.57,30824294595
20230619,170000,2164224.7,2164226.3,2164224.7,2164226.3,38528881642
20230620,090000,2164226.3,2166944.72,2161119.94,2166944.72,104738677663
20230620,130000,2166945.29,2166947.42,2166945.29,2166947.42,14715660605
20230620,170000,2166947.43,2166947.43,2166947.43,2166947.43,4905142581
20230621,090000,2166947.43,2177070.93,2166947.43,2173887.43,128492680407
20230621,130000,2173889.52,2173893.39,2173889.52,2173893.39,20781474618
20230624,090000,2173893.39,2174001.36,2162573.39,2162611.94,185112733313
20230624,130000,2162616.42,2162617.24,2162616.26,2162616.29,32248015753
20230625,090000,2162616.29,2189680.07,2162616.29,2189680.07,59997775108
20230626,090000,2189601.7,2196707.75,2188218.31,2196127.26,157768198914
20230626,130000,2196127.37,2196132.56,2196126.7,2196131.71,26066360151
20230626,170000,2196131.3,2196131.3,2196127.75,2196127.75,32574963514
20230627,090000,2196127.75,2196127.75,2168203.63,2168203.63,140033594071
20230627,130000,2168205.03,2168206.53,2168197.05,2168197.09,44246521132
20230627,170000,2168197.35,2168205.25,2168197.35,2168205.25,37920759097
20230628,090000,2168205.25,2168205.25,2152388.34,2153395.37,128237922768
20230628,130000,2153395.63,2153410.77,2153395.63,2153408.11,49892582653
20230628,170000,2153408,2153410.64,2153408,2153410.64,11083776892
20230701,090000,2153410.64,2153672.12,2143920.16,2143920.16,115572804063
20230701,130000,2143914.86,2143917.92,2143914.86,2143914.9,35238989262
20230701,170000,2143914.86,2143914.86,2143914.86,2143914.86,5033870646
20230702,090000,2143914.86,2157730.49,2143914.86,2157374.83,160736645584
20230702,130000,2157374.72,2157377.35,2157374.72,2157377.35,17366663560
20230702,170000,2157377.11,2157377.13,2157377.11,2157377.13,11577665906
20230703,090000,2157377.13,2183420.5,2157377.13,2183420.5,137872715028
20230703,130000,2183422.7,2183422.71,2183405.86,2183405.94,26439047320
20230703,170000,2183405.95,2183405.95,2183405.5,2183405.5,19827566436
20230704,090000,2183405.5,2203916.82,2183405.5,2202100.77,173092011579
20230704,130000,2202093.59,2202093.59,2202092.47,2202092.47,20893283684
20230705,090000,2202092.47,2205694.54,2202092.47,2202663.61,135446596452
20230705,130000,2202663.57,2202663.9,2202656.96,2202656.96,30593238908
20230708,090000,2202656.96,2204323.98,2195130.51,2195130.56,124697552818
20230708,130000,2195133.38,2195136.26,2195132.84,2195132.84,40557581245
20230708,170000,2195132.94,2195132.99,2195132.94,2195132.99,10133634676
20230709,090000,2195132.99,2195132.99,2176360.74,2176360.74,133242241788
20230709,130000,2176360.71,2176363.38,2176359,2176359,35368013657
20230710,090000,2176359,2176359,2158529.63,2158529.72,131263267506
20230710,130000,2158525.45,2158534.46,2158525.45,2158534.25,52295783763
20230710,170000,2158533.89,2158533.89,2158533.89,2158533.89,5809692414
20230711,090000,2158533.89,2158533.89,2128373.07,2128373.21,168489038304
20230711,130000,2128374.58,2128382.76,2128373.04,2128378.42,102276269368
20230711,170000,2128378.41,2128378.41,2128378.41,2128378.41,8521250936
20230712,090000,2128378.41,2128378.41,2071429.46,2071429.46,184254892222
20230712,130000,2071429.47,2071429.47,2071404.28,2071404.28,32525093401
20230715,090000,2071404.28,2081633.72,2070889.73,2070890.41,105452511774
20230715,130000,2070894.97,2070894.97,2070890.25,2070890.25,18746931045
20230716,090000,2070890.25,2070890.25,2021296.66,2021296.66,144412519577
20230716,130000,2021295.52,2021295.52,2021290.55,2021290.55,17645658370
20230716,170000,2021277.58,2021297.64,2021266.23,2021297.64,35262564020
20230717,090000,2021297.64,2021297.64,1955605.06,1956634.69,172742442735
20230717,130000,1956634.75,1956634.75,1956634.03,1956634.03,38921148496
20230718,090000,1956634.03,1999756.8,1956634.03,1999756.8,184394646146
20230718,130000,1999757.12,1999761.17,1999757.12,1999759.27,44922030199
20230718,170000,1999759.31,1999759.31,1999719.93,1999719.93,14970799816
20230719,090000,1999719.93,2027397.14,1999719.93,2016382.41,120104556140
20230719,130000,2016383.36,2016385.84,2016383.36,2016385.84,17735607252
20230719,170000,2016385.63,2016385.63,2016385.63,2016385.63,5911763876
20230722,090000,2016385.63,2016385.63,1983103.73,1983103.89,107362092306
20230722,130000,1983122.63,1983137.86,1983122.63,1983133.62,46042449709
20230723,090000,1983133.62,1983191.21,1976944.1,1976944.1,81202472903
20230723,130000,1976944.12,1976948.31,1976942.41,1976948.21,25580109516
20230723,170000,1976944.85,1976944.85,1976944.85,1976944.85,3638934500
20230724,090000,1976944.85,1998451.99,1976944.85,1998451.99,96331705420
20230724,130000,1998454.05,1998454.05,1998453.62,1998453.98,12070640136
20230724,170000,1998455.12,1998459.3,1998455.12,1998459.29,20100669280
20230725,090000,1998459.29,2010904.69,1998459.29,2001897.64,116890674592
20230725,130000,2001897.58,2001897.63,2001895.76,2001897.09,34144751388
20230726,090000,2001897.09,2001897.09,1997258.27,2000562.95,117710041211
20230726,130000,2000565.68,2000565.68,2000511.16,2000525.22,46542694303
20230729,090000,2000525.22,2002843.37,1996757.96,1996757.96,91947786158
20230729,130000,1996756.84,1996758.86,1996753,1996755.8,32720296825
20230729,170000,1996755.92,1996755.92,1996755.92,1996755.92,4087515263
20230730,090000,1996755.92,1996755.92,1967675.87,1967678.87,195294117223
20230730,130000,1967679.23,1967685.09,1967671.57,1967673.67,324891355172
20230730,170000,1967668.96,1967668.96,1967667.05,1967667.47,20277787413
20230731,090000,1967667.47,1973914.56,1967667.47,1973914.56,103471336213
20230731,130000,1973914.58,1973916.78,1973910.11,1973910.17,23495924709
20230801,090000,1973910.17,1993670.33,1973910.17,1993670.22,86128690528
20230801,130000,1993670.33,1993670.33,1993659.95,1993659.95,56756270599
20230801,170000,1993659.44,1993659.44,1993659.21,1993659.21,8604952406
20230805,090000,1993659.21,2033043.8,1993659.21,2033043.8,147849189763
20230805,130000,2033043.81,2033048.43,2033043.18,2033048.1,66342232711
20230806,090000,2033048.1,2040042.29,2032929.42,2040041.5,109834114253
20230806,130000,2040038.73,2040038.73,2040016.64,2040016.64,48936273810
20230806,170000,2040016.66,2040016.66,2040011.66,2040011.66,9781632326
20230807,090000,2040011.66,2052426.95,2040011.66,2051121.63,161930170538
20230807,130000,2051121.07,2051121.62,2051072.8,2051072.8,55522616208
20230807,170000,2051072.68,2051072.69,2051072.63,2051072.69,27745916996
20230808,090000,2051072.69,2051072.69,2037863.94,2037863.94,104648859162
20230808,130000,2037863.59,2037869.81,2037860.82,2037869.33,42872353864
20230809,090000,2037869.33,2042442.08,2036337.22,2036982.45,80699440924
20230809,130000,2036980.06,2036982.32,2036980.06,2036982.32,19804896984
20230809,170000,2036983.96,2036985.52,2036983.96,2036985.52,15841584270
20230812,090000,2036985.52,2036985.52,1989672.37,1989672.37,129255209606
20230812,130000,1989659.44,1989659.44,1989638.28,1989639.83,52961625696
20230812,170000,1989639.82,1989639.82,1989639.82,1989639.82,5295548284
20230813,090000,1989639.82,1989639.82,1983572.38,1987928.21,112113030008
20230813,130000,1987930.27,1987941.88,1987930.27,1987941.88,28707998296
20230813,170000,1987936.43,1987936.43,1987917.93,1987917.93,9568391332
20230814,090000,1987917.93,1999683.47,1987917.93,1997045.5,88813207563
20230814,130000,1997045.51,1997046.1,1997045.51,1997046.1,15570524370
20230814,170000,1997033.88,1997033.88,1997030.28,1997030.34,23307902440
20230815,090000,1997030.34,1997030.34,1978166.89,1978166.89,104373730653
20230815,130000,1978170.35,1978187.83,1978170.35,1978182.77,18677871958
20230816,090000,1978182.77,1978949.02,1973685.65,1973685.65,79581312552
20230816,130000,1973676.13,1973676.13,1973597.53,1973597.53,16480790623
20230816,170000,1973597.25,1973597.29,1973597.25,1973597.29,6571550218
20230819,090000,1973597.29,1973791.67,1957535.5,1957535.54,86985966886
20230819,130000,1957537.03,1957537.03,1957523.33,1957523.33,32332969094
20230819,170000,1957518.5,1957518.5,1957509.9,1957509.9,12104367796
20230820,090000,1957509.9,1957509.9,1953450.59,1954030.77,97560981614
20230820,130000,1954029.21,1954031.03,1954025.4,1954029.68,31445994892
20230820,170000,1954029.72,1954029.72,1954029.72,1954029.72,3929515252
20230821,090000,1954029.72,1958683.83,1954029.72,1956441.37,72051588182
20230821,130000,1956441.83,1956443.78,1956440.99,1956442.26,23857539234
20230821,170000,1956441.36,1956441.36,1956441.36,1956441.36,3407248806
20230822,090000,1956441.36,1956441.36,1938224.85,1938224.85,88912778949
20230822,130000,1938224.76,1938248.44,1938224.76,1938248.44,52326011027
20230822,170000,1938253.44,1938253.44,1938253.44,1938253.44,4021779851
20230823,090000,1938253.44,1946638.54,1937952.97,1946638.5,70634622152
20230823,130000,1946637.97,1946637.97,1946604.46,1946604.46,94839149505
20230823,170000,1946593.88,1946593.88,1946593.88,1946593.88,3634396441
20230826,090000,1946593.88,1993111.51,1946593.88,1993111.51,137845849612
20230826,130000,1993111.45,1993111.45,1993085.36,1993085.36,27725854956
20230826,170000,1993085.2,1993097.21,1993072.37,1993097.21,77363388342
20230827,090000,1993097.21,2051488.55,1993097.21,2051488.55,235547996123
20230827,130000,2051488.54,2051489.39,2051488.44,2051489.39,86029437047
20230827,170000,2051488.39,2051488.39,2051471.9,2051471.9,66885170524
20230828,090000,2051471.9,2084849.58,2051471.9,2084217.76,203978387686
20230828,130000,2084217.77,2084217.77,2084206.63,2084206.63,72777955272
20230828,170000,2084210,2084210,2084168.35,2084168.35,64260045051
20230829,090000,2084168.35,2101027.44,2084168.35,2095073.12,171979393010
20230829,130000,2095073.03,2095073.03,2095048.55,2095048.87,53574226911
20230829,170000,2095048.88,2095048.88,2095048.88,2095048.88,6695774108
20230830,090000,2095048.88,2105033.34,2095048.88,2104820.77,183553389642
20230830,130000,2104820.78,2104820.78,2104820.51,2104820.54,39734412836
20230830,170000,2104820.53,2104820.53,2104683.78,2104683.78,111120815181
20230902,090000,2104683.78,2110130.85,2103538.98,2105702.84,149033076836
20230902,130000,2105702.52,2105702.52,2105644.38,2105644.38,101831637662
20230903,090000,2105644.38,2112118.51,2104763.01,2111865.35,115781902587
20230903,130000,2111865.29,2111865.29,2111648.56,2111648.56,89553770394
20230903,170000,2111648.55,2111648.55,2111648.55,2111648.55,4961866416
20230904,090000,2111648.55,2136142.78,2111648.55,2136142.56,155711851213
20230904,130000,2136141.33,2136150.13,2136141.33,2136146.97,79508056756
20230904,170000,2136146.96,2136146.96,2136144.23,2136144.23,13245613074
20230905,090000,2136144.23,2155375.05,2136144.23,2150984.71,172555214546
20230905,130000,2150983.15,2150983.15,2150973.5,2150976.37,74650644123
20230905,170000,2150975.62,2150975.62,2150975.33,2150975.33,27134713359
20230909,090000,2150975.33,2150975.33,2129667.07,2129667.07,134348513823
20230909,130000,2129667.08,2129667.08,2129626.96,2129626.96,56833133461
20230909,170000,2129626.95,2129626.95,2129608.63,2129608.63,17026240325
20230910,090000,2129608.63,2129608.63,2123033.79,2123633.28,97769164983
20230910,130000,2123628.73,2123650.19,2123628.7,2123629.02,88658583702
20230910,170000,2123629.03,2123629.03,2123629.03,2123629.03,4213931073
20230911,090000,2123629.03,2124251.7,2122651.05,2122651.51,83807751448
20230911,130000,2122651.52,2122651.52,2122615.88,2122615.88,44738554128
20230911,170000,2122597.25,2122617.1,2122594.98,2122617.1,20305031200
20230912,090000,2122617.1,2129363.68,2122617.1,2127249.65,96970801686
20230912,130000,2127247.01,2127247.01,2127079.59,2127079.62,67180835496
20230912,170000,2127079.51,2127079.51,2127079.51,2127079.51,4186998520
20230913,090000,2127079.51,2130511.41,2126691.44,2126770.35,90996456143
20230913,130000,2126770.36,2126770.36,2126757.57,2126757.57,45632800412
20230913,170000,2126756.42,2126756.42,2126741.22,2126741.69,53794323259
20230917,090000,2126741.69,2135991.34,2126741.69,2135792.45,119863314469
20230917,130000,2135792.44,2135792.44,2135781,2135781,31438831162
20230917,170000,2135780.7,2135784.05,2135773.12,2135780.43,140308633983
20230918,090000,2135780.43,2136690.8,2133479.3,2133479.48,118613477246
20230918,130000,2133479.77,2133488.82,2133475.29,2133484.71,105287752024
20230918,170000,2133484.44,2133490.52,2133484.44,2133490.52,39433980219
20230919,090000,2133490.52,2133490.52,2128458.97,2128461.24,94126563685
20230919,130000,2128460.69,2128464.74,2128460.69,2128461.88,48390518216
20230919,170000,2128461.64,2128489.44,2128461.64,2128489.32,16096843592
20230920,090000,2128489.32,2128489.32,2121134.7,2121188.36,79408245381
20230920,130000,2121190.24,2121212.99,2121188.15,2121212.99,38417317368
20230920,170000,2121213,2121213,2121213,2121213,3840478269
20230923,090000,2121213,2122082.96,2118360.6,2118361.29,82693569155
20230923,130000,2118361.23,2118361.23,2118345.97,2118346.14,21719429799
20230923,170000,2118346.38,2118346.6,2118346.38,2118346.6,7237483938
20230925,090000,2118346.6,2118346.6,2101015.02,2101015.02,122887987715
20230925,130000,2101014.87,2101032.24,2101014.87,2101030.17,64854382311
20230925,170000,2101029.39,2101037.12,2101029.39,2101035.29,27006215219
20230926,090000,2101035.29,2101158.22,2097711.99,2097711.99,84393958285
20230926,130000,2097712.29,2097726.99,2097712.15,2097726.99,26303524526
20230927,090000,2097726.99,2099452.71,2097726.99,2097977.33,105404413659
20230927,130000,2097977.24,2097979.86,2097976.32,2097976.32,17320058422
20230927,170000,2097976.5,2097976.85,2097976.5,2097976.85,17306852496
20230930,090000,2097976.85,2098960.07,2084576.14,2084576.22,121481876033
20230930,130000,2084569.36,2084569.36,2084536.31,2084536.31,78807779937
20230930,170000,2084535.95,2084535.95,2084534.8,2084534.8,9812088104
20231001,090000,2084534.8,2084534.8,2067159.89,2067159.92,147977664931
20231001,130000,2067163.35,2067167.31,2067163.35,2067167.31,51353892436
20231001,170000,2067167.78,2067170.89,2067164.41,2067164.41,142599864679
20231002,090000,2067164.41,2067831.19,2066690.46,2067534.48,104975368801
20231002,130000,2067536.75,2067537.15,2067536.14,2067537.15,29575054980
20231002,170000,2067537.55,2067537.63,2067537.55,2067537.63,12663693922
20231004,090000,2067537.63,2070900.16,2067537.63,2069800.84,80562707897
20231004,130000,2069800.75,2069800.75,2069749.14,2069749.14,14470861126
20231004,170000,2069749.18,2069749.24,2069749.18,2069749.24,7232148866
20231007,090000,2069749.24,2069749.24,2052885.15,2052885.23,88373711748
20231007,130000,2052885.16,2052888.48,2052864.3,2052864.3,60676532563
20231007,170000,2052879.26,2052879.26,2052879.26,2052879.26,4330004666
20231008,090000,2052879.26,2052879.26,2001268.93,2001268.93,184711017204
20231008,130000,2001267.83,2001267.83,2001255.5,2001266.67,85014942367
20231009,090000,2001266.67,2010196.44,2000422.19,2005626.71,124406948184
20231009,130000,2005626.68,2005628.46,2005595.13,2005595.13,23348993458
20231009,170000,2005595.1,2005595.1,2005595.1,2005595.1,4669082409
20231010,090000,2005595.1,2014065.37,2005595.1,2014065.14,79923089437
20231010,130000,2014066.89,2014066.89,2014066.89,2014066.89,3389907995
20231011,090000,2014066.89,2020461.04,2014066.89,2019957.74,71251731490
20231011,130000,2019958.63,2019960.88,2019712.77,2019712.77,23247509266
20231011,170000,2019712.76,2019712.76,2019712.76,2019712.76,3318383709
20231014,090000,2019712.76,2019712.76,2001422.93,2001422.93,103218973017
20231014,130000,2001421.93,2001462.56,2001420.46,2001462.56,67146923586
20231014,170000,2001462.88,2001464.16,2001462.88,2001464.16,8943526378
20231015,090000,2001464.16,2002908.83,2001258,2001960.19,83894890220
20231015,130000,2001960.82,2001967,2001942.55,2001942.55,18486221451
20231016,090000,2001942.55,2018195.71,2001942.55,2018192.77,84751439361
20231016,130000,2018193.52,2018193.52,2018165.84,2018165.84,16236054286
20231016,170000,2018150.37,2018150.37,2018150.37,2018150.37,4054702910
20231017,090000,2018150.37,2031246.28,2018150.37,2031246.28,92259594912
20231017,130000,2031246.42,2031246.42,2031245.31,2031245.31,12311433603
20231018,090000,2031245.31,2031245.31,2023527.86,2023546.99,136862317569
20231018,130000,2023548.04,2023557.05,2023543.79,2023543.79,35074924932
20231021,090000,2023543.79,2026454.31,2023542.68,2024972.98,82172515128
20231021,130000,2024973.38,2024973.38,2024972.78,2024972.78,6442408647
20231022,090000,2024972.78,2033261.99,2024972.78,2032211.03,89851247965
20231022,130000,2032211.26,2032212.53,2032211.26,2032212.53,17908815528
20231022,170000,2032212.11,2032212.11,2032212.11,2032212.11,3581350417
20231023,090000,2032212.11,2032212.11,2021891.38,2021891.38,93064278568
20231023,130000,2021891.41,2021894.24,2021891.41,2021894.06,41234847459
20231023,170000,2021903.66,2021903.66,2021903.44,2021903.57,16402872180
20231024,090000,2021903.57,2021903.57,2000176.92,2000179.31,100571662978
20231024,130000,2000179.15,2000179.15,2000179.15,2000179.15,4348293540
20231024,170000,2000180.62,2000351.08,2000180.62,2000340.38,42673438123
20231025,090000,2000340.38,2002110.6,1999707.31,2002073.52,82883428221
20231025,130000,2002074.29,2002075.11,2002073.06,2002075.11,23496546659
20231025,170000,2002075.13,2002075.13,2002075.13,2002075.13,3914838095
20231028,090000,2002075.13,2002075.13,1951217.99,1951217.99,173944388445
20231028,170000,1951216.58,1951216.58,1951216.58,1951216.58,6641177973
20231029,090000,1951216.58,1961318.96,1950316.11,1961318.96,98828507942
20231029,130000,1961319.04,1961319.07,1961310.77,1961310.77,81217456640
20231029,170000,1961310.78,1961310.78,1961310.78,1961310.78,4060283054
20231030,090000,1961310.78,1981572.58,1961310.78,1981572.58,95154635128
20231030,130000,1981572.71,1981572.93,1981414.18,1981414.18,36483013245
20231031,090000,1981414.18,1985257.19,1981203.78,1981203.78,84720111927
20231031,130000,1981203.76,1981204.29,1981203.76,1981204.29,7568616014
20231031,170000,1981204.69,1981204.69,1981204.69,1981204.69,3784308007
20231101,090000,1981204.69,1981204.69,1967737.37,1970551.45,121362271089
20231101,130000,1970553.75,1970574.09,1970523.43,1970523.85,123809508440
20231101,170000,1970519.83,1970519.83,1970519.76,1970519.76,18154483894
20231104,090000,1970519.76,1999208.39,1970519.76,1999208.39,120890360591
20231104,130000,1999208.43,1999208.72,1999207.66,1999207.67,74418084148
20231104,170000,1999207.62,1999209.37,1999207.62,1999209.37,14870474189
20231105,090000,1999209.37,2016746.1,1999209.37,2016746.1,106472813251
20231105,130000,2016735.27,2016735.3,2016734.8,2016734.8,23526562150
20231106,090000,2016734.8,2030878.63,2016734.8,2030878.63,110063101451
20231106,130000,2030877.68,2030877.68,2030872.46,2030872.46,24424934645
20231106,170000,2030872.23,2030873.75,2030871.7,2030871.7,24252152231
20231107,090000,2030871.7,2052695.63,2030871.7,2052695.63,169835404762
20231107,130000,2052695.75,2052695.75,2052694.68,2052695.27,30294148775
20231107,170000,2052695.99,2052696,2052695.99,2052696,15144942872
20231108,090000,2052696,2056041.68,2052696,2056041.13,103809653326
20231108,130000,2056041.21,2056041.21,2055944.76,2055944.76,45061642440
20231108,170000,2055944.77,2055944.77,2055944.77,2055944.77,4501567800
20231111,090000,2055944.77,2058764.44,2054307.41,2054307.41,107872700016
20231111,130000,2054416.75,2054483.96,2054416.75,2054482.89,36439853907
20231112,090000,2054482.89,2054646.86,2052563.62,2053634.07,98736623657
20231112,130000,2053635,2053637.77,2053635,2053636.72,13719075729
20231112,170000,2053636.51,2053639.61,2053630.34,2053632.8,45228459330
20231113,090000,2053632.8,2058338.52,2053632.8,2055964.51,110084857339
20231113,130000,2055960.87,2055965.86,2055960.22,2055960.22,42470418508
20231113,170000,2055960.26,2055960.31,2055960.26,2055960.31,9437238512
20231114,090000,2055960.31,2055960.31,2046175.24,2046175.65,101075391653
20231114,130000,2046171.6,2046172,2046169.87,2046171.64,51068199266
20231114,170000,2046171.52,2046171.52,2046065.9,2046067,201012666973
20231114,210000,2046066.95,2046066.95,2046066.95,2046066.95,4151709828
20231115,090000,2046066.95,2046066.95,2038875.25,2038875.25,93983489797
20231115,130000,2038882.11,2038882.11,2038881.47,2038881.47,8251555532
20231115,170000,2038881.27,2038883.38,2038881.27,2038883.38,8249635768
20231118,090000,2038883.38,2038883.38,2028566.07,2028567.62,87543178367
20231118,130000,2028568.22,2028579,2028568.22,2028579,51785609864
20231118,170000,2028579.19,2028579.8,2028579.19,2028579.8,7394539808
20231119,090000,2028579.8,2031133.59,2026262.15,2026262.4,90062867106
20231119,130000,2026262.32,2026262.32,2026238.24,2026241.48,74028258600
20231119,170000,2026241.49,2026241.55,2026241.49,2026241.55,7788546334
20231120,090000,2026241.55,2026254.34,2017915.84,2017915.84,85823104059
20231120,130000,2017917.44,2018011.54,2017915.23,2018007.24,55266920131
20231120,170000,2018007.49,2018007.95,2018007.49,2018007.95,15767412066
20231121,090000,2018007.95,2020144.88,2018007.95,2020144.88,81004372497
20231121,130000,2020145.03,2020153.88,2020135.39,2020153.88,45188520702
20231121,170000,2020153.89,2020153.9,2020153.89,2020153.9,7521465714
20231122,090000,2020153.9,2023975.92,2020153.9,2022392.44,85194968101
20231122,130000,2022391.98,2022391.98,2022357.93,2022357.93,24483540925
20231122,170000,2022334.72,2022334.72,2022332.43,2022332.43,8135549154
20231125,090000,2022332.43,2023339.4,2020017.99,2020017.99,87116286661
20231125,130000,2020018,2020018.25,2019994.71,2019994.73,39628010741
20231125,170000,2019995.08,2019995.08,2019988.18,2019988.18,11839669662
20231126,090000,2019988.18,2024478.19,2019988.18,2024478.13,110392723412
20231126,130000,2024478.22,2024478.22,2024453.95,2024458.04,46868036959
20231126,170000,2024444.79,2024447.95,2024444.79,2024447.91,18726213378
20231127,090000,2024447.91,2027865.49,2024447.91,2026095.77,97224437418
20231127,130000,2026095.08,2026095.08,2026086.08,2026086.11,25215879925
20231127,170000,2026088.41,2026088.41,2026074.82,2026074.82,12588252882
20231128,090000,2026074.82,2031905.3,2026074.82,2031903.51,94129424054
20231128,130000,2031903.37,2031903.37,2031879.44,2031879.44,52443273292
20231128,170000,2031879.45,2031879.57,2031879.45,2031879.57,8731857828
20231129,090000,2031879.57,2060377.04,2031879.57,2060377.04,152356684811
20231129,130000,2060377.02,2060377.02,2060343.32,2060345.27,53664180716
20231129,170000,2060345.28,2060345.33,2060345.28,2060345.33,13402065648
20231202,090000,2060345.33,2088078.73,2060345.33,2087777.78,180505606804
20231202,130000,2087777.8,2087777.8,2087696.02,2087696.02,27945502517
20231203,090000,2087696.02,2121185.22,2087696.02,2121185.22,190046380331
20231203,130000,2121190.45,2121199.15,2121190.45,2121199.15,111218514486
20231204,090000,2121199.15,2165467.32,2121199.15,2165228.34,238620568218
20231204,130000,2165228.3,2165228.3,2165228.24,2165228.24,28872349889
20231204,170000,2165228.25,2165228.25,2165228.25,2165228.25,9624103285
20231205,090000,2165228.25,2177243.13,2165193.71,2176536.12,215010276209
20231205,130000,2176536.16,2176537.73,2176533.49,2176533.49,44140788330
20231205,170000,2176496.47,2176503.65,2176496.47,2176503.65,26449909450
20231206,090000,2176503.65,2177475.7,2171051.08,2171051.13,131720653272
20231206,130000,2171050.39,2171050.39,2171023.38,2171023.38,50312556594
20231209,090000,2171023.38,2171496.4,2161021.7,2161022.53,134138246151
20231209,130000,2161034.56,2161040.94,2160964.06,2160964.25,90341713299
20231209,170000,2160964.26,2160965.02,2160964.26,2160965.02,22551919438
20231210,090000,2160965.02,2161427,2159416.61,2161077.58,104808177343
20231210,130000,2161077.55,2161077.55,2161071.33,2161072.2,67468396285
20231210,170000,2161073.94,2161074.01,2161073.94,2161074.01,14451060216
20231211,090000,2161074.01,2165685.35,2161074.01,2162561.58,120831637948
20231211,130000,2162562.63,2162562.63,2162560.33,2162560.36,36810778490
20231212,090000,2162560.36,2164387.6,2161266.37,2161266.37,129423376017
20231212,130000,2161263.8,2161266.62,2161241.09,2161266.62,64563964448
20231213,090000,2161266.62,2161617.24,2158092.66,2158092.69,100416443084
20231213,130000,2158092.81,2158094.79,2158088.58,2158088.58,46088238854
20231213,170000,2158088.59,2158088.59,2158088.45,2158088.45,9215040032
20231216,090000,2158088.45,2171808.94,2158088.45,2171808.92,112621588610
20231216,130000,2171815.57,2171824.34,2171815.57,2171823.16,53487347539
20231218,090000,2171823.16,2207655.1,2171823.16,2207655.08,184791166746
20231218,130000,2207654.98,2207655.26,2207651.01,2207651.06,48379167486
20231218,170000,2207651.41,2207653.11,2207651.41,2207653.06,56357085336
20231219,090000,2207653.06,2215618.62,2207121.43,2211872.18,171535948542
20231219,130000,2211873.24,2211873.86,2211853.32,2211854.93,76591083338
20231219,170000,2211856.66,2211857.66,2211856.32,2211856.32,20814133653
20231220,090000,2211856.32,2213908.69,2210227.02,2210227.02,120302850193
20231220,130000,2210223.56,2210223.56,2210218.14,2210218.33,94329868810
20231220,170000,2210217.78,2210217.78,2210217.4,2210217.4,11094033604
20231223,090000,2210217.4,2210707.54,2208342.75,2208342.75,119560117111
20231223,130000,2208347.5,2208350.02,2208339.24,2208340.6,60915911503
20231223,170000,2208340.5,2208343.2,2208338.96,2208343.18,50699418913
20231224,090000,2208343.18,2208591.56,2200112.45,2200112.45,114879967969
20231224,130000,2200110.17,2200110.41,2200109.74,2200109.74,36396346586
20231224,170000,2200109.68,2200109.69,2200109.68,2200109.69,10396631872
20231225,090000,2200109.69,2200109.69,2194505.48,2194505.48,113842715335
20231225,130000,2194505.64,2194506.51,2194499.76,2194499.76,39103933970
20231226,090000,2194499.76,2194499.76,2178778.28,2178778.28,126114202697
20231226,130000,2178777.36,2178777.36,2178753,2178753.27,50831954425
20231226,170000,2178752.21,2178752.21,2178752.19,2178752.19,11294071794
20231227,090000,2178752.19,2179319.63,2177455.56,2177455.56,95380955768
20231227,130000,2177457.03,2177457.03,2177410.49,2177410.58,46017010488
20231227,170000,2177410.56,2177410.56,2177410.49,2177410.5,12538810267
20231230,090000,2177410.5,2184189.26,2177410.5,2182725.24,128596032304
20231230,130000,2182720.73,2182720.73,2182717.77,2182717.77,30530939898
20231231,090000,2182717.77,2182828.65,2176119.61,2176119.66,101261977797
20231231,130000,2176119.55,2176119.55,2176104.34,2176104.34,40216989477
20231231,170000,2176103.33,2176103.33,2176095.84,2176102.5,44630893109
20240101,090000,2176102.5,2176386.07,2168327.72,2168327.89,93611755841
20240101,130000,2168327.47,2168328.43,2168326.85,2168326.87,38549303859
20240101,170000,2168309.02,2168309.02,2168309.02,2168309.02,4282671178
20240102,090000,2168309.02,2168309.02,2158798.6,2158799.07,82936519367
20240102,130000,2158799.25,2158799.25,2158765.97,2158766.53,44284501220
20240103,090000,2158766.53,2159186.84,2155089.89,2155283.74,89891723418
20240103,130000,2155276.29,2155276.29,2155232.67,2155234.94,45751926964
20240103,170000,2155234.91,2155234.91,2155234.91,2155234.91,4157080207
20240106,090000,2155234.91,2155297.54,2151951.45,2153701.73,91490043240
20240106,130000,2153702.21,2153702.35,2153699.09,2153702.21,42221493750
20240106,170000,2153703.28,2153719.26,2153703.28,2153710.6,46779454184
20240107,090000,2153710.6,2156925.4,2153710.6,2154816.37,90194893121
20240107,130000,2154816.4,2154817.3,2154776.67,2154776.67,27843728802
20240107,170000,2154776.84,2154777.26,2154775.74,2154775.74,19857525596
20240108,090000,2154775.74,2156552.82,2153975.67,2153975.67,90359439767
20240108,130000,2153975.38,2153975.38,2153974.61,2153974.64,20191835408
20240108,170000,2153973.71,2153973.71,2153953.43,2153955.8,28228356410
20240109,090000,2153955.8,2156885.19,2153482.55,2156522.11,103923573269
20240109,130000,2156519.71,2156519.71,2156350.56,2156372.42,66067607132
20240110,090000,2156372.42,2170964.06,2156372.42,2170964.05,110708035315
20240110,130000,2170964.04,2170966.54,2170963.82,2170966.52,45234563581
20240110,170000,2170966.28,2170966.28,2170964.07,2170964.07,25116553245
20240113,090000,2170964.07,2180935.21,2170923.92,2180516.61,130825362869
20240113,130000,2180516.62,2180519.72,2180513.61,2180518.01,39606270384
20240113,170000,2180520.74,2180534.09,2180520.74,2180534.09,22610273410
20240114,090000,2180534.09,2197295.65,2180534.09,2197295.65,130307607000
20240114,130000,2197295.63,2197295.63,2197287.12,2197290.04,93176114100
20240114,170000,2197290.03,2197290.12,2197290.03,2197290.12,11625907848
20240115,090000,2197290.12,2198211.71,2194998.25,2194998.25,108905219505
20240115,130000,2194998.29,2194998.29,2194996.69,2194998.1,36203172064
20240115,170000,2194999.25,2194999.35,2194999.25,2194999.35,10301422282
20240116,090000,2194999.35,2194999.35,2186968.3,2186968.3,131499624826
20240116,130000,2186968.29,2186979.43,2186962.98,2186970.34,45180625098
20240117,090000,2186970.34,2189101.93,2185979.46,2185979.46,81382748296
20240117,130000,2185978.91,2185979.21,2185977.71,2185979.21,40174203219
20240117,170000,2185979.67,2185984.87,2185977.28,2185977.37,32038410284
20240120,090000,2185977.37,2188213.46,2166944.05,2166944.1,122756092057
20240120,130000,2166944.07,2166944.07,2166925.36,2166927.86,52188208152
20240121,090000,2166927.86,2166927.86,2153203.16,2153203.61,129854101226
20240121,130000,2153203.42,2153212.58,2153203.29,2153211.75,41412774094
20240122,090000,2153211.75,2156266.72,2146547.58,2146547.58,111850535538
20240122,130000,2146545.16,2146563.71,2146545.16,2146563.32,42835701144
20240123,090000,2146563.32,2146563.32,2120035.39,2120035.39,126511307625
20240123,130000,2120035.79,2120054,2120035.23,2120048.66,73637164093
20240124,090000,2120048.66,2124431.27,2120048.66,2123464.87,77593317846
20240124,130000,2123467.58,2123467.59,2123403.71,2123465.22,25806615201
20240124,170000,2123446.1,2123492.5,2123446.1,2123491.41,22311974415
20240127,090000,2123491.41,2128098.52,2123491.41,2126855.59,82290421460
20240127,130000,2126857.24,2126857.24,2126830.59,2126830.59,19296762045
20240127,170000,2126829.7,2126829.7,2126829.7,2126829.7,3859048722
20240128,090000,2126829.7,2128207.22,2126829.7,2128040.5,125172097119
20240128,130000,2128035.51,2128035.85,2128027.65,2128027.65,27188182363
20240129,090000,2128027.65,2128027.65,2120096.45,2120293.78,136886908789
20240129,130000,2120293.69,2120294.32,2120266.57,2120268.03,153785559842
20240130,090000,2120268.03,2120296.62,2110335.92,2110335.92,114659469301
20240130,130000,2110335.68,2110340.48,2110335.68,2110339.44,35999966693
20240131,090000,2110339.44,2110339.44,2105844.24,2107301.76,104169605379
20240131,130000,2107301.77,2107303.72,2107301.76,2107303.43,26523266729
20240131,170000,2107303.56,2107303.56,2107271.8,2107272.64,101186275068
20240203,090000,2107272.64,2114232.64,2107272.64,2111084.14,90927485550
20240203,130000,2111084.01,2111084.01,2111083.6,2111083.62,16561307248
20240203,170000,2111083.6,2111083.6,2111083.35,2111083.35,8278628540
20240204,090000,2111083.35,2111539.79,2100180.92,2100180.92,99248133993
20240204,130000,2100179.28,2100179.28,2100173.81,2100173.81,31394096274
20240204,170000,2100173.83,2100173.83,2100173.83,2100173.83,4481901627
20240205,090000,2100173.83,2100441.73,2098316.91,2098359.12,87666421258
20240205,130000,2098359.3,2098459.69,2098359.3,2098459.69,40653708633
20240205,170000,2098452.54,2098471.96,2098452.54,2098471.96,14557160180
20240206,090000,2098471.96,2099449.93,2097255.31,2097255.31,72378340916
20240206,130000,2097254.47,2097254.82,2097246.91,2097246.91,16223529950
20240206,170000,2097247.06,2097247.43,2097247.06,2097247.43,9733516803
20240207,090000,2097247.43,2098120.47,2097051.61,2098087.96,88348259711
20240207,130000,2098087.12,2098087.12,2098028.06,2098028.28,82509944035
20240207,170000,2098023.41,2098026.31,2098022.5,2098026.31,19477543815
20240210,090000,2098026.31,2100869.33,2098026.31,2100105.31,83649954345
20240210,130000,2100105.25,2100105.25,2100104.31,2100104.33,21340071204
20240212,090000,2100104.33,2100199.18,2091900.93,2091900.93,82841695936
20240212,130000,2091896.72,2091898.4,2091894.8,2091898.21,34417873468
20240213,090000,2091898.21,2094567.83,2090304.69,2090304.74,100568577026
20240213,130000,2090304.7,2090304.7,2090300.02,2090300.02,26123543074
20240213,170000,2090299.68,2090317.88,2090299.68,2090317.88,13056467368
20240214,090000,2090317.88,2090317.88,2078530.39,2078530.39,99557627439
20240214,130000,2078528.71,2078545.73,2078526.34,2078545.73,26684119230
20240214,170000,2078540.1,2078540.1,2078540.1,2078540.1,4445758808
20240217,090000,2078540.1,2078732.06,2060022.33,2060022.33,86603607890
20240217,130000,2060023.4,2060034.2,2060019.98,2060019.98,30236586964
20240218,090000,2060019.98,2064743.92,2059558.41,2064743.91,72319299959
20240218,130000,2064743.55,2064752.44,2064601.89,2064604.7,33955261410
20240218,170000,2064583.09,2064583.09,2064525.64,2064525.64,50188020363
20240219,090000,2064525.64,2071169.18,2064525.64,2071135.78,99058465416
20240219,130000,2071135.53,2071135.53,2071099.33,2071099.33,122390997476
20240219,170000,2071099.22,2071111.82,2070732.91,2070732.91,136982446206
20240219,210000,2070733.46,2070775.31,2070733.46,2070775.31,14383399428
20240220,090000,2070775.31,2071521.58,2070760.79,2071514.11,74539304752
20240220,130000,2071515.89,2071522.52,2071380.84,2071380.84,63546224105
20240220,170000,2071380.57,2071424.73,2071380.4,2071417.93,44757602024
20240221,090000,2071417.93,2072241.91,2070844.27,2070844.3,70662246349
20240221,130000,2070844.55,2070844.75,2070723.88,2070747.45,53117055160
20240221,170000,2070747.1,2070817.81,2070743.36,2070816.17,44771222049
20240224,090000,2070816.17,2071565.89,2065968.21,2065968.21,93659148141
20240224,130000,2065964.58,2066118.98,2065964.3,2066110.99,63779551754
20240224,170000,2066137.68,2066137.68,2066137.68,2066137.68,3923570334
20240226,090000,2066137.68,2066168.22,2049437.1,2049437.1,82303954031
20240226,130000,2049437.12,2049437.12,2049411.96,2049421.74,29406579851
20240226,170000,2049437.12,2049792.07,2049432.36,2049784.46,37347509951
20240227,090000,2049784.46,2049784.46,2045625.17,2045751.86,80770480590
20240227,130000,2045746.64,2045891.92,2045709.35,2045891.5,75629919556
20240227,170000,2045923.2,2046016.86,2045923.2,2046016.86,35098492326
20240228,090000,2046016.86,2055587.48,2046016.86,2054739.26,80445078081
20240228,130000,2054742.26,2054819.66,2054734.36,2054819.66,51626885153
20240228,170000,2054824.07,2054827.15,2054824.07,2054827.15,14673188879
20240302,090000,2054827.15,2086798.23,2054827.15,2086786.04,187573173560
20240302,130000,2086682.82,2086682.82,2086541.61,2086541.61,193256655173
20240302,170000,2086541.6,2086541.6,2086541.6,2086541.6,7096675456
20240303,090000,2086541.6,2148086.24,2086541.6,2147010.71,202020624835
20240303,130000,2147010.73,2147088.74,2147010.73,2147088.74,23778329994
20240304,090000,2147088.74,2150823.2,2140173.12,2140174.12,219621276384
20240304,130000,2140171.58,2140171.58,2140165.91,2140165.91,17118312398
20240304,170000,2140163.95,2140164.65,2140163.74,2140164.65,51350626384
20240305,090000,2140164.65,2172812.48,2140164.65,2172228.1,187194262207
20240305,130000,2172227.82,2172228.05,2172227.82,2172227.98,22416401861
20240306,090000,2172227.98,2173799.64,2165738.04,2165738.04,110796180244
20240306,130000,2165746.43,2165752.68,2165746.43,2165752.68,10079944790
20240309,090000,2165752.68,2170036.37,2163757.19,2163757.19,128021423452
20240309,130000,2163752.31,2163752.31,2163750.32,2163750.32,28132038654
20240310,090000,2163750.32,2163962.51,2160255.65,2160255.72,111409338666
20240310,130000,2160257.19,2160257.19,2160224.64,2160224.66,38601309520
20240311,090000,2160224.66,2162674.18,2159545.19,2161575.02,167542125147
20240311,130000,2161575.04,2161575.22,2161563.5,2161563.71,78269791496
20240312,090000,2161563.71,2169399.82,2161563.71,2163485.6,160001225720
20240312,130000,2163485.59,2163485.79,2163483.52,2163483.52,27959288877
20240312,170000,2163478.3,2163500.96,2163478.3,2163500.96,20950935087
20240313,090000,2163500.96,2164003.77,2150209.04,2150209.2,112291345945
20240313,130000,2150209.26,2150209.26,2150021.29,2150035.3,32685630026
20240316,090000,2150035.3,2156185.36,2148518.23,2148518.23,103285868991
20240316,130000,2148517.49,2148517.49,2148485.7,2148485.7,96140928990
20240316,170000,2148485.66,2148494.01,2148485.66,2148494.01,20187216610
20240317,090000,2148494.01,2160486.19,2148494.01,2160486.19,107300010816
20240317,130000,2160485.67,2160485.67,2160406.47,2160406.47,19180614366
20240317,170000,2160406.45,2160406.45,2160406.45,2160406.45,4794783735
20240318,090000,2160406.45,2195092.94,2160406.45,2195092.94,86989575767
20240318,130000,2195092.93,2195092.93,2195092.27,2195092.3,13607593872
20240324,090000,2195092.3,2236360.46,2195092.3,2236360.46,106789756767
20240324,130000,2236348.25,2236348.25,2236348.18,2236348.19,21873990744
20240324,170000,2236349.27,2236349.27,2236349.27,2236349.27,5468391958
20240325,090000,2236349.27,2254685.96,2236349.27,2253605.81,175840594504
20240325,130000,2253604.52,2253604.52,2253603.05,2253603.05,13574826668
20240325,170000,2253602.21,2253602.21,2253602.21,2253602.21,6784414300
20240326,090000,2253602.21,2253602.21,2248821.09,2249416.53,113999043227
20240326,130000,2249416.55,2249427.2,2249416.55,2249426.55,29522026684
20240327,090000,2249426.55,2261399.03,2249426.55,2261398.6,180600460490
20240327,130000,2261398.63,2261398.63,2261386.05,2261386.24,48774336473
20240330,090000,2261386.24,2261589.6,2259463.51,2261127.01,204053724234
20240330,130000,2261133.19,2261172.8,2261133.19,2261172.41,140636248417
20240402,090000,2261172.41,2261172.41,2238688.77,2245445.46,215610413556
20240402,130000,2245445.45,2245445.45,2245260.05,2245265.27,98783606244
20240403,090000,2245265.27,2255608.52,2245265.27,2250906.88,125277182281
20240403,130000,2250907.26,2250907.51,2250907.26,2250907.51,11945938456
20240406,090000,2250907.51,2254698.44,2230996.07,2230996.07,232322154828
20240406,130000,2230996.24,2231022.8,2230996.24,2231022.8,62716560528
20240407,090000,2231022.8,2236797.85,2231022.8,2234989.88,172326713574
20240407,130000,2234989.8,2235011.71,2234925.65,2234925.65,75136260546
20240408,090000,2234925.65,2254852.68,2234925.65,2254852.65,117793612344
20240408,130000,2254852.21,2254853.03,2254852.14,2254853.03,20325849826
20240409,090000,2254853.03,2261900,2254846.38,2261899.88,131738302008
20240409,130000,2261899.22,2261899.22,2261899.21,2261899.21,12468781038
20240413,090000,2261899.21,2261899.21,2207979.29,2207979.29,251066587003
20240413,130000,2207979.28,2207981.51,2207979.28,2207981.51,45859378270
20240413,170000,2207979.73,2207979.73,2207967.29,2207970.15,27467016906
20240414,090000,2207970.15,2207970.15,2196776.53,2196776.53,46235369421
20240414,130000,2196776.54,2196789.53,2196776.54,2196789.53,10780825694
20240414,170000,2196767.82,2196767.82,2196767.82,2196767.82,1775868929
20240415,090000,2196767.82,2206907.84,2196767.82,2206907.84,152119960480
20240416,090000,2206907.84,2207356.42,2201172.02,2201908.36,141684090130
20240416,130000,2201905.9,2201935.26,2201905.9,2201935.26,51964901840
20240416,170000,2201966.94,2201981.96,2201966.94,2201981.96,34591255170
20240417,090000,2201981.96,2208754.62,2201981.96,2208214.61,93828521889
20240417,130000,2208214.63,2208214.73,2208214.63,2208214.73,7558095380
20240420,090000,2208214.73,2285857,2208214.73,2285856.95,254048347803
20240420,130000,2285851.36,2285851.36,2285843.63,2285843.63,54917117130
20240421,090000,2285843.63,2316133.11,2285843.63,2312991.55,192135738596
20240421,130000,2312991.33,2312991.38,2312963.98,2312963.98,38557075821
20240421,170000,2312848.77,2312848.77,2312818.2,2312818.2,15414459680
20240422,090000,2312818.2,2318552.31,2310728.66,2316740.01,145446178438
20240422,130000,2316740,2316812.99,2316737.45,2316803.11,63906636227
20240423,090000,2316803.11,2316803.11,2303382.73,2303382.83,154682712529
20240423,130000,2303382.69,2303382.69,2303378.2,2303378.2,21805995345
20240424,090000,2303378.2,2307554.44,2303378.2,2304448.16,151427775933
20240424,130000,2304449.69,2304451.08,2304315.29,2304325.88,50107968102
20240427,090000,2304325.88,2312661.59,2304325.88,2304978.75,133872190112
20240427,130000,2304978.74,2304978.74,2304978.62,2304978.62,11622235805
20240428,090000,2304978.62,2304978.62,2284833.86,2284833.86,103756942995
20240428,130000,2284834,2284834,2284833.72,2284833.72,9533867904
20240429,090000,2284833.72,2288020.25,2281096.55,2281096.55,111541631253
20240429,130000,2281096.69,2281096.69,2281090.58,2281095.74,48738995567
20240429,170000,2281090.54,2281090.54,2281048.73,2281071.78,72437828869
20240430,090000,2281071.78,2281648.16,2268845.15,2268845.42,96244666511
20240430,130000,2268845.22,2268865.64,2268845.05,2268865.64,27043209086
20240430,170000,2268861.43,2268861.43,2268826.35,2268826.4,13513128079
20240501,090000,2268826.4,2268826.4,2264678.66,2264924.59,89969552809
20240501,130000,2264919.8,2264919.8,2264862.83,2264893.61,47153913608
20240501,170000,2264917.28,2264917.28,2264917.28,2264917.28,4284945247
20240505,090000,2264917.28,2266320.12,2259729.43,2259731.36,108616796401
20240505,130000,2259731.21,2259745.23,2259710.15,2259745.23,36984082428
20240506,090000,2259745.23,2259745.23,2239098.7,2239098.7,102000031367
20240506,170000,2239096.53,2239098.46,2239096.45,2239098.46,22642792191
20240507,090000,2239098.46,2239525,2231449.76,2231449.76,83787756859
20240507,130000,2231448.28,2231450.87,2231413.51,2231424.02,38802073759
20240507,170000,2231424.01,2231424.01,2231424.01,2231424.01,4304794535
20240508,090000,2231424.01,2231424.01,2219094.43,2219094.43,90425278459
20240508,130000,2219092.57,2219092.61,2219092.57,2219092.61,12843196110
20240511,090000,2219092.61,2219593.14,2208244.84,2208244.84,101556558093
20240511,170000,2208244.56,2208284.89,2208244.56,2208284.88,26731110170
20240512,090000,2208284.88,2208711.52,2193188.15,2193188.15,107090770527
20240512,130000,2193196.01,2193230.85,2193196.01,2193197.44,63059818916
20240512,170000,2193171.84,2193171.84,2193171.84,2193171.84,5232194516
20240513,090000,2193171.84,2193171.84,2160779.63,2160780.12,142401837757
20240513,130000,2160780.35,2161425.83,2160780.35,2161422.58,105072477667
20240514,090000,2161422.58,2173845.44,2161422.58,2165696.1,93737820701
20240514,130000,2165693.38,2165693.38,2165520.1,2165573.51,76816354211
20240515,090000,2165573.51,2166385.8,2159162.26,2164497.82,94405002948
20240515,130000,2164498.2,2164666.52,2164477.76,2164666.52,92438795892
20240515,170000,2164670.86,2164692.26,2164670.86,2164692.26,20625977633
20240518,090000,2164692.26,2174955.4,2164692.26,2168155.33,102398699072
20240518,130000,2168155.02,2168684.32,2168153.93,2168676.13,97271585607
20240518,170000,2168676.08,2168676.35,2168676.08,2168676.28,13230926769
20240519,090000,2168676.28,2168676.28,2106439.08,2106657.17,158576835711
20240519,130000,2106697.26,2112514.86,2106697.26,2112514.86,274977108489
20240519,170000,2112532.93,2112560.33,2112532.93,2112560.33,11379272630
20240521,090000,2112560.33,2115236.57,2112110.74,2113817.12,90970961427
20240521,130000,2113824.3,2114144.1,2113824.3,2114144.1,45015204657
20240525,090000,2114144.1,2114144.1,2097175.51,2097175.51,92412789826
20240525,130000,2097175.45,2098482.16,2097175.42,2098482.16,70558933956
20240525,170000,2098482.71,2098482.71,2098482.71,2098482.71,3882384599
20240526,090000,2098482.71,2098482.71,2077745.88,2078023.91,89601934969
20240526,130000,2078063.07,2079052.81,2078058.32,2079050.14,29477451493
20240526,170000,2079050.17,2079063.3,2079050.17,2079063.3,5323900228
20240527,090000,2079063.3,2079063.3,2056557.89,2056557.89,79664603456
20240527,130000,2056558.92,2058131.35,2056558.92,2058129.9,41720489105
20240527,170000,2058131.75,2058131.96,2058131.75,2058131.89,12455361423
20240528,090000,2058131.89,2069848.53,2057006.22,2069847.78,112409043998
20240528,130000,2069865.28,2069882.02,2069865.28,2069875.46,46591121927
20240528,170000,2069875.52,2069875.52,2069875.52,2069875.52,3880557538
20240529,090000,2069875.52,2086084.19,2069875.52,2086084.19,64740230448
20240529,130000,2086076.95,2086080.15,2086064.47,2086080.15,33592344778
20240601,090000,2086080.15,2097232.73,2086080.15,2094233.78,142687134769
20240601,130000,2094234.81,2094263.43,2094062.93,2094082.22,70878876287
20240601,170000,2094080.26,2094080.26,2094080.26,2094080.26,5052612526
20240602,090000,2094080.26,2094223.9,2086791.15,2087272.63,76090590849
20240602,130000,2087278.78,2087686.36,2087278.78,2087686.36,82864955511
20240605,090000,2087686.36,2088779.1,2081526.09,2081592.47,101043302764
20240605,130000,2081594.4,2082118.96,2081594.4,2082118.96,48162205959
20240608,090000,2082118.96,2082118.96,2063572.87,2063572.87,88087088173
20240608,130000,2063600.9,2064389.94,2063600.9,2064389.54,42297296380
20240608,170000,2064389.53,2064389.53,2064389.53,2064389.53,3240571910
20240609,090000,2064389.53,2064389.53,2058148.91,2061465.25,100323489925
20240609,130000,2061452.89,2061897.1,2061315.77,2061897.1,82984086509
20240610,090000,2061897.1,2078090.71,2061897.1,2078090.71,86073185645
20240610,170000,2078090.73,2078090.73,2078090.73,2078090.73,4061647465
20240611,090000,2078090.73,2083973.32,2078090.73,2081048.79,172164788372
20240611,130000,2081061.5,2081297.23,2081061.5,2081297.23,260233294648
20240611,170000,2081297.61,2081297.61,2081296.94,2081296.94,10979349933
20240612,090000,2081296.94,2081540.92,2074571.78,2075492.94,112146450802
20240612,130000,2075470.74,2075720.49,2075470.74,2075720.49,31893055614
20240615,090000,2075720.49,2075720.49,2061480.65,2061480.69,90279848158
20240615,130000,2061476.72,2061671.52,2061476.72,2061671.52,18699310674
20240615,170000,2061671.51,2061671.58,2061671.51,2061671.58,7475160964
20240616,090000,2061671.58,2061671.58,2045096.75,2045096.75,92085645045
20240616,130000,2045096.76,2045317.92,2045096.76,2045317.92,35856733866
20240618,090000,2045317.92,2045317.92,2036025.03,2036025.15,71880280335
20240618,130000,2036010.6,2036376.7,2035963.86,2036371.71,74225436835
20240618,170000,2036365.51,2036365.51,2036363.24,2036364.62,11264265176
20240619,090000,2036364.62,2044330.45,2036146.5,2044330.45,81626573143
20240619,130000,2044329.67,2044329.67,2043976.25,2043980.4,75294979621
20240619,170000,2043980.41,2043980.41,2043980.41,2043980.41,3401250276
20240622,090000,2043980.41,2047915.88,2043980.41,2047915.75,86777306634
20240622,130000,2047912.68,2047952.32,2047617.35,2047639.9,58870011013
20240622,170000,2047642.07,2047651.85,2047642.07,2047651.79,32749288185
20240623,090000,2047651.79,2052093.46,2047651.79,2052008.48,91968907362
20240623,130000,2052009.71,2052009.71,2051190.69,2051190.69,97634518604
20240623,170000,2051195.97,2051250.01,2051147.64,2051147.64,49938271868
20240624,090000,2051147.64,2065275,2051147.64,2065275,78720163478
20240624,130000,2065274.17,2065274.17,2065118.49,2065118.49,35220957502
20240624,170000,2065166.11,2065166.11,2065166.11,2065166.11,3516293284
20240626,090000,2065166.11,2085220.96,2065166.11,2085220.96,86253218910
20240626,130000,2085217.29,2085217.29,2085194.34,2085194.34,6712064036
20240626,170000,2085135.28,2085135.28,2085131.44,2085131.44,6711623572
20240629,090000,2085131.44,2097361.08,2085131.44,2096024.37,112740702719
20240629,130000,2096024.45,2096024.45,2096024.45,2096024.45,4432680743
20240629,170000,2096024.46,2096024.46,2096024.46,2096024.46,4432679210
20240630,090000,2096024.46,2096024.46,2072913.48,2072913.75,147979202744
20240630,130000,2072913.64,2072936.96,2072879.09,2072936.96,85423187674
20240630,170000,2072937.31,2072938.23,2072937.31,2072938.23,11381087398
20240701,090000,2072938.23,2075146.09,2072512.6,2075145.82,72917388539
20240701,130000,2075145.86,2075146.9,2075095.42,2075095.42,20245619348
20240702,090000,2075095.42,2090435.45,2075095.42,2090435.45,74465565404
20240702,130000,2090429.56,2090429.56,2090301.43,2090301.43,56558004346
20240703,090000,2090301.43,2100662.23,2090301.43,2100662.23,93436498274
20240703,130000,2100660.04,2100678.11,2100660.04,2100669.74,18534860357
20240703,170000,2100670.32,2100670.49,2100666.16,2100670.49,13893269417
20240706,090000,2100670.49,2188849.52,2100670.49,2188849.52,101349182941
20240706,130000,2188849.48,2188856.17,2188849.48,2188856.17,11715476931
20240706,170000,2188860.57,2188860.57,2188809.71,2188812.65,19510953090
20240707,090000,2188812.65,2229985.98,2188812.65,2226443.24,311109154828
20240707,130000,2226443.2,2226443.2,2226442.98,2226443.1,31385214018
20240707,170000,2226443.08,2226443.08,2226443.08,2226443.08,10461641942
20240708,090000,2226443.08,2226528.18,2220976.65,2221309.05,136841921289
20240708,130000,2221309.1,2221309.1,2221302.37,2221302.37,18430464878
20240708,170000,2221302.38,2221302.44,2221299.33,2221299.33,18425834070
20240709,090000,2221299.33,2221958.68,2217020.14,2217020.56,98815033748
20240709,130000,2217020.24,2217020.24,2217015.55,2217016.05,17869252761
20240709,170000,2217016.89,2217016.89,2217016.89,2217016.89,4466958834
20240710,090000,2217016.89,2217325.5,2209206.88,2209206.88,104766789558
20240710,130000,2209206.91,2209291.1,2209202.13,2209291.1,29864545834
20240710,170000,2209312.97,2209340.54,2209312.97,2209340.54,9942420662
20240713,090000,2209340.54,2209624.15,2200237.01,2200237.01,78368182998
20240713,130000,2200243.13,2200257.03,2200243.13,2200257.03,7145177461
20240713,170000,2200257.04,2200257.04,2200257.04,2200257.04,3571213681
20240714,090000,2200257.04,2204592.61,2200257.04,2201138.24,84556981217
20240714,130000,2201137.07,2201138.92,2201129.02,2201134.14,52787346061
20240717,090000,2201134.14,2203344.37,2201134.14,2202691.97,54645926953
20240717,130000,2202692,2202692,2202679.28,2202679.28,54507113743
20240717,170000,2202679.22,2202679.22,2202679.22,2202679.22,2591332007
20240720,090000,2202679.22,2202733.37,2192428.78,2192428.78,66609869620
20240720,130000,2192429.44,2192454.48,2192413.9,2192413.9,33608888741
20240720,170000,2192413.99,2192413.99,2192413.99,2192413.99,3046187938
20240721,090000,2192413.99,2192413.99,2172190.89,2172192.48,59077608769
20240721,130000,2172192.47,2172192.47,2172192.11,2172192.11,11435194208
20240722,090000,2172192.11,2172203.86,2167993.52,2169022.32,64978436643
20240722,130000,2169022.14,2169022.14,2169004.99,2169004.99,56253065044
20240722,170000,2169003.33,2169010.57,2168986.65,2169010.57,37050221954
20240723,090000,2169010.57,2179903.29,2169010.57,2177970.49,72897041617
20240723,130000,2177970.44,2177970.44,2177962.23,2177962.23,15844465929
20240724,090000,2177962.23,2181600.56,2175342.59,2175342.59,68323109738
20240724,170000,2175316.27,2175316.27,2175315.36,2175315.36,6487210352
20240727,090000,2175315.36,2175352.56,2160975.4,2160975.4,66217064489
20240727,130000,2160974.17,2160974.17,2160974.17,2160974.17,3424465717
20240727,170000,2160964.04,2160964.04,2160964.04,2160964.04,3424460817
20240729,090000,2160964.04,2161004.42,2131811.54,2131812.63,97323899001
20240729,130000,2131812.65,2131812.65,2131747.78,2131749.29,51624400879
20240730,090000,2131749.29,2131749.29,2120453.49,2120453.49,88460245350
20240730,130000,2120454.01,2120454.01,2120439.1,2120439.1,8068079537
20240730,170000,2120436.26,2120436.26,2120429.33,2120430.36,12090961029
20240731,090000,2120430.36,2120430.36,2067971.77,2067971.77,241227824404
20240731,130000,2067980.78,2068376.42,2067954.93,2068372.38,159644820398
20240803,090000,2068372.38,2068372.38,2006666.43,2006666.53,215066842540
20240803,130000,2006666.56,2006666.58,2006666,2006666,23057537649
20240803,170000,2006666.01,2006693.56,2006666.01,2006693.56,15371217568
20240804,090000,2006693.56,2006693.56,2002918.55,2005608.39,84298347784
20240805,090000,2005608.39,2006256.86,2004382.46,2004383.51,114635869193
20240805,130000,2004383.72,2004509.69,2004383.72,2004509.69,107213817247
20240805,170000,2004512.25,2004512.25,2004512.25,2004512.25,3955773601
20240806,090000,2004512.25,2005241.32,2002580.82,2002580.82,62046178017
20240806,130000,2002586.04,2002613.96,2002586.04,2002613.96,8866963053
20240807,090000,2002613.96,2002613.96,2002613.96,2002613.96,0
20240810,090000,2002613.96,2005272.29,2002613.96,2003726.94,72486465724
20240810,130000,2003726.93,2003842.32,2003726.93,2003842.32,11722771610
20240810,170000,2003843.7,2003843.7,2003843.7,2003843.7,2927834486
20240811,090000,2003843.7,2005330.71,2003369.25,2003375.92,55738383617
20240812,090000,2003375.92,2003552.26,1998653.11,1998653.11,61435859280
20240813,090000,1998653.11,1998653.11,1991084.38,1991084.38,54499038000
20240813,130000,1991084.89,1991084.89,1991084.89,1991084.89,2258838024
20240813,170000,1991084.59,1991084.59,1991084.59,1991084.59,2258838024
20240814,090000,1991084.59,1998118.88,1991084.59,1998118.88,80565180992
20240814,170000,1998118.51,1998118.51,1998118.51,1998118.51,2816964598
20240817,090000,1998118.51,2012357.37,1998118.51,2012357.37,60556134050
20240817,130000,2012357.4,2012357.5,2012357.4,2012357.5,5174677325
20240818,090000,2012357.5,2030558.43,2012357.5,2030558.43,67939908751
20240819,090000,2030558.43,2040297.19,2030558.43,2038042.64,141531565873
20240819,170000,2038043.05,2038043.05,2038043.05,2038043.05,4979486899
20240820,090000,2038043.05,2038048.99,2032556.92,2032556.92,80543536878
20240820,130000,2032553.91,2032553.91,2032553.91,2032553.91,3161561791
20240820,170000,2032554.13,2032554.13,2032554.13,2032554.13,3161561791
20240821,090000,2032554.13,2037207.63,2032554.13,2037207.63,78344864265
20240821,130000,2037207.3,2037207.3,2037207.25,2037207.25,6341305372
20240821,210000,2037208.89,2037208.89,2037208.89,2037208.89,3170652686
20240824,090000,2037208.89,2052471.71,2037208.89,2052465.42,86944553807
20240824,130000,2052463.91,2052477.47,2052290.77,2052291.69,111914811521
20240824,170000,2052290.65,2052290.65,2052290.65,2052290.65,2855915247
20240826,090000,2052290.65,2063277.84,2052290.65,2063277.73,95027453368
20240826,130000,2063277.51,2063281.59,2063266.11,2063266.11,16532405722
20240826,170000,2063265.89,2063265.89,2063265.89,2063265.89,4132664969
20240826,210000,2063271.97,2063271.97,2063271.97,2063271.97,4132664969
20240827,090000,2063271.97,2068023.46,2063271.97,2068023.46,87745932676
20240827,130000,2068023.08,2068023.08,2068022.65,2068022.65,11197938078
20240827,170000,2068015.03,2068025.06,2068015.03,2068025.03,70581925514
20240827,210000,2068024.97,2068025.51,2068023.2,2068025.51,25997913485
20240828,090000,2068025.51,2076272.15,2068025.51,2076272.15,85815918400
20240828,130000,2076271.67,2076271.67,2076249.53,2076249.53,10751208064
20240828,170000,2076253.07,2076253.07,2076253.07,2076253.07,3578975090
20240831,090000,2076253.07,2098639.07,2076253.07,2098639.07,77287479492
20240831,130000,2098636.95,2098636.95,2098636.95,2098636.95,3062967267
20240901,090000,2098636.95,2110512.78,2098636.95,2110512.77,169841888186
20240901,130000,2110504.74,2110504.81,2110504.74,2110504.81,13517539518
20240903,090000,2110504.81,2111100.4,2109048.41,2109300.57,114338728700
20240903,130000,2109304.6,2109307.55,2109294.03,2109294.03,24263004075
20240907,090000,2109294.03,2110516.04,2101629.25,2101629.25,110895872747
20240907,130000,2101628.6,2101628.76,2101628.6,2101628.76,8680008666
20240907,170000,2101628.73,2101652.09,2101628.66,2101652.09,21697429951
20240908,090000,2101652.09,2101652.09,2087561.63,2088039.19,144733991148
20240908,130000,2088039.2,2088087.57,2088039.2,2088087.57,17339004865
20240909,090000,2088087.57,2097527.15,2088087.57,2095892.74,133385232018
20240909,130000,2095917.67,2095938.15,2095917.67,2095938.15,36511356535
20240909,170000,2095933.91,2096049.72,2095933.91,2096049.72,10429606708
20240910,090000,2096049.72,2096473.16,2088301.29,2088301.44,100034785206
20240910,130000,2088298.14,2088298.19,2088297.96,2088297.96,29467994846
20240910,170000,2088352.48,2088352.48,2088352.48,2088352.48,4209638610
20240911,090000,2088352.48,2088689.53,2084150.87,2084150.87,138623300085
20240911,130000,2084153.48,2084593.39,2084121.4,2084593.36,176484309386
20240914,090000,2084593.36,2085769.21,2075549.64,2075549.64,137305684717
20240914,130000,2075548.62,2075548.62,2075467.44,2075472.75,82178170718
20240915,090000,2075472.75,2075472.75,2065507.03,2065507.84,138145044513
20240915,130000,2065507.83,2065548.79,2065505.42,2065548.79,43325249245
20240915,170000,2065548.82,2065548.82,2065548.82,2065548.82,4806378371
20240916,090000,2065548.82,2069026.97,2065282.3,2067561.41,130106216121
20240916,130000,2067549.63,2067566.95,2067549.56,2067566.15,54469601486
20240916,170000,2067566,2067566,2067565.97,2067565.97,13564356650
20240917,090000,2067565.97,2084152.77,2067565.97,2084152.77,137946270724
20240917,130000,2084152.76,2084152.76,2084152.76,2084152.76,6099089348
20240917,170000,2084152.01,2084152.01,2084152.01,2084152.01,6098435522
20240918,090000,2084152.01,2097075.19,2084152.01,2097075.19,125615066478
20240918,130000,2097069.68,2097069.68,2097004.69,2097004.69,48601534990
20240918,170000,2097004.66,2097004.66,2097004.54,2097004.54,10795265678
20240922,090000,2097004.54,2101089.49,2097004.54,2098898.34,144136816256
20240922,130000,2098898.3,2098898.3,2098898.26,2098898.26,12246271808
20240922,170000,2098898.25,2098921.66,2098898.25,2098921.66,18368655316
20240923,090000,2098921.66,2116537.72,2098921.66,2116537.72,165227378259
20240924,090000,2116537.72,2152650.52,2116537.72,2152650.51,241143840815
20240924,130000,2152657.78,2152661.42,2152657.78,2152661.42,18763647211
20240924,170000,2152668.32,2152668.32,2152668.32,2152668.32,9381716775
20240925,090000,2152668.32,2159101.15,2152668.32,2155023.44,224982133073
20240925,130000,2155023.38,2155023.38,2155023.38,2155023.38,8637137318
20240928,090000,2155023.38,2155023.38,2146848.33,2146848.33,102141857688
20240929,090000,2146848.33,2146848.33,2137971.93,2137971.93,152007794467
20240929,170000,2137981.53,2137981.53,2137981.53,2137981.53,6190572182
20240930,090000,2137981.53,2137981.53,2131572.23,2131605.49,106599119853
20240930,130000,2131664,2131706.52,2131664,2131706.28,68095500760
20241001,090000,2131706.28,2131706.28,2123483.95,2123483.95,89527199108
20241001,130000,2123483.96,2123595.84,2123483.96,2123595.84,20525506732
20241002,090000,2123595.84,2123595.84,2114887.38,2114888.34,119371371431
20241002,130000,2114888.52,2114919.55,2114888.52,2114919.01,77042426837
20241002,170000,2114919.96,2114919.96,2114919.96,2114919.96,3315515691
20241005,090000,2114919.96,2114919.96,2106796.14,2106796.14,41337742909
20241005,130000,2106796.13,2106796.13,2106796.13,2106796.13,1523955897
20241005,170000,2106812.28,2106812.28,2106812.28,2106812.28,1523955897
20241006,090000,2106812.28,2106812.28,2101757.68,2101757.68,24951346411
20241006,170000,2101758.24,2101758.24,2101758.24,2101758.24,791200360
20241007,090000,2101758.24,2101758.24,2093879.08,2093991.21,122057216676
20241007,130000,2093992.41,2094027.57,2093949.58,2093949.58,99630271710
20241007,170000,2093950.38,2093950.38,2093950.38,2093950.38,4069258887
20241008,090000,2093950.38,2097373.1,2093771.23,2097373.1,142328933585
20241008,130000,2097373.83,2097383.24,2097373.83,2097382.28,26397662480
20241008,170000,2097382.36,2097383.01,2097382.36,2097383.01,8798876484
20241009,090000,2097383.01,2099836.82,2097383.01,2099836.82,72486664010
20241009,130000,2099836.65,2099836.65,2099836.65,2099836.65,2722591040
20241009,170000,2099829.38,2099829.38,2099696.79,2099699.32,13603231922
20241012,090000,2099699.32,2114212.32,2099000.61,2114212.29,226295660539
20241012,130000,2114212.3,2114212.43,2113868.48,2113868.48,63436703946
20241012,170000,2113868.45,2113868.45,2113868.38,2113868.38,15851961166
20241013,090000,2113868.38,2120889.35,2113482.79,2114973.77,171630802675
20241013,130000,2114974.56,2115053.77,2114832.88,2114832.88,141489849790
20241013,170000,2114804.12,2114804.12,2114638.88,2114707.67,56081882846
20241014,090000,2114707.67,2114707.67,2089934.45,2089942.84,103682210165
20241014,130000,2089943.4,2090793.95,2089943.4,2090793.95,42009377746
20241014,170000,2090793.24,2090793.24,2090793.24,2090793.24,4186537997
20241015,090000,2090793.24,2090793.24,2069062.6,2069062.6,93337229163
20241015,130000,2069062.61,2069266.82,2069061.83,2069261.94,43140673079
20241016,090000,2069261.94,2069373.74,2065742.91,2065744.36,163412318736
20241016,130000,2065758.97,2065760.07,2065758.97,2065760.07,11477839368
20241016,170000,2065768.75,2065768.75,2065768.75,2065768.75,5738919684
20241019,090000,2065768.75,2065768.75,2041106.83,2041106.83,96497871818
20241019,130000,2041086.92,2041086.92,2041081.74,2041081.75,10067026449
20241019,170000,2041076.7,2041076.7,2041076.7,2041076.7,3354405111
20241020,090000,2041076.7,2041076.7,2021117.13,2021117.16,68729390306
20241020,130000,2021117.26,2021117.26,2021117.26,2021117.26,2290223526
20241020,170000,2021114.41,2021114.41,2021114.41,2021114.41,2290223526
20241021,090000,2021114.41,2021114.41,2007281.21,2007281.21,142292607266
20241021,130000,2007281.32,2007281.32,2007264.47,2007264.47,21629609141
20241021,170000,2007264.49,2007268.77,2007264.45,2007268.77,21625053043
20241022,090000,2007268.77,2007268.77,1993899.52,1993899.52,127315974253
20241022,130000,1993909.79,1993912.15,1993731.01,1993731.34,59882275886
20241022,170000,1993756.63,1993756.63,1993756.63,1993756.63,4985705736
20241023,090000,1993756.63,1993756.63,1970882.6,1970882.6,105453632552
20241023,130000,1970891.7,1970899.64,1970891.7,1970899.64,8118346902
20241023,170000,1970901.86,1970901.86,1970901.86,1970901.86,4058890351
20241026,090000,1970901.86,1995273.34,1970901.86,1995273.34,139766364012
20241026,130000,1995273.51,1995273.52,1995221.73,1995221.73,38505620549
20241026,170000,1995225.83,1995225.83,1995225.83,1995225.83,4811232320
20241027,090000,1995225.83,2025953.33,1995225.83,2025953.33,88577326221
20241027,130000,2025952,2025952,2025952,2025952,3706131685
20241027,170000,2025951.63,2025951.63,2025951.63,2025951.63,3706079385
20241028,090000,2025951.63,2051598.57,2025951.63,2051596.5,268815127907
20241028,130000,2051596.62,2051596.92,2051596.62,2051596.65,43479523675
20241029,090000,2051596.65,2061442.84,2051446.65,2051446.65,204065859050
20241029,130000,2051446.63,2051669.63,2051437.63,2051669.63,49168730349
20241029,170000,2051668.83,2051668.83,2051668.83,2051668.83,7020144802
20241030,090000,2051668.83,2056089.12,2043717.9,2056089.12,188590102811
20241030,170000,2056090.26,2056223.18,2056090.26,2056223.18,77985819845
20241102,090000,2056223.18,2068975.41,2056223.18,2061292.62,178559814508
20241103,090000,2061292.62,2061292.62,2032764.92,2032764.92,101492127413
20241104,090000,2032764.92,2032764.92,2017570.35,2017901.53,159291106514
20241104,130000,2017909.56,2017989.57,2017909.56,2017970.14,61699199889
20241105,090000,2017970.14,2025068.97,2017970.14,2025009.94,101550299595
20241105,130000,2025008.43,2025008.43,2024963.8,2024993.55,32126795913
20241105,170000,2024994.41,2024994.41,2024994.41,2024994.41,4003620262
20241106,090000,2024994.41,2024994.41,2008301.94,2017876.77,157174701864
20241106,130000,2017876.67,2017876.67,2017876.67,2017876.67,6785140932
20241109,090000,2017876.67,2054156.38,2017876.67,2054156.38,103096668265
20241109,130000,2054156.37,2054156.37,2054156.37,2054156.37,3909588314
20241109,170000,2054156.39,2054156.39,2054155.48,2054155.48,7818973266
20241110,090000,2054155.48,2089432.48,2054155.48,2089432.45,102463555356
20241110,130000,2089418.06,2089418.06,2089417.95,2089417.95,11492640407
20241111,090000,2089417.95,2126909.05,2089417.95,2126289.89,347869413101
20241111,130000,2126287.08,2126287.08,2126285.67,2126285.67,25585914184
20241111,170000,2126285.47,2126285.47,2126285.47,2126285.47,12792905643
20241112,090000,2126285.47,2136901.42,2126285.47,2133626.12,274291131204
20241112,130000,2133608.59,2133608.59,2133608.47,2133608.47,19585413398
20241113,090000,2133608.47,2146976.09,2133608.47,2146976.09,185060468444
20241113,130000,2146975.69,2146975.69,2146969.43,2146969.43,29824787692
20241116,090000,2146969.43,2192460.1,2146969.43,2192460.07,197050779099
20241116,130000,2192459.68,2192459.68,2192459.2,2192459.2,20515356253
20241116,170000,2192459.44,2192459.6,2192459.44,2192459.6,13639103346
20241117,090000,2192459.6,2216208.9,2192459.6,2211820.99,409099988735
20241117,130000,2211820.97,2211820.98,2211820.97,2211820.98,27950591744
20241118,090000,2211820.98,2255452.56,2211820.98,2255452.56,276942832753
20241118,130000,2255452.55,2255452.55,2255452.26,2255452.26,40782513712
20241119,090000,2255452.26,2278558.33,2255452.26,2269515.49,413186270062
20241119,130000,2269515.48,2269515.48,2269515.12,2269515.12,33799457849
20241119,170000,2269704.23,2269704.23,2269704.23,2269704.23,16897860631
20241120,090000,2269704.23,2269704.23,2252831.59,2257646.98,341069279497
20241120,130000,2257646.85,2257646.85,2257640.8,2257640.8,24239206520
20241120,170000,2257613.78,2257613.78,2257613.78,2257613.78,12115128082
20241123,090000,2257613.78,2282058.78,2257613.78,2282058.78,294543083149
20241124,090000,2282058.78,2331201.03,2282058.78,2331201.03,306565118178
20241124,130000,2331201.13,2331201.27,2331194.73,2331194.73,32033175588
20241125,090000,2331194.73,2389125.22,2331194.73,2389125.22,277265698609
20241125,130000,2389125.3,2389125.4,2389125.3,2389125.37,29188795788
20241126,090000,2389125.37,2433561.52,2389125.37,2415001.84,688711863378
20241126,130000,2415001.42,2415001.44,2415001.42,2415001.43,75369649407
20241126,170000,2415001.28,2415001.28,2414976.06,2414976.66,100489042382
20241127,090000,2414976.66,2426155.07,2413668.16,2426155.07,423180214704
20241127,130000,2426155.76,2426155.76,2426155.76,2426155.76,15976257581
20241130,090000,2426155.76,2444039.52,2414969.03,2414969.03,423135754350
20241130,130000,2414969.18,2414969.19,2414969.03,2414969.03,53200124432
20241201,090000,2414969.03,2414969.03,2399457.24,2399457.24,375107921683
20241201,130000,2399457.34,2399457.34,2399454.53,2399455.96,122789851390
20241201,170000,2399450.25,2399450.25,2399449.72,2399449.72,27231649298
20241202,090000,2399449.72,2460408.38,2399449.72,2460408.38,277555912047
20241202,130000,2460408.37,2460408.37,2460408.31,2460408.31,28179924086
20241203,090000,2460408.31,2496688.86,2460408.31,2489364.19,613201370188
20241203,130000,2489360.24,2489360.41,2489359.92,2489360.41,132222065267
20241204,090000,2489360.41,2502316.57,2487757.07,2501760.65,428537495577
20241204,130000,2501760.66,2501760.66,2501760.57,2501760.57,52280439928
20241207,090000,2501760.57,2503345.05,2468756.85,2468756.85,635975923621
20241207,130000,2468756.88,2468757.04,2468756.88,2468757.04,43193364436
20241207,170000,2468763.69,2468763.69,2468763.69,2468763.69,21596682170
20241208,090000,2468763.69,2468763.69,2443659.6,2452764.03,461596140503
20241208,130000,2452764.24,2452764.27,2452738.06,2452738.06,68345796354
20241208,170000,2452735.91,2452735.91,2452725.45,2452725.45,51241851771
20241209,090000,2452725.45,2506920.64,2452725.45,2506920.64,378371909434
20241209,130000,2506920.72,2506920.72,2506920.57,2506920.57,27895259128
20241209,170000,2506920.56,2506920.56,2506917.03,2506917.03,27894717960
20241210,090000,2506917.03,2530360.37,2506917.03,2518873.96,632190591316
20241210,130000,2518874.21,2518875.41,2518874.21,2518875.41,92111089804
20241211,090000,2518875.41,2543266.5,2517044.06,2543266.5,390254545526
20241211,130000,2543266.51,2543270.17,2543266.51,2543270.17,34270605784
20241211,170000,2543265.32,2543265.32,2543264.78,2543264.97,85662002840
20241214,090000,2543264.97,2601422.31,2543264.97,2601422.31,237102203065
20241215,090000,2601422.31,2653563.22,2601422.31,2653417.66,629254975439
20241215,130000,2653417.73,2653417.73,2653417.73,2653417.73,22189826816
20241215,170000,2653417.67,2653417.67,2653417.67,2653417.67,22188826816
20241216,090000,2653417.67,2689757.62,2653417.67,2686352.6,805881981494
20241217,090000,2686352.6,2700043.93,2673984.22,2673984.22,568685788253
20241217,130000,2673987.09,2673987.09,2673987.09,2673987.09,19956821080
20241217,170000,2673987.08,2673987.08,2673987.08,2673987.08,19956798122
20241218,090000,2673987.08,2680490.16,2650161.17,2680490.16,545770588263
20241218,130000,2680489.55,2680489.55,2680489.54,2680489.55,60327424368
20241218,170000,2680489.35,2680489.35,2680489.35,2680489.35,20106574949
20241221,090000,2680489.35,2738853.19,2680489.35,2738853.16,285767791675
20241221,130000,2738853.14,2738853.14,2738852.9,2738852.9,21469515425
20241221,170000,2738852.89,2738852.89,2738852.89,2738852.89,10734205375
20241222,090000,2738852.89,2765122.86,2738852.89,2763652.23,522105309706
20241222,130000,2763652.1,2763652.1,2763651.89,2763651.89,80986501280
20241222,170000,2763640.54,2763640.54,2763640.54,2763640.54,20245624669
20241223,090000,2763640.54,2799264.31,2763640.54,2799264.31,375879776457
20241223,130000,2799262.84,2799262.84,2799237.38,2799237.38,30633592688
20241224,090000,2799237.38,2848683.33,2799237.38,2847167.36,529896067827
20241224,170000,2847168.06,2847168.06,2847168.06,2847168.06,19850109958
20241225,090000,2847168.06,2871714.34,2847168.06,2848893.52,739366209182
20241225,130000,2848893.5,2848893.5,2848893.5,2848893.5,27768865709
20241225,170000,2848900.79,2848900.79,2848900.79,2848900.79,27768865709
20241228,090000,2848900.79,2852993.21,2827418.98,2827418.98,585071273430
20241228,130000,2827418.77,2827418.77,2827418.65,2827418.65,42057324608
20241229,090000,2827418.65,2827418.65,2777651.06,2777733.63,464392450254
20241229,130000,2777733.66,2777733.66,2777733.66,2777733.66,16292765563
20241230,090000,2777733.66,2777733.66,2734644.66,2734843.04,602116267658
20241230,130000,2734843.05,2734843.05,2734842.28,2734842.28,82089818881
20241230,170000,2734841.27,2734841.27,2734841.27,2734841.27,20511919009
20241231,090000,2734841.27,2760412.08,2734841.27,2759424.73,414153960123
20241231,130000,2759424.45,2759424.45,2759424.45,2759424.45,18713978436
20241231,170000,2759421.72,2759421.72,2759421.61,2759421.61,37427956872
20250101,090000,2759421.61,2788213.7,2759421.61,2788213.7,277624679604
20250101,130000,2788214.33,2788214.33,2788214.33,2788214.33,12416105318
20250101,170000,2788210.32,2788210.32,2788210.32,2788210.32,12416045568
20250104,090000,2788210.32,2849940.19,2788210.32,2849940.19,342575879879
20250104,130000,2849940.16,2849940.16,2849940.16,2849940.16,14223377953
20250105,090000,2849940.16,2875965.54,2849940.16,2868372.53,409426559133
20250105,130000,2868372.54,2868372.71,2868372.54,2868372.71,194755008264
20250105,170000,2868372.72,2868372.72,2868372.72,2868372.72,16229548912
20250106,090000,2868372.72,2872257.81,2852164.95,2872257.81,312558039933
20250106,130000,2872257.7,2872257.7,2872257.66,2872257.66,26750275631
20250106,170000,2872257.78,2872264.3,2872257.78,2872264.3,26749550680
20250107,090000,2872264.3,2922169.75,2872264.3,2922169.22,350562816821
20250107,130000,2922167.75,2922167.75,2922163.2,2922163.2,271375718668
20250107,170000,2922163.02,2922163.02,2922131.38,2922131.38,28507624157
20250108,090000,2922131.38,2951116.36,2922131.38,2944637.02,352755481340
20250108,130000,2944637.01,2944637.01,2944637.01,2944637.01,14325316099
20250108,170000,2944636.72,2944636.72,2944636.72,2944636.72,14325116099
20250111,090000,2944636.72,2947766.05,2911004.22,2911004.22,492003014997
20250111,130000,2911004.21,2911004.23,2911004.08,2911004.18,224360389498
20250111,170000,2910998.95,2910998.95,2910998.95,2910998.95,18693903140
20250112,090000,2910998.95,2910998.95,2857311.4,2857311.46,406339560851
20250112,130000,2857311.4,2857311.45,2857311.4,2857311.45,83266502436
20250112,170000,2857311.31,2857311.31,2857309.23,2857309.23,27755497672
20250113,090000,2857309.23,2866869.57,2852560.54,2866653.96,332953627942
20250113,130000,2866653.89,2866653.89,2866653.85,2866653.85,49678496738
20250113,170000,2866653.86,2866653.86,2866653.86,2866653.86,12419553316
20250115,090000,2866653.86,2886412.66,2866222.63,2866222.63,256600683113
20250115,130000,2866222.3,2866222.3,2866222.29,2866222.29,21210297928
20250118,090000,2866222.29,2866222.29,2815644.78,2815644.78,300502909213
20250118,130000,2815643.88,2815643.88,2815641.12,2815641.15,219814206355
20250119,090000,2815641.15,2815641.15,2800967.63,2800967.63,261762204323
20250119,130000,2800968.07,2800968.14,2800968.07,2800968.14,23581578883
20250119,170000,2800954.32,2800954.32,2800954.32,2800954.32,11790678787
20250120,090000,2800954.32,2805575.14,2758911.11,2758911.16,291405302230
20250120,130000,2758911.08,2758911.1,2758910.92,2758911.1,47585619958
20250120,170000,2758911.11,2758911.11,2758911.11,2758911.11,11896139902
20250121,090000,2758911.11,2761016.96,2742176.05,2761016.96,258646978445
20250121,130000,2761006.18,2761006.18,2761005.78,2761005.78,31641931158
20250122,090000,2761005.78,2814327.22,2761005.78,2814327.22,221598829218
20250122,130000,2814327.25,2814327.27,2814327.25,2814327.25,24694492575
20250125,090000,2814327.25,2840944.28,2814327.25,2840317.78,249842345581
20250125,130000,2840317.98,2840317.98,2840308.33,2840308.33,48182060470
20250125,170000,2840307.85,2840307.85,2840307.84,2840307.84,19270176338
20250126,090000,2840307.84,2847110.33,2821067.46,2821068.56,267335265366
20250126,130000,2821067.89,2821067.89,2821066.35,2821066.35,19583512079
20250127,090000,2821066.35,2821066.35,2803291.14,2807605.16,244846540564
20250127,130000,2807605.66,2807606.46,2807605.66,2807606.46,31525450620
20250127,170000,2807606.49,2807606.49,2807605.91,2807605.91,21017111254
20250129,090000,2807605.91,2815370.26,2801435.01,2801435.01,142510125272
20250129,130000,2801434.91,2801435.06,2801434.91,2801435.06,37837890672
20250201,090000,2801435.06,2801435.06,2759953.93,2764116.27,212871275700
20250201,130000,2764116.33,2764116.33,2764115.51,2764115.51,26598274610
20250202,090000,2764115.51,2777274.66,2764115.51,2776834.46,160650058632
20250202,130000,2776834.47,2776834.68,2776833.72,2776833.72,34696017435
20250202,170000,2776828.49,2776828.49,2776828.49,2776828.49,6939203487
20250203,090000,2776828.49,2783994.21,2776828.49,2780490.61,138294297560
20250203,130000,2780490.18,2780490.18,2780489.18,2780489.2,25301001137
20250203,170000,2780495.99,2780495.99,2780495.99,2780495.99,6325050475
20250204,090000,2780495.99,2806147.77,2780495.99,2804428.52,166026693596
20250204,130000,2804428.5,2804428.5,2804218.77,2804218.77,27303834908
20250205,090000,2804218.77,2804218.77,2790153.67,2804035.5,192387094488
20250205,130000,2804035.53,2804035.53,2804034.96,2804034.96,32949167218
20250209,090000,2804034.96,2832897.75,2804034.96,2821667.15,317302869697
20250209,130000,2821666.94,2821666.99,2821666.17,2821666.17,56015640504
20250211,090000,2821666.17,2826134,2784350.4,2784350.4,296929344868
20250211,130000,2784350,2784350,2784343.92,2784343.92,60223243303
20250215,090000,2784343.92,2784343.92,2726528.97,2726528.98,225459576374
20250215,130000,2726547.62,2726571.59,2726547.62,2726571.58,30873051570
20250215,170000,2726564.86,2726564.86,2726564.86,2726564.86,7718248811
20250216,090000,2726564.86,2726564.86,2678631.6,2678885.2,251937762215
20250217,090000,2678885.2,2704070.54,2678885.2,2701043.38,257189146577
20250217,130000,2701042.59,2701042.59,2701040.65,2701040.65,39810296890
20250218,090000,2701040.65,2720519.23,2701040.65,2719378.5,165387726556
20250218,130000,2719378.49,2719378.49,2719337.97,2719338.74,29532710256
20250219,090000,2719338.74,2732228.47,2719338.74,2732228.36,134705002054
20250219,130000,2732229.1,2732229.1,2732228.32,2732228.32,12223337078
20250222,090000,2732228.32,2735596.78,2714122.68,2714122.68,179725782148
20250222,130000,2714122.74,2714122.74,2714121.13,2714121.73,23053719927
20250222,170000,2714126.52,2714126.52,2714126.52,2714126.52,7684284034
20250223,090000,2714126.52,2735821.72,2714126.52,2735821.64,133780566707
20250223,130000,2735821.98,2735821.98,2735821.98,2735821.98,5513462613
20250223,170000,2735822.19,2735823.13,2735822.19,2735823.13,16536344631
20250224,090000,2735823.13,2792687.93,2735823.13,2792687.06,169703954817
20250225,090000,2792687.06,2843874.1,2792687.06,2840958.69,248517674694
20250225,130000,2840958.71,2840958.71,2840956.46,2840956.46,23141245211
20250226,090000,2840956.46,2844672.84,2830776.78,2843979.7,311885363942
20250226,130000,2843978.52,2843978.52,2843968.31,2843968.31,47385169620
20250301,090000,2843968.31,2862592.17,2843968.31,2854321.68,238839914023
20250301,130000,2854321.74,2854321.74,2854314.78,2854314.78,38585643179
20250302,090000,2854314.78,2875906.12,2854314.78,2870947.82,250657429764
20250302,130000,2870947.39,2870947.58,2870947.39,2870947.58,20258621294
20250303,090000,2870947.58,2870947.58,2813447.88,2813447.88,270918211206
20250303,170000,2813454.84,2813454.84,2813454.84,2813454.84,11983788813
20250304,090000,2813454.84,2828040.07,2805344.07,2805344.07,270246348793
20250305,090000,2805344.07,2805344.07,2783394.91,2790011.97,241472106717
20250305,130000,2790012.14,2790012.97,2789970.49,2789970.5,58754866329
20250308,090000,2789970.5,2791846.39,2754412.05,2754412.05,364162022724
20250308,130000,2754412.24,2756961.79,2754412.24,2756951.51,379489614552
20250308,170000,2756952.03,2756970.28,2756952.03,2756970.28,353937673380
20250309,090000,2756970.28,2756970.28,2720721.38,2722272.7,299582762955
20250309,130000,2722246.46,2722511.1,2722246.46,2722382.87,348246172983
20250309,170000,2722315.05,2722315.05,2722174.22,2722174.29,128177269763
20250310,090000,2722174.29,2740802.2,2722174.29,2724773.69,224668918670
20250310,130000,2724772.12,2724772.39,2724772.12,2724772.39,17052983696
20250310,170000,2724772.4,2724772.4,2724772.4,2724772.4,8526390969
20250311,090000,2724772.4,2724772.4,2688507.77,2688507.91,160078414326
20250311,130000,2688504.28,2688504.28,2688503.54,2688503.54,29375735317
20250312,090000,2688503.54,2694999.63,2678174.25,2694999.63,235980410534
20250312,130000,2694999.66,2695138.74,2694646.5,2694647.74,327158673259
20250312,170000,2694647.24,2694660.81,2694642.47,2694660.6,166339334438
20250315,090000,2694660.6,2737429.43,2694660.6,2737429.43,213450501617
20250315,130000,2737429.41,2737429.41,2737429.41,2737429.41,8391066781
20250316,090000,2737429.41,2755048.48,2737429.41,2753575.65,319274823045
20250316,130000,2753571.34,2753634.39,2753571.34,2753634.39,337982084549
20250316,170000,2753635.9,2753661.09,2753635.9,2753661.09,180088917024
20250317,090000,2753661.09,2753661.09,2743929.64,2743934.92,178829249479
20250317,130000,2743939.26,2744089.75,2743907.8,2744089.35,100005776582
20250317,170000,2744110.94,2744110.94,2744110.94,2744110.94,7050200880
20250318,090000,2744110.94,2744110.94,2708411.08,2709765.97,327133282363
20250318,130000,2709765.95,2710088.09,2709677.2,2710088.09,497872144554
20250325,090000,2710088.09,2740715.63,2710088.09,2740715.63,170100387538
20250325,130000,2740715.67,2740715.67,2740715.67,2740715.67,6438618407
20250325,170000,2740716.18,2740716.18,2740716.18,2740716.18,6438618060
20250326,090000,2740716.18,2768119.93,2740716.18,2766293.55,186713808246
20250326,130000,2766293.53,2766294.08,2766290.27,2766290.27,53831775766
20250326,170000,2766290.4,2766290.4,2766290.4,2766290.4,7689096288
20250329,090000,2766290.4,2778210.09,2764865.71,2778041.96,285320466337
20250329,130000,2778041.53,2778041.53,2778041.51,2778041.51,26373063041
20250329,170000,2778057.34,2778057.34,2778057.34,2778057.34,13186513177
20250330,090000,2778057.34,2810709.04,2778057.34,2810709.04,248228066061
20250330,130000,2810709.38,2810709.38,2810706.77,2810706.78,49715784859
20250405,090000,2810706.78,2810706.78,2794014.7,2795324.98,324555820376
20250405,130000,2795324.96,2795326.19,2795324.68,2795326.19,82145353678
20250406,090000,2795326.19,2795326.19,2773820.34,2773821.06,586225995487
20250406,130000,2773821.05,2773821.05,2773820.75,2773820.76,80791536117
20250407,090000,2773820.76,2773820.76,2746686.88,2746859.45,427234401509
20250407,130000,2746859.46,2746859.46,2746856.57,2746856.57,88627206814
20250407,170000,2746860.04,2746860.04,2746860.04,2746860.04,17724873303
20250408,090000,2746860.04,2806102.75,2746860.04,2806102.75,264167097158
20250409,090000,2806102.75,2843400.7,2806102.75,2830539.24,550929285519
20250409,130000,2830538.6,2830538.62,2830538.6,2830538.62,38243923202
20250412,090000,2830538.62,2847426.11,2830538.62,2845767.02,357519350868
20250412,130000,2845767,2845767.32,2845767,2845767.32,59020242264
20250412,170000,2845797.48,2845797.48,2845797.48,2845797.48,14754847566
20250413,090000,2845797.48,2908647.88,2845797.48,2908647.88,358027197367
20250413,130000,2908647.81,2908647.81,2908647.68,2908647.68,31746043254
20250414,090000,2908647.68,2971212.03,2908647.68,2971211.33,518553605354
20250414,130000,2971211.21,2971211.21,2971211.21,2971211.21,18345655327
20250415,090000,2971211.21,2976657.9,2943669.97,2943669.97,1169966544300
20250415,130000,2943669.99,2943669.99,2943603.11,2943603.12,237617498524
20250416,090000,2943603.12,2967524.91,2943603.12,2966926.79,497964065939
20250416,130000,2966926.75,2966926.76,2966904.57,2966904.63,109885895083
20250419,090000,2966904.63,3012867.33,2966904.63,3012867.33,490488727309
20250420,090000,3012867.33,3077925.77,3012867.33,3077925.77,437237536946
20250420,130000,3077924.11,3077924.11,3077923.9,3077923.9,36153582814
20250421,090000,3077923.9,3142776.59,3077923.9,3137335.89,959319315157
20250421,130000,3137335.95,3137336.5,3137327.16,3137327.16,245937131536
20250421,170000,3137327.52,3137327.65,3137327.51,3137327.65,196697579928
20250422,090000,3137327.65,3137327.65,3116248.1,3132632.27,2037953321040
20250422,130000,3132632.31,3132632.33,3132632.31,3132632.32,492334057581
20250422,170000,3132631.14,3132631.14,3132631.14,3132631.14,98465686038
20250423,090000,3132631.14,3136734.03,3122811,3136733.76,1845732026578
20250423,130000,3136733.75,3136733.75,3136733.68,3136733.74,519675689893
20250423,170000,3136733.73,3136733.73,3136733.73,3136733.73,64946215376
20250426,090000,3136733.73,3161453.96,3136733.73,3151883.7,1539970946557
20250426,130000,3151883.59,3151912.31,3151883.59,3151912.3,166466438841
20250427,090000,3151912.3,3151912.3,3101914.27,3117243.93,1386729184915
20250427,130000,3117243.94,3117244.01,3117241.91,3117241.91,364469723219
20250428,090000,3117241.91,3147213.23,3117241.91,3129577.45,1166588274627
20250428,130000,3129577.39,3129577.9,3129577.31,3129577.9,253005972842
20250429,090000,3129577.9,3137681.2,3121675.71,3136306.94,984591166076
20250429,130000,3136307.03,3136307.03,3136305.48,3136305.58,144087632103
20250430,090000,3136305.58,3178642.71,3136305.58,3178642.71,746383819398
20250430,130000,3178642.7,3178642.7,3178642.6,3178642.6,59770733703
20250430,170000,3178649.01,3178649.01,3178649.01,3178649.01,29885365375
20250503,090000,3178649.01,3178649.01,3116806.37,3116807.28,1385601576192
20250503,130000,3116807.27,3116807.27,3116798.4,3116798.4,118618115000
20250504,090000,3116798.4,3116798.4,3084561.28,3092798,1166425510655
20250504,130000,3092797.58,3092797.71,3092797.49,3092797.71,266085988855
20250505,090000,3092797.71,3122726.71,3092797.71,3097607.89,921997542218
20250505,130000,3097607.88,3097609.23,3097607.88,3097608.67,296478153559
20250506,090000,3097608.67,3111037.47,3091515.99,3110816.87,844491896302
20250506,130000,3110816.66,3110819.64,3110816.66,3110819.64,233803122472
20250507,090000,3110819.64,3173078.79,3110819.64,3169504.16,1711493599610
20250507,130000,3169504.15,3169504.23,3169504.15,3169504.23,238702853004
20250510,090000,3169504.23,3169504.23,3115523.6,3115523.6,1415007823706
20250510,130000,3115523.59,3115523.59,3115508.04,3115508.04,286182445928
20250511,090000,3115508.04,3115508.04,3091074.58,3091075.59,957294302103
20250511,130000,3091075.26,3091086.11,3091074.46,3091086.11,826584861497
20250511,170000,3091092.29,3091092.29,3091092.29,3091092.29,32945963510
20250512,090000,3091092.29,3170890.27,3091092.29,3170890.25,669074976389
20250512,130000,3170888.81,3170888.81,3170888.81,3170888.81,25791399507
20250513,090000,3170888.81,3206922.43,3170888.81,3206922.43,1140670615827
20250513,130000,3206908.95,3206908.95,3206845.42,3206845.42,75415343384
20250514,090000,3206845.42,3236945.03,3206845.42,3236945.03,1139606376867
20250514,130000,3236944.92,3236944.92,3236943.2,3236943.2,172825425620
20250517,090000,3236943.2,3259431.7,3236943.2,3241277.5,1166298369333
20250517,130000,3241277.15,3241277.15,3241273.42,3241273.42,143162598145
20250518,090000,3241273.42,3252215.27,3241273.42,3252214.87,761985260229
20250518,130000,3252219.41,3252219.41,3252219.41,3252219.41,30534528787
20250519,090000,3252219.41,3252839.11,3225584.38,3225584.87,1047181554869
20250519,130000,3225573.36,3225573.36,3225561.67,3225561.67,269116100072
20250520,090000,3225561.67,3225561.67,3166988.77,3166988.77,846507126469
20250520,130000,3166988.5,3166989.11,3166988.5,3166989.11,64780467753
20250521,090000,3166989.11,3166989.11,3107016.69,3108119.06,974979489238
20250521,130000,3108118.98,3108118.99,3108118.98,3108118.99,69669230327
20250524,090000,3108118.99,3138578.51,3108118.99,3134387.43,485933278558
20250524,130000,3134387.13,3134387.13,3134383.27,3134383.27,79622638340
20250525,090000,3134383.27,3136477.71,3102006.3,3102006.3,354457976568
20250525,130000,3102006.09,3102012.78,3102006.09,3102012.78,46166455605
20250526,090000,3102012.78,3116571.68,3102012.78,3109358.26,468315849614
20250526,130000,3109358.2,3109358.27,3109350.64,3109350.64,140173538455
20250526,170000,3109350.63,3109350.63,3109345.77,3109345.77,46721692096
20250527,090000,3109345.77,3134431.18,3109345.77,3134260.41,503859640952
20250527,130000,3134260.35,3134260.35,3134259.93,3134259.93,79441944448
20250528,090000,3134259.93,3136825.31,3129402.14,3129403.18,569851644081
20250531,090000,3129403.28,3151031.37,3129403.28,3143366.54,488482951319
20250531,130000,3143366.61,3143366.61,3143363.41,3143363.41,87309474128
20250531,170000,3143363.47,3143363.47,3143363.45,3143363.45,43654389404
20250601,090000,3143363.45,3143363.45,3107002.07,3107002.07,645549027319
20250601,130000,3107002.06,3107002.21,3106994.91,3106994.91,140508024833
20250602,090000,3106994.91,3125928.58,3106994.91,3125277.12,429703228757
20250602,130000,3125266.52,3125266.72,3125266.52,3125266.72,33778089149
20250603,090000,3125266.72,3125266.72,3102131.57,3102131.57,478558452845
20250603,130000,3102131.63,3102131.63,3101955.05,3101955.06,141740590404
20250607,090000,3101955.06,3101955.06,3041680,3041680.09,736432550774
20250607,130000,3041680.1,3041680.1,3041654.08,3041654.08,146362016099
20250607,170000,3041620.22,3041620.22,3041620.22,3041620.22,20908859557
20250608,090000,3041620.22,3041620.22,3029417.69,3035841.44,393388311891
20250608,130000,3035841.54,3035841.54,3035752.31,3035752.31,62893856909
20250609,090000,3035752.31,3036376.28,2989581.83,2989582.02,358859181975
20250609,130000,2989582.07,2989582.07,2989578.7,2989578.7,61726729378
20250610,090000,2989578.7,2993796.76,2984765.88,2988254.34,372653198294
20250610,130000,2988254.16,2988269.93,2988254.16,2988256.37,95016254096
20250611,090000,2988256.37,2993774.84,2984606.29,2984606.29,188601669033
20250611,130000,2984606.1,2984606.1,2984605.44,2984605.44,26499948213
20250615,090000,2984605.44,2984605.44,2984605.44,2984605.44,0
20250616,090000,2984605.44,2984605.44,2984605.44,2984605.44,0
20250618,090000,2984605.44,2984605.44,2984605.44,2984605.44,0
20250621,090000,2984605.44,2984605.44,2984605.44,2984605.44,0
20250622,090000,2984605.44,2984605.44,2984605.44,2984605.44,0
20250628,090000,2984605.44,2984605.44,2922057.73,2922101.35,173625757969
20250628,130000,2922117.48,2922629.09,2922117.48,2922629.09,36627701992
20250629,090000,2922629.09,2922629.09,2844737.44,2844737.48,246524215030
20250629,130000,2844737.6,2844741.28,2844737.6,2844741.28,168692255557
20250629,170000,2844741.7,2844743.28,2844741.7,2844743.28,89277566740
20250630,090000,2844743.28,2844743.28,2788389.87,2788389.88,1383549440477
20250630,130000,2788389.89,2789093.75,2788389.89,2789093.75,667487084094
20250701,090000,2789093.75,2789093.75,2731682.05,2731682.06,1550731171790
20250701,130000,2731681.82,2731681.82,2731681.71,2731681.74,291296592985
20250701,170000,2731681.76,2731754.01,2731681.76,2731754.01,1565044638636
20250702,090000,2731754.01,2731754.01,2673095.28,2689551.39,1761041977551
20250702,130000,2689550.89,2689617.08,2689550.04,2689617.08,687795356935
20250702,170000,2689642.99,2689643.01,2689642.99,2689643.01,124820274786
20250707,090000,2689643.01,2722722.7,2689643.01,2709506.02,438572564409
20250707,130000,2709505.77,2709505.77,2709505.2,2709505.2,37424958234
20250707,170000,2709513.95,2709513.95,2709513.95,2709513.95,18712279297
20250708,090000,2709513.95,2710091.78,2658237.93,2658238,283036469028
20250709,090000,2658238,2658238,2634980.21,2637300.24,321448923354
20250709,130000,2637299.61,2637595.77,2637299.61,2637550.86,308764297064
20250712,090000,2637550.86,2677667.56,2637550.86,2677667.56,388851567063
20250712,130000,2677666.19,2677666.19,2677658.32,2677658.32,61031700035
20250713,090000,2677658.32,2707720.8,2677658.32,2707720.51,429767215069
20250713,130000,2707720.42,2707720.42,2707705.02,2707705.02,169327805594
20250714,090000,2707705.02,2734194.73,2707705.02,2734194.37,333710448573
20250714,130000,2734203.13,2734260.33,2734203.13,2734260.33,318089883075
20250715,090000,2734260.33,2761510.47,2734260.33,2761510.47,398391583130
20250715,130000,2761510.06,2761510.06,2761497.37,2761497.39,86478318559
20250716,090000,2761497.39,2785664.69,2761497.39,2785664.68,275489845054
20250716,130000,2785663.92,2785692.61,2785651.92,2785692.61,87416839638
20250719,090000,2785692.61,2801540.53,2785692.61,2801540.53,295282469154
20250719,130000,2801540.44,2801540.73,2801514.03,2801514.03,127613726786
20250719,170000,2801514.64,2801514.64,2801514.64,2801514.64,12743274018
20250720,090000,2801514.64,2824318.18,2801514.64,2824318.18,415965984637
20250720,130000,2824317.63,2824317.63,2824270.06,2824277.42,200409646812
20250721,090000,2824277.42,2839476.52,2824277.42,2838902.56,106810353819
20250721,130000,2838902.42,2838902.42,2838895.02,2838895.02,9899297951
20250721,170000,2838901.96,2838901.96,2838901.96,2838901.96,4948662102
20250722,090000,2838901.96,2846621.02,2838901.96,2843905.5,237326442919
20250722,130000,2843905.66,2843905.76,2843873.64,2843904.05,117735941757
20250723,090000,2843904.05,2843904.05,2835700.21,2837007.27,337991741351
20250723,130000,2837007.28,2837007.28,2836960.98,2836960.98,111843397037
20250723,170000,2836975.04,2836988.27,2836975.04,2836979.62,61056610601
20250726,090000,2836979.62,2838564.36,2825140.08,2825140.19,248119780767
20250726,130000,2825132.3,2825157.52,2825125.25,2825157.52,68264940246
20250727,090000,2825157.52,2825157.52,2811360.78,2811360.8,218511855394
20250727,130000,2811358.08,2811358.08,2811325.3,2811343.66,137633207006
20250727,170000,2811337.16,2811337.16,2811281.93,2811281.93,34007980749
20250728,090000,2811281.93,2811281.93,2768503.09,2768503.09,226813882599
20250728,130000,2768501.68,2768845.51,2768501.44,2768835.37,75086563185
20250728,170000,2768837.54,2768848.37,2768837.54,2768848.37,20213441391
20250729,090000,2768848.37,2768848.37,2733889.75,2733889.83,119506894170
20250730,090000,2733889.83,2733889.83,2681877.15,2681877.32,257527425082
20250730,130000,2681875.85,2681875.85,2681857.65,2681857.97,52644521849
20250730,170000,2681859.14,2681859.14,2681859.14,2681859.14,10510898838
20250802,090000,2681859.14,2681859.14,2655206.03,2655206.52,1138275767512
20250802,130000,2655206.59,2655228.95,2655187.27,2655187.27,693042351872
20250802,170000,2655177.24,2655177.24,2655177.24,2655177.24,38308733244
20250803,090000,2655177.24,2655177.24,2639314.44,2639314.44,590419501949
20250803,130000,2639314.34,2639421.46,2639314.33,2639421.46,258154275143
20250803,170000,2639421.14,2639421.14,2639421.14,2639421.14,21483617371
20250804,090000,2639421.14,2639421.14,2622958.73,2624619.03,386406633016
20250804,130000,2624619.32,2624673.28,2624619.3,2624673.28,218719645501
20250805,090000,2624673.28,2624768.6,2589428.24,2589428.24,370760166145
20250805,130000,2589428.19,2589428.19,2589428.17,2589428.17,37035234400
20250806,090000,2589428.17,2589428.17,2554788.89,2554788.89,387028741770
20250806,130000,2554788.9,2554899.03,2554788.9,2554877.26,43513191468
20250809,090000,2554877.26,2575384.49,2554877.26,2571125.46,344394001973
20250809,130000,2571125.52,2571125.52,2571037.38,2571052.13,48976962715
20250809,170000,2571049.05,2571049.05,2571049.05,2571049.05,12239562263
20250810,090000,2571049.05,2574308.5,2562073.61,2562073.62,347973127126
20250810,130000,2562073.5,2562313.72,2562073.5,2562313.72,92416616091
20250810,170000,2562313.74,2562315.12,2562313.59,2562315.12,52635118719
20250811,090000,2562315.12,2562315.12,2540463.62,2540463.63,244655981789
20250811,130000,2540463.6,2540766.34,2540463.6,2540766.34,20216746834
20250811,170000,2540766.81,2540766.81,2540766.81,2540766.81,10108373417
20250812,090000,2540766.81,2540766.81,2510148.41,2510148.57,379523660234
20250812,130000,2510146.89,2510162.56,2510095.88,2510160.43,190193404369
20250813,090000,2510160.43,2510160.43,2466978.99,2466979,179508692920
20250813,130000,2466979.21,2466979.21,2466979.21,2466979.21,6036318534
20250816,090000,2466979.21,2466979.21,2447704.67,2452310.08,465741497593
20250816,130000,2452327.05,2454394.42,2452327.05,2454394.42,642183830095
20250817,090000,2454394.42,2500137.97,2454394.42,2500137.49,167353474217
20250817,130000,2500137.52,2500137.54,2500128.86,2500128.86,41289278760
20250817,170000,2500131.74,2500131.74,2500131.74,2500131.74,5893740350
20250818,090000,2500131.74,2524094.04,2500131.74,2513425.35,267678603284
20250818,130000,2513426.72,2513428.57,2513420.46,2513420.46,63216631819
20250818,170000,2513420.86,2513420.86,2513420.86,2513420.86,10536026209
20250819,090000,2513420.86,2513420.86,2494119.47,2494119.47,216105298636
20250819,130000,2494118.88,2494135.26,2494118.08,2494135.26,106716057268
20250820,090000,2494135.26,2494135.26,2475220.14,2475220.14,223331065249
20250820,130000,2475219.41,2475219.41,2475206.87,2475213.34,99217614685
20250823,090000,2475213.34,2475213.34,2470958.43,2470958.43,196247948583
20250823,130000,2470958.16,2470983.76,2470950.15,2470968.6,59343129438
20250823,170000,2470967.69,2470967.69,2470967.69,2470967.69,8465847686
20250825,090000,2470967.69,2470967.69,2438037.08,2438038.76,241003518035
20250826,090000,2438038.76,2438038.76,2415937.22,2416062.96,332872536302
20250826,130000,2416062.86,2416308.69,2416062.86,2416296.56,122420665491
20250826,170000,2416298.07,2416298.07,2416298.07,2416298.07,11128459945
20250827,090000,2416298.07,2435081.17,2415777.86,2431039.34,214561659917
20250827,130000,2431039.36,2431039.36,2431039.36,2431039.36,8649233267
20250830,090000,2431039.36,2431039.36,2395527.83,2395694.57,239482799415
20250830,130000,2395694.6,2395694.64,2395694.6,2395694.64,21819869842
20250830,170000,2395694.65,2395694.65,2395694.65,2395694.65,10909922121
20250831,090000,2395694.65,2430140.18,2395694.65,2430140.18,265217791942
20250831,130000,2430140.19,2430150.03,2430140.13,2430150.03,66966838970
20250831,170000,2430150.28,2430150.28,2430150.28,2430150.28,11160522695
20250902,090000,2430150.28,2477161.76,2430150.28,2477161.76,221453765626
20250902,130000,2477161.69,2477161.69,2477154.06,2477159.06,126446345544
20250903,090000,2477159.06,2523539.18,2477159.06,2523539.18,442933068222
20250906,090000,2523539.18,2550446.31,2523539.18,2542871.51,469376698448
20250906,130000,2542867.45,2542867.46,2542851.08,2542851.08,74751775770
20250907,090000,2542851.08,2570657.23,2540981.02,2570657.17,322142398616
20250907,130000,2570657.19,2570657.19,2570656.98,2570656.98,27747277524
20250908,090000,2570656.98,2623276.28,2570656.98,2623276.28,324787600146
20250908,130000,2623296.18,2623296.18,2623296.18,2623296.18,12378510859
20250909,090000,2623296.18,2643798.62,2623296.18,2629157.18,615740262297
20250909,130000,2629157.21,2629182.76,2629157.21,2629182.76,130165757303
20250913,090000,2629182.76,2631304.77,2628991.73,2630480.58,331571803080
20250913,130000,2630480.71,2630488.17,2630480.71,2630488.17,63241954777
20250913,170000,2630492.9,2630492.9,2630492.9,2630492.9,12647492815
20250914,090000,2630492.9,2676985.94,2630492.9,2676985.94,390730092425
20250914,130000,2676985.83,2676988.72,2676985.83,2676988.72,121272979372
20250914,170000,2676990.56,2676990.56,2676990.56,2676990.56,15159112433
20250915,090000,2676990.56,2696455.22,2676988.64,2676988.64,644809650643
20250915,130000,2676987.37,2677040.37,2676978.18,2677040.37,376224908687
20250915,170000,2677040.33,2677044.78,2677040.33,2677044.78,46825091174
20250916,090000,2677044.78,2677044.78,2629315.22,2629315.22,354426282687
20250916,130000,2629297.87,2629298.32,2629297.87,2629298.32,41326050384
20250916,170000,2629315.5,2630810.91,2629315.5,2630807.8,96427471112
20250917,090000,2630807.8,2630807.8,2592008.71,2592008.71,321323264468
20250917,130000,2592009.6,2593174.32,2591916.13,2593170.56,221144058127
20250920,090000,2593170.56,2593170.56,2542504.35,2542504.35,236889769909
20250920,130000,2542596.87,2542596.87,2542596.87,2542596.87,10423134659
20250920,170000,2542595.36,2542595.36,2542595.36,2542595.36,10423134659
20250921,090000,2542595.36,2542595.36,2504014.65,2504347.73,575165215689
20250921,130000,2504347.37,2504453.28,2504347.37,2504453.28,184266395681
20250922,090000,2504453.28,2540445.68,2504453.28,2540186.22,298458258740
20250922,130000,2540173.64,2540173.64,2540173.63,2540173.63,22580475365
20250923,090000,2540173.63,2546378.93,2538355.4,2544260.57,215672434328
20250923,130000,2544260.73,2544274.44,2544260.73,2544273.48,77792098577
20250924,090000,2544273.48,2544273.48,2521959.43,2524217.49,356797323167
20250924,130000,2524217.95,2524256.04,2524217.73,2524256.04,55660251044
20250924,170000,2524256.05,2524256.05,2524256.05,2524256.05,13874601003
20250927,090000,2524256.05,2577526.48,2524256.05,2577526.48,370995256260
20250927,130000,2577526.45,2577526.45,2577526.32,2577526.32,23905258648
20250927,170000,2577526.31,2577526.31,2577526.31,2577526.31,11952225824
20250928,090000,2577526.31,2639373.05,2577526.31,2639373.05,246501687640
20250928,130000,2639373.03,2639373.03,2639372.99,2639372.99,18023965622
20250928,170000,2639372.97,2639372.97,2639372.97,2639372.97,9011957088
20250929,090000,2639372.97,2700530.6,2639372.97,2700530.6,328492187957
20250929,130000,2700530.64,2700530.64,2700530.64,2700530.64,13674534484
20250929,170000,2700533.41,2700533.41,2700533.41,2700533.41,13674534484
20250930,090000,2700533.41,2745359.67,2700533.41,2735174.08,944373615562
20250930,130000,2735177.17,2735177.17,2735177.17,2735177.17,31677746634
20251001,090000,2735177.17,2735177.17,2712571.03,2728483.91,553649037055
20251001,130000,2728484.06,2728492.03,2728475.23,2728484.83,210093186673
20251001,170000,2728484.96,2728484.96,2728484.96,2728484.96,20945436475
20251004,090000,2728484.96,2793333.73,2728484.96,2793333.73,297864630170
20251004,130000,2793333.85,2793333.85,2793333.85,2793333.85,10232760328
20251005,090000,2793333.85,2854060.71,2793333.85,2854060.7,1006044401555
20251005,130000,2854060.71,2854060.71,2854059.47,2854059.47,69596409144
20251005,170000,2854059.46,2854059.46,2854059.46,2854059.46,34797989258
20251006,090000,2854059.46,2900408.67,2854059.46,2890692.17,896817854513
20251006,130000,2890692.51,2890698.61,2890692.51,2890698.61,134417748678
20251006,170000,2890696.59,2890697.33,2890696.59,2890697.33,67196475534
20251007,090000,2890697.33,2936010.07,2890697.33,2932146.23,682808514390
20251007,130000,2932145.01,2932145.01,2932144.97,2932144.98,75900041855
20251007,210000,2932143.1,2932143.1,2932143.1,2932143.1,25299959771
20251008,090000,2932143.1,2949345.3,2925711.65,2926059.25,1108362226360
20251008,130000,2926059.24,2926059.24,2926059.22,2926059.22,74406668342
20251008,170000,2926059.19,2926059.19,2926059.19,2926059.19,37203234395
20251011,090000,2926059.19,2959998.79,2926059.19,2950486.35,671201693277
20251011,130000,2950486.28,2950486.28,2950342.59,2950342.59,137674483136
20251012,090000,3007671.2,3018756.49,2950342.59,3007388.07,568353053290
20251012,130000,3018752.47,3018752.47,3018751.27,3018752.14,80512283060
20251013,090000,3018752.14,3051341.88,3018752.14,3042933.89,870445557031
20251013,130000,3042933.9,3042933.91,3042933.8,3042933.8,95260204909
20251014,090000,3042933.8,3046335.12,3016146.87,3016147.21,875553288658
20251014,130000,3016147.2,3016147.2,3016100.02,3016113.64,328012927580
20251015,090000,3016113.64,3016113.64,2972226.8,2974526.32,909297513338
20251015,130000,2974525.48,2974531.37,2974524.84,2974531.37,284182923947
20251015,170000,2974531.38,2974531.38,2974531.38,2974531.38,31552852179
20251018,090000,2974531.38,3048978.37,2974531.38,3048978.37,565465732075
20251018,130000,3048978.17,3048978.44,3048978.17,3048978.44,38875987413
20251019,090000,3048978.44,3093602.61,3048978.44,3087820.78,732680970955
20251019,130000,3087820.79,3087820.79,3087820.24,3087820.24,168056156196
20251020,090000,3087820.24,3087820.24,3056664.21,3056664.21,658018998219
20251020,130000,3056664.15,3056677.32,3056664.15,3056677.32,266863099659
20251020,170000,3056677.31,3056677.31,3056677.31,3056677.31,29643133484
20251021,090000,3056677.31,3068483.95,3052128.43,3052281.97,622402171338
20251021,130000,3052281.98,3052281.98,3052278.71,3052278.71,213181970984
20251021,170000,3052278.84,3052285.93,3052278.84,3052285.93,71060184627
20251022,090000,3052285.93,3079823.47,3052285.93,3079823.47,533705591872
20251022,130000,3079823.44,3079823.96,3079823.44,3079823.96,46608318116
20251025,090000,3079823.96,3079823.96,3059204.42,3060106.64,700983895782
20251025,130000,3060106.93,3060106.96,3060106.93,3060106.96,82450403546
20251026,090000,3060106.96,3085397.47,3060106.96,3084243.97,465208956289
20251026,130000,3084243.51,3084246.22,3084242.84,3084242.85,218718741012
20251026,170000,3084243.77,3084243.77,3084243.77,3084243.77,19880455315
20251027,090000,3084243.77,3127663.59,3084243.77,3127663.59,568151015393
20251027,130000,3127663.47,3127664.4,3127640.67,3127645.03,520637635861
20251028,090000,3127645.03,3177520.62,3127645.03,3175681.74,720390408973
20251028,130000,3175683.67,3175690.29,3175617.73,3175617.73,281744049759
20251029,090000,3175617.73,3209055.64,3175617.73,3209054.49,546295642404
20251029,130000,3209054.09,3209113.61,3209054.09,3209112.17,448010800069
20251029,170000,3209111.98,3209111.99,3209111.98,3209111.99,47126350404
20251101,090000,3209111.99,3234666.25,3207407.02,3207407.02,747447570893
20251101,130000,3207390.52,3207448.98,3207390.52,3207448.98,158553593421
20251102,090000,3207448.98,3217750.67,3190168.93,3217750.67,575756370528
20251102,130000,3217745.54,3217745.54,3217583.45,3217613.37,292287045750
20251103,090000,3217613.37,3267450.4,3217613.37,3265337.8,819152781270
20251103,130000,3265337.75,3265338.05,3265333.63,3265335.31,301284858278
20251104,090000,3265335.31,3265335.31,3224305.83,3224305.83,577807993858
20251104,130000,3224307.95,3224339.49,3224307.95,3224331.7,482315811371
20251104,170000,3224331.71,3224331.71,3224331.71,3224331.71,32101212004
20251105,090000,3224331.71,3224331.71,3187864.92,3202957.66,698141532347
20251105,130000,3202957.8,3202960.22,3202889.62,3202889.66,326546286287
20251108,090000,3202889.66,3246671.33,3202889.66,3224053.85,441144569554
20251108,130000,3224028.5,3224031.34,3224024.9,3224031.34,239868593915
20251109,090000,3224031.34,3224031.34,3151329.38,3151329.87,496136801888
20251109,130000,3151330.06,3151330.06,3151330.04,3151330.04,37734468520
20251109,170000,3151331.22,3151335.48,3151331.22,3151335.48,150282186010
20251110,090000,3151335.48,3151335.48,3114407.41,3114407.74,834184397606
20251110,130000,3114407.76,3114408.33,3114406.99,3114408.33,370516310323
20251110,170000,3114432.97,3114579.97,3114432.97,3114579.59,255528002367
20251111,090000,3114579.59,3132323.31,3106515.84,3106517.5,318999358704
20251111,130000,3106523.88,3106982.02,3106523.88,3106982.02,65284748839
20251111,170000,3106961.79,3106963.36,3106961.79,3106963.36,48831566424
20251112,090000,3106963.36,3106963.36,3092258.28,3098922.4,295810507565
20251112,130000,3098922.38,3098926.91,3098763.2,3098763.2,212767773984
20251115,090000,3098763.2,3106161.27,3098763.2,3105364.3,248649955569
20251115,130000,3105363.31,3105525.25,3105360.79,3105525.25,44244349870
20251115,170000,3105525.39,3105525.39,3105525.39,3105525.39,11054872947
20251116,090000,3105525.39,3139585.1,3105525.39,3139585.1,342916086089
20251116,130000,3139583.41,3139588.65,3139583.41,3139588.55,47494162673
20251116,170000,3139588.54,3139588.54,3139588.54,3139588.54,15822601616
20251117,090000,3139588.54,3186085.47,3139588.54,3174551.78,420749449818
20251117,130000,3174551.77,3175114.62,3174551.28,3175112.56,154399602110
20251118,090000,3175112.56,3175112.56,3160173.09,3160173.09,335035837314
20251118,130000,3160170.69,3160206.65,3160151.68,3160181.18,126935527132
20251119,090000,3160181.18,3167866.2,3160181.18,3167866.2,284117358207
20251119,130000,3167865.89,3168541.38,3167861.61,3168541.26,274781812559
20251119,170000,3168546.4,3168563.05,3168546.4,3168563.05,95811925073
20251122,090000,3168563.05,3198551.93,3168563.05,3197678.88,275569523403
20251122,130000,3197678.39,3197705.8,3197660.4,3197705.8,203492634026
20251122,170000,3197705.48,3197705.48,3197705.35,3197705.35,25379622158
20251123,090000,3197705.35,3251403.46,3197705.35,3251403.26,422532405124
20251123,130000,3251403.07,3251403.07,3251300.06,3251300.75,108577438866
20251125,090000,3264772.56,3304681.44,3264772.56,3303828.88,0
20251125,130000,3303828.79,3303828.79,3303808.89,3303815.66,0
20251126,090000,3313403.5,3313900.77,3281994.33,3282344.66,0
20251126,130000,3282341.66,3282354.21,3282336.3,3282354.21,0
20251129,090000,3285882.15,3299719.22,3272976.08,3272976.63,0
20251129,130000,3272976.71,3273044.31,3272976.71,3273042.73,0
20251130,090000,3272167.77,3274473.09,3259428.57,3274473.09,0
20251130,130000,3274473.08,3274473.08,3274376.4,3274378.13,0
20251201,090000,3290599.89,3321186.27,3290599.89,3314808.05,0
20251201,130000,3314808.14,3314809.57,3314807.63,3314808.53,0
20251202,090000,3320284.37,3340283.5,3320284.37,3340282.74,0
20251202,130000,3340282.71,3340284.33,3340282.71,3340283.71,0
20251203,090000,3348618.96,3379865.27,3348618.96,3379865.27,0
20251203,130000,3379863.51,3379863.51,3379856.05,3379856.28,0
20251206,090000,3401999.99,3446788.35,3401999.99,3446788.3,0
20251206,130000,3446788.31,3446788.31,3446788.24,3446788.24,0
20251207,090000,3475806.21,3483255.92,3450578.94,3450578.94,0
20251207,130000,3450578.9,3450595.46,3450578.9,3450595.46,0
20251208,090000,3454670.49,3482328.07,3453883.65,3482326.97,0
20251208,130000,3482326.02,3482326.02,3482325.41,3482325.41,0
20251209,090000,3495466.77,3527667.64,3495466.77,3507192.7,0
20251209,130000,3507194.04,3507194.04,3507185.48,3507185.63,0
20251210,090000,3508546.47,3561478.71,3508546.47,3561478.71,0
20251210,130000,3561477.06,3561477.16,3561477.06,3561477.16,0
20251213,090000,3590975.9,3629785.46,3590975.9,3628367.09,0
20251213,130000,3628366.86,3628367.69,3628366.86,3628367.03,0
20251214,090000,3629614.62,3656090.8,3599229.76,3656090.8,0
20251214,130000,3656090.24,3656090.24,3656074.69,3656074.69,0
20251215,090000,3677115.06,3728598.28,3677115.06,3728598.28,0
20251215,130000,3728598.25,3728598.25,3728598.25,3728598.25,0
20251216,090000,3759969.38,3804429.33,3759969.38,3760933.58,0
20251216,130000,3760933.83,3760937.65,3760933.83,3760937.65,0
20251217,090000,3753008.79,3767509.46,3753008.79,3767507.67,0
20251217,130000,3767501.27,3767501.27,3767488.53,3767489.2,0
20251220,090000,3804514,3860982.26,3804514,3860982.26,0
20251220,130000,3860982.64,3860983.12,3860982.64,3860983.11,0
20251221,090000,3891999.98,3906141.6,3885072,3898235.45,0
20251221,130000,3898234.65,3898234.88,3898234.6,3898234.62,0
20251222,090000,3931843.04,3941956.02,3909126.65,3909126.73,0
20251222,130000,3909125.1,3909125.12,3909125.1,3909125.12,0
20251223,090000,3922994.86,3937188.76,3914403.62,3935777.57,0
20251224,090000,4002136.22,4028560,4002136.22,4028560,0
20251224,130000,4028560.04,4028560.04,4028560.04,4028560.04,0
20251227,090000,4111455.25,4116579.91,4096961.54,4099421.18,0
20251227,130000,4099422.04,4099423.85,4099422.04,4099423.85,0
20251228,090000,4134026.21,4161916.98,4128003.04,4160642.46,0
20251228,130000,4160642.65,4160642.65,4160624.52,4160624.52,0
20251229,090000,4198630.94,4198630.94,4123176.53,4123625.11,0
20251229,130000,4123624.76,4123626.25,4123616.22,4123626.25,0
20251230,090000,4029240.85,4029240.85,4018487.63,4021447.9,0
20251230,130000,4021442.71,4021442.71,4021368.12,4021368.68,0
20251231,090000,3980175.17,4070065.15,3980175.17,4070065.15,0
20251231,130000,4070065.17,4070069.13,4070061.67,4070064.37,0
20260104,090000,4101594.67,4104623.86,4059520.74,4071039.05,0
20260104,130000,4071038.76,4071038.76,4071035.25,4071036.17,0
20260105,090000,4167257.81,4177520.21,4167257.81,4176084.92,0
20260105,130000,4176084.91,4176084.91,4176084.88,4176084.88,0
20260106,090000,4277825.36,4287960.21,4277825.36,4287960.21,0
20260106,130000,4287960.2,4287960.2,4287955.78,4287955.78,0
20260107,090000,4388323.23,4388323.23,4360688.54,4360688.54,0
20260107,130000,4360688.61,4360688.61,4360688.61,4360688.61,0
20260110,090000,4255103.57,4332046.34,4255103.57,4325542.98,0
20260110,130000,4325542.4,4325587.1,4325532.63,4325587.1,0
20260111,090000,4347683.66,4378408.12,4347683.66,4369382.4,0
20260111,130000,4369382.38,4369388.3,4369351.34,4369354.29,0
20260112,090000,4469936.88,4481441.27,4469936.88,4472562.51,0
20260112,130000,4472562.78,4472562.78,4472556.36,4472556.36,0
20260113,090000,4544875.21,4544875.21,4481598.93,4481598.96,0
20260113,130000,4481599.39,4481600.12,4481574.91,4481598.08,0
20260114,090000,4387787.01,4387787.01,4373058,4376675.04,0
20260114,130000,4376675.05,4376675.05,4376674.92,4376674.92,0
20260118,090000,4455489.98,4469271.91,4455413.28,4455582.05,0
20260118,130000,4455581.79,4455718.13,4455581.79,4455718.13,0
20260119,090000,4536755.21,4543695.15,4491726.87,4491726.87,0
20260119,130000,4491726.85,4491726.85,4491726.85,4491726.85,0
20260120,090000,4483030.37,4483030.37,4453378,4478430.98,0
20260120,130000,4478430.84,4478509.88,4478430.84,4478509.88,0
20260121,090000,4447550.19,4457919.24,4444259.96,4448355.55,0
20260121,130000,4448354.95,4448394.44,4448353.84,4448394.44,0
20260124,090000,4366328.23,4366328.23,4342772.28,4342779.07,0
20260124,130000,4342779.08,4342781.5,4342779.08,4342781.5,0
20260125,090000,4230464.11,4236999.25,4224908.07,4236445.7,0
20260125,130000,4236445.69,4236446.01,4236445.69,4236446.01,0
20260126,090000,4135889.03,4135889.03,4115101.23,4115101.23,0
20260126,130000,4115101.13,4115102.38,4115101.07,4115102.38,0
20260127,090000,4000974.98,4011554.65,4000974.98,4011554.65,0
20260127,130000,4012368.58,4012368.58,4012364.61,4012364.61,0
20260128,090000,3964364.98,3981617.72,3964364.98,3981617.72,0
20260128,130000,3981617.76,3981618.49,3981615.31,3981618.49,0
20260131,090000,4010807,4013927.71,3924549.71,3924549.71,0
20260131,130000,3924549.68,3924581.84,3924545.79,3924581.55,0
20260201,090000,3931015.5,3959446.8,3922626.62,3959446.8,0
20260201,130000,3959446.81,3959778.31,3959433.91,3959778.31,0
20260202,090000,4047547.38,4055176.39,4047547.38,4052895.21,0
20260202,130000,4052895.17,4052895.17,4052894.98,4052895,0
20260203,090000,4120253.83,4120253.83,4058657.71,4059415.26,0
20260203,130000,4059435.02,4059435.02,4059351.67,4059351.93,0
20260204,090000,4120253.83,4120253.83,4058657.71,4059415.26,0
20260204,130000,4059435.02,4059435.02,4059351.67,4059351.93,0
20260207,090000,4151040.25,4163990.66,4151040.25,4163979.54,0
20260207,130000,4163982.23,4163982.23,4163982.23,4163982.23,0
20260208,090000,4253270.98,4253270.98,4174187.42,4174187.42,0
20260208,130000,4174187.84,4174383.17,4174186.31,4174383.17,0
20260209,090000,4100482.83,4100482.83,4068590.2,4068590.69,0
20260209,130000,4068590.7,4068594.69,4068588.04,4068588.04,0
20260210,090000,4000890.54,4029820.83,4000890.54,4029820.83,0
20260210,130000,4029820.43,4029828.35,4029813.27,4029819.86,0
20260214,090000,4081307.51,4090062.8,3986101.44,3986101.44,0
20260214,130000,3986101.27,3986106.05,3986101.17,3986105.56,0
20260215,090000,3898002.93,3898002.93,3881867.48,3881867.48,0
20260215,130000,3881867.24,3881867.24,3881867.24,3881867.24,0
20260216,090000,3800293.61,3822584.78,3799827.9,3822584.78,0
20260216,130000,3822584.77,3822584.77,3822576.09,3822576.09,0
20260217,090000,3862481.43,3862481.43,3837218.07,3847551.74,0
20260217,130000,3847551.75,3847551.75,3847540.84,3847541.89,0
20260218,090000,3900507.23,3900507.23,3806767.93,3806767.93,0
20260218,130000,3806768.04,3806768.04,3806712.74,3806754.01,0
20260221,090000,3710878.68,3710878.68,3703611.44,3703627.27,0
20260221,130000,3703622.86,3703622.86,3703622.86,3703622.86,0
20260222,090000,3615023.16,3618480.98,3612080.31,3618480.98,0
20260222,130000,3618480.95,3618482.23,3618473.27,3618482.23,0
20260223,090000,3681701.86,3692758.48,3675607.47,3680136.1,0
20260223,130000,3680137.89,3680191.79,3680137.89,3680191.59,0
20260224,090000,3662086.16,3662086.16,3626650.29,3652327.91,0
20260224,130000,3652326.85,3652327,3652250.23,3652290.22,0
20260225,090000,3670578.19,3721839.49,3670578.19,3713955.91,0
20260225,130000,3713955.87,3713955.87,3713955.87,3713955.87,0
20260519,090000,3686559.31,3716858.1,3686559.31,3716051.74,0
20260519,130000,3716064.29,3716477.57,3716064.29,3716477.57,0
20260520,090000,3748752.93,3760680.6,3748752.93,3760680.6,0
20260520,130000,3760818.34,3761294.3,3760818.34,3761294.3,0
20260523,090000,3815363.75,3831455.84,3815363.75,3831455.84,0
20260523,130000,3831467.24,3831772.46,3831441.79,3831772.46,0
20260524,090000,3894722.6,3909714.29,3894722.6,3909714.29,0
20260524,130000,3909725.99,3909790.78,3909725.99,3909790.78,0
20260525,090000,3975990.83,3994409.12,3974682.21,3993576.64,0
20260525,130000,3993489,3993489,3993142.74,3993142.74,0
20260526,090000,4032344.55,4073979.25,4031807,4073945.29,0
20260526,130000,4073752.16,4073752.16,4073515.7,4073652.39,0
20260530,090000,4147854.64,4153355.04,4147854.64,4153355.04,0
20260530,130000,4153356.22,4153376.26,4153356.22,4153376.26,0
20260531,090000,4234414.75,4236521.44,4234414.75,4236521.44,0
20260531,130000,4236521.87,4236522.06,4236521.1,4236521.11,0
20260601,090000,4314717.94,4314717.94,4300850.52,4300850.52,0
20260601,130000,4300766.86,4300766.86,4300178.47,4300178.48,0
20260602,090000,4333577.48,4346250.53,4326391.56,4344986.66,0
20260602,130000,4344872.31,4344916.16,4344591.9,4344614.64,0
20260603,090000,4361742.56,4361742.56,4356204.74,4359154.74,0
20260603,130000,4359128.06,4359128.06,4358998.61,4359000.8,0
20260606,090000,4379399.63,4391800.53,4369062.94,4391800.53,0
20260606,130000,4391801.25,4391866.91,4391801.25,4391866.91,0
20260607,090000,4474252.6,4493609.46,4474252.6,4493609.46,0
20260607,130000,4493609.45,4493609.45,4493609.45,4493609.45,0
20260608,090000,4422661.86,4433050.44,4422661.86,4426025.83,0
20260608,130000,4426012.5,4426021.43,4426011.91,4426011.91,0
20260609,090000,4516533.65,4540875,4516533.65,4540874.94,0
20260609,130000,4540874.93,4540874.93,4540874.45,4540874.45,0
20260610,090000,4602549.97,4602549.97,4585578.3,4593047.9,0
20260610,130000,4593047.88,4593056.88,4593047.85,4593054.98,0
20260613,090000,4690049.35,4713591.43,4690049.35,4696228.69,0
20260614,090000,4799357.69,4818830.63,4799357.69,4818830.63,0
20260615,090000,4929531.84,4982626.76,4929531.84,4980429.59,0
20260616,090000,5097357.97,5101854.65,5063434.73,5100331.52,0
20260616,130000,5100331.14,5100331.14,5100242.97,5100249.42,0
20260617,090000,5119641.93,5151088.6,5099487.97,5151088.6,0
20260617,130000,5151088.78,5151101.28,5151088.78,5151095.9,0
20260620,090000,5240717.33,5240717.33,5160103.57,5160103.57,0
20260620,130000,5160104.14,5160183.14,5160090.81,5160183.14,0
20260621,090000,5154348.42,5154348.42,5125979.56,5125979.56,0
20260621,130000,5125978.47,5125978.47,5125975.97,5125976.1,0
20260622,090000,5075291.28,5075291.28,5060370.93,5072579.65,0
20260622,130000,5072579.6,5072677.37,5072576.67,5072677.37,0
20260623,090000,5177214.27,5186838.04,5160821.81,5160903.55,0
20260623,130000,5160903.51,5160903.68,5160903.4,5160903.68,0
20260627,090000,5232440.92,5232440.92,5176356.09,5176356.09,0
20260627,130000,5176355.98,5176357.46,5176355.98,5176357.46,0
20260628,090000,5079364.57,5079364.57,5074794.43,5075569.54,0
20260628,130000,5075569.91,5075580.98,5075569.91,5075580.98,0
20260629,090000,5015789.14,5061802.05,5015789.14,5059261.65,0
20260629,130000,5059261.64,5059268.66,5059229.23,5059229.23,0
20260630,090000,5136423.04,5162727.88,5127538.11,5127628.68,0
20260630,130000,5127628.75,5127635.31,5127626.99,5127635.31,0
20260701,090000,5137564.71,5187263.06,5127545.25,5187263.06,0
20260701,130000,5187263.35,5187266.57,5187254.39,5187264.87,0
20260707,090000,5284472.82,5311528.17,5284472.82,5311528.17,0
20260707,130000,5311524.13,5311524.13,5311523.73,5311523.73,0
20260708,090000,5317992.93,5331617.22,5286783.58,5286783.58,0
20260708,130000,5286783.57,5286857,5286781.84,5286856.14,0
20260711,090000,5188819.31,5189786.06,5177029.6,5182621.79,0
20260711,130000,5182621.78,5182621.78,5182613.78,5182613.78,0
20260712,090000,5056353.3,5057295.67,5055121.38,5055648.45,0
20260712,130000,5055648.55,5055648.55,5055648.31,5055648.31,0
20260713,090000,4940775.88,4966688.83,4940775.88,4966688.83,0
20260713,130000,4966691.58,4966717.62,4966691.58,4966715.32,0
20260714,090000,4901743.5,4924681.41,4890747.35,4924681.41,0
20260714,130000,4924681.51,4924683.63,4924681.51,4924683.63,0
20260715,090000,4932765.23,4934587.17,4893832.86,4893833.24,0
20260715,130000,4893833.14,4893850.55,4893830.14,4893834.55,0
20260718,090000,4786541.01,4786541.01,4772708.21,4777279.01,0
20260718,130000,4777279.09,4777284.92,4777279.09,4777284.58,0
20260719,090000,4731893.76,4755487.8,4731893.76,4755487.8,0
20260719,130000,4755489.96,4755499.63,4755489.96,4755499.63,0
20260720,090000,4833623.11,4848302.12,4810778.51,4813438.27,0
20260720,130000,4813450.2,4813503.4,4813450.2,4813503.4,0
20260721,090000,4873381.27,4887748.81,4873381.27,4887551.71,0
20260722,090000,4908598.53,4908598.53,4883508.16,4883977.03,0
20260722,130000,4883978.45,4884003.23,4883978.45,4884000.87,0
20260725,090000,4919003.5,4919003.5,4879912.49,4894437.91,0
20260725,130000,4894434.9,4894453.67,4894434.47,4894453.18,0
20260726,090000,4975013.04,5002825.65,4975013.04,5002209.49,0
20260726,130000,5002210.02,5002338.31,5002210.02,5002329.94,0
20260727,090000,5062261.28,5062261.28,5045979.45,5052043.17,0
20260727,130000,5052045.36,5052070.72,5052045.36,5052068.38,0
20260728,090000,5094119.89,5109331.34,5090341.91,5109003.33,0
20260728,130000,5109003.92,5109003.96,5109003.92,5109003.96,0
20260729,090000,5057012.6,5077767.8,5054858.75,5075092.32,0
20260729,130000,5075092.31,5075120.45,5075091.8,5075106.12,0
20260801,090000,5047951.85,5056094.77,5040084.26,5054663.61,0
20260801,130000,5054663.63,5054786.66,5054663.63,5054786.66,0
20260802,090000,5164730.18,5165167.48,5150608.98,5154059.34,0
20260802,130000,5154059.14,5154059.14,5154057.38,5154057.38,0
20260803,090000,5271575.44,5277390.1,5271575.44,5277338.57,0
20260803,130000,5277353.7,5277353.7,5277352.62,5277352.62,0
20260805,090000,5399919.42,5407919.89,5399919.42,5407901.78,0
20260805,130000,5407901.83,5407901.83,5407901.83,5407901.83,0
20260808,090000,5531310.29,5541234.94,5518522.98,5520340.74,0
20260809,090000,5632772.96,5632772.96,5559964.84,5559964.84,0
20260809,130000,5559964.43,5559964.43,5559964.07,5559964.07,0
20260810,090000,5586666.78,5654177.81,5586666.78,5654177.81,0
20260810,130000,5654177.25,5654177.25,5654177.25,5654177.25,0
20260811,090000,5765451.33,5767904.43,5736511.52,5736511.52,0
20260811,130000,5736511.45,5736527.32,5736406.24,5736485.34,0
20260815,090000,5771912.19,5771912.19,5735331.2,5736626.56,0
20260815,130000,5736626.55,5736647.26,5736626.5,5736647.21,0
20260816,090000,5710013.42,5766255.74,5697056.74,5766255.74,0
20260816,130000,5766255.7,5766380.77,5766255.45,5766380.77,0
20260817,090000,5890255.54,5900605.85,5890255.54,5897949.89,0
20260817,130000,5897951.28,5897974.42,5897951.28,5897971.58,0
20260818,090000,5920324.8,5970164.34,5897855.75,5947537.69,0
20260818,130000,5947537.8,5947560.08,5947537.8,5947560.08,0
20260819,090000,5866734.97,5954660.83,5862325.78,5952488.39,0
20260819,130000,5952488.42,5952713.29,5952487.87,5952713.29,0
20260822,090000,6056419.99,6084659.4,6056419.99,6061546.71,0
20260822,130000,6061545.14,6061606.57,6061545.14,6061596.32,0
20260823,090000,6154231.19,6154231.19,6069888.48,6069888.48,0
20260823,130000,6069888.31,6070022.54,6069888.31,6070020.19,0
20260824,090000,6042489.81,6107366.89,6027773.14,6099883.24,0
20260824,130000,6099915.01,6099956.47,6099915.01,6099956.47,0
20260825,090000,6161386.1,6223877.79,6161386.1,6223877.79,0
20260825,130000,6223878.15,6223878.82,6223878.15,6223878.53,0
20260826,090000,6377351.45,6386576.51,6377351.45,6386576.51,0
20260826,130000,6386575.54,6386575.54,6386575.54,6386575.54,0
20260829,090000,6518983.39,6518983.39,6507636.35,6516156.9,0
20260829,130000,6516158.19,6516185.36,6516158.19,6516183.93,0
20260831,090000,6513590.05,6549574.33,6513590.05,6547932.66,0
20260831,130000,6547932.63,6547963.76,6547932.63,6547963.76,0
20260901,090000,6679172.47,6699462.96,6583932.43,6583932.43,0
20260901,130000,6583932.85,6583933.19,6583931.99,6583932.28,0
20260902,090000,6432812.7,6503970.59,6432812.7,6503970.59,0
20260902,130000,6503970.69,6504009.71,6503970.69,6504009.71,0
20260905,090000,6615498.94,6628401.51,6592906.03,6601286,0
20260905,130000,6601286.16,6601298.71,6601286.16,6601298.71,0
20260906,090000,6719218.99,6723575.95,6676483.16,6723575.95,0
20260906,130000,6723575.94,6723575.94,6723575.94,6723575.94,0
20260907,090000,6890582.78,6907617.44,6890582.78,6907617.44,0
20260907,130000,6907617.43,6907617.48,6907617.43,6907617.48,0
20260908,090000,7092673.23,7092673.23,7073415.24,7074945.04,0
20260908,130000,7074944.09,7074944.81,7074944.09,7074944.81,0
20260909,090000,7101953.52,7136892.56,7090888.13,7122270.33,0
20260909,130000,7122270.31,7122296.61,7122270.31,7122296.61,0
20260912,090000,7272352.29,7277556.26,7236748.79,7277556.26,0
20260912,130000,7277556.27,7277584.63,7277555.37,7277584.63,0
20260913,090000,7463429.35,7464390.32,7431450.18,7431450.18,0
20260913,130000,7431450.17,7431451.05,7431450.06,7431451.05,0
20260914,090000,7419970.77,7419970.77,7357075.95,7393272.36,0
20260914,130000,7393266.88,7393266.88,7393175.85,7393247.13,0
20260915,090000,7449980.66,7521959.01,7449980.66,7521959.01,0
20260915,130000,7521958.9,7521963.27,7521958.9,7521963.26,0
20260916,090000,7638036.93,7648388.67,7553916.77,7557642.37,0
20260916,130000,7557642.33,7557733.07,7557642.33,7557733.07,0
20260919,090000,7619210.5,7619210.5,7448843.37,7448843.37,0
20260919,130000,7448839.34,7448839.41,7448839.34,7448839.41,0
20260920,090000,7298500.8,7298500.8,7268428.43,7291611.26,0
20260920,130000,7291611.54,7291808.91,7291611.54,7291795.74,0
20260921,090000,7313930,7345566.57,7279864.09,7280289.28,0
20260921,130000,7280289.25,7280429.55,7280289.22,7280429.55,0
