date,open,high,low,close,volume
2018-07-22,10670.0,10700.0,10470.0,10500.0,13976341.0
2018-07-23,10600.0,10650.0,10400.0,10404.0,9405705.0
2018-07-24,10470.0,10590.0,10450.0,10590.0,10186681.0
2018-07-25,10570.0,10579.0,10535.0,10550.0,2717956.0
2018-07-28,10598.0,10675.0,10578.0,10661.0,4121383.0
2018-07-29,10720.0,11000.0,10720.0,10764.0,5931613.0
2018-07-30,10850.0,10944.0,10840.0,10889.0,5661331.0
2018-07-31,10920.0,11050.0,10600.0,10810.0,9932818.0
2018-08-01,10780.0,10994.0,10750.0,10900.0,2383514.0
2018-08-04,10928.0,10928.0,10701.0,10730.0,2384022.0
2018-08-05,10500.0,10650.0,10450.0,10451.0,3407034.0
2018-08-06,10440.0,10440.0,10301.0,10353.0,3458916.0
2018-08-07,10287.0,10287.0,10210.0,10233.0,4042665.0
2018-08-08,10208.0,10499.0,10208.0,10499.0,1813317.0
2018-08-11,10640.0,10797.0,10550.0,10644.0,1131116.0
2018-08-12,10638.0,10753.0,10550.0,10753.0,2346638.0
2018-08-13,10750.0,10900.0,10750.0,10856.0,759920.0
2018-08-14,10900.0,11120.0,10900.0,11108.0,1069764.0
2018-08-15,10905.0,11081.0,10900.0,10900.0,1041039.0
2018-08-18,10890.0,10947.0,10850.0,10920.0,669767.0
2018-08-19,10800.0,10899.0,10752.0,10890.0,462930.0
2018-08-20,10800.0,11020.0,10800.0,11019.0,762989.0
2018-08-21,11049.0,11250.0,11049.0,11220.0,569785.0
2018-08-25,11100.0,11200.0,11010.0,11038.0,217982.0
2018-08-26,11042.0,11210.0,11042.0,11160.0,235505.0
2018-08-27,11300.0,11510.0,11260.0,11510.0,543750.0
2018-08-28,11599.0,12000.0,11599.0,11959.0,1203524.0
2018-08-29,11950.0,11950.0,11520.0,11766.0,315932.0
2018-09-01,11900.0,12030.0,11750.0,12020.0,519428.0
2018-09-02,13000.0,13355.0,12960.0,13108.0,2645364.0
2018-09-03,14000.0,14098.0,13660.0,13850.0,2630885.0
2018-09-04,14299.0,15100.0,14299.0,14970.0,4250809.0
2018-09-05,15460.0,15850.0,13800.0,14000.0,5427431.0
2018-09-08,13500.0,13500.0,12600.0,12744.0,1380973.0
2018-09-09,12060.0,12700.0,11400.0,12200.0,2577412.0
2018-09-10,12220.0,13197.0,12220.0,12950.0,6104362.0
2018-09-11,13400.0,13600.0,12461.0,12499.0,4246372.0
2018-09-12,12360.0,12400.0,12030.0,12288.0,1473472.0
2018-09-15,12180.0,12499.0,12100.0,12449.0,1091429.0
2018-09-16,12900.0,13000.0,12758.0,12804.0,2497340.0
2018-09-17,12900.0,12900.0,12661.0,12785.0,1083848.0
2018-09-18,12860.0,13130.0,12750.0,13120.0,1487642.0
2018-09-22,13000.0,13100.0,12913.0,12941.0,1182027.0
2018-09-23,13002.0,13100.0,12922.0,13100.0,1208370.0
2018-09-24,13599.0,13750.0,13500.0,13658.0,1873670.0
2018-09-25,13410.0,13820.0,13380.0,13510.0,2118048.0
2018-09-26,14300.0,14638.0,14300.0,14550.0,3550481.0
2018-09-29,13700.0,14050.0,13700.0,13902.0,3169306.0
2018-09-30,13565.0,13600.0,13171.0,13200.0,2991824.0
2018-10-01,12700.0,12850.0,12100.0,12403.0,2088529.0
2018-10-02,11400.0,12350.0,10875.0,12210.0,2418368.0
2018-10-03,12201.0,12600.0,11939.0,12100.0,1130167.0
2018-10-06,11700.0,11700.0,11285.0,11494.0,770889.0
2018-10-07,11200.0,11200.0,11000.0,11125.0,6419271.0
2018-10-08,11700.0,12003.0,11699.0,11996.0,3539214.0
2018-10-09,12307.0,12360.0,12000.0,12299.0,4763750.0
2018-10-10,12318.0,12320.0,11900.0,12068.0,6364473.0
2018-10-13,12100.0,12100.0,11620.0,11750.0,1015381.0
2018-10-14,11619.0,12000.0,11301.0,11410.0,433290.0
2018-10-15,11431.0,11998.0,11430.0,11730.0,445254.0
2018-10-16,11890.0,12000.0,11808.0,11854.0,660656.0
2018-10-17,12100.0,12100.0,11833.0,11901.0,421397.0
2018-10-20,11839.0,11840.0,11534.0,11549.0,540717.0
2018-10-21,11542.0,11560.0,11285.0,11361.0,1043437.0
2018-10-22,11600.0,11760.0,11506.0,11710.0,739809.0
2018-10-23,11668.0,11668.0,11550.0,11629.0,235219.0
2018-10-24,11737.0,11737.0,11310.0,11579.0,309779.0
2018-10-27,11530.0,11999.0,11530.0,11999.0,925089.0
2018-10-28,12001.0,12300.0,12001.0,12160.0,1637900.0
2018-10-29,12200.0,12627.0,12200.0,12439.0,1799904.0
2018-10-31,12800.0,13000.0,12800.0,12940.0,1822556.0
2018-11-03,12200.0,12270.0,12043.0,12055.0,1168246.0
2018-11-04,12202.0,12389.0,12130.0,12302.0,1148210.0
2018-11-05,12351.0,12500.0,12290.0,12300.0,761512.0
2018-11-06,12332.0,12541.0,12280.0,12450.0,1174222.0
2018-11-10,12448.0,12448.0,12212.0,12217.0,504546.0
2018-11-11,12200.0,12200.0,11920.0,11935.0,1469841.0
2018-11-12,11900.0,11990.0,11800.0,11939.0,448993.0
2018-11-13,11931.0,11931.0,11701.0,11751.0,387608.0
2018-11-14,11794.0,11794.0,11300.0,11301.0,914530.0
2018-11-17,11200.0,11280.0,10903.0,11269.0,1190253.0
2018-11-18,11669.0,11700.0,11500.0,11659.0,1252859.0
2018-11-19,11585.0,11597.0,11103.0,11359.0,134869.0
2018-11-20,11200.0,11490.0,11200.0,11434.0,180915.0
2018-11-21,11310.0,11424.0,11303.0,11423.0,147344.0
2018-11-24,11302.0,11302.0,11000.0,11045.0,500549.0
2018-11-26,10952.0,11038.0,10703.0,10770.0,451910.0
2018-11-27,10610.0,10694.0,10521.0,10630.0,294195.0
2018-11-28,10511.0,10521.0,10361.0,10375.0,349258.0
2018-12-01,10420.0,10420.0,10260.0,10402.0,1744315.0
2018-12-02,10520.0,10950.0,10520.0,10949.0,646867.0
2018-12-03,10789.0,10900.0,10732.0,10748.0,162867.0
2018-12-04,10652.0,10700.0,10550.0,10601.0,288360.0
2018-12-05,10690.0,10690.0,10505.0,10583.0,208000.0
2018-12-08,10850.0,10978.0,10850.0,10850.0,433075.0
2018-12-09,10850.0,10850.0,10510.0,10610.0,147657.0
2018-12-10,10504.0,10579.0,10452.0,10510.0,210694.0
2018-12-11,10485.0,10485.0,10181.0,10250.0,625859.0
2018-12-12,10150.0,10290.0,10111.0,10286.0,184555.0
2018-12-15,10202.0,10250.0,10061.0,10090.0,321260.0
2018-12-16,10050.0,10050.0,9800.0,9819.0,402332.0
2018-12-17,9751.0,9986.0,9751.0,9813.0,198156.0
2018-12-18,9760.0,9761.0,9490.0,9555.0,5782670.0
2018-12-19,9750.0,9760.0,9601.0,9653.0,966156.0
2018-12-22,9662.0,9760.0,9662.0,9760.0,213244.0
2018-12-23,9736.0,10180.0,9736.0,10070.0,729935.0
2018-12-24,10185.0,10189.0,9999.0,10000.0,767933.0
2018-12-25,10300.0,10696.0,10290.0,10696.0,1454373.0
2018-12-26,10960.0,11048.0,10450.0,10500.0,1454633.0
2018-12-29,10111.0,10394.0,10012.0,10310.0,775305.0
2018-12-30,10599.0,10644.0,10520.0,10550.0,248856.0
2018-12-31,10490.0,10710.0,10490.0,10670.0,402150.0
2019-01-01,10580.0,10746.0,10490.0,10700.0,1050542.0
2019-01-02,10743.0,10743.0,10611.0,10651.0,111806.0
2019-01-05,10603.0,10716.0,10603.0,10685.0,65165.0
2019-01-06,10638.0,10749.0,10638.0,10702.0,146301.0
2019-01-07,10758.0,10990.0,10758.0,10956.0,235400.0
2019-01-08,10968.0,10998.0,10757.0,10900.0,194268.0
2019-01-09,10860.0,10860.0,10632.0,10679.0,262009.0
2019-01-12,10897.0,11048.0,10897.0,10998.0,1254570.0
2019-01-13,10910.0,10970.0,10670.0,10702.0,2686649.0
2019-01-14,10701.0,10708.0,10616.0,10680.0,1673855.0
2019-01-15,10700.0,10815.0,10680.0,10815.0,321381.0
2019-01-16,10930.0,11000.0,10802.0,10995.0,2429930.0
2019-01-19,11036.0,11188.0,10999.0,11120.0,2081664.0
2019-01-20,11080.0,11250.0,11080.0,11148.0,1464261.0
2019-01-21,11212.0,11399.0,11115.0,11350.0,3039377.0
2019-01-22,11360.0,11790.0,11360.0,11698.0,875634.0
2019-01-23,11650.0,11740.0,11510.0,11510.0,68320.0
2019-01-26,11585.0,11850.0,11585.0,11681.0,870773.0
2019-01-27,11700.0,11799.0,11610.0,11612.0,192933.0
2019-01-28,11513.0,11710.0,11513.0,11710.0,168483.0
2019-01-29,11801.0,11879.0,11742.0,11860.0,1165868.0
2019-01-30,11898.0,11949.0,11740.0,11750.0,2026973.0
2019-02-02,11500.0,11500.0,11200.0,11202.0,7594030.0
2019-02-03,11100.0,11499.0,11100.0,11460.0,3235077.0
2019-02-04,11507.0,11620.0,11507.0,11561.0,189760.0
2019-02-05,11621.0,11800.0,11620.0,11625.0,172594.0
2019-02-06,11623.0,11730.0,11600.0,11640.0,684878.0
2019-02-10,11671.0,11746.0,11599.0,11725.0,464476.0
2019-02-12,11670.0,11800.0,11670.0,11800.0,659555.0
2019-02-13,11797.0,11910.0,11720.0,11900.0,480413.0
2019-02-16,11900.0,12070.0,11900.0,12000.0,344305.0
2019-02-17,12102.0,12369.0,12102.0,12280.0,679049.0
2019-02-18,12500.0,12748.0,12500.0,12700.0,1199729.0
2019-02-19,12800.0,12850.0,12400.0,12539.0,799730.0
2019-02-20,12810.0,12886.0,12676.0,12735.0,1502706.0
2019-02-23,12600.0,13172.0,12505.0,12900.0,1232000.0
2019-02-24,13199.0,13280.0,13050.0,13240.0,589115.0
2019-02-25,13150.0,13150.0,12561.0,12797.0,867357.0
2019-02-26,12650.0,12830.0,12604.0,12800.0,686741.0
2019-02-27,12613.0,12970.0,12613.0,12716.0,118482.0
2019-03-02,12730.0,12750.0,12615.0,12720.0,682932.0
2019-03-03,12650.0,12650.0,12063.0,12140.0,1795238.0
2019-03-04,11890.0,11890.0,11710.0,11850.0,966269.0
2019-03-05,12000.0,12410.0,12000.0,12400.0,1372763.0
2019-03-06,12450.0,12700.0,12410.0,12475.0,434251.0
2019-03-09,12560.0,12688.0,12553.0,12578.0,133687.0
2019-03-10,12506.0,12577.0,12460.0,12490.0,127644.0
2019-03-11,12400.0,12428.0,12305.0,12384.0,121431.0
2019-03-12,12450.0,12450.0,12153.0,12200.0,112605.0
2019-03-13,12210.0,12399.0,12167.0,12361.0,216663.0
2019-03-16,12359.0,12468.0,12230.0,12429.0,368032.0
2019-03-17,12386.0,12386.0,12198.0,12269.0,432241.0
2019-03-18,12220.0,12498.0,12220.0,12498.0,2290978.0
2019-03-19,12500.0,12790.0,12500.0,12673.0,341440.0
2019-03-25,12800.0,12913.0,12703.0,12810.0,167766.0
2019-03-26,12890.0,12912.0,12800.0,12881.0,147058.0
2019-03-27,12900.0,13100.0,12900.0,13022.0,389269.0
2019-03-30,13095.0,13095.0,12898.0,12999.0,788467.0
2019-03-31,13108.0,13190.0,13001.0,13150.0,441096.0
2019-04-06,13220.0,13580.0,13220.0,13570.0,1113633.0
2019-04-07,13740.0,13880.0,13600.0,13820.0,3137967.0
2019-04-08,14100.0,14419.0,14068.0,14244.0,1005554.0
2019-04-09,14800.0,14999.0,14530.0,14740.0,1790499.0
2019-04-10,14500.0,14500.0,13600.0,13651.0,8145495.0
2019-04-13,13450.0,13450.0,13120.0,13298.0,1745015.0
2019-04-14,13497.0,13550.0,13299.0,13409.0,1140254.0
2019-04-15,13611.0,13890.0,13550.0,13737.0,1011283.0
2019-04-16,13450.0,13450.0,13299.0,13340.0,526326.0
2019-04-17,13460.0,13472.0,13335.0,13428.0,578883.0
2019-04-20,13405.0,13440.0,13299.0,13335.0,600588.0
2019-04-22,13650.0,13850.0,13601.0,13751.0,962814.0
2019-04-23,13800.0,13800.0,13651.0,13800.0,672338.0
2019-04-24,13850.0,13850.0,13700.0,13788.0,1022655.0
2019-04-27,13850.0,13896.0,13820.0,13863.0,1400338.0
2019-04-28,13909.0,13994.0,13866.0,13891.0,637783.0
2019-04-29,13929.0,13929.0,13600.0,13630.0,881011.0
2019-04-30,13950.0,13950.0,13402.0,13402.0,633529.0
2019-05-01,13603.0,13830.0,13498.0,13640.0,843241.0
2019-05-04,13890.0,13890.0,13655.0,13699.0,868322.0
2019-05-05,13680.0,13819.0,13510.0,13562.0,1550080.0
2019-05-06,13501.0,13755.0,13501.0,13722.0,794118.0
2019-05-07,13835.0,14177.0,13800.0,14140.0,3209198.0
2019-05-08,14199.0,14199.0,13998.0,14000.0,2168052.0
2019-05-11,14001.0,14002.0,13809.0,13814.0,962600.0
2019-05-12,13675.0,13675.0,13410.0,13600.0,1177047.0
2019-05-13,13692.0,13799.0,13499.0,13520.0,1315886.0
2019-05-14,13551.0,13620.0,13473.0,13498.0,1805572.0
2019-05-15,13495.0,13495.0,13360.0,13401.0,1242921.0
2019-05-18,13403.0,13403.0,13051.0,13054.0,664221.0
2019-05-19,13050.0,13050.0,12831.0,12851.0,419343.0
2019-05-20,12800.0,12800.0,12400.0,12611.0,2391396.0
2019-05-21,12470.0,12835.0,12470.0,12812.0,1288057.0
2019-05-22,12980.0,13120.0,12910.0,12991.0,1081956.0
2019-05-25,13000.0,13000.0,12646.0,12700.0,1148010.0
2019-05-26,12779.0,12800.0,12550.0,12710.0,1207524.0
2019-05-28,12500.0,12600.0,12351.0,12390.0,909117.0
2019-05-29,12330.0,12600.0,12200.0,12393.0,1120111.0
2019-06-01,12410.0,12530.0,12410.0,12480.0,1457376.0
2019-06-02,12380.0,12433.0,12351.0,12433.0,1118646.0
2019-06-03,12499.0,12499.0,12181.0,12288.0,1238927.0
2019-06-08,12490.0,12599.0,12400.0,12450.0,1737801.0
2019-06-09,12302.0,12302.0,11857.0,11966.0,1741621.0
2019-06-10,11910.0,12160.0,11900.0,12098.0,1110776.0
2019-06-11,12081.0,12119.0,12023.0,12086.0,522964.0
2019-06-12,12163.0,12288.0,12101.0,12260.0,1169686.0
2019-06-15,12400.0,12800.0,12400.0,12701.0,2809546.0
2019-06-16,12889.0,12950.0,12713.0,12886.0,1199821.0
2019-06-17,12800.0,12876.0,12500.0,12600.0,545460.0
2019-06-18,12669.0,12669.0,12403.0,12518.0,760346.0
2019-06-19,12579.0,12600.0,12405.0,12554.0,841269.0
2019-06-22,12690.0,12850.0,12540.0,12617.0,2321283.0
2019-06-23,12657.0,12657.0,12521.0,12615.0,632951.0
2019-06-24,12699.0,12750.0,12668.0,12749.0,1358681.0
2019-06-25,12790.0,12790.0,12651.0,12687.0,288839.0
2019-06-26,12599.0,12599.0,12450.0,12590.0,531963.0
2019-06-30,12370.0,12450.0,12300.0,12402.0,659765.0
2019-07-01,12253.0,12390.0,12214.0,12240.0,632750.0
2019-07-02,12369.0,12369.0,12233.0,12286.0,86341.0
2019-07-03,12420.0,12420.0,12320.0,12390.0,460305.0
2019-07-06,12491.0,12594.0,12472.0,12570.0,225347.0
2019-07-07,12528.0,12530.0,12396.0,12440.0,359934.0
2019-07-08,12470.0,12470.0,12331.0,12356.0,268727.0
2019-07-09,12341.0,12341.0,12110.0,12200.0,677575.0
2019-07-10,12157.0,12194.0,12106.0,12179.0,140152.0
2019-07-13,12010.0,12010.0,11650.0,11776.0,773841.0
2019-07-14,11640.0,11744.0,11471.0,11566.0,406478.0
2019-07-15,11213.0,11519.0,11213.0,11519.0,410664.0
2019-07-16,11289.0,11289.0,11000.0,11149.0,437272.0
2019-07-17,10905.0,11448.0,10630.0,11400.0,695652.0
2019-07-20,11250.0,11650.0,11211.0,11649.0,570036.0
2019-07-21,11751.0,12060.0,11751.0,12023.0,765081.0
2019-07-22,11979.0,11990.0,11510.0,11740.0,198983.0
2019-07-23,11979.0,12089.0,11850.0,11920.0,410201.0
2019-07-24,11952.0,12150.0,11668.0,11669.0,491185.0
2019-07-27,11990.0,11990.0,11511.0,11626.0,238110.0
2019-07-28,11601.0,11769.0,11560.0,11570.0,135343.0
2019-07-29,11554.0,11580.0,11467.0,11476.0,39109.0
2019-07-30,11468.0,11600.0,11300.0,11360.0,82599.0
2019-07-31,11260.0,11261.0,11000.0,11001.0,662920.0
2019-08-03,11098.0,11249.0,11098.0,11145.0,390126.0
2019-08-04,11012.0,11166.0,11012.0,11080.0,122014.0
2019-08-05,11230.0,11279.0,11164.0,11208.0,374775.0
2019-08-06,11230.0,11250.0,11091.0,11180.0,169189.0
2019-08-07,11250.0,11330.0,11220.0,11270.0,351911.0
2019-08-10,11140.0,11222.0,11140.0,11190.0,72607.0
2019-08-11,11136.0,11137.0,11074.0,11100.0,275995.0
2019-08-13,11264.0,11265.0,11134.0,11179.0,165267.0
2019-08-14,11100.0,11162.0,11076.0,11090.0,251724.0
2019-08-17,11110.0,11293.0,11100.0,11104.0,390059.0
2019-08-18,11197.0,11197.0,11102.0,11123.0,135837.0
2019-08-19,11055.0,11110.0,11055.0,11055.0,304135.0
2019-08-21,11050.0,11106.0,10939.0,10994.0,416023.0
2019-08-24,11149.0,11149.0,10993.0,11000.0,581958.0
2019-08-25,11000.0,11019.0,10955.0,10981.0,630822.0
2019-08-26,11000.0,11000.0,10750.0,10800.0,286205.0
2019-08-27,10720.0,10800.0,10700.0,10744.0,437032.0
2019-08-28,10743.0,10780.0,10677.0,10700.0,239427.0
2019-08-31,10803.0,10987.0,10803.0,10905.0,968915.0
2019-09-01,10960.0,11010.0,10950.0,10967.0,275519.0
2019-09-02,10775.0,10936.0,10752.0,10840.0,535454.0
2019-09-03,10922.0,10958.0,10862.0,10950.0,569739.0
2019-09-04,10987.0,10999.0,10802.0,10900.0,212555.0
2019-09-07,10850.0,10952.0,10850.0,10922.0,232434.0
2019-09-08,10975.0,11057.0,10975.0,11011.0,156697.0
2019-09-11,10989.0,10989.0,10860.0,10938.0,386059.0
2019-09-14,10904.0,10904.0,10703.0,10722.0,632618.0
2019-09-15,10725.0,10941.0,10703.0,10706.0,732550.0
2019-09-16,10801.0,10891.0,10765.0,10850.0,403499.0
2019-09-17,10899.0,10899.0,10652.0,10673.0,342074.0
2019-09-18,10741.0,10829.0,10719.0,10732.0,289744.0
2019-09-21,10800.0,10860.0,10781.0,10789.0,118752.0
2019-09-22,10621.0,10789.0,10621.0,10708.0,325125.0
2019-09-23,10788.0,10788.0,10625.0,10659.0,164739.0
2019-09-24,10603.0,10680.0,10580.0,10607.0,279426.0
2019-09-25,10625.0,10719.0,10590.0,10609.0,255077.0
2019-09-28,10698.0,10698.0,10517.0,10522.0,268138.0
2019-09-29,10511.0,10618.0,10511.0,10578.0,621617.0
2019-09-30,10630.0,10648.0,10555.0,10567.0,374057.0
2019-10-01,10500.0,10582.0,10470.0,10520.0,218170.0
2019-10-02,10461.0,10550.0,10400.0,10505.0,281680.0
2019-10-05,10518.0,10560.0,10500.0,10560.0,359117.0
2019-10-06,10501.0,10555.0,10492.0,10554.0,100592.0
2019-10-07,10490.0,10628.0,10450.0,10556.0,100307.0
2019-10-08,10588.0,10588.0,10499.0,10541.0,443011.0
2019-10-09,10578.0,10600.0,10500.0,10599.0,52114.0
2019-10-12,10500.0,10540.0,10390.0,10453.0,529109.0
2019-10-13,10500.0,10500.0,10431.0,10485.0,78131.0
2019-10-14,10514.0,10659.0,10445.0,10463.0,335456.0
2019-10-15,10471.0,10579.0,10471.0,10530.0,90266.0
2019-10-16,10569.0,10569.0,10499.0,10547.0,62603.0
2019-10-20,10547.0,10554.0,10442.0,10500.0,179506.0
2019-10-21,10536.0,10549.0,10402.0,10549.0,315461.0
2019-10-22,10412.0,10550.0,10412.0,10500.0,205157.0
2019-10-23,10515.0,10519.0,10300.0,10411.0,279379.0
2019-10-26,10333.0,10333.0,10203.0,10268.0,364805.0
2019-10-28,10320.0,10420.0,10281.0,10409.0,421888.0
2019-10-30,10370.0,10399.0,10257.0,10331.0,76705.0
2019-11-02,10480.0,10570.0,10470.0,10563.0,168684.0
2019-11-03,10598.0,10637.0,10541.0,10541.0,164590.0
2019-11-04,10517.0,10646.0,10500.0,10600.0,256743.0
2019-11-05,10648.0,10679.0,10523.0,10675.0,91588.0
2019-11-09,10567.0,10630.0,10444.0,10549.0,181528.0
2019-11-10,10487.0,10679.0,10487.0,10650.0,169112.0
2019-11-11,10669.0,10889.0,10669.0,10700.0,1148784.0
2019-11-12,10750.0,10825.0,10670.0,10742.0,252285.0
2019-11-13,10850.0,10990.0,10800.0,10950.0,804010.0
2019-11-16,11201.0,11648.0,11201.0,11602.0,1218577.0
2019-11-17,11752.0,11850.0,11410.0,11738.0,1672051.0
2019-11-18,11600.0,11600.0,11205.0,11261.0,802696.0
2019-11-19,11265.0,11400.0,10910.0,11150.0,317211.0
2019-11-20,11198.0,11259.0,11080.0,11231.0,100025.0
2019-11-23,11285.0,11285.0,11050.0,11140.0,483237.0
2019-11-24,11255.0,11490.0,11255.0,11400.0,237925.0
2019-11-25,11498.0,11650.0,11498.0,11592.0,284154.0
2019-11-26,11650.0,11700.0,11400.0,11404.0,272078.0
2019-11-27,11505.0,11701.0,11500.0,11701.0,376823.0
2019-11-30,11750.0,11985.0,11750.0,11819.0,450218.0
2019-12-01,11950.0,11950.0,11760.0,11887.0,364961.0
2019-12-02,12000.0,12100.0,11967.0,12017.0,644946.0
2019-12-03,12020.0,12020.0,11851.0,11872.0,254953.0
2019-12-04,12189.0,12275.0,12075.0,12265.0,526013.0
2019-12-07,12320.0,12549.0,12300.0,12528.0,1157098.0
2019-12-08,12680.0,12998.0,12410.0,12546.0,1066104.0
2019-12-09,12950.0,12950.0,12400.0,12449.0,605194.0
2019-12-10,12697.0,12769.0,12516.0,12608.0,327778.0
2019-12-11,12110.0,12110.0,11900.0,12029.0,759841.0
2019-12-14,11832.0,11900.0,11703.0,11751.0,254511.0
2019-12-15,11610.0,11700.0,11452.0,11670.0,365254.0
2019-12-16,11840.0,11840.0,11707.0,11820.0,255514.0
2019-12-17,11825.0,11979.0,11820.0,11850.0,223446.0
2019-12-18,11979.0,12000.0,11670.0,11797.0,327202.0
2019-12-21,12089.0,12089.0,11950.0,11975.0,343900.0
2019-12-22,12200.0,12240.0,11950.0,12025.0,571660.0
2019-12-23,12000.0,12000.0,11818.0,11900.0,418647.0
2019-12-24,12095.0,12095.0,11998.0,12008.0,317790.0
2019-12-25,12000.0,12100.0,12000.0,12090.0,280169.0
2019-12-28,11999.0,12178.0,11950.0,12173.0,193556.0
2019-12-29,12151.0,12151.0,12015.0,12047.0,421858.0
2019-12-30,12002.0,12100.0,12000.0,12030.0,539584.0
2019-12-31,12100.0,12250.0,12100.0,12176.0,1955688.0
2020-01-01,12190.0,12200.0,12115.0,12123.0,253059.0
2020-01-04,12551.0,12750.0,12500.0,12636.0,1920992.0
2020-01-05,12806.0,13399.0,12806.0,13369.0,2285145.0
2020-01-07,14000.0,14886.0,14000.0,14303.0,4029028.0
2020-01-08,14600.0,14794.0,13200.0,13360.0,3440925.0
2020-01-11,12850.0,13000.0,12650.0,12755.0,2869986.0
2020-01-12,13000.0,13000.0,12778.0,12995.0,1023650.0
2020-01-13,12950.0,13080.0,12790.0,13060.0,3552371.0
2020-01-14,13020.0,13700.0,12900.0,13504.0,2474138.0
2020-01-15,13694.0,13899.0,13550.0,13627.0,1314905.0
2020-01-18,13390.0,13500.0,13202.0,13215.0,427050.0
2020-01-19,13275.0,13275.0,12870.0,12988.0,870440.0
2020-01-20,13196.0,13196.0,13051.0,13059.0,750523.0
2020-01-21,13015.0,13250.0,13000.0,13160.0,880562.0
2020-01-22,13100.0,13238.0,13011.0,13238.0,657709.0
2020-01-25,13300.0,13577.0,13280.0,13461.0,1197313.0
2020-01-26,13400.0,13740.0,13400.0,13680.0,1009856.0
2020-01-27,13800.0,14095.0,13800.0,14089.0,776615.0
2020-01-28,13880.0,14350.0,13880.0,14290.0,1396371.0
2020-02-01,14360.0,14489.0,13940.0,14020.0,1117930.0
2020-02-02,13900.0,13997.0,13710.0,13925.0,532716.0
2020-02-03,13899.0,14050.0,13800.0,13863.0,735594.0
2020-02-04,13820.0,14111.0,13820.0,14088.0,1169221.0
2020-02-05,13950.0,13994.0,13764.0,13994.0,862701.0
2020-02-08,14000.0,14100.0,13890.0,13895.0,1074583.0
2020-02-09,14000.0,14495.0,14000.0,14350.0,815944.0
2020-02-10,14501.0,14730.0,14462.0,14598.0,1150636.0
2020-02-12,14699.0,14710.0,14401.0,14469.0,1073229.0
2020-02-15,14511.0,14756.0,14511.0,14550.0,984411.0
2020-02-16,14685.0,14750.0,14411.0,14440.0,469618.0
2020-02-17,14550.0,14750.0,14515.0,14601.0,991641.0
2020-02-18,14713.0,14900.0,14711.0,14757.0,584413.0
2020-02-19,14987.0,14987.0,14801.0,14801.0,74061.0
2020-02-22,15421.0,16190.0,15421.0,16000.0,1299418.0
2020-02-23,16500.0,16500.0,16050.0,16111.0,2147057.0
2020-02-24,16670.0,16939.0,16400.0,16899.0,2135910.0
2020-02-25,16800.0,16899.0,16200.0,16300.0,2026692.0
2020-02-26,16470.0,16710.0,16264.0,16710.0,1044292.0
2020-02-29,15350.0,15550.0,15140.0,15442.0,1473474.0
2020-03-01,15690.0,16250.0,15690.0,16191.0,1798649.0
2020-03-02,16790.0,16800.0,16302.0,16550.0,1165079.0
2020-03-03,16300.0,16487.0,16060.0,16100.0,1360779.0
2020-03-04,16165.0,16500.0,16160.0,16468.0,303992.0
2020-03-07,16800.0,16849.0,16600.0,16826.0,661558.0
2020-03-09,17100.0,19000.0,17100.0,18000.0,2437892.0
2020-03-10,17980.0,17980.0,17380.0,17399.0,877854.0
2020-03-11,17678.0,17678.0,17500.0,17651.0,253293.0
2020-03-14,16299.0,16890.0,16299.0,16840.0,1000223.0
2020-03-15,17451.0,17490.0,17000.0,17400.0,806078.0
2020-03-16,18150.0,18198.0,17200.0,17251.0,976690.0
2020-03-17,17601.0,17818.0,17261.0,17397.0,1130429.0
2020-03-18,17889.0,18088.0,17460.0,17998.0,948970.0
2020-03-24,18310.0,18500.0,18310.0,18360.0,924743.0
2020-03-25,18892.0,18892.0,18290.0,18750.0,1752541.0
2020-03-28,18801.0,19395.0,18800.0,19178.0,907320.0
2020-03-29,19999.0,20099.0,19500.0,20010.0,1158093.0
2020-03-30,20144.0,21690.0,20010.0,20970.0,1349315.0
2020-04-04,21605.0,21760.0,20523.0,20950.0,1599524.0
2020-04-05,21000.0,21550.0,21000.0,21198.0,782151.0
2020-04-06,21498.0,21498.0,20571.0,20580.0,831981.0
2020-04-07,21000.0,21000.0,20160.0,20180.0,810816.0
2020-04-08,19799.0,19799.0,19406.0,19520.0,1125295.0
2020-04-11,20200.0,20300.0,19501.0,19700.0,697372.0
2020-04-12,19550.0,20400.0,19550.0,20000.0,802216.0
2020-04-13,19900.0,19996.0,19612.0,19800.0,442711.0
2020-04-14,19460.0,19800.0,19333.0,19380.0,722766.0
2020-04-15,19215.0,19300.0,18511.0,19089.0,668443.0
2020-04-18,18697.0,18697.0,18050.0,18132.0,1812120.0
2020-04-19,18010.0,18010.0,16810.0,17610.0,2006182.0
2020-04-20,17615.0,17960.0,17491.0,17491.0,943753.0
2020-04-21,18100.0,18290.0,18006.0,18240.0,1212373.0
2020-04-22,18980.0,19313.0,18980.0,19289.0,856040.0
2020-04-25,20111.0,20111.0,19801.0,19969.0,2182439.0
2020-04-26,20121.0,20997.0,20121.0,20921.0,1375695.0
2020-04-27,20946.0,20946.0,20301.0,20570.0,1209046.0
2020-04-28,20019.0,20490.0,19604.0,19996.0,1394493.0
2020-04-29,20500.0,20800.0,20500.0,20550.0,1005326.0
2020-05-02,20499.0,20549.0,20351.0,20470.0,2347135.0
2020-05-03,20500.0,20860.0,20410.0,20610.0,2537262.0
2020-05-04,20999.0,21799.0,20999.0,21570.0,1380708.0
2020-05-05,21811.0,22650.0,21811.0,22650.0,1458708.0
2020-05-06,23090.0,23350.0,22503.0,22503.0,1234867.0
2020-05-09,23300.0,23580.0,23300.0,23419.0,1567017.0
2020-05-10,24301.0,24489.0,24290.0,24487.0,1355666.0
2020-05-11,24898.0,25749.0,24700.0,25280.0,1180022.0
2020-05-12,28500.0,29000.0,27000.0,28100.0,2460485.0
2020-05-13,28341.0,28981.0,26200.0,27197.0,2614937.0
2020-05-17,28599.0,28599.0,23802.0,23935.0,2416562.0
2020-05-18,25132.0,25986.0,23000.0,23052.0,2075905.0
2020-05-19,23050.0,23490.0,22001.0,23012.0,1832488.0
2020-05-20,23010.0,24840.0,23010.0,24800.0,1035923.0
2020-05-23,23600.0,24900.0,23600.0,24195.0,832539.0
2020-05-26,23900.0,23900.0,22505.0,22753.0,533676.0
2020-05-27,22200.0,22400.0,21250.0,21850.0,984264.0
2020-05-30,23311.0,23470.0,22850.0,22930.0,770311.0
2020-05-31,23350.0,23350.0,22012.0,22455.0,250957.0
2020-06-01,22889.0,23096.0,22700.0,22800.0,509222.0
2020-06-02,23250.0,23250.0,22801.0,22920.0,384724.0
2020-06-06,22402.0,22500.0,21601.0,21655.0,945265.0
2020-06-07,22001.0,22444.0,22000.0,22150.0,529880.0
2020-06-08,22444.0,22444.0,21802.0,21851.0,824578.0
2020-06-09,22395.0,22398.0,21980.0,21981.0,836756.0
2020-06-10,23300.0,23300.0,22502.0,22863.0,762311.0
2020-06-13,23520.0,23520.0,23099.0,23099.0,606800.0
2020-06-14,23520.0,23520.0,23000.0,23041.0,697044.0
2020-06-15,23220.0,23349.0,22765.0,22898.0,901863.0
2020-06-16,23310.0,23498.0,23045.0,23050.0,2028596.0
2020-06-20,23549.0,23980.0,23549.0,23799.0,1464967.0
2020-06-21,24470.0,24600.0,24000.0,24501.0,1382767.0
2020-06-22,25099.0,26500.0,25099.0,25972.0,1327428.0
2020-06-23,27500.0,27500.0,26600.0,26630.0,1235636.0
2020-06-24,26890.0,26890.0,25121.0,25310.0,1134463.0
2020-06-27,26000.0,26000.0,24063.0,25240.0,1056970.0
2020-06-28,25705.0,27000.0,25700.0,26260.0,1001825.0
2020-06-29,26900.0,26900.0,26120.0,26150.0,1225803.0
2020-06-30,29000.0,29000.0,27100.0,28200.0,2027410.0
2020-07-01,28700.0,29000.0,28201.0,28938.0,517888.0
2020-07-04,29599.0,31370.0,29599.0,31350.0,1738784.0
2020-07-05,34500.0,37000.0,32800.0,35700.0,3687413.0
2020-07-06,38000.0,38400.0,34010.0,34994.0,4479706.0
2020-07-07,34010.0,34499.0,33001.0,34001.0,1626475.0
2020-07-08,35000.0,36000.0,34780.0,35130.0,745463.0
2020-07-11,35560.0,36879.0,35153.0,35200.0,1395579.0
2020-07-12,35000.0,36112.0,34400.0,35200.0,1749634.0
2020-07-13,35410.0,37000.0,35410.0,36620.0,1206716.0
2020-07-14,36750.0,36840.0,35000.0,35820.0,581110.0
2020-07-15,35051.0,35850.0,34200.0,35800.0,983855.0
2020-07-18,36700.0,36800.0,35800.0,36480.0,725572.0
2020-07-19,36811.0,37299.0,35503.0,36000.0,875621.0
2020-07-20,34500.0,34600.0,32122.0,32600.0,1535151.0
2020-07-21,30200.0,32000.0,30200.0,31450.0,1401051.0
2020-07-22,31450.0,32460.0,31113.0,31949.0,1086118.0
2020-07-25,33666.0,34200.0,32700.0,33200.0,2306945.0
2020-07-26,34650.0,35300.0,34310.0,34880.0,1156699.0
2020-07-27,35400.0,35790.0,35300.0,35448.0,789485.0
2020-07-28,35790.0,35790.0,34500.0,35152.0,571007.0
2020-07-29,35152.0,35220.0,34550.0,34580.0,395556.0
2020-08-01,35100.0,35100.0,34302.0,34747.0,431456.0
2020-08-02,33919.0,34000.0,33371.0,33650.0,492262.0
2020-08-03,34000.0,34200.0,33650.0,33955.0,488008.0
2020-08-04,34190.0,34190.0,33400.0,33430.0,259443.0
2020-08-05,33700.0,34200.0,33600.0,33959.0,657694.0
2020-08-09,32499.0,32499.0,29000.0,29015.0,1939549.0
2020-08-10,29230.0,31690.0,29230.0,31350.0,811616.0
2020-08-11,32199.0,32480.0,31411.0,31750.0,954542.0
2020-08-12,30200.0,31466.0,30200.0,30600.0,648029.0
2020-08-15,29100.0,29979.0,29100.0,29200.0,481037.0
2020-08-16,28560.0,30300.0,28560.0,30110.0,542394.0
2020-08-17,31780.0,32210.0,31500.0,32181.0,695738.0
2020-08-18,32500.0,32600.0,31300.0,31990.0,392720.0
2020-08-19,30111.0,31990.0,30111.0,31299.0,360596.0
2020-08-22,29500.0,30499.0,29500.0,30167.0,218564.0
2020-08-23,31000.0,31300.0,30200.0,30486.0,302439.0
2020-08-24,30201.0,30800.0,30201.0,30460.0,536985.0
2020-08-25,32000.0,32000.0,30680.0,30790.0,415883.0
2020-08-26,32000.0,32136.0,31202.0,31900.0,1362685.0
2020-08-31,32240.0,33291.0,32240.0,33000.0,1156228.0
2020-09-01,35000.0,36096.0,34610.0,36096.0,2370789.0
2020-09-02,37500.0,38498.0,35700.0,36730.0,2808995.0
2020-09-05,37435.0,37435.0,35000.0,35200.0,1253421.0
2020-09-06,36490.0,37990.0,36490.0,36995.0,1633430.0
2020-09-07,37890.0,37899.0,35300.0,36301.0,2084800.0
2020-09-08,38500.0,40000.0,38469.0,39700.0,3466924.0
2020-09-09,40909.0,40950.0,38450.0,38960.0,2805125.0
2020-09-12,41390.0,41430.0,40200.0,40998.0,1963249.0
2020-09-13,42110.0,44980.0,42000.0,44697.0,2476352.0
2020-09-14,47000.0,47700.0,45000.0,47249.0,3646764.0
2020-09-15,47300.0,47300.0,42089.0,42089.0,3434858.0
2020-09-16,42000.0,44999.0,40100.0,40700.0,3044758.0
2020-09-19,39200.0,39856.0,37495.0,37519.0,2675521.0
2020-09-20,40028.0,40700.0,38430.0,39450.0,1845424.0
2020-09-21,39000.0,39000.0,35850.0,36200.0,1617690.0
2020-09-22,36990.0,37400.0,35110.0,37120.0,1701918.0
2020-09-23,38040.0,39599.0,37700.0,39196.0,1806870.0
2020-09-26,40510.0,41120.0,39313.0,39313.0,1323010.0
2020-09-27,40000.0,40000.0,37458.0,38460.0,935018.0
2020-09-28,38000.0,38900.0,37100.0,37200.0,767463.0
2020-09-29,37530.0,38400.0,37530.0,37950.0,650666.0
2020-09-30,38190.0,40200.0,38190.0,39647.0,895832.0
2020-10-03,39624.0,39900.0,37050.0,37600.0,1488538.0
2020-10-04,36100.0,36100.0,34533.0,34533.0,1898185.0
2020-10-05,36000.0,37010.0,35900.0,35980.0,2618448.0
2020-10-06,37900.0,38500.0,36510.0,36969.0,2416419.0
2020-10-07,36190.0,36631.0,35700.0,35903.0,657509.0
2020-10-10,39000.0,39010.0,38000.0,38941.0,2336309.0
2020-10-11,41490.0,41490.0,39250.0,39800.0,2158556.0
2020-10-12,39000.0,39750.0,38800.0,39738.0,1750737.0
2020-10-13,40000.0,40900.0,39990.0,40290.0,1507061.0
2020-10-14,40000.0,40000.0,38600.0,38822.0,808580.0
2020-10-18,38000.0,38500.0,36000.0,37150.0,1334256.0
2020-10-19,35500.0,36000.0,34319.0,34900.0,1415681.0
2020-10-20,31415.0,32990.0,31409.0,31430.0,1777938.0
2020-10-21,30600.0,34120.0,30600.0,33299.0,2349601.0
2020-10-24,34000.0,34000.0,32825.0,33745.0,1127099.0
2020-10-26,32980.0,32980.0,31020.0,31910.0,641197.0
2020-10-27,32300.0,32659.0,32100.0,32320.0,378089.0
2020-10-28,32300.0,32300.0,31000.0,31556.0,1271175.0
2020-10-31,30550.0,30560.0,29700.0,29799.0,771846.0
2020-11-01,30500.0,31450.0,30333.0,30943.0,984500.0
2020-11-02,33598.0,33900.0,32400.0,33900.0,1755501.0
2020-11-04,36969.0,36969.0,36969.0,36969.0,1206115.0
2020-11-07,33273.0,33273.0,33273.0,33273.0,145648.0
2020-11-08,29946.0,31250.0,29946.0,30670.0,3276442.0
2020-11-09,32800.0,33300.0,32610.0,32650.0,1668325.0
2020-11-10,33400.0,33899.0,32360.0,32450.0,1198302.0
2020-11-11,32990.0,32990.0,32000.0,32597.0,3461860.0
2020-11-14,32952.0,32952.0,31200.0,31553.0,1100566.0
2020-11-15,31000.0,31270.0,30214.0,30540.0,854441.0
2020-11-16,30110.0,31500.0,30110.0,31236.0,718203.0
2020-11-17,31950.0,31950.0,30000.0,30170.0,1441882.0
2020-11-18,30500.0,30500.0,29300.0,29300.0,1175137.0
2020-11-21,30000.0,30450.0,29771.0,29861.0,1261931.0
2020-11-22,29125.0,29495.0,28900.0,29072.0,448407.0
2020-11-23,29300.0,29790.0,29010.0,29350.0,5795572.0
2020-11-24,28790.0,28790.0,27603.0,27870.0,1051080.0
2020-11-25,28000.0,28000.0,27020.0,27160.0,974653.0
2020-11-28,27100.0,27100.0,26590.0,26640.0,638236.0
2020-11-29,26500.0,26989.0,26301.0,26850.0,1424570.0
2020-11-30,27800.0,28900.0,27630.0,28500.0,2152110.0
2020-12-01,29900.0,29900.0,29210.0,29300.0,3180306.0
2020-12-02,28501.0,28880.0,28414.0,28499.0,1492049.0
2020-12-05,29001.0,29190.0,28590.0,28633.0,1852371.0
2020-12-06,28960.0,29729.0,28639.0,29621.0,1259457.0
2020-12-07,29990.0,30499.0,29500.0,29999.0,1833139.0
2020-12-08,31390.0,31390.0,30600.0,30624.0,1138174.0
2020-12-09,31400.0,31750.0,31380.0,31698.0,1016722.0
2020-12-12,31300.0,31300.0,30200.0,30370.0,824806.0
2020-12-13,29300.0,29900.0,28900.0,29150.0,3141513.0
2020-12-14,28500.0,29005.0,28300.0,29005.0,1196760.0
2020-12-15,29410.0,30100.0,29250.0,29520.0,653307.0
2020-12-16,29950.0,29950.0,29251.0,29319.0,337854.0
2020-12-19,29250.0,29300.0,28500.0,29030.0,680949.0
2020-12-20,29029.0,29030.0,28555.0,28800.0,1362046.0
2020-12-21,28988.0,29300.0,28750.0,28771.0,943730.0
2020-12-22,28990.0,29050.0,28600.0,28800.0,911236.0
2020-12-23,29177.0,29299.0,28883.0,28989.0,705732.0
2020-12-26,28600.0,28945.0,28402.0,28490.0,1176116.0
2020-12-27,28700.0,28985.0,28525.0,28707.0,426141.0
2020-12-28,28989.0,28989.0,28510.0,28510.0,374550.0
2020-12-29,28500.0,28670.0,28430.0,28550.0,371162.0
2020-12-30,28550.0,28550.0,28200.0,28200.0,192446.0
2021-01-02,28400.0,28700.0,28000.0,28520.0,634502.0
2021-01-03,28550.0,29200.0,28550.0,29130.0,502529.0
2021-01-04,29600.0,30199.0,29600.0,30000.0,704252.0
2021-01-05,30599.0,31490.0,30550.0,31333.0,1006535.0
2021-01-06,31290.0,31290.0,30680.0,31000.0,571394.0
2021-01-09,28024.0,28280.0,27776.0,27780.0,750098.0
2021-01-10,28400.0,28400.0,28000.0,28161.0,696606.0
2021-01-11,28480.0,28480.0,27801.0,27840.0,236116.0
2021-01-12,28000.0,28150.0,27800.0,28010.0,366328.0
2021-01-13,27910.0,27910.0,26937.0,27115.0,309090.0
2021-01-16,26000.0,26000.0,24641.0,24642.0,875756.0
2021-01-18,24730.0,24730.0,23220.0,23834.0,712507.0
2021-01-19,25000.0,26170.0,25000.0,26099.0,636277.0
2021-01-20,27500.0,27580.0,26300.0,26489.0,637473.0
2021-01-23,26970.0,26970.0,25500.0,25880.0,729838.0
2021-01-24,26220.0,27020.0,26220.0,26485.0,893125.0
2021-01-25,26988.0,26988.0,26300.0,26385.0,435124.0
2021-01-26,25800.0,25800.0,24570.0,25250.0,1661888.0
2021-01-27,26110.0,26496.0,25650.0,25807.0,589123.0
2021-01-30,27110.0,27500.0,26850.0,27053.0,1077987.0
2021-01-31,27500.0,27699.0,27200.0,27697.0,658763.0
2021-02-01,27423.0,27500.0,27003.0,27300.0,356604.0
2021-02-02,27210.0,27349.0,26921.0,27221.0,422141.0
2021-02-03,26900.0,27000.0,26600.0,26994.0,287143.0
2021-02-06,27070.0,27305.0,27040.0,27061.0,273597.0
2021-02-07,27350.0,27700.0,27151.0,27541.0,471729.0
2021-02-08,28080.0,28814.0,28080.0,28722.0,456133.0
2021-02-09,29330.0,29901.0,29330.0,29400.0,712068.0
2021-02-13,30501.0,30950.0,30501.0,30538.0,1268433.0
2021-02-14,30010.0,30300.0,29722.0,29913.0,514223.0
2021-02-15,29480.0,29550.0,29250.0,29350.0,465834.0
2021-02-16,29980.0,29980.0,29520.0,29750.0,410003.0
2021-02-17,29600.0,29800.0,29500.0,29550.0,230825.0
2021-02-20,29000.0,29000.0,28200.0,28500.0,378106.0
2021-02-21,28000.0,28180.0,27700.0,28000.0,389897.0
2021-02-22,28070.0,28570.0,27950.0,28019.0,279409.0
2021-02-23,28290.0,28350.0,28050.0,28221.0,212385.0
2021-02-24,28680.0,28680.0,28310.0,28486.0,306949.0
2021-02-27,28176.0,28176.0,27911.0,28040.0,162879.0
2021-02-28,27752.0,28050.0,27750.0,27919.0,195844.0
2021-03-01,28040.0,28239.0,27956.0,28170.0,865623.0
2021-03-02,27750.0,27800.0,27510.0,27550.0,249329.0
2021-03-03,27550.0,27779.0,27550.0,27689.0,114190.0
2021-03-06,26500.0,26760.0,26000.0,26207.0,480920.0
2021-03-07,26250.0,26360.0,26010.0,26150.0,251296.0
2021-03-08,26301.0,26440.0,26050.0,26170.0,743352.0
2021-03-09,26190.0,26197.0,25810.0,25950.0,367595.0
2021-03-10,26190.0,26500.0,26110.0,26230.0,252449.0
2021-03-13,27000.0,27200.0,26760.0,26891.0,594081.0
2021-03-14,27200.0,27380.0,26600.0,26615.0,429415.0
2021-03-15,27300.0,27300.0,26499.0,26590.0,166266.0
2021-03-16,26999.0,27220.0,26950.0,27000.0,212221.0
2021-03-17,27050.0,27630.0,27050.0,27480.0,191050.0
2021-03-27,27687.0,27687.0,27500.0,27604.0,327247.0
2021-03-28,27650.0,28500.0,27650.0,28248.0,300828.0
2021-03-30,28647.0,28647.0,27820.0,28150.0,416068.0
2021-03-31,27610.0,28100.0,27610.0,28022.0,244395.0
2021-04-03,27850.0,27850.0,26900.0,27000.0,269259.0
2021-04-04,27000.0,27150.0,26951.0,26951.0,109413.0
2021-04-05,26960.0,27127.0,26960.0,27096.0,177974.0
2021-04-06,27102.0,27287.0,27034.0,27115.0,301246.0
2021-04-07,26800.0,27114.0,26800.0,27000.0,218836.0
2021-04-10,26690.0,26690.0,26100.0,26100.0,234958.0
2021-04-11,26400.0,26400.0,26037.0,26050.0,101802.0
2021-04-12,27000.0,27000.0,26205.0,26369.0,233191.0
2021-04-13,26369.0,26369.0,26101.0,26206.0,102738.0
2021-04-14,26500.0,26610.0,26310.0,26410.0,136993.0
2021-04-17,26680.0,26680.0,26400.0,26500.0,127494.0
2021-04-18,26201.0,26299.0,26040.0,26057.0,146363.0
2021-04-19,25955.0,26000.0,25508.0,25630.0,503904.0
2021-04-20,25099.0,25180.0,24811.0,25081.0,262243.0
2021-04-21,25051.0,25298.0,25051.0,25190.0,166984.0
2021-04-24,25001.0,25139.0,24835.0,25138.0,186260.0
2021-04-25,25310.0,25388.0,25201.0,25248.0,220337.0
2021-04-26,25000.0,25200.0,24600.0,24621.0,535381.0
2021-04-27,24611.0,25126.0,24611.0,25110.0,194619.0
2021-04-28,24760.0,25090.0,24760.0,24912.0,119699.0
2021-05-01,24500.0,24501.0,24051.0,24234.0,197627.0
2021-05-02,24000.0,24000.0,23258.0,23940.0,420721.0
2021-05-03,24100.0,24100.0,23505.0,23668.0,212180.0
2021-05-05,23000.0,23288.0,22999.0,23100.0,262129.0
2021-05-08,23500.0,23899.0,23500.0,23880.0,259047.0
2021-05-09,23530.0,24310.0,23530.0,24150.0,83023.0
2021-05-10,24971.0,25198.0,24710.0,25152.0,170506.0
2021-05-11,25800.0,26379.0,25049.0,25200.0,240497.0
2021-05-12,25200.0,25870.0,25075.0,25780.0,350854.0
2021-05-15,26010.0,26290.0,25920.0,26188.0,218101.0
2021-05-16,26421.0,26550.0,25800.0,25920.0,220593.0
2021-05-17,25990.0,25990.0,25230.0,25395.0,133710.0
2021-05-18,25570.0,26050.0,25570.0,25939.0,245451.0
2021-05-19,25152.0,25400.0,25000.0,25250.0,98341.0
2021-05-22,25540.0,25540.0,25000.0,25085.0,128518.0
2021-05-23,25580.0,25900.0,25142.0,25555.0,319756.0
2021-05-24,25990.0,26288.0,25645.0,26005.0,270347.0
2021-05-25,25820.0,26300.0,25605.0,26119.0,104751.0
2021-05-26,26500.0,26880.0,26428.0,26581.0,201474.0
2021-05-29,27350.0,28200.0,27349.0,27550.0,1026552.0
2021-05-30,28000.0,28346.0,27000.0,27190.0,658638.0
2021-05-31,27160.0,27250.0,26610.0,26978.0,801166.0
2021-06-01,27280.0,27478.0,27126.0,27202.0,241820.0
2021-06-02,27590.0,27700.0,27319.0,27620.0,346199.0
2021-06-07,27601.0,27738.0,27340.0,27383.0,243661.0
2021-06-08,27383.0,27383.0,26901.0,27009.0,119539.0
2021-06-09,27050.0,27190.0,27003.0,27150.0,231597.0
2021-06-12,26990.0,26990.0,26500.0,26500.0,210368.0
2021-06-13,26990.0,27137.0,26705.0,27000.0,150898.0
2021-06-14,26970.0,26970.0,26600.0,26777.0,76159.0
2021-06-15,26657.0,26999.0,26657.0,26855.0,110472.0
2021-06-16,26700.0,27449.0,26700.0,27240.0,187251.0
2021-06-19,26940.0,26940.0,26250.0,26399.0,203483.0
2021-06-20,26110.0,26379.0,26100.0,26270.0,155541.0
2021-06-21,26283.0,26680.0,26100.0,26109.0,129086.0
2021-06-22,26700.0,26701.0,26336.0,26417.0,130086.0
2021-06-23,26400.0,26400.0,26100.0,26210.0,285620.0
2021-06-26,26499.0,26880.0,26499.0,26772.0,211123.0
2021-06-27,26435.0,26880.0,26435.0,26710.0,144320.0
2021-06-28,27280.0,27300.0,27000.0,27120.0,162592.0
2021-06-29,28000.0,28000.0,27201.0,27398.0,166763.0
2021-06-30,27700.0,27700.0,27310.0,27310.0,155687.0
2021-07-03,27099.0,27498.0,27015.0,27212.0,184967.0
2021-07-04,27545.0,27545.0,27301.0,27398.0,317526.0
2021-07-05,27015.0,27246.0,27015.0,27140.0,99296.0
2021-07-06,27140.0,27300.0,27020.0,27215.0,223679.0
2021-07-07,27400.0,27400.0,27102.0,27149.0,150879.0
2021-07-10,27349.0,27349.0,27010.0,27186.0,140420.0
2021-07-11,27029.0,27449.0,27029.0,27183.0,197272.0
2021-07-12,27348.0,27348.0,27000.0,27008.0,235368.0
2021-07-13,27060.0,27060.0,26400.0,26716.0,191586.0
2021-07-14,27000.0,27000.0,26300.0,26484.0,301854.0
2021-07-17,26220.0,26750.0,26220.0,26588.0,126561.0
2021-07-18,26220.0,26800.0,26220.0,26500.0,127932.0
2021-07-19,26310.0,26645.0,26310.0,26580.0,125505.0
2021-07-26,26585.0,27670.0,26585.0,27550.0,356437.0
2021-07-27,27799.0,28180.0,27351.0,27750.0,577426.0
2021-07-28,27990.0,28750.0,27850.0,28750.0,1047047.0
2021-07-31,29500.0,30660.0,29017.0,30110.0,2748413.0
2021-08-01,30600.0,30600.0,28900.0,29090.0,995305.0
2021-08-02,29000.0,29400.0,28778.0,28865.0,730625.0
2021-08-03,28870.0,30010.0,28566.0,29810.0,2952401.0
2021-08-04,30235.0,30235.0,29300.0,29700.0,1238292.0
2021-08-07,28570.0,29248.0,28450.0,29199.0,927641.0
2021-08-08,29499.0,29499.0,28933.0,29170.0,823037.0
2021-08-09,29000.0,29170.0,28500.0,29081.0,408351.0
2021-08-10,29170.0,29399.0,29015.0,29200.0,2881432.0
2021-08-11,29890.0,30300.0,29350.0,30300.0,1190087.0
2021-08-14,30600.0,30600.0,30150.0,30302.0,1740759.0
2021-08-15,30598.0,30799.0,30300.0,30746.0,1903299.0
2021-08-22,31141.0,32430.0,31010.0,31700.0,2557179.0
2021-08-23,32499.0,32499.0,30880.0,31301.0,1576974.0
2021-08-24,32199.0,32199.0,31300.0,31479.0,1552753.0
2021-08-25,31710.0,31710.0,30900.0,31270.0,1052936.0
2021-08-28,31500.0,31949.0,31400.0,31537.0,893792.0
2021-08-29,31570.0,31570.0,30100.0,30256.0,1121745.0
2021-08-30,29830.0,30000.0,29000.0,29999.0,1373716.0
2021-08-31,30849.0,30849.0,29781.0,30401.0,503056.0
2021-09-01,30991.0,30991.0,30200.0,30350.0,401392.0
2021-09-04,30500.0,30500.0,29880.0,30480.0,935049.0
2021-09-05,30329.0,30800.0,30251.0,30600.0,567171.0
2021-09-06,30310.0,30600.0,30182.0,30380.0,281130.0
2021-09-07,30380.0,30500.0,30030.0,30480.0,436886.0
2021-09-08,30310.0,30830.0,30310.0,30561.0,787315.0
2021-09-11,30360.0,30788.0,30360.0,30620.0,664131.0
2021-09-12,30620.0,30620.0,30110.0,30400.0,489946.0
2021-09-13,30000.0,30049.0,29733.0,29999.0,554891.0
2021-09-14,29935.0,30400.0,29935.0,30160.0,239729.0
2021-09-15,29810.0,30230.0,29786.0,30100.0,498302.0
2021-09-18,30140.0,30140.0,29325.0,29550.0,536368.0
2021-09-19,29600.0,29600.0,29200.0,29498.0,242978.0
2021-09-20,30180.0,30180.0,29000.0,29249.0,378484.0
2021-09-21,29200.0,29670.0,28900.0,29410.0,416920.0
2021-09-22,28800.0,29790.0,28800.0,29690.0,185526.0
2021-09-25,29770.0,29840.0,29411.0,29680.0,207131.0
2021-09-26,29220.0,29760.0,29220.0,29565.0,223109.0
2021-09-28,29600.0,29989.0,29600.0,29818.0,504802.0
2021-09-29,29920.0,30350.0,29920.0,30340.0,589819.0
2021-10-02,30365.0,30679.0,30250.0,30440.0,693531.0
2021-10-03,30250.0,30250.0,30050.0,30100.0,178199.0
2021-10-04,30220.0,30344.0,30000.0,30201.0,171140.0
2021-10-06,30202.0,30389.0,30000.0,30052.0,115690.0
2021-10-09,30050.0,30050.0,29600.0,29660.0,270189.0
2021-10-10,29580.0,29757.0,29350.0,29640.0,622197.0
2021-10-11,29640.0,29730.0,29200.0,29300.0,114420.0
2021-10-12,29080.0,29517.0,28601.0,28950.0,135769.0
2021-10-13,28020.0,29350.0,28020.0,29300.0,197414.0
2021-10-16,29500.0,29550.0,29350.0,29505.0,349629.0
2021-10-17,29201.0,29600.0,29201.0,29400.0,73704.0
2021-10-18,29600.0,29600.0,29050.0,29143.0,61413.0
2021-10-19,29500.0,29549.0,29300.0,29401.0,237538.0
2021-10-20,29400.0,29490.0,29166.0,29399.0,117235.0
2021-10-23,29372.0,29764.0,29372.0,29760.0,361194.0
2021-10-25,29760.0,29980.0,29760.0,29840.0,292302.0
2021-10-26,30000.0,30000.0,29600.0,29780.0,241999.0
2021-10-27,30100.0,30100.0,29600.0,29817.0,270653.0
2021-10-30,29800.0,29817.0,29498.0,29556.0,165304.0
2021-10-31,29700.0,29700.0,29310.0,29550.0,166034.0
2021-11-01,29310.0,29790.0,29310.0,29735.0,90267.0
2021-11-02,29800.0,29800.0,29600.0,29670.0,114235.0
2021-11-03,29800.0,29950.0,29558.0,29850.0,653570.0
2021-11-06,30010.0,30260.0,30000.0,30150.0,360887.0
2021-11-07,30100.0,30289.0,30020.0,30160.0,308030.0
2021-11-08,30160.0,30730.0,30160.0,30400.0,719459.0
2021-11-09,30700.0,30700.0,30303.0,30510.0,363758.0
2021-11-10,30300.0,31080.0,30300.0,31002.0,593610.0
2021-11-13,31200.0,32500.0,31200.0,32301.0,1421138.0
2021-11-14,32700.0,32700.0,31553.0,31760.0,646584.0
2021-11-15,31760.0,31760.0,31194.0,31350.0,648094.0
2021-11-16,31800.0,31899.0,31217.0,31850.0,603452.0
2021-11-17,32002.0,32002.0,31750.0,31900.0,482620.0
2021-11-20,30800.0,31595.0,30800.0,31410.0,540779.0
2021-11-21,31378.0,31600.0,31323.0,31600.0,395154.0
2021-11-22,31880.0,31880.0,31500.0,31828.0,202312.0
2021-11-23,31990.0,32000.0,31300.0,31411.0,1231449.0
2021-11-24,31541.0,32250.0,31541.0,32248.0,1727916.0
2021-11-27,32111.0,32500.0,31954.0,32000.0,1822092.0
2021-11-28,31820.0,32150.0,31820.0,32150.0,1195278.0
2021-11-29,31810.0,32650.0,31810.0,32470.0,1328925.0
2021-11-30,32470.0,32470.0,31776.0,31810.0,293953.0
2021-12-01,32720.0,32729.0,31910.0,32200.0,758901.0
2021-12-04,33100.0,34500.0,33100.0,33375.0,1825983.0
2021-12-05,34100.0,34100.0,33266.0,33453.0,2236447.0
2021-12-06,34045.0,34280.0,33550.0,34201.0,2405997.0
2021-12-07,34190.0,34270.0,34000.0,34198.0,5743224.0
2021-12-08,34090.0,34090.0,33703.0,33974.0,895614.0
2021-12-11,33500.0,33820.0,33000.0,33065.0,828351.0
2021-12-12,33065.0,33526.0,32800.0,32800.0,48934.0
2021-12-13,32600.0,32600.0,31200.0,31583.0,936975.0
2021-12-14,31260.0,32700.0,31260.0,32682.0,792214.0
2021-12-15,33210.0,33500.0,32864.0,33327.0,402698.0
2021-12-18,33290.0,33290.0,32500.0,32851.0,951876.0
2021-12-19,32893.0,32893.0,32400.0,32749.0,513932.0
2021-12-20,32310.0,33000.0,32310.0,32850.0,397549.0
2021-12-21,32900.0,33199.0,32760.0,33079.0,519931.0
2021-12-22,33210.0,33350.0,32905.0,32944.0,583367.0
2021-12-25,32850.0,32850.0,32301.0,32420.0,458216.0
2021-12-26,32650.0,32680.0,32500.0,32610.0,411502.0
2021-12-27,32650.0,32900.0,32550.0,32797.0,425142.0
2021-12-28,33000.0,33000.0,32350.0,32440.0,1540201.0
2021-12-29,32800.0,32800.0,32351.0,32485.0,259012.0
2022-01-01,32495.0,32780.0,32490.0,32780.0,251383.0
2022-01-02,32812.0,32812.0,32411.0,32524.0,246260.0
2022-01-03,32570.0,32570.0,32350.0,32451.0,155876.0
2022-01-04,32499.0,32499.0,31700.0,31760.0,643339.0
2022-01-05,31500.0,31614.0,30710.0,31614.0,398506.0
2022-01-08,31399.0,31590.0,30750.0,30964.0,1073910.0
2022-01-09,30650.0,30650.0,29600.0,29801.0,485316.0
2022-01-10,29800.0,30360.0,29402.0,30300.0,330225.0
2022-01-11,31476.0,31476.0,30200.0,30300.0,320937.0
2022-01-12,30960.0,30999.0,30200.0,30500.0,116813.0
2022-01-15,30468.0,30468.0,29850.0,30150.0,145136.0
2022-01-16,29920.0,30480.0,29920.0,30125.0,146904.0
2022-01-17,29900.0,29900.0,29750.0,29828.0,338224.0
2022-01-18,29620.0,29890.0,29400.0,29730.0,670670.0
2022-01-19,30000.0,30240.0,29800.0,30100.0,250372.0
2022-01-22,29830.0,30300.0,29830.0,30141.0,137527.0
2022-01-23,29811.0,30680.0,29811.0,30490.0,191598.0
2022-01-24,31000.0,31200.0,30650.0,30820.0,326018.0
2022-01-25,30819.0,30819.0,30500.0,30575.0,143516.0
2022-01-26,30970.0,31000.0,30650.0,30949.0,165727.0
2022-01-29,30970.0,31375.0,30480.0,30650.0,749021.0
2022-01-30,30497.0,30650.0,30311.0,30430.0,265796.0
2022-01-31,30260.0,30490.0,30040.0,30150.0,221600.0
2022-02-01,30010.0,30450.0,30003.0,30161.0,43525.0
2022-02-02,29989.0,30188.0,29989.0,30103.0,198078.0
2022-02-05,29696.0,29700.0,29262.0,29290.0,3840268.0
2022-02-06,28980.0,29420.0,28705.0,29419.0,1018565.0
2022-02-07,29598.0,29598.0,29350.0,29390.0,305511.0
2022-02-08,29000.0,29128.0,28880.0,29128.0,246082.0
2022-02-09,28910.0,29499.0,28910.0,29250.0,103854.0
2022-02-12,30000.0,30050.0,29701.0,29931.0,314258.0
2022-02-13,29820.0,30350.0,29820.0,30193.0,287071.0
2022-02-14,30180.0,30250.0,29985.0,30000.0,316877.0
2022-02-16,29750.0,30080.0,29732.0,29945.0,333756.0
2022-02-19,29980.0,29980.0,29101.0,29540.0,322604.0
2022-02-20,29200.0,29450.0,29000.0,29320.0,2551754.0
2022-02-21,29389.0,29980.0,29260.0,29600.0,2519252.0
2022-02-22,30000.0,30000.0,29630.0,29765.0,229177.0
2022-02-23,30132.0,30132.0,29544.0,29609.0,355080.0
2022-02-26,29900.0,30045.0,29760.0,29860.0,222113.0
2022-02-27,29540.0,29970.0,29540.0,29940.0,163268.0
2022-02-28,30079.0,30100.0,29890.0,30044.0,90036.0
2022-03-02,30100.0,30530.0,30061.0,30245.0,301928.0
2022-03-05,30135.0,30135.0,29560.0,29602.0,299917.0
2022-03-06,29900.0,29900.0,29206.0,29600.0,417046.0
2022-03-07,29750.0,30254.0,29750.0,30140.0,289304.0
2022-03-08,30785.0,30785.0,30400.0,30677.0,346369.0
2022-03-09,31000.0,31000.0,30450.0,30456.0,410835.0
2022-03-12,30771.0,30870.0,30610.0,30700.0,591113.0
2022-03-13,30940.0,31633.0,30712.0,31460.0,836405.0
2022-03-14,31000.0,31380.0,30860.0,30880.0,635734.0
2022-03-15,30680.0,31500.0,30580.0,31250.0,737810.0
2022-03-16,30900.0,31199.0,30701.0,30840.0,390594.0
2022-03-19,30950.0,30950.0,30055.0,30385.0,327203.0
2022-03-26,30470.0,30999.0,30430.0,30870.0,221432.0
2022-03-27,30998.0,30998.0,30420.0,30879.0,130625.0
2022-03-28,30990.0,31500.0,30900.0,31000.0,222400.0
2022-03-29,31020.0,31500.0,31020.0,31500.0,196402.0
2022-03-30,31500.0,31500.0,31400.0,31450.0,249794.0
2022-04-03,31520.0,31730.0,31110.0,31222.0,412087.0
2022-04-04,31020.0,31640.0,31020.0,31640.0,535975.0
2022-04-05,31728.0,32220.0,31728.0,32177.0,756104.0
2022-04-06,31910.0,32065.0,31735.0,32050.0,573609.0
2022-04-09,32470.0,32769.0,32170.0,32709.0,544540.0
2022-04-10,32740.0,33348.0,32520.0,33138.0,4626601.0
2022-04-11,33285.0,33837.0,33285.0,33380.0,4634604.0
2022-04-12,33470.0,33895.0,33201.0,33280.0,2223603.0
2022-04-13,33333.0,33333.0,32570.0,32811.0,3413630.0
2022-04-16,32770.0,33458.0,32401.0,33157.0,1508966.0
2022-04-17,33800.0,33800.0,33462.0,33519.0,2982145.0
2022-04-18,33570.0,33870.0,33570.0,33602.0,342841.0
2022-04-19,33778.0,33798.0,33173.0,33187.0,1963211.0
2022-04-20,33448.0,33448.0,32626.0,33370.0,2260905.0
2022-04-24,33240.0,33240.0,32937.0,33080.0,814462.0
2022-04-25,33000.0,33110.0,32718.0,32769.0,237167.0
2022-04-26,32850.0,33189.0,32702.0,33052.0,500642.0
2022-04-27,32910.0,33200.0,32910.0,33171.0,195441.0
2022-04-30,33400.0,33400.0,33020.0,33151.0,382927.0
2022-05-01,33420.0,33420.0,33033.0,33150.0,571366.0
2022-05-02,33150.0,33150.0,33000.0,33100.0,156586.0
2022-05-07,33380.0,33880.0,33380.0,33847.0,671342.0
2022-05-08,33972.0,33973.0,33600.0,33649.0,840822.0
2022-05-09,33779.0,33779.0,33526.0,33609.0,179901.0
2022-05-10,33999.0,34200.0,33711.0,34161.0,9903224.0
2022-05-11,34590.0,35139.0,34400.0,35070.0,1604515.0
2022-05-14,35998.0,35998.0,34922.0,35001.0,3109563.0
2022-05-15,35080.0,36120.0,35040.0,36020.0,1037143.0
2022-05-16,35950.0,35950.0,35303.0,35705.0,836449.0
2022-05-17,35650.0,35650.0,35351.0,35471.0,773807.0
2022-05-18,35350.0,35500.0,34725.0,35460.0,3788993.0
2022-05-21,35760.0,36134.0,35760.0,36125.0,986712.0
2022-05-22,36360.0,36808.0,36360.0,36660.0,3205942.0
2022-05-23,36450.0,36705.0,36000.0,36705.0,1472390.0
2022-05-24,36993.0,37000.0,36320.0,36322.0,1532832.0
2022-05-25,36674.0,36674.0,36276.0,36329.0,1086899.0
2022-05-28,37430.0,37430.0,36950.0,37250.0,1219808.0
2022-05-29,37300.0,38000.0,37188.0,37820.0,2799743.0
2022-05-30,38229.0,38455.0,38000.0,38450.0,5162247.0
2022-05-31,38990.0,38990.0,37500.0,37844.0,2816241.0
2022-06-01,38000.0,38220.0,37501.0,37762.0,2995926.0
2022-06-06,37500.0,37890.0,37145.0,37250.0,2487180.0
2022-06-07,37380.0,38110.0,37368.0,37879.0,4340311.0
2022-06-08,38010.0,38119.0,37500.0,37966.0,5139789.0
2022-06-11,38060.0,39840.0,38060.0,39739.0,11707786.0
2022-06-12,40360.0,42080.0,40034.0,42000.0,12617122.0
2022-06-13,42000.0,42000.0,39511.0,39940.0,11155191.0
2022-06-14,39580.0,40299.0,39100.0,39401.0,9649277.0
2022-06-15,39010.0,39011.0,38300.0,38677.0,2624654.0
2022-06-18,38220.0,40310.0,38220.0,39850.0,7677076.0
2022-06-19,40000.0,40119.0,39370.0,39450.0,3123721.0
2022-06-20,39150.0,39799.0,39080.0,39219.0,2764503.0
2022-06-21,39300.0,39600.0,39220.0,39520.0,8158785.0
2022-06-22,39810.0,39999.0,39630.0,39930.0,3109352.0
2022-06-25,40000.0,40000.0,38150.0,38455.0,3893080.0
2022-06-26,38089.0,38089.0,36144.0,36705.0,5000529.0
2022-06-27,35800.0,35890.0,35385.0,35750.0,3699661.0
2022-06-28,35510.0,35980.0,35510.0,35784.0,1190235.0
2022-06-29,35890.0,36460.0,35890.0,36380.0,1971184.0
2022-07-02,39100.0,39127.0,38560.0,39015.0,14054824.0
2022-07-03,39091.0,39189.0,38600.0,38753.0,5245613.0
2022-07-04,37500.0,38040.0,37150.0,37992.0,3271515.0
2022-07-05,38000.0,38350.0,38000.0,38310.0,1986817.0
2022-07-06,37999.0,38310.0,37773.0,38049.0,1605538.0
2022-07-09,37990.0,37990.0,37601.0,37740.0,1182785.0
2022-07-11,37974.0,38200.0,37851.0,38077.0,1287632.0
2022-07-12,37770.0,37970.0,37760.0,37842.0,582916.0
2022-07-13,37999.0,37999.0,37340.0,37635.0,1977154.0
2022-07-16,37621.0,38000.0,37621.0,38000.0,913175.0
2022-07-17,37620.0,37700.0,37350.0,37480.0,846789.0
2022-07-19,37658.0,37659.0,37152.0,37203.0,687398.0
2022-07-20,37150.0,37399.0,37150.0,37380.0,504331.0
2022-07-23,37549.0,37750.0,37520.0,37738.0,1451734.0
2022-07-24,37736.0,37736.0,37351.0,37699.0,4391375.0
2022-07-25,37551.0,37551.0,37250.0,37350.0,811918.0
2022-07-26,37500.0,37598.0,37420.0,37500.0,2307254.0
2022-07-27,37587.0,37587.0,37330.0,37380.0,547327.0
2022-07-30,37450.0,37899.0,37450.0,37683.0,1055407.0
2022-07-31,37501.0,37699.0,37501.0,37680.0,879800.0
2022-08-01,37800.0,37800.0,37320.0,37597.0,4059427.0
2022-08-02,37550.0,37610.0,37470.0,37555.0,626691.0
2022-08-03,37370.0,37500.0,37340.0,37434.0,395564.0
2022-08-06,37400.0,37400.0,37000.0,37121.0,1015580.0
2022-08-09,37400.0,37500.0,37180.0,37197.0,929893.0
2022-08-10,37000.0,37180.0,36870.0,37000.0,600123.0
2022-08-13,36800.0,36800.0,35610.0,35734.0,5701372.0
2022-08-14,35469.0,35499.0,35121.0,35390.0,2439387.0
2022-08-15,35102.0,35102.0,34400.0,34411.0,2027803.0
2022-08-16,34500.0,34900.0,34403.0,34610.0,721572.0
2022-08-17,34400.0,34400.0,33520.0,33641.0,1716199.0
2022-08-20,32799.0,32899.0,32500.0,32710.0,2401883.0
2022-08-21,32250.0,33240.0,32000.0,32744.0,2649566.0
2022-08-22,33750.0,34690.0,33400.0,34421.0,4102756.0
2022-08-23,34250.0,34449.0,33458.0,33670.0,5979123.0
2022-08-24,33650.0,33650.0,32950.0,33199.0,3470532.0
2022-08-27,34500.0,34650.0,34200.0,34271.0,3013756.0
2022-08-28,34500.0,34500.0,33820.0,34110.0,1362516.0
2022-08-29,34000.0,34000.0,33500.0,33840.0,2218367.0
2022-08-30,33870.0,33970.0,33610.0,33944.0,1042577.0
2022-08-31,34001.0,34330.0,34001.0,34122.0,831844.0
2022-09-03,34560.0,34899.0,34351.0,34478.0,1078877.0
2022-09-04,34482.0,34930.0,34482.0,34798.0,1309725.0
2022-09-05,34700.0,34700.0,34240.0,34341.0,473340.0
2022-09-06,34500.0,34660.0,34356.0,34466.0,1470798.0
2022-09-07,34203.0,34480.0,34050.0,34440.0,1890675.0
2022-09-10,34900.0,34900.0,34500.0,34570.0,783081.0
2022-09-11,34650.0,35000.0,34650.0,34973.0,1801826.0
2022-09-12,35220.0,35936.0,35211.0,35880.0,5644133.0
2022-09-13,36200.0,36789.0,36200.0,36770.0,5608655.0
2022-09-14,36001.0,36600.0,35780.0,35989.0,2076382.0
2022-09-18,36300.0,36400.0,36000.0,36220.0,1670871.0
2022-09-19,35800.0,35800.0,35401.0,35504.0,764944.0
2022-09-20,35600.0,35768.0,35511.0,35530.0,586701.0
2022-09-21,35190.0,35699.0,35160.0,35650.0,348302.0
2022-09-24,35410.0,35885.0,35410.0,35787.0,425598.0
2022-09-26,35787.0,35939.0,35787.0,35850.0,3097935.0
2022-09-28,35999.0,35999.0,35501.0,35710.0,692190.0
2022-10-01,37220.0,37800.0,36910.0,37750.0,4191390.0
2022-10-02,38000.0,38140.0,37586.0,37918.0,4433571.0
2022-10-03,37919.0,38349.0,37919.0,38210.0,1848522.0
2022-10-04,38370.0,38400.0,37800.0,37850.0,1939448.0
2022-10-08,37500.0,37500.0,36800.0,37339.0,1736798.0
2022-10-09,37200.0,37330.0,36610.0,37300.0,1567993.0
2022-10-10,37190.0,37190.0,36800.0,37180.0,1370220.0
2022-10-11,37450.0,37579.0,37420.0,37527.0,3076360.0
2022-10-12,37590.0,37750.0,37456.0,37530.0,7004322.0
2022-10-15,37200.0,37540.0,37200.0,37411.0,1962659.0
2022-10-16,37490.0,37940.0,37490.0,37870.0,3292270.0
2022-10-17,37850.0,37980.0,37505.0,37580.0,2280186.0
2022-10-18,37500.0,37579.0,37165.0,37269.0,842248.0
2022-10-19,37162.0,37450.0,37154.0,37170.0,327771.0
2022-10-22,37190.0,37480.0,37190.0,37318.0,699344.0
2022-10-23,37190.0,37410.0,37060.0,37310.0,4310253.0
2022-10-24,37150.0,37199.0,36901.0,37000.0,796776.0
2022-10-25,37100.0,37260.0,37070.0,37135.0,320868.0
2022-10-26,37250.0,37550.0,37167.0,37400.0,3444027.0
2022-10-29,37613.0,37795.0,37402.0,37586.0,1428024.0
2022-10-30,37587.0,37690.0,37500.0,37630.0,1047593.0
2022-10-31,37930.0,38200.0,37702.0,38200.0,2480685.0
2022-11-01,38302.0,39200.0,38302.0,39050.0,7724185.0
2022-11-02,39650.0,40238.0,39650.0,39994.0,19354143.0
2022-11-05,41010.0,41100.0,40122.0,40410.0,8786465.0
2022-11-06,40210.0,40210.0,39400.0,39604.0,4989434.0
2022-11-07,39810.0,40390.0,39810.0,40220.0,3846807.0
2022-11-08,40000.0,40190.0,38900.0,39181.0,5702782.0
2022-11-09,39890.0,39891.0,39000.0,39230.0,5544172.0
2022-11-12,39110.0,39400.0,39051.0,39300.0,1645037.0
2022-11-13,39400.0,39725.0,38902.0,39521.0,1365810.0
2022-11-14,39700.0,40300.0,39700.0,40127.0,2775799.0
2022-11-15,40410.0,40865.0,40410.0,40625.0,6796781.0
2022-11-16,40625.0,40626.0,40353.0,40479.0,3061232.0
2022-11-19,40300.0,40619.0,39999.0,40565.0,1357030.0
2022-11-20,40770.0,41055.0,40610.0,40900.0,4499106.0
2022-11-21,40799.0,41140.0,40600.0,41050.0,8961304.0
2022-11-22,41091.0,41337.0,41091.0,41319.0,3284877.0
2022-11-23,41590.0,41590.0,41091.0,41320.0,5642597.0
2022-11-26,41600.0,42200.0,41411.0,42189.0,1226383.0
2022-11-27,42220.0,42628.0,42220.0,42600.0,6093747.0
2022-11-28,42720.0,43100.0,42330.0,42330.0,3452284.0
2022-11-29,42359.0,42359.0,41900.0,42151.0,5899958.0
2022-11-30,42200.0,42470.0,42199.0,42365.0,1770547.0
2022-12-03,42521.0,42795.0,42521.0,42670.0,3988043.0
2022-12-04,42900.0,43500.0,42850.0,43488.0,6071303.0
2022-12-05,43710.0,44200.0,43710.0,44059.0,3498826.0
2022-12-06,44190.0,44190.0,43250.0,43401.0,2414135.0
2022-12-07,43030.0,43450.0,42850.0,43100.0,4184479.0
2022-12-10,44197.0,44500.0,44100.0,44478.0,6575735.0
2022-12-11,44771.0,45499.0,44500.0,45281.0,3472849.0
2022-12-12,45650.0,47229.0,45650.0,46875.0,4715444.0
2022-12-13,47700.0,47800.0,45571.0,46400.0,5169318.0
2022-12-14,46999.0,47520.0,45510.0,46251.0,4389678.0
2022-12-17,46856.0,47100.0,46261.0,46970.0,4284561.0
2022-12-18,47000.0,47010.0,45700.0,46280.0,3429418.0
2022-12-19,46330.0,46420.0,45450.0,46094.0,3035432.0
2022-12-20,46301.0,46750.0,45402.0,45501.0,3625563.0
2022-12-21,46100.0,46105.0,45600.0,46079.0,2497525.0
2022-12-24,47120.0,48300.0,47120.0,48251.0,3990910.0
2022-12-25,48500.0,49000.0,48002.0,49000.0,3229127.0
2022-12-26,49250.0,50589.0,49250.0,50411.0,4667203.0
2022-12-28,51700.0,53800.0,51700.0,53445.0,6209538.0
2022-12-31,48910.0,48910.0,47844.0,47844.0,8212188.0
2023-01-01,47450.0,48800.0,46511.0,48442.0,7630430.0
2023-01-02,48870.0,49799.0,48870.0,49745.0,3873241.0
2023-01-03,49500.0,49500.0,47811.0,48339.0,4672476.0
2023-01-04,48400.0,48960.0,48000.0,48707.0,9191387.0
2023-01-07,49509.0,50450.0,49200.0,50299.0,7810115.0
2023-01-08,52010.0,52350.0,51010.0,51450.0,3854482.0
2023-01-09,51499.0,51900.0,51000.0,51458.0,2790290.0
2023-01-10,51400.0,51689.0,51151.0,51590.0,1962883.0
2023-01-11,51250.0,51950.0,51250.0,51920.0,1808253.0
2023-01-14,52200.0,53200.0,52200.0,53000.0,2816514.0
2023-01-16,53450.0,54499.0,53450.0,54399.0,2990687.0
2023-01-17,54510.0,57000.0,54510.0,56922.0,3685809.0
2023-01-18,58500.0,59999.0,58500.0,59950.0,6066046.0
2023-01-21,62350.0,65481.0,62350.0,65481.0,8158544.0
2023-01-22,70000.0,70493.0,69450.0,70493.0,8294872.0
2023-01-23,70153.0,70480.0,63064.0,63315.0,12733743.0
2023-01-24,61200.0,62500.0,58600.0,59500.0,11110643.0
2023-01-25,58500.0,63100.0,56001.0,61780.0,8333670.0
2023-01-28,64990.0,65000.0,63600.0,64361.0,7613784.0
2023-01-29,65199.0,69490.0,65199.0,66402.0,12081084.0
2023-01-30,67600.0,69149.0,65801.0,66025.0,9183297.0
2023-01-31,65010.0,65056.0,62511.0,63431.0,5784654.0
2023-02-01,64499.0,64690.0,63338.0,63850.0,5892940.0
2023-02-05,60738.0,61000.0,59470.0,60928.0,4583587.0
2023-02-06,61235.0,62200.0,61235.0,62140.0,5926505.0
2023-02-07,61699.0,61700.0,60980.0,61500.0,3916041.0
2023-02-08,61600.0,61600.0,61161.0,61300.0,4332377.0
2023-02-12,63100.0,66025.0,63100.0,64500.0,12044827.0
2023-02-13,64236.0,65100.0,63820.0,64475.0,7397131.0
2023-02-14,64999.0,66489.0,64999.0,65900.0,11491286.0
2023-02-15,67600.0,69500.0,67600.0,69050.0,11491274.0
2023-02-19,73600.0,75603.0,73600.0,75540.0,13864196.0
2023-02-20,79000.0,79000.0,71900.0,73072.0,17484587.0
2023-02-21,70000.0,72190.0,69580.0,69591.0,11848063.0
2023-02-22,72850.0,74000.0,72850.0,73843.0,9705312.0
2023-02-25,80965.0,80965.0,80005.0,80965.0,12436047.0
2023-02-26,84000.0,87000.0,78500.0,78560.0,15929209.0
2023-02-27,79480.0,80480.0,75431.0,76350.0,15585700.0
2023-02-28,78001.0,78100.0,75560.0,77591.0,8749299.0
2023-03-01,73700.0,73790.0,70000.0,71574.0,9828720.0
2023-03-04,72000.0,76500.0,72000.0,75340.0,12106750.0
2023-03-05,73300.0,73300.0,70300.0,71015.0,7251153.0
2023-03-06,69000.0,69000.0,67200.0,67377.0,13358908.0
2023-03-07,66000.0,66100.0,64619.0,65800.0,10886933.0
2023-03-11,60560.0,60880.0,58808.0,58811.0,11308847.0
2023-03-12,59999.0,63900.0,59798.0,61897.0,12964529.0
2023-03-13,64000.0,64990.0,62800.0,63670.0,8647878.0
2023-03-14,65693.0,68515.0,65693.0,68515.0,8673255.0
2023-03-15,69851.0,69870.0,67100.0,68340.0,12922089.0
2023-03-18,71500.0,74000.0,71500.0,73691.0,8036442.0
2023-03-19,75205.0,75500.0,74000.0,74679.0,9143135.0
2023-03-25,79050.0,81000.0,78641.0,78660.0,9257588.0
2023-03-26,79200.0,79200.0,74620.0,75520.0,8179309.0
2023-03-27,76100.0,77500.0,76000.0,77230.0,7142493.0
2023-03-28,77500.0,78298.0,77300.0,78287.0,5272728.0
2023-03-29,80600.0,81200.0,80100.0,81050.0,7608311.0
2023-04-03,82000.0,82000.0,78150.0,78260.0,11334285.0
2023-04-04,76300.0,76300.0,75211.0,76098.0,9569380.0
2023-04-05,78687.0,79348.0,77550.0,78897.0,6490590.0
2023-04-08,79300.0,79300.0,77000.0,78650.0,8940090.0
2023-04-09,78399.0,78399.0,76965.0,77100.0,4809507.0
2023-04-10,75300.0,75600.0,74400.0,75600.0,6896894.0
2023-04-11,77000.0,78004.0,76616.0,77000.0,5553140.0
2023-04-15,77399.0,77399.0,75799.0,76201.0,6526929.0
2023-04-16,76000.0,76190.0,75198.0,76121.0,5124737.0
2023-04-17,77500.0,77800.0,77200.0,77400.0,7866291.0
2023-04-18,77900.0,77900.0,76870.0,77412.0,7057630.0
2023-04-19,77350.0,78000.0,77350.0,77878.0,4061509.0
2023-04-24,77910.0,78000.0,77239.0,77310.0,7627023.0
2023-04-25,77400.0,77400.0,77000.0,77280.0,5936760.0
2023-04-26,77490.0,81300.0,77490.0,81010.0,22324726.0
2023-04-29,84650.0,87848.0,84650.0,87762.0,15943660.0
2023-04-30,94499.0,94499.0,88700.0,92270.0,13574343.0
2023-05-01,96000.0,99500.0,95340.0,96550.0,15232397.0
2023-05-02,96666.0,96666.0,89910.0,91920.0,15839487.0
2023-05-03,89500.0,93500.0,87000.0,91560.0,13918919.0
2023-05-06,90860.0,92510.0,88861.0,88901.0,12350063.0
2023-05-07,86990.0,86990.0,83120.0,83490.0,12347340.0
2023-05-08,83240.0,87800.0,83240.0,86200.0,13140592.0
2023-05-09,89200.0,89400.0,85877.0,85911.0,13558030.0
2023-05-10,84990.0,84990.0,83120.0,83730.0,6609454.0
2023-05-13,80000.0,81010.0,78999.0,79960.0,11955550.0
2023-05-14,81999.0,81999.0,79209.0,79220.0,11823022.0
2023-05-15,78450.0,79500.0,77325.0,79170.0,13495315.0
2023-05-17,76500.0,76500.0,75136.0,75708.0,16380555.0
2023-05-20,75700.0,78280.0,74637.0,78110.0,16033917.0
2023-05-21,80130.0,80990.0,79500.0,80275.0,12336061.0
2023-05-22,82050.0,83800.0,80700.0,81787.0,16292107.0
2023-05-23,81900.0,81900.0,79910.0,80200.0,9861917.0
2023-05-24,80372.0,80499.0,79180.0,79700.0,13995725.0
2023-05-27,77000.0,77795.0,76501.0,77130.0,12785046.0
2023-05-28,75077.0,75299.0,74411.0,75070.0,13491059.0
2023-05-29,76300.0,77900.0,75351.0,77312.0,9484436.0
2023-05-30,76900.0,76900.0,75501.0,75989.0,8236917.0
2023-05-31,75000.0,75000.0,73680.0,73840.0,8349151.0
2023-06-03,73949.0,74400.0,73820.0,74395.0,4013701.0
2023-06-06,74100.0,74400.0,74000.0,74057.0,3724510.0
2023-06-07,73000.0,73000.0,71480.0,72100.0,11213077.0
2023-06-10,71000.0,71730.0,69560.0,71650.0,11575895.0
2023-06-11,70797.0,71490.0,67712.0,68100.0,15084021.0
2023-06-12,66950.0,69996.0,66950.0,69996.0,12316369.0
2023-06-13,71200.0,72750.0,69600.0,70893.0,14776091.0
2023-06-14,72100.0,72350.0,70100.0,70196.0,7590761.0
2023-06-17,72050.0,72997.0,70000.0,70141.0,8803647.0
2023-06-18,69800.0,70500.0,69252.0,69449.0,5913154.0
2023-06-19,68500.0,68500.0,67332.0,68160.0,6282792.0
2023-06-20,68500.0,69160.0,68060.0,69041.0,3617156.0
2023-06-21,68502.0,68740.0,68065.0,68489.0,2757251.0
2023-06-24,70120.0,70197.0,69060.0,69908.0,4611821.0
2023-06-25,69999.0,70062.0,69350.0,69649.0,6457146.0
2023-06-26,69492.0,69492.0,68700.0,69300.0,2176071.0
2023-06-27,69200.0,69400.0,68820.0,69271.0,3225773.0
2023-06-28,68500.0,69139.0,68201.0,69115.0,1938270.0
2023-07-01,70000.0,71000.0,69910.0,70092.0,3705702.0
2023-07-02,71100.0,72050.0,70985.0,71500.0,7202719.0
2023-07-03,71930.0,72050.0,71502.0,71517.0,6352348.0
2023-07-04,71001.0,71110.0,70560.0,71110.0,4466878.0
2023-07-05,70001.0,71090.0,70001.0,70995.0,4450266.0
2023-07-08,70600.0,70780.0,70150.0,70201.0,4310629.0
2023-07-09,69890.0,69990.0,69473.0,69948.0,6823282.0
2023-07-10,69690.0,69690.0,68932.0,68999.0,5153303.0
2023-07-11,68401.0,68401.0,67600.0,67710.0,3504176.0
2023-07-12,67076.0,68500.0,67040.0,68250.0,4837819.0
2023-07-15,68500.0,68889.0,68480.0,68651.0,3348245.0
2023-07-16,67890.0,67890.0,66934.0,67500.0,6008800.0
2023-07-17,67399.0,67697.0,67292.0,67600.0,4972424.0
2023-07-18,68200.0,68749.0,67470.0,67551.0,9403487.0
2023-07-19,67551.0,67691.0,67150.0,67429.0,5572412.0
2023-07-22,67350.0,67480.0,66745.0,66800.0,7438078.0
2023-07-23,66490.0,66490.0,65350.0,66230.0,8376362.0
2023-07-24,65700.0,67196.0,65512.0,66775.0,5855662.0
2023-07-25,67000.0,68150.0,66983.0,67978.0,6349584.0
2023-07-26,68799.0,69280.0,68400.0,69152.0,6474829.0
2023-07-29,69000.0,69000.0,68580.0,68920.0,3378099.0
2023-07-30,68650.0,68899.0,68271.0,68311.0,4070713.0
2023-07-31,68512.0,70197.0,68512.0,70193.0,6335189.0
2023-08-01,71300.0,73340.0,71300.0,72849.0,13287019.0
2023-08-05,71998.0,71998.0,70560.0,70705.0,9550826.0
2023-08-06,70690.0,70989.0,70110.0,70724.0,5902101.0
2023-08-07,70510.0,70688.0,70034.0,70041.0,4124997.0
2023-08-08,69300.0,69800.0,69003.0,69789.0,6171660.0
2023-08-09,69800.0,70298.0,69600.0,70220.0,5620915.0
2023-08-12,67101.0,67800.0,66800.0,67526.0,13993237.0
2023-08-13,68700.0,69000.0,68500.0,68798.0,4974107.0
2023-08-14,69155.0,69350.0,68350.0,68420.0,4190826.0
2023-08-15,68350.0,68889.0,68003.0,68219.0,4341680.0
2023-08-16,68549.0,68549.0,68020.0,68057.0,2373359.0
2023-08-19,67790.0,67790.0,67203.0,67400.0,2728467.0
2023-08-20,67499.0,67690.0,67311.0,67565.0,2118667.0
2023-08-21,67529.0,67529.0,67150.0,67423.0,1990154.0
2023-08-22,67998.0,68199.0,67631.0,67969.0,2292338.0
2023-08-23,68090.0,68600.0,68052.0,68172.0,2635247.0
2023-08-26,68339.0,68339.0,67500.0,67651.0,4351164.0
2023-08-27,67950.0,68330.0,67761.0,68019.0,7588670.0
2023-08-28,68203.0,68203.0,67512.0,67680.0,5771927.0
2023-08-29,67680.0,67970.0,67522.0,67582.0,3361195.0
2023-08-30,68003.0,68488.0,67900.0,67960.0,2692562.0
2023-09-02,67902.0,68169.0,67880.0,68123.0,1932058.0
2023-09-03,69050.0,69600.0,69050.0,69200.0,6784938.0
2023-09-04,69000.0,69100.0,68500.0,68554.0,3584928.0
2023-09-05,68800.0,68800.0,68276.0,68346.0,2061770.0
2023-09-09,68990.0,69090.0,68490.0,68588.0,3445589.0
2023-09-10,68150.0,68579.0,68150.0,68402.0,1734976.0
2023-09-11,68399.0,68400.0,68150.0,68400.0,1815843.0
2023-09-12,67990.0,68100.0,67504.0,67832.0,2881906.0
2023-09-13,68299.0,68588.0,68250.0,68535.0,2414683.0
2023-09-17,68535.0,68535.0,68015.0,68048.0,3992903.0
2023-09-18,67815.0,67815.0,67380.0,67512.0,5132813.0
2023-09-19,67513.0,67680.0,67390.0,67530.0,2000067.0
2023-09-20,67390.0,67390.0,66881.0,66935.0,2902444.0
2023-09-23,66930.0,67050.0,66488.0,66570.0,2785961.0
2023-09-25,66560.0,66560.0,66100.0,66367.0,2122897.0
2023-09-26,66100.0,66333.0,65828.0,66190.0,2461332.0
2023-09-27,65795.0,66007.0,65510.0,65839.0,3980447.0
2023-09-30,65400.0,65400.0,64850.0,65300.0,2746556.0
2023-10-01,65569.0,65690.0,65300.0,65448.0,1714855.0
2023-10-02,65672.0,65800.0,65500.0,65570.0,2766635.0
2023-10-04,65450.0,65500.0,65150.0,65499.0,2757122.0
2023-10-07,66600.0,67680.0,66410.0,67650.0,7996832.0
2023-10-08,71200.0,73300.0,71127.0,72469.0,19955367.0
2023-10-09,74435.0,75139.0,72122.0,73903.0,23141962.0
2023-10-10,72000.0,72000.0,69215.0,70100.0,15176360.0
2023-10-11,69701.0,70721.0,69701.0,70240.0,8529347.0
2023-10-14,71700.0,72000.0,70800.0,70825.0,9459495.0
2023-10-15,70190.0,70950.0,70000.0,70879.0,6711740.0
2023-10-16,69900.0,69900.0,68953.0,69251.0,8271050.0
2023-10-17,69600.0,70410.0,69350.0,70395.0,5660538.0
2023-10-18,71800.0,71800.0,70805.0,71060.0,8691869.0
2023-10-21,70899.0,70899.0,70250.0,70449.0,8584576.0
2023-10-22,70297.0,71099.0,70110.0,71060.0,8438042.0
2023-10-23,71200.0,71200.0,70701.0,70900.0,5072583.0
2023-10-24,70890.0,71185.0,70690.0,70912.0,7663207.0
2023-10-25,71499.0,71600.0,71050.0,71516.0,7819310.0
2023-10-28,74253.0,75000.0,73750.0,74320.0,19037862.0
2023-10-29,73500.0,73500.0,72050.0,72322.0,10006968.0
2023-10-30,72022.0,72322.0,71555.0,72281.0,8634078.0
2023-10-31,72800.0,72807.0,72302.0,72590.0,7150387.0
2023-11-01,72400.0,73190.0,72211.0,73190.0,9211256.0
2023-11-04,72150.0,72150.0,71400.0,71899.0,11463824.0
2023-11-05,71910.0,72150.0,71696.0,71950.0,5656860.0
2023-11-06,71980.0,71980.0,71503.0,71580.0,3770995.0
2023-11-07,71134.0,71488.0,70861.0,71132.0,7838220.0
2023-11-08,71150.0,71590.0,71022.0,71300.0,4510107.0
2023-11-11,71349.0,71352.0,71090.0,71346.0,5753654.0
2023-11-12,71339.0,71339.0,70910.0,70980.0,4068159.0
2023-11-13,70850.0,71340.0,70840.0,71295.0,8858618.0
2023-11-14,71190.0,71190.0,70510.0,70602.0,9187018.0
2023-11-15,71050.0,71099.0,70850.0,70980.0,5956356.0
2023-11-18,70810.0,70889.0,70510.0,70690.0,5234109.0
2023-11-19,70750.0,70800.0,70391.0,70488.0,4089381.0
2023-11-20,70290.0,70290.0,69814.0,70149.0,4600417.0
2023-11-21,70350.0,70540.0,70100.0,70371.0,5541160.0
2023-11-22,70426.0,70671.0,70350.0,70666.0,6095893.0
2023-11-25,70700.0,71050.0,70700.0,70940.0,7120177.0
2023-11-26,70960.0,70960.0,70626.0,70800.0,4474510.0
2023-11-27,70900.0,70950.0,70792.0,70844.0,6505477.0
2023-11-28,70799.0,70899.0,70701.0,70799.0,2440164.0
2023-11-29,71030.0,71240.0,71030.0,71159.0,3163851.0
2023-12-02,72000.0,72600.0,72000.0,72387.0,7405489.0
2023-12-03,72740.0,72740.0,72360.0,72558.0,8421274.0
2023-12-04,72558.0,72810.0,72500.0,72670.0,5945947.0
2023-12-05,72200.0,72200.0,71802.0,71840.0,4403044.0
2023-12-06,71940.0,71950.0,71592.0,71659.0,3723031.0
2023-12-09,71480.0,71480.0,71145.0,71400.0,4557071.0
2023-12-10,71590.0,71590.0,71300.0,71370.0,7518432.0
2023-12-11,71440.0,71440.0,71015.0,71104.0,5419593.0
2023-12-12,71289.0,71289.0,71000.0,71090.0,5019630.0
2023-12-13,71080.0,71249.0,70945.0,71100.0,4180909.0
2023-12-16,71528.0,71665.0,71223.0,71303.0,5640386.0
2023-12-18,71303.0,71303.0,71003.0,71296.0,8724182.0
2023-12-19,71000.0,71187.0,70930.0,71072.0,5322888.0
2023-12-20,70985.0,71165.0,70796.0,71130.0,5920390.0
2023-12-23,71570.0,71830.0,71403.0,71799.0,7727329.0
2023-12-24,71777.0,71777.0,71403.0,71720.0,3220353.0
2023-12-25,71500.0,71600.0,71250.0,71430.0,2744532.0
2023-12-26,71898.0,71979.0,71635.0,71744.0,4887435.0
2023-12-27,71949.0,71997.0,71744.0,71964.0,5645882.0
2023-12-30,72400.0,73020.0,72301.0,72926.0,6312694.0
2023-12-31,72911.0,72920.0,72584.0,72765.0,13342916.0
2024-01-01,72890.0,73169.0,72600.0,72990.0,10795060.0
2024-01-02,73015.0,74260.0,73015.0,74125.0,12525306.0
2024-01-03,74400.0,74640.0,73610.0,73670.0,13727389.0
2024-01-06,74200.0,74200.0,73662.0,73917.0,13035861.0
2024-01-07,74290.0,74995.0,74010.0,74700.0,12898302.0
2024-01-08,74788.0,75286.0,74310.0,74448.0,14853486.0
2024-01-09,74550.0,75900.0,74511.0,75873.0,15077802.0
2024-01-10,77500.0,78800.0,77100.0,78302.0,18470971.0
2024-01-13,80000.0,82698.0,79893.0,82447.0,25501939.0
2024-01-14,84500.0,85565.0,78918.0,79295.0,34506201.0
2024-01-15,78550.0,79099.0,77600.0,78340.0,19796713.0
2024-01-16,80100.0,81380.0,79007.0,80090.0,12411545.0
2024-01-17,79850.0,80488.0,79400.0,80334.0,10011249.0
2024-01-20,80000.0,81090.0,79010.0,81070.0,12839687.0
2024-01-21,81502.0,83400.0,81070.0,82450.0,18421471.0
2024-01-22,82450.0,83860.0,81300.0,83690.0,14762834.0
2024-01-23,85200.0,86750.0,85000.0,86399.0,19202952.0
2024-01-24,87510.0,89000.0,83960.0,85570.0,21718923.0
2024-01-27,86800.0,88025.0,85583.0,87650.0,16851950.0
2024-01-28,86485.0,86500.0,84479.0,84705.0,18434540.0
2024-01-29,88500.0,88590.0,87052.0,87690.0,25287745.0
2024-01-30,88500.0,88888.0,84990.0,85500.0,30050234.0
2024-01-31,85600.0,86100.0,84600.0,84851.0,11195687.0
2024-02-03,83000.0,83000.0,80969.0,81193.0,15694403.0
2024-02-04,80620.0,81250.0,79610.0,80820.0,10198208.0
2024-02-05,79590.0,80650.0,79000.0,80501.0,9468202.0
2024-02-06,80500.0,82498.0,80500.0,82400.0,8680225.0
2024-02-07,82600.0,84390.0,82600.0,83879.0,8422576.0
2024-02-10,82550.0,83650.0,81900.0,83342.0,6420125.0
2024-02-12,84000.0,85500.0,84000.0,84795.0,7503720.0
2024-02-13,85000.0,85000.0,83800.0,84200.0,6892997.0
2024-02-14,84100.0,84249.0,83650.0,84020.0,4425683.0
2024-02-17,84687.0,85107.0,84438.0,84905.0,12239535.0
2024-02-18,85996.0,86350.0,85512.0,86307.0,12490494.0
2024-02-19,86300.0,86300.0,84981.0,85817.0,9657649.0
2024-02-20,85000.0,85000.0,83995.0,84699.0,12215197.0
2024-02-21,85400.0,85906.0,85100.0,85690.0,5178967.0
2024-02-24,86573.0,87080.0,85400.0,85760.0,11672702.0
2024-02-26,86800.0,86800.0,85380.0,85396.0,12254766.0
2024-02-27,86050.0,86240.0,85100.0,85189.0,9538563.0
2024-02-28,85826.0,85826.0,84510.0,84889.0,11986013.0
2024-03-02,87600.0,88000.0,85930.0,85947.0,18836586.0
2024-03-03,85900.0,85900.0,84990.0,85450.0,14220263.0
2024-03-04,86333.0,87000.0,86210.0,86835.0,18711076.0
2024-03-05,87710.0,89230.0,87600.0,89194.0,25026019.0
2024-03-06,89698.0,89888.0,88500.0,88899.0,17461066.0
2024-03-09,91300.0,92000.0,89985.0,90578.0,21873856.0
2024-03-10,88510.0,89300.0,87900.0,88100.0,13771170.0
2024-03-11,87999.0,89079.0,87505.0,88702.0,13822814.0
2024-03-12,88697.0,88697.0,88236.0,88500.0,7795982.0
2024-03-13,87790.0,87790.0,87325.0,87660.0,13013660.0
2024-03-16,88500.0,88759.0,87821.0,88660.0,13926331.0
2024-03-17,89795.0,90380.0,89400.0,90204.0,12814974.0
2024-03-18,91333.0,93605.0,91330.0,93599.0,33321409.0
2024-03-24,95100.0,97998.0,95000.0,96845.0,17014055.0
2024-03-25,96800.0,96800.0,94517.0,94721.0,13973065.0
2024-03-26,92603.0,94444.0,92500.0,94234.0,11613059.0
2024-03-27,95500.0,96400.0,94700.0,96259.0,10002359.0
2024-03-30,98000.0,99000.0,97900.0,98010.0,11496302.0
2024-04-02,103900.0,105000.0,103333.0,104850.0,21892141.0
2024-04-03,105515.0,108384.0,104100.0,107381.0,24658622.0
2024-04-06,114989.0,114989.0,108000.0,109448.0,32521511.0
2024-04-07,109000.0,109000.0,103300.0,103700.0,27621784.0
2024-04-08,103000.0,103100.0,100500.0,101751.0,22701447.0
2024-04-09,105490.0,108996.0,104810.0,108748.0,23692098.0
2024-04-13,115010.0,116850.0,112110.0,116448.0,29418657.0
2024-04-14,116824.0,116824.0,112244.0,112244.0,25441651.0
2024-04-15,106500.0,111500.0,106001.0,109371.0,26706285.0
2024-04-16,110000.0,112230.0,109371.0,111450.0,22115840.0
2024-04-17,111580.0,113190.0,110000.0,112950.0,18518954.0
2024-04-20,108770.0,108770.0,106432.0,106850.0,29459140.0
2024-04-21,106850.0,108176.0,106300.0,107485.0,19287999.0
2024-04-22,106500.0,106978.0,105201.0,105500.0,15792604.0
2024-04-23,103900.0,104500.0,102297.0,102785.0,19167738.0
2024-04-24,102000.0,102750.0,100580.0,102505.0,13910699.0
2024-04-27,100500.0,100500.0,99700.0,100001.0,17282863.0
2024-04-28,98998.0,101749.0,98023.0,101732.0,20494402.0
2024-04-29,101700.0,105000.0,101400.0,104867.0,18074235.0
2024-04-30,106444.0,107740.0,104150.0,105800.0,24591771.0
2024-05-01,103400.0,105069.0,102950.0,104490.0,9777268.0
2024-05-05,104105.0,104400.0,102800.0,102840.0,11071549.0
2024-05-06,106000.0,106880.0,104610.0,104990.0,15918657.0
2024-05-07,104100.0,104450.0,102962.0,102996.0,12541543.0
2024-05-08,102503.0,102900.0,101031.0,101650.0,14931538.0
2024-05-11,102490.0,102499.0,100495.0,100500.0,12411015.0
2024-05-12,99999.0,99999.0,99088.0,99199.0,18960286.0
2024-05-13,98010.0,98100.0,97150.0,97840.0,16058522.0
2024-05-14,96900.0,98238.0,96420.0,98085.0,20108808.0
2024-05-15,98500.0,98863.0,97970.0,98000.0,8830193.0
2024-05-18,97350.0,98100.0,96800.0,96900.0,14758341.0
2024-05-19,96370.0,98160.0,96370.0,97206.0,24722585.0
2024-05-21,97070.0,98210.0,96829.0,98140.0,8511137.0
2024-05-25,96110.0,96697.0,94381.0,94387.0,12110421.0
2024-05-26,94800.0,94800.0,94110.0,94731.0,13425544.0
2024-05-27,95500.0,96302.0,95104.0,96285.0,14039912.0
2024-05-28,98950.0,100749.0,97000.0,99513.0,20625438.0
2024-05-29,100490.0,100490.0,97800.0,97808.0,17782625.0
2024-06-01,97400.0,97400.0,96056.0,96382.0,11119337.0
2024-06-02,97100.0,98200.0,97100.0,98000.0,11159649.0
2024-06-05,97750.0,98150.0,97200.0,97390.0,10324697.0
2024-06-08,96600.0,96600.0,96010.0,96403.0,7560837.0
2024-06-09,96510.0,96850.0,96290.0,96301.0,6934980.0
2024-06-10,95790.0,95800.0,95000.0,95507.0,6071565.0
2024-06-11,95627.0,95830.0,94991.0,95000.0,7103755.0
2024-06-12,94500.0,95290.0,94500.0,95195.0,5722861.0
2024-06-15,95227.0,95600.0,95103.0,95500.0,5690704.0
2024-06-16,95470.0,95848.0,95468.0,95795.0,4077583.0
2024-06-18,95784.0,95845.0,95116.0,95150.0,8267118.0
2024-06-19,95800.0,95800.0,95437.0,95511.0,5360912.0
2024-06-22,95925.0,96645.0,95921.0,96601.0,16189653.0
2024-06-23,97999.0,99200.0,97501.0,98601.0,21634207.0
2024-06-24,101122.0,101550.0,99801.0,100101.0,30371756.0
2024-06-26,99650.0,99980.0,98600.0,99600.0,16780297.0
2024-06-29,100800.0,100800.0,100000.0,100650.0,14895293.0
2024-06-30,103000.0,103498.0,102900.0,103450.0,26102490.0
2024-07-01,102780.0,102780.0,101338.0,102498.0,12773297.0
2024-07-02,102950.0,102950.0,102002.0,102394.0,13218319.0
2024-07-03,101850.0,101850.0,99424.0,100187.0,16944394.0
2024-07-06,95860.0,97490.0,94840.0,97260.0,28561518.0
2024-07-07,98000.0,98879.0,97510.0,98266.0,12937207.0
2024-07-08,97960.0,98090.0,97117.0,97245.0,11625143.0
2024-07-09,96900.0,96900.0,95504.0,95930.0,11264796.0
2024-07-10,96290.0,96742.0,95999.0,96095.0,9199252.0
2024-07-13,96300.0,96300.0,95320.0,95790.0,7616394.0
2024-07-14,96403.0,97001.0,96370.0,96830.0,12070274.0
2024-07-17,98150.0,98499.0,97378.0,97588.0,16132438.0
2024-07-20,96650.0,96770.0,95990.0,96200.0,19611657.0
2024-07-21,97099.0,97250.0,96300.0,96362.0,10481603.0
2024-07-22,96620.0,96999.0,96303.0,96914.0,11196125.0
2024-07-23,97990.0,98200.0,97400.0,98124.0,12272921.0
2024-07-24,98060.0,98390.0,97700.0,98098.0,8827354.0
2024-07-27,98950.0,98970.0,98480.0,98897.0,11533852.0
2024-07-29,99400.0,101799.0,99400.0,101790.0,23853169.0
2024-07-30,102450.0,102450.0,100800.0,101120.0,21260171.0
2024-07-31,104180.0,105325.0,102700.0,103101.0,39323511.0
2024-08-03,104999.0,106750.0,104900.0,106445.0,43087281.0
2024-08-04,103000.0,104800.0,103000.0,104224.0,25483279.0
2024-08-05,104000.0,105050.0,103560.0,104700.0,24824334.0
2024-08-06,105041.0,105639.0,105003.0,105499.0,15078140.0
2024-08-10,104800.0,104800.0,102200.0,102302.0,19587500.0
2024-08-11,101490.0,101490.0,100165.0,100599.0,19149817.0
2024-08-12,101444.0,102520.0,101444.0,102397.0,24534737.0
2024-08-13,101500.0,101788.0,100800.0,100888.0,17111245.0
2024-08-14,100880.0,101799.0,100057.0,101351.0,13044852.0
2024-08-17,100900.0,101049.0,100488.0,100590.0,19696124.0
2024-08-18,99800.0,100745.0,99733.0,100519.0,23433507.0
2024-08-19,102000.0,102400.0,101750.0,101900.0,17917359.0
2024-08-20,102888.0,103090.0,102002.0,102312.0,18585276.0
2024-08-21,102440.0,102600.0,102001.0,102425.0,19298882.0
2024-08-24,102600.0,103229.0,102460.0,102859.0,22762680.0
2024-08-26,104543.0,104888.0,103811.0,104197.0,25784976.0
2024-08-27,103981.0,103981.0,102960.0,102968.0,24745857.0
2024-08-28,103890.0,103890.0,103264.0,103543.0,17044497.0
2024-08-31,104000.0,104060.0,103670.0,104060.0,20962318.0
2024-09-01,104444.0,104698.0,104101.0,104592.0,15364940.0
2024-09-03,104800.0,105008.0,104522.0,105005.0,19995763.0
2024-09-07,104790.0,104790.0,103851.0,103936.0,17889873.0
2024-09-08,104098.0,104098.0,103369.0,103560.0,16643449.0
2024-09-09,103850.0,104169.0,103490.0,104130.0,25812948.0
2024-09-10,104200.0,104297.0,103900.0,104120.0,23214927.0
2024-09-11,104590.0,104915.0,104590.0,104909.0,24873114.0
2024-09-14,106150.0,106298.0,106100.0,106258.0,29148337.0
2024-09-15,105800.0,105800.0,105291.0,105300.0,17859548.0
2024-09-16,105588.0,106100.0,105300.0,106000.0,20167932.0
2024-09-17,106499.0,106697.0,106200.0,106520.0,19101848.0
2024-09-18,107000.0,107999.0,106800.0,107493.0,23435102.0
2024-09-22,109373.0,109618.0,108700.0,109501.0,27338420.0
2024-09-23,111627.0,111627.0,110000.0,111385.0,27489595.0
2024-09-24,112400.0,114600.0,112400.0,112490.0,52135329.0
2024-09-25,113000.0,113000.0,111000.0,111251.0,40747490.0
2024-09-28,117000.0,118200.0,115501.0,116196.0,58315387.0
2024-09-29,114890.0,114890.0,113050.0,113476.0,28508953.0
2024-09-30,113350.0,114445.0,112876.0,113790.0,36027903.0
2024-10-01,115210.0,115640.0,115000.0,115345.0,38199373.0
2024-10-02,116160.0,117490.0,116050.0,117460.0,49487024.0
2024-10-05,116607.0,118870.0,115300.0,118438.0,45259659.0
2024-10-06,120201.0,122934.0,120201.0,122450.0,53172292.0
2024-10-07,121800.0,121800.0,118809.0,120420.0,46975554.0
2024-10-08,118000.0,119200.0,117502.0,118030.0,38146731.0
2024-10-09,117995.0,118443.0,116505.0,117078.0,46493768.0
2024-10-12,117401.0,117927.0,116880.0,117090.0,38724650.0
2024-10-13,117590.0,118900.0,117550.0,118462.0,41296031.0
2024-10-14,120500.0,121000.0,120400.0,120677.0,41282887.0
2024-10-15,120077.0,120100.0,119400.0,119951.0,33673402.0
2024-10-16,122100.0,122490.0,121586.0,121834.0,37107530.0
2024-10-19,124400.0,125500.0,124250.0,125100.0,61156753.0
2024-10-20,128500.0,128500.0,126850.0,126901.0,77804073.0
2024-10-21,127500.0,128799.0,127000.0,127300.0,63112437.0
2024-10-22,128499.0,129050.0,127240.0,128495.0,65479378.0
2024-10-23,130900.0,132812.0,130500.0,132000.0,61821744.0
2024-10-26,121000.0,124400.0,119226.0,120004.0,96949658.0
2024-10-27,123011.0,124444.0,122500.0,124349.0,48795113.0
2024-10-28,125990.0,128040.0,125990.0,127916.0,45785545.0
2024-10-29,131500.0,132998.0,131195.0,131461.0,53823165.0
2024-10-30,133200.0,134895.0,130750.0,131900.0,62079867.0
2024-11-02,129010.0,132498.0,128850.0,132092.0,62248478.0
2024-11-03,134700.0,135888.0,134195.0,134600.0,57127926.0
2024-11-04,132190.0,132340.0,130006.0,130437.0,51580543.0
2024-11-05,129950.0,130054.0,128600.0,129999.0,32181909.0
2024-11-06,134010.0,134200.0,132000.0,132760.0,69035078.0
2024-11-09,129950.0,129997.0,128296.0,128303.0,54082956.0
2024-11-10,126310.0,127000.0,123950.0,124005.0,63907252.0
2024-11-11,119997.0,121150.0,119269.0,119570.0,74544025.0
2024-11-12,119900.0,122512.0,119900.0,122440.0,67683354.0
2024-11-13,125501.0,125501.0,124402.0,125452.0,48446565.0
2024-11-16,124000.0,124000.0,122652.0,123000.0,38047932.0
2024-11-17,123390.0,123989.0,122999.0,123389.0,20562479.0
2024-11-18,123727.0,125000.0,123550.0,124499.0,31574030.0
2024-11-19,125510.0,128440.0,125510.0,128440.0,51269961.0
2024-11-20,130868.0,131499.0,128501.0,128710.0,72788998.0
2024-11-23,133299.0,134000.0,132603.0,133689.0,68544657.0
2024-11-24,133450.0,133450.0,129220.0,129450.0,92400465.0
2024-11-25,127499.0,130017.0,126300.0,129700.0,65079521.0
2024-11-26,128489.0,129450.0,126800.0,128153.0,48519427.0
2024-11-27,129820.0,129997.0,128500.0,128502.0,39925111.0
2024-11-30,131920.0,132500.0,131300.0,132040.0,58411759.0
2024-12-01,130652.0,131000.0,129702.0,130196.0,30176830.0
2024-12-02,130988.0,131520.0,130504.0,131230.0,47070692.0
2024-12-03,132699.0,132800.0,132000.0,132179.0,48714782.0
2024-12-04,133100.0,133211.0,132500.0,132945.0,44393538.0
2024-12-07,131801.0,132804.0,130900.0,132545.0,52329335.0
2024-12-08,133232.0,134000.0,133232.0,133580.0,45163010.0
2024-12-09,134020.0,134999.0,134000.0,134976.0,42824707.0
2024-12-10,135530.0,137005.0,135530.0,136668.0,56562090.0
2024-12-11,138520.0,141000.0,138520.0,140853.0,70784024.0
2024-12-14,141800.0,144919.0,141800.0,144780.0,84187506.0
2024-12-15,145820.0,145900.0,141859.0,143259.0,79580757.0
2024-12-16,144450.0,147200.0,143731.0,146925.0,65259669.0
2024-12-17,149760.0,151085.0,144576.0,145960.0,82125437.0
2024-12-18,146001.0,147000.0,143200.0,143991.0,70316885.0
2024-12-21,142490.0,142490.0,139200.0,139572.0,72289815.0
2024-12-22,138000.0,140492.0,136000.0,139941.0,66708745.0
2024-12-23,142710.0,144025.0,142238.0,143200.0,73011774.0
2024-12-24,145050.0,145100.0,142550.0,143060.0,69318854.0
2024-12-25,142200.0,142542.0,140500.0,142280.0,50501212.0
2024-12-28,145000.0,145726.0,144501.0,145095.0,70758473.0
2024-12-29,145540.0,146511.0,139880.0,140350.0,92358371.0
2024-12-30,138570.0,143500.0,137696.0,142480.0,59245228.0
2024-12-31,142999.0,143200.0,141785.0,142201.0,40561821.0
2025-01-01,142430.0,142430.0,141400.0,142202.0,32511489.0
2025-01-04,140888.0,141000.0,139501.0,139658.0,52098051.0
2025-01-05,140018.0,140600.0,139685.0,140401.0,29720627.0
2025-01-06,139290.0,139810.0,138630.0,139540.0,26263049.0
2025-01-07,140783.0,142500.0,140200.0,141990.0,36498108.0
2025-01-08,142190.0,144288.0,141511.0,143994.0,49822627.0
2025-01-11,146200.0,148000.0,146200.0,147394.0,51090459.0
2025-01-12,146550.0,147300.0,144620.0,146501.0,49509342.0
2025-01-13,147189.0,148500.0,147189.0,147579.0,30993703.0
2025-01-15,146110.0,146780.0,145500.0,146570.0,35140568.0
2025-01-18,145500.0,146996.0,144881.0,146495.0,38176661.0
2025-01-19,147553.0,147700.0,145911.0,146350.0,45709640.0
2025-01-20,147499.0,147997.0,147001.0,147449.0,37112261.0
2025-01-21,148999.0,151310.0,148976.0,150899.0,53649707.0
2025-01-22,153210.0,155399.0,153001.0,155295.0,66121000.0
2025-01-25,158966.0,158995.0,155249.0,156579.0,87882999.0
2025-01-26,158000.0,159050.0,156725.0,158935.0,58560783.0
2025-01-27,157500.0,158555.0,156010.0,158199.0,57647141.0
2025-01-29,157900.0,158000.0,155520.0,155890.0,68036700.0
2025-02-01,159500.0,160900.0,159500.0,160850.0,62718839.0
2025-02-02,161150.0,163320.0,161101.0,163300.0,69876774.0
2025-02-03,163700.0,165000.0,161001.0,162999.0,85616277.0
2025-02-04,163622.0,164400.0,163000.0,163840.0,79398857.0
2025-02-05,167650.0,169501.0,167611.0,168830.0,109757884.0
2025-02-09,185733.0,185733.0,181000.0,185733.0,115352669.0
2025-02-11,192000.0,192000.0,174971.0,177500.0,200192605.0
2025-02-15,182900.0,186531.0,182000.0,185838.0,131744466.0
2025-02-16,182500.0,184900.0,179554.0,184201.0,72737897.0
2025-02-17,184400.0,186523.0,184400.0,185719.0,63951294.0
2025-02-18,187035.0,191450.0,187035.0,191000.0,75032433.0
2025-02-19,197500.0,200500.0,196000.0,198630.0,102594750.0
2025-02-22,210000.0,214900.0,204600.0,207920.0,148749917.0
2025-02-23,203800.0,203800.0,195476.0,200360.0,134565301.0
2025-02-24,202000.0,203000.0,198000.0,200390.0,75400809.0
2025-02-25,194500.0,195430.0,190000.0,192498.0,109451524.0
2025-02-26,196499.0,197851.0,195498.0,196731.0,74058244.0
2025-03-01,190404.0,191889.0,183300.0,186000.0,153209623.0
2025-03-02,188100.0,190900.0,181000.0,183501.0,130674294.0
2025-03-03,181000.0,183300.0,178500.0,181039.0,92517426.0
2025-03-04,183970.0,184977.0,183340.0,184288.0,77907610.0
2025-03-05,181002.0,181717.0,179210.0,180019.0,63043702.0
2025-03-08,190000.0,190350.0,186800.0,188320.0,107615514.0
2025-03-09,193510.0,196000.0,190005.0,191800.0,162464332.0
2025-03-10,194702.0,195777.0,190590.0,192060.0,105779983.0
2025-03-11,190100.0,192000.0,189000.0,189200.0,68383727.0
2025-03-12,190300.0,190980.0,187541.0,190002.0,75873877.0
2025-03-15,189520.0,190987.0,187850.0,190017.0,71698452.0
2025-03-16,193060.0,198374.0,193000.0,197470.0,88112836.0
2025-03-17,206710.0,208003.0,205500.0,208003.0,107960995.0
2025-03-18,227000.0,227000.0,217500.0,219460.0,162998845.0
2025-03-25,214001.0,224555.0,209991.0,221760.0,146142826.0
2025-03-26,223500.0,229700.0,222600.0,229505.0,97287893.0
2025-03-29,240873.0,245500.0,236010.0,244997.0,137767809.0
2025-03-30,243800.0,243800.0,233045.0,235701.0,132648468.0
2025-04-05,224817.0,229300.0,220000.0,220582.0,152563556.0
2025-04-06,223240.0,231000.0,223240.0,229900.0,114792596.0
2025-04-07,233000.0,236795.0,230000.0,230868.0,147054116.0
2025-04-08,209943.0,214590.0,209943.0,209943.0,158430348.0
2025-04-09,216000.0,218000.0,200001.0,204700.0,176533139.0
2025-04-12,203000.0,203400.0,186280.0,190606.0,210297876.0
2025-04-13,180000.0,180000.0,176399.0,176399.0,108593544.0
2025-04-14,177470.0,185000.0,177470.0,182399.0,252153111.0
2025-04-15,193430.0,194240.0,180002.0,182089.0,163930549.0
2025-04-16,188000.0,189000.0,181391.0,183920.0,112836610.0
2025-04-19,178000.0,182338.0,170003.0,172080.0,166013560.0
2025-04-20,165500.0,167465.0,158963.0,166099.0,175370620.0
2025-04-21,171406.0,172852.0,168000.0,172700.0,110136796.0
2025-04-22,168000.0,168998.0,163112.0,163755.0,99978432.0
2025-04-23,160030.0,166509.0,160001.0,164654.0,74516892.0
2025-04-26,162800.0,170000.0,161000.0,168025.0,156793318.0
2025-04-27,175000.0,176191.0,172437.0,175239.0,112937721.0
2025-04-28,171999.0,172989.0,170335.0,172573.0,63576907.0
2025-04-29,170288.0,174505.0,170000.0,173710.0,67317502.0
2025-04-30,174500.0,176090.0,174000.0,174991.0,56870670.0
2025-05-03,189000.0,189000.0,185011.0,187720.0,124814168.0
2025-05-04,190000.0,192948.0,188500.0,189450.0,114094884.0
2025-05-05,190000.0,190999.0,183125.0,183940.0,104113360.0
2025-05-06,180500.0,181398.0,178500.0,180400.0,72518782.0
2025-05-07,179001.0,183860.0,178843.0,180699.0,70195466.0
2025-05-10,184390.0,187051.0,183396.0,185736.0,78705584.0
2025-05-11,190990.0,193000.0,177001.0,179669.0,181901484.0
2025-05-12,178500.0,182300.0,178005.0,182150.0,70526765.0
2025-05-13,183300.0,183998.0,181001.0,181980.0,39072300.0
2025-05-14,181500.0,182014.0,178500.0,179000.0,41860212.0
2025-05-17,179000.0,179500.0,175100.0,175205.0,88730512.0
2025-05-18,175000.0,175500.0,168700.0,173000.0,72810900.0
2025-05-19,176000.0,176563.0,173089.0,174598.0,55510214.0
2025-05-20,183000.0,191000.0,181500.0,184477.0,199036881.0
2025-05-21,187000.0,187109.0,181113.0,181960.0,87084403.0
2025-05-24,182400.0,183450.0,181499.0,182155.0,40607714.0
2025-05-25,180690.0,181500.0,180000.0,180958.0,28194693.0
2025-05-26,178800.0,179500.0,177000.0,178960.0,40001501.0
2025-05-27,179010.0,179480.0,178027.0,179078.0,19982049.0
2025-05-28,180500.0,180500.0,179200.0,179485.0,26470831.0
2025-05-31,179190.0,179500.0,177577.0,178290.0,35608137.0
2025-06-01,178200.0,178400.0,176657.0,177890.0,34932405.0
2025-06-02,177500.0,181398.0,176750.0,181020.0,59055150.0
2025-06-03,182000.0,182730.0,181002.0,181390.0,44757509.0
2025-06-07,182400.0,183499.0,180102.0,180837.0,53384234.0
2025-06-08,180830.0,182999.0,180600.0,182677.0,35547413.0
2025-06-09,183900.0,186860.0,183500.0,184015.0,71563851.0
2025-06-10,181000.0,181644.0,180000.0,181029.0,35169147.0
2025-06-11,183158.0,183590.0,182365.0,182940.0,34706226.0
2025-06-28,186000.0,189000.0,183710.0,186520.0,89459929.0
2025-06-29,189000.0,200000.0,189000.0,198800.0,151848880.0
2025-06-30,210300.0,215248.0,206472.0,209715.0,167065159.0
2025-07-01,217900.0,217900.0,205848.0,208003.0,171915572.0
2025-07-02,200000.0,208500.0,200000.0,206503.0,109752648.0
2025-07-07,201812.0,201935.0,196974.0,197100.0,84781005.0
2025-07-08,195700.0,197707.0,195001.0,196105.0,66831828.0
2025-07-09,198190.0,198995.0,195550.0,197820.0,62578760.0
2025-07-12,197389.0,198200.0,195588.0,196052.0,55514002.0
2025-07-13,197054.0,204096.0,196500.0,203100.0,119072421.0
2025-07-14,204430.0,207991.0,202344.0,203311.0,130812337.0
2025-07-15,205000.0,206500.0,200107.0,201080.0,104940584.0
2025-07-16,199900.0,203430.0,199002.0,203000.0,69067318.0
2025-07-19,200200.0,201799.0,199693.0,200492.0,45313622.0
2025-07-20,200000.0,200000.0,197001.0,197511.0,59038848.0
2025-07-21,200555.0,202000.0,200051.0,201250.0,56705624.0
2025-07-22,204500.0,205250.0,202873.0,203854.0,57418177.0
2025-07-23,205000.0,205498.0,202527.0,202615.0,64357726.0
2025-07-26,201300.0,202000.0,200000.0,200540.0,66057078.0
2025-07-27,199500.0,201000.0,199039.0,200735.0,56161794.0
2025-07-28,203000.0,204500.0,202579.0,204450.0,60500489.0
2025-07-29,205550.0,205999.0,204001.0,204240.0,53408446.0
2025-07-30,204980.0,205998.0,204440.0,204799.0,46208341.0
2025-08-02,210100.0,214520.0,210100.0,214517.0,119620217.0
2025-08-03,219600.0,220750.0,214521.0,215060.0,176482744.0
2025-08-04,215800.0,219200.0,214560.0,218868.0,135008215.0
2025-08-05,220000.0,220700.0,211001.0,213770.0,202476326.0
2025-08-06,214000.0,215001.0,213059.0,214288.0,59204673.0
2025-08-09,212500.0,212500.0,210000.0,210620.0,71068243.0
2025-08-10,210620.0,212310.0,209056.0,212200.0,78589705.0
2025-08-11,213500.0,214098.0,212400.0,212609.0,82665721.0
2025-08-12,211000.0,212479.0,210913.0,211111.0,49232311.0
2025-08-13,214580.0,216888.0,214390.0,215100.0,84481598.0
2025-08-16,212060.0,212500.0,210001.0,210786.0,83496005.0
2025-08-17,213051.0,213500.0,211750.0,211850.0,43246563.0
2025-08-18,212999.0,213456.0,212386.0,213350.0,60683441.0
2025-08-19,214743.0,214743.0,212810.0,213310.0,55148327.0
2025-08-20,215800.0,216300.0,215010.0,215860.0,107202514.0
2025-08-23,216400.0,219765.0,215900.0,219593.0,93541773.0
2025-08-25,222500.0,224150.0,220615.0,221770.0,122674143.0
2025-08-26,222888.0,223001.0,220038.0,220099.0,108400826.0
2025-08-27,225710.0,230770.0,225300.0,230652.0,150090314.0
2025-08-30,244000.0,244000.0,235000.0,238950.0,208869759.0
2025-08-31,239255.0,244997.0,239001.0,244450.0,144588550.0
2025-09-02,240000.0,240000.0,235298.0,236240.0,154643203.0
2025-09-03,235900.0,240577.0,235501.0,239190.0,102375146.0
2025-09-06,240800.0,243497.0,240042.0,243463.0,108069610.0
2025-09-07,244987.0,248738.0,244600.0,248243.0,110370299.0
2025-09-08,250500.0,250970.0,243843.0,245019.0,150302818.0
2025-09-09,241000.0,247156.0,241000.0,245599.0,90062916.0
2025-09-13,239988.0,239999.0,237300.0,237641.0,102825406.0
2025-09-14,238500.0,240450.0,238003.0,238752.0,80347323.0
2025-09-15,242500.0,244340.0,241500.0,244090.0,93481218.0
2025-09-16,248500.0,249890.0,247500.0,248776.0,112098689.0
2025-09-17,248500.0,249200.0,247050.0,248925.0,88181752.0
2025-09-20,265472.0,266600.0,261680.0,265758.0,168405321.0
2025-09-21,273804.0,273805.0,267506.0,267700.0,186727569.0
2025-09-22,268000.0,268000.0,262111.0,265301.0,137264651.0
2025-09-23,264985.0,274500.0,264985.0,273770.0,145866784.0
2025-09-24,287000.0,287000.0,280700.0,284002.0,184362275.0
2025-09-27,290000.0,295000.0,285976.0,291279.0,216607235.0
2025-09-28,289000.0,289011.0,276200.0,278000.0,213378073.0
2025-09-29,281200.0,290266.0,281200.0,289309.0,156356281.0
2025-09-30,293980.0,296500.0,288500.0,293757.0,168107720.0
2025-10-01,297000.0,304810.0,296800.0,299900.0,201366265.0
2025-10-04,297500.0,298455.0,293001.0,295950.0,173499663.0
2025-10-05,293000.0,297131.0,291988.0,293360.0,110735671.0
2025-10-06,295500.0,295999.0,289001.0,292304.0,122920950.0
2025-10-07,294010.0,300735.0,293800.0,300680.0,142655777.0
2025-10-08,311290.0,311999.0,308508.0,308859.0,156973368.0
2025-10-11,306126.0,307600.0,303221.0,303639.0,134045584.0
2025-10-12,297000.0,303110.0,293500.0,301903.0,160095856.0
2025-10-13,304100.0,304200.0,298514.0,300104.0,119474464.0
2025-10-14,298000.0,301682.0,296333.0,297894.0,91793238.0
2025-10-15,305000.0,306220.0,302000.0,302443.0,108559715.0
2025-10-18,298838.0,298888.0,297260.0,297676.0,109690598.0
2025-10-19,302200.0,304798.0,302200.0,303902.0,91321588.0
2025-10-20,299000.0,303500.0,299000.0,302598.0,69711734.0
2025-10-21,301800.0,303200.0,298000.0,298350.0,82562952.0
2025-10-22,295100.0,296200.0,292700.0,293226.0,95892084.0
2025-10-25,290020.0,297700.0,288500.0,296620.0,131409261.0
2025-10-26,300000.0,300790.0,296777.0,297614.0,87785813.0
2025-10-27,296300.0,296844.0,294318.0,294943.0,74070508.0
2025-10-28,288500.0,289268.0,285440.0,288219.0,110676618.0
2025-10-29,293516.0,293852.0,291500.0,292160.0,73252610.0
2025-11-01,294000.0,296000.0,292795.0,295510.0,69226158.0
2025-11-02,294990.0,295991.0,293731.0,294139.0,60922150.0
2025-11-03,294800.0,295497.0,293500.0,294789.0,55090181.0
2025-11-04,295499.0,297379.0,295300.0,295930.0,68499890.0
2025-11-05,296740.0,296740.0,294599.0,294998.0,44866411.0
2025-11-08,294849.0,295450.0,294295.0,294455.0,44680109.0
2025-11-09,295500.0,295750.0,293503.0,293999.0,55045944.0
2025-11-10,297997.0,297997.0,296011.0,297186.0,67173299.0
2025-11-11,305009.0,309890.0,304013.0,309009.0,157539403.0
2025-11-12,315000.0,319600.0,315000.0,315853.0,160529396.0
2025-11-15,316000.0,317901.0,312234.0,315399.0,109631798.0
2025-11-16,313490.0,313490.0,311100.0,312970.0,67441105.0
2025-11-17,314020.0,317000.0,314020.0,316629.0,59282436.0
2025-11-18,314700.0,316765.0,313500.0,316440.0,62364842.0
2025-11-19,318000.0,321200.0,316999.0,318750.0,91359617.0
2025-11-22,318000.0,318050.0,316000.0,316157.0,69338437.0
2025-11-23,318397.0,319029.0,317101.0,318501.0,49571944.0
2025-11-25,320000.0,320100.0,316960.0,319010.0,72001986.0
2025-11-26,321200.0,322810.0,321200.0,321287.0,69496068.0
2025-11-29,327000.0,334950.0,327000.0,334880.0,124272664.0
2025-11-30,342001.0,342002.0,334784.0,339991.0,147185073.0
2025-12-01,345000.0,349500.0,341569.0,348701.0,142898272.0
2025-12-02,341000.0,344270.0,336500.0,343502.0,135476014.0
2025-12-03,349498.0,349988.0,347005.0,348882.0,103473393.0
2025-12-06,353125.0,357000.0,351600.0,356760.0,107013944.0
2025-12-07,360002.0,361555.0,350450.0,355106.0,154577187.0
2025-12-08,360002.0,360555.0,353505.0,354598.0,137764719.0
2025-12-09,353999.0,353999.0,340500.0,342010.0,181393521.0
2025-12-10,339985.0,352750.0,337855.0,350140.0,155057247.0
2025-12-13,363327.0,363820.0,357750.0,360950.0,203655681.0
2025-12-14,356900.0,362000.0,356495.0,361655.0,106325001.0
2025-12-15,369700.0,371887.0,358200.0,358999.0,246162448.0
2025-12-16,351120.0,354999.0,350001.0,354420.0,123271298.0
2025-12-17,359900.0,363176.0,358000.0,362330.0,151535048.0
2025-12-20,366010.0,366500.0,358001.0,361418.0,174585618.0
2025-12-21,355700.0,362915.0,353535.0,362750.0,131182000.0
2025-12-22,367000.0,373000.0,366000.0,372010.0,141239948.0
2025-12-23,378400.0,389057.0,378400.0,387378.0,178257294.0
2025-12-24,391300.0,402944.0,391300.0,395997.0,213339943.0
2025-12-27,410555.0,415000.0,409952.0,414590.0,191847226.0
2025-12-28,425300.0,453623.0,402970.0,416100.0,423819491.0
2025-12-29,398000.0,408560.0,381202.0,381202.0,328635054.0
2025-12-30,389000.0,408500.0,382011.0,400603.0,287353282.0
2025-12-31,389800.0,397700.0,376110.0,382600.0,201358131.0
2026-01-04,395450.0,402000.0,389410.0,401710.0,157253893.0
2026-01-05,419000.0,428755.0,411999.0,427180.0,252959052.0
2026-01-06,450000.0,454523.0,435000.0,445995.0,359251632.0
2026-01-07,440000.0,443000.0,434000.0,439950.0,202322047.0
2026-01-10,416218.0,422582.0,395978.0,402300.0,227556076.0
2026-01-11,412000.0,427200.0,412000.0,426800.0,157328037.0
2026-01-12,432000.0,437520.0,425001.0,427461.0,172971727.0
2026-01-13,422500.0,429649.0,422001.0,426995.0,98469690.0
2026-01-14,429000.0,429988.0,424000.0,424963.0,107339353.0
2026-01-18,420080.0,421889.0,416025.0,419090.0,98777624.0
2026-01-19,426500.0,426790.0,420000.0,420103.0,85961825.0
2026-01-20,420500.0,423607.0,416010.0,421299.0,90382036.0
2026-01-21,431562.0,435210.0,427966.0,429997.0,130413489.0
2026-01-24,449310.0,449750.0,444400.0,445997.0,132163190.0
2026-01-25,445448.0,450800.0,441755.0,448950.0,114023694.0
2026-01-26,459100.0,472000.0,459100.0,471149.0,191248619.0
2026-01-27,492800.0,504500.0,486845.0,501320.0,242641299.0
2026-01-28,541000.0,546625.0,515000.0,525000.0,309079046.0
2026-01-31,489550.0,525002.0,489550.0,517005.0,289287526.0
2026-02-01,504300.0,516796.0,492377.0,498222.0,184112704.0
2026-02-02,477300.0,485650.0,455000.0,466820.0,276931996.0
2026-02-03,490000.0,493000.0,486227.0,490620.0,168497626.0
2026-02-07,484900.0,496170.0,478200.0,489650.0,139995133.0
2026-02-08,496000.0,514790.0,496000.0,514500.0,149663036.0
2026-02-09,533110.0,539805.0,520010.0,527740.0,180123990.0
2026-02-10,535000.0,536000.0,525560.0,530751.0,143428949.0
2026-02-14,522999.0,525500.0,516000.0,521896.0,109732648.0
2026-02-15,525900.0,532736.0,524001.0,531460.0,109215680.0
2026-02-16,525482.0,527830.0,520500.0,521300.0,84255025.0
2026-02-17,518500.0,534580.0,507000.0,519010.0,194111818.0
2026-02-18,530000.0,532000.0,523000.0,526490.0,97717206.0
2026-02-21,542000.0,543541.0,536198.0,536251.0,157071800.0
2026-02-22,534900.0,536249.0,530330.0,535050.0,95871234.0
2026-02-23,531500.0,531535.0,525400.0,526050.0,73901995.0
2026-02-24,529000.0,529498.0,520000.0,521198.0,76711470.0
2026-02-25,529000.0,529000.0,512001.0,514215.0,106110590.0
2026-03-15,467868.0,467868.0,467868.0,467868.0,11861019.0
2026-03-16,421265.0,443600.0,421250.0,438803.0,150112649.0
2026-03-17,440000.0,472763.0,440000.0,469400.0,91060716.0
2026-03-18,479500.0,497162.0,475500.0,489710.0,102099333.0
2026-03-25,470000.0,477000.0,463222.0,473000.0,54477265.0
2026-03-28,478000.0,482300.0,469001.0,469998.0,40305781.0
2026-03-29,467800.0,469998.0,454000.0,460000.0,45418703.0
2026-03-30,460900.0,465304.0,457024.0,458239.0,33348955.0
2026-03-31,462900.0,464800.0,460456.0,462950.0,28404337.0
2026-04-04,467700.0,494111.0,466498.0,489160.0,90054917.0
2026-04-05,485555.0,487000.0,478001.0,481859.0,52525752.0
2026-04-06,484000.0,486357.0,480205.0,485300.0,41092029.0
2026-04-07,494950.0,507210.0,492900.0,502885.0,77417737.0
2026-04-08,488500.0,499411.0,485000.0,493987.0,81759628.0
2026-04-11,482800.0,484329.0,475990.0,478580.0,61622913.0
2026-04-12,494252.0,496001.0,485897.0,487601.0,88593972.0
2026-04-13,496530.0,498765.0,493700.0,495770.0,90075140.0
2026-04-15,485561.0,487000.0,482800.0,483410.0,77298828.0
2026-04-18,469294.0,476250.0,466200.0,476102.0,107380204.0
2026-04-19,480000.0,482000.0,470000.0,471100.0,76028559.0
2026-04-20,469900.0,473000.0,467000.0,469380.0,41005665.0
2026-04-21,468900.0,468900.0,465458.0,465780.0,34785590.0
2026-04-22,473596.0,477894.0,471005.0,475485.0,54658898.0
2026-04-25,476001.0,477517.0,473100.0,474205.0,43650272.0
2026-04-26,477433.0,480001.0,476500.0,478630.0,59078195.0
2026-04-27,483501.0,505990.0,483501.0,504970.0,144358980.0
2026-04-28,530000.0,537982.0,522000.0,537365.0,208349419.0
2026-04-29,583400.0,583400.0,554000.0,560300.0,284018292.0
2026-05-02,582880.0,593000.0,581000.0,589480.0,216910623.0
2026-05-03,610000.0,610000.0,590000.0,598499.0,166901476.0
2026-05-04,593900.0,593900.0,575091.0,578940.0,175028491.0
2026-05-05,564000.0,568400.0,552500.0,556910.0,155262330.0
2026-05-06,567999.0,572500.0,535800.0,547770.0,186142185.0
2026-05-09,559880.0,562500.0,556000.0,561000.0,110216639.0
2026-05-10,558000.0,559900.0,553487.0,556998.0,91408049.0
2026-05-11,574900.0,579239.0,571000.0,578406.0,148577441.0
2026-05-12,578001.0,578050.0,567500.0,567998.0,100349913.0
2026-05-13,561202.0,561888.0,556900.0,560980.0,90504996.0
2026-05-16,550000.0,553899.0,546420.0,548300.0,82666051.0
2026-05-17,548000.0,549600.0,541524.0,543077.0,96101160.0
2026-05-18,535733.0,537801.0,521501.0,528499.0,101689105.0
2026-05-19,528999.0,530500.0,522000.0,522043.0,77558409.0
2026-05-20,525500.0,539257.0,525350.0,535795.0,98890947.0
2026-05-23,525000.0,525000.0,512710.0,517901.0,96705159.0
2026-05-24,492490.0,502250.0,490000.0,501290.0,140818709.0
2026-05-25,518003.0,519444.0,496000.0,499700.0,110295269.0
2026-05-26,501000.0,501000.0,496500.0,497845.0,56468401.0
2026-05-30,492001.0,494500.0,486699.0,492223.0,72539928.0
2026-05-31,491775.0,495766.0,490567.0,495720.0,50042301.0
2026-06-01,505513.0,519150.0,502350.0,518097.0,87193757.0
2026-06-02,516222.0,517888.0,508000.0,508029.0,93072581.0
2026-06-03,508200.0,514300.0,506700.0,512300.0,59559853.0
2026-06-06,500280.0,501098.0,497006.0,499004.0,59101515.0
2026-06-07,506000.0,513954.0,505111.0,512999.0,78686889.0
2026-06-08,509000.0,510000.0,497002.0,505200.0,72772404.0
2026-06-09,504400.0,505199.0,499989.0,499991.0,53061550.0
2026-06-10,494000.0,497850.0,491901.0,496100.0,52178330.0
2026-06-13,480000.0,482999.0,464000.0,467250.0,124168039.0
2026-06-14,463000.0,480001.0,458514.0,478102.0,110341351.0
2026-06-15,454000.0,466854.0,451000.0,458555.0,109471654.0
2026-06-16,452000.0,454800.0,435980.0,436508.0,114816884.0
2026-06-17,450000.0,460000.0,449730.0,452010.0,95492581.0
2026-06-20,464900.0,466990.0,453000.0,459000.0,75906138.0
2026-06-21,450000.0,450000.0,444655.0,445850.0,49823112.0
2026-06-22,448000.0,449500.0,440105.0,442285.0,41375660.0
2026-06-23,439901.0,445650.0,439621.0,443198.0,44699115.0
2026-06-27,453947.0,454000.0,447700.0,448050.0,47301221.0
2026-06-28,463500.0,475005.0,462500.0,475000.0,114990120.0
2026-06-29,463601.0,465500.0,455500.0,456300.0,105392954.0
2026-06-30,458000.0,468010.0,457459.0,463736.0,55866434.0
2026-07-01,474990.0,475850.0,471235.0,473450.0,68107611.0
2026-07-07,486000.0,489690.0,480025.0,488600.0,62660743.0
2026-07-08,500000.0,502000.0,494000.0,496950.0,87682544.0
2026-07-11,485010.0,489249.0,485005.0,487800.0,60798355.0
2026-07-12,493000.0,496300.0,491250.0,491600.0,49232250.0
2026-07-13,490000.0,490002.0,486991.0,489430.0,27105172.0
2026-07-14,496000.0,502360.0,496000.0,501990.0,72189057.0
2026-07-15,516664.0,521851.0,516664.0,518900.0,100636440.0
2026-07-18,539000.0,539000.0,528499.0,534981.0,106942046.0
2026-07-19,524990.0,527000.0,517070.0,518998.0,77985375.0
2026-07-20,504801.0,509000.0,501000.0,501920.0,86636603.0
2026-07-21,506960.0,513622.0,505881.0,512955.0,75549316.0
2026-07-22,525000.0,525000.0,516899.0,520550.0,63748046.0
2026-07-25,505000.0,509400.0,504150.0,508160.0,63286926.0
2026-07-26,498000.0,504888.0,496248.0,502899.0,68595263.0
2026-07-27,509000.0,511070.0,507980.0,510071.0,57803675.0
2026-07-28,511905.0,513490.0,504986.0,505201.0,53686416.0
2026-07-29,515000.0,516000.0,513000.0,513996.0,61359257.0
2026-08-01,518999.0,521560.0,515974.0,516700.0,59559062.0
2026-08-02,501999.0,509999.0,500010.0,509470.0,63638090.0
2026-08-03,510010.0,511000.0,507383.0,508199.0,47969403.0
2026-08-05,508139.0,508142.0,501998.0,502700.0,61499621.0
2026-08-08,516001.0,516001.0,511751.0,511901.0,81534066.0
2026-08-09,513000.0,514010.0,502931.0,512000.0,54138487.0
2026-08-10,512000.0,512000.0,507678.0,507999.0,45376600.0
2026-08-11,513750.0,519949.0,513334.0,518201.0,77801050.0
2026-08-15,522700.0,529018.0,522700.0,527315.0,69910607.0
2026-08-16,523000.0,527000.0,521211.0,525149.0,57334373.0
2026-08-17,525555.0,530050.0,525200.0,529999.0,58172353.0
2026-08-18,533995.0,539995.0,532799.0,539889.0,65370854.0
2026-08-19,548195.0,560148.0,547100.0,558725.0,114215301.0
2026-08-22,581036.0,598399.0,578819.0,593900.0,173571672.0
2026-08-23,612001.0,621899.0,604449.0,606800.0,217294514.0
2026-08-24,621000.0,626161.0,604777.0,607488.0,200515639.0
2026-08-25,610000.0,610000.0,578900.0,586223.0,220279986.0
2026-08-26,574250.0,599999.0,574250.0,596950.0,155234516.0
2026-08-29,598900.0,613000.0,597000.0,612410.0,146836008.0
2026-08-31,616990.0,636153.0,615000.0,634001.0,153927041.0
2026-09-01,629999.0,632950.0,616000.0,623350.0,167677850.0
2026-09-02,636363.0,644807.0,630004.0,636540.0,174620113.0
2026-09-05,655270.0,657499.0,650017.0,655100.0,153738794.0
2026-09-06,646900.0,647000.0,635111.0,638991.0,190414200.0
2026-09-07,629670.0,642530.0,629500.0,640500.0,196116678.0
2026-09-08,647000.0,651765.0,644102.0,647795.0,124918074.0
2026-09-09,660000.0,670001.0,658500.0,660184.0,177006527.0
2026-09-12,651968.0,661998.0,650486.0,652999.0,128104226.0
2026-09-13,640095.0,644220.0,638000.0,638683.0,117263028.0
2026-09-14,647900.0,647900.0,635500.0,635900.0,87781099.0
2026-09-15,630000.0,632995.0,627000.0,627346.0,73659690.0
2026-09-16,634996.0,638000.0,632200.0,635002.0,55654990.0
2026-09-19,645950.0,658109.0,645000.0,658081.0,109852895.0
2026-09-20,666400.0,674000.0,654948.0,658811.0,133739253.0
2026-09-21,654992.0,659555.0,652001.0,654000.0,88356688.0
2026-09-22,663000.0,666183.0,655554.0,659997.0,95588721.0
2026-09-23,650000.0,657807.0,648005.0,656470.0,60961071.0
