<DTYYYYMMDD>,<TIME>,<OPEN>,<HIGH>,<LOW>,<CLOSE>,<VOL>
20250514,203000,3188.62,3190.655,3180.985,3181.99,18915
20250514,213000,3182.07,3183.135,3171.78,3172.035,15996
20250514,223000,3172.065,3181.605,3168.065,3180.625,16937
20250514,233000,3180.635,3183.365,3176.985,3177.585,6045
20250515,013000,3181.06,3183.99,3180.205,3182.775,4528
20250515,023000,3182.74,3187.455,3181.255,3186.165,5903
20250515,033000,3186.155,3188.015,3180.3,3187.845,13762
20250515,043000,3187.825,3192.83,3171.335,3172.46,26165
20250515,053000,3172.455,3175.65,3150.185,3154.285,29732
20250515,063000,3154.3,3157.175,3148.395,3150.665,15646
20250515,073000,3150.67,3152.675,3135.545,3138.605,15310
20250515,083000,3138.64,3143.15,3123.425,3129.06,22248
20250515,093000,3129.06,3154.04,3120.765,3150,38941
20250515,103000,3149.925,3152.175,3130.715,3142.35,31718
20250515,113000,3142.315,3164.325,3139.17,3162.6,24777
20250515,123000,3162.605,3171.725,3159.35,3165.37,22439
20250515,133000,3165.39,3179.195,3164.225,3178.41,18549
20250515,143000,3178.425,3180.25,3172.55,3179.25,19775
20250515,153000,3179.21,3189.98,3177.555,3188.865,37285
20250515,163000,3188.87,3199.96,3185.2,3192.21,57577
20250515,173000,3192.245,3207.215,3190.52,3205.54,49324
20250515,183000,3205.52,3220.17,3204.715,3219.825,29432
20250515,193000,3219.905,3222.815,3215.955,3222.61,16673
20250515,203000,3222.595,3229.25,3216.535,3221.21,18529
20250515,213000,3221.375,3226.045,3219.9,3223.305,11173
20250515,223000,3223.33,3232.85,3222.395,3231.99,12299
20250515,233000,3231.96,3240.725,3231.07,3239.97,7874
20250516,013000,3241.785,3252.255,3241.61,3251.155,10266
20250516,023000,3251.345,3251.365,3236.565,3237.28,14040
20250516,033000,3237.255,3244.095,3232.085,3243.175,20018
20250516,043000,3243.265,3244.675,3215.035,3222.175,31314
20250516,053000,3222.165,3227.62,3212.795,3215.525,21945
20250516,063000,3215.365,3217.46,3206.6,3211.93,22333
20250516,073000,3211.845,3222.62,3211.8,3219.575,13522
20250516,083000,3219.665,3222.43,3212.08,3218.695,15804
20250516,093000,3218.67,3231.335,3212.87,3215.005,22896
20250516,103000,3214.975,3218.115,3205.295,3207.62,22817
20250516,113000,3207.52,3209.375,3195.53,3207.525,20299
20250516,123000,3207.475,3213.015,3203.86,3209.275,16620
20250516,133000,3209.295,3211.105,3168.975,3176.17,28737
20250516,143000,3176.175,3179.415,3154.3,3163.38,33889
20250516,153000,3163.375,3182.2,3154.82,3177.435,35690
20250516,163000,3177.44,3186.795,3169.5,3180.73,45272
20250516,173000,3180.58,3188.61,3165.9,3173.335,43503
20250516,183000,3173.325,3185.175,3172.815,3183.585,25936
20250516,193000,3183.625,3189.9,3180.595,3189.405,21031
20250516,203000,3189.435,3192.35,3183.47,3189.495,17352
20250516,213000,3189.51,3191.25,3184.88,3187.61,13101
20250516,223000,3187.605,3195.9,3187.54,3192.63,13605
20250516,233000,3192.555,3205.885,3192.245,3204.45,9684
20250519,013000,3215.99,3240.875,3212.075,3239.29,17196
20250519,023000,3239.225,3245.345,3226.745,3235.025,17036
20250519,033000,3235.025,3249.85,3233.54,3246.52,28025
20250519,043000,3246.405,3246.95,3214.695,3218.595,40202
20250519,053000,3218.5,3230.15,3217.03,3228.615,21761
20250519,063000,3228.62,3230.605,3208.14,3212.265,18501
20250519,073000,3212.255,3218.28,3206.725,3215.97,10453
20250519,083000,3216.22,3224.435,3215.005,3224.16,14975
20250519,093000,3224.135,3231.76,3220.36,3224.29,28359
20250519,103000,3224.285,3234.585,3224.085,3232.395,26327
20250519,113000,3232.405,3245.015,3230.09,3244.565,20632
20250519,123000,3244.695,3247.725,3233.61,3242.115,21045
20250519,133000,3242.03,3245.435,3234.275,3241.76,16202
20250519,143000,3241.78,3248.59,3239.16,3243.835,14727
20250519,153000,3243.81,3244.54,3228.905,3229.5,28513
20250519,163000,3229.625,3241.75,3224.675,3230.08,44594
20250519,173000,3230.02,3236.225,3217.29,3233.98,39412
20250519,183000,3233.985,3239.915,3229.665,3231.71,24072
20250519,193000,3231.765,3234.38,3228.205,3231.92,16844
20250519,203000,3231.88,3233.32,3225.595,3226.465,16586
20250519,213000,3226.475,3235.27,3225.32,3233.625,12719
20250519,223000,3233.67,3235.97,3231.62,3233.12,8961
20250519,233000,3233.155,3233.85,3228.1,3230.4,4467
20250520,013000,3228.025,3230.59,3224.71,3226.95,3537
20250520,023000,3226.97,3227.53,3219.02,3222.665,8180
20250520,033000,3222.745,3224.3,3214.13,3222.83,15697
20250520,043000,3222.71,3232.85,3220.59,3221.175,25896
20250520,053000,3221.2,3223.16,3206.455,3206.785,22924
20250520,063000,3206.795,3214.245,3204.67,3211.45,15947
20250520,073000,3211.415,3218.135,3211.35,3217.395,10520
20250520,083000,3217.325,3219.885,3209.94,3213.88,16450
20250520,093000,3213.9,3219.235,3208.59,3209.885,20307
20250520,103000,3209.745,3225.455,3207.98,3222.98,19883
20250520,113000,3222.87,3236.18,3218.38,3236.04,18869
20250520,123000,3236.035,3239.465,3230.49,3236.445,22815
20250520,133000,3236.45,3238.45,3232.015,3235.38,14079
20250520,143000,3235.405,3241.74,3235.265,3241.32,13222
20250520,153000,3241.255,3251.05,3234.53,3242.855,28344
20250520,163000,3242.83,3262.025,3232.995,3261.36,44752
20250520,173000,3261.425,3285.93,3260.805,3282.675,64675
20250520,183000,3282.73,3283.675,3273.445,3277.355,31299
20250520,193000,3277.37,3282.675,3275.31,3278.885,16594
20250520,203000,3278.98,3287.97,3278.345,3286.63,15575
20250520,213000,3286.625,3289.78,3284.17,3287.775,16180
20250520,223000,3287.765,3295.285,3287.295,3294.1,14661
20250520,233000,3294.125,3295.79,3289.19,3289.845,6814
20250521,013000,3292.7,3304.115,3292.665,3296.79,12984
20250521,023000,3296.785,3296.96,3288.675,3290.635,9964
20250521,033000,3290.63,3304.315,3288.935,3303.575,16398
20250521,043000,3303.485,3314.82,3285.34,3294.755,39006
20250521,053000,3294.74,3305.375,3289.4,3301.85,25843
20250521,063000,3301.875,3309.825,3299.25,3307.56,15763
20250521,073000,3307.51,3308.3,3301.23,3302.17,11434
20250521,083000,3302.155,3319.845,3298.51,3316.365,21641
20250521,093000,3316.415,3320.845,3310.765,3320.15,26055
20250521,103000,3320.045,3320.165,3307.85,3309.915,22651
20250521,113000,3309.92,3312.395,3303.975,3308.495,17806
20250521,123000,3308.51,3313.625,3307.15,3313.595,15270
20250521,133000,3313.6,3318.395,3308.655,3311.82,19290
20250521,143000,3311.865,3316.475,3306.605,3311.32,18146
20250521,153000,3311.325,3312.78,3290.725,3302.79,41970
20250521,163000,3302.825,3309.68,3295.44,3303.7,47470
20250521,173000,3303.695,3307.835,3295.355,3304.485,43555
20250521,183000,3304.495,3315.315,3303.705,3311.99,29229
20250521,193000,3312.015,3314.77,3302.795,3303.205,21147
20250521,203000,3303.195,3316.48,3302.95,3316.47,28791
20250521,213000,3316.48,3316.52,3312.01,3314.445,18556
20250521,223000,3314.45,3324.935,3314.44,3318.44,25258
20250521,233000,3318.525,3319.95,3313.155,3315.245,7756
20250522,013000,3319.9,3321.185,3315.58,3318.125,8049
20250522,023000,3318.185,3324.275,3317.31,3320.12,8804
20250522,033000,3320.12,3326.355,3319.605,3323.84,17256
20250522,043000,3323.845,3343.06,3320.475,3338.24,36035
20250522,053000,3338.21,3344.905,3336.61,3341.25,22507
20250522,063000,3341.27,3345.47,3334.975,3335.495,17373
20250522,073000,3335.415,3339.29,3332.835,3338.61,10821
20250522,083000,3338.605,3339.55,3326.425,3332.335,15989
20250522,093000,3332.355,3335.865,3325.51,3326.49,23420
20250522,103000,3326.525,3331.39,3322.625,3327.675,25298
20250522,113000,3327.655,3330.015,3310.245,3311.355,32134
20250522,123000,3311.245,3314.02,3304.11,3304.815,26669
20250522,133000,3304.725,3307.655,3288.58,3289.715,30816
20250522,143000,3289.655,3314.78,3283.075,3314.38,40254
20250522,153000,3314.29,3314.635,3300.95,3304.225,45759
20250522,163000,3304.29,3315.91,3286.925,3287.77,61925
20250522,173000,3287.73,3304.69,3279.235,3297.08,56018
20250522,183000,3297.095,3298.865,3281.41,3294.995,39903
20250522,193000,3295,3304.945,3291.1,3301.665,25039
20250522,203000,3301.6,3301.88,3290.19,3296.535,19805
20250522,213000,3296.62,3298.935,3292.38,3293.865,14709
20250522,223000,3293.955,3297.22,3289.11,3290.315,14774
20250522,233000,3290.35,3295.805,3289.595,3295.01,6902
20250523,013000,3297.82,3299.465,3295.275,3297.85,4064
20250523,023000,3297.855,3302.14,3297.48,3300.21,5233
20250523,033000,3300.22,3309.01,3287.075,3300.89,27739
20250523,043000,3300.975,3306.495,3295.94,3305.315,30494
20250523,053000,3305.335,3305.495,3291,3296.925,19388
20250523,063000,3296.815,3303.49,3296.555,3302.185,12442
20250523,073000,3302.215,3316.4,3302.1,3313.72,14393
20250523,083000,3313.745,3325.75,3312.595,3323.975,22016
20250523,093000,3323.895,3332.04,3323.12,3331.255,27476
20250523,103000,3331.25,3334.465,3326.715,3329.375,19995
20250523,113000,3329.3,3329.52,3322.66,3326.47,17325
20250523,123000,3326.595,3334.07,3324.975,3328.775,19281
20250523,133000,3328.815,3332.05,3323.475,3328.675,17083
20250523,143000,3328.595,3349.875,3324.545,3348.255,48771
20250523,153000,3348.285,3360.555,3344.825,3357,62822
20250523,163000,3357.16,3364.82,3337.29,3340.205,67200
20250523,173000,3340.035,3359.735,3336.635,3359.36,50994
20250523,183000,3359.39,3362.465,3352.2,3361.695,31462
20250523,193000,3361.735,3364.585,3357.31,3359.13,20909
20250523,203000,3359.065,3366.015,3356.415,3362.735,17241
20250523,213000,3362.725,3365.945,3361.13,3362.06,16637
20250523,223000,3362.045,3365.805,3358.31,3360.795,15246
20250523,233000,3360.76,3361.84,3356.24,3358.125,5967
20250526,013000,3351.4,3352.5,3341.31,3344.35,13202
20250526,023000,3344.435,3350.725,3341.36,3342.73,8580
20250526,033000,3342.725,3346.28,3331.445,3342.19,19552
20250526,043000,3342.175,3347.685,3335.615,3345.01,27640
20250526,053000,3344.975,3356.995,3343.315,3348.135,21730
20250526,063000,3348.145,3350.09,3344.375,3347.65,13956
20250526,073000,3347.675,3351.16,3346.315,3349.965,8995
20250526,083000,3350.05,3351.98,3344.465,3347.455,13845
20250526,093000,3347.435,3347.65,3337.135,3337.425,17967
20250526,103000,3337.31,3338.91,3332.24,3337.505,17919
20250526,113000,3337.5,3339.755,3331.12,3334.755,16937
20250526,123000,3334.765,3336.3,3323.5,3328.6,18933
20250526,133000,3328.7,3333.69,3328.7,3331.625,7217
20250526,143000,3331.67,3334.695,3329.22,3333.135,6144
20250526,153000,3333.14,3335.095,3326.405,3334.4,11572
20250526,163000,3334.51,3339.04,3331.35,3338.4,16278
20250526,173000,3338.405,3341.695,3335.58,3337.35,17425
20250526,183000,3337.355,3339.82,3336.885,3338.075,7344
20250526,193000,3338.145,3343.72,3337.59,3342.265,5428
20250526,203000,3342.3,3343.25,3340.57,3341.275,4964
20250526,213000,3341.27,3343.265,3341.015,3342.475,2732
20250527,013000,3346.38,3348.945,3342.85,3347.775,4823
20250527,023000,3347.71,3348.635,3344.585,3346.2,5167
20250527,033000,3346.205,3350.095,3342.51,3345.175,11654
20250527,043000,3345.195,3347.425,3331.87,3336.05,21596
20250527,053000,3336.07,3344.475,3335.15,3342.95,13465
20250527,063000,3342.95,3347.365,3340.915,3341.185,10541
20250527,073000,3341.215,3341.59,3330.775,3331,10229
20250527,083000,3331.01,3332.805,3316.1,3323.52,26954
20250527,093000,3323.525,3328.485,3305.14,3308.615,34102
20250527,103000,3308.61,3312.715,3292.655,3296.315,30619
20250527,113000,3296.3,3310.53,3296.15,3298.6,25432
20250527,123000,3298.585,3309.96,3294.715,3296.22,24097
20250527,133000,3296.255,3299.68,3290.42,3293.33,20467
20250527,143000,3293.325,3298.305,3287.785,3288.44,20410
20250527,153000,3288.455,3297.965,3288.145,3293.88,28464
20250527,163000,3293.855,3305.035,3292.34,3295.345,39990
20250527,173000,3295.21,3303.395,3285.25,3299.91,41220
20250527,183000,3299.825,3303.15,3289.705,3293.66,24237
20250527,193000,3293.68,3298.86,3293.12,3297.915,12905
20250527,203000,3297.93,3304.425,3296.885,3301.345,12985
20250527,213000,3301.395,3304.01,3299.165,3303.125,8919
20250527,223000,3303.11,3308.005,3303.06,3304.45,11023
20250527,233000,3304.47,3305.23,3299.75,3300.75,4147
20250528,013000,3304.215,3305.86,3302.63,3303.275,5044
20250528,023000,3303.45,3311.025,3297.298,3309.56,8931
20250528,033000,3309.53,3315.885,3308.25,3308.605,9479
20250528,043000,3308.56,3310.96,3298.52,3301.88,18327
20250528,053000,3301.875,3313.99,3300.305,3302.57,19523
20250528,063000,3302.56,3304.155,3291.705,3297.91,17981
20250528,073000,3297.895,3299.23,3294.48,3296.47,9015
20250528,083000,3296.395,3310.405,3296.04,3307.275,15763
20250528,093000,3307.35,3308.79,3298.445,3308.4,19092
20250528,103000,3308.375,3322.5,3307.19,3319.275,24105
20250528,113000,3319.305,3323.895,3315.205,3321.705,20473
20250528,123000,3321.71,3325.695,3320.145,3324.2,9527
20250528,133000,3324.225,3324.755,3311.925,3313.41,12328
20250528,143000,3313.395,3315.27,3307.52,3311.26,15750
20250528,153000,3311.27,3314.685,3305.45,3312.415,21916
20250528,163000,3312.47,3316.505,3297.345,3305.315,44156
20250528,173000,3305.23,3309.17,3300.5,3302.71,32065
20250528,183000,3302.72,3302.87,3292.65,3296.12,26965
20250528,193000,3296.145,3299.235,3288.71,3293.54,17501
20250528,203000,3293.545,3299.16,3291.41,3296.855,13993
20250528,213000,3296.9,3303.075,3296.56,3302.275,17315
20250528,223000,3302.28,3303.14,3293.895,3297.065,20468
20250528,233000,3297.055,3297.445,3276.355,3288.725,7493
20250529,013000,3289.59,3295.24,3282.08,3286.58,9335
20250529,023000,3286.735,3287.915,3250.145,3259.975,34321
20250529,033000,3259.93,3269.28,3253.875,3265.05,37330
20250529,043000,3265.055,3265.91,3245.56,3263.675,42223
20250529,053000,3263.68,3275.555,3261.07,3270.195,25214
20250529,063000,3270.2,3280.22,3268.16,3274.6,20955
20250529,073000,3274.59,3275.505,3269.14,3269.16,12857
20250529,083000,3269.19,3272.805,3266.08,3272.625,16190
20250529,093000,3272.605,3276.51,3268.095,3271.775,18273
20250529,103000,3271.88,3287.49,3271.825,3286.485,19068
20250529,113000,3286.505,3289.43,3278.3,3281.785,15774
20250529,123000,3281.705,3283.27,3276.33,3282.2,11811
20250529,133000,3282.19,3300.95,3281.94,3296.755,18193
20250529,143000,3296.75,3305.57,3295.5,3299.825,19551
20250529,153000,3299.99,3317.605,3298.67,3316.525,38900
20250529,163000,3316.53,3322.2,3310.34,3312.615,48041
20250529,173000,3312.735,3319.565,3304.76,3310.365,37271
20250529,183000,3310.36,3322.095,3309.86,3321.795,23222
20250529,193000,3321.755,3331.47,3319.81,3322.285,24954
20250529,203000,3322.25,3324.565,3318.16,3324.33,19959
20250529,213000,3324.325,3325.95,3317.68,3321.36,17158
20250529,223000,3321.305,3321.565,3315.59,3316.65,15856
20250529,233000,3316.625,3318.48,3315.28,3317.615,3260
20250530,013000,3317.9,3318.04,3313.75,3314.44,5257
20250530,023000,3314.465,3317.385,3312.945,3315.575,6577
20250530,033000,3315.565,3318.95,3309.65,3312.565,13576
20250530,043000,3312.63,3322.925,3308.16,3310.025,23291
20250530,053000,3309.99,3312.265,3294.935,3297.445,23726
20250530,063000,3297.435,3302.445,3291.3,3294.535,14613
20250530,073000,3294.325,3296.67,3291.62,3296.325,8767
20250530,083000,3296.245,3305.165,3290.195,3303.85,14368
20250530,093000,3303.825,3304.365,3290.47,3301.865,20668
20250530,103000,3301.855,3301.855,3287.435,3295.09,18875
20250530,113000,3295.04,3299.305,3291.65,3295.855,15769
20250530,123000,3295.795,3299.355,3292.595,3295.635,11906
20250530,133000,3295.6,3300.675,3292.61,3295.375,9013
20250530,143000,3295.295,3297.38,3288.535,3294.04,13597
20250530,153000,3294.13,3306.925,3282.84,3304.075,45780
20250530,163000,3303.98,3308.38,3275.28,3276.775,43897
20250530,173000,3276.91,3287.405,3271.46,3282.8,46263
20250530,183000,3282.865,3292.85,3276.1,3288.705,33028
20250530,193000,3288.715,3295.88,3284.005,3293.365,22971
20250530,203000,3293.395,3294.87,3289.81,3291.03,15566
20250530,213000,3291.035,3295.16,3291.035,3293.925,14442
20250530,223000,3293.925,3295.235,3291.68,3295,11657
20250530,233000,3294.875,3295.915,3288.795,3289.7,4432
20250602,013000,3303.415,3315.135,3299.955,3313.11,9675
20250602,023000,3313.08,3316.745,3309.425,3310.22,6539
20250602,033000,3310.215,3315.065,3303.315,3311.455,17287
20250602,043000,3311.49,3313.93,3301.415,3303.66,19852
20250602,053000,3303.64,3311.63,3303.425,3307.38,13237
20250602,063000,3307.355,3309.04,3303.475,3308.8,11120
20250602,073000,3308.845,3318.295,3308.845,3313.96,11478
20250602,083000,3313.95,3325.82,3313.95,3323.775,12765
20250602,093000,3323.845,3345.545,3323.77,3344.515,22337
20250602,103000,3344.525,3359.1,3343.15,3352.595,29028
20250602,113000,3352.615,3356.485,3350.105,3352.105,16466
20250602,123000,3352.11,3352.56,3344.495,3348.4,16081
20250602,133000,3348.41,3351.545,3344.555,3348.7,17085
20250602,143000,3348.755,3360.255,3346.09,3356.39,24921
20250602,153000,3356.36,3363.63,3354.105,3355.49,30181
20250602,163000,3355.495,3376.275,3350.385,3371.035,48632
20250602,173000,3371.775,3379.065,3367.645,3376.06,47659
20250602,183000,3376.005,3378.83,3369.805,3374.27,27488
20250602,193000,3374.295,3379.435,3369.395,3371.81,21962
20250602,203000,3371.815,3376.04,3371.33,3374.455,17952
20250602,213000,3374.455,3380.195,3370.875,3379.295,14592
20250602,223000,3379.32,3382.5,3377.94,3381.595,20404
20250602,233000,3381.59,3382.96,3378.49,3381.87,5599
20250603,013000,3384.61,3391.47,3383.095,3389.97,8315
20250603,023000,3390.15,3392.305,3383.22,3387.55,8536
20250603,033000,3387.495,3388.8,3373.865,3375.84,18805
20250603,043000,3375.845,3376.19,3363.24,3372.8,35667
20250603,053000,3372.7,3378.07,3364.48,3368.84,23186
20250603,063000,3368.835,3369.675,3359.755,3361.18,17044
20250603,073000,3361.175,3365.215,3359.325,3362.8,11499
20250603,083000,3362.835,3367.925,3356.355,3365,16623
20250603,093000,3365.12,3367.425,3351.11,3358.92,23401
20250603,103000,3358.93,3361.385,3352.585,3359.7,21850
20250603,113000,3359.685,3364.92,3359.685,3361.215,17286
20250603,123000,3361.195,3362.805,3355.085,3356.95,13654
20250603,133000,3356.975,3358.72,3355.055,3355.62,14029
20250603,143000,3355.63,3360.545,3353.43,3359.35,12512
20250603,153000,3359.385,3363.23,3349.065,3359.41,28247
20250603,163000,3359.415,3363.25,3341.04,3346.015,39420
20250603,173000,3346.375,3350.265,3333.17,3346.56,43307
20250603,183000,3346.55,3351.625,3344.17,3350.425,23448
20250603,193000,3350.45,3353.63,3344.65,3348.495,17915
20250603,203000,3348.52,3354.62,3347.36,3353.275,14057
20250603,213000,3353.27,3353.915,3350.555,3353.64,10476
20250603,223000,3353.66,3355.55,3351.325,3352.68,9426
20250603,233000,3352.65,3355.36,3352.545,3353.385,2802
20250604,013000,3356.735,3358.64,3355.795,3357.18,3076
20250604,023000,3357.285,3361.71,3355.325,3360.06,5675
20250604,033000,3360.065,3360.19,3349.87,3350.215,18462
20250604,043000,3350.21,3372.475,3346.53,3370.925,26439
20250604,053000,3370.895,3372.715,3362.88,3365.515,14613
20250604,063000,3365.63,3367.54,3358.405,3359.27,10705
20250604,073000,3359.275,3361.555,3352.485,3354.955,13395
20250604,083000,3354.95,3356.57,3348.11,3351.08,18154
20250604,093000,3351.175,3358.505,3349.12,3355.77,19769
20250604,103000,3355.86,3365.32,3353.62,3354.725,16403
20250604,113000,3354.66,3364.295,3351.765,3362.825,16393
20250604,123000,3362.885,3365.025,3359.42,3363.025,13451
20250604,133000,3362.915,3364.045,3347.39,3350.995,19020
20250604,143000,3350.965,3352.095,3343.815,3346.66,17856
20250604,153000,3346.655,3361.005,3344.425,3358.99,38198
20250604,163000,3358.985,3362.875,3350.92,3352.74,34944
20250604,173000,3352.67,3384.76,3351.07,3377.495,46821
20250604,183000,3377.44,3379.075,3369.79,3371.855,28922
20250604,193000,3371.88,3376.38,3370.905,3375.115,16146
20250604,203000,3375.035,3380.945,3373.065,3379.25,15898
20250604,213000,3379.3,3382.22,3375.065,3376.25,11721
20250604,223000,3376.245,3376.34,3372.01,3373.6,11082
20250604,233000,3373.55,3375.125,3370.675,3372.45,4808
20250605,013000,3374.615,3376.125,3372.47,3373.655,3269
20250605,023000,3373.67,3379.125,3372.55,3378.2,5387
20250605,033000,3378.21,3381.9,3372.37,3380.335,15615
20250605,043000,3380.285,3384.285,3370.7,3373.875,22301
20250605,053000,3373.885,3375.315,3368.275,3370.93,14307
20250605,063000,3370.92,3377.485,3369.405,3369.785,12225
20250605,073000,3369.775,3372.565,3363.97,3368.56,14219
20250605,083000,3368.565,3369.835,3361.22,3364.425,15767
20250605,093000,3364.435,3370.135,3363.89,3366.035,16142
20250605,103000,3366.05,3374.49,3365.33,3371.335,15677
20250605,113000,3371.38,3377.05,3369.785,3375.29,13403
20250605,123000,3375.295,3391.44,3374.11,3389.54,31913
20250605,133000,3389.535,3400.575,3388.255,3400.025,24084
20250605,143000,3400.05,3403.625,3391.655,3392.275,27598
20250605,153000,3392.415,3400.215,3377.71,3383.15,45102
20250605,163000,3383.155,3388.6,3371.26,3378.235,70325
20250605,173000,3378.22,3383.365,3363.895,3367.68,65233
20250605,183000,3367.72,3373.06,3339.35,3344.825,54885
20250605,193000,3344.83,3356.555,3339.885,3354.165,36337
20250605,203000,3354.16,3354.86,3349.01,3354.03,19611
20250605,213000,3354.01,3356.2,3350.505,3353.615,15456
20250605,223000,3353.625,3361.44,3352.84,3356.77,23134
20250605,233000,3356.755,3357.78,3352.07,3352.73,4573
20250606,013000,3356.29,3363.595,3354.315,3359.14,9771
20250606,023000,3359.115,3362.715,3357.36,3361.95,5749
20250606,033000,3361.905,3364.155,3357.45,3359.495,14074
20250606,043000,3359.51,3368.65,3356.13,3363.915,25912
20250606,053000,3363.98,3366.645,3362.145,3364.015,17024
20250606,063000,3364.055,3371.97,3359.465,3369.775,13346
20250606,073000,3369.795,3374.665,3369.12,3373.77,11911
20250606,083000,3373.7,3375.705,3362.275,3366.085,18757
20250606,093000,3366.1,3367.08,3356.105,3360.8,26580
20250606,103000,3360.795,3362.385,3352.785,3359.56,22060
20250606,113000,3359.695,3367.77,3358.48,3365.325,14318
20250606,123000,3365.415,3365.455,3352.9,3356.845,14886
20250606,133000,3356.85,3361,3355.875,3360.635,13026
20250606,143000,3360.67,3364.445,3358.22,3358.4,14854
20250606,153000,3358.495,3364.33,3343.56,3353.295,56695
20250606,163000,3353.295,3361.125,3342.435,3343.365,69507
20250606,173000,3343.385,3345.21,3316.42,3326.28,67558
20250606,183000,3326.25,3336.88,3323.36,3332.25,37529
20250606,193000,3332.255,3332.825,3320.94,3322.805,20933
20250606,203000,3322.825,3326.885,3321.385,3323.69,16164
20250606,213000,3323.775,3324.11,3313.77,3317.575,15877
20250606,223000,3317.58,3319.05,3311.415,3312.495,13730
20250606,233000,3312.49,3312.93,3307.195,3309.98,6190
20250609,013000,3317.785,3321.27,3309.22,3314.97,7684
20250609,023000,3314.885,3318.645,3313.475,3318.15,6903
20250609,033000,3318.15,3318.735,3298.255,3305.475,25626
20250609,043000,3305.48,3309.575,3294.99,3296.245,28424
20250609,053000,3296.28,3307.655,3293.5,3305.545,22665
20250609,063000,3305.54,3312.025,3304.26,3310.875,16603
20250609,073000,3310.915,3313.56,3309.29,3311.795,8906
20250609,083000,3311.8,3316.655,3309.695,3314.72,16504
20250609,093000,3314.76,3325.01,3312.57,3324.465,19843
20250609,103000,3324.44,3328.515,3321.58,3324.25,19350
20250609,113000,3324.365,3325.72,3319.88,3319.98,15825
20250609,123000,3319.97,3323.585,3316.89,3318.73,14222
20250609,133000,3318.76,3319.825,3312.19,3314.72,11044
20250609,143000,3314.725,3321.4,3313.725,3317.575,16923
20250609,153000,3317.58,3322.525,3313.095,3320.095,22762
20250609,163000,3320.135,3321.76,3310.795,3319.425,39805
20250609,173000,3319.355,3326.9,3316.135,3320.895,31162
20250609,183000,3320.91,3332.185,3320.41,3328.685,19229
20250609,193000,3328.68,3337.96,3327.55,3337.775,15533
20250609,203000,3337.9,3338.295,3332.885,3333.675,13586
20250609,213000,3333.67,3337.145,3332.8,3333.225,9947
20250609,223000,3333.21,3335.525,3325.93,3327.27,13251
20250609,233000,3327.305,3329.6,3325.005,3325.675,3924
20250610,013000,3324.31,3326.99,3321.655,3323.71,6906
20250610,023000,3323.74,3327.98,3323.74,3326.865,5426
20250610,033000,3326.875,3326.935,3314.685,3316.725,23727
20250610,043000,3316.74,3320.03,3302.995,3306.325,35270
20250610,053000,3306.305,3310.365,3302.015,3309.35,23434
20250610,063000,3309.345,3310.555,3305.23,3307.625,13299
20250610,073000,3307.635,3308.825,3302.915,3307.385,10625
20250610,083000,3307.395,3319.26,3306.805,3317.815,26647
20250610,093000,3317.83,3331.365,3315.615,3325.52,25808
20250610,103000,3325.445,3332.255,3324.12,3330.22,22326
20250610,113000,3330.225,3334.96,3326.26,3329.465,19254
20250610,123000,3329.45,3331.92,3327.09,3329.82,13329
20250610,133000,3329.835,3336.33,3328.45,3335.455,13068
20250610,143000,3335.41,3342.54,3332.3,3333.825,19920
20250610,153000,3333.845,3340.405,3328.3,3337.205,24880
20250610,163000,3337.235,3349.28,3335.555,3343.665,34510
20250610,173000,3343.65,3343.76,3325.56,3328.55,38562
20250610,183000,3328.57,3329.31,3323.295,3326.76,26507
20250610,193000,3326.71,3327.76,3320.075,3321.395,18428
20250610,203000,3321.4,3325.955,3320.5,3324.85,13130
20250610,213000,3324.865,3325.41,3319.535,3321.695,14648
20250610,223000,3321.715,3334.665,3321.56,3328.81,15724
20250610,233000,3328.855,3329.065,3322.5,3322.61,6950
20250611,013000,3322.375,3327.505,3320.825,3324.59,5973
20250611,023000,3324.595,3328.23,3315.59,3328.005,12307
20250611,033000,3328.01,3335.255,3325.09,3332.475,18398
20250611,043000,3332.455,3337.575,3327.68,3328.575,19415
20250611,053000,3328.575,3339.73,3327.2,3338.295,14255
20250611,063000,3338.285,3341.865,3336.485,3339.465,10082
20250611,073000,3339.395,3343,3336.965,3341.85,9047
20250611,083000,3341.795,3343.21,3335.605,3339.825,13650
20250611,093000,3339.79,3340.31,3332.555,3337.36,17735
20250611,103000,3337.375,3348.57,3335.24,3345.785,15512
20250611,113000,3345.69,3346.825,3342.63,3344.59,12416
20250611,123000,3344.525,3344.7,3331.425,3333.865,19686
20250611,133000,3333.86,3336.875,3328.265,3329.94,14340
20250611,143000,3329.975,3335.285,3326.175,3333.185,17045
20250611,153000,3333.22,3360.79,3327.29,3336.835,49412
20250611,163000,3336.94,3344.77,3327.95,3330,54323
20250611,173000,3329.98,3341.31,3328.575,3337.635,37324
20250611,183000,3337.715,3342.93,3329.655,3333.22,22725
20250611,193000,3333.265,3334.57,3328.185,3330.39,16495
20250611,203000,3330.41,3331.435,3319.38,3324.365,21476
20250611,213000,3324.37,3347.38,3323.9,3343.925,28737
20250611,223000,3343.93,3349.39,3342.385,3346.835,15825
20250611,233000,3346.86,3355.61,3346.685,3355.25,5993
20250612,013000,3357.905,3369.875,3356.3,3369.025,9527
20250612,023000,3369.01,3373.645,3357.625,3365.535,17252
20250612,033000,3365.505,3371.26,3362.26,3366.035,26877
20250612,043000,3366.03,3376.935,3362.57,3371.08,31735
20250612,053000,3371.055,3377.895,3368.97,3374.685,22536
20250612,063000,3374.66,3376.685,3371.655,3373.5,16319
20250612,073000,3373.52,3373.885,3369.505,3370.47,8933
20250612,083000,3370.47,3375.86,3367.8,3374.535,13130
20250612,093000,3374.61,3375.685,3365.29,3375.04,20642
20250612,103000,3374.985,3375.32,3338.59,3346.305,31480
20250612,113000,3346.475,3361.205,3346.42,3356.885,28664
20250612,123000,3356.88,3368.105,3355.545,3365.45,18403
20250612,133000,3365.475,3385.96,3362.6,3382.66,25213
20250612,143000,3382.665,3388.68,3373.255,3379.305,26122
20250612,153000,3379.3,3390.54,3376.455,3388.325,34712
20250612,163000,3388.33,3399.05,3379.255,3392.065,50783
20250612,173000,3392.08,3393.29,3382.985,3383.865,43169
20250612,183000,3383.875,3390.38,3377.885,3385.87,33974
20250612,193000,3385.92,3391.43,3381.025,3383.83,21755
20250612,203000,3383.825,3385.05,3378.165,3382.635,18554
20250612,213000,3382.685,3386.42,3381.925,3385.995,17185
20250612,223000,3385.81,3389.505,3384.8,3388.275,12161
20250612,233000,3388.27,3389.03,3384.84,3386.58,3900
20250613,013000,3383.865,3385.03,3379.535,3383.57,4729
20250613,023000,3383.525,3396.345,3382.655,3395.875,8681
20250613,033000,3395.855,3420.095,3391.835,3415.35,62577
20250613,043000,3415.255,3433.47,3414.04,3427.625,42588
20250613,053000,3427.58,3444.325,3424.92,3441.44,30946
20250613,063000,3441.415,3444.495,3423.855,3425.64,28438
20250613,073000,3425.615,3430.385,3422.915,3425.33,14990
20250613,083000,3425.365,3428.92,3418.05,3426.255,19164
20250613,093000,3426.22,3428.67,3408.5,3416.455,27780
20250613,103000,3416.41,3419.105,3407.925,3415,22790
20250613,113000,3414.925,3426.22,3414.365,3424.365,16203
20250613,123000,3424.42,3427.375,3420.16,3424.41,19065
20250613,133000,3424.365,3427.855,3411.6,3415.985,22310
20250613,143000,3415.98,3423.165,3412.635,3422.24,20945
20250613,153000,3422.34,3438.26,3421.765,3436.51,23884
20250613,163000,3436.495,3446.88,3433.945,3437.1,47196
20250613,173000,3437.08,3439.97,3423.775,3428.035,47585
20250613,183000,3428,3430.61,3420.93,3426.305,30368
20250613,193000,3426.3,3431.1,3419.215,3430.15,17501
20250613,203000,3430.31,3433.56,3427.415,3430.45,17235
20250613,213000,3430.49,3439.6,3428.71,3436.61,20685
20250613,223000,3436.635,3438.245,3431.75,3432.425,17156
20250613,233000,3432.415,3434.925,3429.025,3432.835,8388
20250616,013000,3440.48,3451.525,3438.6,3448.49,15400
20250616,023000,3448.36,3450.26,3439.6,3444.225,13993
20250616,033000,3444.22,3451.375,3434.245,3436.43,22581
20250616,043000,3436.48,3443.24,3433.255,3441.635,24453
20250616,053000,3441.645,3446.51,3438.005,3438.52,19783
20250616,063000,3438.465,3439.765,3429.35,3431.565,16219
20250616,073000,3431.655,3433.325,3426.915,3427.7,11157
20250616,083000,3427.695,3430.58,3417.77,3421.72,23769
20250616,093000,3421.65,3421.65,3413.08,3418.38,27048
20250616,103000,3418.28,3419.91,3409.58,3412.68,19903
20250616,113000,3412.75,3418.66,3409.77,3414.06,15901
20250616,123000,3414.045,3419.58,3411.93,3412.08,14033
20250616,133000,3412.18,3421.425,3410.795,3421.085,13612
20250616,143000,3421.135,3422.785,3410.815,3415.015,16375
20250616,153000,3415.095,3417.895,3411.125,3415.625,20998
20250616,163000,3415.615,3418.11,3382.54,3388.34,48120
20250616,173000,3388.26,3399.635,3387.57,3396.985,44731
20250616,183000,3397.1,3405.925,3397.07,3404.625,24400
20250616,193000,3404.595,3405.105,3397.28,3399.49,14742
20250616,203000,3399.505,3400.37,3391.175,3392.7,14246
20250616,213000,3392.735,3394.185,3384.12,3385.34,11810
20250616,223000,3385.505,3388.57,3382.91,3384.1,16770
20250616,233000,3384.05,3386.09,3383.37,3385.22,3814
20250617,013000,3388.445,3398.625,3386.735,3395.525,8515
20250617,023000,3395.48,3402.955,3392.94,3402.9,13983
20250617,033000,3402.9,3403.43,3391.515,3394.315,19008
20250617,043000,3394.325,3402.57,3393.315,3393.725,17994
20250617,053000,3393.715,3400.47,3388.55,3390.13,16210
20250617,063000,3390.105,3392.7,3373.67,3387.73,23035
20250617,073000,3387.705,3396.365,3387.155,3394.105,10511
20250617,083000,3394.055,3395.55,3390.735,3392.64,14419
20250617,093000,3392.625,3392.625,3381.055,3385.5,19303
20250617,103000,3385.445,3391.975,3383.21,3387.845,14707
20250617,113000,3387.87,3388.7,3377.85,3378.945,14875
20250617,123000,3378.92,3385.97,3375.785,3385.695,19298
20250617,133000,3385.73,3398.8,3385.425,3398.225,19113
20250617,143000,3398.26,3400.2,3388.305,3388.65,19368
20250617,153000,3388.665,3391.665,3383.565,3386.775,28078
20250617,163000,3386.795,3397.57,3385.95,3390.68,38796
20250617,173000,3390.665,3392.21,3366.115,3385.165,47931
20250617,183000,3385.175,3388.49,3372.555,3379.315,25545
20250617,193000,3379.365,3385.975,3376.725,3382.965,19159
20250617,203000,3382.985,3391.305,3381.365,3390.395,19619
20250617,213000,3390.485,3392.6,3382.42,3382.895,18836
20250617,223000,3382.905,3386.57,3382.465,3385.815,14233
20250617,233000,3385.8,3390.455,3383.655,3388.455,4792
20250618,013000,3395.865,3395.975,3388.885,3388.885,5626
20250618,023000,3389.155,3390.545,3385.145,3387.43,5849
20250618,033000,3387.425,3388.965,3383.065,3385.8,13670
20250618,043000,3385.795,3388.785,3378.815,3379.06,15740
20250618,053000,3379.015,3379.795,3370.645,3379.49,15361
20250618,063000,3379.44,3391.595,3379.335,3391.115,13428
20250618,073000,3391.045,3400.11,3389.475,3395.125,12474
20250618,083000,3395.175,3395.67,3384.32,3386.53,17078
20250618,093000,3386.58,3386.97,3379.505,3382.515,18369
20250618,103000,3382.525,3386.215,3377.18,3385.995,15591
20250618,113000,3385.945,3388.515,3382.6,3383.635,11683
20250618,123000,3383.585,3385.655,3375.575,3378.275,11115
20250618,133000,3378.29,3382.61,3375.8,3380.3,13916
20250618,143000,3380.3,3387.065,3379.005,3382.185,16439
20250618,153000,3382.125,3389.95,3381.745,3386.635,21728
20250618,163000,3386.675,3396.945,3385.71,3392.325,26283
20250618,173000,3392.315,3392.495,3373.825,3386.79,46482
20250618,183000,3386.785,3392.945,3381.24,3392.825,18943
20250618,193000,3392.855,3394.85,3390.05,3391.06,14129
20250618,203000,3391.065,3391.28,3384.41,3385.495,11303
20250618,213000,3385.5,3395.925,3378.475,3379.3,40350
20250618,223000,3379.315,3379.38,3363.005,3366.93,38191
20250618,233000,3366.825,3369.69,3362.605,3369.3,9442
20250619,013000,3371.415,3379.935,3370.61,3375.235,6816
20250619,023000,3375.26,3377.16,3370.815,3375.13,7871
20250619,033000,3375.22,3383.43,3374.82,3379.6,13327
20250619,043000,3379.535,3388.175,3374.61,3374.885,25629
20250619,053000,3374.88,3379.59,3374.18,3376.83,11030
20250619,063000,3376.835,3377.39,3369.74,3373.69,11175
20250619,073000,3373.705,3375.26,3372.125,3374.685,6447
20250619,083000,3374.66,3375.455,3360.295,3364.61,16618
20250619,093000,3364.605,3364.825,3347.53,3357.455,39420
20250619,103000,3357.46,3369.225,3350.79,3366.07,25757
20250619,113000,3366.06,3371.775,3362.34,3368.745,17488
20250619,123000,3368.685,3373.84,3363.66,3370.35,15415
20250619,133000,3370.375,3379.18,3369.145,3375.14,13718
20250619,143000,3375.13,3375.58,3370.455,3372.06,14162
20250619,153000,3372.065,3372.66,3363.84,3368.005,16463
20250619,163000,3368.055,3373.005,3361.525,3369.635,22012
20250619,173000,3369.63,3371.11,3361.695,3364.765,20006
20250619,183000,3364.755,3372.245,3362.215,3369.29,17428
20250619,193000,3369.24,3371.78,3366.11,3371.19,10174
20250619,203000,3371.075,3375.625,3365.93,3368.38,10247
20250619,213000,3368.3,3371.535,3366.68,3370.38,2731
20250620,013000,3369.735,3370.525,3362.1,3365.815,7445
20250620,023000,3365.785,3370.565,3363.71,3368.88,9427
20250620,033000,3368.87,3370.475,3364.69,3368.23,12618
20250620,043000,3368.245,3368.38,3356.15,3356.54,20053
20250620,053000,3356.545,3360.69,3351.64,3352.525,20867
20250620,063000,3352.575,3356.465,3344.675,3355.62,20567
20250620,073000,3355.615,3357.82,3352.555,3354.245,7273
20250620,083000,3354.25,3355.27,3342.725,3344.79,16773
20250620,093000,3344.845,3348.835,3340.415,3345.32,20766
20250620,103000,3345.26,3355.43,3343.44,3347.725,16950
20250620,113000,3347.625,3352.595,3346.805,3351.15,12801
20250620,123000,3351.14,3359.27,3349.31,3355.32,12930
20250620,133000,3355.395,3358,3355.035,3355.49,8831
20250620,143000,3355.495,3356.095,3346.39,3347.16,16290
20250620,153000,3347.21,3350.825,3341.9,3344.555,23373
20250620,163000,3344.535,3373.875,3343.115,3370.365,36763
20250620,173000,3370.335,3374.63,3365.285,3369.33,31378
20250620,183000,3369.34,3371.895,3365.865,3369.905,15743
20250620,193000,3369.915,3373.47,3367.885,3371.51,11821
20250620,203000,3371.525,3371.79,3366.635,3367.46,10951
20250620,213000,3367.525,3368.025,3364.685,3366.685,8045
20250620,223000,3366.71,3370.805,3364.92,3365.65,8501
20250620,233000,3365.645,3369.5,3364.73,3368.75,4939
20250623,013000,3383.825,3389.22,3372.19,3379.265,17042
20250623,023000,3379.175,3380.7,3371.315,3372.82,14389
20250623,033000,3372.82,3373.615,3358.32,3365.77,25397
20250623,043000,3365.765,3368.18,3351.935,3355.325,32983
20250623,053000,3355.33,3364.965,3354.825,3361.59,16783
20250623,063000,3361.525,3366.445,3360.45,3363.46,15113
20250623,073000,3363.48,3365.095,3356.905,3358.545,8932
20250623,083000,3358.59,3360.685,3347.035,3356.85,20471
20250623,093000,3356.955,3359.98,3352.75,3357.705,18359
20250623,103000,3357.7,3358.84,3351.695,3357.66,17479
20250623,113000,3357.73,3362.445,3357.73,3361.94,17084
20250623,123000,3361.93,3369.145,3361.69,3366.65,18947
20250623,133000,3366.66,3368.35,3364.055,3367.865,12888
20250623,143000,3367.875,3382.15,3367.875,3380.785,24814
20250623,153000,3380.755,3381.18,3355.935,3360.485,28157
20250623,163000,3360.48,3387.895,3359.835,3380.775,39287
20250623,173000,3380.655,3386.825,3369.88,3386.49,41145
20250623,183000,3386.495,3389.905,3384.625,3387.265,22814
20250623,193000,3387.285,3393.64,3380.405,3389.92,28842
20250623,203000,3389.835,3391.75,3375.615,3382.545,28370
20250623,213000,3382.565,3388.145,3376.865,3378.66,19004
20250623,223000,3378.665,3382.205,3375.665,3376.285,16610
20250623,233000,3376.23,3377.41,3367.325,3369.2,6775
20250624,013000,3358.435,3363.9,3350.45,3355.54,12272
20250624,023000,3355.59,3357.5,3341.52,3344.49,21502
20250624,033000,3344.485,3355.335,3333.28,3351.18,30974
20250624,043000,3351.205,3354.55,3342.245,3347.77,32981
20250624,053000,3347.72,3352.96,3346.06,3352.035,16235
20250624,063000,3351.955,3357.955,3351.66,3352.49,12482
20250624,073000,3352.505,3353.52,3347.105,3348.655,10610
20250624,083000,3348.65,3348.865,3326.72,3332.12,26580
20250624,093000,3332.205,3333.255,3316.075,3322.95,36861
20250624,103000,3322.945,3331.86,3316.63,3329.705,31047
20250624,113000,3329.775,3332.375,3324.695,3327.435,21799
20250624,123000,3327.36,3328.875,3317.98,3318.59,19580
20250624,133000,3318.585,3327.735,3318.555,3325.61,13066
20250624,143000,3325.57,3329.035,3317.965,3321.25,17198
20250624,153000,3321.145,3321.145,3304.48,3314.825,33690
20250624,163000,3314.77,3317.96,3295.315,3302.12,47191
20250624,173000,3302.135,3310.41,3298.645,3304.515,41741
20250624,183000,3304.51,3317.115,3299.845,3313.34,29573
20250624,193000,3313.35,3320.495,3311.385,3318.485,16693
20250624,203000,3318.565,3321.295,3317.985,3318.075,14984
20250624,213000,3318.025,3319.12,3315.73,3317.285,13138
20250624,223000,3317.23,3325.38,3316.09,3323.655,15180
20250624,233000,3323.63,3324.6,3321.805,3323.45,4668
20250625,013000,3322.825,3323.63,3320.97,3321.67,3136
20250625,023000,3321.695,3324.995,3321.695,3324.205,3470
20250625,033000,3324.21,3330.095,3323.71,3326.99,11211
20250625,043000,3327.04,3334.905,3326.49,3334.73,16860
20250625,053000,3334.76,3335.335,3327.87,3329.53,12961
20250625,063000,3329.55,3332.16,3327.255,3328.375,10324
20250625,073000,3328.305,3329.335,3325.87,3327.52,5406
20250625,083000,3327.5,3333.785,3326.775,3331.715,9522
20250625,093000,3331.755,3333.515,3329,3331.815,12095
20250625,103000,3331.84,3337.205,3326.775,3330.705,16967
20250625,113000,3330.7,3332.455,3326.515,3327.295,13685
20250625,123000,3327.305,3327.355,3321.5,3325.35,13876
20250625,133000,3325.345,3329.625,3324.145,3324.55,11661
20250625,143000,3324.535,3329.55,3322.21,3322.7,13822
20250625,153000,3322.705,3329.475,3318.22,3320.755,16342
20250625,163000,3320.775,3321.675,3312.055,3314.57,27832
20250625,173000,3314.505,3326.405,3312.26,3323.505,26655
20250625,183000,3323.55,3327.225,3321.725,3325.69,15379
20250625,193000,3325.74,3335.22,3324.195,3334.815,18475
20250625,203000,3334.82,3335.425,3324.81,3328.065,21337
20250625,213000,3328.08,3331.87,3326.31,3331.755,13542
20250625,223000,3331.655,3336.15,3330.49,3333.8,15320
20250625,233000,3333.81,3335.705,3331.445,3332.395,4246
20250626,013000,3334.315,3335.05,3331.395,3333.34,3581
20250626,023000,3333.315,3340.325,3333.015,3339.12,8478
20250626,033000,3339.185,3339.395,3332.175,3334.04,12585
20250626,043000,3334.135,3336.84,3329.3,3330.23,19259
20250626,053000,3330.285,3341.95,3329.335,3339.59,14907
20250626,063000,3339.615,3343.255,3336.435,3338.06,11466
20250626,073000,3338.105,3338.245,3333.495,3334.02,8235
20250626,083000,3334.035,3338.42,3332.5,3334.24,12610
20250626,093000,3334.185,3340.5,3331.025,3339.835,17950
20250626,103000,3339.785,3347.18,3339.67,3346.1,17693
20250626,113000,3346.085,3350.415,3344.465,3348.2,18916
20250626,123000,3348.2,3348.845,3338.845,3340.665,22094
20250626,133000,3340.63,3343.51,3338.025,3343.335,14389
20250626,143000,3343.345,3344.175,3331.58,3332.975,17454
20250626,153000,3332.98,3344.15,3321.68,3322.095,30780
20250626,163000,3322.08,3328.75,3309.99,3319.985,50960
20250626,173000,3319.975,3323.94,3311.985,3318.44,38619
20250626,183000,3318.395,3325.03,3318.395,3324.92,19671
20250626,193000,3324.935,3333.415,3323.845,3331.41,18424
20250626,203000,3331.415,3336.55,3331.25,3332.84,15651
20250626,213000,3332.825,3334.94,3331.28,3334.1,11870
20250626,223000,3334.125,3334.39,3328.42,3331.34,16838
20250626,233000,3331.41,3332.43,3327.725,3327.82,4011
20250627,013000,3325.33,3325.37,3318.835,3321.545,4806
20250627,023000,3321.525,3323.765,3316.295,3318.79,7090
20250627,033000,3318.73,3320.04,3313.3,3318.98,14261
20250627,043000,3318.97,3322.18,3314.99,3316.5,19963
20250627,053000,3316.51,3320.445,3308.61,3308.91,18080
20250627,063000,3308.87,3311.025,3292.665,3294.405,24471
20250627,073000,3294.385,3297.63,3291.16,3294.01,13989
20250627,083000,3294.035,3301.015,3289.325,3297.515,23964
20250627,093000,3297.525,3300.045,3286.93,3295.12,27564
20250627,103000,3295.135,3295.465,3283.52,3284.54,27584
20250627,113000,3284.46,3291.165,3281.9,3289.44,22176
20250627,123000,3289.345,3289.84,3282.23,3282.88,19881
20250627,133000,3282.89,3291.07,3279.805,3285.74,17615
20250627,143000,3285.725,3288.035,3276.19,3281.47,18608
20250627,153000,3281.455,3282.415,3269.55,3270.295,35666
20250627,163000,3270.195,3274.53,3255.85,3274.285,53353
20250627,173000,3274.335,3278.235,3263.665,3272.51,41628
20250627,183000,3272.52,3277.61,3271.035,3274.68,23966
20250627,193000,3274.695,3278.685,3273.42,3277.705,18054
20250627,203000,3277.73,3282.94,3272.77,3277.465,20512
20250627,213000,3277.47,3278.495,3270.6,3275.86,19509
20250627,223000,3275.865,3276.685,3268.43,3270.615,19373
20250627,233000,3270.65,3275.585,3270.33,3274.175,6129
20250630,013000,3271.64,3274.055,3244.415,3263.855,15691
20250630,023000,3263.98,3270.98,3262.875,3263.815,8965
20250630,033000,3263.81,3269.91,3262.695,3264.57,11005
20250630,043000,3264.485,3276.1,3259.39,3274.08,24659
20250630,053000,3274.075,3283.385,3273.725,3280.28,15368
20250630,063000,3280.265,3282.85,3277.965,3279.07,10236
20250630,073000,3279.09,3286.48,3277,3285.64,7375
20250630,083000,3285.645,3291.545,3284.69,3289.125,12191
20250630,093000,3289.12,3295.66,3287.94,3292.215,14217
20250630,103000,3292.17,3296.83,3290.835,3293.085,13871
20250630,113000,3292.99,3296.66,3288.165,3289.21,12221
20250630,123000,3289.15,3289.15,3277.48,3287.935,18907
20250630,133000,3287.945,3288.92,3282.52,3283.525,11210
20250630,143000,3283.55,3283.865,3274.625,3278,15334
20250630,153000,3278.03,3289.075,3278.03,3282.155,21444
20250630,163000,3282.14,3287.205,3277.975,3284.915,29521
20250630,173000,3284.9,3289.67,3279.255,3287.79,25359
20250630,183000,3287.76,3290.805,3283.81,3289.635,18513
20250630,193000,3289.645,3297.575,3289.12,3297.38,14874
20250630,203000,3297.36,3298.64,3292.14,3294.04,14939
20250630,213000,3294.035,3299.675,3292.635,3298.525,11459
20250630,223000,3298.545,3309.645,3298.125,3308.735,16334
20250630,233000,3308.74,3309.32,3302.365,3303.15,5864
20250701,013000,3303.3,3314.59,3302.395,3311.505,6685
20250701,023000,3311.575,3312.545,3308.65,3312.535,6989
20250701,033000,3312.53,3314.96,3310.02,3314.825,9182
20250701,043000,3314.73,3321.06,3313.99,3317.935,18282
20250701,053000,3317.895,3319.47,3314.52,3316.2,13107
20250701,063000,3316.16,3322.76,3315.85,3321.265,10296
20250701,073000,3321.27,3323.15,3318.995,3322.975,9763
20250701,083000,3322.98,3332.395,3322.975,3328.79,14802
20250701,093000,3328.78,3334.63,3325.115,3331.395,17988
20250701,103000,3331.455,3339.99,3330.9,3339.56,20556
20250701,113000,3339.515,3342.5,3336.885,3339.635,14073
20250701,123000,3339.66,3348.155,3338.31,3345.8,22256
20250701,133000,3345.83,3349.755,3344.47,3348.76,17179
20250701,143000,3348.77,3353.025,3347.07,3349.08,19780
20250701,153000,3349.02,3358.085,3348.395,3354.625,27336
20250701,163000,3354.55,3355.615,3344.5,3351.805,34428
20250701,173000,3351.845,3354.535,3343.755,3345.88,39927
20250701,183000,3345.905,3346.78,3337.045,3340.3,36124
20250701,193000,3340.33,3343.615,3337.69,3341.83,22348
20250701,203000,3341.805,3342.28,3337.05,3339.82,20725
20250701,213000,3339.805,3339.945,3336.945,3338.04,13588
20250701,223000,3338.06,3340.165,3336.94,3338.13,18206
20250701,233000,3338.1,3340.51,3336.92,3338.72,3871
20250702,013000,3340.125,3343.84,3336.97,3341.675,6666
20250702,023000,3341.73,3341.965,3336.815,3338.155,7120
20250702,033000,3338.21,3345.045,3334.615,3339.025,21660
20250702,043000,3339.065,3342.955,3331.055,3332.25,24182
20250702,053000,3332.27,3338.255,3328.615,3336.785,18694
20250702,063000,3336.775,3342.23,3334.965,3340.02,15248
20250702,073000,3340.015,3342.07,3339.62,3340.17,7784
20250702,083000,3340.145,3344.015,3336.655,3338.855,13880
20250702,093000,3338.855,3339.42,3329.885,3333.485,20265
20250702,103000,3333.495,3336.915,3327.655,3334.745,20983
20250702,113000,3334.68,3338.065,3333.005,3333.62,14475
20250702,123000,3333.615,3342.305,3333.185,3341.755,18150
20250702,133000,3341.75,3345.83,3340.67,3344.455,12005
20250702,143000,3344.465,3347.825,3339.82,3342.32,17114
20250702,153000,3342.37,3351.245,3337.95,3346.775,37910
20250702,163000,3346.75,3346.75,3335.025,3337.5,44761
20250702,173000,3337.505,3343.62,3333.965,3343.04,28074
20250702,183000,3343.045,3343.84,3338.745,3341.115,17540
20250702,193000,3341.09,3349.355,3341.035,3348.675,14285
20250702,203000,3348.75,3350.785,3347.44,3349.86,9525
20250702,213000,3349.85,3355.265,3348.66,3355.09,10537
20250702,223000,3355.095,3359.62,3354.635,3358.255,14553
20250702,233000,3358.29,3360.13,3355.625,3357.09,3166
20250703,013000,3359.515,3365.92,3358.925,3362.01,6370
20250703,023000,3362.035,3362.34,3348.905,3349.43,10761
20250703,033000,3349.515,3349.955,3343.52,3344.795,13251
20250703,043000,3344.805,3348.295,3342.015,3346.085,16540
20250703,053000,3346.145,3351.535,3345.805,3351.075,13040
20250703,063000,3351.125,3351.595,3345.5,3347.6,10681
20250703,073000,3347.565,3351.895,3347.505,3350.865,8728
20250703,083000,3350.87,3360.54,3350.185,3359.43,16349
20250703,093000,3359.425,3363.755,3356.535,3361.92,17772
20250703,103000,3361.91,3363.135,3352.575,3353.065,17021
20250703,113000,3353.15,3358.41,3351.775,3356.24,12363
20250703,123000,3356.125,3356.46,3343.94,3345.785,15880
20250703,133000,3345.8,3355.545,3344.84,3353.255,12741
20250703,143000,3353.28,3353.845,3343.135,3346.115,13097
20250703,153000,3346.015,3352.365,3311.625,3324.525,54602
20250703,163000,3324.49,3338.59,3322.165,3332.3,51820
20250703,173000,3332.12,3334.725,3323.58,3324.665,37211
20250703,183000,3324.655,3331.565,3323.06,3328.12,17465
20250703,193000,3328.165,3334.755,3325.82,3333.95,13463
20250703,203000,3333.945,3334.89,3328.895,3329.145,7326
20250703,213000,3329.085,3330.31,3327.94,3329.105,3542
20250703,223000,3329.065,3329.62,3327.04,3328.89,3713
20250703,233000,3328.895,3328.98,3325.255,3326.03,1147
20250704,013000,3324.24,3329.76,3323.66,3329.205,3108
20250704,023000,3329.225,3332.11,3328.54,3330.915,7324
20250704,033000,3330.995,3331.25,3325.93,3329.09,11814
20250704,043000,3329.08,3334.435,3326.55,3330.145,15926
20250704,053000,3330.135,3332.535,3327.175,3327.415,11030
20250704,063000,3327.335,3339.065,3326.235,3338.42,10142
20250704,073000,3338.37,3342.43,3338.105,3340.94,10276
20250704,083000,3340.955,3342.3,3338.49,3339.59,10084
20250704,093000,3339.58,3345.175,3339.295,3342.585,15633
20250704,103000,3342.68,3343.805,3336.45,3342.98,16731
20250704,113000,3342.96,3344.295,3340.92,3342.895,8514
20250704,123000,3342.855,3343.14,3332.96,3334.585,14417
20250704,133000,3334.595,3338.185,3331.52,3336.93,13729
20250704,143000,3336.935,3337.95,3334.45,3334.77,9841
20250704,153000,3334.75,3337.905,3331.455,3334.035,17052
20250704,163000,3334.03,3338.095,3332.335,3333.85,18657
20250704,173000,3333.855,3334.3,3330.95,3333.225,15013
20250704,183000,3333.23,3333.925,3330.87,3332.45,6435
20250704,193000,3332.475,3337.59,3332.35,3336.615,5333
20250707,013000,3341.57,3342.075,3332.485,3333.495,5372
20250707,023000,3333.54,3334.63,3326.25,3328.95,9456
20250707,033000,3328.945,3329.77,3321.845,3326.595,15213
20250707,043000,3326.585,3327.86,3306.785,3316.655,30799
20250707,053000,3316.67,3317.82,3305.965,3309,18895
20250707,063000,3308.945,3315.37,3307.2,3310.975,16140
20250707,073000,3310.965,3312.4,3305.245,3307.855,15490
20250707,083000,3307.94,3315.21,3307.095,3313.44,20251
20250707,093000,3313.43,3315.29,3308.45,3310.02,21075
20250707,103000,3309.995,3313.335,3300.765,3302.315,17549
20250707,113000,3302.305,3312.86,3301.335,3310.25,18086
20250707,123000,3310.16,3311.98,3306.18,3308.995,16912
20250707,133000,3309.01,3310.76,3296.28,3302.175,24124
20250707,143000,3302.175,3307.635,3299.815,3301.87,25054
20250707,153000,3301.92,3312.795,3300.495,3309.575,31983
20250707,163000,3309.565,3317.21,3306.225,3316.625,32613
20250707,173000,3316.6,3321.455,3313.29,3318.085,26810
20250707,183000,3318.07,3322.135,3316.195,3320.975,13189
20250707,193000,3320.97,3328.16,3320.23,3327.49,25648
20250707,203000,3327.545,3335.92,3327.45,3332.08,23666
20250707,213000,3332.085,3335.845,3328.62,3334.495,23484
20250707,223000,3334.465,3340.47,3334.43,3337.235,19154
20250707,233000,3337.22,3338.015,3335.53,3336.44,4780
20250708,013000,3340.5,3345.955,3339.01,3339.81,5094
20250708,023000,3339.86,3340.165,3333.88,3334.715,8573
20250708,033000,3334.725,3337.365,3331.3,3334.285,25172
20250708,043000,3334.33,3337.095,3329.74,3334.9,25603
20250708,053000,3334.9,3338.15,3332.875,3334.545,16066
20250708,063000,3334.465,3335.565,3329.7,3331.61,9888
20250708,073000,3331.605,3332.845,3327.405,3329.66,10814
20250708,083000,3329.68,3336.625,3329.53,3334.15,15791
20250708,093000,3334.17,3336.125,3330.785,3335.835,16641
20250708,103000,3335.855,3339.59,3330.595,3333.93,17578
20250708,113000,3333.925,3333.925,3323.405,3323.73,22008
20250708,123000,3323.735,3326.845,3321.185,3322.095,16967
20250708,133000,3322.09,3327.125,3320.58,3324.67,13031
20250708,143000,3324.735,3327.565,3320.035,3325.06,13686
20250708,153000,3325.065,3329.935,3324.745,3328.245,16576
20250708,163000,3328.24,3328.78,3314.86,3315.31,37017
20250708,173000,3315.305,3315.955,3294.435,3296.65,52141
20250708,183000,3296.67,3300.375,3287.11,3298.205,36535
20250708,193000,3298.21,3301.655,3295.93,3300.505,29221
20250708,203000,3300.49,3310.525,3299.37,3306.51,28411
20250708,213000,3306.52,3308.33,3300.68,3305.43,16001
20250708,223000,3305.465,3306.235,3302.495,3303,11113
20250708,233000,3303.01,3303.885,3299.43,3301.72,2454
20250709,013000,3302.83,3304.12,3300.39,3301.625,2275
20250709,023000,3301.665,3303.965,3297.29,3302.365,6043
20250709,033000,3302.355,3308.145,3301.925,3307.175,13918
20250709,043000,3307.11,3307.305,3299.385,3301.89,16147
20250709,053000,3301.875,3303.035,3286.325,3288.63,20456
20250709,063000,3288.615,3294.775,3284.98,3293.395,16503
20250709,073000,3293.375,3296.49,3291.27,3294.05,10318
20250709,083000,3294.07,3297.885,3289.08,3289.495,16348
20250709,093000,3289.535,3292.88,3285.65,3292.39,16672
20250709,103000,3292.405,3296.1,3288.34,3291.94,18834
20250709,113000,3291.865,3292.73,3282.665,3285.08,17317
20250709,123000,3285.06,3290.515,3284.465,3289.055,10126
20250709,133000,3289.13,3296.04,3288.31,3295.555,9846
20250709,143000,3295.545,3296.035,3283.295,3284.99,12821
20250709,153000,3284.995,3297.595,3284.995,3296.525,20892
20250709,163000,3296.54,3305.345,3291.94,3300.305,35510
20250709,173000,3300.3,3313.035,3299.575,3312.42,35351
20250709,183000,3312.44,3312.985,3306.405,3309.64,22001
20250709,193000,3309.63,3313.385,3307.995,3311.93,16923
20250709,203000,3311.935,3314.69,3308.25,3309.57,19554
20250709,213000,3309.505,3313.77,3308.105,3311.485,18598
20250709,223000,3311.49,3316.99,3311.025,3315.79,16102
20250709,233000,3315.765,3315.975,3311.67,3313.7,2394
20250710,013000,3315.76,3321.295,3314.89,3319.585,3497
20250710,023000,3319.565,3319.83,3315.84,3317.705,5484
20250710,033000,3317.695,3322.09,3316.64,3317.71,14312
20250710,043000,3317.7,3326.39,3316.54,3322.285,18877
20250710,053000,3322.28,3323.69,3318.165,3319.245,11390
20250710,063000,3319.23,3320.24,3315.43,3315.765,9812
20250710,073000,3315.77,3322.605,3314.84,3322.295,8752
20250710,083000,3322.3,3325.185,3320.745,3321.205,11182
20250710,093000,3321.19,3328.565,3321,3325.395,13333
20250710,103000,3325.38,3329.545,3319.895,3321.075,12483
20250710,113000,3321.09,3330.275,3319.91,3328.725,9589
20250710,123000,3328.74,3330.36,3323.34,3326.51,8385
20250710,133000,3326.545,3328.825,3322.305,3325.31,10426
20250710,143000,3325.36,3330.325,3318.365,3320.54,14593
20250710,153000,3320.58,3326.18,3317.94,3323.815,18891
20250710,163000,3323.885,3329.615,3312.01,3312.875,39079
20250710,173000,3312.855,3321.78,3310.175,3315.065,31990
20250710,183000,3315.08,3321.685,3314.745,3319.73,17189
20250710,193000,3319.75,3320.03,3312.25,3315.17,14129
20250710,203000,3315.11,3318.63,3314.725,3317.445,7669
20250710,213000,3317.435,3321.985,3316.505,3321.575,11630
20250710,223000,3321.565,3326.065,3321.56,3324.8,13394
20250710,233000,3324.845,3325.315,3323.36,3324.015,3206
20250711,013000,3325.94,3326.83,3321.915,3323.425,4334
20250711,023000,3323.355,3326.605,3323.14,3323.81,4700
20250711,033000,3323.775,3336.192,3323.615,3330.61,19458
20250711,043000,3330.455,3331.695,3325.17,3329.605,19384
20250711,053000,3329.55,3335.115,3327.085,3332.505,14241
20250711,063000,3332.515,3336.12,3332.075,3333.725,10378
20250711,073000,3333.75,3335.4,3329.79,3332.08,13150
20250711,083000,3332.05,3341.805,3331.995,3334.17,22727
20250711,093000,3334.17,3344.13,3332.21,3332.45,29256
20250711,103000,3332.46,3342.385,3331.245,3342.065,27394
20250711,113000,3341.995,3343.855,3332.815,3333.17,30476
20250711,123000,3333.19,3340.03,3332.83,3339.495,22600
20250711,133000,3339.51,3348.41,3339.495,3345.065,27164
20250711,143000,3345.125,3350.33,3342.045,3347.55,27844
20250711,153000,3347.555,3357.205,3344.185,3355.17,36111
20250711,163000,3355.16,3359.43,3350.14,3352.015,58370
20250711,173000,3352.06,3363.87,3350.27,3361.255,56029
20250711,183000,3361.33,3368.86,3356.915,3358.835,40957
20250711,193000,3358.86,3359.605,3352.82,3353.8,32767
20250711,203000,3353.75,3354.16,3349.255,3353.455,25938
20250711,213000,3353.485,3358.53,3353.39,3356.115,22099
20250711,223000,3356.125,3359.82,3355.625,3356.405,24805
20250711,233000,3356.42,3358.725,3353.61,3355.665,4509
20250714,013000,3362.375,3371.385,3359.905,3369.665,11484
20250714,023000,3369.575,3374.255,3366.6,3367.61,10341
20250714,033000,3367.74,3373.355,3364.895,3367.52,20765
20250714,043000,3367.51,3370.245,3356.945,3358.59,28327
20250714,053000,3358.545,3359.665,3353.87,3357.485,20854
20250714,063000,3357.415,3359.73,3355.57,3357.205,14126
20250714,073000,3357.145,3361.84,3353.9,3359.835,20345
20250714,083000,3359.625,3360.485,3353.675,3357.64,15453
20250714,093000,3357.71,3369.915,3356.665,3369.06,18330
20250714,103000,3369.075,3375.085,3366.75,3372.13,21687
20250714,113000,3372.135,3372.75,3365.44,3366.075,15562
20250714,123000,3366.18,3370.48,3364.04,3370.33,10651
20250714,133000,3370.41,3374.69,3369.94,3372.095,11245
20250714,143000,3372.18,3373.25,3363.915,3364.14,12371
20250714,153000,3364.16,3366.705,3349.385,3350.12,28696
20250714,163000,3350.1,3359.06,3347.325,3355.385,38245
20250714,173000,3355.365,3356.425,3341.09,3343.13,38235
20250714,183000,3343.125,3349.735,3342.525,3345.16,23378
20250714,193000,3345.155,3349.44,3343.145,3347.83,14763
20250714,203000,3347.89,3351.77,3347.48,3351.12,11428
20250714,213000,3351.125,3351.3,3347.955,3348.925,6567
20250714,223000,3348.93,3350.525,3343.26,3344.305,11131
20250714,233000,3344.365,3345.725,3341.395,3343.755,4405
20250715,013000,3343.085,3345.95,3341.55,3345.895,1630
20250715,023000,3345.88,3346.535,3343.92,3345.34,2918
20250715,033000,3345.315,3349.515,3344.71,3347.62,7202
20250715,043000,3347.635,3350.76,3346.1,3346.735,11346
20250715,053000,3346.755,3352.16,3345.795,3350.975,10073
20250715,063000,3351.055,3358.425,3350.9,3357.98,10956
20250715,073000,3357.99,3361.44,3357.735,3360.26,7566
20250715,083000,3360.285,3365.295,3360.285,3362.155,7879
20250715,093000,3362.17,3364.32,3357.675,3358.265,13627
20250715,103000,3358.285,3365.185,3357.575,3364.4,10173
20250715,113000,3364.33,3365.725,3356.6,3361.045,14350
20250715,123000,3361.065,3364.725,3358.655,3363.435,11442
20250715,133000,3363.475,3366.425,3361.285,3361.56,8839
20250715,143000,3361.505,3362.105,3354.18,3354.915,11921
20250715,153000,3354.89,3360.675,3346.61,3348.915,31171
20250715,163000,3348.945,3352.58,3334.38,3346.89,44904
20250715,173000,3346.885,3352.245,3342.62,3347.955,38679
20250715,183000,3347.96,3349.89,3325.335,3329.02,39966
20250715,193000,3328.975,3330.42,3320.305,3329.32,22267
20250715,203000,3329.39,3331.4,3325.915,3328.185,12899
20250715,213000,3328.29,3331.99,3325.875,3328.87,12124
20250715,223000,3328.85,3331.365,3326.59,3330.505,11504
20250715,233000,3330.52,3331.025,3324.935,3325.005,2605
20250716,013000,3326.32,3327.855,3325.635,3326.715,1341
20250716,023000,3326.825,3331.805,3326.455,3331.1,2555
20250716,033000,3331.105,3332.73,3328.98,3330.54,9421
20250716,043000,3330.555,3335.135,3328.915,3330.96,15592
20250716,053000,3330.955,3331.575,3325.21,3326.3,9159
20250716,063000,3326.295,3335.17,3326.07,3334.465,9013
20250716,073000,3334.46,3338.7,3332.87,3338.295,9579
20250716,083000,3338.305,3340,3335.57,3338.195,10187
20250716,093000,3338.235,3342.19,3337.76,3339.24,10038
20250716,103000,3339.23,3340.285,3336.06,3337.87,6898
20250716,113000,3337.94,3342.775,3337.775,3342.08,6470
20250716,123000,3342.065,3343.08,3339.055,3340.07,7409
20250716,133000,3339.97,3340.485,3333.945,3335.01,8831
20250716,143000,3334.97,3340.34,3333.84,3339.435,12151
20250716,153000,3339.4,3341.07,3331.01,3334.61,27671
20250716,163000,3334.695,3339.6,3322.065,3326.91,43042
20250716,173000,3326.905,3342.685,3319.695,3338.145,57739
20250716,183000,3338.25,3377.655,3335.99,3343.525,121439
20250716,193000,3343.735,3355.215,3339.09,3349.17,50615
20250716,203000,3349.155,3357.35,3348.88,3354.8,28788
20250716,213000,3354.83,3357.525,3349.17,3350.445,23007
20250716,223000,3350.475,3350.665,3346.07,3347.14,23654
20250716,233000,3347.135,3349.435,3346.33,3347.6,6466
20250717,013000,3350.96,3352.28,3348.52,3349.695,3318
20250717,023000,3349.79,3350.295,3345.37,3346.555,2915
20250717,033000,3346.54,3347.47,3339.775,3340.895,13077
20250717,043000,3340.85,3344.63,3337.285,3344.11,15977
20250717,053000,3344.065,3344.865,3337.845,3341.45,13739
20250717,063000,3341.46,3342.455,3336.375,3341.59,11829
20250717,073000,3341.585,3344.845,3338.44,3342.795,8704
20250717,083000,3342.765,3342.995,3336.04,3339.56,12386
20250717,093000,3339.575,3339.965,3328.29,3335.53,22694
20250717,103000,3335.48,3336.275,3325.16,3325.855,19421
20250717,113000,3325.845,3332.18,3325.585,3328.81,14377
20250717,123000,3328.795,3332.48,3324.755,3325.65,11864
20250717,133000,3325.675,3331.205,3325.03,3325.905,13253
20250717,143000,3325.875,3328.58,3322.34,3324.26,14468
20250717,153000,3324.255,3328.675,3309.79,3313.15,41116
20250717,163000,3313.195,3321.855,3311.16,3319.16,45436
20250717,173000,3319.085,3335.325,3318.365,3334.235,36735
20250717,183000,3334.275,3338.495,3331.295,3336.865,23767
20250717,193000,3336.87,3340.07,3335.56,3338.865,16403
20250717,203000,3338.88,3341.17,3336.37,3337.525,14236
20250717,213000,3337.53,3339.025,3335.785,3338.615,14507
20250717,223000,3338.61,3340.86,3338.275,3339.855,11663
20250717,233000,3339.795,3340.275,3337.445,3339.06,3516
20250718,013000,3341.45,3344.11,3338.325,3343.335,5625
20250718,023000,3343.315,3343.555,3339.57,3340.38,3957
20250718,033000,3340.335,3341.43,3337.965,3339.965,8267
20250718,043000,3339.985,3343.15,3335.335,3337.82,16639
20250718,053000,3337.765,3344.325,3336.96,3337.82,14602
20250718,063000,3337.85,3338.575,3334.19,3334.705,8946
20250718,073000,3334.68,3337.185,3333.87,3337.185,6018
20250718,083000,3337.17,3340.37,3333.445,3333.56,10329
20250718,093000,3333.565,3342.81,3331.885,3342.14,15898
20250718,103000,3342.135,3350.235,3340.72,3349.975,12071
20250718,113000,3349.995,3350.43,3346.305,3347.635,9114
20250718,123000,3347.705,3354.975,3347.52,3352.275,12072
20250718,133000,3352.28,3352.795,3347.895,3351.535,11578
20250718,143000,3351.435,3357.765,3350.845,3354.33,13959
20250718,153000,3354.315,3361.33,3354.205,3360.005,19870
20250718,163000,3360.01,3360.345,3352.26,3355.675,34933
20250718,173000,3355.615,3359.105,3351.235,3354.75,30140
20250718,183000,3354.795,3356.405,3352.445,3353.735,22092
20250718,193000,3353.745,3357.525,3351.31,3353.705,19093
20250718,203000,3353.72,3353.865,3350.6,3352.285,15288
20250718,213000,3352.27,3353.46,3350.185,3351.44,10961
20250718,223000,3351.405,3352.89,3347.69,3348.33,10394
20250718,233000,3348.32,3351.965,3347.75,3350.095,3420
20250721,013000,3348.84,3350.37,3344.905,3347.775,4250
20250721,023000,3347.725,3349.505,3345.52,3349.14,3421
20250721,033000,3349.21,3354.59,3347.725,3352.31,10473
20250721,043000,3352.305,3358.665,3351.945,3356.565,14303
20250721,053000,3356.645,3357.53,3352.395,3354.21,9518
20250721,063000,3354.2,3356.95,3351.11,3351.295,8233
20250721,073000,3351.325,3358.8,3350.7,3357.875,6218
20250721,083000,3357.86,3369.71,3357.735,3366.72,20830
20250721,093000,3366.705,3370.82,3365.41,3368.355,15754
20250721,103000,3368.375,3370.55,3363.935,3364.77,17516
20250721,113000,3364.8,3366.865,3363.125,3366.065,13973
20250721,123000,3366.1,3366.58,3362.845,3366.305,8808
20250721,133000,3366.315,3368.28,3362.915,3366.225,7987
20250721,143000,3366.265,3375.765,3365.33,3375.455,17815
20250721,153000,3375.41,3388.715,3374.635,3387.32,28858
20250721,163000,3387.34,3395.375,3383.655,3388.565,42470
20250721,173000,3388.54,3401.645,3386.235,3400.355,65709
20250721,183000,3400.375,3401.13,3395.56,3398.095,38074
20250721,193000,3398.075,3399.18,3393.88,3395.655,29397
20250721,203000,3395.685,3395.905,3391.375,3393.335,24898
20250721,213000,3393.47,3395.92,3393.145,3395.565,17875
20250721,223000,3395.575,3399.885,3395.205,3398.872,25451
20250721,233000,3398.84,3399.305,3396.805,3397.06,5813
20250722,013000,3399.3,3401.265,3398.685,3399.525,3550
20250722,023000,3399.73,3402.86,3393.175,3396.48,6599
20250722,033000,3396.505,3397.795,3390.585,3394.615,15599
20250722,043000,3394.61,3396.02,3385.18,3386.015,18409
20250722,053000,3385.98,3392.005,3385.33,3391.71,13543
20250722,063000,3391.72,3393.91,3388.87,3392.52,8999
20250722,073000,3392.535,3392.535,3388.055,3391.13,6457
20250722,083000,3391.15,3391.96,3384.855,3385.5,12190
20250722,093000,3385.465,3388.085,3384.38,3384.745,13488
20250722,103000,3384.735,3387.66,3383.42,3387.66,11187
20250722,113000,3387.675,3390.23,3386.21,3389.045,14968
20250722,123000,3389.06,3390.68,3384.715,3386.165,11789
20250722,133000,3386.12,3388.75,3385.93,3387.11,7510
20250722,143000,3387.095,3391.715,3386.71,3391.46,13908
20250722,153000,3391.465,3407.935,3390.935,3407.54,29536
20250722,163000,3407.545,3420.295,3406.42,3412.485,49457
20250722,173000,3412.425,3427.805,3405.095,3426.26,58113
20250722,183000,3426.255,3430.675,3423.61,3426.525,39058
20250722,193000,3426.545,3433.095,3426.31,3432.305,24492
20250722,203000,3432.33,3433.51,3426.49,3429.435,25621
20250722,213000,3429.445,3431.06,3427.96,3429.67,19541
20250722,223000,3429.66,3432.63,3429,3431.62,26746
20250722,233000,3431.61,3432.815,3427.875,3431.56,8894
20250723,013000,3430.92,3431.2,3427.495,3427.905,3299
20250723,023000,3427.92,3433.35,3426.255,3427.375,7367
20250723,033000,3427.265,3439.035,3427.01,3428.9,20618
20250723,043000,3428.88,3430.72,3420.975,3421.17,25425
20250723,053000,3421.12,3425.08,3419.21,3423.165,15065
20250723,063000,3423.165,3428.775,3422.885,3423.1,18004
20250723,073000,3423.06,3425.38,3422.08,3423.735,8511
20250723,083000,3423.725,3423.93,3416.445,3420.44,17223
20250723,093000,3420.415,3425.265,3419.595,3425.175,22321
20250723,103000,3425.11,3429.77,3419.94,3420.72,23306
20250723,113000,3420.82,3428.85,3420.555,3428.555,14500
20250723,123000,3428.565,3433.88,3428.37,3431.15,11378
20250723,133000,3431.145,3431.38,3421.2,3422.8,16631
20250723,143000,3422.765,3429.93,3420.44,3428.34,17588
20250723,153000,3428.32,3430.075,3419.925,3420.015,31196
20250723,163000,3420.005,3420.65,3405.56,3413.465,46797
20250723,173000,3413.44,3419.98,3410.75,3413.625,38143
20250723,183000,3413.63,3415.855,3398.105,3398.105,33069
20250723,193000,3398.18,3398.215,3381.42,3387.47,56120
20250723,203000,3387.465,3394.825,3385.755,3393.38,37866
20250723,213000,3393.355,3396.16,3392.065,3393.76,25088
20250723,223000,3393.82,3396.05,3388.595,3390.295,24822
20250723,233000,3390.37,3390.61,3386.04,3387.45,6589
20250724,013000,3390.855,3392.615,3386.955,3387.035,3135
20250724,023000,3387.04,3391.72,3386.66,3390.115,4721
20250724,033000,3390.165,3393.37,3388.545,3391.595,10799
20250724,043000,3391.62,3393.48,3384.07,3387.665,28013
20250724,053000,3387.67,3388.885,3380.665,3383.88,22531
20250724,063000,3383.785,3385.985,3374.755,3383.835,23264
20250724,073000,3383.76,3385.41,3381.015,3382.685,13315
20250724,083000,3382.69,3382.995,3374.515,3379.35,20450
20250724,093000,3379.36,3379.87,3370.13,3375.885,23831
20250724,103000,3375.88,3377.695,3366.145,3367.705,20072
20250724,113000,3367.695,3374.71,3365.935,3369.795,17912
20250724,123000,3369.725,3370.175,3361.995,3363.7,16666
20250724,133000,3363.71,3367.385,3362.205,3364.485,11127
20250724,143000,3364.465,3366.615,3361.375,3362.275,14063
20250724,153000,3362.31,3365.555,3352.72,3353.48,31669
20250724,163000,3353.51,3372.28,3351.465,3366.795,45726
20250724,173000,3366.71,3377.475,3365.88,3373.7,39500
20250724,183000,3373.66,3375.35,3370.355,3372.64,28148
20250724,193000,3372.635,3373.91,3366.965,3367.015,20391
20250724,203000,3367,3371.915,3366.36,3370.095,18028
20250724,213000,3370.08,3373.475,3367.59,3372.01,12509
20250724,223000,3372.015,3373.16,3370.08,3370.54,15357
20250724,233000,3370.65,3371.3,3367.38,3368.71,5086
20250725,013000,3369.45,3369.615,3365.205,3368.93,4237
20250725,023000,3368.91,3371.44,3366.855,3369.435,4673
20250725,033000,3369.485,3373.495,3368.455,3372.255,6363
20250725,043000,3372.285,3372.845,3366.47,3370.485,10791
20250725,053000,3370.525,3370.595,3362.465,3363.135,9915
20250725,063000,3363.065,3363.575,3358.67,3359.245,8222
20250725,073000,3359.225,3363.51,3357.925,3360.96,6877
20250725,083000,3360.945,3362.425,3355.325,3358.745,8987
20250725,093000,3358.74,3359.72,3354.715,3359.39,11722
20250725,103000,3359.41,3360.165,3352.78,3354.16,10447
20250725,113000,3354.165,3355.38,3344.54,3345.555,11596
20250725,123000,3345.54,3348.985,3343.145,3345.97,7901
20250725,133000,3345.945,3348.16,3341.07,3342.99,10398
20250725,143000,3343.045,3345.24,3338.8,3341.1,10882
20250725,153000,3341.09,3344.295,3336.345,3340.885,17646
20250725,163000,3340.88,3347.635,3336.94,3343.935,34742
20250725,173000,3343.91,3344.88,3330.625,3331.94,43426
20250725,183000,3331.965,3335.935,3325.115,3327.875,35634
20250725,193000,3327.9,3331.39,3326.245,3329.94,19451
20250725,203000,3329.93,3336.92,3329.67,3336.035,18157
20250725,213000,3336.09,3339.5,3335.995,3338.835,12787
20250725,223000,3338.845,3340.335,3337.195,3337.68,17620
20250725,233000,3337.61,3339.195,3336.11,3337.07,4534
20250728,013000,3329.475,3335.53,3324.02,3329.635,10423
20250728,023000,3329.615,3337.47,3329.395,3333.72,8640
20250728,033000,3333.685,3336.13,3327.755,3333.42,11258
20250728,043000,3333.45,3338.815,3329.98,3332.145,17777
20250728,053000,3332.16,3336.555,3330.67,3335.71,9671
20250728,063000,3335.675,3343.42,3334.56,3343.42,7492
20250728,073000,3343.26,3344.175,3339.525,3339.725,5493
20250728,083000,3339.67,3344.2,3338.085,3343.405,7575
20250728,093000,3343.385,3345.52,3335.85,3340.09,13297
20250728,103000,3340.085,3342.11,3333.96,3335.11,13235
20250728,113000,3335.055,3338.905,3332.405,3336.145,12953
20250728,123000,3336.155,3340.85,3336.03,3337.87,11497
20250728,133000,3337.77,3338.88,3334.295,3335.98,11281
20250728,143000,3336.135,3338.475,3334.46,3336.625,9727
20250728,153000,3336.635,3338.455,3325.67,3328.46,21195
20250728,163000,3328.48,3330.715,3301.765,3302.3,37215
20250728,173000,3302.28,3314.91,3301.82,3308.065,40696
20250728,183000,3308.05,3317.29,3306.725,3314.855,29927
20250728,193000,3314.88,3315.01,3311.495,3312.265,19896
20250728,203000,3312.295,3313.31,3308.84,3310.86,17060
20250728,213000,3310.855,3315.715,3310.355,3313.805,15766
20250728,223000,3313.795,3318.96,3313.08,3317.22,19128
20250728,233000,3317.215,3318.56,3314.27,3314.45,5185
20250729,013000,3313.84,3315.485,3311.92,3314.625,7375
20250729,023000,3314.66,3314.735,3310.465,3312.65,3844
20250729,033000,3312.65,3315.93,3308.16,3311.705,9369
20250729,043000,3311.65,3320.965,3308.53,3318.96,14094
20250729,053000,3318.945,3320.445,3317.53,3318.955,9407
20250729,063000,3318.985,3318.985,3311.29,3312.655,9149
20250729,073000,3312.6,3317.54,3309.11,3316.535,7966
20250729,083000,3316.54,3320.19,3314.365,3319.975,9073
20250729,093000,3320.02,3322.4,3316.31,3317.12,18688
20250729,103000,3317.075,3318.815,3311.34,3317.175,17268
20250729,113000,3317.185,3330.1,3316.81,3326.435,15307
20250729,123000,3326.38,3328.32,3320.93,3324.63,16686
20250729,133000,3324.65,3326.5,3322.02,3322.095,9004
20250729,143000,3322.14,3322.245,3315,3315.335,14870
20250729,153000,3315.33,3324.675,3315.275,3323.35,20474
20250729,163000,3323.37,3324.375,3312.895,3317.655,34334
20250729,173000,3317.555,3329.745,3311.995,3328.935,36474
20250729,183000,3328.99,3334.27,3319.705,3320.695,27323
20250729,193000,3320.77,3324.81,3319.09,3323.28,15817
20250729,203000,3323.26,3329.35,3323.105,3328.325,13099
20250729,213000,3328.34,3330.89,3325.355,3325.825,10321
20250729,223000,3325.84,3328.805,3322.67,3325.075,13014
20250729,233000,3325.105,3326.875,3324.785,3326.67,4957
20250730,013000,3327.68,3329.17,3325.965,3327.69,1792
20250730,023000,3327.7,3328.385,3326.25,3327.56,2717
20250730,033000,3327.57,3333.765,3327.33,3330.305,8183
20250730,043000,3330.205,3333.355,3321.795,3323.255,17037
20250730,053000,3323.24,3332.46,3323.24,3329.465,12511
20250730,063000,3329.41,3329.97,3326.285,3328.44,5433
20250730,073000,3328.445,3329.875,3325.845,3327.19,5534
20250730,083000,3327.195,3330.77,3324.56,3324.96,9754
20250730,093000,3324.965,3327.66,3323.15,3327.345,14027
20250730,103000,3327.37,3332.31,3325.66,3327.775,12410
20250730,113000,3327.875,3333.485,3327.585,3332.285,10621
20250730,123000,3332.24,3334.09,3329.425,3331.335,9855
20250730,133000,3331.255,3333.085,3326.725,3328.515,15292
20250730,143000,3328.505,3331.68,3324.045,3330.93,17701
20250730,153000,3330.94,3331.965,3310.815,3313.38,28504
20250730,163000,3313.375,3316.28,3298.425,3303.135,49047
20250730,173000,3303.12,3308.455,3301.355,3302.205,32541
20250730,183000,3302.22,3303.425,3288.605,3290.445,29216
20250730,193000,3290.45,3298.69,3290.02,3298.175,16263
20250730,203000,3298.2,3302.58,3297.81,3302.485,16682
20250730,213000,3302.47,3305.19,3279.78,3280.39,48005
20250730,223000,3280.43,3282.77,3268.12,3269.4,47744
20250730,233000,3269.405,3276.435,3268.94,3275.29,10769
20250731,013000,3277.29,3279.97,3276.285,3278.915,3965
20250731,023000,3278.91,3285.91,3277.74,3285.41,5067
20250731,033000,3285.405,3288.485,3282.875,3286.475,11373
20250731,043000,3286.48,3293.99,3285.04,3293.86,16534
20250731,053000,3293.91,3297.655,3290.575,3297.455,9768
20250731,063000,3297.445,3298.76,3293.56,3294.94,9138
20250731,073000,3294.915,3298.51,3293.77,3298.15,7068
20250731,083000,3298.13,3301.96,3294.83,3299.87,9167
20250731,093000,3299.865,3305.135,3298.14,3299.125,15329
20250731,103000,3299.14,3309.88,3298.125,3304.765,11746
20250731,113000,3304.8,3314.985,3303.785,3309.915,12172
20250731,123000,3309.92,3313.13,3304.97,3306.79,13024
20250731,133000,3306.755,3308.24,3293.785,3296.35,17665
20250731,143000,3296.36,3307.875,3295.31,3306.275,20664
20250731,153000,3306.27,3311.285,3304.08,3307.685,21981
20250731,163000,3307.69,3310.455,3300.72,3301.39,34276
20250731,173000,3301.37,3303.31,3291.425,3296.19,43655
20250731,183000,3296.185,3299.145,3291.385,3295.505,32034
20250731,193000,3295.525,3297.475,3289.7,3295.14,27246
20250731,203000,3295.08,3298.495,3294.175,3294.995,22280
20250731,213000,3295.02,3297.22,3292.895,3295.745,19741
20250731,223000,3295.69,3296.385,3290.575,3291.025,18316
20250731,233000,3290.995,3293.825,3289.91,3290.12,4698
20250801,013000,3291.675,3295.33,3290.19,3295.105,1673
20250801,023000,3295.165,3295.165,3288.125,3288.645,4042
20250801,033000,3288.585,3293.945,3286.61,3290.265,6766
20250801,043000,3290.21,3293.53,3281.745,3283.855,11263
20250801,053000,3283.79,3292.425,3283.465,3291.785,10139
20250801,063000,3291.77,3297.19,3290.655,3291.505,6051
20250801,073000,3291.52,3295.535,3290.115,3292.19,5350
20250801,083000,3292.2,3300.54,3291.835,3296.695,7566
20250801,093000,3296.695,3297.7,3290.605,3292.515,11737
20250801,103000,3292.51,3293.535,3285.265,3286.84,9059
20250801,113000,3286.695,3294.495,3285.33,3294.36,9195
20250801,123000,3294.375,3296.44,3292.825,3294.555,9470
20250801,133000,3294.485,3303.18,3293.32,3298.34,9508
20250801,143000,3298.36,3301.5,3297.03,3300.495,12263
20250801,153000,3300.51,3345.275,3297.52,3341.26,47066
20250801,163000,3341.275,3354.875,3338.89,3342.325,57422
20250801,173000,3342.495,3355.182,3341.33,3345.88,48116
20250801,183000,3345.87,3351.295,3341.615,3348.635,32476
20250801,193000,3348.63,3349.53,3340.63,3347.4,22951
20250801,203000,3347.31,3349.49,3345.715,3348.25,21110
20250801,213000,3348.245,3351.325,3345.905,3347.665,18263
20250801,223000,3347.67,3361.335,3347.66,3357.185,23220
20250801,233000,3357.2,3363.6,3357.06,3362.895,6081
20250804,013000,3364.795,3364.815,3357.815,3359.34,6586
20250804,023000,3359.425,3362.24,3354.68,3362.215,4426
20250804,033000,3362.205,3362.5,3350.2,3352.265,8181
20250804,043000,3352.2,3353.75,3345.005,3352.355,10280
20250804,053000,3352.335,3355.4,3350.335,3354.4,6948
20250804,063000,3354.55,3360.925,3354.43,3360.35,6297
20250804,073000,3360.335,3362.25,3358.77,3359,4641
20250804,083000,3359.015,3361.02,3355.54,3357.68,4672
20250804,093000,3357.695,3362.705,3353.57,3362.62,12001
20250804,103000,3362.64,3362.64,3351.775,3355.905,13229
20250804,113000,3355.985,3359.93,3354.09,3358.605,10258
20250804,123000,3358.62,3361.86,3356.88,3358.045,12083
20250804,133000,3358.05,3358.835,3352.89,3357.965,10542
20250804,143000,3358,3370.785,3357.84,3370.41,14122
20250804,153000,3370.57,3371.595,3361.175,3367.815,19939
20250804,163000,3367.81,3385.535,3367.075,3383.315,34255
20250804,173000,3383.355,3384.695,3371.91,3374.035,28351
20250804,183000,3374.02,3376.17,3370.82,3374.37,20408
20250804,193000,3374.365,3378.24,3370.625,3370.97,17915
20250804,203000,3370.965,3374.415,3370.705,3374.09,12818
20250804,213000,3374.095,3376.915,3373.32,3375.835,11989
20250804,223000,3375.845,3377.205,3374.58,3376.145,9517
20250804,233000,3376.09,3377.045,3373.405,3373.635,2732
20250805,013000,3376.195,3376.52,3373.76,3374.86,1691
20250805,023000,3374.825,3379.785,3374.825,3377.385,3661
20250805,033000,3377.4,3381.46,3375.925,3379.875,5499
20250805,043000,3379.9,3382.37,3377.875,3379.1,8298
20250805,053000,3379.055,3381.405,3373.71,3373.71,7097
20250805,063000,3373.695,3375.515,3372.145,3372.2,4442
20250805,073000,3372.17,3373.255,3371.025,3371.27,2745
20250805,083000,3371.21,3374.18,3367.765,3374.14,8335
20250805,093000,3374.1,3374.195,3365.79,3366.285,9497
20250805,103000,3366.275,3375.51,3366.16,3373.71,14908
20250805,113000,3373.71,3374.66,3366.09,3366.13,11961
20250805,123000,3366.12,3366.32,3358.955,3359.66,12431
20250805,133000,3359.68,3361.79,3353.035,3353.225,12566
20250805,143000,3353.19,3354.465,3349.89,3351.455,12640
20250805,153000,3351.435,3367.005,3349.97,3366.22,19288
20250805,163000,3366.225,3379.825,3365.955,3373.66,25734
20250805,173000,3374.2,3386.66,3370.625,3385.29,40272
20250805,183000,3385.285,3390.245,3382.32,3389.555,19326
20250805,193000,3389.565,3390.6,3377.005,3382.11,15152
20250805,203000,3382.14,3382.915,3379.035,3380.205,13404
20250805,213000,3380.21,3381.27,3378.545,3380.13,10534
20250805,223000,3380.125,3381.455,3378.265,3379.135,9749
20250805,233000,3379.13,3381.125,3378.56,3380.96,2106
20250806,013000,3381.475,3381.505,3378.245,3379.83,1614
20250806,023000,3379.815,3384.09,3379.14,3383.345,3452
20250806,033000,3383.38,3385.365,3380.945,3383.505,6886
20250806,043000,3383.5,3383.715,3373.22,3376.285,11516
20250806,053000,3376.26,3377.935,3374.28,3376.335,6630
20250806,063000,3376.35,3378.43,3373.515,3374.75,4167
20250806,073000,3374.73,3376.585,3372.315,3372.56,2974
20250806,083000,3372.5,3374.795,3370.795,3374.395,6283
20250806,093000,3374.39,3378.845,3373.22,3375.215,9140
20250806,103000,3375.22,3377.27,3369.1,3373.685,10559
20250806,113000,3373.645,3374.86,3364.7,3365.205,11321
20250806,123000,3365.17,3367.965,3358.255,3358.93,11220
20250806,133000,3358.94,3365.585,3358.295,3363.77,12210
20250806,143000,3363.705,3367.05,3360.885,3365.27,8763
20250806,153000,3365.265,3369.35,3360.265,3367.615,16655
20250806,163000,3367.6,3373.625,3365.22,3371.75,30447
20250806,173000,3371.735,3379.4,3369.48,3379.31,23308
20250806,183000,3379.305,3380.09,3370.33,3377.555,23972
20250806,193000,3377.565,3379.465,3372.95,3376.175,18009
20250806,203000,3376.18,3377.74,3370.925,3374.585,23556
20250806,213000,3374.595,3374.64,3369.07,3371.655,18160
20250806,223000,3371.645,3373.275,3370.345,3371.78,16809
20250806,233000,3371.71,3372.215,3367.26,3369.27,5796
20250807,013000,3372.44,3374.71,3370.05,3372,4494
20250807,023000,3371.9,3371.9,3367.77,3370.21,6393
20250807,033000,3370.215,3374.84,3365.305,3372.385,30168
20250807,043000,3372.375,3382.485,3370.215,3382.42,29120
20250807,053000,3382.425,3384.3,3378.255,3379.725,11775
20250807,063000,3379.765,3380.345,3376.525,3379.74,12532
20250807,073000,3379.76,3380.76,3376.89,3377.74,14883
20250807,083000,3377.73,3381.17,3371.645,3375.64,32049
20250807,093000,3375.655,3388.005,3375.115,3387.98,38692
20250807,103000,3387.985,3397.58,3386.265,3396.24,32260
20250807,113000,3396.31,3396.645,3372.395,3378.51,50515
20250807,123000,3378.49,3381.315,3373.535,3376.68,38758
20250807,133000,3376.715,3378.91,3371.92,3373.095,22634
20250807,143000,3373.155,3383.415,3371.87,3378.29,36262
20250807,153000,3378.335,3389.98,3375.14,3380.735,29512
20250807,163000,3380.74,3393.965,3379.97,3384.995,48070
20250807,173000,3385.015,3390.5,3374.77,3387.815,68722
20250807,183000,3387.865,3391.065,3384.33,3390.255,27240
20250807,193000,3390.25,3392.685,3387.2,3388.9,19322
20250807,203000,3388.855,3393.12,3384.375,3392.4,25596
20250807,213000,3392.425,3394.18,3387.625,3388.26,20592
20250807,223000,3388.255,3400.895,3387.33,3399.945,31854
20250807,233000,3399.91,3401.885,3392.765,3396.48,24882
20250808,013000,3400.365,3409.43,3387.965,3405.44,21045
20250808,023000,3405.38,3407.425,3396.485,3400.625,6878
20250808,033000,3400.64,3402.34,3387.155,3388.802,79465
20250808,043000,3389.42,3390.68,3381.215,3383.54,64517
20250808,053000,3383.53,3389.925,3383.21,3388.425,46728
20250808,063000,3388.43,3398.21,3383.58,3396.05,64339
20250808,073000,3396.12,3399.595,3393.36,3394.475,48272
20250808,083000,3394.5,3395.88,3390.04,3392.44,47393
20250808,093000,3392.38,3398.18,3388.8,3393.695,59705
20250808,103000,3393.63,3404.28,3391.775,3402.33,80753
20250808,113000,3402.225,3402.635,3394.16,3394.455,56584
20250808,123000,3394.445,3401.755,3393.9,3400.795,71907
20250808,133000,3400.735,3401.24,3384.535,3385.155,74876
20250808,143000,3385.12,3388.705,3380.455,3386.17,85372
20250808,153000,3386.18,3402.57,3385.15,3391.615,103628
20250808,163000,3391.575,3401.82,3387.585,3400.16,83943
20250808,173000,3400.145,3401.34,3381.32,3390.715,65037
20250808,183000,3390.73,3395.505,3388.905,3395.42,48993
20250808,193000,3395.425,3400.75,3393.495,3397.57,35860
20250808,203000,3397.47,3399.59,3378.335,3381.835,35102
20250808,213000,3382.88,3403.96,3376.575,3395.555,75544
20250808,223000,3395.5,3400.885,3392.4,3398.585,43793
20250808,233000,3398.76,3400.065,3391.965,3397.765,14750
20250811,013000,3399.75,3401.395,3378.895,3395.295,7523
20250811,023000,3395.205,3397.035,3390.115,3391.39,6473
20250811,033000,3391.535,3391.825,3381.425,3381.74,31185
20250811,043000,3381.745,3383.975,3367.55,3377.645,44531
20250811,053000,3377.645,3379.895,3369.895,3377.27,21472
20250811,063000,3377.265,3380.305,3374.025,3378.44,13943
20250811,073000,3378.61,3379.86,3375.54,3375.975,12366
20250811,083000,3375.91,3380.2,3373.865,3377.115,12934
20250811,093000,3377.13,3377.42,3363.815,3365.815,28244
20250811,103000,3365.75,3366.67,3357.02,3360.185,37920
20250811,113000,3360.13,3366.15,3358.95,3362.01,29173
20250811,123000,3361.98,3363.955,3352.965,3353.355,30220
20250811,133000,3353.365,3364.11,3353.11,3358.505,24378
20250811,143000,3358.555,3358.91,3349.915,3355.435,32202
20250811,153000,3355.46,3357.705,3344.42,3356.91,39961
20250811,163000,3356.86,3363.005,3348.04,3358.545,42623
20250811,173000,3358.615,3359.445,3341.46,3346.38,35719
20250811,183000,3346.435,3352.325,3344.855,3349.54,24966
20250811,193000,3349.545,3350.4,3342.64,3344.21,25909
20250811,203000,3344.205,3358.88,3341.155,3357.635,38464
20250811,213000,3357.645,3358.865,3352.435,3356.255,21417
20250811,223000,3356.26,3356.92,3350.41,3351.525,18259
20250811,233000,3351.495,3351.785,3342.335,3342.665,8508
20250812,013000,3344.04,3347.51,3342.495,3347.365,4689
20250812,023000,3347.345,3349.69,3346.155,3349.09,4959
20250812,033000,3349.125,3355.77,3347.42,3354.595,11053
20250812,043000,3354.59,3357.51,3346.225,3349.945,15763
20250812,053000,3349.885,3354.475,3349.795,3353.075,9749
20250812,063000,3353.085,3355.42,3348.16,3349.57,10659
20250812,073000,3349.54,3355.77,3348.735,3354.47,8175
20250812,083000,3354.46,3355.87,3350.445,3354.515,11736
20250812,093000,3354.525,3354.91,3342.31,3345.58,22637
20250812,103000,3345.59,3358.25,3343.84,3355.64,14242
20250812,113000,3355.63,3355.875,3345.585,3347.96,12931
20250812,123000,3347.975,3351.915,3344.385,3345.495,10746
20250812,133000,3345.46,3350.59,3343.965,3344.745,10143
20250812,143000,3344.8,3348.475,3336.215,3347.605,18399
20250812,153000,3347.6,3358.2,3338.54,3349.95,38971
20250812,163000,3349.88,3357.25,3340.03,3345.575,51406
20250812,173000,3345.55,3346.715,3331.17,3337.595,42324
20250812,183000,3337.6,3359.34,3337.05,3349.81,41477
20250812,193000,3349.845,3351.275,3345.985,3349.525,21570
20250812,203000,3349.53,3350.77,3346.43,3349.1,15790
20250812,213000,3349.1,3350.93,3347.6,3349.105,15812
20250812,223000,3349.09,3349.49,3345.595,3347.66,14289
20250812,233000,3347.655,3350.275,3346.025,3348.345,4389
20250813,013000,3350.165,3353.875,3349.295,3350.58,1845
20250813,023000,3350.565,3352.145,3349.785,3350.66,2659
20250813,033000,3350.645,3350.86,3342.635,3343.625,13040
20250813,043000,3343.64,3352.085,3342.695,3350.97,15676
20250813,053000,3350.99,3354.505,3346.675,3351.905,13242
20250813,063000,3351.915,3353.06,3348.63,3349.72,8061
20250813,073000,3349.705,3352.415,3348.29,3351.82,4128
20250813,083000,3351.805,3352.175,3345.57,3349.29,11846
20250813,093000,3349.28,3357.78,3348.945,3357.35,17962
20250813,103000,3357.345,3360.985,3354.06,3354.74,15881
20250813,113000,3354.71,3363.615,3352.915,3360.38,15632
20250813,123000,3360.43,3366.805,3358.69,3364.8,15318
20250813,133000,3364.735,3367.095,3363.16,3366.18,10417
20250813,143000,3366.175,3367.09,3358.925,3362.42,19486
20250813,153000,3362.435,3363.9,3355.545,3358.125,25214
20250813,163000,3358.095,3365.95,3354.16,3365.175,29691
20250813,173000,3365.185,3370.825,3361.12,3363.185,27954
20250813,183000,3363.22,3363.865,3354.495,3357.795,22398
20250813,193000,3357.81,3360.94,3357.035,3357.915,14618
20250813,203000,3357.91,3359.44,3352.765,3353.725,13933
20250813,213000,3353.74,3354.475,3350.015,3353.825,10678
20250813,223000,3353.83,3358.89,3352.695,3357.99,7289
20250813,233000,3357.885,3358.315,3355.6,3355.695,1990
20250814,013000,3357.46,3358.395,3356.71,3357.665,1246
20250814,023000,3357.68,3363.595,3357.68,3362.95,4838
20250814,033000,3362.945,3374.805,3362.87,3369.61,13493
20250814,043000,3369.585,3370.935,3365.235,3367.49,13892
20250814,053000,3367.505,3369.33,3362.835,3362.86,12625
20250814,063000,3362.85,3364.14,3355.595,3360.64,16306
20250814,073000,3360.71,3361.85,3358.65,3360.5,7441
20250814,083000,3360.51,3362.08,3356.38,3358.96,9024
20250814,093000,3358.915,3362.48,3355.94,3362.15,16198
20250814,103000,3362.13,3366.65,3343.605,3346.15,23491
20250814,113000,3346.07,3350.435,3341.455,3346.23,20214
20250814,123000,3346.225,3359.215,3345.155,3356.56,15170
20250814,133000,3356.535,3359.195,3352.15,3355.01,12126
20250814,143000,3355.005,3357.18,3352.67,3355.545,10360
20250814,153000,3355.56,3358.53,3342.125,3350.64,32030
20250814,163000,3350.555,3356.175,3343.77,3344.22,40631
20250814,173000,3344.17,3346.75,3334.245,3340.685,36953
20250814,183000,3340.77,3343.03,3335.53,3341.865,21493
20250814,193000,3341.89,3342.15,3329.85,3334.44,19593
20250814,203000,3334.45,3338.665,3331.915,3337.855,14794
20250814,213000,3337.87,3339.375,3336.055,3338.27,11522
20250814,223000,3338.265,3341.08,3337.975,3338.055,7823
20250814,233000,3338.04,3338.6,3334.565,3335.585,3681
20250815,013000,3336.795,3337.215,3332.635,3333.51,2965
20250815,023000,3333.535,3336.595,3332.34,3335.51,2780
20250815,033000,3335.515,3338.715,3332.425,3337.085,8167
20250815,043000,3337.105,3340.41,3333.415,3339.705,9893
20250815,053000,3339.66,3340.945,3336.71,3340.53,6854
20250815,063000,3340.525,3345.015,3340.15,3343.455,5976
20250815,073000,3343.405,3346.765,3343.375,3345.515,6666
20250815,083000,3345.52,3348.915,3342.035,3343.87,6744
20250815,093000,3343.87,3344.165,3340.3,3340.6,7242
20250815,103000,3340.575,3346.775,3340.175,3346.445,10939
20250815,113000,3346.465,3348.265,3338.43,3341.47,11410
20250815,123000,3341.455,3345.13,3338.605,3342.78,9571
20250815,133000,3342.845,3342.845,3336.345,3337.85,8980
20250815,143000,3337.865,3344.145,3337.205,3342.355,11514
20250815,153000,3342.405,3344.05,3333.6,3342.74,22686
20250815,163000,3342.775,3346.1,3333.06,3335.485,26168
20250815,173000,3335.285,3343.715,3335.08,3341.9,18857
20250815,183000,3341.86,3345.245,3341.35,3342.375,11749
20250815,193000,3342.39,3342.505,3335.86,3338.225,12921
20250815,203000,3338.24,3339.08,3335.205,3336.12,7047
20250815,213000,3336.17,3338.355,3334.82,3336.085,5491
20250815,223000,3336.105,3339.685,3334.485,3339.115,9671
20250815,233000,3339.135,3339.5,3335.34,3335.7,3689
20250818,013000,3335.23,3335.77,3333.1,3334.435,2163
20250818,023000,3334.42,3334.63,3323.685,3327.16,5772
20250818,033000,3327.165,3342.92,3326.975,3340.575,15212
20250818,043000,3340.57,3347.56,3339.685,3346.985,17112
20250818,053000,3346.95,3347.695,3342.395,3343.515,9201
20250818,063000,3343.46,3351.88,3343.425,3347.225,7883
20250818,073000,3347.18,3358.275,3346.955,3357.63,9213
20250818,083000,3357.635,3358.49,3346.615,3349.595,14034
20250818,093000,3349.6,3351.3,3346.18,3349.645,12139
20250818,103000,3349.67,3355.805,3347.3,3349.045,15260
20250818,113000,3349.05,3349.95,3344.645,3348.72,12056
20250818,123000,3348.69,3351.775,3347.6,3348.07,12296
20250818,133000,3348.06,3351.525,3346.56,3346.635,9450
20250818,143000,3346.63,3348.8,3344.74,3345.485,8717
20250818,153000,3345.5,3348.795,3343.125,3344.835,17537
20250818,163000,3344.815,3345.03,3335.69,3336.89,26935
20250818,173000,3336.885,3338.76,3332.585,3334.375,27010
20250818,183000,3334.41,3336.9,3332.335,3335.72,16291
20250818,193000,3335.73,3335.905,3331.775,3334.33,12069
20250818,203000,3334.335,3335,3331.78,3333.73,10575
20250818,213000,3333.74,3333.93,3331.575,3332.05,6111
20250818,223000,3332.065,3334.375,3330.355,3333.635,6446
20250818,233000,3333.65,3334.285,3332.6,3332.895,1658
20250819,013000,3333.695,3334.765,3332.905,3334.455,1206
20250819,023000,3334.515,3334.75,3330.565,3330.965,3532
20250819,033000,3330.915,3339.355,3326.285,3335.24,11867
20250819,043000,3335.3,3335.68,3330.305,3333.04,12622
20250819,053000,3332.935,3338.245,3329.52,3338.225,8556
20250819,063000,3338.22,3341.695,3337.13,3337.83,10503
20250819,073000,3337.835,3338.22,3334.525,3337.77,4806
20250819,083000,3337.7,3340.805,3335.775,3336.17,8071
20250819,093000,3336.165,3338.81,3334.585,3336.055,7297
20250819,103000,3336.08,3341.885,3335.04,3340.835,9296
20250819,113000,3340.86,3341.115,3336.455,3338.005,6290
20250819,123000,3338.01,3339.77,3336.955,3339.355,5204
20250819,133000,3339.39,3345.465,3339.35,3343.74,5703
20250819,143000,3343.705,3344.91,3339.305,3339.78,7112
20250819,153000,3339.8,3340.605,3334.345,3334.76,10923
20250819,163000,3334.745,3339.555,3325.785,3334.05,22249
20250819,173000,3334.03,3337,3320.965,3325.4,22011
20250819,183000,3325.46,3326.755,3321.69,3322.69,11798
20250819,193000,3322.705,3324.475,3317.1,3317.575,10874
20250819,203000,3317.55,3320.335,3315.005,3317.6,10598
20250819,213000,3317.59,3320.22,3316.83,3318.555,5716
20250819,223000,3318.555,3319.005,3315.575,3315.965,9519
20250819,233000,3315.98,3317.525,3315.13,3315.7,2275
20250820,013000,3316.49,3317.725,3315.815,3316.895,1590
20250820,023000,3316.85,3316.85,3313.005,3314.395,3821
20250820,033000,3314.405,3317.025,3312.815,3316.16,9014
20250820,043000,3316.165,3317.88,3311.56,3315.38,14717
20250820,053000,3315.34,3317.23,3312.425,3314.095,9524
20250820,063000,3314.085,3318.71,3314.065,3317.65,7880
20250820,073000,3317.665,3320.97,3317.25,3318.7,4715
20250820,083000,3318.72,3324.02,3318.29,3323.545,7671
20250820,093000,3323.55,3326.015,3322.255,3323.21,13257
20250820,103000,3323.19,3327.61,3321.69,3324.89,8843
20250820,113000,3324.86,3325.815,3321.07,3325.13,10051
20250820,123000,3325.105,3327.54,3323.67,3326.31,9448
20250820,133000,3326.275,3328,3323.87,3326.54,8996
20250820,143000,3326.55,3332.975,3325.855,3332.435,13609
20250820,153000,3332.445,3344.885,3332.21,3342.925,21672
20250820,163000,3342.93,3348.365,3338.905,3344.975,23180
20250820,173000,3344.96,3350.275,3340.09,3347.095,19675
20250820,183000,3347.09,3347.11,3338.95,3340.83,13240
20250820,193000,3340.835,3346.16,3340.825,3345.285,10957
20250820,203000,3345.295,3348.175,3344.2,3347.065,9466
20250820,213000,3347.065,3347.225,3344.095,3345.8,11669
20250820,223000,3345.795,3349.325,3345.18,3348.77,10989
20250820,233000,3348.745,3349.42,3347.585,3348.485,2776
20250821,013000,3351.2,3352.3,3348.73,3349.78,3047
20250821,023000,3349.7,3349.715,3346.495,3347.08,2224
20250821,033000,3347.065,3347.065,3341.585,3342.29,5714
20250821,043000,3342.295,3346.6,3340.805,3342.845,9735
20250821,053000,3342.785,3345.105,3340.465,3344.76,6849
20250821,063000,3344.745,3344.885,3339.735,3339.91,4837
20250821,073000,3339.885,3341.235,3338.03,3338.385,3641
20250821,083000,3338.395,3340.885,3337.15,3338.905,6543
20250821,093000,3338.89,3339.95,3334.285,3336.765,9761
20250821,103000,3336.75,3341.615,3335.54,3339.775,8270
20250821,113000,3339.76,3341.44,3337.85,3339.615,7581
20250821,123000,3339.62,3342.285,3338.09,3340.86,8191
20250821,133000,3340.885,3341.745,3327.6,3328.535,12303
20250821,143000,3328.53,3334.505,3325.28,3333.7,12871
20250821,153000,3333.7,3345.135,3333.7,3341.92,22662
20250821,163000,3341.945,3347.645,3336.095,3339.405,27337
20250821,173000,3339.425,3348.24,3337.915,3344.27,30362
20250821,183000,3344.285,3346.335,3337.56,3343.77,23344
20250821,193000,3343.765,3344.045,3338.345,3339.805,13942
20250821,203000,3339.815,3342.175,3337.04,3337.095,11466
20250821,213000,3337.145,3339.615,3336.655,3339.385,7815
20250821,223000,3339.395,3341.995,3337.995,3338.935,7476
20250821,233000,3338.93,3339.305,3337.98,3338.71,1221
20250822,013000,3340.14,3340.775,3338.765,3339.025,1456
20250822,023000,3339.05,3339.635,3337.52,3338.525,2065
20250822,033000,3338.52,3339.895,3335.185,3339.66,5575
20250822,043000,3339.665,3340.34,3333.72,3334.065,8447
20250822,053000,3334.06,3336.27,3332.845,3334.18,7183
20250822,063000,3334.145,3335.44,3331.85,3332.015,6073
20250822,073000,3332.05,3332.745,3328.075,3328.51,5389
20250822,083000,3328.49,3331.555,3327.21,3330.17,6583
20250822,093000,3330.155,3330.47,3325.675,3329.62,9998
20250822,103000,3329.605,3335.15,3325.785,3327.54,14371
20250822,113000,3327.545,3330.835,3325.38,3328.875,12759
20250822,123000,3328.87,3331.88,3328.245,3330.27,6972
20250822,133000,3330.3,3331.775,3329.05,3330.995,6478
20250822,143000,3331,3331.105,3327.7,3329.425,9631
20250822,153000,3329.37,3330.01,3321.455,3323.595,25031
20250822,163000,3323.6,3336.31,3323.275,3334.005,20537
20250822,173000,3333.97,3376.765,3333.97,3373.9,74360
20250822,183000,3373.89,3378.835,3367.345,3367.85,31923
20250822,193000,3367.785,3374.325,3367.785,3370.47,13558
20250822,203000,3370.485,3375.555,3370.385,3374.35,9686
20250822,213000,3374.33,3375.115,3371.085,3372.76,9223
20250822,223000,3372.785,3373.585,3368.835,3373.23,12224
20250822,233000,3373.21,3373.675,3370.19,3371.23,4731
20250825,013000,3368.725,3370.095,3365.995,3367.42,2044
20250825,023000,3367.47,3371.145,3366.54,3369.155,3327
20250825,033000,3369.145,3369.725,3363.435,3364.895,7182
20250825,043000,3365.015,3367.975,3360.69,3362.92,8565
20250825,053000,3362.915,3365.285,3359.78,3364.575,7011
20250825,063000,3364.52,3368.24,3364.3,3367.36,4776
20250825,073000,3367.35,3367.685,3363.885,3366.21,3642
20250825,083000,3366.205,3366.235,3363.16,3364.78,3585
20250825,093000,3364.765,3369.64,3364.675,3368.975,5822
20250825,103000,3368.97,3369.965,3366.005,3366.18,5078
20250825,113000,3366.255,3366.815,3363.395,3364.06,4892
20250825,123000,3364.03,3368.165,3361.985,3367.475,5350
20250825,133000,3367.51,3368.6,3365.095,3365.995,4802
20250825,143000,3366.005,3371.675,3365.705,3370.625,4935
20250825,153000,3370.685,3371.32,3364.25,3364.525,7669
20250825,163000,3364.55,3371.45,3362.14,3370.805,15580
20250825,173000,3370.825,3375.425,3369.24,3374.49,18408
20250825,183000,3374.49,3376.375,3372,3374.055,9983
20250825,193000,3374.05,3374.42,3371.79,3373.975,6107
20250825,203000,3374.005,3374.945,3370.92,3371.06,6563
20250825,213000,3371.075,3373.315,3369.96,3370.62,5729
20250825,223000,3370.61,3370.985,3365.205,3365.405,8220
20250825,233000,3365.41,3366.135,3364.335,3365.72,3103
20250826,013000,3366.605,3367.23,3363.795,3364.225,1809
20250826,023000,3364.22,3364.275,3351.68,3354.98,10718
20250826,033000,3354.99,3386.685,3351.33,3383.18,37159
20250826,043000,3383.145,3384.95,3371.665,3376.94,23978
20250826,053000,3376.85,3379.17,3372.88,3375.435,10571
20250826,063000,3375.35,3375.555,3369.735,3372.315,10180
20250826,073000,3372.26,3379.095,3372.155,3377.57,7905
20250826,083000,3377.59,3379.17,3372.58,3376.685,10569
20250826,093000,3376.65,3377.825,3372.525,3376.31,14187
20250826,103000,3376.315,3379.185,3367.19,3376.835,17419
20250826,113000,3376.82,3379.98,3375.645,3376.83,13756
20250826,123000,3376.825,3378.73,3369.51,3372.11,14028
20250826,133000,3372.09,3375.33,3367.09,3372.135,11508
20250826,143000,3372.165,3380.515,3370.875,3377.635,18852
20250826,153000,3377.635,3379.805,3371.015,3372.13,20800
20250826,163000,3372.13,3378.27,3370.535,3375.85,32147
20250826,173000,3375.845,3379.715,3370.31,3379.495,26271
20250826,183000,3379.51,3389.415,3378.695,3386.705,18930
20250826,193000,3386.71,3387.765,3382.545,3383.075,15979
20250826,203000,3383.1,3385.87,3381.62,3381.77,12167
20250826,213000,3381.775,3385.78,3380.355,3385.695,10803
20250826,223000,3385.69,3390.965,3385.195,3389.75,13894
20250826,233000,3389.735,3393.745,3389.24,3393.745,2990
20250827,013000,3390.75,3391.935,3388.88,3391.065,2461
20250827,023000,3390.99,3392.885,3390.05,3390.925,2730
20250827,033000,3390.935,3393.55,3388.99,3389.585,10102
20250827,043000,3389.59,3390.04,3383.335,3386.385,15420
20250827,053000,3386.335,3387.15,3382.225,3384.22,9764
20250827,063000,3384.335,3384.56,3380.535,3380.645,7335
20250827,073000,3380.64,3381.245,3373.92,3374.99,10001
20250827,083000,3375.06,3379.005,3374.095,3377.325,9327
20250827,093000,3377.33,3382.075,3376.37,3377.435,12131
20250827,103000,3377.43,3381.69,3373.785,3381.595,12999
20250827,113000,3381.57,3385.075,3380.95,3384.665,13190
20250827,123000,3384.68,3385.58,3377.555,3378.165,10060
20250827,133000,3378.185,3379.29,3374.85,3375.55,16717
20250827,143000,3375.57,3378.21,3373.75,3376.8,11329
20250827,153000,3376.76,3382.98,3374.34,3381.195,21007
20250827,163000,3381.265,3384.98,3375.63,3377.9,29013
20250827,173000,3377.925,3386.975,3376.145,3386.575,23824
20250827,183000,3386.625,3390.44,3385.225,3388.095,16004
20250827,193000,3388.145,3398.79,3387.62,3395.55,20790
20250827,203000,3395.52,3397.505,3394.92,3395.235,16266
20250827,213000,3395.215,3396.35,3392.38,3394.585,12128
20250827,223000,3394.605,3396.445,3393.79,3396.295,11094
20250827,233000,3396.325,3398.315,3394.295,3397.72,4908
20250828,013000,3398.405,3398.73,3394.725,3395.895,2586
20250828,023000,3395.895,3399.365,3395.16,3395.76,4925
20250828,033000,3395.755,3398.14,3391.19,3391.98,8490
20250828,043000,3391.985,3392.87,3385.53,3386.005,22945
20250828,053000,3385.905,3391.565,3384.62,3391.55,14129
20250828,063000,3391.54,3392.545,3389.045,3390.295,8585
20250828,073000,3390.26,3392.315,3388.825,3390.39,4485
20250828,083000,3390.385,3391.03,3387.685,3389.275,7838
20250828,093000,3389.28,3395.835,3388.89,3395.45,14689
20250828,103000,3395.455,3397.79,3393.765,3395.92,13438
20250828,113000,3395.98,3401.12,3394.085,3400.775,15427
20250828,123000,3400.79,3401.73,3398.49,3399.23,9280
20250828,133000,3399.15,3399.21,3393.955,3397.15,17219
20250828,143000,3397.08,3407.645,3396.39,3404.195,18556
20250828,153000,3404.18,3408.78,3396.855,3397.27,36024
20250828,163000,3397.275,3410.53,3394.28,3407.22,43845
20250828,173000,3407.295,3413.645,3406.465,3412.44,32769
20250828,183000,3412.44,3413.365,3404.565,3411.045,21611
20250828,193000,3411.05,3417.82,3410.05,3415.59,20382
20250828,203000,3415.595,3418.905,3414.595,3418.035,19441
20250828,213000,3418.05,3420.455,3417.31,3420.205,14763
20250828,223000,3420.215,3423.18,3418.035,3422.125,25538
20250828,233000,3422.135,3422.455,3416.38,3417.06,6975
20250829,013000,3417.035,3417.82,3415.675,3416.78,2210
20250829,023000,3416.685,3416.75,3414.79,3414.8,2185
20250829,033000,3414.81,3417.945,3413.095,3413.475,10998
20250829,043000,3413.5,3413.645,3407.905,3409.895,20453
20250829,053000,3409.83,3414.125,3409.795,3411.44,13917
20250829,063000,3411.455,3413.69,3409.945,3410.96,7929
20250829,073000,3410.82,3411.51,3407.505,3408.915,7915
20250829,083000,3408.965,3410.865,3407.125,3410.46,8340
20250829,093000,3410.465,3412.79,3407.865,3410.23,9801
20250829,103000,3410.225,3412.76,3406.565,3412.355,18507
20250829,113000,3412.35,3414.92,3409.69,3410.45,19585
20250829,123000,3410.445,3411.23,3406.885,3407.455,19166
20250829,133000,3407.46,3408.92,3404.8,3405.655,15014
20250829,143000,3405.66,3411.395,3404.315,3410.915,17992
20250829,153000,3410.865,3416.905,3406.87,3416.525,32330
20250829,163000,3416.51,3429.19,3413.58,3428.6,41159
20250829,173000,3428.74,3441.19,3428.74,3441.16,65325
20250829,183000,3441.12,3447.79,3439.02,3445.655,41396
20250829,193000,3445.635,3449.515,3442.36,3449.355,29191
20250829,203000,3449.285,3450.265,3441.045,3443.865,27842
20250829,213000,3443.89,3445.645,3441.125,3442.885,24008
20250829,223000,3442.905,3453.97,3441.57,3452.84,39010
20250829,233000,3452.845,3452.88,3445.825,3447.435,12062
20250901,013000,3445.43,3453.13,3442.39,3450.425,7591
20250901,023000,3450.39,3450.935,3444.78,3447.88,5719
20250901,033000,3447.85,3447.85,3442.6,3444.095,14201
20250901,043000,3444.1,3459.47,3437.025,3457.32,27309
20250901,053000,3457.3,3484.94,3455.195,3483.5,55764
20250901,063000,3483.49,3486.262,3469.59,3474.77,32654
20250901,073000,3474.775,3479.395,3472.165,3475.305,14630
20250901,083000,3475.27,3482.95,3474.25,3477.175,28025
20250901,093000,3477.165,3489.845,3476.775,3479.035,29190
20250901,103000,3479.085,3480.71,3467.59,3477.945,28642
20250901,113000,3477.955,3480.04,3474.565,3476.965,19777
20250901,123000,3476.955,3477.135,3467.325,3469.51,18585
20250901,133000,3469.49,3474.12,3466.385,3470.675,17328
20250901,143000,3470.63,3473.69,3467.725,3470.26,12471
20250901,153000,3470.29,3471.89,3467.295,3469.515,15633
20250901,163000,3469.58,3479.275,3468.925,3475.37,16693
20250901,173000,3475.305,3481.535,3473.635,3475.89,18085
20250901,183000,3475.875,3479.22,3473.465,3474.215,11443
20250901,193000,3474.21,3477.83,3472.39,3477.41,6738
20250901,203000,3477.405,3479.07,3476.32,3478.025,8176
20250901,213000,3478.01,3478.065,3476.2,3476.365,2211
20250902,013000,3475.91,3480.475,3475.225,3475.225,6040
20250902,023000,3475.42,3481.425,3474.565,3479.28,6207
20250902,033000,3479.185,3485.075,3478.2,3479.23,21946
20250902,043000,3479.21,3508.79,3477.06,3497.895,51948
20250902,053000,3497.89,3500.975,3491.41,3496.455,35502
20250902,063000,3496.495,3496.495,3489.995,3495.055,18119
20250902,073000,3495.07,3498.47,3493.41,3496.83,12228
20250902,083000,3496.745,3497.99,3492.015,3493.11,20299
20250902,093000,3493.105,3495.885,3483.115,3485.77,28386
20250902,103000,3485.76,3488.35,3472.275,3477.035,35994
20250902,113000,3477.035,3481.36,3470.05,3477.63,32318
20250902,123000,3477.635,3480.495,3476.01,3476.73,25292
20250902,133000,3476.745,3485.86,3475.84,3485.765,23765
20250902,143000,3485.76,3490.075,3478.47,3489.845,36131
20250902,153000,3489.895,3494.295,3474.42,3482.105,49881
20250902,163000,3482.1,3493.7,3478.35,3489.145,59712
20250902,173000,3489.085,3514.135,3488.465,3511.225,74359
20250902,183000,3511.255,3520.58,3509.525,3520.5,46121
20250902,193000,3520.505,3528.865,3518.155,3527.885,34106
20250902,203000,3527.9,3530.195,3522.015,3529.35,28716
20250902,213000,3529.355,3532.12,3525.295,3528.435,24371
20250902,223000,3528.445,3540.06,3528.445,3537.105,28324
20250902,233000,3537.095,3537.71,3533.4,3533.545,7305
20250903,013000,3532.72,3534.9,3529.195,3529.31,5666
20250903,023000,3529.235,3533.1,3526.54,3529.915,7768
20250903,033000,3529.835,3547.33,3528.1,3536.115,29608
20250903,043000,3536.05,3541.835,3531.81,3538.945,32259
20250903,053000,3538.895,3546.145,3531.165,3531.69,27462
20250903,063000,3531.685,3533.615,3529.38,3530.91,20187
20250903,073000,3530.925,3538.41,3530.79,3536.985,15552
20250903,083000,3537,3538.112,3526.77,3530.1,22829
20250903,093000,3530.085,3537.725,3530.045,3535.255,19764
20250903,103000,3535.245,3537.05,3529.13,3533.9,21098
20250903,113000,3533.88,3541.505,3533.75,3540.085,22434
20250903,123000,3540.08,3541.995,3533.75,3534.35,21719
20250903,133000,3534.335,3541.77,3532.37,3540.175,24447
20250903,143000,3540.17,3549.66,3539.975,3547.705,24533
20250903,153000,3547.725,3551.635,3541.395,3550.63,34627
20250903,163000,3550.625,3561.39,3549.345,3554.095,53091
20250903,173000,3554.025,3565.805,3551.635,3558.49,60864
20250903,183000,3558.55,3567.525,3557.63,3564.02,36998
20250903,193000,3563.985,3572.67,3562.375,3572.46,26308
20250903,203000,3572.485,3576.03,3570.25,3574.53,24429
20250903,213000,3574.625,3578.66,3565.53,3570.445,35872
20250903,223000,3570.47,3571.77,3561.22,3563.66,32329
20250903,233000,3563.75,3566.095,3558.94,3559.26,8623
20250904,013000,3560.26,3564.155,3559.002,3561.715,10563
20250904,023000,3561.65,3561.78,3554.48,3560.495,10908
20250904,033000,3560.555,3562.52,3551.895,3561.57,18751
20250904,043000,3561.595,3563.475,3543.715,3546.265,29975
20250904,053000,3546.25,3550.61,3526.4,3530.775,34086
20250904,063000,3530.765,3531.78,3511.755,3529.18,31254
20250904,073000,3529.185,3534.4,3528.815,3533.255,10989
20250904,083000,3533.275,3534.325,3525.475,3527.235,18765
20250904,093000,3527.245,3541.92,3524.5,3536.175,25301
20250904,103000,3536.22,3541.3,3532.87,3541.115,20897
20250904,113000,3541.115,3545.63,3537.42,3541.425,21019
20250904,123000,3541.435,3545.07,3536.815,3538.755,16059
20250904,133000,3538.76,3547.185,3538.415,3541.025,18117
20250904,143000,3541.035,3550.04,3536.575,3545.575,21892
20250904,153000,3545.58,3553.32,3541.275,3548.44,32877
20250904,163000,3548.342,3558.93,3539.9,3546.49,56604
20250904,173000,3546.34,3546.435,3535.145,3545.89,59914
20250904,183000,3545.935,3553.305,3542.47,3552.95,26792
20250904,193000,3552.945,3556.275,3549.42,3552.625,25195
20250904,203000,3552.615,3555.54,3542.6,3542.895,19747
20250904,213000,3542.89,3548.405,3542.79,3546.355,14945
20250904,223000,3546.35,3551.2,3545.62,3549.96,19646
20250904,233000,3549.975,3550.505,3544.4,3545.87,4661
20250905,013000,3545.4,3545.545,3540.015,3541.005,4063
20250905,023000,3540.945,3554.565,3540.89,3552.81,8591
20250905,033000,3552.76,3556.755,3549.145,3552.255,24542
20250905,043000,3552.27,3556.6,3550,3552.515,27874
20250905,053000,3552.53,3555.55,3545.945,3551.015,24630
20250905,063000,3551.025,3559.195,3548.775,3558.42,16879
20250905,073000,3558.51,3559.32,3556.3,3558.52,11537
20250905,083000,3558.55,3561.28,3555.705,3557.79,18702
20250905,093000,3557.8,3558.09,3548.21,3552.71,26986
20250905,103000,3552.77,3554.375,3546.635,3548.24,24777
20250905,113000,3548.215,3550.035,3544.855,3546.035,20296
20250905,123000,3546.05,3553.92,3545.945,3552.47,19545
20250905,133000,3552.48,3553.085,3549.5,3551.885,15471
20250905,143000,3551.875,3555.32,3547.9,3553.395,24739
20250905,153000,3553.42,3587.04,3548.84,3580.555,74317
20250905,163000,3580.565,3595.425,3573.25,3594.74,77512
20250905,173000,3594.74,3598.07,3573.24,3590.31,81136
20250905,183000,3590.285,3595.515,3581.895,3591.99,56640
20250905,193000,3591.955,3600.205,3591.095,3595.175,40065
20250905,203000,3595.19,3597.585,3590.445,3596.43,35636
20250905,213000,3596.56,3597.325,3592.57,3595.645,30499
20250905,223000,3595.655,3596.155,3592.63,3594.63,38756
20250905,233000,3594.615,3595.36,3586.19,3586.545,14584
20250908,013000,3591.61,3597.095,3586.95,3592.13,21274
20250908,023000,3592.24,3594.105,3587.84,3591.22,13191
20250908,033000,3591.21,3594.5,3587.005,3594.41,29110
20250908,043000,3594.33,3597.2,3584.905,3589.54,48236
20250908,053000,3589.55,3594.585,3586.51,3590.855,29169
20250908,063000,3590.87,3592.45,3582.98,3583.51,21131
20250908,073000,3583.43,3584.875,3579.72,3581.63,15422
20250908,083000,3581.675,3591.845,3581.21,3591.385,20703
20250908,093000,3591.415,3599.035,3589.49,3598.335,26233
20250908,103000,3598.33,3613.75,3596.48,3609.49,29464
20250908,113000,3609.55,3617.295,3607.3,3611.285,21810
20250908,123000,3611.295,3615.165,3608.7,3613.88,16688
20250908,133000,3613.925,3622.475,3613.535,3617.075,18298
20250908,143000,3617.12,3620.075,3612.725,3619.875,14103
20250908,153000,3619.84,3626.09,3614.775,3624.245,29535
20250908,163000,3624.21,3637.075,3620.215,3633.39,60885
20250908,173000,3633.32,3641.08,3628.895,3640.86,52955
20250908,183000,3640.845,3646.545,3633.265,3639.355,42268
20250908,193000,3639.375,3641.735,3635.9,3640.765,23805
20250908,203000,3640.74,3641.25,3632.675,3633.585,25447
20250908,213000,3633.615,3636.745,3631.935,3636.085,19283
20250908,223000,3636.05,3637.69,3632.67,3636.615,20037
20250908,233000,3636.595,3638.02,3634.565,3635.85,6476
20250909,013000,3636.15,3636.85,3628.83,3629.475,5128
20250909,023000,3629.73,3636.33,3628.48,3635.05,6672
20250909,033000,3635.04,3641.015,3633.63,3638.615,17024
20250909,043000,3638.605,3647.72,3636.16,3646.59,25759
20250909,053000,3646.49,3654.605,3644.925,3647.54,30209
20250909,063000,3647.62,3652.08,3642.655,3646.125,23682
20250909,073000,3646.14,3657.295,3645.935,3654.995,13688
20250909,083000,3654.985,3659.435,3652.755,3655.265,21300
20250909,093000,3655.34,3656.385,3636.62,3647.69,39097
20250909,103000,3647.722,3651.095,3641.615,3644.34,23963
20250909,113000,3644.325,3651.215,3641.855,3648.1,27407
20250909,123000,3648.12,3656.8,3647.81,3653.755,14947
20250909,133000,3653.74,3655.94,3648.835,3652.055,13620
20250909,143000,3652.09,3654.295,3646.875,3648.075,19226
20250909,153000,3648.095,3655.59,3643.775,3647.61,43083
20250909,163000,3647.615,3668.32,3646.535,3665.905,57410
20250909,173000,3665.95,3674.695,3636.005,3645.075,98969
20250909,183000,3645.09,3646.645,3626.915,3645.665,58198
20250909,193000,3645.69,3649.58,3644.2,3645.065,33205
20250909,203000,3645.15,3646.5,3641.415,3642.86,26123
20250909,213000,3642.915,3645.1,3639.715,3640.455,21654
20250909,223000,3640.45,3641.28,3628.65,3629.56,25815
20250909,233000,3629.58,3632.95,3626.03,3626.315,7703
20250910,013000,3627.45,3635.865,3623.12,3635.49,8210
20250910,023000,3635.225,3640.675,3633.535,3633.685,9876
20250910,033000,3633.7,3634.635,3621.5,3624.105,19203
20250910,043000,3624.13,3632.79,3620.135,3630.6,32119
20250910,053000,3630.605,3638.225,3630.095,3636.275,20025
20250910,063000,3636.22,3637.14,3633.125,3636.715,12813
20250910,073000,3636.73,3643.39,3636.67,3643.035,11703
20250910,083000,3643.02,3645.46,3639.96,3643.04,11304
20250910,093000,3642.955,3647.705,3640.755,3643.995,17760
20250910,103000,3643.995,3648.605,3641.26,3644.025,17890
20250910,113000,3644.115,3647.875,3641.885,3646.065,16629
20250910,123000,3645.985,3656.195,3644.93,3655.36,12083
20250910,133000,3655.35,3657.535,3651.56,3655.3,17697
20250910,143000,3655.315,3656.495,3648.385,3649.27,20165
20250910,153000,3649.27,3657.61,3640.34,3644.095,44706
20250910,163000,3644.11,3654.23,3642.125,3651.295,48232
20250910,173000,3651.305,3655.575,3643.885,3647.7,45125
20250910,183000,3647.745,3648.715,3638.65,3644.51,36149
20250910,193000,3644.46,3647.02,3640,3642.825,23045
20250910,203000,3642.83,3647.695,3641.815,3647.52,22650
20250910,213000,3647.49,3649.69,3644.72,3645.365,20068
20250910,223000,3645.44,3646.385,3635.335,3642.14,21782
20250910,233000,3642.115,3642.975,3638.16,3640.585,4180
20250911,013000,3644.465,3644.49,3637.96,3639.8,3524
20250911,023000,3639.87,3645.695,3638.625,3644.96,4522
20250911,033000,3645.005,3647.255,3642.535,3643.965,13103
20250911,043000,3643.925,3649.345,3639.865,3641.165,13809
20250911,053000,3641.14,3643.61,3634.255,3637.37,12774
20250911,063000,3637.355,3637.355,3629.77,3632.18,15085
20250911,073000,3632.18,3634.44,3630.295,3630.7,7995
20250911,083000,3630.685,3633.53,3623.495,3625.09,22434
20250911,093000,3625.115,3637.92,3622.75,3633.245,22255
20250911,103000,3633.245,3633.37,3623.815,3630.09,23396
20250911,113000,3630.115,3631.985,3625.47,3626.215,13720
20250911,123000,3626.24,3626.24,3614.36,3622.05,23303
20250911,133000,3622.03,3625.075,3619.74,3622.08,14840
20250911,143000,3622.07,3622.36,3615.56,3616.82,19858
20250911,153000,3616.845,3644.085,3612.835,3628.85,58637
20250911,163000,3629.09,3637.17,3618.48,3630.24,66541
20250911,173000,3630.195,3637.96,3626.155,3629.5,44811
20250911,183000,3629.565,3639.19,3629.565,3633.06,29634
20250911,193000,3633.055,3642.115,3633.04,3636.215,23747
20250911,203000,3636.245,3636.73,3631.835,3635.025,19490
20250911,213000,3635.045,3637.09,3630.525,3632.465,19567
20250911,223000,3632.435,3637.605,3632.305,3637,9053
20250911,233000,3636.985,3637.67,3633.255,3634.12,3047
20250912,013000,3635.9,3638.525,3633.335,3635.08,1707
20250912,023000,3635.09,3636.31,3631.735,3632.01,4662
20250912,033000,3632.035,3638.195,3630.625,3636.5,13310
20250912,043000,3636.535,3647.765,3636.485,3646.495,26866
20250912,053000,3646.545,3651.17,3645.085,3649.195,16130
20250912,063000,3649.18,3653.405,3646.715,3653.01,13961
20250912,073000,3652.95,3656.36,3651.645,3654.985,7164
20250912,083000,3654.96,3656.7,3652.125,3653.105,10132
20250912,093000,3653.19,3654.09,3648.39,3650.62,15796
20250912,103000,3650.635,3653.87,3647.86,3648.4,15176
20250912,113000,3648.31,3651.415,3639.74,3641.04,23034
20250912,123000,3641.05,3647.2,3637.63,3646.465,17875
20250912,133000,3646.475,3652.26,3646.265,3651.335,16410
20250912,143000,3651.37,3652.235,3646.885,3647.1,18005
20250912,153000,3647.12,3649.04,3638.235,3645.55,43092
20250912,163000,3645.58,3652.7,3643.455,3650.795,43186
20250912,173000,3650.585,3654.495,3647.425,3648.06,38028
20250912,183000,3648.05,3648.32,3641.79,3644.58,29791
20250912,193000,3644.6,3649.8,3642.685,3649.305,15777
20250912,203000,3649.33,3650.865,3647.63,3648.895,15275
20250912,213000,3648.975,3649.64,3647.215,3648.565,9770
20250912,223000,3648.58,3648.61,3643.53,3644.295,11590
20250912,233000,3644.23,3645.55,3641.355,3643.085,4336
20250915,013000,3644.565,3645.83,3640.035,3642.295,4179
20250915,023000,3642.31,3642.31,3636.955,3638.29,4513
20250915,033000,3638.26,3642.8,3632.025,3633.475,14027
20250915,043000,3633.37,3634.99,3626.46,3634.54,28926
20250915,053000,3634.555,3645.67,3634.32,3641.195,25991
20250915,063000,3641.19,3646.515,3640.255,3645.98,14723
20250915,073000,3645.995,3646.95,3643.87,3645.86,8011
20250915,083000,3645.735,3646.385,3642.275,3643.625,9672
20250915,093000,3643.635,3643.95,3636.5,3636.525,21743
20250915,103000,3636.515,3645.17,3633.675,3643.96,30611
20250915,113000,3643.805,3645.89,3640.925,3645.58,14444
20250915,123000,3645.585,3646.195,3635.66,3641.32,16137
20250915,133000,3641.345,3646.545,3639.015,3639.895,19246
20250915,143000,3639.9,3646.855,3639.03,3642.685,21253
20250915,153000,3642.795,3650.98,3636.93,3650.51,35318
20250915,163000,3650.55,3664.315,3647.005,3657.22,49077
20250915,173000,3657.195,3663.985,3654.01,3663.59,32748
20250915,183000,3663.66,3681.94,3663.035,3680.51,32149
20250915,193000,3680.515,3685.695,3674.74,3679.26,34940
20250915,203000,3679.31,3682.705,3678.64,3681.89,27943
20250915,213000,3681.885,3682.2,3675.965,3676.95,18132
20250915,223000,3676.985,3682.79,3676.775,3681.055,21304
20250915,233000,3681.045,3682.01,3678.53,3678.79,5666
20250916,013000,3680.135,3680.55,3676.505,3679.11,4018
20250916,023000,3679.13,3680.6,3676.165,3676.84,5093
20250916,033000,3676.835,3687.035,3676.305,3686.455,15163
20250916,043000,3686.49,3689.51,3677.13,3679.54,22239
20250916,053000,3679.505,3682.88,3674.705,3677.745,15152
20250916,063000,3677.665,3683.235,3677.115,3681.06,9461
20250916,073000,3681.165,3685.435,3680.26,3684.32,7281
20250916,083000,3684.325,3684.6,3680.285,3682.735,9529
20250916,093000,3682.745,3694.25,3681.69,3693.565,16766
20250916,103000,3693.515,3694.21,3686.375,3686.475,19025
20250916,113000,3686.44,3697.405,3686.24,3694.435,16034
20250916,123000,3694.46,3699.13,3693.14,3698.435,13315
20250916,133000,3698.43,3698.925,3692.725,3693.085,14367
20250916,143000,3693.13,3699.62,3690.55,3697.335,23203
20250916,153000,3697.355,3697.66,3686.465,3689.39,34764
20250916,163000,3689.355,3698.76,3685.25,3695.785,52143
20250916,173000,3695.685,3703.24,3685.69,3686.51,62366
20250916,183000,3686.525,3689.015,3678.885,3686.43,48048
20250916,193000,3686.45,3691.375,3684.81,3689.88,30323
20250916,203000,3689.89,3691.07,3686.36,3687.75,24160
20250916,213000,3687.765,3691.025,3686.53,3690.725,17175
20250916,223000,3690.735,3691.26,3687.87,3689.79,14139
20250916,233000,3689.78,3693.94,3689.505,3689.855,3197
20250917,013000,3691.345,3692.84,3689.935,3692.095,1575
20250917,023000,3692.105,3695.4,3691.895,3694.44,3905
20250917,033000,3694.48,3695.52,3691.14,3691.18,9837
20250917,043000,3691.215,3692.02,3676.025,3679.505,33555
20250917,053000,3679.475,3684.01,3674.15,3682.35,24594
20250917,063000,3682.345,3683.72,3679.875,3681.86,8253
20250917,073000,3681.905,3682.62,3680.53,3680.775,4444
20250917,083000,3680.805,3686.07,3675.905,3679.225,15805
20250917,093000,3679.21,3680.185,3670.7,3675.195,19343
20250917,103000,3675.185,3677.49,3666.725,3667.09,17892
20250917,113000,3667.095,3668.03,3662.635,3664.98,16523
20250917,123000,3664.975,3671.135,3664.035,3668.005,14486
20250917,133000,3667.94,3670,3660.455,3661.51,21485
20250917,143000,3661.425,3670.03,3660.02,3666.02,31337
20250917,153000,3666.025,3679.52,3665.7,3678.845,21910
20250917,163000,3678.895,3682.685,3672.85,3678.925,44212
20250917,173000,3678.95,3686.15,3676.98,3684.455,32170
20250917,183000,3684.44,3687.27,3682.88,3684.315,17087
20250917,193000,3684.32,3688.595,3684.085,3684.81,19528
20250917,203000,3684.82,3687.73,3678.795,3686.08,22372
20250917,213000,3686.06,3707.555,3646.125,3650.465,148850
20250917,223000,3650.455,3667.12,3646.29,3661.915,82924
20250917,233000,3661.9,3661.9,3656.28,3659.975,7642
20250918,013000,3659.625,3665.48,3654.815,3662.865,5613
20250918,023000,3662.88,3672.125,3662.06,3669.055,7524
20250918,033000,3669.05,3669.915,3658.08,3665.34,18003
20250918,043000,3665.365,3668.905,3651.695,3657.15,40392
20250918,053000,3657.195,3666.01,3655.455,3664.735,18230
20250918,063000,3664.73,3666.035,3657.98,3658.64,12998
20250918,073000,3658.72,3659.395,3653.445,3653.6,12011
20250918,083000,3653.605,3659.34,3649.49,3651.44,20351
20250918,093000,3651.425,3651.91,3634.055,3637.56,36055
20250918,103000,3637.535,3660.09,3635.6,3659.055,28138
20250918,113000,3659.14,3665.975,3653.82,3665.59,19665
20250918,123000,3665.585,3673.205,3664.75,3671.745,21318
20250918,133000,3671.735,3672.655,3665.54,3667.17,15354
20250918,143000,3667.205,3671.015,3664.455,3667.26,18429
20250918,153000,3667.355,3672.535,3663.02,3663.295,29811
20250918,163000,3663.3,3664.42,3627.96,3642.195,70293
20250918,173000,3642.2,3646.615,3634.35,3638.385,66781
20250918,183000,3638.44,3642.335,3636.905,3641.43,33398
20250918,193000,3641.375,3647.33,3640.865,3646.29,27881
20250918,203000,3646.28,3646.845,3643.36,3643.62,22834
20250918,213000,3643.605,3643.635,3640.495,3641.415,20014
20250918,223000,3641.37,3647.14,3640.675,3646.765,21279
20250918,233000,3646.77,3647.235,3643.91,3644.18,3380
20250919,013000,3642.92,3643.205,3639.495,3640.27,2338
20250919,023000,3640.275,3642.08,3637.955,3640.195,4700
20250919,033000,3640.2,3642.79,3636.145,3640.1,10712
20250919,043000,3640.105,3651.4,3632.38,3639.985,26619
20250919,053000,3639.87,3650.4,3638.99,3647.47,20571
20250919,063000,3647.475,3656.61,3645.445,3653.81,21624
20250919,073000,3653.825,3660.075,3653.815,3658.875,12181
20250919,083000,3658.895,3661.355,3651.465,3652.44,14955
20250919,093000,3652.525,3654.2,3643.4,3647.015,21703
20250919,103000,3647.05,3657.475,3644.6,3654.05,13641
20250919,113000,3654.03,3656.69,3649.715,3655.64,11179
20250919,123000,3655.8,3658.9,3655.325,3658.71,13116
20250919,133000,3658.715,3659.29,3655.205,3655.96,8823
20250919,143000,3655.965,3656.045,3645.765,3648.52,18297
20250919,153000,3648.53,3651.965,3644.495,3649.445,28894
20250919,163000,3649.42,3664.59,3643.785,3663.31,48465
20250919,173000,3663.31,3669.355,3656.425,3667.14,55399
20250919,183000,3667.155,3676.015,3665.42,3670.95,40921
20250919,193000,3670.925,3673.39,3666.555,3668.345,30744
20250919,203000,3668.285,3679.57,3668.105,3678.7,31351
20250919,213000,3678.73,3684.23,3678.075,3683.67,23890
20250919,223000,3683.665,3685.255,3681.285,3684.45,23753
20250919,233000,3684.475,3685.74,3680.8,3684.975,6424
20250922,013000,3687.77,3692.29,3683.545,3688.555,8614
20250922,023000,3688.51,3690.61,3685.685,3686.315,8016
20250922,033000,3686.27,3691.22,3685.655,3691.04,11935
20250922,043000,3690.99,3696.945,3686.775,3689.305,28671
20250922,053000,3689.33,3693.47,3685.46,3686.52,21615
20250922,063000,3686.495,3697.59,3686.085,3695.6,16916
20250922,073000,3695.585,3696.09,3690.04,3692.215,8127
20250922,083000,3692.29,3700.44,3691.92,3697.08,12866
20250922,093000,3697.11,3720.07,3695.655,3714.39,27306
20250922,103000,3714.375,3716.535,3708.64,3713.27,21441
20250922,113000,3713.215,3722.58,3712.455,3720.31,19631
20250922,123000,3720.3,3726.965,3719.38,3723.225,16130
20250922,133000,3723.24,3728.49,3721.045,3727.505,17261
20250922,143000,3727.545,3728.44,3721.18,3724.65,20322
20250922,153000,3724.675,3725.505,3712.25,3721.635,32987
20250922,163000,3721.67,3725.575,3713.75,3722.39,59227
20250922,173000,3722.4,3726.47,3716.9,3725.975,55145
20250922,183000,3726.045,3736.485,3723.615,3736.235,34674
20250922,193000,3736.24,3739.63,3735.27,3737.085,23538
20250922,203000,3737.09,3747.32,3737.09,3746.61,26439
20250922,213000,3746.595,3748.09,3744.62,3747.68,13816
20250922,223000,3747.695,3748.86,3742.455,3747.685,16556
20250922,233000,3747.7,3748.62,3745.51,3746.355,3553
20250923,013000,3747.125,3747.76,3738.125,3740.2,3438
20250923,023000,3740.265,3749.255,3739.19,3747.795,7506
20250923,033000,3747.785,3750.675,3745.03,3747.26,14203
20250923,043000,3747.25,3759.42,3745.74,3754.715,27877
20250923,053000,3754.71,3755.545,3736.66,3742,27406
20250923,063000,3741.99,3747.28,3739.2,3746.76,14010
20250923,073000,3746.745,3747.655,3743.285,3744.87,6916
20250923,083000,3744.665,3758.805,3743.385,3753.235,15565
20250923,093000,3753.2,3757.53,3751.33,3753.9,20336
20250923,103000,3753.915,3757.5,3748.985,3753.455,21787
20250923,113000,3753.41,3775.285,3753.13,3774.485,23437
20250923,123000,3774.48,3791.255,3774.205,3784.89,25961
20250923,133000,3784.915,3787.92,3780.785,3783,16966
20250923,143000,3783.035,3788.925,3779.745,3783.68,28122
20250923,153000,3783.75,3785.47,3777.56,3784.495,36721
20250923,163000,3784.48,3788.81,3774.085,3783.95,56359
20250923,173000,3783.94,3784.945,3767.615,3774.175,55600
20250923,183000,3774.2,3782.12,3772.965,3779.36,28460
20250923,193000,3779.395,3782.06,3765.03,3779.35,39310
20250923,203000,3779.385,3785.84,3775.93,3777.515,25450
20250923,213000,3777.57,3781.445,3756.275,3756.915,34208
20250923,223000,3756.89,3768.315,3752.075,3764.475,34963
20250923,233000,3764.53,3767.495,3762.65,3764.205,5699
20250924,013000,3765.31,3766.615,3761.67,3765.47,2314
20250924,023000,3765.45,3770.07,3762.07,3763.83,6059
20250924,033000,3763.805,3765.545,3759.09,3765.22,11666
20250924,043000,3765.28,3771.945,3755.08,3756.49,24539
20250924,053000,3756.47,3759.36,3750.51,3756.96,18580
20250924,063000,3756.965,3766.67,3752.275,3765.415,13452
20250924,073000,3765.465,3768.44,3763.335,3768.34,6329
20250924,083000,3768.345,3777.075,3767.98,3774.87,10782
20250924,093000,3774.875,3776.165,3769.155,3771.25,10921
20250924,103000,3771.395,3779.34,3770.79,3777.47,11431
20250924,113000,3777.54,3777.96,3767.145,3770.13,10467
20250924,123000,3770.045,3771.775,3763.175,3768.465,10892
20250924,133000,3768.455,3768.71,3759.89,3762.265,9666
20250924,143000,3762.295,3769.605,3759.68,3769.145,11017
20250924,153000,3769.13,3771.645,3764.045,3768.175,32548
20250924,163000,3768.16,3772.97,3759.05,3761.26,33753
20250924,173000,3761.25,3765.335,3749.725,3752.755,40803
20250924,183000,3752.805,3756.71,3739.71,3741.22,29840
20250924,193000,3741.235,3745.32,3732.37,3735.765,29744
20250924,203000,3735.82,3738.965,3732.44,3733.2,16150
20250924,213000,3733.17,3734.08,3722.825,3724.285,22430
20250924,223000,3724.345,3731.835,3717.52,3730.145,19977
20250924,233000,3730.155,3737.48,3730.025,3736.165,4981
20250925,013000,3739.61,3745.18,3739.025,3741.225,3319
20250925,023000,3741.21,3745.52,3739.17,3743.115,5746
20250925,033000,3743.015,3751.535,3741.645,3749.03,15629
20250925,043000,3748.845,3750.59,3732.955,3736.17,21061
20250925,053000,3736.16,3742.38,3729.635,3739.715,21087
20250925,063000,3739.7,3739.81,3734.375,3736.68,10345
20250925,073000,3736.745,3740.74,3731.795,3738.18,7275
20250925,083000,3738.24,3741.51,3734.17,3738.61,9376
20250925,093000,3738.6,3748.295,3737.685,3740.99,14454
20250925,103000,3741.05,3755.08,3740.13,3752.445,16364
20250925,113000,3752.42,3761.69,3751.3,3756.58,21022
20250925,123000,3756.65,3761.28,3750.465,3757.08,17205
20250925,133000,3757.13,3760.975,3755.635,3757.17,14500
20250925,143000,3757.165,3757.585,3741.23,3753.16,28305
20250925,153000,3753.025,3755.9,3730.66,3738.855,37739
20250925,163000,3738.89,3745.815,3722.22,3733.845,51428
20250925,173000,3733.855,3736.645,3723.76,3731.655,43664
20250925,183000,3731.67,3738.855,3728.085,3736.05,30032
20250925,193000,3736.06,3742.845,3732.595,3733.7,22194
20250925,203000,3733.695,3744.27,3732.405,3741.755,22520
20250925,213000,3741.815,3758.43,3736.76,3755.24,26853
20250925,223000,3755.275,3756.815,3744.785,3746.74,18999
20250925,233000,3746.745,3752.495,3746.25,3749.44,7310
20250926,013000,3747.235,3751.615,3746.4,3748.905,2575
20250926,023000,3749.125,3749.965,3738.175,3744.855,8876
20250926,033000,3744.775,3749.72,3740.08,3749.72,11817
20250926,043000,3749.75,3753.31,3737.85,3739.27,23996
20250926,053000,3739.235,3742.94,3737.695,3738.535,10305
20250926,063000,3738.585,3746.11,3734.44,3745.735,10317
20250926,073000,3745.75,3747.835,3744.7,3747.72,4861
20250926,083000,3747.665,3749.65,3741.735,3741.93,6562
20250926,093000,3741.89,3754.13,3741.415,3743.525,21080
20250926,103000,3743.52,3749.65,3739.345,3748.11,12202
20250926,113000,3748.135,3755.24,3747.245,3753.015,12173
20250926,123000,3752.99,3754.55,3747.215,3751.615,9285
20250926,133000,3751.46,3755.16,3742.955,3744.625,11030
20250926,143000,3744.685,3753.06,3744.405,3748.78,11636
20250926,153000,3748.755,3757.505,3746.53,3752.045,25444
20250926,163000,3752.055,3766.425,3751.225,3761.98,53399
20250926,173000,3761.79,3783.885,3761.605,3778.935,52123
20250926,183000,3778.93,3781.19,3772.995,3780.51,37550
20250926,193000,3780.495,3781.365,3771.41,3774.365,21011
20250926,203000,3774.39,3783.19,3774.14,3783.075,17824
20250926,213000,3783.09,3783.355,3774.73,3778.6,16934
20250926,223000,3778.605,3778.615,3764.605,3766.825,17825
20250926,233000,3766.84,3769.705,3759.66,3759.855,8986
20250929,013000,3764.745,3771.295,3763.45,3770.605,5813
20250929,023000,3770.535,3772.605,3766.525,3766.92,7150
20250929,033000,3766.87,3787.61,3763.935,3787.135,15645
20250929,043000,3787.075,3788.725,3767.91,3778.715,40691
20250929,053000,3778.74,3798.79,3777.765,3792.905,23664
20250929,063000,3792.89,3799.49,3792.2,3794.565,16287
20250929,073000,3794.49,3809.195,3792.58,3805.1,16805
20250929,083000,3805.15,3814.655,3801.29,3813.635,23110
20250929,093000,3813.665,3819.915,3810.91,3817.405,29241
20250929,103000,3817.285,3819.57,3804.985,3806.24,23247
20250929,113000,3806.265,3819.6,3806.265,3818.845,20366
20250929,123000,3818.825,3819.825,3806.95,3807.555,19582
20250929,133000,3807.58,3818.715,3806.47,3818.055,20389
20250929,143000,3818.01,3831.45,3816.51,3828.915,23492
20250929,153000,3828.92,3830.625,3811.75,3813.795,42649
20250929,163000,3813.84,3828.19,3809.425,3821.46,46161
20250929,173000,3821.365,3830.695,3816.63,3828.275,52242
20250929,183000,3828.345,3833.315,3820.96,3830.49,35348
20250929,193000,3830.485,3833.655,3828.19,3830.45,23015
20250929,203000,3830.465,3832.98,3824.19,3828.915,24537
20250929,213000,3828.985,3830.765,3823.31,3824.51,17195
20250929,223000,3824.485,3829.78,3822.6,3828.88,23242
20250929,233000,3828.855,3834.3,3827.795,3833.88,5654
20250930,013000,3832.57,3832.645,3825.78,3830.805,2611
20250930,023000,3830.7,3833.49,3828.13,3832.905,3928
20250930,033000,3832.965,3840.905,3831.08,3839.155,13744
20250930,043000,3839.03,3851.06,3838.11,3848.275,25519
20250930,053000,3848.26,3852.105,3842.72,3848.2,21491
20250930,063000,3848.205,3867.405,3846.02,3864.94,15764
20250930,073000,3864.88,3867.21,3862.105,3867.175,11059
20250930,083000,3867.17,3870.54,3862.52,3869.82,16608
20250930,093000,3869.855,3871.89,3854.81,3855.74,22423
20250930,103000,3855.755,3859.415,3839.545,3843.92,28409
20250930,113000,3843.805,3847.32,3807.61,3816.37,41543
20250930,123000,3816.29,3821.635,3793.175,3798.815,32762
20250930,133000,3798.82,3814.735,3798.305,3812.295,24424
20250930,143000,3812.24,3817.87,3804.625,3815.39,23973
20250930,153000,3815.38,3821.805,3808.945,3819.475,31876
20250930,163000,3819.495,3829.975,3811.735,3823.725,40891
20250930,173000,3823.61,3854.7,3820.385,3854.08,50653
20250930,183000,3854.06,3854.175,3831.365,3838.91,45187
20250930,193000,3838.9,3848.025,3837.88,3846.025,23568
20250930,203000,3846.045,3849.38,3842.845,3844.085,15324
20250930,213000,3844.13,3849.045,3839.655,3848.045,18642
20250930,223000,3848.03,3860.79,3847.145,3859.08,19836
20250930,233000,3859.065,3860.145,3850.66,3858.45,8026
20251001,013000,3860.08,3861.53,3854.775,3860.015,6060
20251001,023000,3860.085,3863.185,3860.085,3863.03,3445
20251001,033000,3863.05,3865.375,3858.76,3860.535,10413
20251001,043000,3860.47,3869.09,3859.14,3869.065,13277
20251001,053000,3869.085,3875.56,3858.37,3863.595,22032
20251001,063000,3863.585,3866.65,3855.705,3862.16,22406
20251001,073000,3862.125,3865.13,3857.66,3864.99,11678
20251001,083000,3864.98,3869.865,3862.28,3863.605,11958
20251001,093000,3863.6,3864.88,3853.38,3859.31,17699
20251001,103000,3859.265,3879.86,3859.105,3879.35,28257
20251001,113000,3879.35,3895.5,3879.23,3892.95,25714
20251001,123000,3892.94,3895.155,3883.715,3888.94,17281
20251001,133000,3888.945,3889.645,3885.21,3887.735,13986
20251001,143000,3887.715,3888.585,3878.06,3883.78,15952
20251001,153000,3883.915,3891.13,3864.65,3870.575,39602
20251001,163000,3870.585,3877.145,3863.72,3873.055,42262
20251001,173000,3872.995,3878.88,3856.335,3873.1,61396
20251001,183000,3873.07,3876.865,3858.045,3868.625,51467
20251001,193000,3868.645,3871.595,3860.645,3870.955,29025
20251001,203000,3870.95,3871.91,3860.645,3860.85,17615
20251001,213000,3860.875,3866.34,3855.155,3862.185,21359
20251001,223000,3862.24,3871.1,3861.455,3867.75,18987
20251001,233000,3867.745,3867.805,3860.43,3865.53,6918
20251002,013000,3864.41,3865.78,3858.855,3862.225,8047
20251002,023000,3862.23,3866.7,3857.755,3863.49,6317
20251002,033000,3863.495,3863.685,3856.075,3856.09,11508
20251002,043000,3856.055,3865.29,3852.835,3865.175,16476
20251002,053000,3865.22,3870.06,3861.54,3866.17,15199
20251002,063000,3866.09,3869.565,3864.065,3866.635,11999
20251002,073000,3866.64,3867.725,3861.75,3864.3,7171
20251002,083000,3864.34,3871.255,3864.34,3868.06,12473
20251002,093000,3868.05,3874.37,3861.98,3864.155,19059
20251002,103000,3864.145,3874.985,3861.7,3868.555,19981
20251002,113000,3868.53,3878.86,3864.765,3874.66,17085
20251002,123000,3874.625,3880.03,3873.465,3879.21,15437
20251002,133000,3879.22,3883.95,3875.865,3881.745,14766
20251002,143000,3881.75,3886.76,3879.73,3886.39,15761
20251002,153000,3886.41,3892.185,3880.105,3884.515,33865
20251002,163000,3884.525,3897.13,3873.725,3875.29,47396
20251002,173000,3875.285,3877.05,3825.4,3839.98,76546
20251002,183000,3840.04,3844.96,3819.425,3828.31,61799
20251002,193000,3828.295,3845.5,3827.18,3845.035,37724
20251002,203000,3845.06,3847.735,3840.61,3844.385,30090
20251002,213000,3844.395,3851.625,3843.555,3850.92,22630
20251002,223000,3850.96,3859.27,3850.625,3855.575,30173
20251002,233000,3855.57,3859.395,3853.595,3856.56,6235
20251003,013000,3857.14,3858.47,3852.07,3857.13,2101
20251003,023000,3857.085,3863.715,3856.74,3862.415,3352
20251003,033000,3862.27,3862.855,3856.395,3856.88,9852
20251003,043000,3856.82,3862.825,3847.5,3858.55,17587
20251003,053000,3858.505,3859.1,3847.65,3848.105,8759
20251003,063000,3848.1,3851.12,3838.07,3842.915,12218
20251003,073000,3842.825,3848.43,3841.7,3844.1,8228
20251003,083000,3844.24,3859.285,3844.035,3855.23,12453
20251003,093000,3855.135,3861.11,3851.05,3859.26,13485
20251003,103000,3859.29,3865.38,3856.95,3864.45,11552
20251003,113000,3864.455,3865.805,3860.095,3865.01,10876
20251003,123000,3865,3865.105,3857.04,3864.405,9772
20251003,133000,3864.41,3867.78,3862.08,3865.92,13214
20251003,143000,3865.915,3867.235,3854.66,3862.145,22162
20251003,153000,3862.185,3875.135,3860.605,3873.95,25486
20251003,163000,3873.965,3890.805,3870.245,3882.885,49285
20251003,173000,3882.705,3886.3,3866.425,3879.835,70326
20251003,183000,3879.86,3891.76,3873.85,3889.565,49001
20251003,193000,3889.57,3889.845,3880.62,3883.74,38428
20251003,203000,3883.795,3886.085,3876.985,3881.905,38645
20251003,213000,3881.95,3889.265,3880.185,3886.125,27823
20251003,223000,3886.12,3889.295,3883.495,3885.825,25547
20251003,233000,3885.79,3887.315,3882.94,3886.455,6427
20251006,013000,3891.335,3904.44,3884.115,3899.42,11377
20251006,023000,3899.405,3920.975,3897.95,3909.73,30440
20251006,033000,3909.76,3910.215,3899.03,3900.39,26469
20251006,043000,3900.445,3918.47,3899.8,3918.18,19135
20251006,053000,3918.2,3924.905,3917.715,3921.05,17967
20251006,063000,3921.02,3932.15,3920.05,3929.63,16461
20251006,073000,3929.68,3940.55,3928.875,3938.89,16568
20251006,083000,3938.83,3945.33,3927.44,3932.565,22187
20251006,093000,3932.575,3934.98,3922.5,3934.44,28444
20251006,103000,3934.455,3944.065,3929.305,3941.79,30400
20251006,113000,3941.8,3949.67,3935.39,3942.61,26605
20251006,123000,3942.65,3945.065,3936.67,3942.495,18997
20251006,133000,3942.525,3946.76,3932.52,3942.235,22187
20251006,143000,3942.225,3942.81,3931.03,3938.265,32610
20251006,153000,3938.22,3941.43,3926.465,3934.385,48032
20251006,163000,3934.375,3947.26,3927.21,3944.74,53478
20251006,173000,3944.75,3958.895,3940.39,3955.18,51889
20251006,183000,3955.07,3964.17,3948.195,3962.66,39693
20251006,193000,3962.655,3970.2,3945.88,3954.175,39402
20251006,203000,3954.27,3959.05,3951.145,3958.03,29046
20251006,213000,3958.115,3960.665,3955.895,3958.585,24167
20251006,223000,3958.55,3965.155,3958.36,3959.585,19604
20251006,233000,3959.515,3962.4,3957.34,3960.69,6223
20251007,013000,3960.62,3976.155,3958.86,3963.625,19997
20251007,023000,3963.545,3972.79,3961.88,3969.61,12415
20251007,033000,3969.625,3977.4,3961.435,3962.81,26199
20251007,043000,3962.805,3963.845,3955.87,3958.115,26977
20251007,053000,3958.085,3967.105,3957.385,3964.905,12461
20251007,063000,3964.83,3974.755,3960.955,3973.55,15765
20251007,073000,3973.525,3977.045,3971.515,3976.05,10209
20251007,083000,3975.89,3977.015,3960.115,3964.725,19030
20251007,093000,3964.76,3966.455,3953.795,3955.045,19602
20251007,103000,3955.075,3956.355,3943.315,3945.86,38723
20251007,113000,3945.765,3954.07,3941.055,3951.325,25303
20251007,123000,3951.32,3963.675,3951.135,3955.32,22115
20251007,133000,3955.31,3962.82,3954.2,3960.175,15314
20251007,143000,3960.22,3969.325,3956.455,3967.045,15412
20251007,153000,3966.995,3980.095,3964.48,3979.5,35649
20251007,163000,3979.38,3985.65,3970.415,3979.33,52361
20251007,173000,3979.295,3986.8,3968.775,3985.74,61999
20251007,183000,3985.83,3991.135,3961.75,3966.165,61172
20251007,193000,3966.195,3979.59,3963.105,3976.825,44465
20251007,203000,3976.845,3987.855,3976.485,3980.815,33032
20251007,213000,3980.83,3984.01,3974.155,3981.01,36199
20251007,223000,3981.1,3983.545,3978.515,3980.195,32469
20251007,233000,3980.17,3986.725,3980.165,3984.33,6798
20251008,013000,3986.275,3990.76,3985.015,3989.6,5481
20251008,023000,3989.59,3996.2,3988.42,3994.44,8236
20251008,033000,3994.425,3999.445,3989.395,3992.325,17872
20251008,043000,3992.305,4001.045,3984.32,4000.785,25208
20251008,053000,4000.76,4011.88,3995.67,4011.84,24029
20251008,063000,4011.825,4016.725,4008.87,4014.66,16899
20251008,073000,4014.655,4027.355,4014.595,4026.9,18941
20251008,083000,4026.81,4037.16,4024.755,4029.125,21984
20251008,093000,4029.145,4033.245,4021.33,4031.745,25732
20251008,103000,4031.775,4039.285,4030.27,4034.27,20869
20251008,113000,4034.345,4040.595,4033.18,4036.455,18171
20251008,123000,4036.46,4049.7,4030.77,4049.365,17906
20251008,133000,4049.35,4049.62,4033.47,4037.23,19859
20251008,143000,4037.295,4038.29,4032.145,4038.195,22341
20251008,153000,4038.185,4046.51,4030.99,4040.25,32269
20251008,163000,4040.2,4049.695,4026.175,4038.025,50297
20251008,173000,4038.04,4049.285,4035.705,4048.225,46265
20251008,183000,4048.275,4050.69,4037.2,4045.75,42571
20251008,193000,4045.745,4059.35,4044.425,4056.7,41113
20251008,203000,4056.695,4058.1,4042.96,4051.325,36282
20251008,213000,4051.32,4053.23,4038.6,4050.08,37009
20251008,223000,4050.095,4054.6,4032.13,4044.805,51858
20251008,233000,4044.825,4046.625,4038.55,4041.9,12423
20251009,013000,4036.775,4037.1,4015.465,4021.51,14241
20251009,023000,4021.515,4022.16,4001.33,4011.78,22322
20251009,033000,4011.785,4028.205,4008.57,4023.095,28334
20251009,043000,4023.11,4036.54,4008.235,4019.675,48521
20251009,053000,4019.73,4021.545,4002.725,4018.765,34068
20251009,063000,4018.74,4029.77,4017.13,4026.93,20338
20251009,073000,4026.94,4041.265,4026.94,4038.98,12533
20251009,083000,4038.945,4043.7,4034.375,4039.805,22231
20251009,093000,4039.87,4041.025,4022.67,4025.985,29904
20251009,103000,4025.95,4032.83,4024.745,4031.7,20874
20251009,113000,4031.69,4040.49,4030.31,4038.22,17565
20251009,123000,4038.3,4042.255,4034.14,4037.61,17459
20251009,133000,4037.65,4044.26,4036.495,4044.2,8763
20251009,143000,4044.245,4046.71,4033.63,4044.43,21782
20251009,153000,4044.465,4053.72,4037.535,4053.5,32143
20251009,163000,4053.575,4058.11,4016.91,4017.315,93012
20251009,173000,4017.3,4029.29,4004.13,4024.1,124712
20251009,183000,4024,4028.865,4006.545,4014.475,79861
20251009,193000,4014.42,4021.695,3963.905,3969.025,77304
20251009,203000,3969.08,3974.635,3944.435,3950.375,103439
20251009,213000,3950.33,3968.94,3949.57,3957.475,51435
20251009,223000,3957.45,3982.175,3955.375,3973.46,41322
20251009,233000,3973.34,3979.23,3973.045,3976.24,9810
20251010,013000,3977.265,3980.7,3958.855,3975.31,11640
20251010,023000,3975.345,3991.28,3974.565,3989.805,11132
20251010,033000,3989.785,3994.52,3985.53,3991.3,23638
20251010,043000,3991.27,3992.48,3969.885,3973.275,35816
20251010,053000,3973.27,3986.91,3973.27,3978.63,21782
20251010,063000,3978.615,3979.385,3960.695,3961.88,32345
20251010,073000,3961.895,3966.905,3947.02,3966.29,33603
20251010,083000,3966.285,3977.775,3965.835,3974.85,46804
20251010,093000,3974.845,3976.065,3962.64,3968.495,34609
20251010,103000,3968.54,3976.41,3952.855,3972.04,34310
20251010,113000,3972.025,3995.005,3970.28,3991.98,36577
20251010,123000,3992.005,4006.735,3990.41,3995.87,36746
20251010,133000,3995.64,4000.32,3990.85,3993.925,19279
20251010,143000,3993.955,3999.91,3983.44,3987.135,30235
20251010,153000,3987.21,3993.635,3980.12,3985.805,36080
20251010,163000,3985.765,3998.145,3975.63,3981.02,66122
20251010,173000,3981.03,3994.315,3970.855,3990.285,69751
20251010,183000,3990.275,4023,3988.135,3997.805,116474
20251010,193000,3997.695,3998.725,3977.35,3983.545,77755
20251010,203000,3983.595,3992.325,3975.235,3990.185,55234
20251010,213000,3990.24,4009.215,3984.41,3999.195,50704
20251010,223000,3999.125,4021.51,3995.835,4011.365,57191
20251010,233000,4011.435,4020.335,4006.015,4016.68,19318
20251013,013000,4017.625,4045.68,3998.15,4042.47,21789
20251013,023000,4042.485,4060.545,4032.235,4035.19,37870
20251013,033000,4035.205,4060.02,4024.39,4043.97,48136
20251013,043000,4044.145,4055.17,4035.99,4053.265,41056
20251013,053000,4053.25,4056.065,4041.58,4048.34,34358
20251013,063000,4048.365,4056.62,4046.565,4052,26256
20251013,073000,4051.98,4059.485,4051.09,4056.255,16877
20251013,083000,4056.225,4078.235,4054.81,4063.765,40089
20251013,093000,4063.745,4073.865,4059.47,4069.41,43256
20251013,103000,4069.45,4077.63,4066.685,4071.225,35046
20251013,113000,4071.21,4079.25,4068.925,4077.87,27594
20251013,123000,4077.895,4079.92,4070.215,4077.42,19986
20251013,133000,4077.41,4085.445,4071.185,4081,20626
20251013,143000,4080.98,4084.83,4073.715,4074.03,26036
20251013,153000,4074.135,4086.215,4073.315,4079.76,25475
20251013,163000,4079.795,4095.675,4078.485,4094.25,45044
20251013,173000,4094.21,4104.02,4090.795,4097.4,48375
20251013,183000,4097.305,4107.585,4091.695,4105.045,36941
20251013,193000,4105.06,4117.42,4103.78,4105.715,37538
20251013,203000,4105.8,4115.61,4100.065,4103.64,35208
20251013,213000,4103.585,4107.53,4099.285,4101.945,28646
20251013,223000,4101.94,4111.05,4090.935,4108.66,26265
20251013,233000,4108.695,4112.615,4106.065,4110.335,4814
20251014,013000,4112.47,4115.875,4106.68,4115.055,5789
20251014,023000,4115.015,4132.025,4112.99,4127.8,19604
20251014,033000,4127.835,4130.375,4119.42,4124.62,27897
20251014,043000,4124.54,4150.065,4123.335,4137.05,47688
20251014,053000,4137.1,4149.985,4136.8,4146.01,29645
20251014,063000,4146.005,4166.53,4145.21,4163.18,37313
20251014,073000,4163.18,4170.03,4155.99,4168.16,21486
20251014,083000,4168.08,4179.935,4110.63,4121.36,81128
20251014,093000,4121.345,4134.27,4090.145,4112.375,93326
20251014,103000,4112.38,4128.135,4102.73,4126.575,46793
20251014,113000,4126.57,4145.07,4124.72,4143.95,37789
20251014,123000,4143.9,4144.275,4121.67,4127.4,33616
20251014,133000,4127.34,4144.615,4124.72,4131.5,33129
20251014,143000,4131.55,4138.065,4125.925,4130.415,23647
20251014,153000,4130.505,4134.605,4103.28,4106.47,46288
20251014,163000,4106.465,4129.46,4097.74,4124.105,64418
20251014,173000,4123.855,4137.845,4121.26,4129.46,57389
20251014,183000,4129.47,4142.71,4126.42,4138.075,61290
20251014,193000,4138.095,4155.495,4127.765,4140.39,41002
20251014,203000,4140.36,4152.955,4137.33,4148.15,36464
20251014,213000,4148.145,4152.73,4143.275,4148.285,29731
20251014,223000,4148.245,4150.585,4134.695,4141.92,38091
20251014,233000,4141.94,4146.15,4139.465,4142.625,7470
20251015,013000,4140.755,4163.595,4140.735,4158.33,11857
20251015,023000,4158.47,4167.375,4157.15,4161.56,12195
20251015,033000,4161.505,4169.82,4153.8,4162.53,20667
20251015,043000,4162.505,4186.9,4162.075,4181.855,33411
20251015,053000,4181.86,4184.865,4167.02,4176.705,23895
20251015,063000,4176.715,4190.95,4176.36,4187.19,22493
20251015,073000,4187.205,4187.615,4173.19,4179.805,15215
20251015,083000,4179.76,4193.645,4176.795,4185.805,24711
20251015,093000,4185.75,4200.46,4184.26,4199.41,20848
20251015,103000,4199.39,4209.905,4194.45,4207.96,20136
20251015,113000,4208.015,4218.405,4207.35,4208.075,23799
20251015,123000,4208.1,4212.355,4164.24,4192.48,35544
20251015,133000,4192.355,4206.23,4190.31,4202.96,20761
20251015,143000,4202.915,4204.255,4193.485,4198.74,25636
20251015,153000,4198.745,4202.87,4176.295,4190.835,45555
20251015,163000,4190.865,4198.99,4183.05,4192.145,59421
20251015,173000,4192.135,4212.615,4191.73,4200.245,57412
20251015,183000,4200.225,4203.19,4179.47,4190.635,58353
20251015,193000,4190.67,4200.075,4186.4,4199.155,34732
20251015,203000,4199.18,4199.86,4182.71,4197.88,39858
20251015,213000,4197.9,4204.625,4195.105,4200.84,40607
20251015,223000,4200.835,4213.54,4200.56,4210.35,34452
20251015,233000,4210.36,4212.77,4206.075,4207.77,7687
20251016,013000,4212.565,4216.06,4199.965,4213.05,9988
20251016,023000,4213.07,4215.99,4206.35,4209.45,11357
20251016,033000,4209.455,4227.4,4204.84,4210.55,29535
20251016,043000,4210.535,4233.21,4210.5,4230.3,32429
20251016,053000,4230.36,4239.735,4226.17,4239.73,26586
20251016,063000,4239.725,4242.38,4229.07,4233.86,27277
20251016,073000,4233.855,4239.64,4228.2,4233.53,15495
20251016,083000,4233.515,4234.925,4203.55,4204.895,44452
20251016,093000,4204.905,4227.48,4203.61,4222.945,28250
20251016,103000,4222.94,4234.315,4222.31,4230.78,18367
20251016,113000,4230.835,4236.21,4228.535,4233.11,17981
20251016,123000,4233.125,4242.055,4221.98,4239.54,16454
20251016,133000,4239.525,4246.23,4234.155,4242.71,11850
20251016,143000,4242.72,4247.7,4239.555,4240.605,24412
20251016,153000,4240.625,4251.345,4227.675,4236.235,43135
20251016,163000,4236.25,4258.775,4235.04,4245.975,58342
20251016,173000,4245.95,4267.575,4245.6,4263.335,65642
20251016,183000,4263.375,4276.09,4260.76,4273.69,58579
20251016,193000,4273.71,4292.195,4261.5,4282.81,72473
20251016,203000,4282.825,4298.72,4279.845,4293.84,44665
20251016,213000,4293.885,4294.85,4273.3,4290.845,50285
20251016,223000,4290.835,4312.875,4287.635,4307.495,56747
20251016,233000,4307.535,4330.9,4307.535,4326.065,16408
20251017,013000,4338.03,4380.99,4333.165,4346.955,37965
20251017,023000,4346.965,4379.51,4341.48,4365.815,36934
20251017,033000,4365.805,4371.76,4353.685,4358.145,40629
20251017,043000,4358.17,4362.345,4278.68,4314.345,96431
20251017,053000,4314.175,4348.515,4312.295,4342.81,58766
20251017,063000,4342.81,4367.01,4339.055,4366.995,37884
20251017,073000,4366.995,4377.535,4354.815,4376.62,28772
20251017,083000,4376.585,4378.765,4342.18,4366.17,37895
20251017,093000,4366.235,4369.81,4346.81,4360.365,33857
20251017,103000,4360.195,4362.065,4306.255,4342.685,65633
20251017,113000,4342.525,4349.975,4321.16,4347.53,51506
20251017,123000,4347.555,4348.47,4332.46,4340.42,31334
20251017,133000,4340.4,4342.285,4319.505,4327.905,34219
20251017,143000,4327.885,4335.96,4286.745,4287.19,71016
20251017,153000,4287.48,4320.25,4283.665,4314.73,73207
20251017,163000,4314.8,4317.79,4258.335,4274.08,111224
20251017,173000,4274.13,4274.74,4215.775,4248.98,151913
20251017,183000,4248.95,4259.455,4231.065,4237.63,84570
20251017,193000,4237.635,4245.19,4200.53,4205.12,101579
20251017,203000,4205.24,4228.69,4185.91,4221.01,91058
20251017,213000,4221.07,4244.955,4218.05,4235.77,57425
20251017,223000,4235.82,4238.225,4212.54,4226.23,59983
20251017,233000,4226.18,4255.31,4220.37,4253.975,41131
20251020,013000,4267.075,4268.27,4245.345,4256.06,23134
20251020,023000,4255.99,4256.455,4233.465,4238.115,22362
20251020,033000,4238.11,4250.95,4219.115,4249.425,56848
20251020,043000,4249.36,4269.12,4229.325,4262.445,58305
20251020,053000,4262.5,4271.285,4253.33,4255.61,32764
20251020,063000,4255.615,4265.295,4248.775,4264.72,32254
20251020,073000,4264.69,4268.285,4260.375,4266.15,23947
20251020,083000,4266.37,4266.815,4239.675,4240.1,42560
20251020,093000,4240.21,4245.795,4221.205,4236.295,53724
20251020,103000,4236.265,4260.81,4234.65,4255.145,30885
20251020,113000,4255.135,4266.12,4252.4,4258.7,31330
20251020,123000,4258.71,4263.675,4250.445,4260.775,24071
20251020,133000,4260.765,4260.965,4245.77,4254.68,31566
20251020,143000,4254.665,4279.645,4251.04,4279.075,29295
20251020,153000,4279.06,4327.445,4272.8,4323.54,58213
20251020,163000,4323.55,4325.36,4299.595,4300.96,82362
20251020,173000,4300.965,4334.71,4292.85,4332.285,76711
20251020,183000,4332.3,4355.65,4332.28,4349.12,61466
20251020,193000,4349.115,4350.85,4342.735,4347.75,45540
20251020,203000,4347.74,4351.255,4337.195,4348.085,41541
20251020,213000,4348.115,4364.8,4344.53,4359.375,39674
20251020,223000,4359.365,4381.44,4359.2,4377.905,55804
20251020,233000,4377.84,4379.95,4346.23,4355.795,32140
20251021,013000,4366.33,4375.625,4357.51,4367.69,18192
20251021,023000,4367.655,4371.875,4356.83,4360.195,15555
20251021,033000,4360.19,4371.19,4356.25,4368.645,28682
20251021,043000,4368.61,4372.445,4333.095,4350.965,45006
20251021,053000,4350.98,4355.465,4335.54,4339.145,34024
20251021,063000,4339.045,4350.865,4338.2,4346.73,19263
20251021,073000,4346.725,4347.255,4336.985,4342.005,14185
20251021,083000,4341.81,4344.31,4317.455,4323.175,32223
20251021,093000,4323.105,4344.185,4317.395,4343.215,31345
20251021,103000,4343.25,4343.27,4293.46,4298.52,51445
20251021,113000,4298.51,4302.02,4245.245,4274.15,77748
20251021,123000,4274.145,4278.095,4254.84,4265.17,32709
20251021,133000,4265.16,4266.77,4249.6,4253.745,28940
20251021,143000,4253.74,4272.67,4245.56,4253.435,30071
20251021,153000,4253.45,4257.85,4205.87,4211.095,77452
20251021,163000,4211.33,4225.485,4167.66,4173.76,119951
20251021,173000,4173.84,4188.665,4080.58,4138.935,159212
20251021,183000,4139.03,4150.68,4119.89,4138.77,100731
20251021,193000,4138.81,4143.975,4101.79,4113.455,77467
20251021,203000,4113.415,4120.575,4093.83,4111.25,71696
20251021,213000,4111.265,4126.06,4106.58,4114.89,33358
20251021,223000,4115.005,4122.32,4100.795,4109.42,38818
20251021,233000,4109.43,4131.1,4106.37,4125.27,20015
20251022,013000,4124.28,4129.215,4114.03,4123.54,18152
20251022,023000,4123.5,4128.015,4090.005,4093.105,22971
20251022,033000,4093.09,4093.895,4004.28,4075.135,121852
20251022,043000,4075.145,4121.14,4064.545,4087.445,88233
20251022,053000,4087.45,4117.95,4087.45,4115.295,35078
20251022,063000,4115.275,4143.425,4107.34,4128.605,33813
20251022,073000,4128.61,4133.585,4107.355,4128.375,33017
20251022,083000,4128.47,4147.005,4126.73,4134.915,29752
20251022,093000,4134.905,4161.535,4127.715,4155.785,33865
20251022,103000,4155.75,4156.59,4129.505,4132.99,49483
20251022,113000,4132.865,4135.94,4053.35,4070.68,88273
20251022,123000,4070.595,4101.695,4061.605,4069.8,63468
20251022,133000,4069.705,4090.755,4023.51,4035.405,54556
20251022,143000,4035.4,4045.205,4015.125,4028.23,73500
20251022,153000,4028.26,4053.42,4023.32,4033.87,66167
20251022,163000,4034.005,4085.48,4033.37,4075.975,84964
20251022,173000,4075.835,4078.745,4011.095,4014.955,89977
20251022,183000,4015.085,4047.34,4014.955,4037.12,66864
20251022,193000,4037.13,4064.12,4023.09,4059.27,57792
20251022,203000,4059.08,4071.025,4044.02,4069.97,48040
20251022,213000,4069.95,4081.73,4066.59,4077.03,30713
20251022,223000,4077.035,4113.8,4076.64,4102.105,39667
20251022,233000,4102.12,4107.21,4088.52,4099.4,19637
20251023,013000,4110.085,4111.195,4092.59,4102.325,20744
20251023,023000,4102.335,4104.89,4080.6,4087.64,31624
20251023,033000,4087.645,4096.73,4065.9,4082.15,54510
20251023,043000,4082.17,4093.095,4071.845,4073.165,51891
20251023,053000,4073.185,4085.495,4071.96,4082.61,38637
20251023,063000,4082.615,4101.035,4077.89,4091.4,34074
20251023,073000,4091.405,4093.2,4079.895,4089.605,21878
20251023,083000,4089.68,4110.63,4084.075,4110.55,28956
20251023,093000,4110.56,4137.745,4110.48,4113.775,56843
20251023,103000,4113.755,4121.24,4092.06,4094.205,47356
20251023,113000,4094.23,4118.975,4094.23,4116.33,31847
20251023,123000,4116.43,4125.43,4111.07,4124.635,19320
20251023,133000,4124.66,4125.55,4101.84,4109.16,22320
20251023,143000,4109.255,4121.115,4107.575,4109.66,28752
20251023,153000,4109.57,4129.25,4100.14,4127.135,39376
20251023,163000,4127.225,4150.99,4125.785,4145.12,61664
20251023,173000,4145.01,4154.79,4136.14,4148.365,68930
20251023,183000,4148.395,4151.965,4137.145,4141.945,55811
20251023,193000,4141.95,4148.74,4125.75,4132.995,33763
20251023,203000,4132.99,4139.28,4125.105,4137.81,35303
20251023,213000,4137.805,4143.6,4133.155,4136.35,31820
20251023,223000,4136.315,4138.31,4116.61,4118.45,34512
20251023,233000,4118.55,4126.075,4107.535,4126.075,13865
20251024,013000,4125.85,4128.8,4111.465,4116.275,8955
20251024,023000,4116.345,4122.885,4106.035,4121.665,12748
20251024,033000,4121.435,4133.895,4117.805,4132.87,15642
20251024,043000,4132.9,4144.535,4112.035,4118.79,29107
20251024,053000,4118.79,4119.24,4109.425,4109.71,20838
20251024,063000,4109.67,4123.665,4107.58,4122.475,21331
20251024,073000,4122.44,4123.405,4102.8,4111.555,25963
20251024,083000,4111.92,4118.025,4102.825,4104.5,25822
20251024,093000,4104.525,4104.81,4081.425,4092.3,45307
20251024,103000,4092.29,4096.095,4069.78,4074.3,37897
20251024,113000,4074.315,4077.895,4047.555,4065.515,43151
20251024,123000,4065.5,4073.735,4054.285,4060.875,28235
20251024,133000,4060.92,4070.855,4053.545,4054.865,21226
20251024,143000,4054.875,4065.71,4043.515,4061.46,38080
20251024,153000,4061.52,4094.18,4059.9,4082.265,55917
20251024,163000,4082.36,4122.315,4078.975,4106.9,75575
20251024,173000,4106.885,4135.32,4102.145,4117.63,62900
20251024,183000,4117.615,4131.91,4113.27,4130.545,49861
20251024,193000,4130.55,4138.67,4121.9,4129.495,41458
20251024,203000,4129.535,4134.39,4105.805,4107.73,31949
20251024,213000,4107.775,4113.73,4102.035,4110.43,24339
20251024,223000,4110.48,4117.68,4102.37,4104.205,22319
20251024,233000,4104.195,4114.605,4096.625,4114.125,14357
20251027,013000,4085.7,4109,4071.925,4081.875,30481
20251027,023000,4081.91,4088.785,4061.675,4064.665,24647
20251027,033000,4064.66,4084.435,4058.205,4081.27,23674
20251027,043000,4081.295,4097.87,4074.94,4082.065,40319
20251027,053000,4082.075,4082.375,4070.345,4071.755,29337
20251027,063000,4071.745,4081.875,4065.34,4069.745,24629
20251027,073000,4069.715,4071.94,4053.71,4068.835,26671
20251027,083000,4068.855,4084.68,4068.55,4079.87,26139
20251027,093000,4079.865,4085.17,4074.055,4078.325,32173
20251027,103000,4078.33,4079.87,4064.02,4068.945,35384
20251027,113000,4068.93,4070.455,4024.34,4043.58,45276
20251027,123000,4043.545,4050.41,4029.91,4039.96,40321
20251027,133000,4039.77,4047.805,4028.895,4037.565,28057
20251027,143000,4037.62,4041.545,4015.29,4024.16,45562
20251027,153000,4024.155,4046.655,4022.555,4046.06,54110
20251027,163000,4046.115,4050.61,4013.525,4022.23,77073
20251027,173000,4022.23,4023.665,3983.09,3988.225,97484
20251027,183000,3988.235,3993.72,3971.445,3989.965,73748
20251027,193000,3989.98,4000.585,3984.25,3999.44,58171
20251027,203000,3999.47,4009.075,3990.81,4006.635,55154
20251027,213000,4006.645,4010.305,3997.905,3999.875,53780
20251027,223000,3999.89,4005.67,3985.735,3990.35,54953
20251027,233000,3990.34,4000.385,3979.335,3981.985,24372
20251028,013000,3990.015,3997.02,3983.685,3990.075,10149
20251028,023000,3990.095,4004.62,3983.25,3998.66,19274
20251028,033000,3998.655,4009.7,3972.93,4006.67,29706
20251028,043000,4006.65,4019.805,4004.355,4011.08,41013
20251028,053000,4011.1,4013.935,3980.5,3984.03,32492
20251028,063000,3984.015,3994.58,3983.375,3993.07,19549
20251028,073000,3993.155,3994.495,3963.62,3973.695,27526
20251028,083000,3973.94,3980.1,3959.02,3966.535,27726
20251028,093000,3966.545,3968.585,3938.335,3942.525,36767
20251028,103000,3942.515,3948.905,3921.72,3932.495,38278
20251028,113000,3932.64,3935.9,3896.46,3897.275,45419
20251028,123000,3897.285,3911.26,3886.465,3904.635,38632
20251028,133000,3904.64,3931.53,3900.065,3926.74,38260
20251028,143000,3926.84,3930.1,3910.94,3923.455,48467
20251028,153000,3923.45,3929.89,3905.42,3912.815,51992
20251028,163000,3912.95,3940.445,3912.26,3939.085,75407
20251028,173000,3939.015,3954.065,3934.935,3949.72,66599
20251028,183000,3949.725,3969.615,3947.035,3964.89,43777
20251028,193000,3964.94,3965.605,3951.155,3958.73,44071
20251028,203000,3958.735,3970.465,3955.38,3962.35,29135
20251028,213000,3962.405,3964.155,3945.15,3956.47,29700
20251028,223000,3956.465,3962.775,3950.805,3960.395,34344
20251028,233000,3960.28,3961.01,3949.78,3953,12387
20251029,013000,3955.945,3956.025,3907.925,3934.17,19104
20251029,023000,3934.165,3967.85,3934.11,3964.945,15814
20251029,033000,3964.94,3982.495,3959.195,3975.325,25527
20251029,043000,3975.285,3979.9,3966.225,3973.75,38193
20251029,053000,3973.745,3974.38,3943.825,3961.285,33822
20251029,063000,3961.315,3972.45,3958.62,3963.525,31489
20251029,073000,3963.53,3965.075,3951.01,3952.085,22024
20251029,083000,3952.23,3966.39,3950.79,3962.765,23321
20251029,093000,3962.725,3984.81,3960.075,3978.38,32208
20251029,103000,3978.345,4001.765,3974.89,4001.765,39250
20251029,113000,4001.77,4018.595,4000.485,4017.015,28052
20251029,123000,4016.98,4029.68,4013.5,4023.935,39566
20251029,133000,4023.98,4029.835,4017.08,4023.59,36107
20251029,143000,4023.605,4028.565,4013.54,4016.61,43464
20251029,153000,4016.64,4030.34,4013.53,4025.55,52029
20251029,163000,4025.56,4025.79,4002.39,4012.47,64063
20251029,173000,4012.475,4022.51,4007.19,4008.45,64823
20251029,183000,4008.45,4012.025,3989.52,3993.1,63458
20251029,193000,3993.225,4001.24,3991.435,3992.865,37626
20251029,203000,3992.795,3997.94,3985.98,3994.84,32321
20251029,213000,3994.9,4007.875,3942.71,3969.4,111497
20251029,223000,3969.315,3979.9,3927.86,3945.825,87418
20251029,233000,3945.845,3954.375,3927.955,3930.615,27582
20251030,013000,3921.61,3948.515,3916.59,3941.45,18763
20251030,023000,3941.46,3954.335,3939.695,3952.975,15027
20251030,033000,3952.93,3964.36,3938.09,3950.48,23250
20251030,043000,3950.485,3966.8,3945.24,3948.15,38769
20251030,053000,3948.09,3948.445,3921.825,3921.96,35446
20251030,063000,3922.055,3938.305,3915.52,3938.21,31090
20251030,073000,3938.235,3982.665,3934.735,3972.47,33040
20251030,083000,3972.505,3978.24,3947.035,3963.975,37350
20251030,093000,3963.985,3977.415,3956.22,3976.96,33840
20251030,103000,3976.955,3977.54,3955.94,3961.28,34502
20251030,113000,3961.295,3977.02,3960.36,3976.585,30411
20251030,123000,3976.56,4011.705,3976.155,3998.69,34077
20251030,133000,3998.68,4000.925,3973.655,3984.19,36944
20251030,143000,3984.245,3985.045,3964.02,3974.515,37029
20251030,153000,3974.55,3985.685,3961.215,3961.48,57335
20251030,163000,3961.44,3995.365,3960.32,3995.365,78243
20251030,173000,3995.385,4015.1,3986.925,3996.425,87471
20251030,183000,3996.4,4008.775,3988.17,4001.76,49749
20251030,193000,4001.75,4004.135,3991.165,4001.55,32754
20251030,203000,4001.545,4018.05,3994.485,4004.505,20210
20251030,213000,4004.625,4017.715,4000.06,4016.225,36890
20251030,223000,4016.165,4025.93,4015.39,4023.355,58640
20251030,233000,4023.305,4027.235,4016.36,4024.525,9967
20251031,013000,4021.47,4046.595,4016.46,4037.725,14185
20251031,023000,4037.725,4043.25,4018.925,4036.635,17871
20251031,033000,4036.625,4037.06,4023.93,4025.01,19584
20251031,043000,4025.04,4039.58,4012.755,4019,40136
20251031,053000,4018.795,4019.405,4001.415,4011.145,41019
20251031,063000,4011.175,4013.895,3991.235,3996.315,30063
20251031,073000,3996.33,4010.79,3989.065,4005.9,24367
20251031,083000,4005.455,4011.38,3994.115,4005.11,38971
20251031,093000,4005.14,4014.94,4002.17,4013.34,41488
20251031,103000,4013.335,4025.72,4007.68,4021.235,39074
20251031,113000,4021.205,4026.82,4006.94,4010.575,33265
20251031,123000,4010.46,4014.32,3998.875,4008.59,34474
20251031,133000,4008.63,4016.84,4003.685,4007.515,31934
20251031,143000,4007.535,4011.295,4001.745,4010.595,25778
20251031,153000,4010.66,4036.435,4009.19,4023.06,47126
20251031,163000,4023.05,4035.725,4010.28,4016.73,72673
20251031,173000,4016.735,4027.32,4011.06,4020.7,69737
20251031,183000,4020.665,4023.04,4009.635,4012.6,63490
20251031,193000,4012.55,4015.3,3972.285,3980.72,68876
20251031,203000,3980.735,4003.835,3980.575,3997.635,46300
20251031,213000,3997.625,4010.08,3995.505,3999.92,22500
20251031,223000,3999.93,4005.475,3991.205,4001.43,27574
20251031,233000,4001.405,4006.74,3996.28,4002.81,6374
20251103,023000,3995.47,3999.335,3977.91,3979.67,12165
20251103,033000,3979.605,3988.505,3962.275,3970.755,23251
20251103,043000,3970.76,4002.075,3965.28,3996.09,34705
20251103,053000,3996.055,4006.7,3990.445,4004.21,20924
20251103,063000,4004.265,4015.45,4002.2,4011.29,19928
20251103,073000,4011.295,4014.53,4001.85,4003.7,12178
20251103,083000,4003.71,4018.33,3997.705,4013.935,20769
20251103,093000,4013.93,4018.795,4010.03,4017.635,22488
20251103,103000,4017.64,4026.045,4013.62,4025.185,29833
20251103,113000,4025.195,4028.13,4011.215,4019.715,37018
20251103,123000,4019.71,4026.11,3993.1,4000.63,41312
20251103,133000,4000.675,4005.085,3994.44,3998.715,31531
20251103,143000,3998.645,4008.76,3994.34,4007.69,28643
20251103,153000,4007.71,4013.8,4001.905,4013.61,27092
20251103,163000,4013.59,4020.765,4010.865,4016.155,52773
20251103,173000,4015.96,4026.155,4001.755,4022.855,60189
20251103,183000,4022.84,4030.825,4003.39,4008.59,79398
20251103,193000,4008.595,4013.545,3995.22,4008.48,51739
20251103,203000,4008.495,4012.245,4003.59,4006.23,28079
20251103,213000,4006.305,4009.78,3999.57,4006.435,23433
20251103,223000,4006.42,4008.295,3995.445,4004.66,26337
20251103,233000,4004.655,4015.06,4004.59,4010.315,25103
20251104,003000,4010.24,4010.24,4000.12,4001.605,6157
20251104,023000,4005.115,4005.27,3981.565,3997.27,13568
20251104,033000,3997.36,3999.295,3978.675,3986.51,25263
20251104,043000,3986.58,3994.81,3979.64,3987.545,38442
20251104,053000,3987.52,3987.535,3975.57,3986.685,25570
20251104,063000,3986.855,3999.465,3981.7,3994.64,14225
20251104,073000,3994.615,3995.26,3984.225,3985.645,13545
20251104,083000,3985.275,3987.345,3972.805,3973.355,26275
20251104,093000,3973.365,3988.145,3966.605,3985.095,25621
20251104,103000,3985.165,3996.585,3982.31,3993.9,21263
20251104,113000,3993.91,4000.855,3990.665,3996.14,22663
20251104,123000,3996.165,3999.62,3990.535,3991.27,19027
20251104,133000,3991.245,3997.655,3986.065,3993.94,30354
20251104,143000,3993.96,4000.085,3991.845,3994.97,25006
20251104,153000,3994.995,3997.61,3983.7,3984.765,33056
20251104,163000,3984.72,3996.09,3971.855,3975.82,53323
20251104,173000,3975.8,3977.875,3928.685,3957.12,61280
20251104,183000,3957.08,3968.35,3941.41,3956.91,52683
20251104,193000,3956.92,3975.685,3956.815,3969.14,39561
20251104,203000,3969.15,3971.165,3952.375,3955.08,24973
20251104,213000,3954.825,3956.93,3932.04,3937.81,26815
20251104,223000,3937.815,3944.245,3934.63,3937.5,22050
20251104,233000,3937.55,3942.2,3931.275,3938.77,28225
20251105,003000,3938.79,3939.14,3930.56,3932.1,6490
20251105,023000,3937.93,3940.88,3930.92,3934.6,7948
20251105,033000,3934.625,3942.96,3929.35,3939.745,17150
20251105,043000,3939.735,3949.56,3934.6,3937.125,33797
20251105,053000,3937.06,3951.115,3935.725,3948.685,25518
20251105,063000,3948.705,3965.345,3947.645,3960.98,13794
20251105,073000,3960.9,3973.905,3959.835,3970.495,15309
20251105,083000,3970.65,3978.78,3961.875,3965.055,14743
20251105,093000,3965.07,3973.645,3962.04,3966.275,13850
20251105,103000,3966.285,3974.88,3963.74,3972.6,15303
20251105,113000,3972.565,3987.34,3972.52,3980.025,20301
20251105,123000,3980.02,3981.49,3963.57,3971.955,15340
20251105,133000,3971.885,3971.935,3956.1,3964.7,18781
20251105,143000,3964.7,3969.14,3957.48,3966.99,14975
20251105,153000,3966.995,3969.905,3962.245,3969.65,9415
20251105,163000,3969.725,3979.48,3964.885,3975.91,22453
20251105,173000,3975.925,3985.725,3969.665,3973.6,37902
20251105,183000,3973.62,3984.49,3964.27,3978.295,56909
20251105,193000,3978.345,3990.565,3974.985,3986.96,32462
20251105,203000,3987.045,3989.705,3978.58,3982.12,12725
20251105,213000,3982.145,3986.105,3978.905,3982.445,16948
20251105,223000,3982.46,3988.785,3979.165,3987.92,16418
20251105,233000,3987.91,3990.175,3981.585,3984.6,13164
20251106,003000,3984.6,3985.185,3977.995,3980.115,3660
20251106,023000,3968.78,3977.795,3966.54,3973.93,9850
20251106,033000,3973.895,3976.34,3969.79,3976.34,11773
20251106,043000,3976.315,3977.465,3964.455,3976.765,14982
20251106,053000,3976.785,3985.13,3974.38,3983.38,10702
20251106,063000,3983.435,3990.525,3979.575,3987.54,8073
20251106,073000,3987.545,3989.98,3984.58,3988.935,4195
20251106,083000,3988.88,3990.87,3985.67,3987.645,10695
20251106,093000,3987.655,3993.08,3982.365,3991.515,12031
20251106,103000,3991.495,4009.545,3991.185,4005.78,22543
20251106,113000,4005.785,4017.06,4004.765,4014.88,30938
20251106,123000,4014.865,4015.235,4009.345,4011.01,22378
20251106,133000,4011,4011.2,4004.5,4008.465,23142
20251106,143000,4008.48,4019.55,4007.165,4018.185,23287
20251106,153000,4018.19,4019.645,4002.95,4005.375,25433
20251106,163000,4005.36,4016.31,4003.8,4012.33,39671
20251106,173000,4012.315,4014.09,3989.095,3993.41,67330
20251106,183000,3993.08,3993.9,3975.08,3980.405,72830
20251106,193000,3980.48,3986.45,3976.595,3981.03,58401
20251106,203000,3981.005,3988.26,3965.71,3986.34,41377
20251106,213000,3986.35,3991,3980.27,3987.915,37166
20251106,223000,3987.95,3995.365,3983.18,3985.35,30845
20251106,233000,3985.265,3987.285,3979.455,3980.965,48409
20251107,003000,3981.03,3982.615,3976.88,3977.14,7710
20251107,023000,3979.465,3989.975,3978.435,3989.345,7821
20251107,033000,3989.345,3994.565,3984.655,3988.605,13137
20251107,043000,3988.58,4002.85,3987.245,4001.845,22727
20251107,053000,4001.82,4003.41,3991.61,3995.47,18362
20251107,063000,3995.425,3996.73,3988.16,3990.365,8610
20251107,073000,3990.345,3998.565,3985.605,3998.375,8164
20251107,083000,3998.38,3999.05,3992.115,3994.95,8774
20251107,093000,3994.96,4008.65,3992.25,4006.925,15272
20251107,103000,4006.945,4010.02,4002.815,4007.835,13630
20251107,113000,4007.935,4010.46,4003.735,4009.73,19389
20251107,123000,4009.755,4014.29,4004.31,4006.76,16333
20251107,133000,4006.81,4009.71,4003.26,4007.975,13942
20251107,143000,4008,4011.925,3993.65,4002.965,19959
20251107,153000,4002.815,4008.715,3991.69,3996.025,20879
20251107,163000,3996.06,4002.13,3991.79,3997.855,37649
20251107,173000,3997.885,4007.36,3984.385,3993.605,49569
20251107,183000,3993.56,3999.285,3984.01,3991.05,52029
20251107,193000,3991.095,4027.595,3990.165,4007.765,45368
20251107,203000,4007.86,4009.8,3992.37,4005.6,34689
20251107,213000,4005.595,4009.325,3999.555,4005.65,31711
20251107,223000,4005.685,4009.05,4001.935,4006.71,27575
20251107,233000,4006.7,4006.93,3994.64,4004.18,38453
20251108,003000,4004.14,4005.34,3998.69,4001.275,3719
20251110,023000,4005.675,4012.23,4004.355,4011.87,9272
20251110,033000,4011.905,4024.12,4011.13,4020.405,12167
20251110,043000,4020.39,4053.47,4019.15,4044.07,48266
20251110,053000,4043.99,4049.175,4037.74,4048.135,24022
20251110,063000,4048.12,4052.98,4044.945,4050.105,11349
20251110,073000,4050.055,4056.875,4049.835,4054.225,12424
20251110,083000,4054.27,4070.07,4050.24,4069.56,18265
20251110,093000,4069.63,4078.615,4066.9,4075.24,23724
20251110,103000,4075.24,4079.15,4072.315,4075.395,18238
20251110,113000,4075.335,4085.295,4075.135,4082.315,27357
20251110,123000,4082.35,4086.375,4071.49,4076.705,19915
20251110,133000,4076.69,4083.42,4075.95,4081.11,14220
20251110,143000,4081.175,4085.495,4075.86,4085.385,17100
20251110,153000,4085.43,4100.085,4084.42,4097.65,25615
20251110,163000,4097.7,4106,4090.4,4091.645,47824
20251110,173000,4091.635,4094.13,4074.49,4083.53,54495
20251110,183000,4083.455,4094.355,4077.935,4084.435,43943
20251110,193000,4084.42,4095.77,4082.095,4095.175,37820
20251110,203000,4095.2,4102.85,4093.46,4102.72,19986
20251110,213000,4102.735,4115.915,4101.77,4110.145,31010
20251110,223000,4110.14,4115.465,4107.92,4113.28,23667
20251110,233000,4113.265,4114.61,4106.6,4111.685,41607
20251111,003000,4111.735,4116.69,4110.4,4115.41,2893
20251111,023000,4116.835,4122.925,4116.075,4120.085,8240
20251111,033000,4120.275,4133.755,4116.29,4130.96,12949
20251111,043000,4130.91,4141.365,4128,4136.355,26703
20251111,053000,4136.33,4139.81,4129.75,4138.255,17601
20251111,063000,4138.235,4148.18,4137.255,4147.05,15260
20251111,073000,4147.03,4149.1,4142.03,4143.19,12027
20251111,083000,4143.165,4144.47,4124.895,4131.13,21208
20251111,093000,4131.08,4137.915,4126.8,4130.07,19710
20251111,103000,4130.065,4133.04,4124.985,4129.78,14761
20251111,113000,4129.805,4137.81,4128.925,4135.635,21038
20251111,123000,4135.685,4146.035,4134.435,4141.89,16217
20251111,133000,4141.965,4144.345,4136.84,4141.935,10443
20251111,143000,4141.985,4144.805,4139.12,4142.85,12896
20251111,153000,4142.895,4143.865,4133.34,4134.465,15684
20251111,163000,4134.565,4146.885,4133.965,4142.65,21500
20251111,173000,4142.71,4143.295,4119.94,4125.015,44955
20251111,183000,4124.97,4126.32,4097.245,4106.835,58166
20251111,193000,4106.84,4115.815,4105.1,4113.415,22196
20251111,203000,4113.37,4117.955,4110.645,4114.535,10418
20251111,213000,4114.635,4116.48,4106.64,4113.86,12683
20251111,223000,4113.865,4126.26,4112.07,4123.12,8307
20251111,233000,4123.18,4131.97,4122.395,4129.535,12999
20251112,003000,4129.495,4131.45,4125.615,4126.505,4548
20251112,023000,4130.9,4144.74,4129.025,4142.66,10142
20251112,033000,4142.595,4145.61,4132.16,4133.055,14376
20251112,043000,4133.12,4137.3,4126.315,4131.5,42173
20251112,053000,4131.455,4135.495,4118.765,4124.13,24471
20251112,063000,4124.135,4125.425,4111.895,4112.085,21951
20251112,073000,4112.025,4113.39,4103.635,4110.735,22631
20251112,083000,4110.725,4111.265,4098.915,4104.725,19140
20251112,093000,4104.685,4119.3,4103.275,4118.675,29352
20251112,103000,4118.68,4125.3,4113.465,4117.305,18984
20251112,113000,4117.295,4132.965,4112.27,4131.495,22138
20251112,123000,4131.445,4133.855,4120.58,4124.74,19252
20251112,133000,4124.785,4129.57,4117.945,4127.81,23811
20251112,143000,4127.815,4131.34,4123.09,4126.025,18099
20251112,153000,4126.05,4139.51,4125.025,4130.25,17507
20251112,163000,4130.43,4132.63,4122.74,4127.285,27806
20251112,173000,4127.34,4140.215,4125.045,4136.63,37731
20251112,183000,4136.605,4185.785,4134.685,4181.495,78657
20251112,193000,4181.415,4197.83,4180.2,4196.51,68203
20251112,203000,4196.5,4206.515,4192.25,4199.535,65358
20251112,213000,4199.57,4211.795,4190.48,4207.025,67544
20251112,223000,4207.08,4210.25,4192.25,4197.445,47810
20251112,233000,4197.45,4199.65,4190.685,4196.05,43026
20251113,003000,4196.025,4202.165,4191,4195.21,8241
20251113,023000,4202.635,4208.07,4187.27,4191.41,12696
20251113,033000,4191.425,4209.005,4185.9,4206.065,18727
20251113,043000,4205.965,4209.315,4179.735,4192.43,48417
20251113,053000,4192.405,4196.025,4183.51,4190.28,39275
20251113,063000,4190.235,4213.3,4190.175,4212.96,35436
20251113,073000,4212.95,4219.52,4203.4,4209.495,30627
20251113,083000,4209.455,4217.89,4207.56,4212.02,27095
20251113,093000,4211.945,4212.25,4203.27,4210.525,18094
20251113,103000,4210.56,4220.255,4208.4,4220.125,18826
20251113,113000,4220.08,4239.66,4219.26,4232.71,36974
20251113,123000,4232.6,4239.62,4225.08,4233.215,31562
20251113,133000,4233.205,4240.24,4221.825,4225.72,34411
20251113,143000,4225.82,4232.405,4219.35,4230.47,35301
20251113,153000,4230.435,4245.195,4230.005,4242.83,26862
20251113,163000,4242.8,4244.1,4220.41,4231.745,58429
20251113,173000,4231.83,4232.425,4184.51,4195.525,78881
20251113,183000,4195.515,4205.295,4186.535,4202.675,80416
20251113,193000,4202.7,4211.125,4195.705,4206.77,68987
20251113,203000,4206.885,4208.575,4193.35,4202.05,54026
20251113,213000,4202.065,4203.46,4145.19,4158.07,66398
20251113,223000,4158.015,4170.705,4146,4164.09,54405
20251113,233000,4164.1,4170.91,4160.385,4164.17,55566
20251114,003000,4164.16,4181.265,4161.23,4171.745,11671
20251114,023000,4177.285,4186.84,4175.93,4186.205,10932
20251114,033000,4186.24,4190.025,4178.2,4183.81,20400
20251114,043000,4183.815,4193.825,4173.72,4190.025,44818
20251114,053000,4190.03,4210.405,4188.74,4207.225,32789
20251114,063000,4207.165,4211.435,4201.57,4204.49,27670
20251114,073000,4204.445,4205.83,4197.02,4203.335,22110
20251114,083000,4203.385,4203.67,4183.985,4189.9,35184
20251114,093000,4189.865,4193.53,4169.625,4175.425,31379
20251114,103000,4175.4,4182.545,4158.995,4181.26,32694
20251114,113000,4181.265,4187.21,4170.145,4176.135,41304
20251114,123000,4176.14,4180.615,4166.525,4169.44,25584
20251114,133000,4169.415,4171.14,4159.145,4168.08,28619
20251114,143000,4168.085,4170.075,4130.92,4133.18,38143
20251114,153000,4133.085,4140.75,4107.71,4116.26,47779
20251114,163000,4116.255,4119.245,4041.37,4055.975,70316
20251114,173000,4055.835,4084.145,4032.23,4082.86,69782
20251114,183000,4082.81,4096.76,4068.31,4093.76,53177
20251114,193000,4093.75,4111.185,4081.1,4105.24,38231
20251114,203000,4105.29,4110.71,4094.22,4099.92,30738
20251114,213000,4099.925,4103.75,4080.87,4098.105,28309
20251114,223000,4098.02,4100.23,4087.725,4089.995,18207
20251114,233000,4090.065,4092.48,4075.615,4087.16,21695
20251115,003000,4087.095,4087.095,4078.02,4085.825,8542
20251117,023000,4078.275,4106.705,4077.96,4096.51,18618
20251117,033000,4096.5,4098.39,4080.835,4083.37,24553
20251117,043000,4083.27,4101.915,4082.69,4091.325,47578
20251117,053000,4091.32,4093.905,4080.84,4081.725,24065
20251117,063000,4081.68,4085.85,4069.86,4083,25290
20251117,073000,4082.985,4088.085,4076.84,4078.68,14067
20251117,083000,4078.73,4078.815,4049.76,4058.48,23772
20251117,093000,4058.515,4072.07,4054.9,4066.175,19974
20251117,103000,4066.17,4089.26,4065.38,4088.13,17389
20251117,113000,4088.32,4095.935,4072.11,4077.395,21851
20251117,123000,4077.24,4088.755,4072.35,4082.28,16795
20251117,133000,4082.275,4089.555,4068.435,4070.18,19946
20251117,143000,4070.175,4085.98,4061.215,4078.47,18033
20251117,153000,4078.535,4085.45,4074.705,4077.375,12252
20251117,163000,4077.295,4092.29,4060.65,4065.48,29948
20251117,173000,4065.505,4082.01,4060.57,4076.34,43459
20251117,183000,4076.32,4077.79,4060.825,4064.33,48295
20251117,193000,4064.31,4073.86,4052.38,4070.12,45853
20251117,203000,4070.125,4081.13,4069.65,4073.345,32879
20251117,213000,4073.35,4076.33,4062.475,4062.845,35416
20251117,223000,4062.835,4065.32,4010.95,4011.38,53280
20251117,233000,4011.41,4044.435,4007.055,4041.205,44030
20251118,003000,4041.165,4046.105,4038.99,4045.86,7632
20251118,023000,4050.79,4054.755,4028.895,4036.785,17272
20251118,033000,4036.835,4041.205,4027.3,4040.09,19745
20251118,043000,4040.1,4045.355,4022.425,4025.15,31923
20251118,053000,4025.14,4035.89,4015.38,4018.035,26057
20251118,063000,4018.005,4026.685,4008.24,4013.39,21134
20251118,073000,4013.46,4018.16,4004.725,4010.39,26068
20251118,083000,4010.45,4025.395,4008.09,4019.005,20928
20251118,093000,4019.07,4020.58,4007.71,4008.935,26443
20251118,103000,4008.95,4017.69,3997.985,4013.82,25691
20251118,113000,4013.84,4042.795,4010.45,4036.695,32488
20251118,123000,4036.52,4047.335,4030.42,4040.365,23734
20251118,133000,4040.35,4050.435,4037.43,4044.21,26485
20251118,143000,4044.265,4050.525,4036.91,4039.655,14022
20251118,153000,4039.68,4045.305,4029.33,4032.555,30880
20251118,163000,4032.695,4070.415,4031.34,4065.305,47868
20251118,173000,4065.3,4081.915,4058.22,4065.91,52740
20251118,183000,4065.83,4072.415,4049.24,4053.2,64520
20251118,193000,4053.245,4069.35,4040.55,4066.93,36699
20251118,203000,4066.855,4075.75,4059.54,4071.67,28083
20251118,213000,4071.6,4074.875,4063.22,4072.63,15722
20251118,223000,4072.655,4082.12,4072.58,4081.38,27627
20251118,233000,4081.36,4082.58,4067.435,4069.695,23593
20251119,003000,4069.63,4072.41,4064.915,4067.425,3715
20251119,023000,4067.645,4078.1,4067.155,4077,8373
20251119,033000,4076.975,4078.655,4067.515,4069.34,11663
20251119,043000,4069.345,4070.44,4056.39,4059.09,29764
20251119,053000,4059.115,4080.775,4055.525,4075.79,24035
20251119,063000,4075.795,4078.83,4066.21,4067.105,16159
20251119,073000,4067.1,4077.105,4064.68,4075.245,12596
20251119,083000,4075.455,4097.565,4074.3,4095.63,21944
20251119,093000,4095.655,4098.72,4089.105,4091.075,16367
20251119,103000,4091.08,4097,4084.95,4087,13692
20251119,113000,4086.925,4088.855,4078.35,4083.355,16120
20251119,123000,4083.4,4116.4,4081.265,4113.325,22517
20251119,133000,4113.35,4119.23,4107.075,4108.995,20130
20251119,143000,4109.03,4117.75,4106.455,4113.125,18568
20251119,153000,4113.14,4120.015,4112.155,4114.685,17314
20251119,163000,4114.72,4117.94,4100.85,4110.765,34860
20251119,173000,4110.84,4128.975,4101.7,4127.905,44411
20251119,183000,4127.865,4132.985,4090.05,4096.745,67612
20251119,193000,4096.74,4098.71,4068.005,4074.74,69609
20251119,203000,4074.83,4081.25,4055.475,4078.835,45930
20251119,213000,4078.945,4091.4,4075.795,4087.485,42156
20251119,223000,4087.48,4087.52,4069.285,4073.7,35315
20251119,233000,4073.655,4082.24,4072.345,4076.385,32530
20251120,003000,4076.36,4084.9,4065.76,4077.85,9624
20251120,023000,4088.255,4108.21,4083.645,4104.69,15823
20251120,033000,4104.66,4110.37,4100.42,4103.135,17968
20251120,043000,4103.065,4109.185,4081.195,4081.605,29090
20251120,053000,4081.595,4081.88,4038.9,4066.875,40297
20251120,063000,4066.86,4085.695,4064.88,4072.365,23675
20251120,073000,4072.38,4080.53,4068.3,4075.5,18012
20251120,083000,4075.51,4075.97,4064.38,4066.79,20147
20251120,093000,4066.66,4077.945,4058.52,4068.495,15963
20251120,103000,4068.48,4076.675,4054.35,4059.935,18242
20251120,113000,4059.97,4069.48,4038.93,4063.46,29159
20251120,123000,4063.335,4072.81,4055.735,4064.225,32591
20251120,133000,4064.235,4068.275,4058.305,4059.91,29824
20251120,143000,4059.905,4068.525,4051.16,4060.895,30989
20251120,153000,4060.82,4082.1,4060.185,4081.81,34159
20251120,163000,4081.79,4096.545,4066.925,4080.245,70420
20251120,173000,4080.225,4107.35,4072.28,4093.25,82399
20251120,183000,4093.235,4098.87,4070.23,4070.355,77909
20251120,193000,4070.39,4082.795,4044.815,4049.12,91619
20251120,203000,4049.065,4068.67,4043.58,4066.225,78204
20251120,213000,4066.215,4072.72,4056.215,4060.69,67100
20251120,223000,4060.68,4087.445,4059.095,4084.76,56486
20251120,233000,4084.71,4085.24,4073.425,4077.49,55140
20251121,003000,4077.835,4081.145,4074.455,4077.535,9396
20251121,023000,4073.08,4088.725,4073.075,4079.035,16989
20251121,033000,4079.065,4081.56,4071.36,4073.88,10933
20251121,043000,4073.905,4074.705,4060.5,4068.68,35742
20251121,053000,4068.695,4080.105,4056.525,4057.305,27406
20251121,063000,4057.32,4059.625,4049.46,4056.365,29833
20251121,073000,4056.37,4062.615,4047.705,4052.445,19574
20251121,083000,4052.45,4060.105,4039.75,4058.69,34769
20251121,093000,4058.695,4065.095,4029.36,4032.77,35604
20251121,103000,4032.82,4039.87,4024.835,4031.82,37532
20251121,113000,4031.815,4048.195,4022.26,4041.185,45559
20251121,123000,4041.18,4063.605,4040.36,4050.615,48406
20251121,133000,4050.535,4052.8,4032.41,4037.205,48805
20251121,143000,4037.095,4047.05,4031.1,4036.715,46463
20251121,153000,4036.71,4071.785,4034.785,4066.015,70367
20251121,163000,4066.005,4081.39,4059.185,4079.745,62831
20251121,173000,4079.685,4084.075,4061.7,4071.425,77215
20251121,183000,4071.245,4076.885,4055.16,4069.67,89724
20251121,193000,4069.655,4100.685,4063.08,4099.93,59739
20251121,203000,4099.925,4101.07,4079.01,4085.645,45715
20251121,213000,4085.65,4088.265,4076.575,4082.875,52458
20251121,223000,4082.85,4092.185,4082.58,4087.625,34593
20251121,233000,4087.645,4088.77,4055.3,4067.29,48222
20251122,003000,4067.315,4069.195,4054.74,4065.01,10063
20251124,023000,4067.61,4077.795,4065.75,4075.165,13186
20251124,033000,4075.11,4076.105,4058.33,4067.53,12622
20251124,043000,4067.54,4073.33,4042.755,4044.235,38609
20251124,053000,4044.125,4051.72,4040.77,4043.68,16304
20251124,063000,4043.67,4058.285,4043.67,4050.45,17165
20251124,073000,4050.23,4061.425,4042.225,4044.26,18347
20251124,083000,4044.28,4049.705,4040.02,4046.545,19509
20251124,093000,4046.52,4058.21,4045.67,4053.46,25752
20251124,103000,4053.465,4067.75,4051.56,4060.245,21974
20251124,113000,4060.25,4067.005,4059.65,4063.385,15392
20251124,123000,4063.36,4074.415,4062.885,4072.045,18852
20251124,133000,4072.02,4077.4,4063.335,4064.01,22946
20251124,143000,4064.015,4071.705,4063.285,4070.035,20259
20251124,153000,4070.035,4084.145,4065.635,4080.565,29957
20251124,163000,4080.61,4086.02,4073.705,4077.945,46068
20251124,173000,4077.9,4086.275,4068.445,4081.595,67341
20251124,183000,4081.57,4093.94,4081.295,4091.705,64002
20251124,193000,4091.72,4099,4089.64,4097.37,33615
20251124,203000,4097.33,4100.47,4088.925,4093.02,34510
20251124,213000,4093.025,4126.03,4088.085,4120.585,42154
20251124,223000,4120.61,4124.27,4113.775,4118.575,31939
20251124,233000,4118.61,4133.75,4118.1,4132.65,36856
20251125,003000,4132.64,4139.89,4130.075,4133.975,8714
20251125,023000,4135.485,4144.34,4125.385,4143.62,15748
20251125,033000,4143.685,4144.585,4127.53,4129.545,21227
20251125,043000,4129.72,4139.365,4122.55,4134.94,37114
20251125,053000,4134.905,4155.9,4132.93,4150.665,32658
20251125,063000,4150.64,4150.75,4139.59,4143.165,25255
20251125,073000,4143.14,4148.43,4139.51,4140.68,18184
20251125,083000,4140.78,4152.04,4140.78,4151.09,22253
20251125,093000,4150.955,4152.21,4138.65,4141.625,28192
20251125,103000,4141.555,4146.02,4130.115,4132.56,31459
20251125,113000,4132.715,4139.495,4109.71,4115.965,32411
20251125,123000,4115.975,4131.43,4113.93,4128.46,29199
20251125,133000,4128.455,4138.91,4127.42,4131.47,23357
20251125,143000,4131.46,4137.47,4127.865,4133.685,16698
20251125,153000,4133.68,4138.92,4115.51,4130.065,38332
20251125,163000,4130.125,4150.915,4129.66,4147.77,46551
20251125,173000,4147.785,4148.61,4110.805,4125.26,67132
20251125,183000,4125.28,4134.13,4117.92,4123.125,65649
20251125,193000,4123.12,4141.4,4122.215,4136.195,49829
20251125,203000,4136.24,4159.38,4136,4146.215,64137
20251125,213000,4146.235,4151.085,4132.445,4134.325,48152
20251125,223000,4134.255,4140.335,4128.49,4133.86,49705
20251125,233000,4133.895,4138.525,4130.65,4132.42,38953
20251126,003000,4132.4,4132.67,4127.62,4130.55,9569
20251126,023000,4134.495,4137.305,4129.99,4133.955,5088
20251126,033000,4133.97,4144.435,4132.815,4143.08,11949
20251126,043000,4143.085,4152.985,4138.735,4148.545,27759
20251126,053000,4148.525,4166.715,4147.465,4162.125,34064
20251126,063000,4162.1,4169.58,4160.335,4166.07,20930
20251126,073000,4166.015,4167.09,4156.525,4162.04,18410
20251126,083000,4162.1,4168.845,4160.41,4162.46,25155
20251126,093000,4162.415,4162.96,4146.68,4150.215,26522
20251126,103000,4150.225,4161.74,4149.365,4157.54,22441
20251126,113000,4157.525,4168.63,4154.76,4161.09,29281
20251126,123000,4161.1,4164.66,4156.52,4162.865,24555
20251126,133000,4162.875,4165.28,4155.98,4160.09,31756
20251126,143000,4160.095,4173.175,4157.815,4171.61,29097
20251126,153000,4171.62,4173.5,4148.57,4155.25,44427
20251126,163000,4155.26,4166.665,4149.02,4153.5,44363
20251126,173000,4153.51,4156.97,4139.595,4142.365,58070
20251126,183000,4142.225,4165.83,4136.665,4165.43,58628
20251126,193000,4165.445,4168.595,4160.73,4167.15,41264
20251126,203000,4167.155,4169.935,4165.16,4167.275,21652
20251126,213000,4167.29,4171.905,4158.1,4164.795,31747
20251126,223000,4164.775,4169.84,4162.58,4163.355,17576
20251126,233000,4163.365,4167.515,4161.4,4164.06,23836
20251127,003000,4164.1,4167.635,4162.21,4163.575,7612
20251127,023000,4165.255,4168.75,4162.52,4164.785,4977
20251127,033000,4164.805,4167.15,4161.75,4164.56,11495
20251127,043000,4164.555,4165.355,4148.76,4154.45,26112
20251127,053000,4154.48,4156.425,4144.67,4145.525,22265
20251127,063000,4145.49,4150.76,4144.525,4147.565,12222
20251127,073000,4147.56,4154.725,4142.73,4151.01,15822
20251127,083000,4150.91,4154.95,4144.61,4146.99,13962
20251127,093000,4147.02,4159.295,4146.885,4157.45,19084
20251127,103000,4157.425,4162.515,4155.455,4160.18,17786
20251127,113000,4160.21,4167.26,4159.565,4165.73,24514
20251127,123000,4165.65,4165.815,4148.4,4158.595,23242
20251127,133000,4158.635,4160.71,4152.415,4156.56,22075
20251127,143000,4156.47,4162.605,4156.045,4157.42,16071
20251127,153000,4157.445,4159.225,4153.615,4154.175,11690
20251127,163000,4154.14,4158.13,4149.085,4155.08,29104
20251127,173000,4155.075,4160.88,4152.95,4153.34,21147
20251127,183000,4153.355,4161.925,4153,4158.07,14171
20251127,193000,4158.025,4158.39,4151.505,4156.51,10824
20251127,203000,4156.61,4159.33,4154.695,4157.985,2746
20251127,213000,4157.98,4159.935,4155.875,4159.29,4426
20251127,223000,4159.23,4160.46,4155.7,4157.68,2230
20251127,233000,4157.55,4158.87,4155.355,4157.09,233
20251128,003000,4157.65,4159.34,4155.335,4158.8,33
20251128,023000,4159.355,4163.845,4159.325,4163.165,2214
20251128,033000,4163.15,4184.055,4162.97,4180.865,18283
20251128,043000,4180.85,4193.26,4180.77,4191.295,27718
20251128,053000,4191.28,4191.985,4186.04,4189.635,15727
20251128,063000,4189.77,4192.705,4180.63,4183.39,3720
20251128,073000,4183.405,4189.4,4176.575,4189.03,5810
20251128,083000,4188.655,4189.2,4170.68,4181.97,7421
20251128,093000,4181.655,4192.46,4180.89,4187.12,4618
20251128,103000,4187.14,4187.81,4172.85,4174.16,4214
20251128,113000,4173.95,4175.76,4153.74,4164.01,337
20251128,123000,4166.166,4169.105,4161.03,4167.545,5680
20251128,133000,4167.8,4178.235,4159.32,4163.325,5893
20251128,143000,4163.14,4180.15,4162.325,4171.275,7986
20251128,153000,4170.63,4179.72,4168.11,4176.95,3152
20251128,163000,4176.96,4182.975,4168.22,4182.7,8578
20251128,173000,4182.785,4209.04,4182.66,4198.075,57691
20251128,183000,4198.075,4204.295,4185.765,4203.93,52432
20251128,193000,4203.94,4210.95,4197.87,4206.4,29121
20251128,203000,4206.425,4217.1,4204.545,4216.97,25190
20251128,213000,4217.04,4226.915,4210.96,4220.55,36802
20251128,223000,4220.525,4222.075,4215.005,4215.82,22179
20251201,023000,4226.31,4226.465,4205.785,4221.94,18877
20251201,033000,4221.905,4233.735,4218.43,4230.775,26329
20251201,043000,4230.76,4256.45,4219.745,4255.56,64875
20251201,053000,4255.55,4256.6,4234.305,4242.955,55526
20251201,063000,4242.95,4244.08,4232.6,4239.49,45944
20251201,073000,4239.5,4247.065,4236.56,4245.775,35743
20251201,083000,4245.765,4246.745,4215.605,4229.675,47211
20251201,093000,4229.75,4240.665,4226.27,4237.105,50769
20251201,103000,4237.105,4246.715,4231.735,4245.35,42111
20251201,113000,4245.375,4253.715,4238.335,4244.78,51888
20251201,123000,4244.835,4251.895,4243.8,4250.125,37632
20251201,133000,4250.14,4262.435,4249.255,4255.64,43200
20251201,143000,4255.655,4258.605,4248.33,4254.63,46457
20251201,153000,4254.475,4256.73,4244.225,4246.605,39915
20251201,163000,4246.45,4264.7,4245.695,4247.395,48986
20251201,173000,4247.455,4249.36,4219.78,4239.98,66676
20251201,183000,4240.53,4244.905,4219.495,4232.525,75902
20251201,193000,4232.51,4242.66,4225.18,4226.295,71497
20251201,203000,4226.285,4240.08,4223.105,4232.285,39946
20251201,213000,4232.345,4244.81,4232.345,4240.44,34565
20251201,223000,4240.46,4243.885,4229.315,4237.075,42289
20251201,233000,4237.1,4241.63,4234.545,4237.5,28380
20251202,003000,4237.4,4240.47,4230.265,4232.29,10689
20251202,023000,4231.77,4236.15,4224.39,4227.54,6425
20251202,033000,4227.55,4229.735,4221.69,4226.795,21556
20251202,043000,4226.72,4227.34,4192.915,4219.56,42336
20251202,053000,4219.555,4224.705,4214.52,4221.76,21426
20251202,063000,4221.655,4226.415,4215.74,4216.835,20430
20251202,073000,4216.84,4220.845,4213.8,4218.785,12961
20251202,083000,4218.8,4225.655,4215.18,4225.005,19907
20251202,093000,4225.03,4226.35,4203.285,4212.965,28321
20251202,103000,4212.945,4219.495,4209.82,4213.57,14259
20251202,113000,4213.585,4217.24,4207.24,4210.22,20363
20251202,123000,4210.16,4213.3,4181.14,4192.12,24278
20251202,133000,4192.085,4192.565,4182.31,4185.925,24446
20251202,143000,4185.91,4206.16,4185.07,4205.64,18828
20251202,153000,4205.625,4209.655,4201.07,4208.925,15275
20251202,163000,4208.92,4215.33,4202.225,4212.565,42767
20251202,173000,4212.495,4230.685,4212.4,4218.845,63937
20251202,183000,4218.77,4219.69,4163.805,4169.835,73031
20251202,193000,4170.075,4190.405,4166.825,4185.03,44241
20251202,203000,4185.04,4196.94,4184.835,4193.885,23222
20251202,213000,4193.865,4197.08,4183.23,4190.985,21327
20251202,223000,4191.03,4200.4,4191.03,4196.47,17406
20251202,233000,4196.45,4212.495,4194.79,4210.225,24107
20251203,003000,4210.24,4211.865,4205.265,4205.665,6782
20251203,023000,4202.48,4216.165,4202.38,4212.75,7897
20251203,033000,4212.745,4212.91,4204.665,4212.07,19989
20251203,043000,4212.1,4221.185,4211.81,4214.435,47127
20251203,053000,4214.435,4229.065,4214.235,4226.725,29375
20251203,063000,4226.725,4227.62,4220.245,4221.335,17503
20251203,073000,4221.295,4225.455,4217.475,4222.515,13302
20251203,083000,4222.47,4224.12,4203.405,4207.705,30214
20251203,093000,4207.735,4211.995,4204.845,4208.42,27107
20251203,103000,4208.425,4210.35,4200.39,4206.335,18751
20251203,113000,4206.385,4210.33,4203.765,4206.43,22226
20251203,123000,4206.485,4207.665,4197.22,4202.205,22656
20251203,133000,4202.215,4204.965,4194.645,4200.655,28375
20251203,143000,4200.7,4209.245,4197.16,4208.795,18373
20251203,153000,4208.77,4214.41,4205.16,4213.595,24013
20251203,163000,4213.545,4238.585,4211.105,4237.39,45622
20251203,173000,4237.49,4241.565,4205.05,4212.335,75718
20251203,183000,4212.285,4229.565,4206.095,4216.415,68621
20251203,193000,4216.365,4225.33,4195.855,4200.895,60089
20251203,203000,4200.94,4215.59,4200.39,4211.075,37536
20251203,213000,4211.205,4211.515,4195.195,4197.015,34382
20251203,223000,4197.075,4210.1,4196.95,4207.86,26536
20251203,233000,4207.84,4212.825,4203.675,4206.23,31535
20251204,003000,4206.215,4210.1,4202.69,4203.115,8647
20251204,023000,4206.465,4209.08,4202.9,4207.465,4552
20251204,033000,4207.54,4215.975,4204.755,4211.77,16566
20251204,043000,4211.655,4217.08,4205.93,4209.24,43362
20251204,053000,4209.31,4209.31,4199.01,4200.675,34367
20251204,063000,4200.74,4201.58,4187.43,4195.875,19472
20251204,073000,4195.805,4199.25,4192.83,4197.155,16969
20251204,083000,4197.105,4199.14,4174.81,4181.1,27728
20251204,093000,4181.155,4190.465,4178.82,4190.345,38910
20251204,103000,4190.35,4195.215,4186.54,4193.945,23716
20251204,113000,4193.86,4196.4,4184.8,4185,38226
20251204,123000,4185.005,4202.28,4183.57,4199.95,28081
20251204,133000,4199.945,4202.83,4196.645,4197.405,21357
20251204,143000,4197.415,4206.63,4197.195,4198.475,17568
20251204,153000,4198.485,4201.855,4188.79,4190.47,23074
20251204,163000,4190.495,4198.645,4185.45,4198.43,46232
20251204,173000,4198.385,4213.61,4193.575,4201.305,68809
20251204,183000,4201.355,4210.28,4191.545,4207.355,62557
20251204,193000,4207.42,4219.62,4206.63,4215.74,61121
20251204,203000,4215.74,4217.735,4208.995,4216.715,20519
20251204,213000,4216.68,4217.675,4207.41,4208.07,25597
20251204,223000,4208.115,4210.18,4199.545,4208.975,29535
20251204,233000,4208.785,4210.365,4205.485,4209.94,20115
20251205,003000,4209.895,4210.425,4207.86,4208.765,6330
20251205,023000,4209.41,4209.57,4204.005,4206.285,5197
20251205,033000,4206.345,4210.685,4201.245,4201.785,10515
20251205,043000,4201.725,4204.615,4194.815,4203.14,32118
20251205,053000,4203.17,4208.69,4196.77,4207.3,27365
20251205,063000,4207.37,4210.89,4201.74,4209.635,24121
20251205,073000,4209.395,4217.655,4208.08,4217.025,17263
20251205,083000,4217.02,4221.475,4214.53,4220.65,20169
20251205,093000,4220.635,4229.35,4218.77,4224.7,25822
20251205,103000,4224.725,4230.9,4222.56,4224.55,16292
20251205,113000,4224.575,4227.24,4220.535,4220.6,19153
20251205,123000,4220.585,4225.22,4215.935,4223.43,14838
20251205,133000,4223.415,4227.545,4222.525,4222.93,6634
20251205,143000,4222.915,4225.8,4220.15,4223.54,7931
20251205,153000,4223.54,4229.72,4222.93,4228.83,20252
20251205,163000,4228.98,4239.03,4221.46,4234.62,33503
20251205,173000,4234.54,4245.67,4228.22,4242.135,50046
20251205,183000,4242.115,4259.34,4234,4243.845,53343
20251205,193000,4243.89,4245.765,4198.545,4214.175,73200
20251205,203000,4214.21,4219.92,4206.55,4217.565,30063
20251205,213000,4217.54,4219.35,4206.695,4208.955,26988
20251205,223000,4208.97,4211.08,4202.34,4207.56,26458
20251205,233000,4207.6,4207.71,4199.485,4202.14,25221
20251206,003000,4202.165,4202.42,4192.055,4198.685,12509
20251208,023000,4198.685,4203.14,4198.505,4201.52,2804
20251208,033000,4201.58,4211.86,4199.91,4210.76,14399
20251208,043000,4210.745,4211.775,4197.54,4201.25,36694
20251208,053000,4201.19,4212.635,4198.72,4208.515,31736
20251208,063000,4208.51,4213.305,4206.86,4210.24,17908
20251208,073000,4210.215,4213.415,4207.045,4208.67,20166
20251208,083000,4208.625,4217.365,4204.77,4217.3,21752
20251208,093000,4217.295,4219.175,4212.18,4217.185,24018
20251208,103000,4217.19,4217.61,4206.31,4206.83,18510
20251208,113000,4206.815,4216.695,4203.175,4209.875,20457
20251208,123000,4209.66,4213.045,4204.305,4207.855,25593
20251208,133000,4207.85,4210.385,4201.105,4203.685,13968
20251208,143000,4203.51,4214.465,4199.71,4208.735,20107
20251208,153000,4208.77,4215.585,4208.54,4213.86,14135
20251208,163000,4213.78,4214.785,4197.895,4201.9,58839
20251208,173000,4201.905,4211.85,4195.315,4196.575,59530
20251208,183000,4196.565,4196.8,4176.205,4182.905,68846
20251208,193000,4182.89,4197.88,4176.815,4191.64,49354
20251208,203000,4191.645,4195.68,4185.725,4195.045,34430
20251208,213000,4195.01,4195.74,4184.555,4187.415,23998
20251208,223000,4187.45,4189.055,4184.435,4187.03,27477
20251208,233000,4187.045,4195.695,4184.98,4191.67,20274
20251209,003000,4191.685,4193.36,4188.465,4190.66,4217
20251209,023000,4191.48,4195.49,4190.785,4194.86,3728
20251209,033000,4194.835,4195.82,4190.03,4190.535,12583
20251209,043000,4190.595,4197.415,4188.885,4196.375,33980
20251209,053000,4196.315,4197.29,4186.105,4190.035,24262
20251209,063000,4190.1,4198.905,4190.1,4194.605,16230
20251209,073000,4194.58,4195.76,4184.53,4186.78,21296
20251209,083000,4186.765,4187.385,4178.035,4179.665,33926
20251209,093000,4179.7,4184.075,4169.985,4182.285,46802
20251209,103000,4182.29,4186.03,4175.855,4182.415,42671
20251209,113000,4182.435,4192.025,4182.425,4191.73,25170
20251209,123000,4191.74,4213.05,4190.795,4203.035,45959
20251209,133000,4203.07,4208.505,4201.355,4204.12,31972
20251209,143000,4204.1,4206.66,4201.235,4203.14,26021
20251209,153000,4203.19,4207.705,4198.595,4204.235,31146
20251209,163000,4204.245,4208.57,4195.725,4201.515,59214
20251209,173000,4201.54,4210.455,4189.505,4204.99,65724
20251209,183000,4204.78,4216.545,4190.14,4212.575,78811
20251209,193000,4212.6,4221.625,4210.14,4212.4,55586
20251209,203000,4212.41,4216.265,4201.665,4203.14,42054
20251209,213000,4203.225,4209.935,4201.255,4209.195,28250
20251209,223000,4209.14,4214.485,4207.15,4212.62,28172
20251209,233000,4212.53,4216.035,4208.94,4212.125,26989
20251210,003000,4212.14,4213.05,4207.415,4207.915,9410
20251210,023000,4209.445,4212.99,4208.02,4210.75,5269
20251210,033000,4210.68,4212.77,4207.01,4208.295,10324
20251210,043000,4208.31,4218.15,4206.93,4213.75,43540
20251210,053000,4213.73,4218.86,4211.74,4217.095,35192
20251210,063000,4216.995,4217.27,4203.485,4206.44,37506
20251210,073000,4206.395,4209.845,4205.58,4207.12,10922
20251210,083000,4207.015,4214.66,4201.7,4211.575,30558
20251210,093000,4211.515,4211.855,4203.005,4207.415,28946
20251210,103000,4207.42,4209.26,4203.17,4203.37,13852
20251210,113000,4203.3,4206.66,4197.05,4197.92,20316
20251210,123000,4197.72,4200.52,4192.65,4194.39,24205
20251210,133000,4194.34,4196.67,4187.8,4193.245,24398
20251210,143000,4193.345,4197.845,4192.655,4197.44,16194
20251210,153000,4197.405,4202.375,4195.405,4196.575,26488
20251210,163000,4196.565,4205.23,4193.22,4200.745,55730
20251210,173000,4200.7,4207.105,4191.415,4192.56,68770
20251210,183000,4192.53,4201.27,4188.97,4193.75,60433
20251210,193000,4193.78,4205.16,4192.72,4204.975,40965
20251210,203000,4204.92,4204.955,4196.905,4199.735,35429
20251210,213000,4199.775,4200.75,4192.15,4194.07,18563
20251210,223000,4194.105,4219.86,4182.08,4216.45,97176
20251210,233000,4216.41,4238.785,4211.425,4229.555,59629
20251211,003000,4229.525,4232.335,4221.32,4228.775,12585
20251211,023000,4228.245,4234.215,4224.255,4232.585,7632
20251211,033000,4232.565,4245.385,4231.615,4237.375,19671
20251211,043000,4237.38,4247.805,4233.03,4238.39,39708
20251211,053000,4238.365,4240.915,4220.36,4222.28,34704
20251211,063000,4222.22,4225.02,4209.47,4216.905,31816
20251211,073000,4216.82,4218.45,4208.43,4213.525,19937
20251211,083000,4213.405,4216.315,4206.075,4207.35,18026
20251211,093000,4207.355,4215.61,4204.27,4214.725,26152
20251211,103000,4214.75,4218.75,4210.595,4216.11,13507
20251211,113000,4216.105,4219.65,4212.835,4216.775,19333
20251211,123000,4216.785,4221.615,4210.4,4218.495,22147
20251211,133000,4218.51,4226.08,4211.84,4217.035,16919
20251211,143000,4217.06,4219.125,4209.61,4211.19,11399
20251211,153000,4211.195,4220.61,4208.77,4220.565,18263
20251211,163000,4220.705,4223.52,4205.35,4221.015,39597
20251211,173000,4221.035,4244.595,4217.945,4230.395,57420
20251211,183000,4230.36,4261.5,4226.335,4256.125,65590
20251211,193000,4256.16,4279.04,4250.085,4273.655,49116
20251211,203000,4273.645,4281.815,4272.23,4278.71,40097
20251211,213000,4278.605,4285.89,4266.77,4268.28,31662
20251211,223000,4268.255,4277.835,4262.83,4273.545,27620
20251211,233000,4273.535,4276.395,4264.25,4276.285,44572
20251212,003000,4276.24,4283.725,4272.61,4279.335,8108
20251212,023000,4282.93,4283.005,4272.42,4276.285,10344
20251212,033000,4276.32,4280.07,4269.11,4269.53,17097
20251212,043000,4269.555,4276.32,4264.525,4270.935,43264
20251212,053000,4270.95,4277.17,4269.32,4270.41,37776
20251212,063000,4270.42,4274.825,4268.775,4270.705,21660
20251212,073000,4270.68,4271.12,4266.36,4266.39,17348
20251212,083000,4266.44,4280.695,4266.045,4278.94,25123
20251212,093000,4278.945,4283.285,4276.665,4282.975,30761
20251212,103000,4282.86,4290.625,4281.38,4287.245,22029
20251212,113000,4287.28,4309.545,4287.185,4308.17,31837
20251212,123000,4308.19,4320.425,4306.96,4318.315,34178
20251212,133000,4318.3,4331.175,4314.695,4330.17,32437
20251212,143000,4330.315,4339.385,4327.21,4336.515,34608
20251212,153000,4336.505,4339.46,4324.735,4325.79,44496
20251212,163000,4325.905,4346.32,4321.495,4341.155,70605
20251212,173000,4341.145,4353.555,4331.05,4346.935,74321
20251212,183000,4346.865,4351.625,4283.55,4290.755,115881
20251212,193000,4290.835,4296.665,4257.275,4281.89,110379
20251212,203000,4281.87,4298.525,4271.265,4294.255,51879
20251212,213000,4294.3,4303.915,4290.535,4295.02,35902
20251212,223000,4295.34,4299.705,4289.96,4296.51,22057
20251212,233000,4296.53,4302.985,4288.74,4299.335,31542
20251213,003000,4299.41,4304.215,4296.93,4299.38,10041
20251215,023000,4302.985,4308.52,4301.72,4302.575,9634
20251215,033000,4302.67,4307.995,4300.41,4307.515,12767
20251215,043000,4307.555,4325.925,4305.66,4322.53,32998
20251215,053000,4322.39,4329.405,4320.845,4326.345,21656
20251215,063000,4326.365,4329.775,4319.32,4327.33,30444
20251215,073000,4327.28,4330.1,4323.1,4326.19,16447
20251215,083000,4326.255,4344.46,4324.685,4343.615,29602
20251215,093000,4343.78,4347.48,4339.485,4343.51,33284
20251215,103000,4343.53,4344.75,4333.545,4339.19,26129
20251215,113000,4339.215,4349.025,4338.785,4346.82,30715
20251215,123000,4346.765,4350.285,4342.345,4342.565,23744
20251215,133000,4342.56,4348.175,4337.715,4339.59,14515
20251215,143000,4339.61,4343.685,4335.305,4342.775,16541
20251215,153000,4342.785,4348.525,4342.74,4345.71,23045
20251215,163000,4345.685,4346.32,4330.74,4332.06,54040
20251215,173000,4332.075,4336.835,4317.515,4323.765,71904
20251215,183000,4323.695,4327.935,4311.63,4318.375,89070
20251215,193000,4318.385,4319.02,4285.515,4297.815,77807
20251215,203000,4297.795,4306.825,4291.08,4304.425,49482
20251215,213000,4304.53,4313.61,4300.06,4313.085,40418
20251215,223000,4313.085,4317.81,4307.92,4314.285,26977
20251215,233000,4314.21,4314.385,4299.725,4304.625,30802
20251216,003000,4304.63,4305.84,4300.825,4304.91,6072
20251216,023000,4307.67,4309.77,4303.565,4304.445,5946
20251216,033000,4304.435,4313.515,4303.04,4308.045,13052
20251216,043000,4308.055,4318.035,4299.355,4308.79,47650
20251216,053000,4308.68,4312.3,4286.605,4289.71,43180
20251216,063000,4289.745,4294.675,4280.62,4291.005,31165
20251216,073000,4290.98,4292.385,4286.825,4289.22,16387
20251216,083000,4289.225,4292.405,4271.575,4284.185,26607
20251216,093000,4284.22,4292.345,4282.595,4289.41,30033
20251216,103000,4289.44,4290.13,4279.63,4287.655,27524
20251216,113000,4287.635,4289.445,4275.275,4284.705,20593
20251216,123000,4284.685,4285.93,4276.575,4280.495,17755
20251216,133000,4280.545,4284.44,4274.7,4277.45,18079
20251216,143000,4277.4,4279.765,4273.885,4278.69,14092
20251216,153000,4278.635,4294.995,4276.94,4294.535,26157
20251216,163000,4294.565,4313.27,4291,4313.015,47155
20251216,173000,4313.04,4332.205,4311.43,4324.48,69924
20251216,183000,4324.445,4335.185,4312.56,4319.865,66137
20251216,193000,4319.805,4323.39,4291.41,4300.675,64061
20251216,203000,4300.66,4311.07,4300.355,4303.725,34888
20251216,213000,4303.83,4313.475,4298.285,4311.37,33450
20251216,223000,4311.44,4315.92,4296.81,4310.655,29261
20251216,233000,4310.65,4314.475,4302.66,4304.615,24671
20251217,003000,4304.645,4305.53,4300.61,4302.225,8384
20251217,023000,4303.6,4309.215,4302.405,4308.11,3637
20251217,033000,4308.1,4315.435,4307.6,4313.195,6783
20251217,043000,4313.205,4326.78,4311.445,4326.635,40892
20251217,053000,4326.69,4327.835,4311.145,4314.365,32580
20251217,063000,4314.38,4325.215,4312.64,4323.84,22183
20251217,073000,4323.955,4331.65,4320.56,4329.8,14316
20251217,083000,4329.785,4342.58,4328.095,4333.9,27778
20251217,093000,4333.88,4337.64,4324.7,4328.72,33250
20251217,103000,4328.685,4328.685,4315.68,4317.835,24872
20251217,113000,4317.785,4320.915,4308.44,4319.385,22112
20251217,123000,4319.3,4323.45,4315.88,4317.015,18016
20251217,133000,4316.895,4322.315,4306.515,4317.805,17781
20251217,143000,4317.875,4320.465,4315.06,4316.345,17290
20251217,153000,4316.33,4323.24,4314.99,4317.57,22924
20251217,163000,4317.615,4344.26,4315.085,4342.145,43168
20251217,173000,4342.125,4346.09,4323.14,4338.245,85512
20251217,183000,4338.22,4349.28,4324.34,4330.485,80774
20251217,193000,4330.575,4337.66,4320.325,4333.68,71205
20251217,203000,4333.675,4342.595,4328.77,4342.58,35400
20251217,213000,4342.585,4346.61,4328.82,4336.25,40096
20251217,223000,4336.13,4341.2,4330.45,4337.265,21341
20251217,233000,4337.28,4346.145,4335.425,4341.49,28473
20251218,003000,4341.545,4346.41,4337.5,4337.83,8021
20251218,023000,4338.89,4343.095,4335.535,4339.055,7310
20251218,033000,4338.985,4343.03,4333.34,4334.985,14976
20251218,043000,4335.06,4337.245,4324.02,4331.745,43420
20251218,053000,4331.78,4337.985,4330.01,4333.365,44596
20251218,063000,4333.345,4336.94,4331.05,4333.34,27787
20251218,073000,4333.28,4333.59,4328.69,4331.845,20417
20251218,083000,4331.69,4337.465,4331.065,4333.32,32838
20251218,093000,4333.27,4336.185,4330.68,4334.01,39335
20251218,103000,4334.04,4337.785,4330.075,4331.495,22965
20251218,113000,4331.375,4332.59,4321.805,4326.645,23864
20251218,123000,4326.48,4328.63,4320.655,4323.64,42957
20251218,133000,4323.615,4327.615,4322.02,4325.54,28434
20251218,143000,4325.52,4328.825,4324.47,4325.735,23108
20251218,153000,4325.685,4326.715,4317.285,4320.94,26701
20251218,163000,4320.925,4343.185,4314.68,4336.65,61160
20251218,173000,4336.635,4341.485,4308.67,4328.625,86544
20251218,183000,4328.58,4341.77,4325.06,4338.395,89156
20251218,193000,4338.42,4374.655,4337.74,4360.415,82171
20251218,203000,4360.42,4363.415,4322.145,4333.565,69422
20251218,213000,4333.575,4341.455,4325.905,4331.955,40868
20251218,223000,4331.925,4335.09,4322.755,4325.18,49811
20251218,233000,4325.18,4338.545,4324.67,4335,42983
20251219,003000,4334.995,4334.995,4328.55,4332.59,8805
20251219,023000,4335.855,4337.07,4333.6,4335.135,4167
20251219,033000,4335.11,4335.835,4325.97,4326.33,6941
20251219,043000,4326.405,4328.655,4309.095,4323.32,29379
20251219,053000,4323.365,4328.1,4314.175,4316.76,13731
20251219,063000,4316.735,4322.55,4312.68,4318.12,17191
20251219,073000,4318.145,4322.935,4317.05,4322.74,23472
20251219,083000,4322.725,4328.97,4317.46,4325.97,34296
20251219,093000,4326.015,4329.57,4321.63,4326.44,34543
20251219,103000,4326.42,4329.665,4321.5,4322.61,25436
20251219,113000,4322.615,4330.975,4321.085,4325.99,20151
20251219,123000,4325.945,4333.67,4324.41,4329.585,26835
20251219,133000,4329.555,4331.915,4322.6,4327.805,24948
20251219,143000,4327.81,4329.57,4325.18,4327.375,26199
20251219,153000,4327.43,4328.955,4320.775,4326.735,27120
20251219,163000,4326.77,4335.705,4326.055,4328.365,44078
20251219,173000,4328.325,4337.93,4319.83,4332.855,79503
20251219,183000,4332.735,4349.29,4332.135,4347.91,74467
20251219,193000,4347.905,4354.755,4342.155,4349.935,57881
20251219,203000,4349.92,4355.99,4347.075,4353.555,32166
20251219,213000,4353.495,4356.625,4343.155,4348.595,31320
20251219,223000,4348.605,4350.635,4345.17,4345.295,18596
20251219,233000,4345.26,4346.545,4336.875,4339.75,21235
20251220,003000,4339.735,4340.36,4336.555,4338.765,5928
20251222,023000,4340.905,4356.1,4339.9,4355.4,8900
20251222,033000,4355.325,4366.56,4355.325,4365.165,12450
20251222,043000,4365.275,4384.96,4361.375,4382.97,30503
20251222,053000,4382.995,4388.84,4378.695,4386.07,25063
20251222,063000,4386.055,4395.05,4384.415,4392.66,15128
20251222,073000,4392.655,4401.115,4391.33,4398.525,12130
20251222,083000,4398.38,4409.76,4396.865,4400.21,26262
20251222,093000,4400.235,4420.16,4398.96,4419.47,27803
20251222,103000,4419.455,4420.515,4410.41,4414.395,19116
20251222,113000,4414.345,4415.08,4406.195,4408.28,19248
20251222,123000,4408.265,4415.01,4408.02,4411.2,16042
20251222,133000,4411.195,4416.055,4406.215,4408.79,16085
20251222,143000,4408.765,4411.695,4406.06,4410.42,31406
20251222,153000,4410.225,4416.04,4406.29,4415.81,48133
20251222,163000,4415.83,4427.42,4412.73,4423.865,66735
20251222,173000,4423.905,4429.665,4414.725,4419.445,63813
20251222,183000,4419.455,4435.65,4411.945,4431.835,70385
20251222,193000,4431.86,4442.21,4428.22,4438.72,49588
20251222,203000,4438.725,4442.27,4431.995,4438.51,24895
20251222,213000,4438.61,4438.995,4429.445,4435.465,26038
20251222,223000,4435.46,4436.085,4429.005,4433.69,16418
20251222,233000,4433.615,4439.27,4431.72,4438.715,24285
20251223,003000,4438.695,4449.385,4438.525,4443.74,13854
20251223,023000,4449.18,4461.66,4449.045,4460.145,13802
20251223,033000,4460.095,4470.715,4458.16,4470.6,9400
20251223,043000,4470.53,4490.69,4469.44,4486.675,35744
20251223,053000,4486.66,4497.685,4481.38,4493.48,20794
20251223,063000,4493.44,4496.78,4482.955,4486.725,49407
20251223,073000,4486.765,4488.325,4478.86,4482.585,31463
20251223,083000,4482.525,4485.695,4474.92,4475.335,46745
20251223,093000,4475.245,4481.735,4469.5,4481.62,48298
20251223,103000,4481.61,4489.88,4478.5,4486.855,54887
20251223,113000,4486.81,4493.49,4484.73,4490.055,46962
20251223,123000,4490.04,4491.36,4478.225,4480.5,51716
20251223,133000,4480.545,4487.605,4479.56,4484.4,50938
20251223,143000,4484.415,4494.315,4483.1,4493.655,37517
20251223,153000,4493.625,4493.785,4483.275,4486.41,52983
20251223,163000,4486.35,4497.635,4473.51,4479.36,64186
20251223,173000,4479.425,4480.13,4441.5,4446.745,73371
20251223,183000,4446.735,4459.415,4430.515,4458.395,86553
20251223,193000,4458.43,4476.695,4455.815,4474.38,52114
20251223,203000,4474.395,4479.92,4469.945,4472.965,43642
20251223,213000,4473.08,4485.22,4472.74,4484.725,33030
20251223,223000,4484.625,4496.38,4484.265,4490.745,24770
20251223,233000,4490.74,4499.82,4489.3,4497.5,28399
20251224,003000,4497.505,4498.85,4483.52,4484.55,17589
20251224,023000,4488.59,4510.78,4488,4503.39,15879
20251224,033000,4503.3,4518.215,4500.96,4512.095,25852
20251224,043000,4512.02,4526.15,4507.045,4518.84,66243
20251224,053000,4518.815,4519.52,4474.375,4478.06,63449
20251224,063000,4478.26,4498.74,4466.54,4493.2,50312
20251224,073000,4493.325,4501.565,4491.4,4499.32,28655
20251224,083000,4499.17,4500.575,4485.185,4488.645,50252
20251224,093000,4488.65,4498.025,4485.275,4493.78,39491
20251224,103000,4493.805,4495.24,4483.61,4484.05,43110
20251224,113000,4484.04,4492.705,4478.205,4482.505,45064
20251224,123000,4482.51,4496.26,4482.1,4494.895,54511
20251224,133000,4494.89,4500.035,4482.425,4489.695,32125
20251224,143000,4489.71,4492.17,4483.165,4491.77,35531
20251224,153000,4491.77,4496.335,4489.745,4490.765,57865
20251224,163000,4490.8,4493.655,4474.72,4488.29,55159
20251224,173000,4488.135,4489.785,4460.485,4464.975,111853
20251224,183000,4464.955,4476.745,4448.26,4458.685,102807
20251224,193000,4458.715,4478.265,4456.12,4476.87,76866
20251224,203000,4476.88,4487.88,4475.545,4480.745,45310
20251224,213000,4480.765,4482.5,4477.405,4479.415,15756
20251226,023000,4502.625,4536.74,4484.195,4495.405,16618
20251226,033000,4495.315,4518.11,4492.27,4517.97,36165
20251226,043000,4517.965,4531.515,4497.655,4504.045,76670
20251226,053000,4504.02,4509.92,4492.21,4508.95,82524
20251226,063000,4508.955,4513.545,4497.585,4501.845,72588
20251226,073000,4501.84,4511.855,4500.54,4509.19,57476
20251226,083000,4509.185,4514.98,4506.13,4509.82,67059
20251226,093000,4509.875,4519.55,4508.045,4511.58,76934
20251226,103000,4511.63,4515.795,4507.435,4511.05,57448
20251226,113000,4511.21,4519.765,4509.735,4518.99,42834
20251226,123000,4519.02,4520.7,4512.005,4512.83,51226
20251226,133000,4512.795,4523.75,4511.255,4514.47,47733
20251226,143000,4514.48,4515.28,4502.91,4509.945,56800
20251226,153000,4509.915,4515.17,4506.785,4508.93,56909
20251226,163000,4508.885,4528.885,4503.705,4525.195,73635
20251226,173000,4525.19,4533.235,4512.795,4521.16,82071
20251226,183000,4521.155,4547.38,4519.64,4546.495,75238
20251226,193000,4546.54,4550.15,4531.34,4536.33,64462
20251226,203000,4536.325,4537.65,4510.025,4519.07,62513
20251226,213000,4519.055,4532.785,4514.705,4531.155,61101
20251226,223000,4531.22,4535.795,4519.925,4523.81,42322
20251226,233000,4523.82,4535.74,4521.685,4531.05,48192
20251227,003000,4530.985,4534.825,4527.205,4533.21,20924
20251229,023000,4542.66,4548.35,4523.05,4527.08,50980
20251229,033000,4527.135,4527.98,4472.25,4497.3,82227
20251229,043000,4497.305,4517.59,4492.295,4497.325,90836
20251229,053000,4497.325,4516.02,4496.45,4512.425,62466
20251229,063000,4512.465,4520.61,4509.445,4516.67,70958
20251229,073000,4516.48,4519.74,4508.005,4515.825,47065
20251229,083000,4515.66,4519.595,4504.925,4506.665,54544
20251229,093000,4506.545,4510.74,4471.325,4475.105,73905
20251229,103000,4475.05,4481.685,4445.115,4474.775,63889
20251229,113000,4474.86,4488.6,4452.68,4461.035,60173
20251229,123000,4461.08,4476.545,4459.27,4472.18,53000
20251229,133000,4472.165,4474.68,4456.935,4460.935,43823
20251229,143000,4460.93,4468.02,4434.12,4446.885,51965
20251229,153000,4446.995,4464.985,4445.75,4464.415,54512
20251229,163000,4464.41,4467.7,4407.145,4421.735,96128
20251229,173000,4421.665,4421.665,4356.765,4360.275,109094
20251229,183000,4360.38,4360.61,4302.11,4325.455,93684
20251229,193000,4325.42,4347.435,4323.575,4341.59,58257
20251229,203000,4341.73,4343.34,4315.015,4328.255,49487
20251229,213000,4328.35,4334.86,4322.83,4331.38,39862
20251229,223000,4331.39,4337.9,4327.615,4336.925,33968
20251229,233000,4336.88,4344.695,4325.735,4334.76,35608
20251230,003000,4334.97,4339.64,4327.765,4332.56,28207
20251230,023000,4341.72,4347.59,4323.42,4345.945,25053
20251230,033000,4345.945,4350.855,4334.62,4339.995,31744
20251230,043000,4339.975,4360.405,4324.65,4360.37,62429
20251230,053000,4360.36,4364.93,4348.805,4362.75,75539
20251230,063000,4362.73,4369.19,4356.41,4359.305,51278
20251230,073000,4359.265,4370.125,4357.635,4363.595,20659
20251230,083000,4363.735,4380.23,4358.925,4377.585,58632
20251230,093000,4377.535,4378.56,4360.055,4364.665,76669
20251230,103000,4364.685,4383.445,4359.085,4372.42,62405
20251230,113000,4372.51,4373.875,4350.49,4365.085,54249
20251230,123000,4365.045,4376.785,4364.3,4372.345,62894
20251230,133000,4372.28,4391.91,4368.01,4384.88,60900
20251230,143000,4385.13,4390.535,4381.365,4384.38,56960
20251230,153000,4384.405,4402.85,4383.5,4401.24,74171
20251230,163000,4401.265,4404.375,4376.27,4388.55,85522
20251230,173000,4388.565,4392.34,4355.865,4366.11,93932
20251230,183000,4366.095,4377.54,4359.665,4365.52,84993
20251230,193000,4365.485,4379.955,4355.145,4377.78,102717
20251230,203000,4377.745,4382.125,4364.27,4370.32,47079
20251230,213000,4370.325,4378.865,4362.735,4364.84,44684
20251230,223000,4364.845,4368.07,4337.29,4348.82,42681
20251230,233000,4348.87,4355.69,4337.955,4341.83,53414
20251231,003000,4342.01,4350.665,4334.8,4339.395,19597
20251231,023000,4341.77,4346.755,4328.125,4339.12,22758
20251231,033000,4339.07,4346.63,4332.765,4342.515,35134
20251231,043000,4342.5,4373.59,4336.85,4365.995,90943
20251231,053000,4365.955,4371.425,4346.635,4348.905,71430
20251231,063000,4348.95,4359.91,4341.075,4348.66,79759
20251231,073000,4348.685,4351.375,4330.69,4332.865,67908
20251231,083000,4332.865,4343.22,4276.685,4285.815,66611
20251231,093000,4286.105,4329.415,4274.025,4328.065,49873
20251231,103000,4328.135,4335.23,4323.755,4331.12,46757
20251231,113000,4331.16,4333.105,4303.325,4307.74,38799
20251231,123000,4307.71,4337.48,4307.325,4325.66,56635
20251231,133000,4325.675,4331.455,4303.42,4306.705,42983
20251231,143000,4306.605,4316.735,4304.215,4311.26,42657
20251231,153000,4311.2,4318.35,4303.255,4313.99,44573
20251231,163000,4313.995,4348.395,4308.205,4346.105,55886
20251231,173000,4345.995,4353.445,4332.825,4346.03,79756
20251231,183000,4345.97,4346.285,4327.005,4337.61,98527
20251231,193000,4337.675,4339.95,4317.235,4323.16,69921
20251231,203000,4323.175,4329.715,4318.33,4322.085,49864
20251231,213000,4322.005,4331.78,4315.91,4319.815,43849
20251231,223000,4319.975,4323.08,4307.94,4311.55,46960
20251231,233000,4311.56,4324.915,4304.645,4313.575,40328
20260101,003000,4313.67,4322.61,4307.465,4322.61,13655
20260102,023000,4326.405,4351.665,4326.285,4348.26,8637
20260102,033000,4348.245,4355.885,4341.61,4354.055,18714
20260102,043000,4354,4355.825,4344.68,4348.095,40504
20260102,053000,4348.105,4363.33,4345.32,4362.955,27330
20260102,063000,4362.93,4375.78,4362.195,4375.125,30807
20260102,073000,4375.145,4378.665,4371.285,4373.16,27059
20260102,083000,4373.17,4381.975,4371.11,4380.66,23281
20260102,093000,4380.69,4380.88,4373.325,4374.965,34167
20260102,103000,4374.945,4383.58,4372.05,4383.015,50263
20260102,113000,4382.99,4397.835,4380.935,4386.98,38157
20260102,123000,4386.99,4391.715,4383.405,4385.56,49879
20260102,133000,4385.59,4398.615,4384.7,4396.24,42520
20260102,143000,4396.25,4399.39,4390.83,4393.065,51784
20260102,153000,4393.05,4398.44,4385.25,4394.52,42803
20260102,163000,4394.585,4402.295,4362.165,4366.255,49790
20260102,173000,4366.27,4373.91,4348.105,4353.74,77096
20260102,183000,4353.75,4357.455,4330.475,4335.395,83170
20260102,193000,4335.545,4337.535,4315.195,4326.58,74783
20260102,203000,4326.535,4333.415,4322.88,4323.245,42467
20260102,213000,4323.085,4323.83,4309.915,4315.405,35513
20260102,223000,4315.835,4326.355,4315.835,4318.2,25778
20260102,233000,4318.175,4331.76,4317.38,4331.685,24140
20260103,003000,4331.765,4333.725,4326.88,4332.065,8403
20260105,023000,4356.505,4375.995,4349.355,4372.725,23997
20260105,033000,4372.71,4396.71,4370.425,4395.29,35491
20260105,043000,4395.28,4421.605,4391.06,4402.2,94339
20260105,053000,4402.08,4409.505,4388.575,4405.435,74438
20260105,063000,4405.49,4414.165,4399.805,4399.98,65427
20260105,073000,4399.965,4408.46,4397.25,4404.31,25322
20260105,083000,4404.225,4414.705,4401.035,4412.46,40267
20260105,093000,4412.46,4426.52,4411.565,4420.65,44814
20260105,103000,4420.635,4425.14,4416.875,4421.79,37944
20260105,113000,4421.73,4434.02,4419.31,4430.25,36464
20260105,123000,4430.205,4438.335,4426.17,4434.865,40994
20260105,133000,4434.85,4440.055,4430.86,4436.48,23928
20260105,143000,4436.515,4437.755,4410.805,4419.265,38891
20260105,153000,4419.01,4421.51,4405.52,4409.705,45146
20260105,163000,4409.785,4418.99,4396.485,4416.965,67208
20260105,173000,4417.025,4442.765,4417.025,4436.28,93415
20260105,183000,4436.77,4455.77,4435.56,4448.5,80645
20260105,193000,4448.48,4454.415,4438.195,4441.93,48285
20260105,203000,4441.955,4449.255,4432.535,4443.615,43744
20260105,213000,4443.55,4448.605,4439.795,4448.605,30693
20260105,223000,4448.595,4449.45,4434.855,4439.735,25751
20260105,233000,4439.705,4447.105,4438.24,4444.795,29239
20260106,003000,4444.815,4449.54,4443.33,4449.17,9467
20260106,023000,4454.8,4460.285,4436.865,4440.675,10898
20260106,033000,4440.635,4444.77,4430.28,4436.75,20739
20260106,043000,4436.76,4452.595,4427.635,4450.89,64576
20260106,053000,4450.905,4461.385,4448.72,4455.17,52529
20260106,063000,4455.175,4468.27,4454.385,4467.7,34792
20260106,073000,4467.68,4468.67,4461.805,4467.57,28637
20260106,083000,4467.535,4474.265,4449.51,4452.505,53290
20260106,093000,4452.495,4467.09,4451.56,4465.92,41253
20260106,103000,4465.86,4470.4,4457.115,4459.47,37770
20260106,113000,4459.475,4475.79,4457.37,4468.305,36538
20260106,123000,4468.295,4468.46,4444.91,4446.58,43193
20260106,133000,4446.555,4455.99,4442.665,4451.875,37609
20260106,143000,4451.86,4464.705,4448.78,4463.525,34504
20260106,153000,4463.515,4466.565,4458.8,4463.785,31958
20260106,163000,4463.735,4470.63,4453.965,4468.09,69637
20260106,173000,4468.165,4489.78,4464.405,4487.65,78213
20260106,183000,4487.605,4491.205,4463.13,4478.46,97847
20260106,193000,4478.425,4489.045,4471.445,4488.38,68910
20260106,203000,4488.395,4491.65,4481.76,4489.51,39005
20260106,213000,4489.44,4494.165,4482.165,4488.675,36356
20260106,223000,4488.68,4489.52,4477.49,4481.505,30049
20260106,233000,4481.49,4496.87,4480.505,4493.735,25288
20260107,003000,4493.69,4497.31,4491.835,4494.635,8415
20260107,023000,4498.54,4500.56,4492.305,4493.73,12861
20260107,033000,4493.645,4494.71,4482.36,4492.195,23301
20260107,043000,4492.18,4496.115,4460.985,4465.58,69679
20260107,053000,4465.525,4479.08,4459.71,4474.65,55699
20260107,063000,4474.665,4480.52,4471.85,4474.9,50013
20260107,073000,4474.895,4476.06,4463.57,4464.96,25124
20260107,083000,4464.935,4470.55,4443.24,4454.38,52028
20260107,093000,4454.365,4460.415,4441.445,4444.125,43054
20260107,103000,4444.12,4465.065,4441.61,4461.185,43939
20260107,113000,4461.16,4474.875,4459.53,4468.42,23447
20260107,123000,4468.425,4468.7,4459.495,4463.59,33350
20260107,133000,4463.54,4467.745,4458.895,4464.415,24913
20260107,143000,4464.405,4465.115,4446.62,4447.47,33553
20260107,153000,4447.55,4455.23,4439.45,4445.045,48940
20260107,163000,4445.03,4453.24,4428.015,4452.96,71984
20260107,173000,4452.99,4454.52,4435.885,4445.02,78007
20260107,183000,4444.1,4452.485,4423.385,4446.3,79781
20260107,193000,4446.28,4468.37,4443.965,4464.235,59512
20260107,203000,4464.255,4465.375,4449.705,4451.93,31352
20260107,213000,4451.815,4459.05,4447.135,4452.25,39054
20260107,223000,4452.255,4458.24,4445.545,4457.145,32736
20260107,233000,4457.125,4461.625,4450.725,4452.495,31193
20260108,003000,4452.515,4456.835,4449.72,4456.65,8561
20260108,023000,4461.955,4464.05,4458.52,4463.52,6136
20260108,033000,4463.5,4466.485,4446.825,4450.25,33030
20260108,043000,4450.06,4460.42,4441.935,4448.4,64476
20260108,053000,4448.395,4449.61,4433.735,4441.36,69074
20260108,063000,4441.355,4446.565,4437.49,4440.28,58811
20260108,073000,4440.225,4440.665,4430.235,4431.695,44784
20260108,083000,4431.68,4432.535,4415.405,4425.815,71763
20260108,093000,4425.83,4437.82,4415.745,4433.385,81840
20260108,103000,4433.425,4439.765,4428.415,4431.085,44872
20260108,113000,4431.02,4433.625,4419.92,4431.815,48440
20260108,123000,4431.71,4435.51,4426.1,4432.77,51306
20260108,133000,4432.78,4435.035,4423.035,4433.395,34392
20260108,143000,4433.235,4433.235,4422.275,4422.985,37569
20260108,153000,4422.975,4431.44,4407.835,4427.825,58976
20260108,163000,4427.765,4436.205,4417.405,4423.835,75042
20260108,173000,4423.87,4439.53,4418.925,4433.175,93740
20260108,183000,4433.155,4456.83,4428.04,4454.36,90124
20260108,193000,4454.375,4464.705,4447.035,4463.365,80598
20260108,203000,4463.425,4465.745,4457.715,4463.565,33205
20260108,213000,4463.53,4463.53,4448.065,4449.685,32388
20260108,223000,4449.675,4453,4444.715,4452.19,31555
20260108,233000,4452.18,4478.18,4451.565,4476.26,41950
20260109,003000,4476.25,4479.71,4472.665,4477.565,12879
20260109,023000,4476.635,4479.735,4472.675,4475.735,9363
20260109,033000,4475.75,4476.81,4460.085,4462.89,24132
20260109,043000,4462.885,4470.065,4452.92,4468.91,59305
20260109,053000,4468.965,4476.615,4465.7,4469.54,41936
20260109,063000,4469.49,4470.13,4460.49,4464.18,43460
20260109,073000,4464.17,4466.97,4460.83,4464.79,22885
20260109,083000,4464.59,4471.905,4458.295,4468.1,31088
20260109,093000,4468.115,4477.545,4466.1,4474.175,31638
20260109,103000,4474.185,4475.54,4468.62,4470.275,23670
20260109,113000,4470.25,4477.05,4464.2,4468.715,33018
20260109,123000,4468.655,4477.7,4468.525,4471.285,27775
20260109,133000,4471.225,4474.3,4467.12,4472.675,23423
20260109,143000,4472.75,4476.395,4468.775,4475.525,24184
20260109,153000,4475.495,4480.615,4461.045,4466.005,31195
20260109,163000,4466.03,4492.135,4458.935,4482.9,79795
20260109,173000,4482.685,4498.425,4479.135,4494.97,97905
20260109,183000,4494.77,4517.25,4490.1,4512.43,93992
20260109,193000,4512.435,4514.46,4499.945,4506.505,66671
20260109,203000,4506.45,4511.815,4482.01,4484.475,42510
20260109,213000,4484.485,4504.635,4483.065,4496.205,33718
20260109,223000,4496.215,4502.05,4492.935,4499.38,17522
20260109,233000,4499.37,4510.24,4497.86,4507.63,30077
20260110,003000,4507.655,4511.47,4505.075,4509.66,7150
20260112,023000,4521.495,4544.96,4521.19,4540.26,23071
20260112,033000,4540.255,4601.695,4536.53,4589.02,67357
20260112,043000,4589.02,4595.135,4570.19,4570.19,84125
20260112,053000,4570.18,4582.165,4561.935,4577.48,58384
20260112,063000,4577.465,4581.51,4567.79,4570.71,55506
20260112,073000,4570.665,4572.22,4563.455,4568.74,49162
20260112,083000,4568.655,4585.17,4566.145,4581.065,47508
20260112,093000,4581.025,4581.12,4569.88,4578.56,51684
20260112,103000,4578.58,4589.725,4574.71,4587.77,49593
20260112,113000,4587.76,4598.45,4579.535,4596.955,51674
20260112,123000,4596.985,4599.475,4587.84,4589.225,53196
20260112,133000,4589.22,4595.505,4586.12,4594.41,34792
20260112,143000,4594.47,4595.015,4581.75,4585.315,33171
20260112,153000,4585.365,4590.84,4578.485,4590.525,50773
20260112,163000,4590.475,4620.38,4588.715,4615.905,75226
20260112,173000,4615.895,4617.45,4585.07,4602.245,103230
20260112,183000,4602.1,4627.61,4601.905,4621.22,78206
20260112,193000,4621.075,4630.19,4607.835,4616.93,57261
20260112,203000,4616.935,4620.655,4610.795,4616.415,34693
20260112,213000,4616.435,4618.68,4600.345,4610.91,37585
20260112,223000,4610.885,4618.985,4608.785,4611.24,26981
20260112,233000,4611.205,4611.795,4591.66,4593.93,44040
20260113,003000,4593.925,4598.06,4589.415,4597.65,14669
20260113,023000,4597.62,4600,4578.095,4599.575,27944
20260113,033000,4599.66,4599.89,4584.505,4587.36,23772
20260113,043000,4587.39,4595.955,4575.585,4577.95,76400
20260113,053000,4577.78,4595.195,4576.75,4594.355,68757
20260113,063000,4594.335,4599.845,4592.585,4594.285,40981
20260113,073000,4594.285,4599.885,4594.085,4596.49,31240
20260113,083000,4596.405,4602.195,4585.765,4592.225,46020
20260113,093000,4592.22,4592.48,4573.605,4581.955,59172
20260113,103000,4581.895,4587.275,4577.54,4580.795,29781
20260113,113000,4580.82,4597.095,4579.705,4592.96,36835
20260113,123000,4592.905,4595.845,4585.695,4586.155,28892
20260113,133000,4586.115,4588.37,4580.4,4586.395,23740
20260113,143000,4586.42,4592.18,4582.13,4588.72,24216
20260113,153000,4588.815,4595.39,4577.925,4593.345,30593
20260113,163000,4593.35,4621.03,4590.51,4611.56,79579
20260113,173000,4611.54,4634.89,4609.155,4629.8,86313
20260113,183000,4629.865,4630.365,4600.83,4619.165,105827
20260113,193000,4619.17,4620.875,4592.94,4613.565,69507
20260113,203000,4613.535,4616.09,4586.825,4590.595,45080
20260113,213000,4590.52,4602.09,4581.175,4594.155,51882
20260113,223000,4594.22,4598.99,4584.29,4597.495,32499
20260113,233000,4597.515,4597.855,4569.47,4586.195,45873
20260114,003000,4586.25,4589.935,4582.975,4586.005,10576
20260114,023000,4591.935,4598.965,4591.495,4597.105,13984
20260114,033000,4597.095,4610.755,4597.005,4609.215,31014
20260114,043000,4609.29,4620.03,4606.18,4619.385,64418
20260114,053000,4619.445,4623.79,4614.22,4620.725,42492
20260114,063000,4620.705,4630.355,4613.51,4628.32,27276
20260114,073000,4628.45,4630.63,4625.35,4629.42,26652
20260114,083000,4629.435,4639.89,4617.945,4619.895,47073
20260114,093000,4619.905,4637.36,4618.575,4637.355,55372
20260114,103000,4637.36,4639.695,4631.645,4632.47,24861
20260114,113000,4632.48,4638.025,4621.65,4635.045,35014
20260114,123000,4635.045,4639.63,4627.08,4630.535,28924
20260114,133000,4630.525,4638.33,4627.8,4633.095,24311
20260114,143000,4633.115,4637.58,4626.175,4630.415,29922
20260114,153000,4630.47,4641.985,4630.315,4638.785,39423
20260114,163000,4638.79,4641.74,4624.305,4635.805,75204
20260114,173000,4635.795,4639.07,4607.02,4617.52,93802
20260114,183000,4617.5,4626.61,4599.5,4618.025,102330
20260114,193000,4618.265,4624.935,4608.755,4617.14,81933
20260114,203000,4617.145,4619.25,4601.22,4614.4,64480
20260114,213000,4614.375,4637.375,4612.905,4635.175,48328
20260114,223000,4635.19,4642.97,4633.355,4639.255,48287
20260114,233000,4639.24,4641.635,4625.515,4632.63,55690
20260115,003000,4632.64,4633.05,4617.89,4626.575,17554
20260115,023000,4624.17,4624.17,4602.88,4615.325,28295
20260115,033000,4615.285,4618.26,4610.225,4615.235,25459
20260115,043000,4615.22,4617.54,4583.565,4600.17,102248
20260115,053000,4599.465,4614.86,4595.59,4602.96,75169
20260115,063000,4602.95,4604.38,4581.065,4592.27,69094
20260115,073000,4592.255,4597.555,4587.13,4592.35,37143
20260115,083000,4592.38,4599.01,4581.095,4595.35,46211
20260115,093000,4595.36,4612.14,4593.635,4610.305,46221
20260115,103000,4610.295,4613.645,4599.22,4601.8,38177
20260115,113000,4601.825,4607.34,4597.865,4604.43,44480
20260115,123000,4604.48,4613.2,4600.76,4612.65,43729
20260115,133000,4612.675,4620.645,4609.445,4620.04,37414
20260115,143000,4620.035,4623.11,4615.705,4619.3,28578
20260115,153000,4619.295,4620.89,4611.77,4614.035,41076
20260115,163000,4614.04,4616.32,4581.625,4588.325,94424
20260115,173000,4588.34,4615.23,4583.22,4611.205,88687
20260115,183000,4611.145,4618.25,4603.855,4615.545,82208
20260115,193000,4615.53,4625.015,4601.21,4605.68,72292
20260115,203000,4605.685,4617.01,4605.62,4616.61,25999
20260115,213000,4616.64,4621.275,4613.48,4617.69,30655
20260115,223000,4617.7,4621.72,4612.82,4615.935,21493
20260115,233000,4615.955,4616.425,4600.71,4605.92,39794
20260116,003000,4605.865,4616.615,4604.5,4616.04,10500
20260116,023000,4619.075,4620.975,4606.41,4610.365,15927
20260116,033000,4610.39,4611.32,4598.52,4600.025,35577
20260116,043000,4600,4608.655,4593.78,4600.62,62477
20260116,053000,4600.615,4604.43,4591.37,4595.075,53929
20260116,063000,4595.065,4599.9,4592.935,4596.44,34575
20260116,073000,4596.385,4602.175,4596.14,4601.265,18049
20260116,083000,4601.29,4616.315,4595.36,4611.58,32395
20260116,093000,4611.53,4612.41,4594.095,4598.245,44410
20260116,103000,4598.29,4612.245,4596.925,4607.645,28983
20260116,113000,4607.65,4610.725,4601.31,4603.345,25892
20260116,123000,4603.315,4608.695,4598.925,4600.845,19967
20260116,133000,4600.81,4611.215,4599.79,4600.25,19303
20260116,143000,4600.28,4616.33,4598.6,4612.605,26220
20260116,153000,4612.61,4613.08,4597.41,4602.01,24709
20260116,163000,4601.99,4605.77,4582.67,4602.055,68989
20260116,173000,4602.05,4614.83,4596.135,4607.725,63680
20260116,183000,4607.675,4620.39,4536.49,4571.31,114504
20260116,193000,4571.265,4599.2,4567.795,4591.45,78930
20260116,203000,4591.485,4593.34,4576.705,4581.51,42843
20260116,213000,4581.465,4596.2,4579.955,4582.745,37202
20260116,223000,4582.705,4592.475,4580.97,4590.545,27814
20260116,233000,4590.54,4595.865,4580.78,4582.02,29760
20260117,003000,4582.035,4598.64,4582.035,4596.32,11968
20260119,023000,4649.78,4690.94,4646.135,4672.975,36778
20260119,033000,4672.94,4682.145,4660.89,4675.52,40142
20260119,043000,4675.575,4678.685,4656.19,4657.285,68602
20260119,053000,4657.28,4665.26,4653.225,4662.59,48946
20260119,063000,4662.6,4670.015,4658.23,4658.38,36947
20260119,073000,4658.54,4666.15,4658.205,4663.36,14990
20260119,083000,4663.355,4674.48,4663.195,4670.065,23804
20260119,093000,4670.08,4679.11,4666.79,4677.995,26318
20260119,103000,4678.03,4678.72,4661.935,4665.155,29346
20260119,113000,4665.16,4674.03,4661.725,4663.57,33025
20260119,123000,4663.6,4672.99,4662.055,4668.48,29379
20260119,133000,4668.475,4671.29,4661.34,4663.805,22713
20260119,143000,4663.83,4667.665,4659.73,4660.695,26286
20260119,153000,4660.755,4673.795,4660.185,4672.05,26879
20260119,163000,4672.045,4673.85,4664.535,4666.175,34493
20260119,173000,4666.205,4670.52,4661.55,4666.625,27983
20260119,183000,4666.585,4676.28,4664.35,4674.47,23100
20260119,193000,4674.475,4675.74,4670.485,4672.37,15907
20260119,203000,4672.355,4678.95,4669.17,4676.35,14363
20260119,213000,4676.35,4680.405,4673.78,4676.585,15715
20260119,223000,4676.63,4676.725,4667.115,4670.295,8081
20260120,023000,4668.575,4672.345,4664.37,4665.36,10074
20260120,033000,4665.375,4668.07,4659.395,4660.41,16216
20260120,043000,4660.59,4676.235,4659.915,4669.805,31831
20260120,053000,4669.74,4674.94,4665.545,4668.815,40127
20260120,063000,4668.82,4681.57,4666.165,4680.28,33233
20260120,073000,4680.275,4697.225,4679.755,4695.335,21327
20260120,083000,4695.33,4716.745,4694.315,4714.63,35008
20260120,093000,4714.575,4717.265,4705.74,4712.585,40673
20260120,103000,4712.51,4722.845,4711.46,4716.22,28647
20260120,113000,4716.28,4731.71,4715.035,4729.41,35388
20260120,123000,4729.395,4737.57,4721.315,4732.51,30168
20260120,133000,4732.49,4735.095,4723.075,4726.565,28248
20260120,143000,4726.565,4735.465,4721.64,4733.245,25781
20260120,153000,4733.26,4733.26,4724.08,4727.63,27354
20260120,163000,4727.64,4738.54,4715.035,4737.265,66129
20260120,173000,4737.275,4751.37,4728.63,4741.265,91205
20260120,183000,4740.945,4748.765,4722.51,4737.675,87311
20260120,193000,4737.655,4757.81,4728.945,4753.63,53901
20260120,203000,4753.605,4762.47,4746.12,4759.19,34373
20260120,213000,4759.2,4766.29,4752.785,4759.41,32074
20260120,223000,4759.405,4766.4,4756.57,4760.855,23941
20260120,233000,4760.82,4761.31,4747.36,4756.73,35415
20260121,003000,4756.745,4763.945,4756.405,4763.37,9532
20260121,023000,4762.815,4781.285,4757.885,4775.99,14531
20260121,033000,4775.99,4787.805,4770.6,4784.645,24402
20260121,043000,4784.675,4844.29,4783.495,4835.49,68445
20260121,053000,4835.455,4842.215,4817.24,4836.73,52895
20260121,063000,4836.76,4849.84,4826.975,4845.11,42710
20260121,073000,4845.115,4870.885,4837.93,4865.905,37034
20260121,083000,4865.87,4878.25,4859.05,4870.025,41317
20260121,093000,4870.035,4888.545,4845.505,4847.56,52781
20260121,103000,4847.41,4857.275,4832.725,4855.475,42933
20260121,113000,4855.54,4869.65,4851.625,4854.735,30795
20260121,123000,4854.73,4877.335,4852.43,4860.415,33307
20260121,133000,4860.38,4866.93,4859.625,4862.3,26531
20260121,143000,4862.32,4871.605,4855.19,4866.785,20751
20260121,153000,4866.795,4870.845,4855.52,4865.195,30836
20260121,163000,4865.19,4880.415,4858.485,4879.295,54314
20260121,173000,4879.3,4880.935,4839.395,4852.14,103659
20260121,183000,4851.895,4868.83,4813.355,4847.88,110490
20260121,193000,4847.89,4855.8,4819.695,4833.63,85522
20260121,203000,4833.635,4834.495,4802.62,4826.48,80183
20260121,213000,4826.365,4850.7,4819.925,4850.385,54899
20260121,223000,4850.415,4854.165,4755.075,4781.57,103547
20260121,233000,4781.555,4828.14,4772.395,4826.515,85840
20260122,003000,4826.7,4839.9,4813.235,4831.38,21101
20260122,023000,4816.795,4821.3,4777.63,4778.265,26683
20260122,033000,4778.23,4798.915,4778.17,4797.975,37695
20260122,043000,4797.95,4809.875,4772.27,4797.935,61832
20260122,053000,4797.775,4798.485,4774.61,4789.29,47704
20260122,063000,4789.275,4797.14,4784.315,4796.48,41511
20260122,073000,4796.47,4800.52,4793.905,4797.53,27317
20260122,083000,4797.46,4821.775,4793.705,4821.415,31456
20260122,093000,4821.41,4829.28,4816.49,4826.7,30688
20260122,103000,4826.71,4839.71,4825.75,4832.72,25890
20260122,113000,4832.73,4835.69,4822.185,4830.72,34918
20260122,123000,4830.725,4838.095,4813.96,4823.185,33887
20260122,133000,4823.2,4831.97,4819.47,4829.11,20928
20260122,143000,4829.115,4836.43,4824.46,4831.19,26493
20260122,153000,4831.18,4832.62,4818.785,4819.67,26618
20260122,163000,4819.685,4835.46,4810.74,4822.29,57266
20260122,173000,4822.32,4847.845,4820.49,4835.135,71781
20260122,183000,4835.195,4873.91,4825.865,4871.82,76403
20260122,193000,4871.945,4885.46,4868.085,4878.075,54134
20260122,203000,4878.11,4906.47,4869.58,4904.715,51773
20260122,213000,4904.7,4919.59,4901.375,4916.035,41660
20260122,223000,4916.025,4924.525,4905.985,4911.74,36050
20260122,233000,4911.76,4928.54,4911.505,4917.07,39094
20260123,003000,4917.27,4940.885,4914.68,4936.075,17299
20260123,023000,4952.295,4960.67,4930.84,4959.13,27975
20260123,033000,4959.135,4965.985,4947.58,4965.16,26120
20260123,043000,4965.26,4967.52,4936.06,4953.995,56525
20260123,053000,4953.94,4962.47,4946.925,4955.615,27715
20260123,063000,4955.595,4959.24,4938.1,4952.075,20847
20260123,073000,4952,4958.585,4950.26,4956.285,8482
20260123,083000,4956.26,4967.28,4954.615,4960.64,14711
20260123,093000,4960.59,4963.27,4945.575,4953.965,32292
20260123,103000,4953.97,4959.715,4943.235,4944.47,26574
20260123,113000,4944.46,4947.825,4900.9,4913.88,48043
20260123,123000,4913.875,4921.72,4899.795,4918.66,39432
20260123,133000,4918.715,4932.56,4915.7,4929.88,33397
20260123,143000,4929.875,4930.165,4912.07,4922.875,28578
20260123,153000,4923.08,4942.6,4918.49,4939.42,37674
20260123,163000,4939.67,4947.98,4923.77,4939.18,74638
20260123,173000,4939.195,4956.645,4932.89,4943.76,69001
20260123,183000,4943.505,4963.475,4938.405,4960.64,72923
20260123,193000,4960.78,4988.44,4959.155,4980.43,61329
20260123,203000,4980.445,4988.16,4962.005,4965.895,48124
20260123,213000,4965.995,4984.205,4958.345,4966.85,49482
20260123,223000,4966.975,4989.88,4966.975,4984.14,31413
20260123,233000,4984.155,4985.72,4970.59,4981.055,38543
20260124,003000,4981.075,4990.12,4978.185,4987.545,13504
20260126,023000,5015.63,5040.55,5003.705,5039.85,44170
20260126,033000,5039.89,5052.26,5030.83,5041.89,39760
20260126,043000,5041.905,5085.665,5028.96,5071.115,81374
20260126,053000,5071.09,5092.975,5066.925,5081.05,68066
20260126,063000,5081.075,5087.93,5070.15,5076.66,56012
20260126,073000,5076.645,5078.195,5058.145,5070.385,41724
20260126,083000,5070.25,5076.69,5052.365,5074.425,63698
20260126,093000,5074.41,5111.51,5065.39,5077.645,73208
20260126,103000,5077.66,5095.855,5073.94,5089.06,43288
20260126,113000,5089.08,5098.455,5080.14,5083.48,50855
20260126,123000,5083.415,5098.515,5075.395,5084.14,51677
20260126,133000,5084.23,5095.115,5078.625,5091.575,43682
20260126,143000,5091.785,5092.97,5078.435,5091.585,42927
20260126,153000,5091.58,5097.1,5077.285,5078.995,40448
20260126,163000,5078.985,5083.195,5054.67,5068.735,69656
20260126,173000,5068.8,5097.025,5058.45,5096.18,78669
20260126,183000,5096.245,5097.46,5074.255,5090.845,81012
20260126,193000,5090.865,5105.34,5065.385,5089.545,84253
20260126,203000,5089.55,5105.15,5080.285,5101.235,58470
20260126,213000,5101.2,5103.22,5057.935,5069.04,108573
20260126,223000,5069.085,5069.85,5008.275,5028.715,137507
20260126,233000,5028.735,5062.32,5026.26,5055.11,93830
20260127,003000,5055.12,5059.165,4990.215,5008.875,69020
20260127,023000,5035.795,5061.675,5028.275,5043.56,27915
20260127,033000,5043.58,5054.135,5013.875,5033.115,36439
20260127,043000,5033.125,5076.14,5018.805,5060.14,78451
20260127,053000,5059.99,5079.81,5049.585,5072.68,47576
20260127,063000,5072.66,5079.31,5060.16,5077.225,37886
20260127,073000,5077.025,5078.955,5061.5,5067.8,35795
20260127,083000,5067.775,5085.495,5057.195,5083.11,44412
20260127,093000,5083.125,5094.35,5076.865,5085.785,42790
20260127,103000,5085.8,5100.84,5081.58,5085.965,45682
20260127,113000,5086.01,5088.165,5073.51,5079.755,37650
20260127,123000,5079.75,5099.65,5078.165,5098.325,28031
20260127,133000,5098.66,5098.66,5081.99,5086.545,24225
20260127,143000,5086.56,5090.83,5066.64,5077.08,24684
20260127,153000,5077.095,5091.37,5073.725,5085.13,45526
20260127,163000,5085.19,5093.145,5069.47,5077.555,64031
20260127,173000,5077.52,5082.205,5046.84,5054.74,121369
20260127,183000,5054.74,5091.32,5047.69,5090.905,110711
20260127,193000,5090.925,5103.355,5083.3,5087.47,76402
20260127,203000,5087.495,5094.155,5076.92,5081.37,69721
20260127,213000,5081.395,5095.82,5076.45,5088.11,62237
20260127,223000,5088.135,5100.12,5081.05,5099.055,35432
20260127,233000,5099.05,5182.795,5098.035,5176.65,117783
20260128,003000,5176.6,5190.51,5169.13,5180.625,44298
20260128,023000,5181.64,5184.57,5159.025,5172.315,30899
20260128,033000,5172.225,5180.27,5157.21,5172.025,36254
20260128,043000,5172.01,5225.36,5168.545,5204.87,91621
20260128,053000,5204.82,5234.775,5201.745,5232.245,64845
20260128,063000,5232.02,5247.82,5224.4,5235.285,58390
20260128,073000,5235.075,5249.09,5232.5,5245.545,34995
20260128,083000,5245.56,5266.435,5241.57,5261.35,48913
20260128,093000,5261.47,5271.5,5251.87,5270.16,51806
20260128,103000,5270.21,5292.87,5263.18,5290.675,46941
20260128,113000,5290.57,5311.665,5280.64,5293.985,54055
20260128,123000,5293.975,5297.76,5263.22,5278.37,43971
20260128,133000,5278.41,5285.95,5269.51,5269.97,33206
20260128,143000,5270.2,5270.77,5238.59,5261.73,47031
20260128,153000,5261.84,5279.49,5251.81,5279.415,54115
20260128,163000,5279.275,5289.71,5257.015,5266.645,76872
20260128,173000,5266.615,5288.485,5248.775,5286.19,99099
20260128,183000,5285.925,5298.35,5235.75,5278.28,145446
20260128,193000,5278.295,5300.33,5274.505,5299.875,91705
20260128,203000,5299.915,5307.285,5283.26,5298.11,73917
20260128,213000,5298.145,5325.97,5268.45,5282.595,108238
20260128,223000,5282.85,5332.08,5269.295,5325.41,134556
20260128,233000,5325.39,5391.62,5320.9,5376.885,128721
20260129,003000,5376.885,5419.645,5376.885,5418.545,48783
20260129,023000,5446.995,5602.225,5432.455,5513.285,106620
20260129,033000,5513.585,5527.24,5454.12,5520.195,75573
20260129,043000,5520.2,5551.96,5444.925,5545.785,104919
20260129,053000,5545.73,5550.06,5504.585,5536.11,84767
20260129,063000,5536.12,5549.235,5508.53,5545.84,70852
20260129,073000,5545.835,5564.725,5533.265,5557.99,49167
20260129,083000,5557.955,5564.545,5515.995,5562.655,70650
20260129,093000,5562.725,5595.77,5554.955,5561.325,75729
20260129,103000,5561.32,5575.28,5536.905,5548.96,59239
20260129,113000,5548.935,5554.845,5473.555,5510.08,74461
20260129,123000,5509.82,5529.875,5497.925,5513.92,56482
20260129,133000,5513.925,5525.835,5482.495,5483.705,46797
20260129,143000,5483.895,5528.94,5470.9,5522.62,51482
20260129,153000,5522.655,5543.23,5518.575,5534.16,57636
20260129,163000,5534.23,5541.215,5499.925,5510.785,87229
20260129,173000,5510.775,5549.565,5491.24,5496.965,136416
20260129,183000,5496.52,5496.66,5097.215,5183.2,199633
20260129,193000,5183.13,5311.67,5171.89,5264.55,184501
20260129,203000,5264.61,5375.735,5264.61,5335.37,146645
20260129,213000,5335.4,5362.02,5307.695,5338.785,120434
20260129,223000,5338.81,5345.75,5290.46,5306,115867
20260129,233000,5306.075,5407.33,5282.98,5394.17,105595
20260130,003000,5394.195,5426.085,5369.18,5370.23,54971
20260130,023000,5419.64,5448.89,5387.62,5438.57,48318
20260130,033000,5438.565,5451.16,5389.895,5407.47,60632
20260130,043000,5407.435,5410.625,5290.44,5300.745,116504
20260130,053000,5300.74,5312.725,5112.105,5225.075,164790
20260130,063000,5225.08,5230.07,5149.93,5196.94,110035
20260130,073000,5196.915,5231.515,5193.45,5215.065,76019
20260130,083000,5214.795,5241.85,5180.175,5185.135,76419
20260130,093000,5185.29,5205.81,5144.87,5155.96,101036
20260130,103000,5155.88,5186.445,5118.01,5181.08,92479
20260130,113000,5181.115,5181.115,5054.43,5116.775,103524
20260130,123000,5116.755,5133.05,4941.5,5013.76,152283
20260130,133000,5013.44,5122.47,5000.82,5119.58,103756
20260130,143000,5119.765,5144.765,5088.485,5135.91,78979
20260130,153000,5135.955,5145.98,5055.375,5064.675,96808
20260130,163000,5064.62,5100.2,4992.555,5019.645,110494
20260130,173000,5019.53,5113.795,5014.07,5033.255,150569
20260130,183000,5033.24,5074.36,4980.8,5050.925,172794
20260130,193000,5050.9,5052.3,4943.18,4985.7,179130
20260130,203000,4985.71,4986.51,4800.855,4850.225,194367
20260130,213000,4850.19,4893.795,4679.51,4878.955,180208
20260130,223000,4879.135,4948.545,4836.87,4932.84,125916
20260130,233000,4932.845,4932.945,4807.725,4847.57,131441
20260131,003000,4847.605,4901.69,4831.905,4895.44,56628
20260202,023000,4833.89,4834.255,4697.14,4742.1,82357
20260202,033000,4742.22,4884.56,4740.755,4766.465,114134
20260202,043000,4766.505,4785.045,4584.82,4736.89,163873
20260202,053000,4736.79,4773.225,4696.825,4710.84,121267
20260202,063000,4710.835,4729.825,4630.67,4646.855,127936
20260202,073000,4646.81,4713.375,4603.14,4679.745,104096
20260202,083000,4679.725,4697.085,4498.085,4549.31,136192
20260202,093000,4549.25,4574.03,4402.38,4505.79,160158
20260202,103000,4505.745,4619.31,4484.55,4587.4,109816
20260202,113000,4587.495,4651.5,4559.075,4641.065,109920
20260202,123000,4640.82,4731.64,4603.165,4719.6,116340
20260202,133000,4719.255,4733.805,4657.01,4705.655,88802
20260202,143000,4705.62,4780.07,4703.27,4766.24,78813
20260202,153000,4766.235,4812.265,4743.715,4794.555,69509
20260202,163000,4794.39,4804.2,4669.27,4706.305,133584
20260202,173000,4706.305,4794.685,4680.24,4718.945,143078
20260202,183000,4718.375,4745.54,4617.31,4619.85,161499
20260202,193000,4619.82,4708.905,4596.74,4666.18,138503
20260202,203000,4666.175,4714.105,4656.855,4674.11,86016
20260202,213000,4674.21,4674.415,4618.67,4657.88,89490
20260202,223000,4657.89,4712.925,4631.55,4685.41,83571
20260202,233000,4685.405,4701.06,4647.875,4653.115,82808
20260203,003000,4653.16,4687.05,4644.21,4661.055,46504
20260203,023000,4704.095,4775.865,4695.53,4774.575,62496
20260203,033000,4774.605,4831.095,4766.035,4780.485,75282
20260203,043000,4780.81,4856.76,4766.29,4841.405,116011
20260203,053000,4841.38,4842.045,4745.68,4783.68,111281
20260203,063000,4783.71,4813.535,4751.885,4809.505,87791
20260203,073000,4809.545,4825.415,4800.905,4809.18,56339
20260203,083000,4809.42,4842.3,4809.3,4825.305,62570
20260203,093000,4825.365,4893.815,4816.66,4881.315,99051
20260203,103000,4881.445,4933.785,4872.05,4917.365,58408
20260203,113000,4917.54,4950.68,4898.34,4912.675,54578
20260203,123000,4912.595,4926.395,4884.625,4916.175,49449
20260203,133000,4916.21,4930.075,4901.735,4902.57,35029
20260203,143000,4902.63,4919.485,4883.69,4917.01,43628
20260203,153000,4916.915,4936.63,4892.27,4913.83,50318
20260203,163000,4913.825,4951.295,4902.895,4933.07,80274
20260203,173000,4933.14,4937.195,4893.775,4917.07,106186
20260203,183000,4916.945,4948.84,4904.805,4935.445,102649
20260203,193000,4935.595,4993.835,4929.665,4955.63,93991
20260203,203000,4955.415,4970.05,4907.63,4929.04,124710
20260203,213000,4928.675,4954.285,4884.765,4908.43,104308
20260203,223000,4908.35,4948.87,4880.595,4927.23,90297
20260203,233000,4927.09,4957.21,4902.11,4944.105,74158
20260204,003000,4944.125,4964.24,4934.075,4946.805,19405
20260204,023000,4959.765,4959.765,4909.17,4947.82,48489
20260204,033000,4947.84,5016.53,4946.16,5015.855,66902
20260204,043000,5015.83,5053.675,4985.05,5046.855,88356
20260204,053000,5046.81,5065.795,5035.72,5040.2,51182
20260204,063000,5040.155,5073.745,5036.055,5070.115,42305
20260204,073000,5070.045,5081.54,5056.28,5080.665,24155
20260204,083000,5080.615,5090.435,5069.29,5079.455,34094
20260204,093000,5079.46,5083.17,5051.155,5076.87,49192
20260204,103000,5076.855,5091.755,5062.505,5084.905,37215
20260204,113000,5084.895,5091.93,5068.87,5083.73,32451
20260204,123000,5083.63,5086.975,5043.245,5060.1,41957
20260204,133000,5060.245,5064.58,5041.98,5048.7,30699
20260204,143000,5048.675,5053.495,5013.77,5047.49,36851
20260204,153000,5047.56,5063.51,5036.495,5041.295,38081
20260204,163000,5041.375,5063.735,5023.735,5054.185,57280
20260204,173000,5054.195,5059.23,4967.005,4987.045,108020
20260204,183000,4987.04,5008.05,4887.62,4920.41,144331
20260204,193000,4920.36,4940.31,4848.405,4904.53,122857
20260204,203000,4904.54,4931.535,4888.225,4897.86,101378
20260204,213000,4897.92,4935.09,4872.865,4927.68,73956
20260204,223000,4927.795,4957.72,4914.575,4941.72,65744
20260204,233000,4941.775,4951.85,4914.245,4938.33,57351
20260205,003000,4938.24,4971.18,4937.49,4964.455,19249
20260205,023000,4995.96,5024.03,4987.85,5012.535,35606
20260205,033000,5012.42,5020.555,4996.95,5006.845,36861
20260205,043000,5007.335,5012.325,4935.81,4959.135,98814
20260205,053000,4959.185,4962.33,4805.98,4812.24,153451
20260205,063000,4812.26,4888.69,4789.655,4880.96,125351
20260205,073000,4880.83,4891.49,4863.515,4864.19,54019
20260205,083000,4864.165,4906.57,4825.83,4896.725,78244
20260205,093000,4896.71,4934.125,4877.655,4920.27,83153
20260205,103000,4920.255,4940.92,4896.065,4915.145,60401
20260205,113000,4915.1,4943.735,4900.9,4911.89,53187
20260205,123000,4911.865,4914.15,4849.9,4855.395,66430
20260205,133000,4855.39,4887.115,4847.485,4877.325,51621
20260205,143000,4877.32,4894.805,4864.475,4868.365,35892
20260205,153000,4868.44,4878.36,4810.8,4854.245,86170
20260205,163000,4854.22,4868.82,4802.06,4835.635,107372
20260205,173000,4835.645,4869.81,4806.26,4846.34,120604
20260205,183000,4846.01,4866.825,4800.535,4817.91,132454
20260205,193000,4817.89,4906.735,4812.675,4888.855,124479
20260205,203000,4888.885,4890.59,4859.225,4869.025,89482
20260205,213000,4868.98,4875.25,4851.31,4858.13,74936
20260205,223000,4858.055,4865.355,4823.85,4829.485,61884
20260205,233000,4829.66,4843.555,4793.205,4811.575,66966
20260206,003000,4811.585,4826.315,4759.48,4780.675,37777
20260206,023000,4778.27,4782.14,4703.485,4703.78,57124
20260206,033000,4703.775,4764.72,4655.23,4763.3,111267
20260206,043000,4763.315,4785.005,4693.835,4774.51,129996
20260206,053000,4774.49,4846.66,4760.865,4816.73,96058
20260206,063000,4816.685,4839.665,4800.515,4824.385,65560
20260206,073000,4824.35,4832.005,4807.265,4813.965,36708
20260206,083000,4813.63,4898.15,4807.72,4897.55,56610
20260206,093000,4897.465,4903.4,4824.705,4846.36,71341
20260206,103000,4846.35,4861.91,4838.215,4841.03,36744
20260206,113000,4841.09,4882.34,4829.71,4862.06,45140
20260206,123000,4861.905,4873.07,4838.68,4866.805,33274
20260206,133000,4866.8,4880.13,4852.045,4878.76,34887
20260206,143000,4878.755,4896.1,4863.83,4887.38,32749
20260206,153000,4887.375,4903.94,4871.66,4900.465,36219
20260206,163000,4900.47,4938.505,4897.355,4929.115,64970
20260206,173000,4929.13,4949.975,4894.45,4948.29,77271
20260206,183000,4948.16,4964.815,4928.5,4943.77,100312
20260206,193000,4943.725,4953.62,4921.85,4951.875,78383
20260206,203000,4951.83,4968.72,4948.24,4960.6,48902
20260206,213000,4960.58,4971.34,4943.835,4962.47,47066
20260206,223000,4962.48,4963.285,4948.585,4957.135,21858
20260206,233000,4957.14,4959.34,4936.69,4953.33,41166
20260207,003000,4953.345,4968.915,4946.4,4964.62,12940
20260209,023000,4989.93,5047.915,4965.42,5036.085,39418
20260209,033000,5036.07,5045.11,5012.075,5019.93,47601
20260209,043000,5020.51,5042.105,4976.15,4983.005,69798
20260209,053000,4982.955,5017.585,4968.885,5007.245,52934
20260209,063000,5007.23,5031.275,5005.72,5016.06,36388
20260209,073000,5016.105,5024.845,5007.42,5011.955,30210
20260209,083000,5011.975,5041.755,5011.315,5036.605,35185
20260209,093000,5036.68,5045.815,5013.92,5031.155,50300
20260209,103000,5031.135,5031.14,4997.855,5006.475,33525
20260209,113000,5006.455,5036.2,5003,5027.56,31946
20260209,123000,5027.675,5041.4,5002.78,5007.985,32026
20260209,133000,5007.93,5015.45,4982.495,4991.025,38869
20260209,143000,4991.015,5018.335,4988.855,5010.83,26793
20260209,153000,5010.84,5021.92,5007.435,5013.385,26260
20260209,163000,5013.405,5025,4995.125,5007.34,52434
20260209,173000,5007.38,5040.845,5002.4,5038.01,74632
20260209,183000,5037.805,5060.56,5023.76,5059.065,51528
20260209,193000,5059.05,5080.895,5056.655,5073.57,38621
20260209,203000,5073.585,5075.62,5040.965,5046.3,55421
20260209,213000,5046.29,5064.125,5044.44,5062.85,60456
20260209,223000,5062.84,5080.145,5062.495,5074.62,32694
20260209,233000,5074.685,5086.68,5072.215,5079.705,47274
20260210,003000,5079.7,5083.2,5048.4,5057.775,14007
20260210,023000,5057.535,5064.13,4987.385,5031.995,44962
20260210,033000,5032,5048.65,5009.015,5018.91,41721
20260210,043000,5018.85,5038.005,5012.59,5033.055,69631
20260210,053000,5032.98,5056.34,5031.64,5038.66,49979
20260210,063000,5038.6,5038.6,5016.42,5030.155,45696
20260210,073000,5030.095,5033.98,5017.625,5031.725,23179
20260210,083000,5031.705,5040.68,5011.445,5039.295,30965
20260210,093000,5039.135,5045.73,5019.07,5024.62,40864
20260210,103000,5024.625,5036.2,5018.67,5033.975,30718
20260210,113000,5033.965,5055.26,5028.82,5042.07,30427
20260210,123000,5042.02,5063.55,5040.61,5046.905,26193
20260210,133000,5046.9,5058.195,5037.225,5047.005,23565
20260210,143000,5046.945,5057.555,5044.525,5056.135,14406
20260210,153000,5056.185,5057.285,5019.935,5032.215,30460
20260210,163000,5032.285,5059.06,5026.605,5051.175,46503
20260210,173000,5051.195,5078.745,5020.795,5039.53,67815
20260210,183000,5039.085,5048.04,4998.95,5019.6,82616
20260210,193000,5019.61,5026.575,5005.785,5023.94,76060
20260210,203000,5023.92,5040.22,5020.78,5026.605,39123
20260210,213000,5026.585,5027.985,5004.73,5013.17,46468
20260210,223000,5013.16,5030.375,5009.015,5028.155,28609
20260210,233000,5028.165,5045.6,5020.5,5030.315,33734
20260211,003000,5030.29,5032.865,5020.4,5025.12,9953
20260211,023000,5033.585,5054.855,5028.975,5041.735,15890
20260211,033000,5041.795,5049.625,5028.39,5037.735,24126
20260211,043000,5037.895,5053.035,5030.845,5052.6,32113
20260211,053000,5052.575,5057.775,5032.745,5055.89,30809
20260211,063000,5055.735,5061.02,5045.165,5054.49,21715
20260211,073000,5054.365,5059.545,5045.85,5046.59,13047
20260211,083000,5046.62,5064.04,5043.8,5053.15,22666
20260211,093000,5053.14,5064.7,5049.59,5064.22,27385
20260211,103000,5064.24,5069.235,5049.125,5055.505,28791
20260211,113000,5055.315,5060.51,5045.92,5053.8,10090
20260211,123000,5053.75,5072.185,5047.345,5062.925,16520
20260211,133000,5062.91,5101.49,5062.59,5093.245,32232
20260211,143000,5093.3,5116.725,5082.68,5111.67,28574
20260211,153000,5111.665,5119.345,5052.53,5083.525,44557
20260211,163000,5083.395,5090.24,5019.715,5065.77,80783
20260211,173000,5065.79,5083.345,5035.78,5059.445,91123
20260211,183000,5059.395,5081.9,5039.305,5060.07,111518
20260211,193000,5060.035,5078.31,5043.115,5075.22,78052
20260211,203000,5075.265,5099.315,5068.545,5091.53,46225
20260211,213000,5091.45,5092.995,5066.96,5082.64,43589
20260211,223000,5082.59,5094.29,5076.92,5081.99,41875
20260211,233000,5081.97,5090.195,5078.22,5086.985,42777
20260212,003000,5086.97,5093.335,5069.965,5084.28,12107
20260212,023000,5095.495,5095.915,5053.89,5061.55,25732
20260212,033000,5061.465,5067.945,5049.98,5063.13,36216
20260212,043000,5063.02,5064.315,5045.445,5063.65,43849
20260212,053000,5063.56,5073.25,5055.055,5066.1,27634
20260212,063000,5066.01,5074.875,5054.82,5056.995,24550
20260212,073000,5056.98,5070.36,5050.985,5069.61,14467
20260212,083000,5069.615,5078.42,5064.46,5075.815,24060
20260212,093000,5075.69,5076.475,5047.13,5060.01,32666
20260212,103000,5060.005,5066.49,5052,5064.085,17949
20260212,113000,5064.075,5073.6,5052.43,5068.625,18387
20260212,123000,5068.605,5080.91,5066.25,5073.265,18749
20260212,133000,5073.27,5077.09,5056.29,5062.48,16924
20260212,143000,5062.49,5068.48,5059.53,5064.19,6888
20260212,153000,5064.25,5068.665,5048.935,5052.85,16522
20260212,163000,5052.835,5083.855,5051.485,5075.455,32010
20260212,173000,5075.475,5077.905,5039.7,5044.625,57744
20260212,183000,5044.63,5074.87,5039.815,5060.57,46487
20260212,193000,5060.585,5068.36,4878.5,4954.74,158751
20260212,203000,4955.03,4983.245,4939.89,4941.145,112151
20260212,213000,4941.14,4952.285,4906.765,4935.625,90556
20260212,223000,4935.64,4958.155,4927.775,4945.665,82517
20260212,233000,4945.715,4948.68,4911.215,4915.12,88700
20260213,003000,4915.19,4927.34,4911.825,4922.08,14087
20260213,023000,4888.315,4928.76,4888.315,4920.465,27561
20260213,033000,4920.47,4949,4913.86,4928.175,43148
20260213,043000,4928.22,4988.825,4927.4,4980.865,57589
20260213,053000,4980.78,4991.805,4972.315,4988.64,35740
20260213,063000,4988.59,4989.435,4973.97,4981.51,21933
20260213,073000,4981.505,4997.555,4972.99,4976.995,19929
20260213,083000,4976.99,4986.555,4944.93,4946.555,35460
20260213,093000,4946.565,4968.875,4946.135,4967.64,36388
20260213,103000,4967.615,4982.9,4951.285,4975.045,30431
20260213,113000,4975.16,4989.695,4970.91,4982.795,25541
20260213,123000,4982.81,4982.975,4961.49,4970.34,18187
20260213,133000,4970.355,4980.89,4947.17,4950.1,16168
20260213,143000,4950.07,4955.51,4933.635,4953.64,24611
20260213,153000,4953.645,4974.23,4952.235,4969.605,26607
20260213,163000,4969.66,4999.685,4957.71,4987.26,50485
20260213,173000,4987.275,5011.07,4964.22,4996.12,84712
20260213,183000,4996.245,5020.68,4974.035,4976.885,107653
20260213,193000,4976.87,5033.735,4975.52,5007.995,69544
20260213,203000,5008.03,5029.235,5006.1,5021.045,36069
20260213,213000,5021.085,5035.55,5015.485,5031.185,33760
20260213,223000,5031.24,5046.185,5023.545,5023.94,38969
20260213,233000,5023.865,5034.85,5021.705,5032.59,45548
20260214,003000,5032.545,5046.48,5029.8,5042.74,9195
20260216,023000,5017.145,5032.565,5009.64,5020.215,31766
20260216,033000,5020.21,5023.075,5000.13,5015.62,26654
20260216,043000,5015.63,5031.29,5006.995,5028.955,23101
20260216,053000,5028.965,5031.28,4992.19,4994.54,27402
20260216,063000,4994.525,5000.08,4973.455,4987.555,27045
20260216,073000,4987.635,4992.38,4973.36,4977.9,21221
20260216,083000,4977.92,4991.04,4964.865,4990.77,18101
20260216,093000,4990.775,5003.22,4984.58,4994.92,15923
20260216,103000,4994.91,5010.115,4988.965,5007.4,18910
20260216,113000,5007.42,5013.33,4995.86,5008.11,18847
20260216,123000,5008.1,5017.445,5007.995,5013.66,13160
20260216,133000,5013.67,5017.225,5000.27,5006.09,14823
20260216,143000,5006.15,5008.23,4999.03,5004.75,9901
20260216,153000,5004.755,5008.19,4992.725,5002.03,18261
20260216,163000,5002.065,5003.905,4989.64,4997.365,17440
20260216,173000,4997.37,4999.66,4981.765,4988.41,23574
20260216,183000,4988.395,4988.51,4969.11,4979.7,28305
20260216,193000,4979.71,4990.45,4973.235,4988.37,18596
20260216,203000,4988.375,4996.195,4988.22,4991.765,9099
20260216,213000,4991.865,4997.975,4988.645,4994.59,8854
20260216,223000,4994.61,4996.525,4990.425,4992.005,5817
20260217,023000,4997.26,5001.24,4985.185,4989.925,13061
20260217,033000,4989.855,4991.515,4932.235,4936.04,33175
20260217,043000,4936.1,4964.1,4922.895,4957.605,35808
20260217,053000,4957.485,4971.55,4954.875,4967.125,16827
20260217,063000,4967.13,4970.215,4949.76,4956.87,20292
20260217,073000,4956.86,4960.455,4946.71,4953.03,15637
20260217,083000,4952.995,4954.49,4859.2,4888.94,58772
20260217,093000,4889,4914.295,4886.6,4910.355,26718
20260217,103000,4910.38,4922.365,4903.87,4917.1,26854
20260217,113000,4917.085,4930.425,4916.26,4920.78,23918
20260217,123000,4920.75,4932.67,4913.365,4926.09,22331
20260217,133000,4926.03,4939.4,4907.885,4913.385,22317
20260217,143000,4913.665,4931.24,4913.34,4929.4,21867
20260217,153000,4929.54,4944.7,4928.44,4932.255,28326
20260217,163000,4932.28,4933.545,4869.965,4870.96,51950
20260217,173000,4870.92,4907.235,4842.6,4863.325,102688
20260217,183000,4863.205,4882.64,4849.17,4878.6,109771
20260217,193000,4878.605,4894.005,4868.655,4869.33,78403
20260217,203000,4869.38,4871.49,4850.09,4865.095,88804
20260217,213000,4865.1,4910.9,4862.395,4899.165,61700
20260217,223000,4899.19,4901.295,4876.45,4880.515,55408
20260217,233000,4880.52,4884.355,4873.59,4877.79,58134
20260218,003000,4877.86,4886.965,4875.145,4877.855,8720
20260218,023000,4871.135,4884.845,4854.24,4859.44,22299
20260218,033000,4859.42,4883.4,4858.37,4875.01,28666
20260218,043000,4874.815,4893.55,4874.65,4889.98,23707
20260218,053000,4890.02,4907.515,4886.475,4905.35,15490
20260218,063000,4905.355,4922.345,4904.25,4920.855,15765
20260218,073000,4920.86,4940.89,4918.415,4934.235,15872
20260218,083000,4934.265,4939.8,4929.97,4933.49,10293
20260218,093000,4933.655,4936.21,4925.21,4930.91,13999
20260218,103000,4930.835,4942.49,4929.19,4930.38,14533
20260218,113000,4930.345,4932.32,4916.815,4917.25,17436
20260218,123000,4917.28,4923.28,4913.075,4917.425,16216
20260218,133000,4917.465,4924.755,4909.345,4914.65,25766
20260218,143000,4914.665,4917.79,4906.425,4913.075,13694
20260218,153000,4913.065,4947.105,4912.12,4943.36,24876
20260218,163000,4943.345,4969.1,4943.2,4954.78,37116
20260218,173000,4954.79,4994.51,4952.34,4991.795,61390
20260218,183000,4991.71,5009.035,4991.49,4997.95,58922
20260218,193000,4997.99,5010.915,4991.445,5000.555,48229
20260218,203000,5000.625,5001.97,4993.5,4999.195,28204
20260218,213000,4999.185,5003.27,4980.55,4987.445,50531
20260218,223000,4987.45,4995.56,4972.87,4980.715,56565
20260218,233000,4980.585,4987.555,4975.615,4984.96,52377
20260219,003000,4984.93,4986.375,4975.56,4977.26,4413
20260219,023000,4973.795,4988.86,4966.715,4976.15,18804
20260219,033000,4976.02,4976.42,4960.645,4961.42,21652
20260219,043000,4961.4,4975.63,4960.785,4973.14,19513
20260219,053000,4973.08,4977.465,4965.825,4968.345,13804
20260219,063000,4968.365,4983.48,4966.475,4981.675,13921
20260219,073000,4981.58,4985.69,4977.09,4984.45,11372
20260219,083000,4984.42,4998.94,4984.42,4997.28,11473
20260219,093000,4997.275,5020.29,4996.765,5018.41,15958
20260219,103000,5018.405,5021.805,5008.815,5010.305,13633
20260219,113000,5010.33,5022.17,5006.31,5017.085,21946
20260219,123000,5017.23,5020.565,4993.215,4995.67,20823
20260219,133000,4995.62,4996.25,4981.45,4993.405,25227
20260219,143000,4993.41,4996.48,4977.98,4984.715,20125
20260219,153000,4984.725,4992.905,4980.765,4984.97,19597
20260219,163000,4985.02,4998.81,4971.125,4997.17,31715
20260219,173000,4997.12,5010.44,4963.445,5005.795,65666
20260219,183000,5005.89,5022.385,4996.095,5013.83,77671
20260219,193000,5013.865,5014.445,4990.22,4995.15,36757
20260219,203000,4995.23,5001.905,4982.84,4985.165,34350
20260219,213000,4985.2,4989.7,4975.41,4981.87,40238
20260219,223000,4981.875,4990.495,4978.325,4987.88,33230
20260219,233000,4987.935,5003.545,4987.915,5001.84,43358
20260220,003000,5001.84,5004.225,4992.065,4996.49,5082
20260220,023000,5000.805,5008.24,4985.56,4987.795,15276
20260220,033000,4987.955,5007.185,4985.435,5006.645,15310
20260220,043000,5006.635,5014.865,4995.475,4997.145,18458
20260220,053000,4997.135,5007.68,4992.9,4996.29,12599
20260220,063000,4996.35,4999.265,4981.67,4988.69,12057
20260220,073000,4988.7,5003.815,4986.96,4999.885,7377
20260220,083000,4999.925,5012.185,4997.915,5012.185,10502
20260220,093000,5012.09,5030.145,5011.89,5020.79,20461
20260220,103000,5020.745,5028.36,5006.145,5006.58,20150
20260220,113000,5006.605,5031.215,5004.97,5028.995,18840
20260220,123000,5029.2,5042.74,5027.625,5027.635,18570
20260220,133000,5027.67,5038.66,5019.52,5034.62,18804
20260220,143000,5034.615,5034.9,5015.585,5017.435,14608
20260220,153000,5017.405,5026.675,5007.285,5025.185,26318
20260220,163000,5025.19,5048.885,5018.145,5043.48,41572
20260220,173000,5043.5,5060.655,5037.31,5054.495,62250
20260220,183000,5054.65,5064.33,4990.585,5042.805,145769
20260220,193000,5042.515,5069.475,5038.835,5066.765,77125
20260220,203000,5066.745,5076.465,5054.555,5073.12,70543
20260220,213000,5073.06,5075.16,5053.79,5071.52,70369
20260220,223000,5071.525,5079.81,5068.785,5079.265,31777
20260220,233000,5079.26,5098.215,5077.01,5097.02,50082
20260221,003000,5097,5108.72,5091.8,5108.255,12440
20260223,023000,5118.71,5172.315,5117.815,5165.785,35817
20260223,033000,5165.79,5166.89,5129.61,5144.65,50829
20260223,043000,5144.84,5167.935,5139.885,5157.345,39468
20260223,053000,5157.375,5176.95,5156.765,5173.72,26656
20260223,063000,5173.69,5176.05,5151.775,5166.85,24200
20260223,073000,5166.84,5168.855,5155.44,5160.955,16190
20260223,083000,5160.9,5161.86,5152.165,5158.36,16340
20260223,093000,5158.35,5161.755,5145.13,5145.88,17576
20260223,103000,5145.93,5154.375,5125.19,5136.835,34467
20260223,113000,5136.785,5142.225,5122.22,5140.37,24189
20260223,123000,5140.31,5150.165,5139.16,5149.5,21327
20260223,133000,5149.59,5163.655,5145.16,5162.925,28211
20260223,143000,5162.985,5163.5,5146.36,5149.85,20272
20260223,153000,5149.78,5165.555,5145.535,5164.215,27470
20260223,163000,5164.2,5165.565,5143.85,5146.375,27612
20260223,173000,5146.325,5200.665,5141.615,5192.825,55471
20260223,183000,5192.69,5205.17,5180.72,5195.97,62781
20260223,193000,5195.905,5219.215,5175.805,5210.16,60844
20260223,203000,5210.545,5213.575,5191.275,5208.06,59375
20260223,213000,5208.09,5215.925,5201.015,5209.48,43433
20260223,223000,5209.525,5218.44,5206.65,5215.635,35138
20260223,233000,5215.69,5237.95,5214.875,5236.5,46691
20260224,003000,5236.5,5237.415,5226.43,5226.87,11220
20260224,023000,5244.98,5250.005,5233.83,5235.81,23701
20260224,033000,5235.87,5238.18,5217.52,5224.185,34133
20260224,043000,5224.19,5224.4,5145.135,5177.375,93959
20260224,053000,5177.38,5190.965,5165.46,5189.99,37847
20260224,063000,5189.905,5191.95,5171.02,5172.09,23041
20260224,073000,5172.025,5175.36,5161.12,5168.3,18797
20260224,083000,5168.21,5185.88,5164.15,5182.475,29196
20260224,093000,5182.47,5185.24,5155.905,5173.635,29781
20260224,103000,5173.64,5184.15,5164.25,5179.4,33026
20260224,113000,5179.18,5181.955,5165.21,5173.64,22319
20260224,123000,5173.5,5180.55,5166.565,5171.595,11433
20260224,133000,5171.55,5181.49,5163.355,5172.92,17586
20260224,143000,5172.97,5178.67,5171.02,5172.805,13127
20260224,153000,5172.795,5173.58,5145.01,5150.77,32369
20260224,163000,5151.105,5161.485,5111,5115.145,58424
20260224,173000,5115.14,5139.38,5093.225,5127.885,97691
20260224,183000,5127.9,5155.375,5117.875,5150.385,69737
20260224,193000,5150.39,5152.33,5130.68,5141.975,44870
20260224,203000,5141.95,5163.86,5141.685,5163.78,34112
20260224,213000,5163.715,5170.37,5153.575,5160.125,34437
20260224,223000,5160.12,5160.55,5146.39,5153.995,32662
20260224,233000,5154,5173.31,5146.65,5164.095,41012
20260225,003000,5164.02,5165.51,5139.88,5143.925,15468
20260225,023000,5135.495,5152.46,5128.285,5146.75,17741
20260225,033000,5146.76,5156.445,5136.85,5152.375,21974
20260225,043000,5152.37,5189.895,5144.185,5176.685,47935
20260225,053000,5176.66,5193.835,5166.495,5180.72,33019
20260225,063000,5181.045,5190.495,5178.125,5182,23656
20260225,073000,5181.95,5185.07,5171.815,5182.84,10406
20260225,083000,5182.845,5210.68,5182.69,5201.705,25705
20260225,093000,5201.72,5201.73,5182.455,5194.66,31237
20260225,103000,5194.64,5195.155,5180.325,5184.6,17530
20260225,113000,5184.625,5197.265,5184.185,5185.515,18111
20260225,123000,5185.465,5194.595,5176.635,5193.295,25497
20260225,133000,5193.3,5195.285,5169.84,5175.275,21450
20260225,143000,5175.27,5182.685,5155.095,5181.695,25313
20260225,153000,5181.645,5187.495,5177.33,5182.825,21652
20260225,163000,5182.805,5191.415,5181.1,5185.205,31498
20260225,173000,5185.175,5193.315,5158.645,5191.175,54356
20260225,183000,5191.095,5202.795,5172.2,5194.875,59357
20260225,193000,5194.805,5214.02,5189.87,5212.245,36518
20260225,203000,5212.325,5217.78,5203.7,5206.945,37632
20260225,213000,5206.96,5207.645,5200.55,5202.31,12388
20260225,223000,5202.4,5208.445,5191.695,5205.07,35579
20260225,233000,5205.085,5206.305,5144.905,5152.55,57007
20260226,003000,5152.51,5173.67,5150.58,5163.58,24292
20260226,023000,5173.57,5182.18,5161.46,5163.27,24927
20260226,033000,5163.275,5192.205,5155.13,5188.45,36197
20260226,043000,5188.455,5198.455,5178.53,5191.5,53582
20260226,053000,5191.495,5195.82,5174.07,5184.425,37107
20260226,063000,5184.42,5193.835,5182.88,5192.735,22341
20260226,073000,5192.725,5199.49,5190.415,5192.77,15365
20260226,083000,5192.81,5205.64,5189.935,5198.365,27350
20260226,093000,5198.395,5199.82,5190.41,5193.32,23039
20260226,103000,5193.365,5194.935,5179.725,5186.105,20697
20260226,113000,5186.025,5191.12,5167.7,5179.585,36082
20260226,123000,5179.28,5189.65,5174.05,5186.49,26200
20260226,133000,5186.485,5190.335,5165.75,5171.535,23919
20260226,143000,5171.505,5178.495,5161.05,5164.88,21296
20260226,153000,5164.91,5188.095,5157.87,5183.86,30896
20260226,163000,5183.855,5185.73,5164.375,5165.995,42110
20260226,173000,5165.985,5176.33,5140.14,5164.98,83741
20260226,183000,5164.535,5192.955,5130.235,5185.775,101609
20260226,193000,5185.82,5187.335,5172.96,5179.565,57346
20260226,203000,5179.61,5190.46,5162.025,5167.345,52142
20260226,213000,5167.49,5186.135,5160.53,5180.56,47897
20260226,223000,5180.555,5194.08,5179.675,5187,27532
20260226,233000,5187.01,5201.005,5186.74,5196.62,35807
20260227,003000,5196.62,5200.755,5182.945,5185.17,7534
20260227,023000,5182.035,5189.5,5179.005,5184.76,12058
20260227,033000,5184.74,5195.03,5170.115,5175.1,27040
20260227,043000,5175.12,5194.79,5166.995,5194.41,40019
20260227,053000,5194.47,5199.845,5173.59,5183.77,39245
20260227,063000,5183.7,5190.9,5181.175,5183.975,20620
20260227,073000,5183.98,5188.785,5181.015,5181.795,10563
20260227,083000,5181.805,5200.64,5181.58,5197.815,23178
20260227,093000,5197.83,5199.47,5185.065,5185.77,31212
20260227,103000,5185.725,5189.845,5175.795,5176.035,23133
20260227,113000,5176.2,5182.435,5174.38,5178.86,17175
20260227,123000,5178.855,5182.815,5172.225,5176.11,16635
20260227,133000,5176.145,5180.985,5168.685,5177.725,18780
20260227,143000,5177.69,5185.715,5172.66,5185.715,14040
20260227,153000,5185.73,5190.69,5183.12,5187.695,19326
20260227,163000,5187.705,5240.825,5186.895,5223.22,75601
20260227,173000,5223.17,5236.665,5213.935,5223.76,75685
20260227,183000,5223.595,5246.83,5214.97,5239.475,75976
20260227,193000,5239.48,5257.75,5221.89,5229.325,66080
20260227,203000,5229.32,5237.01,5220.76,5234.74,59032
20260227,213000,5234.75,5246.98,5222.665,5245.34,45480
20260227,223000,5245.35,5252.43,5240.205,5250.095,36904
20260227,233000,5250.135,5265.6,5248.735,5263.47,51220
20260228,003000,5263.455,5281.155,5257.32,5278.51,15539
20260302,023000,5368.53,5394.005,5329.785,5387.085,70555
20260302,033000,5387.08,5388.3,5341.28,5347.58,70631
20260302,043000,5347.57,5347.71,5303.39,5325.44,110116
20260302,053000,5325.34,5352.04,5317.325,5346.67,47508
20260302,063000,5346.72,5366.93,5344.415,5366.46,30263
20260302,073000,5366.625,5367.325,5345.16,5356.12,19179
20260302,083000,5356.2,5366.395,5340.82,5366.04,23763
20260302,093000,5366.045,5390.21,5363.835,5387.7,32213
20260302,103000,5387.69,5419.66,5385.035,5408.175,43926
20260302,113000,5408.155,5416.945,5391.39,5394.145,39741
20260302,123000,5394.11,5403.27,5386.09,5392.11,30761
20260302,133000,5392.115,5401.045,5379.055,5389.435,29379
20260302,143000,5389.445,5400.215,5374.37,5385.41,26633
20260302,153000,5385.43,5398.92,5378.96,5397.15,37429
20260302,163000,5397.195,5417.045,5381.965,5394.08,75462
20260302,173000,5394.1,5395.375,5306.51,5334.355,125850
20260302,183000,5334.125,5349.165,5308.27,5315.605,127883
20260302,193000,5315.545,5315.55,5260.285,5290.205,124033
20260302,203000,5290.235,5320.92,5287.11,5306.995,59759
20260302,213000,5306.99,5316.665,5289.87,5315.515,46583
20260302,223000,5315.54,5334.185,5313.875,5330.65,32525
20260302,233000,5330.685,5346.585,5328.44,5332.69,60838
20260303,003000,5332.63,5340.565,5321.705,5321.935,22397
20260303,023000,5344.96,5347.215,5329.3,5345.89,17731
20260303,033000,5345.95,5362.29,5336.98,5350.32,27500
20260303,043000,5350.345,5379.975,5338.02,5339.67,64094
20260303,053000,5339.69,5368.065,5332.94,5367.015,50275
20260303,063000,5367.025,5373.535,5358.94,5367.525,31918
20260303,073000,5367.535,5375.865,5359.515,5361.21,21032
20260303,083000,5361.145,5367.28,5305.1,5319.32,57239
20260303,093000,5319.36,5323.42,5279.005,5310.69,72140
20260303,103000,5310.705,5331.32,5306.095,5327.745,40503
20260303,113000,5327.735,5336.12,5290.085,5295.9,51530
20260303,123000,5295.835,5304.155,5225.57,5275.345,71476
20260303,133000,5275.28,5288.07,5237.96,5248.5,62631
20260303,143000,5248.49,5264.17,5073.135,5144.925,117901
20260303,153000,5144.95,5227.08,5138.915,5224.46,73536
20260303,163000,5224.575,5224.625,5127.6,5156.895,104555
20260303,173000,5156.885,5175.7,5016.125,5039.065,134677
20260303,183000,5039.085,5097.12,4996.275,5095.76,155953
20260303,193000,5095.755,5134.82,5090.715,5107.435,121566
20260303,203000,5107.45,5109.915,5065.5,5079.63,87273
20260303,213000,5079.545,5138.44,5079.375,5136.11,77298
20260303,223000,5136.13,5149.055,5099.43,5113.395,81832
20260303,233000,5113.385,5130.67,5086.21,5097.52,77718
20260304,003000,5097.525,5110.66,5083.45,5088.835,17005
20260304,023000,5106.335,5130.105,5105.37,5125.44,29829
20260304,033000,5125.43,5140.605,5105.72,5139.095,34447
20260304,043000,5139.075,5178.82,5139.055,5175.155,81160
20260304,053000,5175.075,5191.065,5154.07,5156.48,60915
20260304,063000,5156.49,5177.835,5141.14,5174.465,46440
20260304,073000,5174.455,5181.01,5151.77,5156.93,39304
20260304,083000,5157.265,5168.47,5152.095,5160.09,53909
20260304,093000,5160.095,5161.015,5117.72,5160.625,58595
20260304,103000,5160.6,5176.065,5158.55,5168.37,41720
20260304,113000,5168.345,5182.335,5147.64,5167.775,38225
20260304,123000,5167.73,5185.4,5159.33,5182.51,35322
20260304,133000,5182.53,5202.425,5179.725,5190.135,43870
20260304,143000,5190.17,5200.79,5187.645,5192.205,31475
20260304,153000,5192.21,5206.265,5156.51,5171.335,49306
20260304,163000,5171.315,5196.52,5167.53,5167.965,65515
20260304,173000,5167.99,5185.33,5138.98,5147.475,106943
20260304,183000,5146.005,5167.045,5131.34,5151.595,113482
20260304,193000,5151.49,5162.675,5138.28,5149.67,74036
20260304,203000,5149.675,5152.99,5120.285,5141.285,65785
20260304,213000,5141.23,5143.695,5108.64,5134.06,58880
20260304,223000,5134.055,5139.695,5123.385,5138.015,39254
20260304,233000,5137.975,5146.945,5123.785,5134.81,43842
20260305,003000,5134.835,5144.155,5129.595,5140.945,11805
20260305,023000,5152.485,5166.33,5144.86,5165.365,10816
20260305,033000,5165.375,5180.1,5159.35,5172.695,17159
20260305,043000,5172.69,5186.575,5167.665,5172.85,55838
20260305,053000,5172.8,5192.62,5171.895,5192.21,36344
20260305,063000,5192.155,5195.22,5178.35,5180.35,25273
20260305,073000,5180.325,5186.81,5166.315,5171.61,18128
20260305,083000,5171.615,5176.925,5148.41,5148.755,26624
20260305,093000,5148.755,5168.95,5120.785,5167.79,62973
20260305,103000,5167.74,5172.94,5158.8,5162.195,32483
20260305,113000,5162.11,5170.25,5137.54,5165.625,44806
20260305,123000,5165.63,5180.48,5152.48,5161.26,49443
20260305,133000,5161.255,5167.845,5146.24,5164.635,32549
20260305,143000,5164.685,5168.02,5156.955,5164.035,23169
20260305,153000,5164.05,5171.54,5160.755,5162.635,28087
20260305,163000,5162.615,5164.11,5081.23,5118.085,83449
20260305,173000,5118.09,5130.005,5090.54,5102.305,112582
20260305,183000,5102.3,5119.965,5060.625,5102.63,115399
20260305,193000,5102.635,5104.76,5054.22,5077.735,95017
20260305,203000,5077.74,5089.5,5055.065,5062.87,101822
20260305,213000,5062.75,5085.525,5050.905,5069.41,89425
20260305,223000,5069.395,5081.325,5055.775,5066.14,83620
20260305,233000,5066.145,5094.925,5061.805,5076.855,84125
20260306,003000,5076.9,5085.19,5072.29,5081.38,11639
20260306,023000,5090.81,5102.525,5082.155,5086.155,19126
20260306,033000,5086.075,5092.545,5074.22,5084.95,25671
20260306,043000,5084.895,5144.05,5066.4,5134.575,65873
20260306,053000,5134.44,5138.58,5122.075,5126.37,35444
20260306,063000,5126.345,5141.64,5124.44,5131.21,22210
20260306,073000,5131.2,5136.485,5126.25,5127.65,13672
20260306,083000,5127.53,5130.38,5114.23,5117.63,30373
20260306,093000,5117.595,5123.115,5109.25,5115.78,24525
20260306,103000,5115.84,5120.82,5105.72,5119.695,26003
20260306,113000,5119.7,5123.16,5096.54,5108.8,31738
20260306,123000,5108.805,5109.75,5083.33,5085.715,46571
20260306,133000,5085.77,5093.35,5075.66,5091.13,39934
20260306,143000,5091.165,5099.735,5063.215,5077.28,44927
20260306,153000,5077.34,5096.725,5076.43,5083.295,43935
20260306,163000,5083.29,5131.245,5065.5,5085.12,104090
20260306,173000,5085.17,5132.44,5080.905,5130.2,122051
20260306,183000,5130.18,5171.89,5127.96,5141.835,120681
20260306,193000,5141.84,5153.3,5125.865,5140.125,95291
20260306,203000,5140.225,5152.585,5129.02,5141.01,74621
20260306,213000,5141.015,5167.875,5138.88,5161.08,58310
20260306,223000,5161.07,5174.67,5156.79,5159.73,49855
20260306,233000,5159.9,5162.63,5149.34,5153.345,52291
20260307,003000,5153.34,5176.63,5150.99,5171.5,14225
20260309,013000,5171.95,5171.95,5104.345,5130.31,71421
20260309,023000,5130.31,5136.2,5044.14,5076.01,70592
20260309,033000,5076.02,5081.36,5028.54,5050.03,74218
20260309,043000,5049.625,5087.895,5015.045,5070.165,106788
20260309,053000,5070.235,5099.21,5055.21,5094.655,73031
20260309,063000,5095.515,5102.255,5081.87,5091.275,37989
20260309,073000,5091.295,5097.225,5085.36,5090.36,26988
20260309,083000,5090.35,5140.79,5081.185,5124.2,65515
20260309,093000,5124.185,5134.075,5097.22,5097.975,62711
20260309,103000,5097.97,5108.03,5088.265,5099.085,41871
20260309,113000,5099.145,5111.055,5087.07,5096.725,47348
20260309,123000,5096.71,5132.765,5095.085,5105.39,55405
20260309,133000,5105.4,5111.32,5083.845,5087.335,47636
20260309,143000,5087.3,5097.52,5079.93,5088.305,50267
20260309,153000,5088.29,5112.505,5088.29,5095.07,41592
20260309,163000,5095.075,5111.52,5067.42,5074.39,100612
20260309,173000,5074.44,5116.28,5060.595,5094.125,127458
20260309,183000,5094.01,5103.54,5079.585,5099.79,74241
20260309,193000,5099.885,5110.715,5094.76,5104.74,49933
20260309,203000,5104.76,5106.99,5089.135,5096.12,44696
20260309,213000,5096.07,5126.645,5092.51,5123.46,34785
20260309,223000,5123.535,5144.325,5118.375,5141.21,71122
20260309,233000,5141.265,5148.205,5134.4,5137.91,17888
20260310,013000,5128.805,5153.285,5117.355,5153.22,23448
20260310,023000,5153.265,5156.21,5135.64,5139.805,28222
20260310,033000,5139.61,5141.435,5124.89,5131.225,33637
20260310,043000,5131.155,5186.455,5124.835,5184.24,70871
20260310,053000,5184.245,5187.055,5164,5166.065,42266
20260310,063000,5166.055,5173.48,5155.56,5157.615,29278
20260310,073000,5157.555,5166.645,5154.47,5163.845,13938
20260310,083000,5163.84,5179.35,5163.815,5177.87,16199
20260310,093000,5178.08,5181.1,5171.84,5175.34,16942
20260310,103000,5175.325,5181.755,5158.395,5181.205,30215
20260310,113000,5181.155,5195.405,5175.005,5183.48,30231
20260310,123000,5183.58,5189.505,5180.58,5182.755,26876
20260310,133000,5182.76,5183.91,5156.5,5177.18,39966
20260310,143000,5177.225,5192.045,5171.82,5175.26,37107
20260310,153000,5175.42,5189.6,5162.485,5187.085,43034
20260310,163000,5187.01,5228.925,5186.005,5205.34,59704
20260310,173000,5205.455,5214.55,5185.3,5206.845,45107
20260310,183000,5206.76,5238.775,5203.285,5228.69,33643
20260310,193000,5228.88,5235.65,5222.75,5227.58,21179
20260310,203000,5227.585,5235.55,5223.7,5227.575,38790
20260310,213000,5227.57,5228.065,5160.65,5192.05,76760
20260310,223000,5192.08,5207.865,5179.905,5198.885,63365
20260310,233000,5198.88,5199.165,5191.875,5192.51,12331
20260311,013000,5191.79,5197.985,5183.47,5189.525,14047
20260311,023000,5189.44,5197.8,5187.835,5197.375,10549
20260311,033000,5197.38,5219.59,5186.66,5215.455,20721
20260311,043000,5215.45,5223.385,5208.65,5208.66,31687
20260311,053000,5208.72,5220.64,5194.02,5217.45,27152
20260311,063000,5217.32,5220.505,5199.42,5203.44,15030
20260311,073000,5203.445,5208.81,5199.595,5204.61,9934
20260311,083000,5204.4,5208.535,5190.705,5199.84,21236
20260311,093000,5199.57,5210.97,5191.53,5197.66,25532
20260311,103000,5197.655,5202.28,5184.56,5195.845,22372
20260311,113000,5195.825,5198.695,5175.35,5187.695,19591
20260311,123000,5187.67,5197.145,5179.63,5187.66,18494
20260311,133000,5187.88,5195.425,5177.23,5186.155,16478
20260311,143000,5186.22,5193.67,5175.87,5181.415,17460
20260311,153000,5181.38,5197.175,5166.835,5167.53,32253
20260311,163000,5167.48,5183.185,5149.155,5176.855,55937
20260311,173000,5176.86,5196.315,5174.565,5183.38,58617
20260311,183000,5183.39,5185.9,5164.075,5166.605,45296
20260311,193000,5166.51,5178.15,5163.81,5175.77,53788
20260311,203000,5175.84,5181.115,5154.985,5169.845,46929
20260311,213000,5169.885,5178.395,5169.355,5172.555,31046
20260311,223000,5172.605,5183.76,5169.375,5183.29,28504
20260311,233000,5183.215,5183.595,5175.265,5176.48,7384
20260312,013000,5178.045,5178.32,5129.83,5139.13,21221
20260312,023000,5139.14,5157.94,5133.295,5134.6,34106
20260312,033000,5134.61,5161.6,5125.64,5153.205,37181
20260312,043000,5153.2,5173.16,5151.435,5168.835,52489
20260312,053000,5168.705,5175.15,5145.935,5150.88,43512
20260312,063000,5150.955,5155.82,5147.405,5153.155,24873
20260312,073000,5153.255,5154.02,5140.62,5142.7,9476
20260312,083000,5142.76,5157.93,5137.17,5154.675,23082
20260312,093000,5154.66,5170.39,5147.4,5166.32,23764
20260312,103000,5166.325,5185.23,5164.52,5182.385,18042
20260312,113000,5182.38,5189.86,5175.88,5178.22,19235
20260312,123000,5178.205,5190.5,5174.43,5188.385,17860
20260312,133000,5188.35,5191.79,5175.965,5182.47,19019
20260312,143000,5182.445,5183.87,5172.875,5179.15,16702
20260312,153000,5179.18,5185.875,5163.685,5181.625,36072
20260312,163000,5181.575,5186.145,5146.085,5151.45,57612
20260312,173000,5151.48,5163.72,5138.475,5142.92,52139
20260312,183000,5142.71,5144.99,5109.85,5132.485,57028
20260312,193000,5132.485,5138.175,5121.23,5123.55,51748
20260312,203000,5123.495,5129.87,5102.615,5105.485,66258
20260312,213000,5105.49,5112.84,5090.885,5094.49,53243
20260312,223000,5094.48,5097.005,5079.37,5084.985,47543
20260312,233000,5085.02,5090.925,5055.125,5079.255,22324
20260313,013000,5083.865,5096.33,5077.79,5096.03,11461
20260313,023000,5096.055,5101.35,5088.97,5098.13,16465
20260313,033000,5098.135,5115.4,5097.48,5113.78,15111
20260313,043000,5113.95,5124.535,5108.72,5124.28,33528
20260313,053000,5124.35,5128.475,5110.455,5112.245,20486
20260313,063000,5112.225,5116.735,5106.42,5115.76,16000
20260313,073000,5115.62,5118.175,5102.825,5104.59,8430
20260313,083000,5104.82,5111.26,5098.415,5103.175,19489
20260313,093000,5103.165,5107.94,5085.665,5088.34,37428
20260313,103000,5088.18,5094.265,5071.935,5085.47,22755
20260313,113000,5085.465,5088.19,5061.72,5087.55,26593
20260313,123000,5087.485,5097.165,5083.36,5089.755,15484
20260313,133000,5089.675,5098.375,5079.94,5094.965,12794
20260313,143000,5095.065,5107.995,5086.385,5107.835,15141
20260313,153000,5107.84,5122.01,5104.365,5118.3,29732
20260313,163000,5118.335,5121.265,5096.57,5102.24,34087
20260313,173000,5102.21,5108.135,5035.535,5042.025,66334
20260313,183000,5042.03,5071.505,5031.015,5034.925,67777
20260313,193000,5034.775,5053.25,5019.2,5046.045,53093
20260313,203000,5045.955,5064.08,5043.555,5046.465,55955
20260313,213000,5046.445,5051.88,5036.26,5046.655,47942
20260313,223000,5046.67,5049.965,5009.745,5016.735,52150
20260313,233000,5016.77,5025.645,5012.505,5020.6,16889
20260316,013000,5014.955,5031.005,5000.91,5024.97,25178
20260316,023000,5025.05,5026.335,4967.775,4997.655,49936
20260316,033000,4997.64,5030.98,4996.69,5026.005,49565
20260316,043000,5026.02,5026.66,4982.675,5016.355,77902
20260316,053000,5016.3,5019.065,4997.895,5003.67,40895
20260316,063000,5003.61,5021.01,4998.21,5019.165,26248
20260316,073000,5019.15,5026.505,5012.575,5013.05,11316
20260316,083000,5013.045,5020.37,5003.41,5017.59,26530
20260316,093000,5017.57,5036.01,5005.405,5012.3,31623
20260316,103000,5012.57,5016.59,4991.895,4995.615,28398
20260316,113000,4995.6,5003.63,4985.115,4991.305,33750
20260316,123000,4991.135,4991.805,4972.535,4975.565,30533
20260316,133000,4975.575,4999.69,4970.23,4998.95,25447
20260316,143000,4998.91,5022.825,4992.78,4997.31,28262
20260316,153000,4997.335,5025.585,4994.55,5020.06,36249
20260316,163000,5020.055,5034.53,5013.885,5029.94,52808
20260316,173000,5029.88,5038.145,4988.09,4996.065,58050
20260316,183000,4996.07,5005.91,4983.89,4987.095,38821
20260316,193000,4987.07,4998.8,4974.235,4990.74,48104
20260316,203000,4990.78,5003.9,4984.015,4991.265,55631
20260316,213000,4991.26,5017.905,4990.045,5012.92,40181
20260316,223000,5012.935,5020.465,5008.235,5013.085,40552
20260316,233000,5013.08,5021.835,5004.8,5006.565,9996
20260317,013000,5011.11,5016.185,4998.685,5002.525,14338
20260317,023000,5002.425,5015.61,5002.13,5012.93,14532
20260317,033000,5012.925,5014.2,4998.29,5003.03,31205
20260317,043000,5002.91,5028.195,4994.935,5027.965,46626
20260317,053000,5027.935,5029.98,5019.85,5022.815,29902
20260317,063000,5022.77,5033.76,5020.93,5027.74,19536
20260317,073000,5027.72,5042.185,5026.185,5038.05,18510
20260317,083000,5038.045,5044.9,5020.12,5020.83,32775
20260317,093000,5020.92,5023.065,5005.04,5010.09,40716
20260317,103000,5010.115,5028.2,5009.18,5021.46,19223
20260317,113000,5021.455,5029.625,5018.685,5024.95,21272
20260317,123000,5024.905,5026.055,5010.165,5010.52,19772
20260317,133000,5010.505,5016.615,4992.06,5000.415,27106
20260317,143000,5000.4,5011.635,4996.925,5003.375,16974
20260317,153000,5003.38,5023.935,4999.485,5011.905,24841
20260317,163000,5011.9,5031.59,5005.59,5016.755,41711
20260317,173000,5016.745,5020.675,5002.965,5007.78,49389
20260317,183000,5007.73,5017.65,4973.72,4997.98,52091
20260317,193000,4998.005,5006.03,4991.705,5002.06,41764
20260317,203000,5002.05,5008.8,4996.695,5002.56,35716
20260317,213000,5002.57,5009.21,4999.935,5003.89,27914
20260317,223000,5003.885,5005.75,4996.445,5000.405,32470
20260317,233000,5000.445,5006.645,5000,5005.725,6718
20260318,013000,5001.96,5005.27,4993.39,4999.865,7324
20260318,023000,4999.915,5003.82,4999,5002.9,5866
20260318,033000,5002.885,5012.24,5000.315,5004.32,15196
20260318,043000,5004.3,5016.29,4991.455,4998.785,39840
20260318,053000,4998.83,5007.105,4990.615,4992.025,30266
20260318,063000,4992,4997.6,4986.305,4991.57,24315
20260318,073000,4991.575,4993.66,4981.83,4987.2,13150
20260318,083000,4987.17,5002.845,4984.8,4997.745,25469
20260318,093000,4997.74,5016.53,4996.19,5009.51,27636
20260318,103000,5009.64,5015.14,4990.515,4995.195,18688
20260318,113000,4995.175,4997.115,4977.455,4987.645,25940
20260318,123000,4987.645,4995.85,4984.87,4992.265,13931
20260318,133000,4992.27,4992.27,4958.83,4967.955,27079
20260318,143000,4968.07,4974.135,4924.88,4930.25,53974
20260318,153000,4930.305,4932.645,4870.87,4881.815,83392
20260318,163000,4881.78,4885.69,4834.38,4878.61,120429
20260318,173000,4878.655,4894.67,4856.795,4869.76,76973
20260318,183000,4869.885,4880.27,4861.29,4862.57,36705
20260318,193000,4862.52,4890.485,4861.085,4886.95,40353
20260318,203000,4887,4899.165,4883.97,4891.045,45852
20260318,213000,4891.05,4899.46,4852.505,4853.17,75810
20260318,223000,4853.155,4865.6,4838.35,4843.285,72920
20260318,233000,4843.25,4848.94,4806.845,4818.415,27623
20260319,013000,4824.645,4839.135,4804.225,4834.57,29951
20260319,023000,4834.66,4842.39,4828.435,4836.84,27012
20260319,033000,4836.855,4848.87,4835.475,4841.38,33659
20260319,043000,4841.385,4867.225,4832.995,4849.94,55015
20260319,053000,4849.915,4862.325,4841.49,4858.82,40524
20260319,063000,4858.77,4866.21,4850.84,4851,28294
20260319,073000,4851.01,4853.995,4845.84,4849.87,16444
20260319,083000,4849.86,4853.885,4827.125,4827.63,39848
20260319,093000,4827.62,4842.41,4747.72,4763.695,77045
20260319,103000,4763.54,4784.595,4727.25,4728.095,52853
20260319,113000,4728.065,4740.49,4686.885,4709.635,91015
20260319,123000,4709.64,4726.02,4687.79,4699.21,95455
20260319,133000,4699.2,4719.865,4666.81,4679.225,72865
20260319,143000,4679.26,4699.63,4651.16,4651.885,67805
20260319,153000,4651.84,4654.25,4531.275,4574.815,123954
20260319,163000,4574.745,4621.305,4502.365,4620.99,185308
20260319,173000,4621.025,4649.31,4581.345,4601.82,164708
20260319,183000,4601.83,4639.055,4566.19,4596.475,130921
20260319,193000,4596.46,4626.865,4576.99,4584.95,107966
20260319,203000,4584.94,4630.01,4573.915,4616.175,103335
20260319,213000,4616.205,4623.24,4596.115,4623.1,80684
20260319,223000,4623.13,4663.63,4623.095,4644.06,127215
20260319,233000,4644.04,4662.08,4643.07,4650.72,26043
20260320,013000,4659.99,4677.205,4636.27,4636.455,28718
20260320,023000,4636.465,4648.355,4634.355,4643.815,26153
20260320,033000,4643.745,4665.1,4642.16,4648.745,32930
20260320,043000,4648.74,4699.53,4639.42,4677.3,71832
20260320,053000,4677.355,4703.785,4670.575,4698.5,50632
20260320,063000,4698.47,4736.175,4693.225,4725.93,44533
20260320,073000,4725.935,4727.725,4715.145,4721.82,17626
20260320,083000,4721.845,4723.835,4685.6,4688.335,44381
20260320,093000,4688.34,4701.16,4661.305,4669.22,54566
20260320,103000,4669.195,4707.915,4667.95,4706.43,29337
20260320,113000,4706.435,4734.96,4684.805,4693.85,36890
20260320,123000,4693.855,4700.65,4660.06,4667.73,39881
20260320,133000,4667.755,4670.2,4638.195,4645.465,51823
20260320,143000,4645.405,4674.29,4637.245,4671.9,47668
20260320,153000,4671.915,4695.705,4661.81,4678.445,76052
20260320,163000,4678.42,4679.615,4613.025,4616.64,125732
20260320,173000,4616.555,4622.74,4548.035,4563.96,156787
20260320,183000,4563.935,4580.43,4540.785,4553.61,117447
20260320,193000,4553.27,4614.065,4552.04,4583.105,101490
20260320,203000,4583.155,4600.885,4554.785,4573.675,106662
20260320,213000,4573.685,4578.685,4477.54,4500.025,104248
20260320,223000,4500.05,4517,4485.51,4501.73,127276
20260320,233000,4501.81,4514.81,4493.66,4497.48,45558
20260323,013000,4472.24,4536.415,4471.95,4498.255,36460
20260323,023000,4498.28,4511.11,4452.08,4464.8,45031
20260323,033000,4464.98,4473.16,4319.92,4354.325,129359
20260323,043000,4354.13,4454.51,4330.325,4388.005,163215
20260323,053000,4387.985,4422.36,4354.68,4360.86,119534
20260323,063000,4360.865,4378.335,4334.795,4352.99,88255
20260323,073000,4352.99,4382.22,4349.91,4367.97,57324
20260323,083000,4367.92,4380.155,4302.165,4310.315,91708
20260323,093000,4310.305,4310.52,4163.07,4220.705,153578
20260323,103000,4220.68,4232.57,4099.125,4204.44,163677
20260323,113000,4204.52,4270.955,4203.03,4251.44,126601
20260323,123000,4251.45,4308.625,4223.685,4254.29,106060
20260323,133000,4254.27,4281.985,4241.165,4269.11,81108
20260323,143000,4269.145,4463.725,4269.145,4379.43,155293
20260323,153000,4379.465,4492.925,4336.29,4478.505,172936
20260323,163000,4478.51,4486.075,4401.76,4454.165,194939
20260323,173000,4454.32,4513.165,4453.635,4462.075,174354
20260323,183000,4462.08,4487.385,4350.63,4363.87,188117
20260323,193000,4363.545,4391.925,4352.31,4375.79,171165
20260323,203000,4375.745,4439.245,4370.825,4426.225,115097
20260323,213000,4426.32,4467.27,4402.185,4449.04,96213
20260323,223000,4448.88,4450.615,4392.99,4397.99,97421
20260323,233000,4398.325,4413.34,4382.855,4406.505,32230
20260324,013000,4382.825,4431.365,4359.74,4426.855,37596
20260324,023000,4426.83,4448.355,4422.035,4441.245,40861
20260324,033000,4441.05,4446.785,4331.36,4364.59,90726
20260324,043000,4364.635,4374.555,4307.99,4322.56,117358
20260324,053000,4322.545,4379.465,4305.88,4365.94,114745
20260324,063000,4365.895,4368.22,4335.2,4347.5,75884
20260324,073000,4347.445,4357.36,4326.615,4333.595,51296
20260324,083000,4333.6,4374.06,4320.04,4347.69,89999
20260324,093000,4347.69,4405.26,4343.23,4402.56,97498
20260324,103000,4402.54,4433.31,4399.775,4417.305,89069
20260324,113000,4417.54,4421.165,4391.285,4412.02,90524
20260324,123000,4411.975,4430.995,4395.97,4426.5,65262
20260324,133000,4426.61,4441.73,4414.79,4438.67,60214
20260324,143000,4438.62,4442.245,4374.74,4408.24,90383
20260324,153000,4408.235,4427.645,4362.065,4379.115,107501
20260324,163000,4379.06,4389.89,4351.09,4381.67,158275
20260324,173000,4381.66,4434.31,4380.855,4416.165,164244
20260324,183000,4416.12,4431.085,4396.455,4411.79,128142
20260324,193000,4411.85,4427.925,4402.635,4421.485,89748
20260324,203000,4421.49,4426.69,4372.655,4388.695,122889
20260324,213000,4388.725,4423.72,4383.95,4389.735,96575
20260324,223000,4389.59,4411.61,4388.695,4400.33,72529
20260324,233000,4400.14,4484.495,4397.575,4474.275,69587
20260325,013000,4476.635,4485.445,4455.885,4484.35,37523
20260325,023000,4484.285,4551.66,4472.855,4547.015,61319
20260325,033000,4546.99,4572.18,4537.49,4563.295,62344
20260325,043000,4563.265,4601.415,4552.375,4594.93,52324
20260325,053000,4594.93,4602.645,4579.835,4583.8,42898
20260325,063000,4583.725,4586.42,4567.755,4570.035,29707
20260325,073000,4570.015,4574.985,4565.59,4573.02,16987
20260325,083000,4573.15,4573.585,4549.225,4555.78,33439
20260325,093000,4555.79,4557.1,4533.145,4545.62,40550
20260325,103000,4545.595,4563.34,4537.115,4539.675,38225
20260325,113000,4539.705,4568.235,4536.05,4556.32,49264
20260325,123000,4556.295,4567.77,4527.89,4551.94,41641
20260325,133000,4552,4562.585,4551.39,4558.87,38445
20260325,143000,4558.915,4585.6,4556.21,4578.965,42240
20260325,153000,4578.97,4583.87,4521.88,4544.095,80694
20260325,163000,4544.09,4576.755,4540.925,4544.97,104423
20260325,173000,4544.96,4579.44,4533.22,4567.34,104126
20260325,183000,4567.245,4569.375,4525.265,4559.155,88101
20260325,193000,4559.14,4565.185,4545.4,4555.135,73290
20260325,203000,4555.155,4563.945,4542.96,4550.835,55417
20260325,213000,4550.83,4569.025,4530.955,4538.295,54286
20260325,223000,4538.305,4539.74,4486.59,4530.96,63896
20260325,233000,4530.955,4542.065,4494.7,4506.845,23095
20260326,013000,4521.855,4534.83,4505.76,4517.76,31052
20260326,023000,4517.755,4518.705,4489.075,4498.115,28484
20260326,033000,4498.11,4539.065,4498.04,4535.78,42798
20260326,043000,4535.72,4544.815,4522.525,4535.895,56968
20260326,053000,4535.89,4536.21,4505.675,4508.95,40816
20260326,063000,4508.955,4518.91,4500.055,4517.165,28568
20260326,073000,4517.235,4524.25,4511.71,4520.54,12545
20260326,083000,4520.58,4522.55,4438.975,4439.045,58514
20260326,093000,4439.035,4459.77,4415.87,4456.805,81862
20260326,103000,4456.82,4463.995,4439.115,4452.895,52977
20260326,113000,4452.775,4459.455,4412.44,4428.055,86861
20260326,123000,4427.995,4436.835,4414.705,4423.88,73487
20260326,133000,4423.905,4448.435,4416.995,4443.675,63547
20260326,143000,4443.73,4456.865,4419.34,4423.24,61777
20260326,153000,4423.265,4446.145,4416.775,4429.47,71619
20260326,163000,4429.315,4461.035,4420.24,4452.84,109916
20260326,173000,4452.87,4479.895,4437.34,4465.015,130225
20260326,183000,4464.89,4469.17,4434.315,4438.415,87367
20260326,193000,4438.185,4442.785,4366.95,4389.375,101818
20260326,203000,4389.305,4402.32,4377.285,4381.575,89167
20260326,213000,4381.505,4398.045,4367.83,4394.615,73436
20260326,223000,4394.76,4399.45,4359.445,4364.065,71643
20260326,233000,4364.075,4420.75,4351.355,4378.2,90261
20260327,013000,4388.67,4415.4,4387.215,4411.33,21509
20260327,023000,4411.44,4414.44,4389.84,4405.11,19604
20260327,033000,4405.165,4411.225,4375.525,4378.76,29929
20260327,043000,4378.745,4420.485,4377.28,4417.37,44583
20260327,053000,4417.495,4440.6,4416.99,4432.22,39365
20260327,063000,4432.195,4446.33,4421.39,4437.655,27719
20260327,073000,4437.68,4449.83,4431.62,4445.955,13412
20260327,083000,4446.08,4475.3,4440.74,4454.575,34711
20260327,093000,4454.335,4473.225,4451.9,4459.605,35416
20260327,103000,4459.575,4463.14,4443.12,4447.915,29645
20260327,113000,4447.875,4451.29,4424.025,4424.51,46920
20260327,123000,4424.465,4438.58,4420.885,4429.13,37788
20260327,133000,4429.135,4433.14,4410.56,4414.915,38673
20260327,143000,4414.92,4426.57,4404.58,4420.315,39020
20260327,153000,4420.355,4445.34,4412.89,4438.01,41748
20260327,163000,4437.97,4443.905,4413.775,4431.385,76746
20260327,173000,4431.37,4514.685,4430.85,4509.71,92351
20260327,183000,4509.705,4555.63,4501.78,4524.445,100252
20260327,193000,4524.45,4533.745,4505.62,4507.355,48304
20260327,203000,4511.27,4522.27,4486.505,4486.875,65619
20260327,213000,4486.88,4528.755,4486.815,4516.855,55385
20260327,223000,4516.775,4526.315,4500.76,4514.49,55028
20260327,233000,4514.625,4520.8,4491.13,4493.685,23544
20260330,013000,4512.54,4513.55,4480.84,4484.475,41172
20260330,023000,4484.47,4492.605,4443.945,4449.04,48079
20260330,033000,4449.03,4467.01,4417.43,4432.295,90670
20260330,043000,4431.87,4475.845,4431.825,4469.895,100198
20260330,053000,4469.81,4499.69,4458.89,4481.55,56344
20260330,063000,4481.505,4518.175,4479.095,4496.15,48195
20260330,073000,4496.165,4498.96,4486.7,4497.02,29734
20260330,083000,4497.03,4528.825,4497.02,4522.53,50488
20260330,093000,4522.63,4550.855,4517.31,4532.59,48410
20260330,103000,4532.58,4535.2,4515.87,4527.585,41564
20260330,113000,4527.495,4540.58,4525.12,4538.22,37589
20260330,123000,4538.23,4540.895,4523.605,4533.14,43828
20260330,133000,4533.165,4540.2,4527.785,4532.655,29888
20260330,143000,4532.67,4580.73,4525.645,4559.87,61636
20260330,153000,4559.875,4578.11,4545.33,4569.445,50609
20260330,163000,4569.49,4578.835,4516.935,4523.535,91434
20260330,173000,4523.525,4541.545,4512.57,4538.835,114245
20260330,183000,4538.885,4556.895,4524.7,4548.355,69628
20260330,193000,4548.295,4549.82,4532.415,4539.985,57712
20260330,203000,4539.92,4542.46,4511.685,4514.955,68128
20260330,213000,4514.945,4523.135,4498.505,4499.18,45787
20260330,223000,4499.2,4518.51,4493.1,4513.64,69853
20260330,233000,4513.59,4516.525,4501.27,4510.65,15506
20260331,013000,4517.71,4519.14,4502.035,4511.07,14170
20260331,023000,4511.025,4521.915,4492.8,4514.07,40341
20260331,033000,4514.075,4548.31,4482.66,4547.935,81546
20260331,043000,4547.94,4619.255,4532.15,4605.205,100715
20260331,053000,4605.205,4607.48,4565.795,4567.965,66206
20260331,063000,4567.99,4577.26,4550.455,4557.49,48019
20260331,073000,4557.47,4569.56,4556.955,4564.925,23716
20260331,083000,4564.535,4581.94,4547.9,4568.89,38501
20260331,093000,4568.925,4569.2,4553.445,4557.565,49077
20260331,103000,4557.555,4566.105,4543.51,4564.87,38783
20260331,113000,4564.875,4575.4,4560.645,4568.755,34919
20260331,123000,4568.8,4572.735,4550.205,4555.7,39088
20260331,133000,4555.75,4561.99,4529.545,4547.05,28350
20260331,143000,4547.12,4593.365,4541.365,4582.37,68242
20260331,153000,4582.39,4597.76,4569.21,4574.82,51307
20260331,163000,4575,4609.74,4567.98,4607.35,64532
20260331,173000,4607.275,4630.42,4594.97,4599.015,96247
20260331,183000,4598.94,4625.565,4598.94,4609.565,50557
20260331,193000,4609.615,4651.585,4607.135,4638.23,97557
20260331,203000,4638.14,4667.785,4636.5,4654.38,109253
20260331,213000,4654.39,4671.37,4653.52,4667.435,65048
20260331,223000,4667.44,4685.805,4661.86,4683.02,68295
20260331,233000,4682.945,4687.335,4664.86,4667.875,24450
20260401,013000,4674.535,4696.54,4662.125,4681.28,32236
20260401,023000,4681.32,4699.975,4671.985,4696.44,26250
20260401,033000,4696.4,4722.6,4693.52,4710.92,45270
20260401,043000,4710.93,4724.52,4681.225,4692.8,83217
20260401,053000,4692.81,4700.895,4678.235,4684.84,37064
20260401,063000,4684.83,4694.43,4679.735,4682,24355
20260401,073000,4682.005,4682.105,4667.195,4676.495,14658
20260401,083000,4676.61,4703.78,4674.72,4684.56,28113
20260401,093000,4684.59,4733.235,4682.55,4730.83,47445
20260401,103000,4730.825,4747.815,4709.815,4713.22,55209
20260401,113000,4713.17,4740.565,4710.445,4728.7,40976
20260401,123000,4728.77,4730.35,4713.195,4723.465,27153
20260401,133000,4723.46,4738.67,4715.47,4731.235,25982
20260401,143000,4731.22,4762.905,4728.43,4752.565,33174
20260401,153000,4752.61,4753.725,4724.4,4724.775,64380
20260401,163000,4724.82,4749.715,4716.28,4738.355,78331
20260401,173000,4738.48,4768.87,4724.3,4760.89,99904
20260401,183000,4760.96,4788.16,4758.575,4786.7,62032
20260401,193000,4786.685,4790.84,4774.305,4787.3,45612
20260401,203000,4787.305,4793.195,4774.035,4774.64,43991
20260401,213000,4774.63,4775.49,4742.17,4753.28,73031
20260401,223000,4753.27,4778.21,4751.335,4766.205,56426
20260401,233000,4766.185,4771.295,4754.145,4758.2,17795
20260402,013000,4758.465,4783.005,4751.98,4776.7,17688
20260402,023000,4776.84,4800.8,4773.795,4784.19,31835
20260402,033000,4784.15,4798.935,4775.21,4784.42,48548
20260402,043000,4784.41,4786.36,4649.465,4696.105,150067
20260402,053000,4695.875,4704.155,4655.525,4687.24,89238
20260402,063000,4687.23,4699.52,4676.04,4676.51,42053
20260402,073000,4676.57,4681.8,4657.175,4672.65,32761
20260402,083000,4672.635,4680.915,4585.755,4594.63,66568
20260402,093000,4594.645,4608.905,4553.85,4598.855,77230
20260402,103000,4598.83,4651.505,4597.245,4642.775,44984
20260402,113000,4642.77,4648.905,4616.78,4621.005,46397
20260402,123000,4620.995,4632.075,4613.15,4621.685,34991
20260402,133000,4621.825,4635.435,4603.775,4620.61,45313
20260402,143000,4620.6,4630.855,4592.895,4600.215,45906
20260402,153000,4600.23,4630.36,4594.71,4601.765,58908
20260402,163000,4601.71,4651.545,4580.65,4646.325,130301
20260402,173000,4646.265,4699.89,4631.85,4681.72,143036
20260402,183000,4681.66,4684.185,4652.76,4661.48,115383
20260402,193000,4661.46,4670.83,4642.925,4659.215,78261
20260402,203000,4659.22,4668.5,4645.78,4648.76,66630
20260402,213000,4648.765,4672.17,4647.465,4668.64,41979
20260402,223000,4668.655,4682.01,4661.495,4672.235,51038
20260402,233000,4672.325,4678.11,4664.475,4676.745,17906
20260406,013000,4638.25,4654.59,4607.09,4646.265,50829
20260406,023000,4646.27,4651.415,4604.97,4610.87,34719
20260406,033000,4610.97,4629.2,4600.85,4622.585,52663
20260406,043000,4622.63,4643.24,4620.605,4625.815,39704
20260406,053000,4625.8,4671.73,4623.815,4648.105,49615
20260406,063000,4648.07,4648.155,4625.47,4640.89,35587
20260406,073000,4640.875,4660.005,4640.065,4659.21,20154
20260406,083000,4659.205,4678.93,4651.375,4652.565,25116
20260406,093000,4652.585,4667.78,4643.505,4665.965,27879
20260406,103000,4665.96,4688.94,4645.12,4684.9,40184
20260406,113000,4684.815,4698.21,4680.7,4695.86,36937
20260406,123000,4696.09,4706.875,4690.94,4693.805,25696
20260406,133000,4693.84,4697.725,4684.655,4689.91,26003
20260406,143000,4690.12,4696.92,4677.07,4677.94,21948
20260406,153000,4677.92,4686.855,4659.655,4676.22,39790
20260406,163000,4676.21,4681.87,4659.8,4679.92,71780
20260406,173000,4679.91,4697.78,4660.455,4682.84,94533
20260406,183000,4682.835,4683.91,4652.095,4668.155,56324
20260406,193000,4668.22,4672.66,4658.12,4660.515,31808
20260406,203000,4660.55,4661.235,4645.885,4653.865,55893
20260406,213000,4653.87,4666.725,4648.905,4658.43,46946
20260406,223000,4658.395,4659.52,4645.805,4655.52,22067
20260406,233000,4655.485,4658.525,4649.305,4649.995,8895
20260407,013000,4661.755,4667.97,4656.805,4658.505,10243
20260407,023000,4658.54,4661.31,4651.555,4659.21,10333
20260407,033000,4659.185,4661.515,4649.46,4655.23,28333
20260407,043000,4655.22,4664.53,4616.53,4627.135,90637
20260407,053000,4627.21,4654.01,4620.165,4650.395,44534
20260407,063000,4650.38,4653.995,4639.655,4649.66,29115
20260407,073000,4649.65,4664.12,4645.695,4660.155,20956
20260407,083000,4660.24,4661.36,4623.475,4642.88,46326
20260407,093000,4642.93,4656.65,4638.04,4653.585,40800
20260407,103000,4653.575,4657.225,4636.91,4646.315,36120
20260407,113000,4646.305,4691.225,4644.395,4683.035,64019
20260407,123000,4682.905,4694.905,4658.905,4671.03,47171
20260407,133000,4671.075,4680.735,4649.46,4652.33,61160
20260407,143000,4652.345,4664.28,4629.02,4659.805,48439
20260407,153000,4659.875,4671.335,4647.075,4651.67,58009
20260407,163000,4651.675,4663.49,4635.625,4644.44,74827
20260407,173000,4644.32,4661.935,4607.63,4633.275,114386
20260407,183000,4633.335,4659.69,4624.885,4655.51,80253
20260407,193000,4655.505,4668.825,4652.87,4657.29,69622
20260407,203000,4657.28,4686.745,4654.115,4675.935,56811
20260407,213000,4675.875,4686.295,4657.63,4662.35,36068
20260407,223000,4662.41,4718.96,4660.735,4701.05,105958
20260407,233000,4701.06,4716.95,4697.415,4704.81,41632
20260408,013000,4741.845,4820.065,4713.04,4818.41,69249
20260408,023000,4818.42,4836.505,4801.285,4833.66,76663
20260408,033000,4833.65,4858.215,4808.885,4817.715,85165
20260408,043000,4817.73,4825.325,4788.12,4810.275,71937
20260408,053000,4810.1,4825.435,4798.91,4804.22,30577
20260408,063000,4804.2,4806.18,4795.25,4797.79,25668
20260408,073000,4797.77,4806.975,4790.38,4803.515,22726
20260408,083000,4803.53,4843.9,4800.47,4827.61,32684
20260408,093000,4827.635,4839.97,4820.02,4820.16,41222
20260408,103000,4820.18,4821.39,4805.17,4813.6,38111
20260408,113000,4813.595,4819.935,4790.39,4794.2,38413
20260408,123000,4794.12,4807.05,4776.285,4783.185,30169
20260408,133000,4783.18,4796.31,4771.18,4782.885,22681
20260408,143000,4782.88,4803.06,4778.33,4798.59,36111
20260408,153000,4798.785,4807.42,4768.4,4799.765,48137
20260408,163000,4799.705,4806.92,4767.1,4777.225,87146
20260408,173000,4777.185,4792.155,4732.305,4736.41,106854
20260408,183000,4736.35,4763.32,4734.165,4756.625,68499
20260408,193000,4756.635,4765.675,4745.35,4760.52,43780
20260408,203000,4760.605,4764.505,4731.69,4734.205,45070
20260408,213000,4734.22,4744.705,4703.47,4705.245,72426
20260408,223000,4705.12,4731.935,4699.305,4730.755,51667
20260408,233000,4730.625,4732.365,4717.225,4718.96,13774
20260409,013000,4727.55,4729.67,4704.58,4717.755,19935
20260409,023000,4717.745,4720.345,4705.535,4715.84,19861
20260409,033000,4715.8,4719.3,4698.725,4707.185,36564
20260409,043000,4707.18,4728.4,4699.905,4727.455,58645
20260409,053000,4727.46,4733.04,4717.525,4718.985,25481
20260409,063000,4718.96,4720.32,4705.39,4711.64,20573
20260409,073000,4711.69,4725.48,4709.845,4720.92,11362
20260409,083000,4720.985,4726.575,4705.98,4713.27,29380
20260409,093000,4713.285,4725.66,4703.58,4712.83,40363
20260409,103000,4712.84,4731.735,4705.53,4724.385,47479
20260409,113000,4724.38,4733.19,4720.04,4726.17,30046
20260409,123000,4726.145,4733.495,4723.25,4729.295,26461
20260409,133000,4729.285,4746.795,4723.785,4741.12,23375
20260409,143000,4741.155,4757.665,4738.635,4756.795,22494
20260409,153000,4756.81,4759.87,4735.065,4746.07,40449
20260409,163000,4746.06,4777.085,4738.655,4764.51,79429
20260409,173000,4764.51,4776.47,4747.3,4768.755,95840
20260409,183000,4768.795,4798.235,4761.31,4793.1,84339
20260409,193000,4793.135,4801.28,4784.705,4789.09,62039
20260409,203000,4789.085,4801.39,4786.935,4797.91,49450
20260409,213000,4797.915,4798.18,4767.99,4772.115,65785
20260409,223000,4772.13,4782.59,4766.935,4768.865,45349
20260409,233000,4768.875,4773.26,4760.835,4765.405,14718
20260410,013000,4772.62,4772.62,4758.915,4764.315,10665
20260410,023000,4764.33,4764.41,4757.085,4763.87,9490
20260410,033000,4763.935,4763.935,4750.535,4763.21,20173
20260410,043000,4763.22,4777.42,4758.07,4764.605,37161
20260410,053000,4764.82,4765.59,4738.105,4752.99,33778
20260410,063000,4752.985,4769.66,4752.905,4766.6,22589
20260410,073000,4766.66,4770.9,4757.98,4758.52,11414
20260410,083000,4758.51,4769.385,4757.445,4765.945,16446
20260410,093000,4765.96,4766.01,4742.935,4746.07,35194
20260410,103000,4746.035,4757.7,4741.51,4749.64,25625
20260410,113000,4749.825,4753.565,4730.74,4740.975,31320
20260410,123000,4741.005,4760.92,4740.695,4751.57,31853
20260410,133000,4751.585,4760.845,4742.33,4757.265,22292
20260410,143000,4757.28,4768.96,4753.38,4768.345,15517
20260410,153000,4768.46,4782.605,4759.845,4771.92,47082
20260410,163000,4771.93,4780.155,4764.95,4775.14,62431
20260410,173000,4775.47,4794.98,4767.35,4774.815,76829
20260410,183000,4774.835,4787.46,4755.41,4762.34,67378
20260410,193000,4762.42,4766.25,4747.375,4763.84,59085
20260410,203000,4763.865,4768.78,4758.235,4760.315,38647
20260410,213000,4760.33,4773.35,4751.175,4765.435,44281
20260410,223000,4765.41,4770.71,4758.405,4759.895,37352
20260410,233000,4759.885,4760.125,4741.01,4749.685,15753
20260413,013000,4670.425,4685.41,4644.595,4659.035,37660
20260413,023000,4659.05,4672.06,4644.465,4671.49,27461
20260413,033000,4671.47,4698.96,4664.625,4695.635,37913
20260413,043000,4695.63,4728.225,4693.79,4721.255,64972
20260413,053000,4721.245,4727.885,4711.44,4720.575,36063
20260413,063000,4720.57,4724.065,4712.19,4718.17,20543
20260413,073000,4718.16,4725.05,4708.64,4723.16,16205
20260413,083000,4723.17,4730.91,4716.39,4729.48,27883
20260413,093000,4729.475,4732.79,4720.86,4725.655,30902
20260413,103000,4725.67,4740.03,4724.73,4733.92,32873
20260413,113000,4733.95,4738.765,4720.43,4723.63,29157
20260413,123000,4723.635,4728.775,4710.605,4714.905,28781
20260413,133000,4714.91,4724.195,4708.365,4722.16,21318
20260413,143000,4722.135,4729.23,4703.375,4707.135,34471
20260413,153000,4707.14,4725.345,4703.905,4723.48,47148
20260413,163000,4723.43,4744.64,4721.125,4730.795,83440
20260413,173000,4730.52,4731.37,4708.875,4719.375,92814
20260413,183000,4719.36,4720.15,4700.565,4714.45,65366
20260413,193000,4714.465,4746.27,4709.545,4733.215,88180
20260413,203000,4733.225,4750.205,4725.605,4730.11,43050
20260413,213000,4730.12,4740.735,4723.54,4738.45,40415
20260413,223000,4738.435,4747.58,4730.85,4741.28,36271
20260413,233000,4741.345,4744.3,4738.4,4740.34,7174
20260414,013000,4746.92,4759.8,4745.84,4758.14,11484
20260414,023000,4758.12,4765.805,4754.54,4757.9,14957
20260414,033000,4758.02,4776.075,4751.77,4769.98,28785
20260414,043000,4769.94,4777.385,4761.79,4765.065,42411
20260414,053000,4765.07,4777.305,4762.15,4775.225,24357
20260414,063000,4775.22,4775.675,4765.65,4768.25,15335
20260414,073000,4768.215,4777.085,4767.095,4774.24,9268
20260414,083000,4774.24,4774.32,4757.855,4759.985,24329
20260414,093000,4760.015,4782.965,4760.015,4782.09,34911
20260414,103000,4782.095,4796.63,4767.855,4777.16,45937
20260414,113000,4777.155,4790,4774.14,4786.97,32870
20260414,123000,4787.08,4789.405,4771.735,4778.235,26063
20260414,133000,4778.245,4788.31,4751.22,4768.58,25479
20260414,143000,4768.52,4783.165,4767.03,4774.94,23162
20260414,153000,4774.905,4777.715,4762.36,4771.48,47507
20260414,163000,4771.475,4803.79,4771.185,4794.805,53204
20260414,173000,4794.825,4818.33,4793.065,4803.81,66768
20260414,183000,4803.8,4816.265,4791.115,4808.41,51568
20260414,193000,4808.44,4820.34,4805.255,4810.075,46091
20260414,203000,4810.12,4841.705,4809.54,4835.235,43016
20260414,213000,4835.215,4843.64,4830.895,4835.73,32835
20260414,223000,4835.75,4846.345,4835.75,4844.99,36438
20260414,233000,4845,4846.37,4839.7,4841.76,9059
20260415,013000,4849.155,4850.88,4833.195,4835.26,13295
20260415,023000,4835.14,4844.315,4833.68,4837.285,13579
20260415,033000,4837.315,4840.18,4827.285,4835.56,20926
20260415,043000,4835.52,4871.38,4828.335,4847.19,47443
20260415,053000,4847.175,4853.445,4820.715,4824.005,38547
20260415,063000,4824.02,4829.725,4816.915,4823.925,22311
20260415,073000,4823.955,4827.92,4820.3,4825.075,10022
20260415,083000,4825.125,4830.53,4812.735,4819.97,27547
20260415,093000,4819.975,4825.04,4811.31,4811.625,27935
20260415,103000,4811.565,4816.935,4804.05,4811.27,32729
20260415,113000,4811.15,4821.875,4804.595,4818.63,24673
20260415,123000,4818.56,4819.565,4786.08,4798.255,39922
20260415,133000,4798.25,4805.275,4790.095,4800.16,39607
20260415,143000,4800.175,4815.305,4795.57,4812.635,28994
20260415,153000,4812.65,4816.37,4807.025,4811.76,30612
20260415,163000,4811.69,4830.31,4808.57,4828.915,51281
20260415,173000,4828.93,4830.615,4813.505,4815.525,46212
20260415,183000,4815.535,4816.155,4787.145,4801.745,62107
20260415,193000,4801.74,4812.84,4800.17,4803.985,46708
20260415,203000,4803.975,4808.96,4790.82,4792.64,38637
20260415,213000,4792.63,4802.675,4790.24,4799.745,34897
20260415,223000,4799.715,4803.575,4794.685,4796.045,33552
20260415,233000,4796.095,4796.795,4787.895,4790.94,10004
20260416,013000,4798.465,4812.1,4790.87,4807.665,15154
20260416,023000,4807.675,4826.795,4807.615,4823.455,12378
20260416,033000,4823.385,4837.81,4820.345,4833.145,21862
20260416,043000,4833.205,4836.465,4811.33,4818.1,32031
20260416,053000,4818.165,4825.1,4812.465,4819.805,22218
20260416,063000,4819.785,4827.205,4819.115,4824.27,15906
20260416,073000,4824.255,4833.79,4822.885,4833.185,10471
20260416,083000,4833.21,4838.56,4821.215,4821.325,28082
20260416,093000,4821.31,4830.69,4814.46,4826.125,36618
20260416,103000,4826.14,4831.025,4817.12,4821.2,29951
20260416,113000,4821.29,4822.07,4806.59,4813.85,27350
20260416,123000,4813.815,4818.11,4807.04,4812.82,23657
20260416,133000,4812.825,4817.62,4805.165,4817.49,22362
20260416,143000,4817.475,4822.56,4815.535,4822.175,18257
20260416,153000,4822.28,4823.14,4811.59,4816.265,29550
20260416,163000,4816.285,4824.04,4784.73,4795.065,69188
20260416,173000,4795.08,4805.62,4772.575,4788.86,99613
20260416,183000,4788.815,4813.045,4788.43,4807.09,71971
20260416,193000,4807.16,4810.225,4785.245,4792.095,46734
20260416,203000,4792.105,4795.455,4781.45,4789.395,42669
20260416,213000,4789.405,4794.45,4785.865,4789.745,36797
20260416,223000,4789.795,4798.67,4789.63,4793.52,21568
20260416,233000,4793.565,4793.985,4786.45,4790.66,6467
20260417,013000,4793.945,4797.995,4790.925,4795.4,12171
20260417,023000,4795.185,4797.935,4791.77,4791.77,10559
20260417,033000,4791.725,4801.3,4785.965,4794.845,19049
20260417,043000,4794.88,4795.675,4767.845,4789.635,47709
20260417,053000,4789.575,4794.84,4784.64,4784.695,19793
20260417,063000,4784.685,4798.405,4784.68,4793.255,16145
20260417,073000,4793.195,4804.48,4792.71,4802.995,11511
20260417,083000,4802.99,4806.2,4793.78,4794.305,21624
20260417,093000,4794.345,4795.375,4779.455,4785.075,28983
20260417,103000,4785.195,4794.925,4778.81,4784.57,20903
20260417,113000,4784.585,4797.085,4781.035,4796.11,21908
20260417,123000,4796.115,4800.995,4790.125,4790.44,21638
20260417,133000,4790.445,4794.085,4782.255,4787.49,17321
20260417,143000,4787.595,4811.82,4783.67,4799.125,21823
20260417,153000,4799.25,4848.005,4797.68,4846.52,64406
20260417,163000,4846.53,4891.54,4834.915,4880.4,127645
20260417,173000,4880.33,4885.53,4860.85,4873.15,87070
20260417,183000,4873.135,4880.705,4855.065,4867.445,78454
20260417,193000,4867.44,4873.535,4863.745,4867.18,52529
20260417,203000,4867.15,4869.665,4853.79,4862.59,65168
20260417,213000,4862.585,4868.11,4855.785,4858.11,50748
20260417,223000,4858.095,4861.305,4852.96,4854.695,51166
20260417,233000,4854.645,4855.245,4830.79,4831.61,25344
20260420,013000,4774.815,4794.97,4771.055,4779.365,29256
20260420,023000,4779.36,4779.465,4736.83,4755.365,43917
20260420,033000,4755.285,4774.685,4744.515,4772.815,39653
20260420,043000,4772.8,4814.46,4771.44,4807.795,45970
20260420,053000,4807.805,4809.18,4793.26,4797.395,27428
20260420,063000,4797.37,4798.415,4788.875,4791.02,23685
20260420,073000,4791.04,4795.94,4787.245,4789.035,15381
20260420,083000,4789.06,4796.36,4779.54,4791.085,31338
20260420,093000,4791.06,4795.62,4784.025,4795.595,38159
20260420,103000,4795.6,4805.795,4786.905,4789.64,42913
20260420,113000,4789.55,4796.51,4786.16,4796.395,30186
20260420,123000,4796.355,4798.075,4783.72,4791.885,29802
20260420,133000,4791.865,4801.045,4789.93,4796.01,23289
20260420,143000,4796.02,4810.9,4786.8,4810.53,31656
20260420,153000,4810.525,4822.175,4799.125,4803.505,46107
20260420,163000,4803.495,4826.355,4799.695,4818.105,81586
20260420,173000,4818.12,4827.695,4792.615,4805.385,89147
20260420,183000,4805.4,4809.63,4792.785,4799.955,75702
20260420,193000,4799.96,4806.38,4792.865,4805.55,36194
20260420,203000,4805.645,4812.27,4803.9,4806.89,29547
20260420,213000,4806.84,4816.515,4806.84,4814.105,27402
20260420,223000,4814.065,4821.425,4810.615,4814.38,22718
20260420,233000,4814.43,4821.98,4812.3,4820.115,7561
20260421,013000,4825.135,4833.405,4823.365,4827.82,15871
20260421,023000,4827.79,4831.935,4819.855,4822.03,14074
20260421,033000,4822.07,4830.895,4817,4823.895,26112
20260421,043000,4823.9,4824.54,4805.795,4810.27,23910
20260421,053000,4810.295,4810.555,4802.695,4806.95,20678
20260421,063000,4807.055,4807.86,4792.77,4797.45,17327
20260421,073000,4797.48,4797.815,4788.87,4789.49,13445
20260421,083000,4789.415,4797.145,4783.28,4784.18,26091
20260421,093000,4784.15,4790.86,4774.8,4778.42,36244
20260421,103000,4778.4,4792.83,4772.885,4786.255,29948
20260421,113000,4786.23,4793.22,4774.685,4786.09,31460
20260421,123000,4786.11,4789.79,4781.29,4783.87,22552
20260421,133000,4783.885,4790.67,4780.965,4789.945,19037
20260421,143000,4789.95,4798.03,4775.49,4794.62,30484
20260421,153000,4794.615,4796.995,4766.545,4778.98,48279
20260421,163000,4778.97,4794.52,4760.35,4779.47,77817
20260421,173000,4779.35,4782.74,4723.77,4739.02,95673
20260421,183000,4739.04,4757.83,4727.845,4741.78,98609
20260421,193000,4741.79,4747.06,4708.375,4711.27,76454
20260421,203000,4711.29,4722.28,4697.16,4711.28,94316
20260421,213000,4711.185,4714.97,4692.46,4709.555,77690
20260421,223000,4709.59,4715.06,4668.62,4679.48,103076
20260421,233000,4679.47,4721.25,4669.175,4720.685,54720
20260422,013000,4726.085,4726.52,4715.78,4719.63,16096
20260422,023000,4719.565,4740.66,4718.145,4738.14,16932
20260422,033000,4738.375,4747.455,4738.375,4740.02,21734
20260422,043000,4739.96,4754.745,4735.875,4752.27,34072
20260422,053000,4752.36,4759.025,4750.155,4755.845,22167
20260422,063000,4755.84,4765.035,4753.17,4758.26,20305
20260422,073000,4758.275,4759.76,4752.325,4754.665,12212
20260422,083000,4754.715,4772,4752.32,4767.83,30421
20260422,093000,4767.74,4768.015,4758.775,4767.905,24916
20260422,103000,4767.9,4772.385,4759.69,4760.68,25651
20260422,113000,4760.705,4762.455,4751.98,4757.19,25551
20260422,123000,4757.085,4762.595,4752.57,4755.335,22337
20260422,133000,4755.41,4760.415,4745.89,4759.435,23496
20260422,143000,4759.465,4760.985,4747.88,4750.515,18766
20260422,153000,4750.52,4760.305,4742.98,4744.54,35200
20260422,163000,4744.555,4760.99,4736.595,4752.99,65479
20260422,173000,4752.88,4757.53,4729.99,4736.11,72000
20260422,183000,4736.14,4740.395,4725.02,4727.68,58376
20260422,193000,4727.81,4735.045,4723.995,4728.62,43383
20260422,203000,4728.615,4739.64,4728.56,4737.36,35427
20260422,213000,4737.31,4750.2,4729.985,4741.81,28898
20260422,223000,4741.8,4745.595,4737.075,4740.39,36211
20260422,233000,4740.375,4740.965,4734.59,4740.455,12061
20260423,013000,4741.96,4742.305,4725.82,4726.07,10665
20260423,023000,4726.12,4730.005,4723.645,4727.88,11759
20260423,033000,4727.89,4754.2,4694.135,4747.765,63906
20260423,043000,4747.755,4750.06,4722.35,4723.555,43934
20260423,053000,4723.54,4724.81,4698.405,4699.095,46118
20260423,063000,4699.025,4708.74,4698.26,4704.1,34172
20260423,073000,4704.03,4707.255,4698.935,4704.49,17739
20260423,083000,4704.55,4715.36,4692.485,4713.625,30117
20260423,093000,4713.655,4721.57,4708.6,4713.115,34558
20260423,103000,4713.095,4720.59,4703.2,4719.275,38337
20260423,113000,4719.28,4725.115,4701.78,4703.45,32201
20260423,123000,4703.385,4703.79,4694.765,4697.825,31461
20260423,133000,4697.83,4701.805,4684.265,4696.82,36243
20260423,143000,4696.84,4721.065,4695.575,4720.925,33512
20260423,153000,4720.935,4743.2,4719.905,4740.125,65010
20260423,163000,4740.115,4741.23,4723.95,4724.435,65387
20260423,173000,4724.44,4736.69,4717.185,4733.705,77560
20260423,183000,4733.755,4741.205,4716.545,4720.65,49364
20260423,193000,4720.685,4737.275,4715.76,4733.055,42333
20260423,203000,4733.095,4734.61,4664.38,4709.665,132395
20260423,213000,4709.69,4722.24,4699.43,4701.045,73447
20260423,223000,4701.06,4704.66,4689.56,4696.08,65366
20260423,233000,4696.125,4698.365,4686.715,4694.09,21934
20260424,013000,4695.935,4699.445,4690.21,4693.5,13812
20260424,023000,4693.495,4700.84,4686.65,4695.445,20023
20260424,033000,4695.485,4708.175,4690.965,4704.69,32710
20260424,043000,4704.68,4711.23,4690.29,4699.4,38856
20260424,053000,4699.415,4700.57,4673.05,4676.955,41889
20260424,063000,4676.96,4678.435,4668.68,4672.38,30505
20260424,073000,4672.37,4676.98,4658.03,4674.485,27571
20260424,083000,4674.55,4687.245,4669.755,4686.555,28191
20260424,093000,4686.56,4688.255,4667.055,4671.975,31223
20260424,103000,4671.895,4695.45,4671.085,4694.49,23062
20260424,113000,4694.51,4697.55,4685.25,4690.915,24417
20260424,123000,4690.925,4696.76,4679.35,4682.33,32446
20260424,133000,4682.28,4686.33,4674.88,4677.935,23373
20260424,143000,4677.93,4717.44,4677.88,4706.87,63871
20260424,153000,4706.855,4712.025,4690.36,4700.64,47501
20260424,163000,4700.71,4717.485,4689.665,4711.835,77350
20260424,173000,4711.585,4740.57,4706.92,4726.435,83110
20260424,183000,4726.485,4733.425,4715.125,4727.12,72901
20260424,193000,4727.04,4729.76,4719.255,4726.98,46613
20260424,203000,4726.99,4730.16,4719.17,4723.35,41314
20260424,213000,4723.375,4724.975,4717.015,4722.91,28466
20260424,223000,4722.94,4726.17,4713.785,4716.395,30076
20260424,233000,4716.405,4717.595,4705.465,4709.75,17256
20260427,013000,4696.875,4697.365,4680.28,4684.6,17890
20260427,023000,4684.54,4685.02,4675.21,4680.235,17490
20260427,033000,4680.22,4698.535,4672.405,4697.94,25835
20260427,043000,4697.9,4710.08,4691.07,4702.77,55821
20260427,053000,4702.815,4723.54,4696.38,4718.29,27985
20260427,063000,4718.26,4729.63,4714.535,4724.23,14091
20260427,073000,4724.17,4729.965,4722.615,4725,13738
20260427,083000,4725.01,4725.59,4708.985,4710.325,19973
20260427,093000,4710.315,4715.895,4709.44,4712.78,33531
20260427,103000,4712.785,4718.46,4710.16,4713.5,25515
20260427,113000,4713.42,4714.94,4705.595,4706.795,31621
20260427,123000,4706.79,4708.365,4699.3,4703.77,19536
20260427,133000,4703.78,4711.075,4699.675,4708.76,17467
20260427,143000,4708.795,4709.145,4700.345,4705.12,21172
20260427,153000,4705.135,4712.655,4697.12,4699.43,35508
20260427,163000,4699.405,4703.68,4689.125,4696.225,67432
20260427,173000,4696.24,4696.84,4676.715,4678.24,69848
20260427,183000,4678.255,4682.755,4667.335,4670.235,63765
20260427,193000,4670.24,4679.715,4667.425,4676.895,37693
20260427,203000,4676.915,4686.305,4668.44,4682.24,41830
20260427,213000,4682.245,4685.585,4679.06,4680.735,26127
20260427,223000,4680.715,4682.765,4676.74,4680.915,20811
20260427,233000,4680.91,4681.955,4677.55,4681.955,6009
20260428,013000,4682.585,4691.32,4682.385,4687.87,11700
20260428,023000,4687.835,4694.945,4687.195,4692.06,7821
20260428,033000,4692.195,4701.64,4690.64,4690.835,15312
20260428,043000,4690.82,4691.75,4669.475,4670.76,34182
20260428,053000,4670.85,4680.015,4666.6,4669.17,26006
20260428,063000,4669.265,4676.255,4668.59,4671.155,13842
20260428,073000,4671.07,4671.41,4666.755,4667.73,12533
20260428,083000,4667.84,4668.08,4624.08,4632.39,49689
20260428,093000,4632.34,4643.13,4623.545,4629.06,44951
20260428,103000,4629.035,4639.5,4620.655,4633.015,41314
20260428,113000,4633.025,4635.585,4614.75,4629.77,44260
20260428,123000,4629.73,4630.12,4604.675,4604.755,40055
20260428,133000,4604.68,4616.78,4603.365,4603.41,33971
20260428,143000,4603.405,4608.95,4555.635,4562.795,68100
20260428,153000,4562.895,4600.3,4555.135,4593.935,73820
20260428,163000,4593.905,4594.85,4570.86,4580.71,104379
20260428,173000,4580.645,4580.88,4557.36,4574.645,112765
20260428,183000,4574.655,4586.73,4566.995,4586.625,92490
20260428,193000,4586.63,4594.93,4577.915,4592.24,58087
20260428,203000,4592.255,4601.51,4587.28,4594.945,48055
20260428,213000,4594.965,4600.655,4592.225,4594.415,35904
20260428,223000,4594.43,4600.18,4593.415,4595.695,25732
20260428,233000,4595.565,4598.65,4591.275,4596.8,10704
20260429,013000,4598.745,4598.745,4592.38,4594.17,8502
20260429,023000,4594.175,4596.27,4588.095,4595.75,11805
20260429,033000,4595.755,4610.535,4594.995,4600.52,20964
20260429,043000,4600.53,4600.765,4575.72,4585.015,63746
20260429,053000,4585.04,4604.32,4585.02,4593.71,42063
20260429,063000,4593.715,4603.415,4592.395,4595.71,20685
20260429,073000,4595.725,4605.835,4595.48,4604.825,15618
20260429,083000,4604.81,4607.725,4590.775,4591.15,26709
20260429,093000,4591.105,4598.87,4580.925,4584.665,36985
20260429,103000,4584.69,4589.005,4567.37,4567.93,46631
20260429,113000,4567.96,4576.995,4557.385,4573.43,49813
20260429,123000,4573.415,4580.75,4551.675,4555.78,44646
20260429,133000,4555.775,4576.535,4555.06,4569.95,33842
20260429,143000,4569.945,4572.2,4559.25,4561.695,36394
20260429,153000,4561.675,4569.155,4541.705,4544.945,48798
20260429,163000,4544.91,4553.65,4510.095,4521.73,91030
20260429,173000,4521.665,4542.815,4517.945,4539.455,85285
20260429,183000,4539.385,4558.995,4536.3,4547.77,83527
20260429,193000,4547.765,4564.985,4543.32,4545.565,65749
20260429,203000,4545.6,4554.625,4541.79,4547.83,53610
20260429,213000,4547.84,4553.05,4518.335,4538.24,87412
20260429,223000,4538.255,4550.855,4533.34,4546.93,73614
20260429,233000,4546.94,4553.855,4541.55,4543.715,41254
20260430,013000,4540.13,4552.805,4539.685,4552.2,12863
20260430,023000,4552.185,4561.945,4549.525,4561.685,14502
20260430,033000,4561.725,4574.245,4556.485,4569.99,39630
20260430,043000,4569.92,4582.585,4564.76,4579.085,35437
20260430,053000,4579.08,4582.035,4559.94,4565.085,32427
20260430,063000,4564.8,4569.24,4555.79,4556.07,22228
20260430,073000,4556.08,4557.09,4540.925,4542.05,23905
20260430,083000,4542.06,4569.87,4541.965,4562.69,28178
20260430,093000,4562.74,4591.59,4560.1,4589.66,48285
20260430,103000,4589.7,4605.645,4584.885,4598.44,43872
20260430,113000,4598.48,4629.76,4597.46,4616.36,50205
20260430,123000,4616.35,4631.93,4614.29,4625.23,45516
20260430,133000,4625.195,4647.045,4623.705,4639.755,46727
20260430,143000,4639.78,4645.96,4627.08,4630.26,51218
20260430,153000,4630.345,4640.14,4624.75,4639.61,48159
20260430,163000,4639.66,4645.905,4610.82,4611.185,79486
20260430,173000,4611.24,4625.985,4609.5,4619.62,100885
20260430,183000,4619.615,4625.57,4611.33,4615.3,66725
20260430,193000,4615.295,4617.885,4605.48,4607.745,40071
20260430,203000,4607.71,4621.765,4607.7,4616.895,43463
20260430,213000,4616.91,4625.36,4616.73,4622.635,31886
20260430,223000,4622.645,4627.415,4614.655,4617.17,35530
20260430,233000,4617.18,4622.07,4615.435,4622.065,18530
20260501,013000,4629.515,4632.99,4626.555,4630.265,11886
20260501,023000,4630.26,4634.145,4626.585,4626.685,13914
20260501,033000,4626.655,4631.365,4618.635,4619.93,31494
20260501,043000,4619.915,4622.435,4614.15,4621.02,24599
20260501,053000,4620.905,4635.94,4616.655,4619.215,23210
20260501,063000,4619.155,4632.11,4617.875,4626.735,17237
20260501,073000,4626.74,4628.865,4609.2,4609.265,20654
20260501,083000,4609.255,4616.2,4602.985,4605.18,18939
20260501,093000,4605.235,4608.095,4590.86,4594.925,35403
20260501,103000,4594.885,4598.165,4575.875,4578.25,37230
20260501,113000,4578.245,4582.52,4565.16,4569.225,33355
20260501,123000,4569.2,4573.13,4560.32,4563.035,26017
20260501,133000,4563.04,4576.105,4561.595,4567.055,15452
20260501,143000,4567.01,4579.665,4562.515,4578.865,24532
20260501,153000,4578.81,4607.875,4575.11,4591.435,43528
20260501,163000,4591.43,4628.905,4586.695,4625.77,72064
20260501,173000,4625.67,4660.585,4625.16,4632.31,93128
20260501,183000,4632.325,4648.195,4619.1,4643.25,62171
20260501,193000,4643.2,4650.035,4633.99,4638.81,58580
20260501,203000,4638.815,4642.785,4626.785,4629.49,38029
20260501,213000,4629.495,4630.725,4613.855,4624.385,40226
20260501,223000,4624.46,4627.69,4609.015,4610.92,40346
20260501,233000,4610.905,4617.805,4607.22,4613.835,16468
20260504,013000,4625.35,4629.465,4612.66,4619,13998
20260504,023000,4618.985,4621,4611.405,4613.965,16919
20260504,033000,4613.96,4616.685,4601.825,4613.17,32717
20260504,043000,4613.125,4614.165,4592.965,4613.255,26718
20260504,053000,4613.26,4618.825,4591.11,4606.065,27753
20260504,063000,4606.04,4617.34,4598.63,4615.315,28442
20260504,073000,4615.28,4615.7,4605.36,4606.205,19287
20260504,083000,4606.19,4613.16,4592.365,4598.92,32003
20260504,093000,4598.915,4600.76,4583.95,4588.97,37798
20260504,103000,4588.95,4593.565,4578.215,4579.255,31880
20260504,113000,4579.245,4581.625,4573.85,4577.27,29507
20260504,123000,4577.245,4584.825,4572.095,4575.64,20549
20260504,133000,4575.645,4576.03,4526.09,4562.575,77671
20260504,143000,4562.545,4570.91,4551.515,4560.515,44186
20260504,153000,4560.395,4579.44,4559.295,4568.49,45664
20260504,163000,4568.525,4575.945,4555.205,4564.14,74429
20260504,173000,4564.16,4583.38,4553.44,4561.625,81239
20260504,183000,4561.74,4566.2,4513.635,4521.83,116986
20260504,193000,4521.775,4527.045,4501.035,4510.695,86654
20260504,203000,4510.74,4531.715,4510.74,4522.48,54241
20260504,213000,4522.525,4525.4,4509.96,4516.4,36267
20260504,223000,4516.345,4527.265,4511.425,4517.89,31300
20260504,233000,4517.84,4524.175,4512.005,4524.115,8727
20260505,013000,4520.775,4522.92,4515.59,4517.395,6509
20260505,023000,4517.39,4521.59,4516.125,4519.155,5721
20260505,033000,4519.2,4530.475,4513.655,4529.755,13903
20260505,043000,4529.63,4542.13,4525.47,4541.04,13672
20260505,053000,4541.145,4546.94,4534.775,4538.955,11791
20260505,063000,4538.875,4542.82,4532.465,4534.64,8028
20260505,073000,4534.635,4536.71,4528.03,4533.67,10715
20260505,083000,4533.625,4552,4531.47,4545.945,20264
20260505,093000,4545.95,4552.02,4533.9,4548.34,19398
20260505,103000,4548.365,4558.465,4543.42,4545.825,20205
20260505,113000,4545.815,4559.57,4545.69,4558.375,22974
20260505,123000,4558.36,4560.445,4550.985,4556.515,18141
20260505,133000,4556.53,4557.155,4540.13,4543.77,18095
20260505,143000,4543.755,4564.87,4539.96,4562.99,18773
20260505,153000,4562.985,4574.595,4554.195,4564.41,29433
20260505,163000,4564.42,4585.205,4564.42,4579.47,37737
20260505,173000,4579.57,4586.605,4565.985,4582.39,38827
20260505,183000,4582.44,4583.85,4568.43,4568.685,23919
20260505,193000,4568.655,4569.125,4553.77,4561.295,23346
20260505,203000,4561.28,4562.79,4553.355,4559.94,21985
20260505,213000,4559.975,4565.83,4557.55,4560.965,16104
20260505,223000,4561.095,4561.47,4551.625,4555.26,16162
20260505,233000,4555.14,4560.18,4554.23,4557.535,10392
20260506,013000,4552.07,4577.46,4546.36,4573.51,15038
20260506,023000,4573.42,4596,4569.565,4593.87,22862
20260506,033000,4593.735,4619.97,4588.33,4618.8,22904
20260506,043000,4618.645,4628.915,4609.63,4626.225,27594
20260506,053000,4626.2,4642.195,4625.555,4640.95,19028
20260506,063000,4640.925,4652.13,4638.67,4643.65,17275
20260506,073000,4643.645,4653.585,4643.455,4648.815,21242
20260506,083000,4648.82,4663.95,4644.765,4663.22,18042
20260506,093000,4663.21,4669.97,4657.07,4669.455,26274
20260506,103000,4669.46,4681.905,4657.47,4681.36,25331
20260506,113000,4681.325,4702.965,4671.655,4700.58,39881
20260506,123000,4700.63,4708.7,4689.08,4701.725,45483
20260506,133000,4701.73,4723.14,4695.705,4718.005,39981
20260506,143000,4717.98,4721.32,4690.98,4691.99,43223
20260506,153000,4691.995,4693.1,4660.435,4683.29,51562
20260506,163000,4683.325,4707.82,4669.02,4702.13,61933
20260506,173000,4702.13,4717.625,4697.71,4703.205,58841
20260506,183000,4703.17,4705.915,4687.79,4687.79,35725
20260506,193000,4687.75,4692.19,4679.705,4683.21,34178
20260506,203000,4683.205,4688.14,4679.145,4684.27,25268
20260506,213000,4684.275,4690.62,4682.125,4686.13,17250
20260506,223000,4686.14,4700.235,4686.14,4692.48,22651
20260506,233000,4692.455,4699.63,4685.26,4690.91,11024
20260507,013000,4690.165,4699.935,4690.165,4695.05,8144
20260507,023000,4694.99,4699.59,4690.355,4699.055,9105
20260507,033000,4698.995,4701.545,4685.655,4688.855,28770
20260507,043000,4688.86,4721.53,4685.275,4714.925,35566
20260507,053000,4714.93,4718.745,4700.165,4707.385,21775
20260507,063000,4707.295,4709.845,4699.12,4699.38,13551
20260507,073000,4699.425,4701.11,4692.505,4696.48,13399
20260507,083000,4696.43,4706.81,4694.91,4701.315,16536
20260507,093000,4701.32,4750.01,4701.29,4739.355,35814
20260507,103000,4739.37,4750.66,4731.53,4743.28,43564
20260507,113000,4743.265,4753.435,4730.875,4731.08,34990
20260507,123000,4731.11,4739.515,4721.84,4729.255,28347
20260507,133000,4729.255,4739.84,4726.77,4735.795,23846
20260507,143000,4735.93,4743.805,4727.305,4742.845,25252
20260507,153000,4742.965,4752.69,4733.185,4750.195,33482
20260507,163000,4750.235,4758.165,4731.38,4746.495,52182
20260507,173000,4746.245,4763.58,4741.28,4762.885,46492
20260507,183000,4762.895,4764.905,4726.43,4729.305,55550
20260507,193000,4729.31,4729.87,4704.575,4715.24,58447
20260507,203000,4715.235,4719.685,4687.92,4711.44,72936
20260507,213000,4711.445,4716.09,4695.535,4709.64,48329
20260507,223000,4709.62,4712.93,4697.98,4703.045,46838
20260507,233000,4703.055,4719.195,4686.28,4687.18,26787
20260508,013000,4694.565,4699.605,4682.045,4686.095,19057
20260508,023000,4686.115,4705.74,4684.845,4704.405,13155
20260508,033000,4704.385,4709.615,4694.125,4701.38,22579
20260508,043000,4701.3,4725.71,4700.45,4722.97,31864
20260508,053000,4723.145,4732.885,4706.995,4713.57,27559
20260508,063000,4713.565,4731.185,4711.405,4719.735,18391
20260508,073000,4719.72,4723.315,4709.31,4711.13,15339
20260508,083000,4711.22,4731.39,4709.675,4727.62,21937
20260508,093000,4727.605,4734.895,4712.665,4725.94,33400
20260508,103000,4725.855,4726.725,4697.045,4707.925,36877
20260508,113000,4707.965,4723.84,4706.72,4715.76,21141
20260508,123000,4715.755,4723.13,4707.605,4712.015,19117
20260508,133000,4711.915,4727.85,4711.24,4719.82,16945
20260508,143000,4719.8,4727.495,4713.91,4717.9,20950
20260508,153000,4717.87,4732.125,4702.88,4724.485,45026
20260508,163000,4724.395,4748.015,4716.51,4747.85,58399
20260508,173000,4747.84,4749.58,4713.495,4716.01,62433
20260508,183000,4716.02,4721.065,4702.055,4707.22,51892
20260508,193000,4707.23,4720.28,4705.55,4712.525,30780
20260508,203000,4712.505,4722.765,4712.225,4720.96,21229
20260508,213000,4721.025,4729.025,4720.01,4722,22792
20260508,223000,4721.995,4726.915,4721.06,4724.09,17565
20260508,233000,4724.19,4724.43,4714.745,4715.715,11644
20260511,013000,4687.43,4696.435,4680.075,4691.76,16112
20260511,023000,4691.75,4698.65,4688.805,4691.89,14055
20260511,033000,4691.84,4693.375,4670.505,4683.44,29216
20260511,043000,4683.415,4705.56,4674.635,4685.97,48572
20260511,053000,4685.975,4700.425,4676.905,4681.985,28862
20260511,063000,4681.96,4690.715,4675.45,4678.75,19844
20260511,073000,4678.775,4680.11,4668.55,4672.16,14605
20260511,083000,4672.1,4680.97,4648.09,4652.53,26713
20260511,093000,4652.62,4680.645,4649.505,4678.565,31392
20260511,103000,4678.555,4680.385,4664.33,4667.86,18677
20260511,113000,4667.79,4678.995,4664.46,4667.895,19467
20260511,123000,4667.84,4670.275,4650.795,4656.895,20750
20260511,133000,4656.9,4667.69,4656.49,4664.14,16159
20260511,143000,4664.15,4677.425,4664.15,4674.625,20098
20260511,153000,4674.56,4701.245,4667.535,4700.035,37730
20260511,163000,4700.055,4748.95,4698.82,4736.135,56246
20260511,173000,4736.125,4738.465,4715.205,4725.625,47799
20260511,183000,4725.61,4738.195,4722.9,4732.36,29488
20260511,193000,4732.375,4733.735,4708.005,4716.485,30290
20260511,203000,4716.415,4724.835,4715.92,4723.895,22464
20260511,213000,4724.035,4729.47,4721.11,4725.085,18139
20260511,223000,4725.13,4736.21,4722.495,4733.655,22660
20260511,233000,4733.755,4738.59,4729.985,4735.455,9695
20260512,013000,4740.565,4755.745,4737.79,4751.09,10953
20260512,023000,4751.48,4769.795,4746.35,4767.67,19246
20260512,033000,4767.675,4773.575,4748.89,4749.56,35202
20260512,043000,4749.51,4755.805,4720.53,4727.4,50255
20260512,053000,4727.325,4734.105,4722.425,4730.02,34265
20260512,063000,4730.05,4733.41,4718.25,4720.33,19576
20260512,073000,4720.28,4730.48,4710.975,4714.255,16351
20260512,083000,4714.215,4722.32,4709,4714.595,30833
20260512,093000,4714.53,4714.735,4694.51,4697.09,36994
20260512,103000,4697.1,4703.97,4686.395,4699.985,26117
20260512,113000,4699.995,4706.99,4697.195,4703.415,25091
20260512,123000,4703.36,4705.155,4694.325,4699.455,24885
20260512,133000,4699.475,4708.715,4685.28,4694.47,25028
20260512,143000,4694.615,4709.475,4687.26,4706.49,28489
20260512,153000,4706.58,4711.68,4689.84,4705.74,41240
20260512,163000,4705.73,4709.025,4676.88,4679.225,66216
20260512,173000,4679.365,4695.235,4669.555,4673,68257
20260512,183000,4672.99,4676.235,4638.365,4666.285,64175
20260512,193000,4666.29,4675.19,4664.265,4671.375,32780
20260512,203000,4671.38,4682.42,4671.38,4678.84,26498
20260512,213000,4678.825,4698.14,4676.235,4695.94,35818
20260512,223000,4695.96,4715.705,4695.96,4715.595,33026
20260512,233000,4715.545,4719.365,4712.155,4715.495,11449
20260513,013000,4719.905,4722.445,4711.74,4716.965,11216
20260513,023000,4716.955,4723.915,4715.24,4717.175,20507
20260513,033000,4717.28,4727.03,4713.925,4714.955,29676
20260513,043000,4715.015,4717.405,4701.205,4702.615,32777
20260513,053000,4702.575,4707.73,4687.705,4692.01,24320
20260513,063000,4692,4705.795,4689.025,4696.1,15154
20260513,073000,4696.165,4703.45,4695.48,4699.57,11133
20260513,083000,4699.52,4707.385,4693.73,4704.32,21083
20260513,093000,4704.32,4715.385,4698.955,4701.735,29789
20260513,103000,4701.755,4708.755,4696.8,4702.78,20999
20260513,113000,4702.785,4704.34,4694.665,4700.605,18818
20260513,123000,4700.615,4702.09,4685.905,4700.85,20324
20260513,133000,4700.87,4710.585,4693.77,4694.19,19862
20260513,143000,4694.215,4705.7,4691.775,4697.485,22968
20260513,153000,4697.43,4701.62,4676.135,4683.84,41490
20260513,163000,4683.715,4694.825,4669.525,4679.415,52002
20260513,173000,4679.405,4691.12,4672.885,4679.75,46133
20260513,183000,4679.825,4700.025,4678.92,4695.715,33810
20260513,193000,4695.65,4709.9,4695.13,4695.865,34705
20260513,203000,4695.885,4701.28,4684.555,4685.6,26580
20260513,213000,4685.635,4694.175,4677.63,4685.11,25488
20260513,223000,4685.14,4690.705,4683.525,4688.38,22055
20260513,233000,4688.465,4693.475,4686.075,4689.14,10655
20260514,013000,4693.605,4700.57,4689.06,4700.035,9298
20260514,023000,4699.98,4702.125,4693.38,4696.62,7282
20260514,033000,4696.5,4706.795,4689.78,4705.065,21512
20260514,043000,4705.015,4707.15,4683.455,4688.95,38345
20260514,053000,4689,4699.775,4680.21,4686.48,28365
20260514,063000,4686.475,4693.45,4673.965,4675.285,22225
20260514,073000,4675.3,4712.685,4668.71,4702.355,23277
20260514,083000,4702.54,4704.235,4689.21,4689.955,22022
20260514,093000,4689.94,4702.505,4686.31,4700.515,30538
20260514,103000,4700.43,4718.88,4690.945,4693.35,31888
20260514,113000,4693.365,4706.83,4692.205,4693.485,25802
20260514,123000,4693.55,4702.755,4688.645,4699.73,21172
20260514,133000,4699.74,4705.63,4691.27,4697.09,24335
20260514,143000,4697.16,4704.895,4689.51,4694.205,21847
20260514,153000,4694.175,4710.165,4692.42,4704.95,32578
20260514,163000,4704.945,4707.935,4666.78,4679.775,68229
20260514,173000,4679.835,4700.98,4677.815,4679.53,54694
20260514,183000,4679.62,4689.625,4677.195,4685.765,34522
20260514,193000,4685.815,4687.055,4670.51,4678.66,29916
20260514,203000,4678.675,4683.115,4676.49,4678.33,27379
20260514,213000,4678.34,4678.41,4667.165,4671.8,23619
20260514,223000,4671.89,4672.02,4653.26,4654.37,24756
20260514,233000,4654.385,4657.18,4644.31,4652.27,14503
20260515,013000,4654.08,4662.77,4652.145,4662.515,12158
20260515,023000,4662.5,4665.445,4646.85,4652.15,18198
20260515,033000,4652.22,4658.225,4613.745,4630.465,43786
20260515,043000,4630.475,4631.69,4607.51,4614.23,72620
20260515,053000,4614.265,4623.42,4609.45,4617.945,38355
20260515,063000,4617.885,4622.33,4607.68,4615.605,24688
20260515,073000,4615.61,4621.91,4604.45,4606.19,21422
20260515,083000,4606.3,4606.58,4556.71,4559.04,57437
20260515,093000,4559.02,4580.645,4556.52,4570.22,59385
20260515,103000,4570.205,4588.88,4566.07,4570.975,41013
20260515,113000,4570.985,4572.245,4550.055,4554.62,50943
20260515,123000,4554.605,4564.035,4531.995,4546.095,46597
20260515,133000,4546.115,4572.775,4544.3,4566.135,46100
20260515,143000,4566.12,4570.37,4550.005,4552.18,33474
20260515,153000,4552.19,4558.815,4543.83,4545.96,40436
20260515,163000,4545.965,4557.66,4510.985,4533.685,84829
20260515,173000,4533.645,4566.735,4525.465,4562.85,84332
20260515,183000,4562.865,4563.78,4533.86,4539.95,50314
20260515,193000,4539.995,4548.255,4529.555,4544.4,40900
20260515,203000,4544.23,4564.605,4543.105,4559.65,37065
20260515,213000,4559.685,4563.115,4552.415,4559.25,30642
20260515,223000,4559.255,4560.18,4545.1,4546.005,27400
20260515,233000,4546.01,4546.47,4533.34,4540.645,20888
20260518,013000,4545.805,4554.915,4538.175,4546.05,20437
20260518,023000,4546.06,4548.035,4532.25,4537.21,26070
20260518,033000,4537.215,4542.635,4480.41,4514.795,71275
20260518,043000,4514.795,4535.715,4489.535,4525.67,80563
20260518,053000,4525.61,4542.9,4522.355,4533.815,42760
20260518,063000,4533.785,4548.06,4525.565,4541.215,41509
20260518,073000,4541.21,4549.93,4530.235,4540.825,28786
20260518,083000,4540.775,4552.045,4530.205,4531.245,37960
20260518,093000,4531.19,4548.235,4530.005,4546.855,41976
20260518,103000,4546.875,4560.095,4538.465,4546.295,39071
20260518,113000,4546.285,4557.135,4542.44,4549.97,26412
20260518,123000,4549.96,4552.125,4540.38,4543.205,22427
20260518,133000,4543.165,4547.955,4532.145,4540.495,22796
20260518,143000,4540.49,4567.17,4529.96,4550.925,46140
20260518,153000,4550.965,4575.065,4545.36,4571.425,47446
20260518,163000,4571.43,4584.375,4561.975,4575.75,64177
20260518,173000,4575.63,4575.63,4537.81,4546.53,70660
20260518,183000,4546.555,4548.02,4531.85,4543.71,48337
20260518,193000,4543.715,4554.69,4533.915,4550.21,40225
20260518,203000,4550.04,4558.29,4545.645,4546.935,28532
20260518,213000,4546.95,4547.775,4534.375,4535.855,26672
20260518,223000,4535.86,4565.07,4535.335,4558.55,55582
20260518,233000,4558.625,4566.87,4558.08,4566.16,12559
20260519,013000,4570.36,4578.58,4569.81,4574.115,9538
20260519,023000,4573.995,4589.09,4573.86,4581.995,11987
20260519,033000,4582.16,4589.58,4561.465,4563.21,29840
20260519,043000,4563.26,4572.48,4554.27,4564.065,37556
20260519,053000,4564.005,4564.005,4546.055,4547.29,27457
20260519,063000,4547.22,4555.16,4543.77,4545.19,19828
20260519,073000,4545.18,4545.895,4538.075,4542.605,15891
20260519,083000,4542.71,4546.675,4531.085,4540.915,30044
20260519,093000,4540.93,4553.97,4533.68,4548.33,36333
20260519,103000,4548.315,4559.535,4541.575,4557.28,30059
20260519,113000,4557.25,4559.25,4536.405,4543.05,26469
20260519,123000,4543.035,4546.935,4536.205,4542.035,24915
20260519,133000,4542.01,4544.925,4525.68,4544.925,28035
20260519,143000,4544.855,4548.01,4529.915,4530.89,25452
20260519,153000,4530.905,4547.28,4527.6,4537.305,28167
20260519,163000,4537.385,4537.7,4464.78,4504.175,95436
20260519,173000,4504.055,4514.23,4484.495,4494.165,85867
20260519,183000,4494.095,4509.48,4489.845,4508.63,44595
20260519,193000,4508.64,4512.7,4496.385,4507.9,34676
20260519,203000,4507.725,4511.125,4499.31,4500.9,27481
20260519,213000,4500.915,4503.84,4490.33,4493.65,32551
20260519,223000,4493.63,4497.84,4481.285,4483.5,33331
20260519,233000,4483.44,4488.355,4481.07,4482.115,11976
20260520,013000,4484.735,4485.975,4477.45,4484.73,11918
20260520,023000,4484.61,4496.595,4479.995,4489.485,14053
20260520,033000,4489.51,4508.85,4479.82,4501.185,45118
20260520,043000,4501.175,4506.29,4456.095,4481.485,52464
20260520,053000,4481.54,4487.24,4458.68,4465.395,40138
20260520,063000,4465.305,4467.265,4453.39,4463.96,26568
20260520,073000,4463.955,4470.75,4456.8,4462.14,16347
20260520,083000,4462.07,4479.125,4461.79,4472.855,24837
20260520,093000,4472.83,4478.555,4461.69,4474.47,36661
20260520,103000,4474.355,4486.095,4472.08,4478.545,30075
20260520,113000,4478.585,4490.305,4476.81,4484.065,28812
20260520,123000,4484.035,4491.18,4472.805,4484.925,21790
20260520,133000,4484.885,4497.115,4484.68,4494.85,18101
20260520,143000,4494.845,4501.29,4490.905,4499.16,18966
20260520,153000,4499.08,4505.435,4493.07,4496.245,27998
20260520,163000,4496.24,4506.36,4482.26,4483.265,47755
20260520,173000,4483.285,4537.355,4467.245,4531.295,102713
20260520,183000,4531.3,4553.045,4523.175,4529.21,66563
20260520,193000,4529.27,4535.555,4524.115,4534.465,40821
20260520,203000,4534.475,4538.24,4529.995,4531.445,30495
20260520,213000,4531.275,4545.16,4529.12,4542.515,28924
20260520,223000,4542.525,4550.38,4541.81,4545.675,26180
20260520,233000,4545.66,4550.445,4542.18,4543.705,16745
20260521,013000,4544.62,4546.92,4535.35,4539.9,16281
20260521,023000,4539.91,4547.525,4534.74,4546.74,13749
20260521,033000,4546.87,4553.355,4537.365,4545.16,35497
20260521,043000,4545.19,4570.895,4539.92,4561.01,45369
20260521,053000,4561,4564.92,4531.615,4533.24,33149
20260521,063000,4533.23,4540.28,4527.37,4528.4,17696
20260521,073000,4528.385,4540.8,4527.56,4538.63,11017
20260521,083000,4538.72,4540.66,4518.44,4527.975,28873
20260521,093000,4527.995,4539.905,4518.905,4521.525,47684
20260521,103000,4521.49,4524.375,4512.075,4519.785,33558
20260521,113000,4519.85,4537.06,4518.415,4532.715,39611
20260521,123000,4532.685,4543.06,4528.03,4530.855,28855
20260521,133000,4530.845,4535.435,4504.895,4511.77,57459
20260521,143000,4511.82,4521.3,4508.23,4514.08,29746
20260521,153000,4514.1,4519.47,4502.08,4504.25,43341
20260521,163000,4504.245,4521.095,4488.63,4513.455,76079
20260521,173000,4513.465,4515.415,4498.17,4508.795,67841
20260521,183000,4508.835,4515.43,4496.91,4512.045,47068
20260521,193000,4512.15,4520.81,4512.15,4519.465,40581
20260521,203000,4519.465,4559.365,4514.28,4551.435,81076
20260521,213000,4551.48,4556.085,4527.51,4532.035,57079
20260521,223000,4532.04,4543.935,4529.795,4543.085,38039
20260521,233000,4543.07,4544.925,4539.94,4543.425,11868
20260522,013000,4544.905,4544.93,4539.785,4543.465,8026
20260522,023000,4543.47,4545.26,4532.43,4535.425,10785
20260522,033000,4535.47,4541.24,4525.64,4526.71,21713
20260522,043000,4526.695,4536.235,4521.18,4526.38,31166
20260522,053000,4526.31,4529.66,4518.53,4523.335,19091
20260522,063000,4523.395,4530.04,4519.37,4529.54,18496
20260522,073000,4529.535,4532.98,4525.41,4527.135,11488
20260522,083000,4527.09,4534.325,4507.43,4511.7,22594
20260522,093000,4511.705,4528.98,4510.025,4527.02,37407
20260522,103000,4527.045,4527.5,4516.2,4521.87,24524
20260522,113000,4521.875,4531.32,4517.02,4521.835,32827
20260522,123000,4521.83,4535.96,4514.88,4532.255,28687
20260522,133000,4532.265,4536.82,4510.285,4514.705,25794
20260522,143000,4514.66,4525.315,4511.67,4520.635,24109
20260522,153000,4520.595,4535.96,4515.325,4528.24,39844
20260522,163000,4528.225,4534.495,4510.32,4514.02,56931
20260522,173000,4513.6,4513.73,4491.93,4500.615,66040
20260522,183000,4500.73,4522.555,4500.245,4519.975,37120
20260522,193000,4520.085,4526.915,4512.38,4515.05,33084
20260522,203000,4515.1,4527.995,4513.215,4519.255,38525
20260522,213000,4519.245,4520.34,4512.11,4515.27,25059
20260522,223000,4515.28,4516.05,4504.34,4508.45,28965
20260522,233000,4508.48,4510.69,4504.17,4509.69,16888
20260525,013000,4550.54,4565.825,4548.91,4565.33,29770
20260525,023000,4565.36,4580.21,4565.27,4567.08,20048
20260525,033000,4567.07,4579.575,4566.33,4569.72,25371
20260525,043000,4569.715,4576.585,4560.34,4563.08,37097
20260525,053000,4563.09,4570.51,4558.955,4561.43,21007
20260525,063000,4561.435,4564.6,4556.585,4559.78,17527
20260525,073000,4559.655,4565.94,4559.39,4564.88,11472
20260525,083000,4564.895,4566,4552.015,4553.43,17343
20260525,093000,4553.455,4563.43,4550.55,4562.69,24372
20260525,103000,4562.7,4565.18,4552.495,4564.79,26055
20260525,113000,4564.78,4565.085,4553.435,4556.01,16527
20260525,123000,4556.07,4569.165,4554.92,4567.62,14453
20260525,133000,4567.62,4573.825,4567.62,4568.6,13730
20260525,143000,4568.63,4577.115,4567.705,4569.46,13670
20260525,153000,4569.455,4570.41,4553.12,4567.795,26105
20260525,163000,4567.74,4571.605,4560.17,4563.125,26184
20260525,173000,4563.14,4570.655,4562.46,4566.985,18560
20260525,183000,4566.97,4574.875,4565.665,4571.06,17373
20260525,193000,4571.07,4574.685,4568.005,4573.63,8369
20260525,203000,4573.485,4578.065,4563.365,4565.11,11653
20260525,213000,4565.175,4572.05,4564.325,4570.315,4196
20260526,013000,4571.33,4576.635,4569.68,4574.935,8160
20260526,023000,4574.95,4580.245,4555.415,4559.77,19223
20260526,033000,4559.865,4560.36,4539.595,4549.9,33195
20260526,043000,4549.905,4550.685,4527.865,4537.3,37860
20260526,053000,4537.285,4539.75,4530.165,4532.445,15065
20260526,063000,4532.45,4545.6,4532.22,4542.4,10948
20260526,073000,4542.44,4543.255,4523.59,4525.65,11692
20260526,083000,4525.635,4535.24,4523.005,4527.37,21657
20260526,093000,4527.32,4536.28,4527.26,4531.135,21893
20260526,103000,4531.225,4539.2,4521.68,4538.365,31626
20260526,113000,4538.33,4539.145,4520.11,4523.88,26249
20260526,123000,4523.89,4526.665,4512.07,4522.775,25963
20260526,133000,4522.81,4540.69,4519.52,4534.46,29007
20260526,143000,4534.46,4536.405,4503.615,4507.46,36220
20260526,153000,4507.465,4523.875,4500.785,4520.59,39343
20260526,163000,4520.565,4531.475,4512.3,4514.15,50730
20260526,173000,4514.37,4525.11,4507.91,4515.425,39891
20260526,183000,4515.495,4515.755,4502.41,4506.64,36373
20260526,193000,4506.725,4511.34,4499.845,4505.155,28933
20260526,203000,4505.155,4507.765,4490.025,4491.19,27077
20260526,213000,4491.135,4499.66,4482.62,4499.425,25840
20260526,223000,4499.43,4510.055,4497.805,4509.05,17557
20260526,233000,4509.04,4511.22,4504.2,4507.57,9561
20260527,013000,4506.725,4512.66,4498.125,4511.13,19090
20260527,023000,4511.155,4528.05,4504.485,4519.68,15302
20260527,033000,4519.54,4526.035,4514.315,4515.06,18804
20260527,043000,4515.055,4521.19,4507.005,4508.165,19618
20260527,053000,4508.16,4509.745,4498.075,4505.96,14104
20260527,063000,4505.94,4512.095,4496.91,4497.325,11003
20260527,073000,4497.32,4517.375,4496.065,4510.28,11615
20260527,083000,4510.31,4513.94,4491.89,4497.685,28049
20260527,093000,4497.68,4499.31,4479.87,4485.17,34304
20260527,103000,4485.18,4489.43,4475.985,4482.265,24002
20260527,113000,4482.27,4498.845,4481.385,4497.93,25874
20260527,123000,4497.92,4497.92,4487.14,4490.165,17108
20260527,133000,4490.16,4490.705,4442.765,4445.99,40971
20260527,143000,4446.075,4453.41,4425.145,4428.795,42915
20260527,153000,4428.79,4466.7,4427.66,4439.01,64503
20260527,163000,4438.975,4439.215,4401.63,4427.425,85168
20260527,173000,4427.455,4455.655,4426.08,4434.105,61646
20260527,183000,4434.07,4441.64,4428.21,4436.55,35592
20260527,193000,4436.555,4453.36,4434.23,4450.8,25994
20260527,203000,4450.82,4454.39,4441.415,4450.495,25881
20260527,213000,4450.28,4458.445,4447.795,4454.435,15321
20260527,223000,4454.445,4454.855,4448.905,4451.01,15025
20260527,233000,4450.925,4458.975,4450.13,4456.12,6897
20260528,013000,4456.89,4462.58,4455.31,4457.55,7335
20260528,023000,4457.545,4457.815,4443.905,4447.11,14373
20260528,033000,4447.125,4458.245,4443.7,4457.15,20398
20260528,043000,4457.56,4459,4406.875,4410.105,39820
20260528,053000,4410.29,4412.91,4392.63,4394.37,32558
20260528,063000,4394.27,4397.925,4368.605,4374.89,35533
20260528,073000,4374.86,4382.4,4366.23,4373.1,29272
20260528,083000,4373.13,4395.97,4367.215,4388.115,28912
20260528,093000,4388.1,4390.67,4374.31,4383.795,30859
20260528,103000,4383.815,4396.31,4382.9,4387.745,27620
20260528,113000,4387.725,4395.145,4385.99,4387.055,24124
20260528,123000,4387.01,4399.195,4386.545,4393.605,20882
20260528,133000,4393.645,4404.33,4375.255,4383.17,27231
20260528,143000,4383.12,4390.725,4381.01,4387.925,21666
20260528,153000,4387.945,4433.88,4379.745,4432.24,42105
20260528,163000,4432.245,4439.185,4418.255,4430.46,59132
20260528,173000,4430.285,4480.53,4420.87,4469.97,99685
20260528,183000,4469.945,4484.995,4468.825,4482.505,45623
20260528,193000,4482.51,4511.075,4477.685,4511.015,46877
20260528,203000,4511.035,4514.63,4501.305,4509.065,32062
20260528,213000,4509.06,4516.63,4498.645,4501.385,27754
20260528,223000,4501.365,4503.79,4497.305,4497.995,18028
20260528,233000,4497.965,4500.715,4494.775,4495.825,11007
20260529,013000,4497.085,4498.15,4491.135,4491.22,8817
20260529,023000,4491.26,4497.24,4488.975,4495.08,11739
20260529,033000,4495.195,4500.75,4492.085,4496.22,19031
20260529,043000,4496.37,4520.815,4492.42,4506.52,29097
20260529,053000,4506.55,4511.31,4498.6,4501.785,18019
20260529,063000,4501.69,4502.145,4494.935,4501.38,14569
20260529,073000,4501.365,4515.19,4501.18,4514.105,12068
20260529,083000,4514.1,4515.73,4502.635,4515.165,17329
20260529,093000,4515.17,4524.09,4510.03,4523.605,26140
20260529,103000,4523.59,4526.2,4510.695,4524.82,23916
20260529,113000,4524.8,4524.855,4509.955,4514.95,23319
20260529,123000,4514.965,4539.75,4513.255,4531.315,25845
20260529,133000,4531.26,4543.31,4525.58,4538.825,17875
20260529,143000,4538.785,4540.665,4525.935,4538.58,20603
20260529,153000,4538.6,4538.765,4512.73,4523.215,34339
20260529,163000,4523.18,4540.785,4517.04,4536.725,47681
20260529,173000,4536.73,4570.61,4525.38,4564.135,80657
20260529,183000,4564.13,4595.33,4557.56,4571.25,78355
20260529,193000,4571.3,4573.68,4560.07,4567.03,32827
20260529,203000,4567.05,4568.57,4551.715,4553.51,29855
20260529,213000,4553.545,4561.75,4551.015,4553.245,27273
20260529,223000,4553.24,4560.29,4542.9,4545.685,24472
20260529,233000,4545.515,4549.24,4540.06,4540.53,14343
20260601,013000,4520.795,4540.485,4520.025,4535.37,13940
20260601,023000,4535.405,4545.845,4535.23,4539.665,12692
20260601,033000,4539.68,4546.27,4535.39,4540.765,20853
20260601,043000,4540.83,4541.45,4523.715,4525.47,26689
20260601,053000,4525.46,4534.825,4521.325,4521.595,18557
20260601,063000,4521.605,4525.64,4509.965,4516.555,16684
20260601,073000,4516.615,4519.74,4508.64,4514.64,10187
20260601,083000,4514.66,4525.27,4512.79,4518.32,15797
20260601,093000,4518.285,4518.855,4500.32,4501.61,29222
20260601,103000,4501.57,4510.09,4492.59,4503.345,21767
20260601,113000,4503.325,4504.69,4490.45,4498.275,20100
20260601,123000,4498.27,4506.455,4489.095,4495.945,22550
20260601,133000,4495.95,4511.15,4495.95,4504.125,18466
20260601,143000,4504.11,4513.08,4499.94,4505.895,20129
20260601,153000,4505.915,4510.55,4497.62,4502.215,24444
20260601,163000,4502.265,4503.985,4448.35,4450.745,95772
20260601,173000,4449.595,4464.845,4447.86,4458.81,60770
20260601,183000,4458.83,4479.885,4455.595,4474.29,37038
20260601,193000,4474.16,4482.27,4463.07,4480.17,32321
20260601,203000,4480.23,4495.54,4471.58,4487.46,37100
20260601,213000,4487.455,4490.24,4484.915,4486.73,15851
20260601,223000,4486.605,4488.245,4479.16,4481.265,17582
20260601,233000,4481.29,4485.89,4480.26,4484.725,6663
20260602,013000,4483.385,4486.67,4479.755,4485.765,7873
20260602,023000,4485.755,4488.345,4479.21,4484.475,11025
20260602,033000,4484.545,4497.135,4476.91,4481.545,24749
20260602,043000,4481.45,4492.49,4463.01,4474.03,43459
20260602,053000,4474,4486.78,4472.265,4486.065,24445
20260602,063000,4486.05,4499.445,4485.785,4499.425,17340
20260602,073000,4499.43,4518.4,4497.915,4517.45,16560
20260602,083000,4517.44,4528.26,4515.1,4517.195,20824
20260602,093000,4517.145,4538.455,4517.07,4535.945,26736
20260602,103000,4535.765,4541.63,4528.085,4535.14,20633
20260602,113000,4535.16,4539.255,4526.095,4526.845,22060
20260602,123000,4526.855,4535.76,4521.715,4529.95,21419
20260602,133000,4529.97,4534.085,4524.7,4533.28,14021
20260602,143000,4533.29,4534.845,4525.72,4527.635,14952
20260602,153000,4527.66,4534.19,4513.555,4514.79,26089
20260602,163000,4514.84,4524.91,4503.015,4503.08,43364
20260602,173000,4503.055,4507.065,4490.435,4504.27,47741
20260602,183000,4504.29,4508.64,4500.16,4502.18,25483
20260602,193000,4502.245,4502.85,4486.355,4491.965,24554
20260602,203000,4491.95,4493.22,4482.14,4484.615,21368
20260602,213000,4484.63,4491.075,4478.785,4487.365,16656
20260602,223000,4487.385,4490.375,4483.495,4488.205,14816
20260602,233000,4488.185,4491.14,4486.315,4487.955,5727
20260603,013000,4490.115,4493.32,4484.15,4484.94,11296
20260603,023000,4485.015,4488.91,4462.29,4474.465,30593
20260603,033000,4474.375,4496.885,4474.11,4486.19,18049
20260603,043000,4486.01,4487.81,4463.64,4475.86,36358
20260603,053000,4475.955,4485.335,4472.9,4481.895,20763
20260603,063000,4481.91,4487.655,4481.86,4484.475,12197
20260603,073000,4484.62,4488.44,4468.385,4469.485,9898
20260603,083000,4469.455,4474.455,4456.71,4457.165,22016
20260603,093000,4457.215,4471.06,4455.39,4463.2,33295
20260603,103000,4463.245,4472.375,4453.025,4453.46,25926
20260603,113000,4453.55,4459.495,4440.365,4444.11,25247
20260603,123000,4444.065,4459.135,4439.09,4443.315,24908
20260603,133000,4443.28,4467.185,4441.115,4459.045,32378
20260603,143000,4459.035,4468.19,4458.645,4462.56,22387
20260603,153000,4462.555,4467.255,4448.375,4460.365,27223
20260603,163000,4460.34,4466.205,4426.42,4446.875,68986
20260603,173000,4446.84,4459.745,4442.48,4457.24,58316
20260603,183000,4457.3,4458.515,4436.755,4442.405,42909
20260603,193000,4442.27,4444.05,4433.925,4442,30466
20260603,203000,4442.035,4448.445,4435.73,4439.2,23929
20260603,213000,4439.19,4443.075,4435.535,4442.235,21212
20260603,223000,4442.23,4452.325,4441.605,4444.03,24550
20260603,233000,4444.04,4445.485,4430.635,4434.715,15860
20260604,013000,4431.91,4453.23,4423.965,4449.285,19192
20260604,023000,4449.23,4464.87,4445.64,4457.54,21262
20260604,033000,4457.615,4465.46,4444.245,4448.57,33923
20260604,043000,4448.38,4473.95,4443.18,4465.91,40477
20260604,053000,4465.81,4476.71,4455.63,4475.23,25759
20260604,063000,4475.04,4477.37,4458.52,4463.865,22947
20260604,073000,4463.86,4484.055,4462.47,4481.135,16916
20260604,083000,4481.2,4482.44,4466.98,4469.34,18204
20260604,093000,4469.335,4477.255,4463.075,4467.865,26580
20260604,103000,4467.955,4470.89,4459.66,4461.795,22066
20260604,113000,4461.665,4469.595,4458.665,4463.57,27028
20260604,123000,4463.595,4475.725,4461.035,4470.595,25499
20260604,133000,4470.55,4474.025,4464.35,4473.88,22446
20260604,143000,4473.86,4514.76,4468.785,4511.62,36845
20260604,153000,4511.555,4513.875,4491.185,4504.185,40579
20260604,163000,4504.17,4515.515,4495.515,4495.865,48411
20260604,173000,4495.87,4500.035,4457.36,4466.11,57131
20260604,183000,4466.115,4479.115,4463.78,4477.45,37185
20260604,193000,4477.435,4485.17,4475.37,4482.855,27630
20260604,203000,4482.835,4482.835,4474.09,4478.16,22630
20260604,213000,4478.19,4481.22,4472.775,4478.28,17464
20260604,223000,4478.275,4483.555,4476.2,4480.77,20069
20260604,233000,4480.78,4481.655,4474.455,4475.29,8215
20260605,013000,4474.185,4481.625,4469,4469.87,11709
20260605,023000,4469.805,4474.155,4460.67,4461.915,15290
20260605,033000,4461.93,4467.02,4450.79,4459.55,27819
20260605,043000,4459.565,4470.045,4444.265,4447.02,44803
20260605,053000,4447.07,4455.14,4438.69,4440.575,32170
20260605,063000,4440.56,4444.135,4435.305,4442.615,22234
20260605,073000,4442.66,4446.84,4437.69,4445.065,18108
20260605,083000,4445.085,4450.26,4438.795,4440.085,25688
20260605,093000,4440.06,4456.175,4428.72,4452.95,41427
20260605,103000,4452.945,4467.34,4451.99,4460.955,28595
20260605,113000,4460.86,4468.355,4458.725,4462.795,22344
20260605,123000,4462.715,4469.465,4458.895,4465.025,28610
20260605,133000,4465.03,4468.21,4461.975,4466.61,14046
20260605,143000,4466.595,4475.325,4458.28,4470.22,22206
20260605,153000,4470.305,4475.885,4404.93,4406.605,58814
20260605,163000,4406.65,4421.235,4365.475,4365.755,102799
20260605,173000,4365.865,4379.45,4344.605,4369.81,102931
20260605,183000,4369.86,4372.615,4334.11,4335.645,58252
20260605,193000,4335.58,4345.095,4323.27,4344.68,67296
20260605,203000,4344.85,4347.455,4335.715,4341.965,58559
20260605,213000,4341.97,4342.355,4315.345,4322.485,58978
20260605,223000,4322.55,4325.215,4314.005,4318.73,64388
20260605,233000,4318.745,4330.79,4311.93,4327.885,30967
20260608,013000,4321.55,4330.885,4310.115,4317.53,37175
20260608,023000,4317.64,4347.095,4317.585,4344.16,25977
20260608,033000,4344.175,4353.45,4340.06,4342.45,33776
20260608,043000,4342.55,4346.18,4300.025,4325.83,84875
20260608,053000,4325.82,4330.855,4307.14,4310.82,46097
20260608,063000,4310.785,4317.295,4303.66,4317.145,23917
20260608,073000,4317.235,4322.005,4307.72,4312.98,20360
20260608,083000,4312.975,4316.21,4268.48,4292.19,51578
20260608,093000,4292.145,4311.525,4292.14,4300.16,54339
20260608,103000,4300.16,4316.96,4294.52,4294.59,43347
20260608,113000,4294.44,4297.325,4285.415,4288.82,38168
20260608,123000,4288.84,4302.01,4273.165,4294.455,36142
20260608,133000,4294.495,4305.94,4286.105,4302.19,31900
20260608,143000,4302.165,4333.455,4297.285,4331.425,41859
20260608,153000,4331.435,4339.505,4320.28,4333.34,41290
20260608,163000,4333.345,4346.88,4321.3,4327.185,67054
20260608,173000,4327,4331.705,4314.945,4331.01,59813
20260608,183000,4331.07,4345.775,4322.67,4341.84,39000
20260608,193000,4341.82,4346.4,4337.89,4340.775,41759
20260608,203000,4340.81,4342.525,4332.025,4339.2,45341
20260608,213000,4339.225,4346.005,4333.025,4334.79,29849
20260608,223000,4334.81,4338.295,4323.365,4326.63,33620
20260608,233000,4326.615,4330.4,4324.59,4330.065,10360
20260609,013000,4326.5,4328.93,4322.88,4327.91,7505
20260609,023000,4327.94,4328.915,4312.96,4317.88,13946
20260609,033000,4317.71,4323.775,4315.125,4320.045,33883
20260609,043000,4320.025,4338.945,4318.66,4336.465,36238
20260609,053000,4336.515,4341.005,4328.315,4336.275,25841
20260609,063000,4336.27,4342.275,4331.275,4336.565,22616
20260609,073000,4336.57,4339.36,4324.33,4332.585,13961
20260609,083000,4332.625,4351.56,4330.83,4343.67,25822
20260609,093000,4343.655,4348.995,4330.225,4330.725,27916
20260609,103000,4330.69,4334.895,4322.365,4326.83,27998
20260609,113000,4326.84,4337.02,4321.32,4326.695,25877
20260609,123000,4326.69,4336.32,4324.19,4332.225,18935
20260609,133000,4332.24,4340.965,4325.2,4339.275,18910
20260609,143000,4339.31,4343.86,4335.74,4340.02,15901
20260609,153000,4340.015,4344.39,4334.97,4341.555,27058
20260609,163000,4341.57,4363.72,4325.285,4329.075,51779
20260609,173000,4329.055,4336.22,4278.58,4300.535,100301
20260609,183000,4300.645,4302.235,4263.29,4272.46,95175
20260609,193000,4272.385,4281.295,4236.7,4252.165,131448
20260609,203000,4252.19,4268.235,4251.395,4263.13,82728
20260609,213000,4263.12,4274.345,4259.585,4270.105,45926
20260609,223000,4270.155,4271.675,4249.96,4258.815,52616
20260609,233000,4258.85,4262.195,4255.69,4259.965,12595
20260610,013000,4256.145,4257.605,4232.475,4237.52,19270
20260610,023000,4237.495,4247.43,4210.505,4222.155,31628
20260610,033000,4222.165,4228.5,4199.025,4218.42,51412
20260610,043000,4218.435,4219.2,4183.89,4188.7,64350
20260610,053000,4188.715,4192.455,4173.265,4173.98,45935
20260610,063000,4173.89,4186.555,4173.115,4184.92,30289
20260610,073000,4184.92,4187.215,4172.565,4174.855,25115
20260610,083000,4174.895,4209.155,4173.57,4205.25,41654
20260610,093000,4205.21,4222.005,4201.835,4204.005,40805
20260610,103000,4203.995,4208.14,4181.59,4186.085,35650
20260610,113000,4186.065,4187.385,4161.47,4169.135,50877
20260610,123000,4169.11,4179.65,4163.195,4168.75,38406
20260610,133000,4168.755,4178.785,4155.715,4174.81,36564
20260610,143000,4174.835,4176.325,4145.865,4147.79,63978
20260610,153000,4147.785,4173.98,4130.62,4147.235,86621
20260610,163000,4147.29,4186.42,4133.065,4179.605,105965
20260610,173000,4179.695,4181.215,4117.78,4125,92742
20260610,183000,4124.985,4137.06,4107.03,4128.92,108166
20260610,193000,4128.98,4135.385,4116.16,4122.13,79215
20260610,203000,4122.085,4135.08,4100.985,4111.72,64716
20260610,213000,4111.78,4120.51,4097.095,4101.67,51443
20260610,223000,4101.69,4102.25,4081.73,4082.775,56670
20260610,233000,4082.75,4083.185,4067.24,4072.015,22864
20260611,013000,4061.7,4069.38,4036.06,4046.485,38856
20260611,023000,4046.53,4064.965,4023.87,4047.445,41063
20260611,033000,4047.475,4078.15,4036.03,4075.92,77131
20260611,043000,4075.725,4118.395,4066.315,4101.91,78627
20260611,053000,4102.065,4102.815,4052.295,4068.03,63128
20260611,063000,4068.055,4078.705,4057.04,4072.675,39829
20260611,073000,4072.665,4086.155,4070.26,4082.93,27826
20260611,083000,4082.935,4106.325,4072.885,4094.355,38880
20260611,093000,4094.28,4097.58,4076.52,4094.485,33954
20260611,103000,4094.49,4110.64,4091.845,4104.925,37181
20260611,113000,4104.845,4112.725,4084.7,4084.715,35862
20260611,123000,4084.71,4096.54,4077.645,4091.745,26825
20260611,133000,4091.695,4094.74,4086.71,4090.07,22926
20260611,143000,4090.065,4096.07,4079.975,4080.395,34500
20260611,153000,4080.5,4087.31,4057.55,4081.97,65297
20260611,163000,4081.98,4092.92,4067.285,4083.235,88003
20260611,173000,4083.275,4085.57,4052.975,4073.41,91569
20260611,183000,4073.405,4095.655,4070.38,4088.905,73020
20260611,193000,4088.905,4107.755,4078.03,4080.375,57738
20260611,203000,4080.38,4170.095,4072.02,4151.895,119056
20260611,213000,4151.925,4171.76,4131.455,4161.87,105890
20260611,223000,4161.94,4220.22,4161.94,4208.91,91176
20260611,233000,4208.97,4218.69,4208.17,4211.195,25413
20260612,013000,4208.535,4246.715,4205.51,4243.515,25075
20260612,023000,4243.505,4246.09,4214.28,4219.915,29203
20260612,033000,4219.815,4230.53,4200.875,4208.435,53214
20260612,043000,4208.405,4210.98,4171.405,4186.71,57754
20260612,053000,4186.645,4200.03,4182.91,4191.475,30935
20260612,063000,4191.375,4204.995,4189.425,4197.17,23229
20260612,073000,4197.195,4201.27,4189.685,4189.92,14947
20260612,083000,4189.885,4193.03,4171.005,4173.47,34266
20260612,093000,4173.51,4185.77,4172.385,4184.12,33176
20260612,103000,4184.05,4194.53,4170.29,4194.53,35532
20260612,113000,4194.495,4226.13,4192.165,4219.545,58411
20260612,123000,4219.55,4228.07,4217.45,4221.995,35848
20260612,133000,4222.01,4225.71,4202.945,4211.055,33288
20260612,143000,4211.005,4215.43,4197.735,4206.915,28107
20260612,153000,4206.93,4215.43,4188.59,4191.76,39322
20260612,163000,4191.795,4210.325,4182.88,4186.575,85849
20260612,173000,4186.545,4208.62,4177.25,4204.07,88748
20260612,183000,4204.065,4235.69,4200.38,4212.12,73683
20260612,193000,4212.155,4233.085,4208.2,4216.155,69637
20260612,203000,4216.19,4226.525,4214.03,4221.515,43835
20260612,213000,4221.535,4235.485,4214.215,4215.625,40654
20260612,223000,4215.575,4219.565,4201.82,4210.8,39290
20260612,233000,4210.78,4219.52,4209.505,4218.56,11204
20260615,013000,4301.665,4309.19,4280.395,4285.675,26344
20260615,023000,4285.705,4295.225,4281.24,4294.04,14962
20260615,033000,4294.045,4308.42,4291.635,4292.545,25251
20260615,043000,4292.635,4319.715,4285.32,4316.94,46727
20260615,053000,4316.905,4335.57,4316.28,4329.65,25146
20260615,063000,4329.64,4331.395,4321.26,4325.1,18953
20260615,073000,4325.195,4330.44,4320.76,4328.345,10852
20260615,083000,4328.33,4333.05,4307.57,4310.135,21491
20260615,093000,4310.15,4313.48,4301.005,4308.125,29329
20260615,103000,4308.185,4325.375,4305.41,4323.24,25345
20260615,113000,4323.22,4345.555,4321.875,4334.14,26654
20260615,123000,4334.145,4343.285,4334.145,4336.78,21398
20260615,133000,4336.885,4341.585,4335.4,4338.31,15368
20260615,143000,4338.31,4347.575,4331.99,4335.505,22235
20260615,153000,4335.525,4349.41,4324.8,4349.15,31256
20260615,163000,4349.135,4369.085,4341.32,4355.215,55163
20260615,173000,4355.2,4369.665,4353.91,4356.89,52954
20260615,183000,4356.88,4360.855,4349.655,4356.345,35372
20260615,193000,4356.395,4358.825,4334.65,4339.19,28606
20260615,203000,4339.26,4339.26,4320.545,4324.955,30858
20260615,213000,4324.965,4328.015,4318.06,4325.75,22011
20260615,223000,4325.68,4326.825,4316.73,4320.71,22517
20260615,233000,4320.725,4322.095,4306.545,4308.85,11254
20260616,013000,4312.985,4315.44,4306.11,4312.215,10025
20260616,023000,4312.22,4319.33,4311.485,4315.705,10672
20260616,033000,4315.665,4320.955,4306.985,4319.295,20381
20260616,043000,4319.305,4326.02,4312.27,4313.6,32646
20260616,053000,4313.615,4321.08,4307.7,4318.855,17493
20260616,063000,4318.805,4333.375,4315.515,4330.475,15854
20260616,073000,4330.45,4332.245,4321.315,4322.63,13724
20260616,083000,4322.65,4331,4314.24,4315.84,21252
20260616,093000,4315.825,4324.525,4313.53,4323.835,20250
20260616,103000,4323.99,4335.585,4322.665,4335.105,21220
20260616,113000,4335.1,4348.105,4332.715,4347.02,20365
20260616,123000,4347.03,4348.505,4338.41,4345.205,18789
20260616,133000,4345.2,4349.14,4342.34,4349.14,13652
20260616,143000,4349.045,4349.655,4335.165,4341.005,19476
20260616,153000,4341.025,4354.95,4337.5,4354.66,28473
20260616,163000,4354.57,4354.835,4331.67,4331.855,41810
20260616,173000,4331.82,4338.89,4313.32,4324.19,48743
20260616,183000,4324.11,4343.445,4321.025,4335.35,39758
20260616,193000,4335.305,4347.145,4334.975,4340.6,31532
20260616,203000,4340.57,4341.2,4325.37,4340.215,28195
20260616,213000,4340.235,4342.94,4336.235,4338.58,19677
20260616,223000,4338.66,4342.92,4330.69,4334.105,27469
20260616,233000,4334.06,4335.015,4329.69,4331.28,9878
20260617,013000,4331.69,4336.255,4328.975,4335.45,6903
20260617,023000,4335.445,4338.57,4329.58,4331.025,6342
20260617,033000,4331.03,4341.785,4328.615,4337.06,17420
20260617,043000,4336.995,4349.605,4334.265,4340.955,23764
20260617,053000,4340.965,4344.545,4329.74,4331.73,18451
20260617,063000,4331.72,4334.29,4328.79,4332.305,12899
20260617,073000,4332.31,4334.18,4317.665,4326.845,12166
20260617,083000,4326.87,4334.285,4321.125,4326.685,17320
20260617,093000,4326.81,4331.92,4320.575,4331.82,20043
20260617,103000,4331.785,4332.825,4324.73,4325.275,18021
20260617,113000,4325.325,4328.08,4317.19,4324.72,21141
20260617,123000,4324.67,4335.81,4321.29,4329.64,18852
20260617,133000,4329.64,4335.225,4326.735,4331.49,18714
20260617,143000,4331.58,4332.165,4321.04,4323.285,19927
20260617,153000,4323.315,4335.79,4319.94,4333.68,21002
20260617,163000,4333.675,4345.27,4324.09,4339.705,38917
20260617,173000,4339.695,4364.09,4330.95,4344.7,59442
20260617,183000,4344.67,4364.935,4343.82,4363.575,36297
20260617,193000,4363.545,4366.555,4355.14,4359.515,18925
20260617,203000,4359.505,4382.615,4355.335,4379.55,33076
20260617,213000,4379.505,4379.505,4270.2,4286.52,183446
20260617,223000,4286.535,4295.7,4219.165,4236.055,150070
20260617,233000,4235.99,4269.855,4235.205,4257.65,38820
20260618,013000,4257.675,4271.645,4257.675,4267.02,16002
20260618,023000,4267,4283.89,4264.245,4278.08,19831
20260618,033000,4278.09,4315.39,4276.625,4308.39,40614
20260618,043000,4308.355,4328.545,4306.83,4318.045,40660
20260618,053000,4318.05,4329.865,4310.365,4310.96,25585
20260618,063000,4310.94,4322.73,4309.225,4319.635,16463
20260618,073000,4319.745,4324.055,4309.82,4315.68,13181
20260618,083000,4315.685,4324.91,4301.355,4308.105,25823
20260618,093000,4308.14,4310.035,4296.23,4306.66,32127
20260618,103000,4306.675,4309.375,4287.445,4288.645,25313
20260618,113000,4288.665,4293.015,4265.6,4266.965,30470
20260618,123000,4267.03,4273.365,4259.875,4268.64,27464
20260618,133000,4268.61,4272.985,4254.85,4255.66,29593
20260618,143000,4255.69,4255.995,4240.07,4242.04,35162
20260618,153000,4242.035,4269.225,4240.55,4246.79,45449
20260618,163000,4246.775,4276.745,4245.09,4256.755,67269
20260618,173000,4256.795,4257.98,4237.265,4252.345,70836
20260618,183000,4252.365,4254.845,4223.2,4226.69,62288
20260618,193000,4226.75,4233.465,4214.165,4219.65,47731
20260618,203000,4219.675,4233.225,4218.805,4230.29,35963
20260618,213000,4230.305,4233.235,4218.34,4218.605,34594
20260618,223000,4218.715,4219.29,4201.495,4217.205,40883
20260618,233000,4217.21,4219.685,4207.685,4208.995,14757
20260619,013000,4204.63,4210.695,4202.685,4207.54,8019
20260619,023000,4207.585,4208.55,4186.94,4188.445,17724
20260619,033000,4188.44,4198.245,4184.075,4190.62,28562
20260619,043000,4190.625,4194.665,4184.125,4184.995,17985
20260619,053000,4184.955,4186.335,4171.955,4176.425,20169
20260619,063000,4176.395,4177.355,4146.05,4153.68,20457
20260619,073000,4153.685,4155.33,4125.225,4125.685,27769
20260619,083000,4125.63,4141.84,4121.955,4139.77,25307
20260619,093000,4139.765,4150.87,4133.065,4147.775,28245
20260619,103000,4147.665,4163.355,4147.665,4158.215,22115
20260619,113000,4158.22,4178.525,4155.435,4169.325,24418
20260619,123000,4169.31,4171.08,4161.18,4163.025,17090
20260619,133000,4163.03,4163.285,4148.2,4149.835,19097
20260619,143000,4149.72,4155.105,4142.035,4152.71,20148
20260619,153000,4152.805,4180.12,4147.445,4179.07,33170
20260619,163000,4179.06,4183.125,4150.565,4151.54,37503
20260619,173000,4151.525,4154.765,4142.545,4149.485,24966
20260619,183000,4149.475,4154.155,4147.835,4151.25,16664
20260619,193000,4151.24,4157.985,4144.32,4155.405,16524
20260622,013000,4157.1,4160.11,4147.905,4156.44,17322
20260622,023000,4156.43,4164.945,4136.695,4140.385,22897
20260622,033000,4140.405,4201.24,4140.095,4201.185,46189
20260622,043000,4201.27,4221.37,4189.735,4191.225,64214
20260622,053000,4191.24,4200.29,4183.54,4188.575,29212
20260622,063000,4188.59,4190.065,4170.805,4171.635,22507
20260622,073000,4171.57,4182.345,4170.695,4181.945,15122
20260622,083000,4181.82,4198.66,4179.51,4193.96,27483
20260622,093000,4193.925,4207.355,4191.31,4197.59,33701
20260622,103000,4197.62,4201.945,4188.87,4190.49,24198
20260622,113000,4190.5,4197.945,4188.645,4197.455,26699
20260622,123000,4197.425,4210.215,4195.985,4208.23,27026
20260622,133000,4208.21,4214.42,4203.715,4204.795,18735
20260622,143000,4204.8,4215.255,4201.61,4207.555,24193
20260622,153000,4207.57,4212,4192.24,4193.295,26327
20260622,163000,4193.29,4205.8,4183,4199.875,62685
20260622,173000,4199.925,4210.78,4186.48,4198.385,64062
20260622,183000,4198.39,4201.455,4169.82,4182.805,48585
20260622,193000,4182.85,4193.23,4174.405,4190.13,29077
20260622,203000,4190.235,4191.725,4177.165,4183.235,25880
20260622,213000,4183.31,4192.915,4182.67,4191.34,22287
20260622,223000,4191.36,4193.47,4184.23,4190.755,24428
20260622,233000,4190.8,4193.835,4188.72,4191.69,7790
20260623,013000,4192.855,4194.86,4188.445,4189.975,7371
20260623,023000,4189.965,4195.255,4186.875,4187.615,7872
20260623,033000,4187.585,4194.74,4178.485,4193.49,26635
20260623,043000,4193.345,4198.605,4150.025,4161.305,51837
20260623,053000,4161.32,4163.4,4146.545,4146.99,29081
20260623,063000,4146.95,4149.95,4130.965,4144.195,29653
20260623,073000,4144.35,4147.065,4114.825,4118.325,18426
20260623,083000,4118.36,4137.595,4115.58,4121.245,40210
20260623,093000,4121.195,4127.17,4110.335,4114.49,48003
20260623,103000,4114.455,4124.92,4096.61,4098.98,50185
20260623,113000,4098.99,4111.05,4091.03,4105.34,43925
20260623,123000,4105.32,4122.375,4103.945,4122.375,28607
20260623,133000,4122.42,4133.48,4119.565,4119.68,32900
20260623,143000,4119.67,4132.11,4117.44,4123.405,34206
20260623,153000,4123.445,4127.48,4111.72,4113.305,40887
20260623,163000,4113.295,4140.39,4105.43,4135.39,72569
20260623,173000,4135.35,4145.215,4122.775,4130.08,71865
20260623,183000,4130.075,4141.82,4123.485,4138.71,53457
20260623,193000,4138.755,4143.94,4131.645,4134.385,29357
20260623,203000,4134.355,4139.955,4127.79,4128.1,29371
20260623,213000,4128.12,4131.16,4112.88,4117.88,25733
20260623,223000,4117.895,4126.215,4111.675,4111.795,38801
20260623,233000,4111.845,4113.035,4107.53,4110.745,13154
20260624,013000,4111.71,4115.235,4097.01,4104.275,23094
20260624,023000,4104.26,4104.355,4080.895,4099.25,31118
20260624,033000,4099.27,4112.135,4093.82,4097.5,43356
20260624,043000,4097.55,4102.51,4068.52,4089.075,67109
20260624,053000,4088.96,4096.335,4052.07,4061.275,44603
20260624,063000,4061.22,4070.705,4050.47,4062.835,38964
20260624,073000,4062.87,4067.34,4055.035,4064.635,29208
20260624,083000,4064.475,4086.24,4060.86,4075.85,34957
20260624,093000,4075.74,4097.73,4075.63,4087.135,44055
20260624,103000,4087.075,4090.845,4073.795,4074.925,30135
20260624,113000,4074.94,4087.76,4073.185,4076.385,28471
20260624,123000,4076.39,4079.36,4064.26,4064.655,27509
20260624,133000,4064.82,4066.96,4054.6,4055.805,31312
20260624,143000,4055.855,4058.615,4037.585,4046.78,50319
20260624,153000,4046.765,4048.86,3987.655,3987.93,72949
20260624,163000,3988.115,4042.26,3964.645,4038.365,126230
20260624,173000,4038.33,4041.025,4003.075,4008.05,89792
20260624,183000,4008.17,4016.97,3997.37,4002.635,62681
20260624,193000,4002.605,4022.435,3995.615,4006.845,54998
20260624,203000,4006.865,4011.49,3972.78,3972.9,68466
20260624,213000,3973.035,3994.34,3959.08,3981.535,73663
20260624,223000,3981.74,3990.875,3973.67,3988.055,51361
20260624,233000,3988.07,4003,3984.71,3999.5,29631
20260625,013000,4006.955,4007.825,3992.905,3996.475,12851
20260625,023000,3996.5,4018.825,3990.87,4012.5,21130
20260625,033000,4012.47,4016.42,3978.5,3991.775,46465
20260625,043000,3991.71,4005.825,3972.425,3976.92,79489
20260625,053000,3976.91,3991.35,3962.475,3982.83,54862
20260625,063000,3982.845,4001.125,3966.335,3995.365,42222
20260625,073000,3995.4,3997.76,3983.605,3996.225,28670
20260625,083000,3996.205,4000.215,3980.535,3986.73,41499
20260625,093000,3986.545,3989.465,3974.12,3977.655,41061
20260625,103000,3977.68,3989.765,3971.695,3987.835,36460
20260625,113000,3987.885,4002.11,3984.355,3989.17,36559
20260625,123000,3989.24,3997.72,3986.095,3988.245,27365
20260625,133000,3988.265,3989.52,3981.355,3984.39,19452
20260625,143000,3984.595,3987.86,3973.64,3980.14,25338
20260625,153000,3980.2,4019.38,3978.84,4012.67,66020
20260625,163000,4012.68,4034.225,4000.98,4002.365,94904
20260625,173000,4002.36,4028.55,3999.17,4011.925,95752
20260625,183000,4011.92,4042.755,4005.02,4041.525,79890
20260625,193000,4041.49,4044.085,4023.88,4028.73,47003
20260625,203000,4028.78,4036.83,4026.88,4034.725,40208
20260625,213000,4034.735,4044.14,4026.025,4034.8,43424
20260625,223000,4034.88,4043.87,4021.965,4026.83,38254
20260625,233000,4026.745,4035.155,4024.51,4026.92,13962
20260626,013000,4030.09,4036.505,4019.935,4026.44,18166
20260626,023000,4026.28,4030.535,4012.815,4014.555,16021
20260626,033000,4014.635,4024.735,4011.575,4020.495,36146
20260626,043000,4020.505,4030.015,4014.315,4020.915,44852
20260626,053000,4020.875,4023.355,3982.95,3990.61,35944
20260626,063000,3990.56,4006.685,3986.645,4004.52,31044
20260626,073000,4004.51,4015.295,3998.935,4011.705,25929
20260626,083000,4011.71,4021.57,4005.63,4008.19,29809
20260626,093000,4008.205,4033.185,4006.795,4032.115,40822
20260626,103000,4032.1,4039.875,4026.81,4030.565,24542
20260626,113000,4030.525,4037.805,4025.86,4030.94,24923
20260626,123000,4030.945,4054.16,4029.59,4047.185,30610
20260626,133000,4047.175,4054.995,4042.42,4054.705,20448
20260626,143000,4054.73,4055.76,4042.61,4045.965,23019
20260626,153000,4045.985,4061.615,4035.935,4058.99,31772
20260626,163000,4059.035,4078.265,4043.23,4073.77,87952
20260626,173000,4073.75,4093.15,4067.805,4080.585,70381
20260626,183000,4080.63,4095.985,4075.72,4090.625,41829
20260626,193000,4090.71,4093.785,4082.21,4085.2,29516
20260626,203000,4085.225,4088.215,4073.825,4074.85,28429
20260626,213000,4074.865,4079.02,4067.275,4067.46,19781
20260626,223000,4067.48,4074.695,4064.705,4071.815,26051
20260626,233000,4071.845,4091.205,4064.795,4088.385,25892
20260629,013000,4075.86,4083.82,4053.375,4066.425,22290
20260629,023000,4066.385,4070.545,4052.145,4063.115,20993
20260629,033000,4063.08,4074.33,4048.15,4069.41,45243
20260629,043000,4069.415,4074.75,4053.77,4061.6,50462
20260629,053000,4061.59,4071.85,4058.53,4066.24,35045
20260629,063000,4066.185,4076.015,4064.92,4068.895,24922
20260629,073000,4068.88,4069.125,4049.665,4052.335,20270
20260629,083000,4052.23,4057.505,4039.325,4054.475,38616
20260629,093000,4054.415,4064.88,4053.585,4062.365,31445
20260629,103000,4062.405,4068.83,4056.185,4061.72,24292
20260629,113000,4061.63,4066.78,4043.875,4047.28,27602
20260629,123000,4047.26,4055.485,4024.44,4031.66,30429
20260629,133000,4031.65,4039.855,4027.545,4037.015,22172
20260629,143000,4037.02,4042.34,4027.51,4039.285,21929
20260629,153000,4039.38,4052.61,4037.605,4043.75,25443
20260629,163000,4043.785,4051.935,4028.315,4032.265,45555
20260629,173000,4032.36,4035.62,4000.325,4025.745,72757
20260629,183000,4025.71,4030.525,4016.84,4026.96,38256
20260629,193000,4026.975,4028.765,4018.755,4023.975,21601
20260629,203000,4023.98,4032.17,4019.405,4021.055,20355
20260629,213000,4021.07,4025.41,4012.02,4013.58,14911
20260629,223000,4013.57,4019.675,4005.435,4015.955,21525
20260629,233000,4015.91,4018.115,4012.82,4016.955,6714
20260630,013000,4018.65,4022.455,4009.57,4014.235,9616
20260630,023000,4014.365,4022.505,4013.675,4015.1,12023
20260630,033000,4015.05,4015.4,3979.98,3987.34,36097
20260630,043000,3987.325,3987.505,3942.1,3969.76,69183
20260630,053000,3969.59,3973.645,3952.135,3963.13,45131
20260630,063000,3963.01,3971.42,3960.255,3970.06,32643
20260630,073000,3969.975,3998.27,3968.165,3985.585,25583
20260630,083000,3985.575,3991.02,3975.23,3978.05,30897
20260630,093000,3978.035,4034.325,3978.035,4029.625,54536
20260630,103000,4029.68,4034.86,4023.785,4032.28,24956
20260630,113000,4032.285,4037.665,4013.8,4015.725,30317
20260630,123000,4015.695,4023.955,4012.47,4023.955,18688
20260630,133000,4023.985,4031.385,4021.565,4029.895,17311
20260630,143000,4029.85,4037.43,4025.45,4034.05,24214
20260630,153000,4033.99,4034.56,4008.74,4009.97,30740
20260630,163000,4010.025,4033.46,4009.455,4029.375,65636
20260630,173000,4029.415,4063.48,4025.425,4037.405,68285
20260630,183000,4037.455,4039.53,4022.335,4029.365,45191
20260630,193000,4029.335,4034.015,4025.86,4026.175,20865
20260630,203000,4026.145,4032.265,4020.765,4030.885,21283
20260630,213000,4030.875,4033.925,4028.24,4028.55,15825
20260630,223000,4028.56,4029.605,4014.73,4015.97,25135
20260630,233000,4015.985,4021.265,4006.58,4007.525,15689
20260701,013000,4014.34,4018.175,4011.085,4013.245,7494
20260701,023000,4013.3,4018.505,4005.505,4005.835,12231
20260701,033000,4005.86,4009.915,3993.21,3996.72,25472
20260701,043000,3996.77,3999.9,3974.1,3977.995,48375
20260701,053000,3978.005,3986.25,3970.395,3979.395,28152
20260701,063000,3979.38,3987.095,3976.765,3980.58,18028
20260701,073000,3980.615,3982.985,3972.515,3976.7,16367
20260701,083000,3976.685,3979.15,3969.98,3974.13,25118
20260701,093000,3974.135,3977.605,3963.34,3971.99,27645
20260701,103000,3971.965,3978.585,3960.275,3976.065,28186
20260701,113000,3976.1,3984.555,3969.465,3974.665,22458
20260701,123000,3974.645,3986.145,3972.95,3984.545,18330
20260701,133000,3984.535,3998.75,3981.39,3998.41,17023
20260701,143000,3998.51,4035.595,3997.975,4030.475,34963
20260701,153000,4030.5,4034.045,4019.65,4022.905,40045
20260701,163000,4022.93,4108.205,4012.865,4089.65,100187
20260701,173000,4090.045,4115.81,4082.925,4093.46,79531
20260701,183000,4093.475,4094.665,4076.75,4081.16,44440
20260701,193000,4081.165,4088.435,4070.55,4071.285,35742
20260701,203000,4071.18,4073.725,4067.33,4068.21,30865
20260701,213000,4068.21,4070.85,4057.865,4062.19,23206
20260701,223000,4062.175,4068.365,4034.58,4038.88,28938
20260701,233000,4038.87,4039.83,4028.265,4031.705,20575
20260702,013000,4038.71,4045.155,4035.155,4045.035,7605
20260702,023000,4045.025,4045.185,4033.245,4035.325,11553
20260702,033000,4035.335,4052.795,4030.895,4052.095,27055
20260702,043000,4052.14,4068.73,4045.29,4050.32,42256
20260702,053000,4050.315,4061.065,4041.515,4057.085,26133
20260702,063000,4057.09,4074.235,4055.51,4070.03,22615
20260702,073000,4070.025,4073.325,4060.77,4060.87,16829
20260702,083000,4060.885,4067.865,4053.245,4066.275,24051
20260702,093000,4066.36,4079.92,4066.11,4073.275,35407
20260702,103000,4073.305,4075.585,4060.815,4064.375,26524
20260702,113000,4064.34,4080.12,4061.475,4076.19,29260
20260702,123000,4076.195,4077.225,4064.095,4065.275,20336
20260702,133000,4065.425,4068.8,4061.665,4066.365,17218
20260702,143000,4066.37,4072.325,4057.44,4065.33,22766
20260702,153000,4065.34,4140.525,4061.31,4117.58,81329
20260702,163000,4117.55,4144.08,4109.445,4136.79,99944
20260702,173000,4136.81,4138.265,4114.06,4128.655,79793
20260702,183000,4128.64,4131.665,4114.745,4128.54,64073
20260702,193000,4128.6,4130.39,4100.355,4118.185,44173
20260702,203000,4118.02,4120.045,4105.855,4106.89,38312
20260702,213000,4106.815,4127.09,4105.895,4122.75,32236
20260702,223000,4122.755,4124.485,4108.295,4121.425,28484
20260702,233000,4121.385,4125.19,4116.365,4123.605,9063
20260703,013000,4125.815,4128.335,4122.62,4124.745,4242
20260703,023000,4124.725,4135.08,4121.47,4126.105,13260
20260703,033000,4126.015,4151.14,4122.775,4147.115,36066
20260703,043000,4147.175,4195.51,4146.725,4182.51,51076
20260703,053000,4182.525,4186.86,4176.485,4183.425,21739
20260703,063000,4183.4,4184.62,4175.205,4176.07,14636
20260703,073000,4176.02,4183.06,4173.085,4179.065,9110
20260703,083000,4179.055,4182.08,4169.165,4171.335,16435
20260703,093000,4171.33,4174.515,4160.415,4173.11,22495
20260703,103000,4173.145,4181.665,4169.39,4177.535,18191
20260703,113000,4177.55,4186.655,4176.9,4181.14,19502
20260703,123000,4181.09,4182.08,4168.57,4172.115,13987
20260703,133000,4172.08,4181.275,4170.865,4177.16,12987
20260703,143000,4177.09,4186.46,4175.64,4181.025,10883
20260703,153000,4181.04,4183.29,4172.255,4176.775,13445
20260703,163000,4176.905,4179.38,4163.705,4164.76,31762
20260703,173000,4164.9,4171.295,4155.41,4170,19242
20260703,183000,4169.99,4174.51,4164.54,4164.825,15090
20260703,193000,4164.815,4176.58,4163,4175.695,13390
20260706,013000,4180.345,4191.665,4177.305,4188.315,17952
20260706,023000,4188.31,4202.225,4177.22,4183.285,19994
20260706,033000,4183.275,4189.085,4170.295,4179.715,34854
20260706,043000,4179.525,4202.705,4172.795,4186.07,40886
20260706,053000,4186.265,4187.905,4168.71,4174.29,34969
20260706,063000,4174.215,4176.53,4161.175,4165.375,22762
20260706,073000,4165.36,4166.78,4157.525,4159.87,14507
20260706,083000,4159.85,4161.09,4144.83,4148.135,25811
20260706,093000,4148.13,4159.63,4145.91,4150.475,22039
20260706,103000,4150.465,4166.52,4147.255,4164.58,18989
20260706,113000,4164.68,4166.14,4147.265,4150.52,18377
20260706,123000,4150.53,4151.25,4136.555,4143.24,21347
20260706,133000,4143.225,4155.92,4142.095,4154.93,16010
20260706,143000,4154.885,4159.6,4151.54,4155.265,16278
20260706,153000,4155.28,4158.525,4131.52,4139.65,27329
20260706,163000,4139.66,4150.625,4136.055,4140.835,50631
20260706,173000,4140.1,4147.25,4128.51,4138.25,41843
20260706,183000,4138.23,4152.185,4137.54,4148.43,26457
20260706,193000,4148.48,4156.34,4140.295,4155.14,17561
20260706,203000,4155.15,4161.65,4150.455,4161.26,21629
20260706,213000,4161.295,4167.59,4155.435,4164.08,16751
20260706,223000,4164.075,4165.53,4158.895,4163.81,18745
20260706,233000,4163.805,4165.17,4160.77,4165.115,7427
20260707,013000,4164.735,4168.65,4164.15,4164.275,6584
20260707,023000,4164.29,4165.77,4157.005,4157.425,8291
20260707,033000,4157.435,4162.75,4145.195,4146.13,28950
20260707,043000,4146.095,4148.07,4125.7,4141.91,31221
20260707,053000,4141.975,4145.39,4131.59,4136.815,23346
20260707,063000,4136.805,4140.35,4124.535,4131.3,26728
20260707,073000,4131.355,4141.415,4126.065,4126.835,18115
20260707,083000,4126.885,4131.535,4116.7,4124.15,26659
20260707,093000,4124.145,4133.03,4121.675,4130.54,25913
20260707,103000,4130.535,4133.665,4124.465,4124.815,17851
20260707,113000,4124.765,4139.395,4121.94,4126.08,24338
20260707,123000,4126.065,4133.9,4119.81,4131.235,21283
20260707,133000,4131.22,4138.875,4131.205,4135.83,17618
20260707,143000,4135.835,4158.36,4131.84,4157.175,21076
20260707,153000,4157.185,4175.085,4154.625,4172.4,34441
20260707,163000,4172.505,4180.52,4156.16,4158.71,53682
20260707,173000,4158.64,4163.95,4143.73,4154.32,61774
20260707,183000,4154.215,4155.7,4135.945,4139.055,34651
20260707,193000,4139.07,4147.31,4137.135,4145.235,21651
20260707,203000,4145.19,4148.345,4140.685,4144.575,25446
20260707,213000,4144.635,4145.365,4125.23,4127.105,32469
20260707,223000,4127.06,4127.88,4092.295,4114.215,63853
20260707,233000,4114.205,4115.905,4103.53,4106.12,11462
20260708,013000,4105.04,4106.35,4095.74,4098.375,12557
20260708,023000,4098.355,4108.01,4096.065,4098.775,17507
20260708,033000,4098.78,4126.82,4097.125,4111.74,37135
20260708,043000,4111.58,4117.89,4096.56,4111.23,50266
20260708,053000,4111.275,4125.11,4106.08,4114.57,29206
20260708,063000,4114.61,4131.22,4114.56,4123.55,24381
20260708,073000,4123.45,4128.955,4120.61,4125.295,17215
20260708,083000,4125.29,4133.99,4121.26,4127.925,27680
20260708,093000,4127.895,4133.805,4122.245,4123.67,33088
20260708,103000,4123.665,4127.27,4114.9,4121.36,26061
20260708,113000,4121.345,4121.365,4052.285,4057.005,90784
20260708,123000,4056.93,4061.105,4041.565,4043.515,53517
20260708,133000,4043.545,4058.77,4040.575,4053.165,34547
20260708,143000,4053.155,4072.845,4041.55,4062.335,39085
20260708,153000,4062.235,4086.445,4058.885,4072.325,51118
20260708,163000,4072.33,4083.185,4065.34,4070.895,83941
20260708,173000,4070.825,4071.585,4033.885,4040.915,76163
20260708,183000,4040.955,4043.96,4021.815,4034.46,68804
20260708,193000,4034.49,4064.48,4033.225,4063.87,62249
20260708,203000,4063.875,4076.495,4059.77,4065.53,39391
20260708,213000,4065.45,4091.67,4063.5,4084.285,46558
20260708,223000,4084.275,4091.375,4078.425,4080.055,43166
20260708,233000,4080.04,4083.64,4071.645,4077.12,16881
20260709,013000,4074.405,4079.885,4073.475,4076.57,12811
20260709,023000,4076.575,4077.905,4072.26,4076.285,8944
20260709,033000,4076.185,4090.02,4070.38,4073.97,29701
20260709,043000,4073.985,4078.895,4062.475,4073.09,35588
20260709,053000,4073.185,4082.83,4064.525,4065.195,27796
20260709,063000,4065.19,4067.8,4054.4,4064.25,23622
20260709,073000,4064.37,4064.705,4056.455,4064.405,14617
20260709,083000,4064.4,4084.325,4063.85,4082.02,29387
20260709,093000,4081.995,4108.185,4081.44,4108.04,33586
20260709,103000,4108.065,4111.24,4101.54,4107.95,23244
20260709,113000,4108.02,4118.005,4105.315,4108.34,21891
20260709,123000,4108.34,4112.52,4103.09,4106.355,19777
20260709,133000,4106.35,4110.22,4093.855,4099.23,19260
20260709,143000,4099.205,4110.59,4097.915,4108.61,25525
20260709,153000,4108.605,4122.63,4105.225,4107.69,30747
20260709,163000,4107.665,4129.59,4106.875,4122.085,42545
20260709,173000,4122.015,4136.605,4114.305,4127.84,43911
20260709,183000,4127.915,4132.84,4124.885,4126.885,29853
20260709,193000,4126.885,4138.035,4125.785,4128.155,25540
20260709,203000,4128.115,4138.06,4125.095,4136.24,26131
20260709,213000,4136.225,4136.48,4121.53,4124.59,18260
20260709,223000,4124.58,4127.06,4118.91,4122.56,17182
20260709,233000,4122.44,4125.745,4120.7,4123.79,8011
20260710,013000,4125.25,4127.815,4121.65,4121.9,6938
20260710,023000,4121.94,4125.24,4121.065,4123.535,6240
20260710,033000,4123.54,4128.47,4114.545,4126.51,18923
20260710,043000,4126.565,4131.26,4108.72,4116.895,32201
20260710,053000,4116.995,4129.105,4116.12,4127.77,17069
20260710,063000,4127.76,4134.92,4119.55,4120.355,15280
20260710,073000,4120.375,4121.285,4112.265,4115.32,16644
20260710,083000,4115.315,4117.285,4108.39,4116.89,20755
20260710,093000,4116.845,4120.19,4111.16,4111.785,19483
20260710,103000,4111.68,4115.52,4104.44,4109.07,13945
20260710,113000,4108.985,4109.65,4094.86,4098.03,17988
20260710,123000,4098.02,4105.625,4094.535,4104.5,12612
20260710,133000,4104.525,4112.815,4104.28,4104.67,11658
20260710,143000,4104.595,4108.205,4096.155,4102.415,12603
20260710,153000,4102.465,4117.585,4097.63,4100.765,22962
20260710,163000,4100.865,4106.765,4085.855,4099.995,37588
20260710,173000,4099.99,4109.145,4072.8,4092.94,56908
20260710,183000,4092.945,4113.595,4091.46,4113.115,35320
20260710,193000,4113.215,4115.51,4104.48,4104.525,20825
20260710,203000,4104.52,4107.035,4100.58,4100.785,17505
20260710,213000,4100.815,4105.58,4098.21,4101.375,16444
20260710,223000,4101.415,4109.155,4097.925,4108.465,16791
20260710,233000,4108.47,4121.375,4108.4,4120.67,8980
20260713,013000,4090.98,4094.82,4069.68,4076.745,20982
20260713,023000,4076.795,4084.885,4068.61,4084.7,24059
20260713,033000,4084.72,4091.295,4061.115,4074.105,39652
20260713,043000,4074.36,4089.905,4065.74,4072.59,54529
20260713,053000,4072.74,4077.405,4064.695,4068.735,41305
20260713,063000,4068.57,4069.545,4053.27,4060.66,25571
20260713,073000,4060.69,4060.69,4050.465,4058.95,21116
20260713,083000,4058.935,4073.27,4052.17,4053.76,41244
20260713,093000,4053.765,4063.72,4044.06,4055.655,37585
20260713,103000,4055.66,4065.225,4049.045,4065.055,25410
20260713,113000,4065.04,4080.845,4063.29,4074.585,36359
20260713,123000,4074.555,4076.715,4068.18,4068.43,21590
20260713,133000,4068.26,4070.705,4046.43,4060.815,25857
20260713,143000,4060.835,4068.63,4055.08,4056.525,30974
20260713,153000,4056.55,4067.6,4053.62,4067.56,34620
20260713,163000,4067.61,4067.8,4042.005,4043.425,59843
20260713,173000,4043.39,4047.025,4000.23,4015.415,102254
20260713,183000,4015.4,4020.355,4010.37,4016.09,46669
20260713,193000,4016.155,4018.115,3986.58,3993.5,66778
20260713,203000,3993.655,4002.025,3992.055,3993.27,48643
20260713,213000,3993.335,4005.215,3986.92,4001.51,42225
20260713,223000,4001.585,4004.615,3993.62,4002.07,39891
20260713,233000,4002.065,4006.245,3996.59,4001.185,15691
20260714,013000,4001.64,4005.925,4000.9,4001.075,8800
20260714,023000,4001.12,4003.18,3992.855,4001.26,14199
20260714,033000,4001.355,4007.41,3983.545,4004.285,58688
20260714,043000,4004.32,4012.385,3992.1,4010.58,58330
20260714,053000,4010.6,4019.235,4006.15,4012.515,33023
20260714,063000,4012.5,4019.25,4011.09,4017.13,23091
20260714,073000,4017.195,4023.575,4013.57,4020.26,15823
20260714,083000,4020.275,4034.25,4019.635,4031.42,22613
20260714,093000,4031.475,4033.35,4021.75,4024.06,24497
20260714,103000,4024.07,4029.965,4020.3,4020.83,28612
20260714,113000,4020.89,4024.03,4014.515,4016.065,28072
20260714,123000,4016.075,4024.6,4013.925,4021.745,28415
20260714,133000,4021.66,4023.015,4015.175,4021.875,23478
20260714,143000,4021.855,4031.915,4015.485,4031.185,31287
20260714,153000,4031.11,4104.05,4023.33,4076.225,78405
20260714,163000,4076.335,4088.795,4071,4076.63,90431
20260714,173000,4076.68,4090.655,4070.71,4085.16,78512
20260714,183000,4085.21,4100.685,4064.725,4066.415,71565
20260714,193000,4066.4,4067.31,4057.81,4061.625,39836
20260714,203000,4061.605,4065.17,4054.57,4062.885,27059
20260714,213000,4062.68,4063.195,4042.885,4054.35,31296
20260714,223000,4054.355,4057.395,4047.835,4055.84,25384
20260714,233000,4055.83,4056.575,4049.31,4052.775,9839
20260715,013000,4053.215,4053.24,4048.62,4049.05,8461
20260715,023000,4049.11,4056.215,4046.925,4053.035,10129
20260715,033000,4052.935,4060.845,4051.05,4059.295,23342
20260715,043000,4059.285,4062.125,4035.54,4037.43,35376
20260715,053000,4037.25,4042.305,4029.38,4035.335,23360
20260715,063000,4035.285,4040.455,4028.1,4031.4,19259
20260715,073000,4031.45,4035.315,4028.325,4033.245,11551
20260715,083000,4033.32,4037.16,4022.245,4034.84,22956
20260715,093000,4034.735,4035.63,4021.465,4032.1,28179
20260715,103000,4032.155,4034.485,4019.71,4024.615,27705
20260715,113000,4024.735,4033.29,4017.475,4031.35,26155
20260715,123000,4031.385,4034.475,4025.605,4030.31,15898
20260715,133000,4030.405,4036.14,4026.61,4028.27,20376
20260715,143000,4028.26,4040.25,4027.77,4038.435,18937
20260715,153000,4038.45,4071.595,4035.955,4067.85,49619
20260715,163000,4068.045,4074.175,4054.105,4061.69,59332
20260715,173000,4061.855,4066.07,4053.325,4060.61,48372
20260715,183000,4060.605,4063.01,4039.655,4046.985,47195
20260715,193000,4047.03,4048.02,4026.945,4033.83,52327
20260715,203000,4033.82,4066.3,4033.11,4062.36,42057
20260715,213000,4062.41,4081.52,4058.1,4059.29,39529
20260715,223000,4059.265,4063.055,4048.1,4057.12,28515
20260715,233000,4057.03,4063.225,4055.255,4060.695,8131
20260716,013000,4060.64,4064.71,4058.235,4059.68,8289
20260716,023000,4059.57,4062.075,4055.825,4058.02,10461
20260716,033000,4058.035,4061.21,4043.745,4044.605,26140
20260716,043000,4044.595,4050.735,4034.075,4039.14,55491
20260716,053000,4039.145,4040.21,4024.27,4031.525,36340
20260716,063000,4031.455,4037.075,4027.8,4036.385,25765
20260716,073000,4036.435,4038.045,4032,4033.305,15553
20260716,083000,4033.305,4034.13,4025.46,4027.445,31921
20260716,093000,4027.375,4036.62,4023.21,4030.705,30188
20260716,103000,4030.7,4031.99,4023.03,4030.805,24280
20260716,113000,4030.745,4036.645,4025.43,4035.29,27257
20260716,123000,4035.295,4037.98,4030.55,4031.755,23392
20260716,133000,4031.695,4034.805,4028.65,4029.565,19129
20260716,143000,4029.645,4042.43,4021.375,4038.465,31041
20260716,153000,4038.45,4043.36,3990.58,3992.54,67058
20260716,163000,3992.55,4008.485,3973.8,3990.265,83472
20260716,173000,3990.23,4006.815,3987.19,3997.92,56176
20260716,183000,3997.97,4017.03,3989.47,4007.125,41810
20260716,193000,4007.17,4007.775,3982.455,3992.05,52039
20260716,203000,3992.085,3992.99,3980.095,3984.71,48506
20260716,213000,3984.74,3990.51,3976.69,3980.36,42442
20260716,223000,3980.4,3986.13,3969.345,3980.085,45451
20260716,233000,3980.2,3980.27,3971.905,3976.58,12874
20260717,013000,3979.265,3979.325,3973.365,3978.445,10243
20260717,023000,3978.455,3986.585,3975.25,3986.105,18382
20260717,033000,3986.135,3992.06,3980.61,3992,41678
20260717,043000,3991.975,3996.3,3979.385,3983.44,46208
20260717,053000,3983.475,3987.52,3970.74,3979.19,35269
20260717,063000,3979.2,4008.795,3979.025,3991.435,37595
20260717,073000,3991.415,3991.765,3980.245,3981.97,25033
20260717,083000,3981.965,3991.54,3975.295,3985.2,38321
20260717,093000,3985.21,4007.295,3985.21,3999.475,43528
20260717,103000,3999.43,4002.76,3992.69,3992.775,30901
20260717,113000,3992.81,3999.985,3987.945,3994.265,39782
20260717,123000,3994.255,4002.455,3992.93,3998.055,30674
20260717,133000,3998.06,3999.23,3990.595,3990.995,24881
20260717,143000,3990.99,3998.805,3990.12,3994.225,25043
20260717,153000,3994.165,3995.71,3964.155,3966.32,47798
20260717,163000,3966.34,4003.745,3959.8,3997.37,109613
20260717,173000,3997.3,4004.605,3990.19,4001.365,94237
20260717,183000,4001.255,4021.345,3997.74,4019.2,73734
20260717,193000,4019.36,4023.835,4011.035,4014.98,49583
20260717,203000,4015.09,4019.27,4008.32,4010.14,34528
20260717,213000,4010.145,4016.26,4006.68,4011.385,36969
20260717,223000,4011.305,4016.605,4002.42,4015.475,40354
20260717,233000,4015.585,4019.04,4008.7,4017.315,18227
20260720,013000,3995.57,4002.31,3993.485,3994.725,18948
20260720,023000,3994.8,3996.2,3989.5,3995.515,18096
20260720,033000,3995.5,4010.325,3982.63,4008.695,41558
20260720,043000,4008.73,4021.1,3995.82,4002.215,55512
20260720,053000,4002.205,4028.94,4001.38,4022.015,48518
20260720,063000,4021.965,4028.04,4018.65,4024.175,29344
20260720,073000,4024.165,4026.845,4018.55,4018.935,16496
20260720,083000,4019.04,4021.295,4005.52,4008.72,29565
20260720,093000,4008.715,4011.855,4002.95,4003.775,33480
20260720,103000,4003.785,4021.895,4002.185,4017.34,30393
20260720,113000,4017.26,4030.875,4017.145,4019.03,25732
20260720,123000,4019.005,4023.34,4014.845,4021.315,22670
20260720,133000,4021.34,4025.725,4018.31,4024.225,16255
20260720,143000,4024.355,4040.815,4019.855,4025.315,43672
20260720,153000,4025.325,4025.325,4006.505,4008.165,43194
20260720,163000,4008.18,4017.48,4005.77,4005.825,56352
20260720,173000,4005.795,4013.88,3998.33,4006.3,49862
20260720,183000,4006.335,4019.63,4004.63,4011.855,37653
20260720,193000,4011.835,4018.385,4001.58,4009.775,30523
20260720,203000,4009.77,4013.095,4003.885,4005.38,27264
20260720,213000,4005.415,4011.87,4003.405,4007.34,27185
20260720,223000,4007.35,4018.035,4004.305,4006.995,37163
20260720,233000,4007.005,4009.55,4005.87,4007.585,10853
20260721,013000,4008.105,4011.025,3999.915,4000.555,15330
20260721,023000,4000.67,4010.85,4000.305,4010.055,17228
20260721,033000,4010.06,4027.225,4003.565,4024.8,41180
20260721,043000,4024.81,4036.16,4018.46,4023.34,36719
20260721,053000,4023.345,4045.365,4022.055,4038.145,29884
20260721,063000,4038.135,4051.515,4036.75,4046.96,21873
20260721,073000,4046.995,4051.92,4043.725,4049.67,11864
20260721,083000,4049.68,4068.095,4046.375,4061.6,25714
20260721,093000,4061.61,4084.305,4061.395,4078.605,33123
20260721,103000,4078.65,4080.285,4067.62,4071.255,20172
20260721,113000,4071.195,4072.52,4059.175,4062.875,21990
20260721,123000,4062.92,4069.745,4061,4065.975,19916
20260721,133000,4065.945,4070.235,4060.975,4063.06,24128
20260721,143000,4063.055,4063.75,4054.52,4056.175,16206
20260721,153000,4056.2,4065.725,4051.255,4054,27617
20260721,163000,4053.9,4061.795,4044.725,4053.245,54149
20260721,173000,4053.2,4074.08,4051.61,4068.64,49670
20260721,183000,4068.49,4083.405,4065.74,4074.255,34962
20260721,193000,4074.265,4079.265,4069.945,4071.555,19802
20260721,203000,4071.55,4072.855,4066.83,4068.75,20886
20260721,213000,4068.81,4087.135,4067.79,4082.23,19615
20260721,223000,4082.25,4085.815,4080.085,4084.485,22792
20260721,233000,4084.435,4086.455,4076.915,4077.325,8947
20260722,013000,4078.675,4085.32,4077.165,4080.59,9386
20260722,023000,4080.595,4083.135,4079.18,4080.71,7767
20260722,033000,4080.68,4102.575,4076.755,4097.58,37831
20260722,043000,4097.67,4123.72,4096.78,4122.265,47866
20260722,053000,4122.16,4131.015,4118.81,4130.66,33127
20260722,063000,4130.69,4141.715,4129.32,4130.875,25831
20260722,073000,4130.785,4131.23,4124.725,4126.995,15109
20260722,083000,4127.01,4134.12,4123.08,4131.26,28672
20260722,093000,4131.235,4135.415,4113.475,4116.58,38287
20260722,103000,4116.565,4123.065,4109.395,4110.78,26050
20260722,113000,4110.785,4120.21,4110.635,4118.28,27538
20260722,123000,4118.305,4122.325,4113.32,4115,22902
20260722,133000,4115.025,4121.89,4114.8,4117.59,21918
20260722,143000,4117.555,4123.17,4112.605,4122.695,24034
20260722,153000,4122.705,4134.46,4106.72,4113.16,37413
20260722,163000,4113.155,4155.87,4112.93,4154.525,57170
20260722,173000,4154.52,4163.54,4144.165,4148.58,52072
20260722,183000,4148.6,4166.13,4148.59,4159.475,37972
20260722,193000,4159.475,4159.605,4144.55,4146.84,29067
20260722,203000,4146.83,4147.93,4138.44,4142.47,27017
20260722,213000,4142.475,4142.885,4132.125,4136.125,29440
20260722,223000,4136.115,4137.29,4129.02,4131.905,27336
20260722,233000,4131.875,4137.92,4128.42,4129.76,19759
20260723,013000,4119.635,4130.195,4119.59,4121.525,20491
20260723,023000,4121.625,4134.4,4116.73,4133.495,19943
20260723,033000,4133.505,4134.67,4125.2,4132.15,23851
20260723,043000,4131.855,4141.275,4114.425,4118.11,46368
20260723,053000,4118.035,4129.025,4112.315,4128.14,32427
20260723,063000,4128.15,4133.25,4124.32,4124.87,22517
20260723,073000,4124.855,4130.54,4120.07,4121.265,16538
20260723,083000,4121.26,4130.625,4119.645,4124.165,26306
20260723,093000,4124.16,4128.37,4117.06,4118.67,30129
20260723,103000,4118.69,4119.525,4090.055,4095.47,37558
20260723,113000,4095.42,4097.855,4087.11,4093.52,28822
20260723,123000,4093.54,4099.63,4088.465,4089.96,27279
20260723,133000,4089.955,4095.46,4086.185,4093.405,28317
20260723,143000,4093.375,4094.07,4073.2,4085.765,33881
20260723,153000,4085.645,4086.045,4061.2,4061.85,49149
20260723,163000,4061.815,4067.415,4040.595,4043.45,71656
20260723,173000,4043.52,4061.8,4040.185,4057.98,63840
20260723,183000,4058.165,4059.64,4042.41,4048.815,47232
20260723,193000,4048.89,4051.83,4045.96,4051.535,29638
20260723,203000,4051.535,4054.58,4041.7,4041.88,32947
20260723,213000,4041.94,4048.445,4040.745,4046.175,29702
20260723,223000,4046.145,4051.14,4043.115,4049.935,28928
20260723,233000,4049.945,4051.44,4047.495,4049.78,10587
20260724,013000,4048.875,4050.655,4048.645,4049.785,6120
20260724,023000,4049.78,4050.825,4046.71,4047.29,6653
20260724,033000,4047.33,4051.01,4041.375,4049.88,20129
20260724,043000,4049.89,4050.39,4039.97,4043.68,31746
20260724,053000,4043.64,4048.59,4023.07,4024.54,31601
20260724,063000,4024.535,4033.84,4023.04,4029.54,22272
20260724,073000,4029.52,4030.54,4025.72,4027.12,11036
20260724,083000,4027.13,4032.335,4022.06,4023.135,23628
20260724,093000,4023.195,4039.185,4023.055,4035.845,32003
20260724,103000,4035.855,4053.84,4035.245,4048.415,27543
20260724,113000,4048.435,4058.775,4045.28,4057.65,20197
20260724,123000,4057.645,4060.74,4051.84,4059.885,17813
20260724,133000,4059.935,4064.025,4057.165,4060.205,14596
20260724,143000,4060.2,4063.495,4051.49,4057.795,16056
20260724,153000,4057.81,4060.285,4051.815,4056.095,22559
20260724,163000,4056.07,4068.68,4044.81,4067.865,37483
20260724,173000,4067.86,4069.98,4056.115,4063.35,49470
20260724,183000,4063.4,4082.16,4061.955,4077.535,51085
20260724,193000,4077.575,4078.245,4064.285,4067.175,23799
20260724,203000,4067.18,4069.96,4062.985,4063.505,20442
20260724,213000,4063.555,4064.615,4051.255,4054.47,14386
20260724,223000,4054.52,4058.01,4049.38,4053.895,18222
20260724,233000,4053.875,4056.465,4051.665,4052.845,8652
20260727,013000,4090.16,4093.84,4084.03,4089.575,9873
20260727,023000,4089.795,4096.515,4083.8,4094.11,13222
20260727,033000,4094.105,4116.185,4090.64,4100.815,43501
20260727,043000,4100.83,4112.48,4097.13,4110.255,47331
20260727,053000,4110.3,4111.105,4093.75,4093.765,22455
20260727,063000,4093.68,4095.955,4085.23,4091.045,19019
20260727,073000,4091.055,4092.925,4087.08,4090.39,15071
20260727,083000,4090.395,4094.99,4084.49,4093.365,24322
20260727,093000,4093.33,4099.365,4091.36,4096.02,17928
20260727,103000,4095.98,4106.24,4088.635,4088.885,22238
20260727,113000,4088.98,4096.985,4087.24,4095.28,19542
20260727,123000,4095.215,4100.38,4090.575,4096.14,17961
20260727,133000,4096.12,4102.45,4086.62,4099.625,19014
20260727,143000,4099.66,4104.205,4093.695,4094.015,21277
20260727,153000,4094.03,4097.845,4081.73,4083.82,29184
20260727,163000,4083.875,4089.59,4070.495,4074.445,52010
20260727,173000,4074.48,4079.23,4065.415,4076.335,52723
20260727,183000,4076.315,4080.05,4071.915,4078.62,33451
20260727,193000,4078.625,4094.105,4077.965,4082.56,37538
20260727,203000,4082.565,4082.565,4070.785,4076.505,29818
20260727,213000,4076.51,4079.58,4073,4078.005,28328
20260727,223000,4078.04,4089.485,4076.22,4083.5,23590
20260727,233000,4083.535,4084.21,4075.325,4076.425,7293
20260728,013000,4080.685,4081.415,4071.16,4074.32,7723
20260728,023000,4074.22,4075.14,4070.035,4073.385,10144
20260728,033000,4073.365,4074.26,4057.665,4058.245,29626
20260728,043000,4058.23,4060.43,4042.77,4045.23,42111
20260728,053000,4045.245,4049.215,4040.935,4042.115,25131
20260728,063000,4042.11,4051.24,4040.455,4049.615,18196
20260728,073000,4049.605,4049.7,4041.395,4042.305,15021
20260728,083000,4042.3,4046.625,4034.795,4045.2,31843
20260728,093000,4045.195,4052.405,4043.015,4048.425,25140
20260728,103000,4048.395,4052.425,4046.235,4047.395,19330
20260728,113000,4047.355,4055.21,4041.72,4045.56,32735
20260728,123000,4045.46,4045.955,4019.575,4023.42,27154
20260728,133000,4023.49,4028.63,4017.115,4026.67,34109
20260728,143000,4026.66,4032.555,4023.275,4028.19,31086
20260728,153000,4028.195,4038.22,4022.965,4029.69,32616
20260728,163000,4029.74,4036.04,4020.33,4022.11,43790
20260728,173000,4022.16,4033.6,4011.765,4024.375,61571
20260728,183000,4024.43,4047.195,4022.16,4046.13,57978
20260728,193000,4046.145,4046.68,4036.715,4037.605,27754
20260728,203000,4037.69,4041.73,4025.755,4027.935,33670
20260728,213000,4027.985,4030.58,4021.715,4023.15,35253
20260728,223000,4023.19,4028.07,4021.935,4026.465,30635
20260728,233000,4026.455,4030.555,4022.6,4028.67,11399
20260729,013000,4026.565,4028.165,4013.975,4018.44,10700
20260729,023000,4018.45,4026.345,4015.21,4024.945,18198
20260729,033000,4024.99,4029.815,4017.57,4022.08,35389
20260729,043000,4022.075,4030.675,4010.41,4026.16,53634
20260729,053000,4026.165,4038.08,4023.265,4029.435,26617
20260729,063000,4029.42,4032.84,4023.25,4023.73,19646
20260729,073000,4023.74,4027.845,4020.655,4027.4,18991
20260729,083000,4027.425,4040.15,4026.735,4033.135,23032
20260729,093000,4033.14,4044.845,4033.08,4041.25,21089
20260729,103000,4041.2,4047.88,4041.2,4043.825,21016
20260729,113000,4043.82,4044.555,4035.67,4037.64,14861
20260729,123000,4037.73,4038.38,4031.36,4032.695,18642
20260729,133000,4032.68,4034.57,4026.065,4027.535,17101
20260729,143000,4027.555,4036.195,4025.105,4032.845,16715
20260729,153000,4032.85,4033.5,4009.39,4022.65,39268
20260729,163000,4022.82,4026.565,4002.6,4007.445,50832
20260729,173000,4007.455,4010.215,3996.055,4004.875,55457
20260729,183000,4004.93,4013.815,4003.4,4009.975,31299
20260729,193000,4010.015,4032.915,4007.63,4027.46,34427
20260729,203000,4027.455,4050.745,4027.405,4044.285,55068
20260729,213000,4044.29,4110.12,4042.775,4106.75,125139
20260729,223000,4106.74,4116.415,4044.375,4044.74,128852
20260729,233000,4044.74,4070.195,4042.955,4066.34,47576
20260730,013000,4074.84,4090.65,4064.505,4088.58,18877
20260730,023000,4088.61,4100.485,4084.4,4084.59,27485
20260730,033000,4084.625,4086.735,4064.96,4072.27,49052
20260730,043000,4072.285,4092.955,4070.36,4084.59,53839
20260730,053000,4084.46,4090.45,4063.435,4063.71,36807
20260730,063000,4063.705,4070.345,4050.81,4058.88,28561
20260730,073000,4058.94,4060.385,4044.34,4046.045,23564
20260730,083000,4046.05,4051.445,4028.69,4033.82,43737
20260730,093000,4033.725,4040.63,4029.4,4036.54,36133
20260730,103000,4036.57,4051.43,4035.41,4038.935,37943
20260730,113000,4038.825,4073.01,4036.81,4061.49,50181
20260730,123000,4061.485,4073.155,4060.305,4063.405,35651
20260730,133000,4063.495,4083.23,4063.065,4078.155,39550
20260730,143000,4078.105,4082.945,4075.77,4077.815,32215
20260730,153000,4077.79,4086.785,4067.285,4069.03,55371
20260730,163000,4069.04,4112.825,4065.315,4112.34,97083
20260730,173000,4112.415,4120.495,4087.195,4100.01,93353
20260730,183000,4100.075,4110.23,4083.27,4108.25,56921
20260730,193000,4108.2,4119.285,4106.645,4110.78,42705
20260730,203000,4110.75,4111.325,4098.505,4102.765,43931
20260730,213000,4102.75,4107.855,4098.785,4099.74,35271
20260730,223000,4099.745,4115.375,4098.77,4112.065,43877
20260730,233000,4112.2,4117.515,4099.235,4103.27,22849
20260731,013000,4103.36,4111.455,4102.63,4109.385,8160
20260731,023000,4109.335,4112.01,4102.345,4105.985,10184
20260731,033000,4106.065,4107.225,4090.585,4094.855,23423
20260731,043000,4094.835,4101.71,4082.15,4084.325,29619
20260731,053000,4084.39,4090.405,4074.27,4076.275,19042
20260731,063000,4076.07,4079.65,4072.145,4075.14,16572
20260731,073000,4075.07,4081.535,4073.32,4080.16,10772
20260731,083000,4080.17,4083.315,4073.44,4074.43,13987
20260731,093000,4074.45,4087.665,4072.785,4077.765,30801
20260731,103000,4077.735,4079.315,4067.62,4067.81,24982
20260731,113000,4067.795,4067.89,4054.175,4060.98,37149
20260731,123000,4060.895,4064.115,4050.315,4055.25,31664
20260731,133000,4055.185,4058.435,4052.015,4054.565,16304
20260731,143000,4054.58,4061.15,4050.69,4053.84,25477
20260731,153000,4053.83,4059.495,4040.575,4040.765,33350
20260731,163000,4040.75,4047.035,4022.13,4025.51,71039
20260731,173000,4025.41,4050.435,4020.975,4049.315,64673
20260731,183000,4049.345,4052.695,4036.82,4045.58,49130
20260731,193000,4045.585,4049.995,4041.3,4043.415,30493
20260731,203000,4043.41,4054.805,4041.6,4053.66,28912
20260731,213000,4053.665,4055.245,4047.18,4050.82,20545
20260731,223000,4050.785,4055.665,4046.955,4050.935,19831
20260731,233000,4050.915,4053.105,4043.04,4045.165,23852
20260803,013000,4075.055,4078.785,4063.515,4063.755,15470
20260803,023000,4063.705,4075.09,4063.3,4075.065,15558
20260803,033000,4075.07,4079.185,4055.88,4057.35,44773
20260803,043000,4057.355,4063.7,4047.345,4056.77,42722
20260803,053000,4056.775,4067.275,4052.11,4062.605,23226
20260803,063000,4062.51,4068.1,4059.5,4065.115,17732
20260803,073000,4065.145,4072.055,4064,4064.045,14018
20260803,083000,4063.99,4070.045,4054.17,4069.035,18739
20260803,093000,4069.03,4072.185,4060.51,4063.94,29493
20260803,103000,4063.95,4065.305,4052.19,4061.155,25455
20260803,113000,4061.1,4062.595,4054.335,4059.42,21285
20260803,123000,4059.43,4062.21,4046.685,4055.355,26348
20260803,133000,4055.375,4057.13,4045.84,4049.495,21078
20260803,143000,4049.485,4063.245,4045.57,4062.505,25720
20260803,153000,4062.465,4064.74,4042.34,4047.85,29043
20260803,163000,4047.865,4053.855,4019.24,4032.35,75683
20260803,173000,4031.91,4039.16,4026.75,4036.375,39340
20260803,183000,4036.475,4041.03,4030.54,4036.135,26779
20260803,193000,4036.14,4039.335,4034.805,4037.03,15549
20260803,203000,4037.06,4037.8,4030.27,4030.57,14115
20260803,213000,4030.62,4045.12,4029.675,4043.535,15636
20260803,223000,4043.53,4055.815,4043.485,4052.08,21419
20260803,233000,4052.145,4058.215,4050.325,4055.33,9771
20260804,013000,4052.12,4053.58,4049.04,4052.765,5839
20260804,023000,4052.725,4055.22,4050.22,4053.96,7030
20260804,033000,4053.93,4069.465,4048.64,4049.425,18578
20260804,043000,4049.345,4061.97,4042.72,4058.82,27439
20260804,053000,4058.825,4065.235,4055.62,4059.08,17734
20260804,063000,4059,4061.855,4052.25,4052.56,13255
20260804,073000,4052.61,4066.425,4051.25,4063.765,10418
20260804,083000,4063.785,4067.835,4057.2,4061.975,14808
20260804,093000,4061.96,4066.215,4055.7,4063.515,18537
20260804,103000,4063.58,4066.79,4060.845,4065.535,18358
20260804,113000,4065.635,4072.97,4054.455,4055.19,23822
20260804,123000,4055.16,4055.505,4046.255,4049.93,19431
20260804,133000,4049.935,4060.84,4045.62,4053.99,23734
20260804,143000,4053.995,4084.345,4052.44,4074.995,35649
20260804,153000,4075.055,4084.56,4061.115,4070.945,39710
20260804,163000,4070.925,4093.88,4061.23,4083.955,61719
20260804,173000,4083.995,4092.075,4074.55,4083.64,45846
20260804,183000,4083.645,4088.885,4074.735,4087.35,37611
20260804,193000,4087.44,4093.685,4083.195,4093.41,22262
20260804,203000,4093.36,4106.475,4086.205,4086.21,28683
20260804,213000,4086.18,4089.06,4075.285,4079.945,24279
20260804,223000,4079.995,4084.86,4076.39,4078.615,19684
20260804,233000,4078.61,4080.295,4074.69,4077.055,10639
20260805,013000,4078.39,4085.87,4075.735,4075.805,8852
20260805,023000,4075.89,4077.205,4065.33,4072.605,16465
20260805,033000,4072.6,4083.63,4070.505,4082.55,16072
20260805,043000,4082.57,4102.58,4077.725,4101.43,27172
20260805,053000,4101.44,4135.435,4095.42,4129.195,44787
20260805,063000,4129.2,4136.69,4126.92,4128.33,21135
20260805,073000,4128.335,4141.505,4128.26,4135.595,13900
20260805,083000,4135.575,4173.1,4134.885,4161.545,35370
20260805,093000,4161.535,4178.565,4160.3,4177.565,33822
20260805,103000,4177.645,4179.555,4162.225,4170.81,32544
20260805,113000,4170.8,4172.68,4159.045,4160.515,36495
20260805,123000,4160.64,4167.17,4153.145,4157.98,29765
20260805,133000,4157.97,4161.495,4150.28,4161.42,19272
20260805,143000,4161.455,4192.625,4160.85,4188.93,36157
20260805,153000,4188.945,4213.54,4183.305,4183.985,51130
20260805,163000,4183.965,4206.845,4183.795,4206.17,69099
20260805,173000,4206.11,4247.64,4203.67,4244.26,93324
20260805,183000,4244.3,4265.29,4232.375,4233.025,64083
20260805,193000,4233.03,4247.48,4224.89,4242.26,52954
20260805,203000,4242.33,4252.555,4237,4250.36,36974
20260805,213000,4249.95,4268.09,4249.26,4260.985,33470
20260805,223000,4261,4262.27,4246.405,4247.13,33469
20260805,233000,4247.08,4249.76,4243.06,4247.275,9348
20260806,013000,4249.5,4250.385,4245.825,4250.045,8410
20260806,023000,4250.055,4282.05,4249.12,4278.305,19600
20260806,033000,4278.315,4300.39,4264.64,4294.985,46147
20260806,043000,4294.99,4302.74,4272.98,4286.64,61562
20260806,053000,4286.405,4304.31,4274.93,4278.71,39039
20260806,063000,4278.735,4280.95,4260.48,4265.795,31102
20260806,073000,4265.78,4267.27,4253.045,4262.265,19861
20260806,083000,4262.1,4268.675,4247.24,4267.345,31743
20260806,093000,4267.325,4268.64,4249.39,4256.225,27547
20260806,103000,4256.22,4265.47,4252.6,4262.79,24100
20260806,113000,4262.96,4278.915,4260.345,4278.33,28679
20260806,123000,4278.405,4284.885,4271.27,4273.16,26723
20260806,133000,4273.11,4273.7,4264.545,4270.915,22592
20260806,143000,4270.91,4273.405,4254.26,4263.3,26841
20260806,153000,4263.305,4271.115,4249.145,4250.27,32859
20260806,163000,4250.235,4274.29,4230.46,4267.025,66593
20260806,173000,4267.025,4275.44,4260.255,4273.055,55730
20260806,183000,4273.065,4274.39,4229.505,4233.82,47417
20260806,193000,4233.815,4243.18,4223.505,4241.525,51668
20260806,203000,4241.51,4248.2,4238.545,4247.27,30551
20260806,213000,4247.345,4249.74,4240.755,4243.535,20301
20260806,223000,4243.56,4251.385,4233.12,4248.95,28722
20260806,233000,4248.81,4250.215,4234.78,4240.75,11183
20260807,013000,4236.61,4243.5,4236.605,4240.83,5621
20260807,023000,4240.555,4253.245,4240.36,4252.425,9932
20260807,033000,4252.42,4253.015,4229.875,4232.9,32048
20260807,043000,4232.925,4259.365,4231.59,4256.97,43116
20260807,053000,4256.955,4261.785,4247.21,4250.36,22990
20260807,063000,4250.39,4266.545,4249.57,4266.265,20616
20260807,073000,4266.245,4269.215,4260.81,4265.045,16565
20260807,083000,4264.995,4280.635,4262.1,4278.815,25055
20260807,093000,4278.875,4298.945,4278.535,4297.275,36780
20260807,103000,4297.3,4298.095,4282.99,4290.18,27770
20260807,113000,4290.17,4316.735,4289.13,4306.245,32482
20260807,123000,4306.25,4320.865,4302.29,4316.08,28253
20260807,133000,4316.075,4320.695,4308.09,4316.97,29956
20260807,143000,4316.965,4327.745,4316.9,4321.245,30715
20260807,153000,4321.24,4371.84,4301.015,4361.425,83368
20260807,163000,4361.415,4368.01,4338.98,4348.255,93997
20260807,173000,4348.265,4353.025,4327.455,4341.605,101868
20260807,183000,4341.615,4358.545,4339.895,4341.13,59769
20260807,193000,4341.185,4349.745,4329.28,4329.305,54513
20260807,203000,4329.3,4343.15,4327.865,4340.275,40768
20260807,213000,4340.325,4343.03,4332.255,4335.695,30935
20260807,223000,4335.7,4350.41,4335.565,4344.08,49976
20260807,233000,4344.12,4345.38,4336.015,4341.935,9773
20260810,013000,4340.28,4346.235,4334.605,4341.59,12051
20260810,023000,4341.605,4349.11,4332.32,4333.115,14674
20260810,033000,4333.075,4347.215,4330.84,4332.21,34825
20260810,043000,4332.27,4340.655,4313.43,4322.67,59504
20260810,053000,4322.695,4332.405,4318.79,4319.735,27132
20260810,063000,4319.72,4330.025,4317.805,4326.735,16555
20260810,073000,4326.79,4339.64,4323.21,4339.535,16563
20260810,083000,4339.475,4352.41,4331.74,4347.405,24588
20260810,093000,4347.475,4359.935,4341.97,4358.31,28019
20260810,103000,4358.22,4362.06,4350.23,4355.46,26719
20260810,113000,4355.445,4356.76,4343.905,4346.65,18235
20260810,123000,4346.715,4350.07,4340.395,4341.29,17107
20260810,133000,4341.34,4344.275,4335.45,4335.75,17661
20260810,143000,4335.78,4339.535,4329.045,4335.12,18565
20260810,153000,4335.095,4337.635,4324.125,4332.625,28483
20260810,163000,4332.66,4340.165,4316.675,4317.985,61587
20260810,173000,4317.98,4352.04,4317.965,4345.435,59365
20260810,183000,4345.6,4359.545,4343.325,4358.51,43318
20260810,193000,4358.53,4364.8,4349.19,4356.845,45187
20260810,203000,4356.855,4365.315,4351.75,4360.23,32886
20260810,213000,4360.3,4383.05,4359.84,4378.49,44117
20260810,223000,4378.495,4395.385,4378.495,4388.555,48416
20260810,233000,4388.55,4392.135,4386.005,4390.235,10415
20260811,013000,4389.775,4401.065,4389.34,4399.895,9354
20260811,023000,4399.935,4402.715,4394.7,4402.355,13360
20260811,033000,4402.41,4419.335,4396.44,4409.495,26293
20260811,043000,4409.49,4434.265,4393.78,4429.815,52476
20260811,053000,4429.705,4435.245,4408.09,4410.975,32658
20260811,063000,4410.96,4421.675,4409.835,4416.9,18975
20260811,073000,4416.895,4420.5,4403.49,4409.005,20145
20260811,083000,4408.995,4409.15,4367.52,4375.47,41237
20260811,093000,4375.47,4382.7,4359.675,4366.315,46366
20260811,103000,4366.335,4367.97,4356.7,4357.655,27814
20260811,113000,4357.635,4376.765,4357,4369.29,24425
20260811,123000,4369.245,4375.655,4367.675,4372.505,23553
20260811,133000,4372.57,4382.77,4371.37,4382.56,22272
20260811,143000,4382.485,4393.11,4380.565,4387.8,31622
20260811,153000,4387.8,4400.185,4383.875,4392.53,37539
20260811,163000,4392.52,4404.29,4384.645,4389.5,59157
20260811,173000,4389.35,4397.99,4381.29,4394.125,47076
20260811,183000,4394.175,4398.83,4369.15,4383.905,48465
20260811,193000,4383.92,4385.9,4378.52,4383.46,29605
20260811,203000,4383.5,4385.765,4368.935,4369.19,25292
20260811,213000,4369.225,4372.69,4360.295,4371.59,25971
20260811,223000,4371.655,4374.28,4361.265,4370.745,25011
20260811,233000,4370.78,4371.225,4367.18,4368.245,6289
20260812,013000,4372.355,4378.52,4367.28,4369.2,11211
20260812,023000,4369.19,4374.77,4362.655,4371.645,13657
20260812,033000,4371.65,4383.8,4366.54,4380.5,19879
20260812,043000,4380.585,4397.42,4378.445,4396.5,32631
20260812,053000,4396.505,4414.5,4394.21,4411.32,23401
20260812,063000,4411.355,4416.25,4401.065,4402.36,18105
20260812,073000,4402.365,4403.425,4395.44,4401.175,11180
20260812,083000,4401.125,4404.88,4384.02,4391.025,21514
20260812,093000,4391.01,4406.445,4385.235,4403.545,26864
20260812,103000,4403.535,4410.145,4398.345,4406.355,18170
20260812,113000,4406.355,4410.545,4401.8,4401.895,17361
20260812,123000,4401.95,4424.46,4401.925,4416.055,25740
20260812,133000,4416.09,4421.025,4407.575,4412.88,18318
20260812,143000,4412.885,4416.805,4407.995,4412.935,14226
20260812,153000,4412.955,4438.305,4382.485,4437.37,75920
20260812,163000,4437.37,4441.315,4408.65,4427.53,95370
20260812,173000,4427.535,4439.75,4416.545,4422.16,80140
20260812,183000,4422.245,4430.14,4411.145,4421.17,49902
20260812,193000,4421.145,4426.57,4396.575,4401.68,47252
20260812,203000,4401.685,4411.575,4399.135,4399.62,35000
20260812,213000,4399.625,4418.005,4396.575,4413.165,20868
20260812,223000,4413.185,4418.475,4408.335,4414.08,18879
20260812,233000,4413.99,4414.37,4406.725,4408.525,6120
20260813,013000,4405.785,4405.8,4398.43,4401.835,5645
20260813,023000,4401.925,4414.62,4401.875,4414.515,6649
20260813,033000,4414.565,4449.83,4413.06,4427.76,38278
20260813,043000,4427.71,4435.44,4406.33,4408.55,49623
20260813,053000,4408.5,4414.245,4399.135,4407.215,31985
20260813,063000,4407.145,4412.29,4398.78,4400.3,22986
20260813,073000,4400.235,4400.525,4391.615,4397.825,22987
20260813,083000,4397.85,4407.31,4380.63,4383.06,39887
20260813,093000,4383.12,4385.68,4369.035,4381.06,34341
20260813,103000,4380.955,4381.84,4369.405,4369.93,34917
20260813,113000,4369.935,4379.355,4364.17,4376.025,28380
20260813,123000,4375.995,4384.92,4372.605,4384.635,23966
20260813,133000,4384.66,4393.86,4381.51,4392.245,14361
20260813,143000,4392.215,4396.715,4382.99,4387.865,18180
20260813,153000,4387.8,4401.9,4380.88,4401.82,45702
20260813,163000,4401.745,4402.215,4370.84,4373.045,69375
20260813,173000,4373.055,4387.19,4357.395,4383.705,76169
20260813,183000,4383.725,4385.73,4357.755,4365.145,43607
20260813,193000,4365.13,4368.5,4351.355,4367,43097
20260813,203000,4367.055,4373.435,4355.81,4356.06,25472
20260813,213000,4356.05,4363.73,4354.75,4357.045,28194
20260813,223000,4357.125,4358.97,4343.65,4350.255,30623
20260813,233000,4350.235,4352.28,4346.985,4351.27,9163
20260814,013000,4353.405,4362.945,4353.015,4354.91,10773
20260814,023000,4354.92,4364.45,4349.315,4356.475,14390
20260814,033000,4356.46,4362.045,4329.42,4341.095,35209
20260814,043000,4341.085,4341.325,4312.22,4318.255,45460
20260814,053000,4318.26,4322.94,4311.27,4315.84,33898
20260814,063000,4315.76,4328.465,4313.835,4323.66,14642
20260814,073000,4323.67,4328.225,4322.855,4327.015,11675
20260814,083000,4327.055,4333.67,4311.04,4333.67,26168
20260814,093000,4333.62,4336.82,4328.05,4335.785,24823
20260814,103000,4335.76,4345.385,4329.81,4343.83,20214
20260814,113000,4343.855,4349.845,4341.935,4348.605,21018
20260814,123000,4348.555,4357.525,4346.14,4357.17,17185
20260814,133000,4357.175,4358.76,4348.095,4349.425,14176
20260814,143000,4349.47,4369.46,4348.63,4369.195,17604
20260814,153000,4369.19,4386.965,4365.79,4373.725,35870
20260814,163000,4373.785,4397.06,4370.32,4384.68,50526
20260814,173000,4384.62,4394.745,4378.885,4381.445,53080
20260814,183000,4381.47,4394.785,4379.075,4391.695,42654
20260814,193000,4391.7,4396.845,4380.415,4386.015,25271
20260814,203000,4386.105,4386.53,4376.47,4378.59,23561
20260814,213000,4378.585,4382.84,4371.005,4373.6,17668
20260814,223000,4373.525,4379.99,4372.115,4376.23,21383
20260814,233000,4376.22,4377.005,4371.495,4376.82,8766
20260817,013000,4372.68,4386.86,4372.31,4386.04,9266
20260817,023000,4386,4386.345,4367.29,4370.235,13597
20260817,033000,4370.315,4402.015,4368.1,4401.005,28631
20260817,043000,4400.995,4416.55,4392.055,4395.755,45773
20260817,053000,4395.75,4398.315,4388.455,4393.255,24031
20260817,063000,4393.25,4397.69,4388.285,4397.045,14453
20260817,073000,4397.035,4399.635,4389.015,4390.86,12671
20260817,083000,4390.78,4401.475,4386.94,4394.86,20146
20260817,093000,4394.855,4404.71,4392.815,4403.17,29978
20260817,103000,4403.085,4411.32,4396.08,4405.19,21654
20260817,113000,4405.195,4405.195,4392.69,4395.18,18010
20260817,123000,4395.19,4400.625,4392.55,4395.62,17052
20260817,133000,4395.655,4405.97,4392.03,4399.08,18255
20260817,143000,4399.115,4404.98,4395.46,4396.75,18267
20260817,153000,4396.755,4398.82,4377.355,4384.935,34670
20260817,163000,4385.015,4416.31,4381.94,4408.645,56350
20260817,173000,4408.695,4427.6,4403.805,4417.48,70518
20260817,183000,4417.485,4427.85,4415.335,4427.615,46713
20260817,193000,4427.63,4428.89,4422.675,4424.245,25286
20260817,203000,4424.255,4426.23,4411.205,4413.765,30724
20260817,213000,4413.765,4416.255,4398.205,4406.77,30167
20260817,223000,4406.68,4421.055,4400.405,4419.965,26883
20260817,233000,4419.935,4421.47,4414.61,4416.68,7881
20260818,013000,4416.205,4417.28,4410.49,4411.87,7264
20260818,023000,4411.92,4426.305,4409.89,4426.12,11094
20260818,033000,4426.095,4434.88,4419.06,4434.435,25145
20260818,043000,4434.455,4436.23,4404.32,4408.185,40501
20260818,053000,4408.01,4408.39,4394.175,4399.985,28389
20260818,063000,4400,4404.175,4390.63,4391.965,21066
20260818,073000,4391.98,4395.58,4389.02,4393.69,16472
20260818,083000,4393.66,4397.66,4386.185,4394.465,22388
20260818,093000,4394.43,4400.395,4387.755,4398.93,21470
20260818,103000,4398.92,4403.735,4395.495,4395.71,14278
20260818,113000,4395.825,4398.775,4386.91,4393.44,23803
20260818,123000,4393.385,4395.08,4387.03,4393.32,19732
20260818,133000,4393.375,4399.68,4389.8,4397.63,14182
20260818,143000,4397.705,4399.055,4388.675,4396.07,14586
20260818,153000,4396.21,4400.85,4389.67,4394.225,23322
20260818,163000,4394.23,4406.9,4376.195,4394.695,69221
20260818,173000,4394.705,4406.48,4363.775,4366.685,78238
20260818,183000,4366.725,4377.795,4351.765,4364.925,76335
20260818,193000,4364.92,4371.73,4363.125,4363.83,38832
20260818,203000,4363.805,4368.355,4356.85,4357.725,36286
20260818,213000,4357.755,4361.12,4352.705,4354.43,24716
20260818,223000,4354.43,4358.76,4338.395,4345.785,29533
20260818,233000,4345.705,4346.665,4329.265,4334.575,10702
20260819,013000,4341.965,4343.83,4332.77,4333.83,11394
20260819,023000,4334.045,4338.45,4327.27,4333.105,16888
20260819,033000,4333.14,4347.42,4331.635,4338.155,37421
20260819,043000,4338.015,4357.765,4324.68,4356.63,48250
20260819,053000,4356.72,4362.165,4351.545,4355.085,24308
20260819,063000,4355.055,4360.51,4351.96,4355.06,12460
20260819,073000,4355.15,4356.29,4344.005,4348.555,13122
20260819,083000,4348.53,4350.865,4335.175,4335.695,26464
20260819,093000,4335.635,4349.465,4335.415,4349.15,28259
20260819,103000,4349.095,4363.34,4347.54,4354.905,24026
20260819,113000,4354.805,4363.2,4351.105,4355.735,30004
20260819,123000,4355.66,4362.095,4353.45,4362.025,26360
20260819,133000,4362.045,4369.585,4359.755,4367.41,17186
20260819,143000,4367.435,4374.19,4363.305,4364.655,22071
20260819,153000,4364.65,4442.47,4362.115,4438.87,74300
20260819,163000,4438.875,4466.29,4424.285,4459.6,117754
20260819,173000,4459.59,4498.73,4455.22,4488.245,104156
20260819,183000,4488.215,4494.465,4478.355,4493.87,71194
20260819,193000,4493.9,4499.425,4490.655,4493.395,47943
20260819,203000,4493.52,4499.1,4484.425,4486.965,44485
20260819,213000,4486.96,4497.215,4472.18,4495.185,52134
20260819,223000,4495.15,4512.27,4494.49,4511.31,56149
20260819,233000,4511.265,4524.34,4505.165,4523.05,14521
20260820,013000,4521.405,4523.72,4516.415,4518.915,12764
20260820,023000,4518.98,4523.86,4511.36,4511.74,13946
20260820,033000,4511.69,4521.44,4503.835,4504.68,35955
20260820,043000,4504.705,4510.22,4484.48,4489.88,60930
20260820,053000,4489.89,4499.76,4488.68,4490.825,31375
20260820,063000,4490.83,4501.255,4488.05,4498.925,24553
20260820,073000,4498.95,4499.345,4486.395,4488.63,16428
20260820,083000,4488.64,4494.135,4478.075,4481.425,22804
20260820,093000,4481.35,4496.065,4480.17,4493.935,24717
20260820,103000,4493.89,4494.145,4483.645,4491.105,26314
20260820,113000,4491.105,4498.78,4487.34,4489.35,26460
20260820,123000,4489.39,4494.295,4482.005,4482.735,21276
20260820,133000,4482.75,4495.145,4480.865,4490.18,19592
20260820,143000,4490.21,4491.34,4465.57,4467.175,31256
20260820,153000,4467.18,4477.1,4450.745,4474.855,60534
20260820,163000,4474.875,4489.335,4469.35,4481.715,76919
20260820,173000,4481.705,4516.315,4480.87,4516.06,77393
20260820,183000,4516.145,4541.045,4508.76,4521.735,106646
20260820,193000,4521.755,4524.885,4502.825,4510.07,53638
20260820,203000,4510.1,4520.485,4507.79,4520.025,32722
20260820,213000,4520.06,4525.365,4508.395,4522.08,28614
20260820,223000,4522.065,4532.235,4518.19,4528.745,35376
20260820,233000,4528.755,4529.205,4516.835,4518.955,10829
20260821,013000,4519.545,4524.42,4517.04,4524.225,7165
20260821,023000,4524.215,4533.05,4520.99,4526.405,13671
20260821,033000,4526.39,4527.555,4509.8,4510.765,24626
20260821,043000,4510.755,4544.01,4508.995,4530.785,45033
20260821,053000,4530.82,4542.96,4518.505,4533.9,30641
20260821,063000,4533.845,4538.81,4526.795,4535.57,18753
20260821,073000,4535.61,4548.215,4535.515,4540.7,17015
20260821,083000,4540.75,4556.46,4529.115,4553.735,23766
20260821,093000,4553.82,4567.785,4545.6,4560.955,33389
20260821,103000,4560.95,4568.13,4558.565,4564.42,27059
20260821,113000,4564.535,4585.13,4559.155,4584.255,29227
20260821,123000,4584.285,4602.27,4580.545,4582.725,28474
20260821,133000,4582.62,4594.22,4577.93,4588.57,24450
20260821,143000,4588.64,4604.61,4587.255,4597.045,31629
20260821,153000,4597.125,4601.655,4563.57,4578.08,45271
20260821,163000,4578.025,4593.135,4573.4,4581.095,71405
20260821,173000,4581.02,4603.625,4579.845,4591.57,88389
20260821,183000,4591.575,4615.45,4587.28,4614.625,72806
20260821,193000,4614.645,4629.165,4609.11,4628.88,52148
20260821,203000,4628.92,4632.145,4615.32,4620.67,47512
20260821,213000,4620.68,4627.845,4619.555,4624.515,28423
20260821,223000,4624.555,4625.66,4615.645,4617.03,29208
20260821,233000,4617.06,4617.815,4602.67,4602.99,16094
20260824,013000,4609.655,4621.245,4606.13,4606.21,15331
20260824,023000,4606.255,4624.695,4604.75,4624.085,17843
20260824,033000,4624.08,4640.935,4594.515,4621.905,62744
20260824,043000,4621.85,4637.745,4608.155,4632.245,70157
20260824,053000,4632.23,4657,4627.73,4643.79,49080
20260824,063000,4643.84,4650.25,4633.6,4641.835,33960
20260824,073000,4641.82,4642.82,4632.71,4638.93,28611
20260824,083000,4638.94,4646.67,4630.015,4640.94,41437
20260824,093000,4640.91,4660.125,4639.465,4649.97,46372
20260824,103000,4650.005,4654.815,4630.335,4641.615,49669
20260824,113000,4641.605,4646.685,4628.895,4638.19,36950
20260824,123000,4638.135,4646.095,4632.895,4645.93,29245
20260824,133000,4645.895,4650.21,4641.97,4643.285,28058
20260824,143000,4643.26,4670.46,4639.165,4657.905,47302
20260824,153000,4657.9,4668.82,4645.625,4662.83,48398
20260824,163000,4662.815,4681.02,4656.245,4664.835,88658
20260824,173000,4664.79,4678.725,4655.395,4670.355,99385
20260824,183000,4670.375,4679.79,4640.135,4649.335,73567
20260824,193000,4649.42,4662.23,4641.845,4645.105,47162
20260824,203000,4645.095,4655.475,4630.035,4636.765,75104
20260824,213000,4636.785,4642.265,4625.225,4636.555,57359
20260824,223000,4636.515,4656.145,4635.955,4651.95,51275
20260824,233000,4651.845,4655.255,4647.27,4651.24,14177
20260825,013000,4655.495,4668.525,4655.205,4667.735,8172
20260825,023000,4667.705,4682.785,4666.86,4679.93,18847
20260825,033000,4679.92,4697.105,4675.445,4684.645,54005
20260825,043000,4684.615,4687.125,4656.775,4658.21,63444
20260825,053000,4658.2,4661.66,4617.28,4629.53,72787
20260825,063000,4629.525,4641.35,4622.425,4633.68,40631
20260825,073000,4633.655,4637.805,4623.76,4626.03,25991
20260825,083000,4626.025,4647.97,4624.115,4643.075,37251
20260825,093000,4643.085,4653.43,4637.08,4638.3,37334
20260825,103000,4638.305,4643.8,4629.865,4630.19,33461
20260825,113000,4630.195,4645.485,4620.09,4630.48,39507
20260825,123000,4630.46,4642.585,4624.29,4636.395,46067
20260825,133000,4636.455,4642.405,4632.82,4639.29,25705
20260825,143000,4639.295,4647.33,4636.48,4642.405,28935
20260825,153000,4642.6,4644.235,4630.25,4640.77,39383
20260825,163000,4640.76,4641.26,4605.29,4616.875,92082
20260825,173000,4616.88,4640.23,4613.23,4635.575,71191
20260825,183000,4635.72,4659.485,4629.495,4652.77,63128
20260825,193000,4652.965,4653.38,4637.155,4643.62,37243
20260825,203000,4643.625,4648.57,4634.305,4648.515,40016
20260825,213000,4648.52,4655.085,4644.45,4654.595,21942
20260825,223000,4654.635,4668.25,4653.405,4667.035,36048
20260825,233000,4667,4669.115,4657.75,4659.055,16608
20260826,013000,4661.445,4673.765,4660.155,4672.67,8227
20260826,023000,4672.605,4673.57,4653.31,4654.945,14867
20260826,033000,4654.955,4657.955,4634.505,4637.705,30657
20260826,043000,4637.72,4661.005,4629.615,4656.98,48216
20260826,053000,4656.95,4670.83,4654.9,4658.42,39682
20260826,063000,4658.415,4658.825,4642.76,4642.885,23624
20260826,073000,4642.875,4644.64,4638.99,4640.715,12630
20260826,083000,4640.765,4649.61,4635.7,4639.905,26403
20260826,093000,4639.875,4641.64,4624.71,4634.365,29513
20260826,103000,4634.375,4639.395,4626.675,4629.16,24661
20260826,113000,4629.08,4630.825,4622.36,4628.49,28242
20260826,123000,4628.6,4631.085,4616.415,4623.225,20717
20260826,133000,4623.22,4624.235,4613.225,4620.225,21978
20260826,143000,4620.245,4625.31,4616.51,4624.75,19932
20260826,153000,4624.735,4633.325,4610.97,4614.465,50780
20260826,163000,4614.52,4632.025,4598.1,4631.695,82632
20260826,173000,4631.72,4633.69,4602.975,4603.125,60319
20260826,183000,4603.15,4609.345,4583.065,4596.21,55900
20260826,193000,4596.24,4601.595,4585.615,4591.64,39465
20260826,203000,4591.685,4602.405,4590.84,4597.83,25670
20260826,213000,4597.815,4604.735,4592.645,4593.875,25856
20260826,223000,4593.93,4601.735,4591.23,4594.455,25576
20260826,233000,4594.385,4596.825,4584.19,4594.725,16357
20260827,013000,4603.39,4613.41,4601.955,4609.46,15189
20260827,023000,4609.5,4625.14,4607.01,4623.7,13856
20260827,033000,4623.865,4627.05,4600.735,4605.2,28928
20260827,043000,4605.25,4640.91,4602.46,4640.015,45958
20260827,053000,4640.03,4643.21,4623.675,4629.85,26988
20260827,063000,4629.78,4638.77,4624.48,4625.63,20222
20260827,073000,4625.68,4627.4,4617.28,4618.945,16351
20260827,083000,4618.985,4621.75,4600.935,4607.24,27434
20260827,093000,4607.23,4612,4597.915,4600.32,36194
20260827,103000,4600.265,4605.955,4593.705,4600.39,30475
20260827,113000,4600.385,4606.96,4594.765,4599.105,23217
20260827,123000,4599.105,4600.9,4577.975,4580.505,31128
20260827,133000,4580.53,4590.585,4569.29,4590.14,30797
20260827,143000,4590.12,4600.39,4587.32,4598.34,26079
20260827,153000,4598.385,4601.225,4580.54,4585.925,32091
20260827,163000,4585.985,4593.475,4564.27,4572.515,79248
20260827,173000,4572.595,4598.185,4568.485,4591.39,70112
20260827,183000,4591.32,4611.305,4588.94,4610.505,53013
20260827,193000,4610.535,4616.695,4602.525,4615,44224
20260827,203000,4615.12,4616.55,4605.21,4606.54,41928
20260827,213000,4606.645,4611.22,4600.97,4610.345,38608
20260827,223000,4610.39,4618.02,4604.215,4609.505,35001
20260827,233000,4609.38,4609.78,4600.115,4602.145,10176
20260828,013000,4601.95,4610.78,4601.02,4610.705,7617
20260828,023000,4610.695,4611.46,4594.335,4594.59,10651
20260828,033000,4594.54,4602.66,4585.845,4588.875,26779
20260828,043000,4588.92,4602.32,4575.505,4575.985,49840
20260828,053000,4576.015,4589.84,4575.055,4586.545,24505
20260828,063000,4586.555,4590.22,4578.75,4580.005,18255
20260828,073000,4580,4585.52,4578.05,4584.465,12518
20260828,083000,4584.495,4586.405,4571.66,4573.555,23335
20260828,093000,4573.57,4613.22,4572.62,4612.605,35664
20260828,103000,4612.55,4614.375,4596.77,4611.835,35253
20260828,113000,4611.75,4614.59,4601.065,4602.88,26137
20260828,123000,4602.84,4607.425,4600.38,4605.205,24815
20260828,133000,4605.29,4609.96,4597.64,4600.295,17290
20260828,143000,4600.31,4601.455,4591.44,4593.565,22625
20260828,153000,4593.585,4603.775,4589.13,4601.74,42223
20260828,163000,4601.82,4627.4,4593.845,4604.605,69471
20260828,173000,4603.8,4631.98,4530.02,4576.765,173929
20260828,183000,4576.76,4582.9,4524.125,4524.61,124708
20260828,193000,4524.595,4529.625,4464.415,4479.545,138499
20260828,203000,4479.53,4486.84,4460.63,4469.43,81363
20260828,213000,4469.435,4471.7,4445.455,4456.95,70138
20260828,223000,4456.985,4467.185,4453.035,4458.545,47529
20260828,233000,4458.535,4462.755,4453.135,4454.99,16158
20260831,013000,4445.72,4466.18,4445.545,4461.43,15014
20260831,023000,4461.425,4466.95,4435.825,4458.495,25788
20260831,033000,4458.51,4472.165,4452.425,4456.305,37624
20260831,043000,4456.31,4463.295,4435.96,4440.26,72735
20260831,053000,4440.265,4441.505,4396.525,4422.985,58118
20260831,063000,4422.91,4434.05,4419.955,4422.695,24887
20260831,073000,4422.82,4425.06,4413,4424.635,18041
20260831,083000,4424.615,4443.98,4419.37,4443.07,32070
20260831,093000,4443.015,4443.265,4429.35,4439.47,30959
20260831,103000,4439.44,4448.32,4435.23,4443.25,24495
20260831,113000,4443.275,4449.53,4433.815,4435.645,25815
20260831,123000,4435.69,4445.54,4435.605,4445.38,17125
20260831,133000,4445.41,4455.615,4444.88,4453.93,24167
20260831,143000,4453.91,4464.23,4452.65,4455.46,24689
20260831,153000,4455.425,4460.935,4435.44,4435.8,36011
20260831,163000,4435.81,4448.255,4415.75,4418.7,63248
20260831,173000,4418.69,4436.96,4416.27,4431.815,80479
20260831,183000,4431.795,4438.005,4424.735,4426.435,55796
20260831,193000,4426.48,4440.4,4423.94,4433.365,38101
20260831,203000,4433.36,4440.15,4428.85,4436.64,26576
20260831,213000,4436.645,4436.88,4426.3,4431.065,25730
20260831,223000,4431.06,4453.76,4429.2,4453.415,32690
20260831,233000,4453.46,4455.925,4446.62,4449.24,14816
20260901,013000,4454.255,4455.88,4445.65,4447.125,6547
20260901,023000,4447.165,4452.545,4441.85,4452.35,8653
20260901,033000,4452.395,4461.7,4446.48,4453.745,32950
20260901,043000,4453.81,4457.015,4436.505,4444.51,45450
20260901,053000,4444.485,4449.395,4427.695,4443.05,33082
20260901,063000,4443.04,4444.175,4431.92,4436.79,17685
20260901,073000,4436.795,4437.81,4425.555,4426.815,14663
20260901,083000,4426.82,4446.105,4423.705,4440.28,28653
20260901,093000,4440.13,4440.63,4427.8,4429.76,24372
20260901,103000,4429.755,4435.095,4412.205,4420.19,41056
20260901,113000,4420.145,4420.145,4369.365,4370.905,79900
20260901,123000,4370.84,4378.26,4364.545,4364.795,50959
20260901,133000,4364.785,4386.1,4364.41,4378.255,29716
20260901,143000,4378.215,4387.385,4371.97,4374.64,32706
20260901,153000,4374.525,4376.265,4352.015,4356.29,56614
20260901,163000,4356.3,4367.575,4326.27,4365.28,95860
20260901,173000,4365.49,4375.695,4353.31,4360.44,82437
20260901,183000,4360.505,4373.955,4355.23,4372.955,51396
20260901,193000,4372.99,4374.79,4347.09,4351.42,63227
20260901,203000,4351.47,4352.05,4341.09,4343.025,49417
20260901,213000,4343.06,4344.625,4328.305,4331.85,40813
20260901,223000,4331.81,4337.78,4322.745,4327.125,41430
20260901,233000,4327.145,4330.875,4323.74,4328.405,12186
20260902,013000,4331.385,4331.59,4326.385,4329.32,5419
20260902,023000,4329.28,4335.9,4322.945,4324.465,10459
20260902,033000,4324.455,4334.59,4314.63,4315.905,44756
20260902,043000,4315.815,4326.815,4288.44,4291.11,66469
20260902,053000,4291.12,4314.855,4287.27,4303.055,39477
20260902,063000,4302.95,4304.455,4282.625,4303.45,30062
20260902,073000,4303.44,4308.06,4301.32,4307.465,16336
20260902,083000,4307.415,4326.645,4303.72,4320.12,27964
20260902,093000,4320.16,4329.325,4314.525,4321.875,40639
20260902,103000,4321.84,4331.405,4319.285,4323.17,40490
20260902,113000,4323.2,4331.645,4312.685,4313.07,41380
20260902,123000,4313.045,4322.54,4304.87,4308.645,31467
20260902,133000,4308.68,4312.355,4301.745,4309.395,23101
20260902,143000,4309.35,4333.1,4307.705,4332.495,44579
20260902,153000,4332.5,4344.385,4327.495,4331.525,57415
20260902,163000,4331.61,4385.515,4330.85,4385.12,80930
20260902,173000,4385.105,4397.75,4374.41,4377.04,86416
20260902,183000,4377.065,4381.045,4364.64,4373.195,61279
20260902,193000,4373.18,4374.91,4364.52,4368.4,34777
20260902,203000,4368.405,4380.855,4364.735,4377.08,31280
20260902,213000,4377.075,4379.85,4369.32,4374.265,31474
20260902,223000,4374.24,4391.365,4371.83,4391.205,32690
20260902,233000,4391.23,4391.67,4384.055,4388.22,14590
20260903,013000,4391.29,4391.835,4383.535,4384.75,8136
20260903,023000,4384.755,4388.94,4381.25,4385.73,11607
20260903,033000,4385.735,4397.985,4382.505,4395.585,24764
20260903,043000,4395.645,4412.625,4387.365,4410.565,47258
20260903,053000,4410.53,4420.565,4406.795,4420.425,33926
20260903,063000,4420.415,4432.685,4419.4,4431.485,21856
20260903,073000,4431.455,4438.725,4425.665,4437.405,13873
20260903,083000,4437.4,4440.355,4422.585,4431.155,33437
20260903,093000,4431.185,4436.38,4417.575,4420.59,37433
20260903,103000,4420.61,4431.635,4419.165,4428.91,37955
20260903,113000,4428.86,4443.715,4428.135,4434.97,48446
20260903,123000,4435.025,4442.04,4425.595,4427.62,32706
20260903,133000,4427.66,4429.965,4419.09,4427.345,27573
20260903,143000,4427.38,4445.745,4425.12,4444.28,30182
20260903,153000,4444.25,4495.23,4437.855,4493.535,65930
20260903,163000,4493.585,4496.01,4456.925,4470.785,89867
20260903,173000,4470.78,4485.425,4458.385,4485.365,89302
20260903,183000,4485.37,4510.93,4484.28,4493.345,66402
20260903,193000,4493.335,4495.57,4485.53,4486.28,35900
20260903,203000,4486.36,4494.745,4483.355,4486.695,28518
20260903,213000,4486.705,4489.835,4474.02,4475.19,33683
20260903,223000,4475.175,4480.805,4472.65,4475.29,32201
20260903,233000,4475.235,4475.74,4470.55,4472.965,9910
20260904,013000,4476.075,4478.99,4471.515,4474.645,9541
20260904,023000,4474.545,4480.4,4471.79,4480.16,9311
20260904,033000,4480.06,4487.475,4472.91,4486.4,22384
20260904,043000,4486.51,4487.545,4467.125,4478.925,39650
20260904,053000,4479.075,4482.605,4470.43,4477.47,19438
20260904,063000,4477.495,4478.73,4467.185,4467.185,12223
20260904,073000,4467.145,4475.125,4465.49,4473.825,9383
20260904,083000,4473.785,4477.695,4466.91,4472.205,18284
20260904,093000,4472.21,4473.5,4460.155,4462.935,26410
20260904,103000,4462.915,4490.895,4461.51,4483.425,32418
20260904,113000,4483.43,4486.54,4474.49,4477.97,24877
20260904,123000,4477.95,4479.315,4464,4465.69,26221
20260904,133000,4465.665,4476.45,4465.53,4472.955,16471
20260904,143000,4473.035,4473.515,4465.145,4467.145,17847
20260904,153000,4467.17,4476.665,4376.18,4393.77,98790
20260904,163000,4393.735,4434.93,4365.57,4413.285,115874
20260904,173000,4413.27,4442.26,4412.06,4427.605,85647
20260904,183000,4427.67,4449,4422.825,4436.655,51031
20260904,193000,4436.605,4443.615,4432.31,4436.37,33851
20260904,203000,4436.335,4440.55,4415.645,4416.58,37207
20260904,213000,4416.615,4426.75,4411.97,4424.035,27079
20260904,223000,4424.06,4438.565,4422.615,4434.925,22331
20260904,233000,4434.915,4435.245,4428.69,4429.825,8824
20260907,013000,4422.495,4435.255,4422.165,4429.39,5599
20260907,023000,4429.38,4434.06,4421.165,4423.435,9876
20260907,033000,4423.535,4429.605,4410.1,4412.78,19794
20260907,043000,4412.75,4416.87,4389.585,4409.215,48327
20260907,053000,4409.23,4419.02,4403.085,4408.91,26179
20260907,063000,4408.995,4410.705,4401.26,4404.285,17061
20260907,073000,4404.27,4407.455,4394.58,4398.145,11049
20260907,083000,4398.165,4413.315,4393.25,4394.225,18474
20260907,093000,4394.255,4399.865,4385.33,4392.91,26649
20260907,103000,4392.945,4406.83,4391.855,4406.45,27689
20260907,113000,4406.35,4423.885,4405.275,4411.005,23430
20260907,123000,4411.055,4413.885,4403.695,4405.745,14229
20260907,133000,4405.645,4406.355,4388.11,4391.695,15568
20260907,143000,4391.68,4394.975,4381.24,4385.33,23752
20260907,153000,4385.335,4398.17,4385.335,4396.845,12402
20260907,163000,4396.745,4407.85,4395.47,4402.43,19412
20260907,173000,4402.445,4419.655,4401.16,4416.035,25125
20260907,183000,4416.045,4416.705,4408.905,4414.53,18725
20260907,193000,4414.515,4417.4,4411.965,4414.575,6093
20260907,203000,4414.57,4415.185,4407.125,4407.175,5629
20260907,213000,4407.18,4409.185,4403.13,4406.065,3986
20260908,013000,4412.87,4413.605,4406.295,4407.645,4981
20260908,023000,4407.265,4428.17,4407.245,4423.085,16204
20260908,033000,4423.145,4430.325,4415.215,4426.255,39128
20260908,043000,4426.24,4440.81,4417.19,4437.245,44715
20260908,053000,4437.33,4438.785,4421.295,4424.41,23398
20260908,063000,4424.405,4440.235,4422.75,4437.875,19862
20260908,073000,4437.965,4442.98,4431.695,4436,12115
20260908,083000,4435.985,4437.77,4417.595,4419.675,23992
20260908,093000,4419.595,4420.365,4398.325,4403.71,45898
20260908,103000,4403.705,4409.465,4390.19,4392.58,31134
20260908,113000,4392.575,4398.67,4388.01,4394.19,41530
20260908,123000,4394.185,4405.725,4390.9,4403.04,24573
20260908,133000,4403.035,4407.015,4393.69,4395.3,20817
20260908,143000,4395.295,4408.005,4391.165,4406.485,23456
20260908,153000,4406.43,4411.9,4385.475,4411.73,45598
20260908,163000,4411.735,4413.235,4390.49,4395.655,53730
20260908,173000,4395.635,4403.715,4389.295,4398.845,65385
20260908,183000,4398.85,4409.31,4394.74,4394.765,29308
20260908,193000,4394.77,4398.56,4380.655,4393.72,38342
20260908,203000,4393.76,4403.725,4385.415,4390.155,30602
20260908,213000,4390.15,4390.485,4358.34,4375.74,51507
20260908,223000,4375.695,4377.46,4356.8,4359.505,36930
20260908,233000,4359.485,4364.465,4345.06,4355.705,12931
20260909,013000,4357.66,4357.92,4350.74,4354.335,8816
20260909,023000,4354.32,4360.035,4349.28,4350.1,11257
20260909,033000,4350.15,4365.59,4341.255,4364.77,33475
20260909,043000,4364.795,4378.34,4354.22,4373.82,35290
20260909,053000,4373.92,4384.58,4367.35,4382.375,25060
20260909,063000,4382.295,4382.925,4375.24,4375.26,15685
20260909,073000,4375.245,4382.615,4370.78,4381.64,13961
20260909,083000,4381.73,4401.08,4380.38,4398.84,20174
20260909,093000,4398.885,4406.185,4395.36,4400.66,20647
20260909,103000,4400.665,4413.01,4399.38,4409.28,25807
20260909,113000,4409.32,4411.98,4399.07,4400.695,23046
20260909,123000,4400.765,4402.325,4388.795,4390.86,19027
20260909,133000,4390.855,4403.205,4386.335,4399.665,26808
20260909,143000,4399.65,4415.365,4399.65,4407.48,31352
20260909,153000,4407.5,4409.44,4391,4400.19,39213
20260909,163000,4400.18,4434.175,4398.655,4415.25,58620
20260909,173000,4415.12,4428.845,4409.935,4418.855,59652
20260909,183000,4418.79,4432.385,4375.155,4398.52,96568
20260909,193000,4398.53,4410.425,4391.54,4409.385,47079
20260909,203000,4409.5,4420.56,4408.835,4416.115,38068
20260909,213000,4416.18,4421.65,4401.775,4403.2,25637
20260909,223000,4403.26,4405.005,4395.725,4399.24,20288
20260909,233000,4399.215,4402.115,4393.59,4402.115,6111
20260910,013000,4405.28,4406.105,4397.755,4399.765,8771
20260910,023000,4399.58,4403.245,4393.28,4394.275,9295
20260910,033000,4394.315,4404.87,4389.735,4401.15,15154
20260910,043000,4401.05,4419.24,4400.185,4412.425,45020
20260910,053000,4412.43,4421.01,4408.235,4419.565,30085
20260910,063000,4419.58,4421.17,4406.905,4409.255,25095
20260910,073000,4409.31,4415.65,4405.73,4408.675,14040
20260910,083000,4408.725,4431.2,4408.345,4431.17,31978
20260910,093000,4431.125,4435.045,4410.995,4425.225,40382
20260910,103000,4425.205,4425.435,4404.225,4411.86,34100
20260910,113000,4411.805,4412.855,4392.58,4395.045,31379
20260910,123000,4395.015,4397.025,4388.405,4394.08,22494
20260910,133000,4394.035,4400.245,4375.24,4379,43896
20260910,143000,4379,4391.025,4374.1,4374.57,42845
20260910,153000,4374.565,4378.055,4324.17,4340.2,90722
20260910,163000,4340.215,4376.045,4339.33,4365.985,93573
20260910,173000,4365.94,4376.45,4354.03,4358.15,78768
20260910,183000,4358.155,4372.14,4352.735,4365.84,57584
20260910,193000,4365.83,4370.16,4354.075,4364.14,53448
20260910,203000,4364.24,4367.83,4351.28,4352.705,41436
20260910,213000,4352.76,4356.175,4330.03,4333.115,46521
20260910,223000,4333.09,4333.09,4313.85,4324.515,45620
20260910,233000,4324.535,4324.535,4314.645,4317.025,14413
20260911,013000,4322.94,4324.065,4313.765,4318.62,10740
20260911,023000,4318.535,4320.665,4311.345,4315.38,14954
20260911,033000,4315.385,4334.045,4312.73,4332.32,42673
20260911,043000,4332.31,4340.6,4320.89,4329.53,46216
20260911,053000,4329.505,4334.515,4315.945,4322.755,41683
20260911,063000,4322.7,4326.495,4300.795,4304.19,37248
20260911,073000,4304.185,4335.31,4302.14,4331.755,29403
20260911,083000,4331.76,4352.03,4328.32,4346.17,37822
20260911,093000,4346.22,4361.15,4345.775,4353.215,48923
20260911,103000,4353.21,4356.24,4340.64,4345.005,33075
20260911,113000,4345.075,4357.635,4342.1,4347.01,38866
20260911,123000,4347.055,4354.035,4340.925,4346.275,29230
20260911,133000,4346.375,4349.975,4336.8,4337.63,22940
20260911,143000,4337.555,4342.715,4330.285,4333.51,27880
20260911,153000,4333.52,4390.26,4292.11,4388.555,98119
20260911,163000,4388.45,4402.555,4380.54,4401.595,108206
20260911,173000,4401.59,4402.63,4364.8,4370.915,80430
20260911,183000,4370.715,4377.245,4359.32,4367.055,54612
20260911,193000,4367.025,4372.775,4352.045,4361.615,52877
20260911,203000,4361.61,4370.43,4357.98,4358.285,38774
20260911,213000,4358.335,4360.125,4344.195,4347.005,28842
20260911,223000,4347.03,4353.905,4342.745,4348.75,27177
20260911,233000,4348.715,4351.51,4345.605,4349.42,10243
20260914,013000,4338.79,4342.305,4328.405,4338.1,14531
20260914,023000,4338.125,4342.615,4332.075,4333.03,17328
20260914,033000,4333.025,4347.71,4329.85,4338.73,39655
20260914,043000,4338.685,4355.4,4326.345,4353.355,54532
20260914,053000,4353.335,4355.405,4330.375,4331.085,30910
20260914,063000,4330.995,4336.625,4327.335,4330.705,31082
20260914,073000,4330.69,4331.99,4322.17,4329.755,19070
20260914,083000,4329.76,4337.52,4323.42,4337.4,27393
20260914,093000,4337.395,4338.765,4320.69,4322.32,34779
20260914,103000,4322.29,4324.395,4307.995,4311.055,36200
20260914,113000,4311.06,4318.36,4303.45,4306.695,36104
20260914,123000,4306.69,4311.93,4278.3,4285.63,56043
20260914,133000,4285.615,4296.64,4278.315,4294.685,26328
20260914,143000,4294.69,4297.09,4284.39,4287.17,22071
20260914,153000,4287.175,4297.665,4266.005,4271.27,62445
20260914,163000,4271.26,4281.38,4253.635,4272.735,84003
20260914,173000,4272.685,4283.01,4264.125,4279.57,64108
20260914,183000,4279.65,4298.435,4272.565,4288.25,76597
20260914,193000,4288.295,4317.83,4286.425,4315.715,56810
20260914,203000,4315.755,4316.44,4307.815,4311.06,47127
20260914,213000,4311.045,4315.79,4304.865,4307.385,26959
20260914,223000,4307.41,4307.885,4282.885,4283.72,25409
20260914,233000,4283.715,4299.79,4282.425,4299.52,12010
20260915,013000,4299.31,4300.19,4292.99,4295.54,10708
20260915,023000,4295.51,4297.53,4287.065,4288.375,13016
20260915,033000,4288.36,4296.825,4283.37,4293.285,24467
20260915,043000,4293.23,4306.535,4287.915,4304.565,37039
20260915,053000,4304.635,4317.63,4304.635,4314.315,29876
20260915,063000,4314.29,4314.69,4303.39,4303.59,18509
20260915,073000,4303.525,4309.75,4300.85,4304.925,14393
20260915,083000,4304.975,4307.775,4289.255,4291.205,27919
20260915,093000,4291.14,4295.38,4286.095,4293.45,31112
20260915,103000,4293.475,4295.635,4276.35,4280.78,34637
20260915,113000,4280.785,4280.97,4261.375,4262.54,38810
20260915,123000,4262.535,4272.385,4261.735,4268.43,33627
20260915,133000,4268.445,4284.07,4268.42,4281.55,25584
20260915,143000,4281.545,4286.785,4278.725,4284.74,23579
20260915,153000,4284.71,4295.905,4271.46,4290.385,36102
20260915,163000,4290.375,4298.475,4283.5,4294.78,56130
20260915,173000,4294.785,4300.695,4273.985,4277.04,56576
20260915,183000,4277.045,4294.82,4276.65,4289.565,45670
20260915,193000,4289.59,4298.37,4285.57,4295.64,36519
20260915,203000,4295.705,4299.165,4290.44,4295.105,28990
20260915,213000,4295.1,4310.455,4293.07,4308.72,32433
20260915,223000,4308.725,4310.76,4294.34,4297.895,25454
20260915,233000,4297.865,4299.13,4291.915,4293.885,10647
20260916,013000,4295.39,4299.115,4289.12,4289.245,10246
20260916,023000,4289.24,4289.765,4281.25,4283.565,13196
20260916,033000,4283.63,4286.45,4275.67,4277.615,19688
20260916,043000,4277.63,4293.71,4276.86,4282.745,33136
20260916,053000,4282.73,4323.635,4282.13,4321.72,42176
20260916,063000,4321.67,4341.135,4321.495,4327.185,29002
20260916,073000,4327.195,4328.65,4320.635,4321.95,11843
20260916,083000,4321.9,4333.845,4320.79,4326.61,22298
20260916,093000,4326.6,4333.275,4321.65,4333.15,35711
20260916,103000,4333.105,4339.28,4328.535,4329.37,29266
20260916,113000,4329.38,4337.73,4323.05,4330.275,34921
20260916,123000,4330.355,4339.5,4327.465,4338.185,33362
20260916,133000,4338.195,4351.26,4337.61,4350.985,25222
20260916,143000,4350.955,4353.78,4341.735,4341.785,30347
20260916,153000,4341.79,4349.05,4334.775,4347.6,28664
20260916,163000,4347.41,4360.5,4335.07,4338.87,57202
20260916,173000,4338.875,4356.045,4324.25,4355.1,48077
20260916,183000,4355.09,4361.575,4342.97,4352.815,47649
20260916,193000,4352.82,4352.955,4343.82,4346.605,25687
20260916,203000,4346.59,4366.235,4341.725,4359.405,25667
20260916,213000,4359.6,4367.415,4257.175,4261.36,197063
20260916,223000,4261.375,4287.575,4235.165,4272.29,139122
20260916,233000,4272.285,4273.9,4257.355,4263.855,23198
20260917,013000,4260.09,4276.295,4257.6,4266.71,13731
20260917,023000,4266.825,4275.78,4258.93,4271.93,20643
20260917,033000,4271.935,4292.48,4266.535,4280.415,41278
20260917,043000,4280.42,4318.29,4280.29,4300.415,53826
20260917,053000,4300.43,4301.1,4274.135,4277.37,43639
20260917,063000,4277.375,4297.425,4277.21,4296,24561
20260917,073000,4296.055,4299.075,4290.41,4297.45,15263
20260917,083000,4297.415,4305.67,4285.6,4304.525,27300
20260917,093000,4304.51,4315.375,4304.355,4310.85,35399
20260917,103000,4310.83,4335.45,4309.295,4327.26,29668
20260917,113000,4327.3,4328.3,4310.16,4311.765,27909
20260917,123000,4311.77,4319.34,4305.15,4306.26,24568
20260917,133000,4306.35,4325.145,4305.15,4324.185,21470
20260917,143000,4324.275,4353.335,4323.365,4349.855,40268
20260917,153000,4349.82,4381.065,4343.66,4373.345,73028
20260917,163000,4373.34,4375.16,4355.5,4366.895,79861
20260917,173000,4366.93,4380.04,4352.335,4354.195,58460
20260917,183000,4354.27,4370.15,4351.365,4370.04,45282
20260917,193000,4370.045,4372.615,4355.89,4362.465,31000
20260917,203000,4362.47,4365.995,4357.92,4361.43,27871
20260917,213000,4361.42,4365.735,4348.515,4351.64,20486
20260917,223000,4351.675,4356.12,4342.7,4346.2,22364
20260917,233000,4346.23,4347.04,4340.655,4341.84,9242
20260918,013000,4343.19,4349.745,4341.705,4344.48,8829
20260918,023000,4344.42,4348.32,4339.715,4346.425,8778
20260918,033000,4346.39,4360.325,4342.105,4356.38,18773
20260918,043000,4356.375,4365.8,4344.195,4348.55,36216
20260918,053000,4348.415,4356.74,4343.26,4346.845,26304
20260918,063000,4346.76,4360.92,4334.295,4359.34,26687
20260918,073000,4359.225,4367.11,4352.91,4366.9,17473
20260918,083000,4366.98,4378.385,4360.27,4377.505,30173
20260918,093000,4377.49,4397.345,4377.375,4393.5,34162
20260918,103000,4393.465,4399.67,4388.965,4393.49,25076
20260918,113000,4393.505,4398.46,4385.285,4392.27,26587
20260918,123000,4392.355,4398.2,4373.255,4376.715,25322
20260918,133000,4376.735,4382.19,4375.8,4381.94,24473
20260918,143000,4381.935,4388.585,4372.715,4381.62,38217
20260918,153000,4381.615,4382.92,4353.865,4368.96,49580
20260918,163000,4368.975,4375.595,4347.515,4349.415,58201
20260918,173000,4349.42,4361.755,4342.725,4352.995,58647
20260918,183000,4353.025,4358.095,4348.175,4356.655,41779
20260918,193000,4356.66,4383.875,4354.865,4382.92,47018
20260918,203000,4383.015,4397.045,4381.67,4393.05,28574
20260918,213000,4393.045,4394.42,4379.695,4382.185,27341
20260918,223000,4382.18,4386.145,4374.94,4376.59,25761
20260918,233000,4376.585,4383.435,4375.605,4378.385,14329
20260921,013000,4379.935,4382.425,4373.655,4373.795,14927
20260921,023000,4373.805,4376.185,4368.855,4372.785,14383
20260921,033000,4372.735,4376.12,4358.405,4366.885,25826
20260921,043000,4366.9,4383.385,4366.605,4377.44,40932
20260921,053000,4377.54,4377.8,4361.28,4363.91,28852
20260921,063000,4363.815,4368.27,4358.03,4359.115,23947
20260921,073000,4359.125,4365.585,4355.28,4355.975,17803
20260921,083000,4355.955,4362.145,4349.205,4350.845,20732
20260921,093000,4350.84,4355.865,4346.29,4353.39,32290
20260921,103000,4353.395,4356.175,4342.04,4344.28,30702
20260921,113000,4344.21,4357.655,4343.495,4353.285,24735
20260921,123000,4353.255,4354.925,4340.1,4345.695,19062
20260921,133000,4345.725,4356.765,4342.63,4342.81,18638
20260921,143000,4342.785,4371.115,4342.05,4369.15,22944
20260921,153000,4369.185,4374.94,4351.31,4359.58,32480
20260921,163000,4359.565,4369.855,4346.02,4346.105,43327
20260921,173000,4346.11,4347.215,4322.81,4338.89,59551
20260921,183000,4339.09,4356.105,4338.97,4348.085,38150
20260921,193000,4348.12,4357.105,4343.005,4343.395,33414
20260921,203000,4343.43,4346.935,4337.55,4344.66,21463
20260921,213000,4344.715,4352.535,4344.095,4346.12,20389
20260921,223000,4346.115,4353.795,4342.26,4345.085,23369
20260921,233000,4345.05,4345.305,4339.305,4343.545,7771
20260922,013000,4348.155,4365.215,4346.695,4361.095,7708
20260922,023000,4361.195,4370.77,4358.255,4368.54,18617
20260922,033000,4368.6,4376.005,4348.555,4360.42,29253
20260922,043000,4360.49,4365.195,4343.61,4348.6,45287
20260922,053000,4348.555,4356.03,4339.8,4344.85,31070
20260922,063000,4344.855,4349.38,4339.65,4341.825,20105
20260922,073000,4341.775,4342.03,4335.075,4337.17,6239
