<DTYYYYMMDD>,<TIME>,<OPEN>,<HIGH>,<LOW>,<CLOSE>,<VOL>
20210803,190000,253218.58,253218.58,253193.27,253193.27,12844073742
20210804,090000,253193.27,254614.97,253193.27,254614.97,16089140962
20210804,100000,254591.48,254631.13,254549.62,254549.62,42080558329
20210804,110000,254548.83,254653.79,254526.45,254653.79,61089334904
20210804,120000,254665.55,254820.61,254665.55,254820.38,68106302322
20210804,140000,254820.11,254820.11,254817.44,254817.44,29192974437
20210804,150000,254817.33,254817.33,254817.18,254817.18,36474279224
20210804,180000,254817.1,254817.1,254817.05,254817.05,14589200580
20210804,200000,254787.23,254787.23,254787.23,254787.23,7294600290
20210807,090000,254787.23,256323.42,254787.23,256236.52,22140871843
20210807,100000,256183.09,256183.09,255744.51,255744.51,50149275795
20210807,110000,255732.9,255732.9,255506.85,255506.85,64486214156
20210807,120000,255513.6,255513.6,255415.12,255415.16,51921674673
20210807,130000,255415.19,255415.19,255415.03,255415.03,13932145541
20210807,170000,255415.05,255415.07,255415.05,255415.07,13919071706
20210807,180000,255413.78,255413.78,255413.78,255413.78,6959535853
20210808,090000,255413.78,256642.37,255413.78,256642.37,11514821527
20210808,100000,256721.75,257425.04,256721.75,257425.04,32142273173
20210808,110000,257435.3,257597.14,257435.3,257594.79,50343124673
20210808,120000,257605.97,257648.2,257605.97,257648.13,49805817498
20210808,130000,257648.14,257648.14,257648.14,257648.14,5935254112
20210808,170000,257648.13,257648.33,257648.13,257648.33,17805240157
20210808,190000,257647.06,257647.06,257647.06,257647.06,5935066908
20210809,090000,257647.06,259477.58,257647.06,259471.75,18287635060
20210809,100000,259541.47,260193.29,259541.47,260193.29,46571578680
20210809,110000,260228.96,260657.44,260228.96,260657.44,71132020495
20210809,120000,260677.43,260780.89,260677.43,260779.92,85142906064
20210809,130000,260779.88,260779.88,260779.88,260779.88,8109835907
20210809,170000,260779.98,260780.08,260779.98,260780.08,16219503074
20210809,190000,260777.48,260777.48,260777.48,260777.48,8109751537
20210810,090000,260777.48,262900.47,260777.48,262900.47,19017121188
20210810,100000,262962.46,263609.71,262962.46,263609.71,47944130762
20210810,110000,263640.37,264010.77,263640.37,264010.77,71102714700
20210810,120000,264047.69,264203.03,264047.69,264203.03,60892151685
20210810,130000,264203.02,264203.02,264203.01,264203.02,24488312757
20210810,180000,264203.05,264203.05,264203.04,264203.04,16325104802
20210810,190000,264201.87,264201.87,264201.87,264201.87,8162552401
20210811,090000,264201.87,267180.62,264201.87,267180.62,22491230973
20210811,100000,267203.52,267233.07,267020.68,267020.68,53267263930
20210811,110000,266991.94,266991.94,266854.32,266854.32,75486227806
20210811,120000,266854.37,266859.4,266831.51,266832.01,92596158842
20210811,130000,266831.99,266831.99,266831.6,266831.6,26955342259
20210811,140000,266831.44,266831.44,266831.44,266831.44,8981851049
20210811,190000,266831.41,266831.41,266831.41,266831.41,8981827908
20210811,200000,266706.03,266706.03,266706.03,266706.03,8981827908
20210814,090000,266706.03,267857.41,266706.03,267263.25,40389500951
20210814,100000,267139.96,267139.96,266518.65,266518.65,85276901021
20210814,110000,266518.08,266814.28,266518.08,266814.28,114897894898
20210814,120000,266822.3,266922.31,266822.3,266922.27,89331497588
20210814,130000,266922.29,266922.3,266922.22,266922.3,35111207669
20210814,140000,266922.31,266922.31,266922.31,266922.31,11703194027
20210814,200000,266922.3,266922.3,266922.3,266922.3,11703116632
20210814,210000,266840.91,266840.91,266840.91,266840.91,11703148905
20210815,090000,266840.91,268265.05,266840.91,268265.05,20175134849
20210815,100000,268396.69,269463.71,268396.69,269463.71,54229209615
20210815,110000,269531.62,270147.97,269531.62,270147.97,76353398427
20210815,120000,270204.55,270392.24,270204.55,270392.24,65318984018
20210815,130000,270392.22,270392.29,270392.22,270392.29,26586948964
20210815,140000,270392.25,270392.25,270392.24,270392.24,17723701812
20210815,160000,270392.23,270392.23,270392.23,270392.23,8861705823
20210815,180000,270383.15,270383.15,270383.15,270383.15,8861705823
20210822,090000,270383.15,274780,270383.15,274780,28591358453
20210822,100000,274863.91,275447.39,274863.91,275447.39,64651621841
20210822,110000,275444.02,275444.02,275288.13,275288.13,104189732390
20210822,120000,275293.15,275299.11,275247.75,275248.45,84647391306
20210822,130000,275248.64,275248.65,275248.64,275248.65,22704967752
20210822,170000,275248.63,275248.63,275248.57,275248.57,22694956760
20210822,180000,275251.54,275251.54,275251.54,275251.54,11347478380
20210823,090000,275251.54,276441.68,275251.54,275910.52,25950049045
20210823,100000,276051.51,276857.55,276051.51,276857.55,62785432610
20210823,110000,276915.4,277640.22,276915.4,277603.33,91554289883
20210823,120000,277643.28,277840.3,277643.28,277840.3,76277045095
20210823,130000,277840.33,277840.33,277840.33,277840.33,10269652475
20210823,190000,277840.3,277840.3,277840.3,277840.3,10269649249
20210823,200000,277729.4,277729.4,277729.4,277729.4,10269649249
20210824,090000,277729.4,283372.01,277729.4,283372.01,22854443008
20210824,100000,283552.12,284637.36,283552.12,284637.36,61758712945
20210824,110000,284659.41,284734.59,284555.81,284604.18,88877527807
20210824,120000,284626.91,284721.89,284625.61,284721.89,72429578114
20210824,130000,284721.91,284721.91,284721.91,284721.91,9736841709
20210824,190000,284721.93,284722.17,284721.93,284722.17,29210311251
20210825,090000,284722.17,286774.69,284722.17,286453.51,21124719222
20210825,100000,286402.74,286760.18,286296.9,286760.18,54074999567
20210825,110000,286831.63,287653.9,286831.63,287653.9,87800914786
20210825,120000,287706.59,287927.02,287706.59,287927.02,88587117099
20210825,130000,287927.37,287927.41,287927.37,287927.41,21159463776
20210825,180000,287928.04,287928.04,287928.02,287928.02,21159250196
20210825,190000,287964.41,287964.41,287964.41,287964.41,10579625098
20210828,090000,287964.41,293739.58,287964.41,293739.58,27868869100
20210828,100000,293916.64,294541.4,293916.64,294541.4,66400496745
20210828,110000,294561.89,294840.35,294561.89,294840.35,94382195583
20210828,120000,294855.97,294999.92,294855.97,294999.92,77104180596
20210828,130000,294999.9,294999.93,294999.9,294999.93,20621912539
20210828,180000,294999.96,294999.96,294998.88,294998.88,20621663502
20210829,090000,294998.88,297410.58,294998.88,295962.87,31830020109
20210829,100000,296194.04,297501.48,296194.04,297501.48,77284676768
20210829,110000,297514.57,297514.57,296642.74,296642.74,119299329556
20210829,120000,296364.43,296364.43,295004.66,295004.66,109558983928
20210829,130000,295004.65,295004.65,295004.57,295004.57,28911180175
20210829,170000,295004.59,295004.59,295004.59,295004.59,14455263193
20210829,180000,295001.73,295001.73,295001.73,295001.73,0
20210830,090000,295001.73,295001.73,288851.36,288851.36,30306826200
20210830,100000,288691.76,288691.76,287154.33,287154.33,88319647601
20210830,110000,287055.09,287055.09,286685.04,286811,117207722048
20210830,120000,286795.62,286795.62,286704.15,286709.62,86617484852
20210830,130000,286709.66,286709.66,286709.32,286709.32,22457629838
20210830,180000,286709.33,286709.33,286709.33,286709.33,11227962698
20210830,190000,286703.27,286703.27,286703.27,286703.27,11227962698
20210831,090000,286703.27,286703.27,279021.56,279149.05,36184274393
20210831,100000,279311.16,281069.02,279311.16,281069.02,88787487170
20210831,110000,281221.26,282223.18,281221.26,282220.23,116255724918
20210831,120000,282188.29,282188.29,281992.14,281992.14,97245199508
20210831,130000,281991.91,281991.91,281991.84,281991.84,25665106663
20210831,180000,281991.87,281991.87,281991.79,281991.85,38497227885
20210831,190000,281991.84,281991.84,281991.8,281991.8,51329553220
20210831,200000,281992.1,281992.1,281992.1,281992.1,12832386075
20210901,090000,281992.1,283906.48,281992.1,283730.37,19414873830
20210901,100000,283890.4,285512.54,283890.4,285512.54,47044937146
20210901,110000,285601.77,286653.55,285601.77,286653.55,70303282907
20210901,120000,286756.54,287344.32,286756.54,287344.29,71573725522
20210901,130000,287344.45,287344.45,287344.45,287344.45,8564175128
20210901,170000,287344.44,287344.44,287344.44,287344.44,8564129441
20210901,180000,287342.8,287342.8,287342.8,287342.8,8564129441
20210904,090000,287342.8,293515.33,287342.8,293503.79,24401133266
20210904,100000,293442.56,293442.56,292932.09,292932.09,63745337217
20210904,110000,292923.74,292998.09,292913.67,292998.09,86205046932
20210904,120000,293000.33,293056.58,292997.52,293056.21,79222005818
20210904,150000,293052.74,293052.74,293052.74,293052.74,9349374326
20210904,170000,293052.75,293052.75,293052.75,293052.75,9349195923
20210904,180000,293058.39,293058.39,293058.39,293058.39,9349195923
20210905,090000,293058.39,293717.25,292401.29,293062.88,19946692228
20210905,100000,293152.1,294119.37,293152.1,294119.37,57322454687
20210905,110000,294168.56,294515.47,294168.56,294515.47,83156616407
20210905,120000,294551.1,294689.87,294551.1,294689.87,67350223874
20210905,130000,294689.76,294689.76,294689.74,294689.74,17945868331
20210905,140000,294689.69,294689.69,294689.69,294689.69,8972667108
20210905,180000,294694.08,294694.08,294694.08,294694.08,8972644632
20210906,090000,294694.08,297611.19,294694.08,297611.19,19169455204
20210906,100000,297906.35,297942.26,297674.07,297709.11,49640679192
20210906,110000,297683.35,297683.35,297196.03,297196.03,77402691380
20210906,120000,297128.81,297128.81,296328.98,296329.1,88335063366
20210906,130000,296329.11,296329.11,296329.11,296329.11,9585687568
20210906,150000,296328.51,296328.51,296328.15,296328.15,9585428973
20210906,180000,296328.14,296328.14,296328.14,296328.14,9585396306
20210906,190000,296325.12,296325.12,296325.12,296325.12,9585396306
20210907,090000,296325.12,296325.12,294039.99,294140,18100314660
20210907,100000,294188.05,294513.5,294188.05,294485.13,44838438325
20210907,110000,294507.88,294531.19,294088.24,294088.24,67567637937
20210907,120000,294047.55,294047.55,293639.35,293639.35,59808807237
20210907,130000,293639.34,293639.44,293639.34,293639.34,24269134883
20210907,180000,293639.35,293639.35,293639.35,293639.35,8089466398
20210907,190000,293637.02,293637.02,293637.02,293637.02,8089466398
20210908,090000,293637.02,294786.01,293637.02,294290.76,13456230335
20210908,100000,294175.46,294218.55,294019.59,294218.55,35485923517
20210908,110000,294276.89,294302.72,294211.12,294211.12,52464060849
20210908,120000,294213.63,294213.63,294108.53,294108.63,45958069651
20210908,130000,294108.97,294109.15,294108.97,294109.15,12568094690
20210908,170000,294109.13,294109.13,294109.13,294109.13,6283974927
20210908,180000,294110.54,294110.54,294110.54,294110.54,6283974927
20210911,090000,294110.54,295513.94,294110.54,295059.17,14579176342
20210911,100000,294964.87,294964.87,293967.53,293967.53,37417720528
20210911,110000,293886.07,293886.07,293074.27,293074.27,57538287518
20210911,120000,292985.08,292985.08,292373.32,292373.32,48523966326
20210911,130000,292372.96,292372.99,292372.96,292372.99,13040226055
20210911,150000,292370.78,292370.78,292370.78,292370.78,6519857357
20210911,170000,292370.75,292370.75,292370.74,292370.74,13039714714
20210911,180000,292371.24,292371.24,292371.24,292371.24,6519857357
20210912,090000,292371.24,292371.24,286300.99,286300.99,14795083887
20210912,100000,285942.56,285942.56,284358.84,284358.84,38423480710
20210912,110000,284296.55,284296.55,283973.84,283984.18,51635092728
20210912,120000,283979.82,284027.39,283953.31,283988.01,44428827403
20210912,170000,283988.03,283988.03,283988.03,283988.03,5880109268
20210912,190000,283991.79,283991.79,283991.79,283991.79,5880109268
20210913,090000,283991.79,283991.79,280259.11,280259.11,16126816782
20210913,100000,280066.5,280066.5,279536.53,279808.35,41916537416
20210913,110000,279865.46,280102.3,279865.46,280102.3,63403346194
20210913,120000,280116.33,280224.66,280116.33,280168.2,44075626067
20210913,130000,280168.26,280168.29,280168.26,280168.28,27105500789
20210913,190000,280168.29,280168.29,280168.29,280168.29,6776223293
20210913,200000,280166.23,280166.23,280166.23,280166.23,6776223293
20210914,090000,280166.23,283647.19,280166.23,283647.19,10734101762
20210914,100000,283717.89,284807.15,283717.89,284807.15,30030294744
20210914,110000,284886.89,285159.73,284886.89,285159.73,49352299061
20210914,120000,285153.91,285167.17,285150.64,285157.96,48302794474
20210914,180000,285157.91,285157.91,285157.91,285157.91,5839297472
20210914,190000,285155.24,285155.24,285155.24,285155.24,5839297472
20210915,090000,285155.24,285598.48,284309.83,284509.17,10634834048
20210915,100000,284486.71,284682.97,284486.71,284662.14,32233011869
20210915,110000,284669.4,284677.21,284486.71,284486.71,46791411669
20210915,120000,284478.73,284478.73,284240.56,284240.56,40261627749
20210915,130000,284240.52,284240.52,284240.51,284240.51,10896344314
20210915,140000,284240.44,284240.44,284240.44,284240.44,5448170224
20210915,160000,284239.97,284239.97,284239.97,284239.97,5448167714
20210915,180000,284239.96,284244.66,284239.96,284244.66,10891797762
20210918,090000,284244.66,284645.99,280907.93,280907.93,12427084201
20210918,100000,280535.78,280535.78,278394.71,278394.71,36875038313
20210918,110000,278328.02,278328.02,277898.5,277898.5,53472493101
20210918,120000,277869.37,277869.37,277597.97,277597.98,61345167875
20210918,170000,277597.97,277603.1,277597.97,277603.1,11620425542
20210919,090000,277603.1,277603.1,276603.61,276603.61,10627736128
20210919,100000,276372.89,276372.89,273513.47,273513.47,33967583347
20210919,110000,273330.5,273330.5,272142.96,272142.96,55640525151
20210919,120000,272118.05,272118.05,271962.85,271962.91,51735700247
20210919,130000,271963.23,271963.23,271963.12,271963.12,12158493879
20210919,170000,271963.13,271963.13,271963.13,271963.13,6079196765
20210919,180000,271971.17,271971.17,271971.17,271971.17,6079196765
20210920,090000,271971.17,272791.41,271971.17,272791.41,9734672731
20210920,100000,272819.7,273275.5,272819.7,273275.5,27629712092
20210920,110000,273280.77,273313.37,273263.4,273263.4,42444806045
20210920,120000,273233.75,273233.75,272978.31,272978.31,37601667032
20210920,130000,272978.32,272978.32,272978,272978,20395087089
20210920,200000,272978.04,272978.04,272978.04,272978.04,5098571373
20210920,210000,272977.65,272977.65,272977.65,272977.65,5098571373
20210921,090000,272977.65,273404.89,269193.54,269193.54,12583920170
20210921,100000,268879.58,268879.58,266880.4,266880.4,37181605123
20210921,110000,266818.48,266818.48,266321.1,266321.1,50370555107
20210921,120000,266272.76,266272.76,265980.43,265980.43,49235989269
20210921,130000,265980.35,265980.35,265979.91,265979.98,40705451989
20210921,170000,265980.01,265980.01,265980.01,265980.01,5808778659
20210921,180000,265978.73,265978.73,265978.73,265978.73,5808778659
20210922,090000,265978.73,265978.73,264086.59,264086.59,11059634185
20210922,100000,263825.96,263825.96,261593.67,261593.67,36601614385
20210922,110000,261544.18,261820.49,261492.83,261820.49,56859326734
20210922,120000,261884.24,262177.77,261884.24,262177.77,48139819345
20210922,130000,262177.69,262177.76,262177.61,262177.76,38752201093
20210922,140000,262177.77,262177.77,262177.77,262177.77,6454985505
20210922,150000,262180.57,262180.81,262180.57,262180.81,32222304411
20210922,180000,262180.84,262180.84,262180.42,262180.42,12886171886
20210925,090000,262180.42,265792.42,262180.42,265792.42,13884329149
20210925,100000,265845.58,266145.59,265845.58,266145.59,33180041510
20210925,110000,266181.52,266621.08,266181.52,266621.08,49190726357
20210925,120000,266663.88,266876.58,266663.88,266876.23,48266255682
20210925,160000,266876.24,266876.24,266876.24,266876.24,5747556467
20210925,180000,266877.79,266877.79,266877.79,266877.79,5747555915
20210926,090000,266877.79,267309.04,266877.79,266997.04,10596146218
20210926,100000,266938.01,266938.01,266165.27,266165.27,26236504284
20210926,110000,266095.51,266095.51,265787.31,265787.31,38888198684
20210926,120000,265774.07,265774.07,265622.86,265622.86,33872269345
20210926,160000,265622.81,265622.81,265622.81,265622.81,4652684048
20210926,180000,265626.05,265626.05,265626.05,265626.05,4652684048
20210928,090000,265626.05,265660.3,265513.7,265660.3,8648967106
20210928,100000,265697.92,265697.92,265203.98,265203.98,26304705446
20210928,110000,265150.77,265150.77,264875.61,264875.61,40881897065
20210928,120000,264845.12,264845.12,264736.54,264736.54,35520254889
20210928,130000,264736.53,264737.34,264736.49,264737.34,28939588631
20210928,140000,264737.33,264737.33,264737.32,264737.32,9645160234
20210928,170000,264737.33,264737.33,264737.33,264737.33,4822561849
20210928,180000,264736.22,264736.22,264736.22,264736.22,4822561849
20210929,090000,264736.22,265317.9,264736.22,265317.9,9742991679
20210929,100000,265293.6,265301.57,265175.83,265206.29,26041739437
20210929,110000,265211.96,265437.3,265211.96,265437.3,40764140930
20210929,120000,265445.86,265524.58,265445.86,265524.52,41308413895
20210929,130000,265524.51,265524.51,265524.51,265524.51,5000720761
20210929,140000,265524.49,265524.49,265524.49,265524.49,5000520761
20210929,180000,265521.83,265521.83,265521.83,265521.83,5000518771
20211002,090000,265521.83,267069.73,265521.83,267069.73,12363032408
20211002,100000,267173.69,268148.85,267173.69,268148.85,35010748943
20211002,110000,268174.63,268249.59,268174.63,268224.84,52043302821
20211002,120000,268213.45,268213.45,268065.44,268065.44,44089028667
20211002,130000,268065.43,268065.43,268065.43,268065.43,5994461191
20211002,170000,268066.34,268066.34,268066.34,268066.34,5994461140
20211003,090000,268066.34,268257.55,267663.26,267682.64,11457468244
20211003,100000,267565.44,267565.44,266398.28,266398.28,32913884636
20211003,110000,266371.06,266438.62,266320.24,266430.18,50998876206
20211003,120000,266441.4,266647.68,266441.4,266647.68,50789438111
20211003,130000,266647.61,266647.82,266647.61,266647.82,14111527597
20211003,170000,266645.56,266645.56,266645.56,266645.56,7055630221
20211004,090000,266645.56,267945.25,266645.56,267945.25,10469185130
20211004,100000,268002.57,268344.13,268002.57,268344.13,28884472608
20211004,110000,268376.08,268491.94,268376.08,268491.94,42606075077
20211004,120000,268493.99,268519.89,268493.99,268519.89,36541900139
20211004,130000,268518.23,268518.82,268518.23,268518.82,19907061683
20211004,140000,268520.08,268523.57,268520.08,268520.51,59715510437
20211004,150000,268517.02,268517.02,268487.53,268487.53,19904219624
20211004,180000,268438.78,268438.78,268438.78,268438.78,4975824181
20211006,090000,268438.78,269394.4,268438.78,269394.4,10804271948
20211006,100000,269401.62,269599.97,269401.62,269599.97,28430513938
20211006,110000,269611.72,269663.12,269611.72,269632.97,43200414404
20211006,120000,269633.27,269633.27,269568.64,269568.67,37525726076
20211006,150000,269568.69,269568.93,269568.69,269568.93,15420524550
20211006,160000,269568.92,269568.92,269568.92,269568.92,5140158335
20211006,170000,269564.95,269564.95,269564.95,269564.95,5140158335
20211009,090000,269564.95,269716.16,267375.35,267375.35,10746525211
20211009,100000,267236.86,267236.86,266767.49,266767.49,27000195775
20211009,110000,266735.83,266735.83,265869.41,265869.41,42892493004
20211009,120000,265801.27,265801.27,265334.58,265334.59,48001219169
20211009,130000,265334.61,265334.61,265334.61,265334.61,5095216047
20211009,160000,265331.04,265331.04,265331.04,265331.04,5095216047
20211010,090000,265331.04,265331.04,262478.48,262478.48,8766424240
20211010,100000,262340.7,262340.7,261997.34,262010.53,23834092615
20211010,110000,261997.65,261997.65,261736.84,261736.84,34486255187
20211010,120000,261730.14,261730.14,261610.37,261610.55,30425165921
20211010,130000,261610.54,261611.09,261610.54,261610.6,16743279161
20211010,140000,261611.06,261611.08,261611.06,261611.08,12555939140
20211010,170000,261612.75,261612.75,261612.75,261612.75,4185293066
20211011,090000,261612.75,262534.04,261612.75,262524.65,7169540025
20211011,100000,262518.15,262518.15,262227.49,262227.49,19221009377
20211011,110000,262196.39,262196.39,261615.22,261615.22,28927556643
20211011,120000,261551.58,261551.58,261028.64,261028.64,27229284889
20211011,130000,261028.56,261028.56,261028.56,261028.56,3789395171
20211011,140000,261028.54,261028.54,261028.54,261028.54,3789303828
20211011,160000,261028.37,261028.47,261028.37,261028.47,7577376956
20211011,170000,261006.46,261006.46,261006.46,261006.46,3788688478
20211012,090000,261006.46,261006.46,255700.8,255700.8,12296568125
20211012,100000,255467.22,255467.22,254172.58,254172.58,32515377506
20211012,110000,254119.52,254119.52,253720.32,253720.32,44253416427
20211012,120000,253679.18,253679.18,253320.4,253320.4,42423125835
20211012,140000,253320.39,253320.39,253320.39,253320.39,5118731445
20211012,180000,253316.28,253316.28,253316.28,253316.28,5118731445
20211013,090000,253316.28,253316.28,250010.36,250010.36,10397208719
20211013,100000,249765.73,249765.73,248435.84,248435.84,28241423222
20211013,110000,248378.38,248378.38,247974.1,247974.1,41942880073
20211013,120000,247941.34,247941.34,247772.07,247772.07,35979589126
20211013,130000,247771.92,247771.92,247771.92,247771.92,4886094618
20211013,170000,247771.28,247771.28,247771.28,247771.28,4886080618
20211016,090000,247771.28,252034.58,247771.28,252034.58,13230037577
20211016,100000,252169.19,253129.06,252169.19,253129.06,30876322805
20211016,110000,253326.49,253476.9,253198.3,253304.43,41237859042
20211016,120000,253494.08,253699.64,253494.08,253699.07,37146192651
20211016,130000,253699.06,253699.06,253699.06,253699.06,4392108735
20211016,180000,253696.98,253696.98,253696.98,253696.98,4392107216
20211017,090000,253696.98,254306.81,253456.18,253456.18,11013585210
20211017,100000,253317.39,253317.39,252633.83,252633.83,27041459555
20211017,110000,252571.61,252571.61,251728.48,251728.48,42392969365
20211017,120000,251661.26,251661.26,251256.34,251256.6,46397650052
20211017,130000,251256.61,251256.61,251256.61,251256.61,4941010284
20211017,140000,251256.59,251256.59,251256.47,251256.47,9878221168
20211017,150000,251256.48,251256.48,251256.03,251256.03,14817445312
20211017,160000,251256.19,251256.35,251256.19,251256.35,9860862282
20211017,180000,251227.06,251227.06,251227.06,251227.06,4930419154
20211018,090000,251227.06,251227.06,248919.09,248919.09,9810982903
20211018,100000,248905.03,248905.03,248824.42,248824.42,25072752954
20211018,110000,248814.18,248814.18,248513.3,248513.3,37027630904
20211018,120000,248468.25,248485.17,248408.56,248485.17,33974819607
20211018,130000,248485.26,248485.26,248485.26,248485.26,4802053372
20211018,140000,248485.27,248485.27,248485.26,248485.26,9604091355
20211018,150000,248485.27,248485.34,248485.27,248485.34,14398182922
20211018,160000,248485.32,248485.32,248485.32,248485.32,4799439836
20211018,170000,248485.22,248485.56,248484.96,248485.56,14395617690
20211018,180000,248487.76,248487.76,248487.76,248487.76,4798539230
20211019,090000,248487.76,249652.19,248487.76,249652.19,7542126793
20211019,100000,249701.65,250560.13,249701.65,250560.13,23534455260
20211019,110000,250626.11,251040.3,250626.11,251040.3,37617389615
20211019,120000,251073.48,251250.48,251073.48,251250.48,32736853723
20211019,130000,251250.45,251250.81,251250.45,251250.81,13531587966
20211019,160000,251250.69,251250.69,251250.69,251250.69,4510391243
20211019,190000,251147.53,251147.53,251147.53,251147.53,4510391243
20211020,090000,251147.53,251461.29,251147.53,251428.26,7596214571
20211020,100000,251452.29,251452.29,251296.54,251296.54,18969822409
20211020,110000,251272.16,251272.16,250830.46,250830.46,28070807207
20211020,120000,250759.52,250759.52,250464.83,250465.18,26755548204
20211020,130000,250465.04,250465.04,250465.02,250465.02,7421767922
20211020,170000,250463.93,250463.93,250463.93,250463.93,3710883861
20211023,090000,250463.93,250463.93,246927.22,246927.22,15338443787
20211023,100000,246730.27,246730.27,245629.9,245629.9,30443924952
20211023,110000,245569.28,245569.28,245059.55,245059.55,41309987358
20211023,120000,244985.18,244985.18,244673.69,244673.81,33083607137
20211023,130000,244673.8,244673.87,244673.8,244673.87,13314601975
20211023,140000,244675.61,244680.45,244675.61,244680.45,22185287941
20211023,160000,244680.42,244680.42,244680.42,244680.42,4435813363
20211023,170000,244624.21,244624.21,244624.21,244624.21,4435812722
20211025,090000,244624.21,244624.21,241584.33,241584.33,10707360874
20211025,100000,241477.2,241477.2,240734.33,240734.33,28617456878
20211025,110000,240702.71,240702.71,240130.77,240130.77,38617803714
20211025,120000,240066.94,240066.94,239627.55,239627.55,33016995161
20211025,130000,239627.34,239627.38,239627.34,239627.38,9031324248
20211025,160000,239626.9,239627.74,239620,239627.74,18046807152
20211025,170000,239625.06,239625.06,239625.06,239625.06,4511599216
20211026,090000,239625.06,239625.06,238435.74,238467.06,9760282378
20211026,100000,238462.25,238462.25,238039.96,238039.96,26002685413
20211026,110000,238000.74,238000.74,237552.26,237552.26,36949076566
20211026,120000,237523.64,237523.64,237335.43,237335.44,30830197043
20211026,130000,237335.54,237335.54,237335.53,237335.53,8280959314
20211026,150000,237335.65,237335.65,237335.64,237335.65,12408083193
20211026,170000,237335.66,237335.66,237335.66,237335.66,4136016684
20211026,180000,237331.44,237331.44,237331.44,237331.44,4136016684
20211027,090000,237331.44,237331.44,236829.79,236832.25,6066832256
20211027,100000,236823.91,236823.91,236624.6,236822.81,19112226595
20211027,110000,236848.02,237203.38,236848.02,237203.38,32530046056
20211027,120000,237247.3,237299.68,237247.3,237299.68,31463338747
20211027,130000,237299.69,237299.69,237299.17,237299.17,11299701178
20211027,140000,237299.16,237299.16,237298.38,237298.75,26354272632
20211027,150000,237299.29,237301.45,237299.29,237301.37,15018996096
20211027,170000,237301.25,237301.25,237300.29,237300.29,18764662630
20211027,180000,237300.28,237300.28,237300.06,237300.06,7502741681
20211030,090000,237300.06,237522.49,236531.9,236531.9,7790359141
20211030,100000,236468.97,236468.97,235484.26,235484.26,20089608748
20211030,110000,235362.5,235362.5,234038.38,234038.38,37552311370
20211030,120000,233937.86,233937.86,233490.78,233490.91,33636897229
20211030,130000,233490.92,233490.92,233490.82,233490.82,13716364088
20211030,140000,233491.68,233491.69,233491.68,233491.69,9143317196
20211030,150000,233491.55,233491.55,233490.79,233490.81,31987575952
20211030,180000,233448.44,233448.44,233448.44,233448.44,4569374233
20211031,090000,233448.44,233448.44,229877.69,229877.69,11050944290
20211031,100000,229657.45,229657.45,228039.43,228039.43,34905868504
20211031,110000,227937.93,227937.93,227345.04,227345.04,45124662368
20211031,120000,227289.42,227289.42,226866.05,226866.05,36379175140
20211031,130000,226865.99,226865.99,226865.89,226865.89,15788853227
20211031,150000,226865.9,226865.9,226865.9,226865.9,5262862323
20211031,180000,226868.42,226868.42,226868.42,226868.42,5262862323
20211101,090000,226868.42,229049.91,226851.23,229049.91,13165464167
20211101,100000,229092.99,229174.17,229092.99,229148.28,25226344538
20211101,110000,229140.7,229140.7,228972.66,228972.66,33954063862
20211101,120000,228959.92,228959.92,228836.08,228836.08,27437646633
20211101,140000,228836.11,228836.32,228834.43,228834.43,21657759564
20211101,150000,228835.3,228835.3,228835.3,228835.3,3605481578
20211101,180000,228835.32,228835.32,228835.32,228835.32,3605362716
20211101,190000,228835.21,228835.21,228835.21,228835.21,3605362716
20211102,090000,228835.21,229529.96,228835.21,229529.96,12839184598
20211102,100000,229624.05,230463,229624.05,230463,26094420346
20211102,110000,230493.98,230854.67,230493.98,230854.67,33562416850
20211102,120000,230884.99,231061.46,230884.99,231061.45,26629514574
20211102,130000,231057.44,231057.44,231055.52,231056.05,24913446951
20211102,140000,231056.03,231056.03,231056.03,231056.03,3557877160
20211102,180000,231054.95,231054.95,231054.95,231054.95,3557859988
20211103,090000,231054.95,232721.75,231054.95,232721.75,16122933639
20211103,100000,233007.97,233998.69,233007.97,233998.69,29739661347
20211103,110000,234082.27,235134.73,234082.27,235134.73,40513224308
20211103,120000,235215.58,235924.56,235215.58,235924.56,32902648202
20211103,130000,235924.55,235924.55,235922.88,235922.88,17519260421
20211103,160000,235922.87,235922.87,235922.87,235922.87,4379613288
20211103,170000,235917.35,235917.35,235917.35,235917.35,4379613288
20211106,090000,235917.35,240623.89,235917.35,240623.89,9767398950
20211106,100000,240821.26,242175.97,240821.26,242175.97,20343467754
20211106,110000,242253.03,242972.41,242253.03,242972.41,27102115790
20211106,120000,243032.95,243425.01,243032.95,243424.79,24386940947
20211106,130000,243424.49,243424.49,243424.34,243424.34,10296804888
20211106,180000,243385.36,243385.36,243385.36,243385.36,3432246848
20211107,090000,243385.36,244066.31,243385.36,244066.31,14828295075
20211107,100000,244139.73,244308.21,243627.69,243627.69,50920801030
20211107,110000,243569.54,243569.54,242758.45,242758.45,96925794272
20211107,120000,242710.37,242710.37,242403.28,242403.28,78768262496
20211107,130000,242403.11,242403.11,242403.09,242403.09,20688398015
20211107,140000,242403.11,242403.11,242403.11,242403.11,10343914737
20211107,150000,242403.05,242403.05,242403.05,242403.05,10343769930
20211107,160000,242403,242403,242403,242403,10343729241
20211107,180000,242400.83,242400.83,242400.83,242400.83,10343729241
20211108,090000,242400.83,242400.83,241956.7,242280.57,22349848872
20211108,100000,242425.9,242965.43,242425.9,242935.23,53822880774
20211108,110000,242914.39,242914.39,242699.1,242699.1,76166128815
20211108,120000,242673.01,242673.01,242550.47,242550.47,62101330904
20211108,140000,242550.49,242550.49,242550.44,242550.44,16560053296
20211108,170000,242550.46,242550.46,242550.1,242550.1,16559959578
20211109,090000,242550.1,243361.64,242550.1,243361.64,21007545368
20211109,100000,243422.88,243563.62,243422.88,243486.18,50743506920
20211109,110000,243454.42,243454.42,243196.17,243196.17,70467096301
20211109,120000,243185.85,243185.85,243073.54,243073.58,56010463977
20211109,130000,243073.59,243073.71,243073.59,243073.69,22176584362
20211109,140000,243073.53,243073.53,243073.52,243073.52,14782996561
20211109,160000,243073.21,243073.21,243073.21,243073.21,7391292653
20211109,170000,243081.13,243081.13,243081.13,243081.13,7391292653
20211110,090000,243081.13,244558.77,243081.13,244558.77,11753235301
20211110,100000,244622.43,245212.5,244622.43,245212.5,28637535773
20211110,110000,245251.71,246029.66,245251.71,246029.66,39853847527
20211110,120000,246153.77,246566.1,246153.77,246565.94,42984389220
20211110,130000,246566.02,246566.02,246554.81,246554.81,20567772156
20211110,160000,246554.82,246554.82,246554.82,246554.82,5140830227
20211110,170000,246554.58,246554.58,246554.58,246554.58,5140830227
20211113,090000,246554.58,246554.58,244493.66,244493.66,11885540208
20211113,100000,244522.67,244883.97,244522.67,244883.97,27389160448
20211113,110000,244886.55,244894.71,244751.27,244751.27,38807072025
20211113,120000,244725.01,244725.01,244448.6,244448.88,32244135105
20211113,130000,244449.03,244449.03,244448.92,244448.92,8568105062
20211113,160000,244448.93,244448.93,244448.93,244448.93,4284024773
20211113,180000,244454.13,244454.13,244454.13,244454.13,4284024773
20211114,090000,244454.13,245851.59,244454.13,245851.59,15313561262
20211114,100000,245882.54,246026.32,245882.54,245895.56,30387656959
20211114,110000,245877.24,245877.24,245384.45,245384.45,46030657289
20211114,120000,245338.87,245338.87,245114.73,245114.75,37575614284
20211114,130000,245114.68,245115.03,245114.68,245115.03,15022449270
20211114,140000,245115.06,245115.06,245115.06,245115.06,5007405321
20211114,160000,245115.05,245115.05,245115.05,245115.05,5007389134
20211114,180000,245086.92,245086.92,245086.92,245086.92,5007389134
20211115,090000,245086.92,245347.8,244592.5,244592.5,8516078151
20211115,100000,244516.45,244809.69,243789.53,243789.53,26980050072
20211115,110000,243703.34,243703.34,243002.78,243002.78,41053575924
20211115,120000,242928.08,242928.08,242494.83,242494.83,33420023319
20211115,130000,242495.35,242495.35,242494.25,242494.27,13411736142
20211115,180000,242488.48,242488.48,242488.48,242488.48,4470305876
20211116,090000,242488.48,242488.48,241836.14,242074.57,9026481460
20211116,100000,242061.29,242109.94,242061.29,242073.55,21607779562
20211116,110000,242071.45,242071.45,241931.5,241931.5,30836816909
20211116,120000,241936.72,241936.72,241902.6,241902.6,32874525387
20211116,140000,241902.59,241902.59,241902.59,241902.59,3487880530
20211116,150000,241902.58,241902.58,241902.58,241902.58,3450593109
20211116,160000,241902.57,241902.57,241902.57,241902.57,3427248725
20211116,180000,241902.56,241902.56,241891.77,241891.77,6835365724
20211117,090000,241891.77,243402.82,241891.77,243402.82,11387557993
20211117,100000,243398.37,243542.44,243398.37,243542.44,24491893918
20211117,110000,243588.58,243704.43,243588.58,243704.43,35163708617
20211117,120000,243727.07,243727.07,243651,243659.55,29382112241
20211117,130000,243659.48,243659.49,243659.48,243659.49,7932172144
20211117,150000,243660.48,243661.09,243660.48,243661.09,7931783929
20211117,160000,243662.01,243662.01,243662.01,243662.01,3965821885
20211117,180000,243657.71,243657.71,243657.71,243657.71,3965821885
20211120,090000,243657.71,244262.25,243657.71,243928.45,9808603194
20211120,100000,243867.48,243867.48,242755.09,242755.09,24601425196
20211120,110000,242657.58,242657.58,242006.77,242006.77,37578943752
20211120,120000,241970.15,241970.15,241618.65,241618.65,43189551869
20211120,170000,241571.14,241571.14,241571.14,241571.14,4180078461
20211121,090000,241571.14,241899.39,241511.07,241866.87,11278570501
20211121,100000,241822.93,241822.93,241274.24,241274.24,24955104620
20211121,110000,241228.36,241258.97,241103.28,241258.97,35764315676
20211121,120000,241332.37,241445.57,241332.37,241445.57,33244348168
20211121,130000,241446.35,241446.4,241446.35,241446.4,9115666020
20211121,170000,241444.97,241444.97,241444.97,241444.97,4557787721
20211122,090000,241444.97,242632.37,241444.97,242632.37,7022471661
20211122,100000,242683.21,243476.12,242683.21,243476.12,24378788611
20211122,110000,243529.26,243784.84,243529.26,243781.21,40531766973
20211122,120000,243782.17,243783.56,243720.17,243720.17,35070386567
20211122,130000,243720.09,243720.09,243720.08,243720.08,9385618545
20211122,160000,243720.12,243720.13,243720.12,243720.13,9385491662
20211122,170000,243717.18,243717.18,243717.18,243717.18,4692745831
20211123,090000,243717.18,243934.64,243233.64,243262.93,7789529726
20211123,100000,243216.22,243216.22,242910.02,242910.02,18782505983
20211123,110000,242908.49,242908.49,242699.17,242699.17,29094718604
20211123,120000,242680.15,242680.15,242526.95,242526.95,25580578147
20211123,130000,242527.04,242527.08,242527.04,242527.07,10384915937
20211123,210000,242525.13,242525.13,242525.13,242525.13,3461638431
20211124,090000,242525.13,242679.91,241823.45,241823.45,5928905131
20211124,100000,241797.39,241797.39,241345.06,241345.06,16487763230
20211124,110000,241380.43,241630.97,241380.43,241630.97,31835695279
20211124,120000,241636.7,241648.07,241535.56,241535.56,29115462451
20211124,130000,241535.43,241535.43,241535.29,241535.29,11875406740
20211124,140000,241535.22,241535.26,241535.22,241535.22,11871812349
20211124,180000,241468.18,241468.18,241468.18,241468.18,3957085453
20211127,090000,241468.18,241468.18,239304.67,239304.67,9842187766
20211127,100000,239229.47,239229.47,238645.9,238645.9,21589038025
20211127,110000,238610.2,238610.2,237846.04,237846.04,32113313680
20211127,120000,237782.9,237782.9,237320.48,237321.13,34845529641
20211127,130000,237321.17,237321.17,237321.17,237321.17,3697871287
20211127,180000,237327.88,237327.88,237327.88,237327.88,3697869525
20211128,090000,237327.88,237327.88,236980.29,236980.29,7104552019
20211128,100000,236932.33,236947.15,236857.44,236857.44,18187470768
20211128,110000,236834.15,236834.15,236507.4,236507.4,27649377212
20211128,120000,236480.09,236480.09,236159.35,236160.46,33004133738
20211128,130000,236160.67,236161.08,236128.67,236128.67,28630985062
20211128,180000,236037.77,236037.77,236037.77,236037.77,3179889290
20211129,090000,236037.77,236679.37,236037.77,236678.73,5483980580
20211129,100000,236690.96,236690.96,236295.41,236295.41,14629704480
20211129,110000,236251.46,236251.46,235862.47,235862.47,22533000665
20211129,120000,235828.38,235828.38,235520.19,235520.33,19763060688
20211129,160000,235521.32,235521.32,235521.32,235521.32,2695389389
20211129,180000,235525.28,235525.28,235525.28,235525.28,2695389389
20211130,090000,235525.28,235649.09,235339.55,235484.57,7554833307
20211130,100000,235489.3,235489.3,235213.29,235213.29,19306318040
20211130,110000,235181.71,235181.71,234786.86,234786.86,27864279328
20211130,120000,234739.08,234739.08,234467.63,234467.69,24081621843
20211130,130000,234467.62,234467.84,234467.62,234467.84,6518139730
20211130,140000,234469.32,234469.32,234469.32,234469.32,3258558703
20211130,150000,234469.29,234469.29,234469.29,234469.29,3258521704
20211130,180000,234467.8,234467.8,234467.8,234467.8,3258521386
20211201,090000,234467.8,234484,233271.83,233271.83,6666997714
20211201,100000,233180.49,233180.49,232142.74,232142.74,19292890232
20211201,110000,232035.18,232035.18,231615.95,231615.95,29020458342
20211201,120000,231577.76,231577.76,231362.09,231363.35,31660460347
20211201,130000,231363.36,231363.36,231363.36,231363.36,3366371588
20211201,160000,231363.56,231363.56,231363.56,231363.56,3366264597
20211201,180000,231362.06,231362.06,231362.06,231362.06,3366264597
20211204,090000,231362.06,231532.82,230818.03,230818.03,5583898863
20211204,100000,230638.4,230638.4,229357.3,229357.3,18876041301
20211204,110000,229303.03,229303.03,228784.15,228784.15,27587982846
20211204,120000,228741.96,228741.96,228433.1,228433.21,26595637774
20211204,170000,228438.96,228438.96,228438.96,228438.96,3223998062
20211205,090000,228438.96,228438.96,228237.41,228374.66,6062544678
20211205,100000,228405.96,228661.81,228405.96,228659.45,17080665531
20211205,110000,228670.37,228717.46,228647.1,228713.88,24344787430
20211205,120000,228722.5,228722.5,228708.36,228709.95,23686907798
20211205,160000,228709.94,228709.94,228709.94,228709.94,2778352452
20211205,170000,228630.1,228630.1,228630.1,228630.1,2778352452
20211206,090000,228630.1,229094,228630.1,229094,5482960527
20211206,100000,229120.97,229291.15,229120.97,229284.52,14355087404
20211206,110000,229288.64,229298.08,229155.52,229155.52,21130992524
20211206,120000,229149.55,229149.55,228898.6,228898.6,22398054898
20211206,160000,228897.94,228897.94,228897.94,228897.94,2756144049
20211206,170000,228898.01,228898.02,228898.01,228898.02,5510887098
20211206,180000,228903.36,228903.36,228903.36,228903.36,2755443049
20211207,090000,228903.36,228903.36,228063.62,228063.62,4386712670
20211207,100000,228040.39,228040.39,227751.11,227751.11,12253143073
20211207,110000,227736.04,227736.04,227439.4,227439.4,18741017224
20211207,120000,227420.61,227420.61,227269.33,227269.87,16908712959
20211207,130000,227269.86,227271.91,227269.66,227271.84,25804906772
20211207,140000,227271.65,227272.19,227271.13,227272.19,28140580202
20211207,150000,227271.47,227271.47,227243.56,227243.56,16405539971
20211207,180000,227245.59,227245.59,227245.59,227245.59,2343601361
20211208,090000,227245.59,227636.51,227245.59,227636.51,4952929654
20211208,100000,227655.79,228026.13,227655.79,228026.13,15962285735
20211208,110000,228087.19,228588.88,228087.19,228588.88,26268467725
20211208,120000,228612.71,228784.07,228612.09,228784.07,26122624986
20211208,130000,228783.9,228783.9,228783.87,228783.87,8076110269
20211208,160000,228783.85,228783.87,228783.85,228783.87,8075815883
20211208,170000,228783.82,228783.82,228783.82,228783.82,4037898052
20211208,180000,228786.14,228786.14,228786.14,228786.14,4037898052
20211211,090000,228786.14,228982.29,228720.38,228720.38,13020121783
20211211,100000,228694.97,228694.97,228293.11,228293.11,28529678371
20211211,110000,228269.35,228269.35,227811.89,227811.89,41724181629
20211211,120000,227743.88,227743.88,227468.44,227468.44,36039045435
20211211,130000,227468.04,227468.3,227468.04,227468.3,9602701994
20211211,180000,227468.04,227468.04,227468.04,227468.04,4801350997
20211212,090000,227468.04,227468.04,225375.1,225375.1,8467939926
20211212,100000,225274.01,225274.01,224376.15,224376.15,25168230160
20211212,110000,224329.04,224329.04,223966.38,223966.38,36983100847
20211212,120000,223944.64,223944.64,223766.39,223766.39,28376410791
20211212,150000,223767.61,223768.64,223767.61,223768.64,11435409870
20211212,160000,223768.51,223768.51,223768.51,223768.51,3811803290
20211212,180000,223685.86,223685.86,223685.86,223685.86,3811803290
20211213,090000,223685.86,223685.86,223078.75,223078.75,8912962169
20211213,100000,223039.43,223039.43,222049.86,222049.86,23696797481
20211213,110000,221920.85,221920.85,220450.74,220450.74,36938168186
20211213,120000,220314.95,220314.95,219647.7,219647.8,40950844344
20211213,160000,219647.86,219647.86,219647.86,219647.86,4333878064
20211213,170000,219648.27,219648.27,219648.27,219648.27,4333878064
20211214,090000,219648.27,219648.27,217829.6,217829.6,12249854014
20211214,100000,217805.92,217805.92,217721.25,217777.6,28367724677
20211214,110000,217748.66,217748.66,217526.86,217526.86,38550066605
20211214,120000,217493.72,217493.72,217296.5,217299.25,37844902828
20211214,130000,217299.21,217299.21,217299.2,217299.2,7911591597
20211214,150000,217299.21,217299.21,217299.21,217299.21,3951692553
20211214,180000,217300.91,217300.91,217300.91,217300.91,3951692553
20211215,090000,217300.91,217474.96,217157.77,217411.14,7570764126
20211215,100000,217468.34,217468.34,217040.47,217040.47,19564955588
20211215,110000,217007.35,217007.35,216786.71,216817.64,30014777306
20211215,120000,216795.51,216795.51,216696.36,216696.5,26686244892
20211215,130000,216696.86,216696.87,216696.86,216696.87,7337826236
20211215,150000,216696.81,216696.81,216696.81,216696.81,3667788272
20211215,180000,216696.82,216698.88,216696.82,216698.88,7335553744
20211218,090000,216698.88,217844.59,216698.88,217844.59,12780672742
20211218,100000,217875.87,218082.9,217875.87,218082.9,26820958011
20211218,110000,218088.11,218208.95,218088.11,218208.95,36414393897
20211218,120000,218202.61,218253.09,218202.61,218252.95,33592749616
20211218,170000,218252.96,218252.97,218252.95,218252.95,11992992627
20211218,180000,218251.34,218251.34,218251.34,218251.34,3997654564
20211219,090000,218251.34,218385,217820.54,217820.54,7668525734
20211219,100000,217794.22,217794.22,217037.71,217037.71,19708809678
20211219,110000,216953.85,216953.85,216453.18,216453.18,31875769272
20211219,120000,216407.87,216407.87,216059.18,216059.44,29849329746
20211219,140000,216059.42,216059.42,216059.42,216059.42,3514799025
20211219,160000,216059.45,216059.45,216059.42,216059.42,10544342274
20211219,170000,216060.8,216060.8,216060.8,216060.8,3514779588
20211220,090000,216060.8,216189.59,216060.8,216135.48,9624203629
20211220,100000,216132.08,216132.08,216047.02,216061.47,22108814224
20211220,110000,216067.81,216255.52,216067.81,216252.87,33703778276
20211220,120000,216250.29,216316.59,216250.29,216316.56,35692604375
20211220,180000,216317.18,216317.18,216317.18,216317.18,3795874634
20211221,090000,216317.18,217167.62,216317.18,217167.62,5601212250
20211221,100000,217306.26,218140.65,217306.26,218140.65,18603073598
20211221,110000,218200.63,218688.12,218200.63,218688.12,27866979483
20211221,120000,218716.25,219028.95,218716.25,219028.47,27601902207
20211221,180000,219025.87,219025.87,219025.87,219025.87,3377664553
20211222,090000,219025.87,222066.59,219025.87,222066.59,11688260823
20211222,100000,222219.18,223627.54,222219.18,223627.54,30139629332
20211222,110000,223730.07,224546.95,223730.07,224546.95,42726800100
20211222,120000,224619.65,225038.35,224619.65,225038.35,33379690695
20211222,130000,225037.89,225037.89,225035.89,225035.89,8770668429
20211222,180000,225035.69,225035.69,225035.69,225035.69,4385161936
20211222,190000,225036.34,225036.34,225036.34,225036.34,4385161936
20211225,090000,225036.34,227643.07,225036.34,227643.07,13945305803
20211225,100000,227767.92,228041.45,227767.92,227990.92,39518048470
20211225,110000,227981.69,227981.69,227820.76,227820.76,55995627417
20211225,120000,227815.72,227824.35,227651.09,227651.09,62931489671
20211225,150000,227646.56,227646.56,227643.22,227643.22,11997717222
20211225,190000,227642.04,227642.04,227642.04,227642.04,5998858611
20211226,090000,227642.04,227701.2,226758.81,226758.81,10331346234
20211226,100000,226672.1,226672.1,226266.56,226270.72,25805541056
20211226,110000,226274.2,226420.42,226274.2,226420.42,38985584974
20211226,120000,226432.73,226612.47,226432.73,226612.47,42864507120
20211226,190000,226610.47,226610.47,226610.47,226610.47,4587444486
20211227,090000,226610.47,229271.7,226610.47,229271.7,14084342945
20211227,100000,229357.58,229683.56,229357.58,229683.56,35944946137
20211227,110000,229712.06,229824.24,229712.06,229824.24,49087219859
20211227,120000,229835.7,229846.95,229827.88,229827.88,45926409839
20211227,130000,229828.55,229828.55,229828.55,229828.55,5415617067
20211227,180000,229788.11,229788.11,229788.11,229788.11,5415616618
20211228,090000,229788.11,230308.89,229788.11,230298.69,9212891774
20211228,100000,230284.85,230467.4,230195.81,230467.4,25180614825
20211228,110000,230487.86,230885.65,230481.93,230885.65,38743756213
20211228,120000,230915.96,231031.89,230915.96,231031.22,37507713760
20211228,180000,231031.21,231031.21,231030.11,231030.11,8997814846
20211229,090000,231030.11,231772.43,231030.11,231772.43,7797202152
20211229,100000,231784.48,232040.38,231784.48,232039.81,28528495805
20211229,110000,232040.39,232060.62,231701.54,231701.54,44517798779
20211229,120000,231669.25,231741.54,231495.08,231495.29,44594114069
20211229,180000,231495.62,231495.62,231495.62,231495.62,5378679102
20220101,090000,231495.62,231495.62,230394.35,230394.35,5877234206
20220101,100000,230333.38,230333.38,229302.24,229302.24,21089411523
20220101,110000,229265.37,229265.37,228873.34,228873.34,33603636932
20220101,120000,228842.42,228842.42,228583.36,228583.65,36898158060
20220101,160000,228583.67,228583.75,228583.67,228583.75,7870864050
20220101,180000,228583.55,228583.55,228583.55,228583.55,3935432025
20220102,090000,228583.55,228771.94,228503.26,228771.94,5817052719
20220102,100000,228795.08,228810.25,228785.43,228810.25,16087716647
20220102,110000,228811.02,228811.02,228676.19,228676.19,24426673896
20220102,120000,228663.59,228663.59,228616.29,228616.42,21586355220
20220102,130000,228616.29,228616.61,228616.29,228616.61,5930109710
20220102,150000,228616.54,228616.54,228616.46,228616.46,11857955228
20220102,160000,228616.43,228616.43,228616.43,228616.43,2964475940
20220102,170000,228616.44,228616.44,228616.44,228616.44,2964382580
20220102,180000,228615.17,228615.17,228615.17,228615.17,2964382580
20220103,090000,228615.17,229159.17,228615.17,229159.17,3281864227
20220103,100000,229170,229192.92,229020.83,229020.83,14807997177
20220103,110000,228996.15,228996.15,228700.79,228700.79,24222003957
20220103,120000,228674.61,228674.61,228440.39,228440.39,21574088096
20220103,130000,228440.48,228440.64,228440.48,228440.6,11926884972
20220103,180000,228416.34,228416.34,228416.34,228416.34,2981327219
20220104,090000,228416.34,228523.97,227990.77,227990.77,5490156423
20220104,100000,227877.72,227877.72,226978.52,226978.52,20052966763
20220104,110000,226942.54,226942.54,226673.59,226673.59,28969836451
20220104,120000,226661.71,226661.71,226364.58,226364.73,27342320829
20220104,150000,226364.72,226364.72,226364.72,226364.72,3298636722
20220104,170000,226365.12,226365.12,226365.12,226365.12,3298636722
20220105,090000,226365.12,226409.68,226260.95,226260.95,4329655295
20220105,100000,226243.97,226312.14,226225.73,226312.14,13515641310
20220105,110000,226306.23,226318.36,226217.33,226217.33,21658532095
20220105,120000,226200.95,226200.95,226043.46,226043.75,25127922444
20220105,150000,226043.64,226043.64,226043.64,226043.64,2724571841
20220105,160000,226043.65,226043.65,226043.65,226043.65,2724471905
20220105,180000,226044.09,226044.09,226044.09,226044.09,2724471905
20220108,090000,226044.09,226877.92,226044.09,226877.92,11505260533
20220108,100000,226872.37,226872.37,226586.52,226586.52,31393195824
20220108,110000,226555.95,226555.95,226178.76,226178.76,44879621340
20220108,120000,226124.19,226124.19,225831.91,225831.93,48535187137
20220108,140000,225832.05,225832.05,225832.05,225832.05,5180052768
20220108,150000,225833.5,225833.5,225833.5,225833.5,5180052768
20220108,180000,225778.15,225778.15,225778.15,225778.15,5180052768
20220109,090000,225778.15,225778.15,224436.12,224436.12,9385693964
20220109,100000,224229.11,224229.11,222770.52,222770.52,26057389070
20220109,110000,222720.85,222720.85,222233.25,222233.25,38972084951
20220109,120000,222193.07,222221.61,222039.77,222041.23,39714944432
20220109,180000,222013.65,222013.65,222013.65,222013.65,4201865742
20220110,090000,222013.65,222013.65,221353.9,221353.9,6666078789
20220110,100000,221110.51,221144.68,220938.13,221124.8,18668251951
20220110,110000,221120.31,221340.31,221120.31,221340.31,36910269238
20220110,120000,221372.63,221372.63,221322.6,221322.65,42381688935
20220110,160000,221322.64,221322.84,221322.64,221322.84,8931173791
20220110,170000,221327.27,221327.27,221327.27,221327.27,4465580312
20220111,090000,221327.27,222394.31,221327.27,222394.31,11430257762
20220111,100000,222467.86,222510.93,222399.42,222399.42,26690399464
20220111,110000,222376.55,222376.55,222263.82,222263.82,37164914107
20220111,120000,222259.25,222259.25,222135.45,222135.49,33502049064
20220111,140000,222143.48,222143.48,222143.48,222143.48,3974017204
20220111,150000,222143.29,222143.29,222143.29,222143.29,3973443239
20220111,190000,222145.33,222145.33,222145.33,222145.33,3973443239
20220112,090000,222145.33,222522.82,222145.33,222522.82,6422020124
20220112,100000,222560.17,222690.47,222560.17,222690.47,19009024281
20220112,110000,222680.83,222710.52,222558.36,222710.52,28527120311
20220112,120000,222697.32,222697.32,222370.1,222370.99,31146056706
20220112,170000,222365.13,222365.13,222365.13,222365.13,3356052965
20220115,090000,222365.13,222380.42,221918.84,221918.84,5215429707
20220115,100000,221853.49,221853.49,221034.05,221034.05,17736867579
20220115,110000,220994.3,220994.3,220557.64,220557.64,29263427005
20220115,120000,220510.03,220510.03,220118.08,220118.83,38104454112
20220115,150000,220118.59,220118.59,220118.59,220118.59,3774945135
20220115,180000,220118.15,220118.15,220118.15,220118.15,3774945135
20220116,090000,220118.15,220118.15,219139.21,219139.21,6393463852
20220116,100000,219074.55,219074.55,218318.52,218318.52,18235439585
20220116,110000,218264.23,218264.23,217938.38,217938.38,27365940022
20220116,120000,217923.6,217923.6,217786.01,217786.99,23811730781
20220116,130000,217787.11,217787.11,217787.11,217787.11,3209212937
20220116,140000,217787.21,217787.21,217786.92,217786.92,9625337370
20220116,180000,217783.53,217783.53,217783.53,217783.53,3208295790
20220117,090000,217783.53,218409.11,217783.53,218409.11,7784867238
20220117,100000,218406.1,218424.17,218080.41,218080.41,20826282351
20220117,110000,218019.16,218019.16,217521.2,217521.2,29949508093
20220117,120000,217478.68,217478.68,216906.83,216906.87,30219359112
20220117,130000,216906.92,216906.92,216906.92,216906.92,3747336342
20220117,150000,216905.98,216905.98,216905.98,216905.98,3747130550
20220117,170000,216905.99,216905.99,216905.89,216905.89,7493687150
20220117,190000,216906.59,216906.59,216906.59,216906.59,3746843575
20220118,090000,216906.59,216906.59,214834.46,214834.46,6431860395
20220118,100000,214585.56,214585.56,212986.03,212986.03,25549801659
20220118,110000,212917.09,212917.09,212294.89,212294.89,38378965333
20220118,120000,212251.65,212251.65,211845.17,211845.17,32706921340
20220118,130000,211845.44,211845.96,211845.44,211845.96,9009704224
20220118,180000,211802.77,211802.77,211802.77,211802.77,4504674260
20220119,090000,211802.77,211802.77,211109.3,211109.3,9081914369
20220119,100000,211111.71,211187.6,211111.71,211121.24,23414547117
20220119,110000,211113.46,211113.46,210990.03,210990.03,31453180378
20220119,120000,210978.6,210978.6,210931.47,210931.83,28966813625
20220119,130000,210931.96,210931.96,210931.44,210931.44,13747514940
20220119,140000,210931.43,210931.43,210931.43,210931.43,3436690056
20220119,150000,210930.55,210930.55,210930.55,210930.55,3436333056
20220119,180000,210832.32,210832.32,210832.32,210832.32,3436299702
20220122,090000,210832.32,211449.21,210832.32,211315.31,8063070795
20220122,100000,211292.1,211292.1,210896.07,210896.07,19155150155
20220122,110000,210854.52,210854.52,210361.42,210361.42,30078047116
20220122,120000,210310.45,210310.45,209924.68,209924.89,33015814526
20220122,150000,209923.95,209923.95,209923.54,209923.54,7042024124
20220122,170000,209857.83,209857.83,209857.83,209857.83,3521012062
20220123,090000,209857.83,209857.83,208177.09,208177.09,8883118410
20220123,100000,208117.17,208117.17,207578.32,207578.32,23098437272
20220123,110000,207527.28,207527.28,206582.23,206582.23,37162004124
20220123,120000,206511.3,206511.3,206098.86,206124.79,38932154110
20220123,130000,206124.84,206124.84,206124.62,206124.62,9245533256
20220123,150000,206124.65,206124.65,206124.65,206124.65,4622645141
20220123,180000,206126.05,206126.05,206126.05,206126.05,4622360998
20220124,090000,206126.05,206126.05,204815.49,204815.49,7354131945
20220124,100000,204675.42,204675.42,204448.17,204448.17,19915835879
20220124,110000,204406.97,204406.97,203941.13,203941.13,28485862028
20220124,120000,203894.13,203894.13,203442.19,203442.27,24375255851
20220124,130000,203442.22,203442.53,203442.22,203442.53,10084636943
20220124,170000,203352.68,203352.68,203352.68,203352.68,3361522069
20220125,090000,203352.68,203352.68,201541.34,201541.34,7159730438
20220125,100000,201250.5,201250.5,199911.78,199911.78,30645240829
20220125,110000,199873.49,199873.49,199427.42,199427.42,43855366502
20220125,120000,199356.71,199356.71,199016.24,199016.54,45874626558
20220125,140000,199016.61,199016.61,199016.61,199016.61,5500001206
20220125,170000,199016.69,199016.7,199016.21,199016.21,21956602833
20220125,180000,199016.26,199016.26,199016.15,199016.15,21774295848
20220125,190000,199017.29,199017.29,199017.29,199017.29,5442861578
20220126,090000,199017.29,199940.73,199017.29,199940.73,13254453602
20220126,100000,199929.07,199929.91,199795.68,199795.68,28632896508
20220126,110000,199744.76,199815.9,199703.34,199815.9,38762392596
20220126,120000,199834.66,200079.13,199834.66,200079.13,32883940366
20220126,130000,200078.39,200078.39,200078.31,200078.31,8978697916
20220126,180000,200076.88,200076.88,200076.88,200076.88,4489233096
20220129,090000,200076.88,201996.68,200076.88,201996.68,10490215884
20220129,100000,202120.31,203038.72,202120.31,203038.72,24679259344
20220129,110000,203077.71,203644.32,203077.71,203644.32,33428935207
20220129,120000,203694.97,204083.08,203694.97,204083.08,25711190187
20220129,130000,204080.37,204080.37,204080.33,204080.33,6721489037
20220129,180000,204065.48,204065.48,204065.48,204065.48,3360744518
20220130,090000,204065.48,205733.04,204065.48,205733.04,15152951540
20220130,100000,205753.89,205797.18,205753.89,205772.14,34069388024
20220130,110000,205781.26,205781.26,205698.87,205698.87,45956054218
20220130,120000,205695.65,205708.93,205673.16,205708.93,36490916211
20220130,130000,205709.56,205709.63,205709.56,205709.61,14592692207
20220130,160000,205709.6,205709.64,205709.6,205709.64,14567774940
20220130,170000,205709.43,205709.43,205709.26,205709.26,9704247684
20220130,180000,205709.27,205709.28,205709.27,205709.28,9691529256
20220130,190000,205712.41,205712.41,205712.41,205712.41,4845764628
20220131,090000,205712.41,205782.48,205623.32,205660.19,10520554236
20220131,100000,205719.77,206823.18,205719.77,206823.18,38138259079
20220131,110000,206858.33,207241.26,206858.33,207241.26,52320527817
20220131,120000,207279.99,207578.1,207279.99,207574.53,52700680230
20220131,180000,207576.24,207576.24,207576.24,207576.24,5534972786
20220201,090000,207576.24,208693.59,207576.24,208693.59,23454603629
20220201,100000,208715.73,209133.53,208715.73,209132.2,47542978844
20220201,110000,209146.42,209181.3,209146.42,209169.81,63643555394
20220201,120000,209183.9,209198.4,209182.55,209182.55,50620638846
20220201,130000,209182.14,209182.14,209179.89,209179.89,26988656771
20220201,150000,209179.87,209179.88,209179.87,209179.88,13478968252
20220201,160000,209179.87,209179.87,209179.87,209179.87,6739483619
20220201,180000,209172.1,209172.1,209172.1,209172.1,6739483619
20220202,090000,209172.1,209248.41,209026.89,209026.89,14870581549
20220202,100000,208979.55,208979.55,208862.42,208937.79,34290733985
20220202,110000,208941.93,209049.03,208941.93,209044.04,51218443655
20220202,120000,209037.56,209042.51,209008.13,209008.13,58543130195
20220202,130000,209008.19,209008.2,209008.17,209008.17,16755997233
20220202,140000,209008.13,209008.13,209008.01,209008.01,11161655728
20220202,150000,209008.09,209008.09,209007.76,209007.76,22316911844
20220205,090000,208967.31,209426.73,208967.31,209417.58,10626736388
20220205,100000,209428.12,209428.19,209326.04,209326.04,26673978759
20220205,110000,209299.34,209299.34,209046.28,209046.28,38736485634
20220205,120000,209023.85,209023.85,208774.35,208774.35,33157804389
20220205,130000,208774.31,208774.31,208773.74,208773.74,13722231286
20220205,140000,208773.45,208773.45,208773.4,208773.4,9144543506
20220205,170000,208773.55,208774.24,208773.55,208774.21,22805821980
20220205,190000,208773.2,208773.2,208773.2,208773.2,4554463459
20220206,090000,208773.2,208773.2,207376.85,207376.85,12319385091
20220206,100000,207168.69,207168.69,205835.5,205835.5,40496693092
20220206,110000,205775.45,205775.45,205192.9,205192.9,52869242293
20220206,120000,205151.9,205151.9,204875.31,204876.57,57747618132
20220206,150000,204876.79,204876.79,204876.79,204876.79,5516091854
20220206,160000,204877.04,204877.43,204877.04,204877.43,21877717636
20220206,170000,204877.49,204877.55,204877.49,204877.55,16404992991
20220206,180000,204876.65,204876.65,204876.65,204876.65,5468330997
20220207,090000,204876.65,204876.65,203684.59,203684.59,13925787422
20220207,100000,203647.42,203647.42,203467.36,203468.44,30981644808
20220207,110000,203439.84,203440.84,203387.06,203431.71,41690881012
20220207,120000,203426.29,203426.29,203298.33,203298.33,33643764857
20220207,130000,203298.01,203298.03,203298.01,203298.03,9044642140
20220207,140000,203298.04,203298.04,203298.04,203298.04,4522053028
20220207,170000,203298,203298,203298,203298,4522006028
20220207,180000,203300.03,203300.03,203300.03,203300.03,4522006028
20220208,090000,203300.03,204269.52,203300.03,204269.52,14086097616
20220208,100000,204283.24,204397.91,204283.24,204378.5,29643020154
20220208,110000,204389.53,204390.17,204335.34,204335.34,40438992072
20220208,120000,204347.93,204347.93,204323.8,204324.84,33090804512
20220208,130000,204324.94,204325.79,204324.94,204325.79,8867412239
20220208,160000,204325.78,204325.78,204325.78,204325.78,4433649689
20220208,190000,204325,204325,204325,204325,4433649689
20220209,090000,204325,204558.94,204325,204550.74,7957267727
20220209,100000,204532.27,204532.27,204462.07,204476.24,20817724487
20220209,110000,204498.77,204652.75,204492.25,204652.75,38644782804
20220209,120000,204678.78,204720.35,204678.78,204720.31,33856001647
20220209,130000,204719.13,204719.13,204716.2,204716.33,22941619858
20220209,140000,204716.34,204716.34,204716.34,204716.34,4587080626
20220209,160000,204716.46,204716.46,204716.46,204716.46,4587036413
20220209,200000,204719.12,204719.12,204719.12,204719.12,4587036413
20220212,090000,204719.12,205099.71,204719.12,205099.71,10271948358
20220212,100000,205106.79,205184.46,205106.79,205184.46,24848359928
20220212,110000,205178.94,205182.16,205048.41,205048.41,39696119343
20220212,120000,205009.57,205009.57,204751.18,204751.26,40234706451
20220212,150000,204751.25,204751.25,204747.58,204747.58,9759173162
20220212,160000,204746.01,204746.01,204746.01,204746.01,4879586581
20220212,180000,204688.36,204688.36,204688.36,204688.36,4879553227
20220213,090000,204688.36,204835.81,204509.93,204509.93,9570442361
20220213,100000,204477.51,204477.51,204215.35,204215.35,20508526949
20220213,110000,204213.88,204213.88,204024.26,204024.26,29601256925
20220213,120000,204009.54,204009.54,203795.38,203795.43,33442765280
20220213,130000,203795.49,203795.49,203795.49,203795.49,3679916464
20220213,150000,203795.46,203796.2,203795.46,203796.19,18385729747
20220213,180000,203793.13,203793.13,203793.13,203793.13,3676757619
20220214,090000,203793.13,204173.05,203793.13,204138.27,5371402000
20220214,100000,204124.84,204124.84,204052.56,204118.44,14721413470
20220214,110000,204122.72,204169.75,204098.98,204169.75,24977396409
20220214,120000,204184.94,204196.5,204183.32,204196.44,23301439825
20220214,130000,204193.89,204193.89,204193.56,204193.65,22761849163
20220214,150000,204193.69,204193.69,204193.57,204193.58,12972170440
20220214,180000,204115.14,204115.14,204115.14,204115.14,3240409303
20220216,090000,204115.14,204323.05,204115.14,204293.24,4925387164
20220216,100000,204269.83,204269.83,204180.09,204180.09,14730953740
20220216,110000,204164.87,204176.55,204106.96,204106.96,24141225540
20220216,120000,204088.8,204088.8,203977.86,203978.29,21401789255
20220216,130000,203978.13,203978.38,203978.13,203978.38,5908991606
20220216,150000,203978.41,203978.41,203978.03,203978.03,5904432950
20220216,170000,203977.67,203977.67,203977.67,203977.67,2952216315
20220219,090000,203977.67,204205.92,203977.67,204205.92,9662617819
20220219,100000,204226.79,204250.83,204196.63,204196.63,28358154829
20220219,110000,204178.94,204178.94,204061.28,204061.28,39627077675
20220219,120000,204041.76,204041.76,203852.64,203853.08,41394928257
20220219,150000,203852.96,203853.24,203852.96,203853.23,13216619538
20220219,180000,203856.22,203856.22,203856.22,203856.22,4405539846
20220220,090000,203856.22,203960.32,203792.27,203792.27,6543164344
20220220,100000,203754.77,203754.77,203626.26,203626.26,16632958275
20220220,110000,203606,203606,203503.8,203503.8,25593851292
20220220,120000,203479.3,203479.3,203439.45,203444.12,32518104380
20220220,140000,203443.94,203443.94,203443.79,203443.79,11183193978
20220220,180000,203437.49,203437.49,203437.49,203437.49,3727731326
20220221,090000,203437.49,204930.23,203437.49,204930.23,17410444992
20220221,100000,204966.55,205414.93,204966.55,205414.93,42706172574
20220221,110000,205428.87,205573.55,205428.87,205573.55,56687156276
20220221,120000,205580.67,205604.68,205580.67,205604.35,57369181990
20220221,130000,205604.59,205604.59,205604.59,205604.59,6050084134
20220221,150000,205604.71,205604.96,205604.71,205604.96,24179362199
20220221,160000,205604.95,205604.95,205604.95,205604.95,6044409551
20220221,180000,205543.74,205543.74,205543.74,205543.74,6044409551
20220222,090000,205543.74,206081.65,205543.74,206081.65,11445791481
20220222,100000,206111.58,206138.15,206045.08,206068.42,26139961915
20220222,110000,206069.29,206089.53,206069.29,206076.6,36095411903
20220222,120000,206070.94,206091.98,206033.87,206033.87,31192650402
20220222,130000,206031.7,206031.78,206031.7,206031.78,8873823657
20220222,160000,206031.94,206032,206031.94,206032,8844131650
20220222,170000,206032.34,206032.34,206032.34,206032.34,4422020825
20220222,180000,205868.7,205868.7,205868.7,205868.7,4422020825
20220223,090000,205868.7,206391.32,205868.7,206391.32,9815911569
20220223,100000,206436.92,206614.6,206436.92,206614.6,25670972373
20220223,110000,206642.81,206744.78,206642.81,206744.78,35426969809
20220223,120000,206749.15,206917.21,206749.15,206906.78,29556480260
20220223,130000,206906.77,206906.77,206902.76,206902.78,12176382760
20220223,190000,206900.89,206900.89,206900.89,206900.89,4058576221
20220226,090000,206900.89,207004.41,206858.44,206978.67,9793163592
20220226,100000,206999.17,206999.17,206781.2,206805.24,29340953048
20220226,110000,206793.04,206793.04,206612.53,206612.53,41191722463
20220226,120000,206578.5,206578.5,206400.7,206400.7,33203981250
20220226,130000,206401.17,206401.17,206401.17,206401.17,4386351586
20220226,140000,206401.31,206401.31,206401.26,206401.26,8772649524
20220226,180000,206405.87,206405.87,206405.87,206405.87,4386324762
20220227,090000,206405.87,206682.34,206405.87,206682.34,6735878034
20220227,100000,206689.11,206836.8,206689.11,206836.8,15890506170
20220227,110000,206841.24,207050.71,206841.24,207050.71,23386411438
20220227,120000,207098.6,207204.26,207098.6,207202.12,26743050915
20220227,130000,207202.1,207202.11,207202.1,207202.11,5741301204
20220227,150000,207204.07,207206.87,207204.07,207206.87,8610909066
20220227,160000,207206.86,207206.86,207206.86,207206.86,2870301032
20220227,170000,207182.62,207182.62,207182.62,207182.62,2870301032
20220228,090000,207182.62,208294.23,207182.62,208294.23,5764889437
20220228,100000,208362.85,208723.61,208362.85,208723.61,16667849357
20220228,110000,208750.63,208972.41,208750.63,208972.41,25353437218
20220228,120000,208994.51,209156.39,208994.51,209156.37,22372827806
20220228,130000,209156.04,209156.04,209155.42,209155.42,12467259867
20220228,170000,209154.51,209154.51,209154.51,209154.51,3114364383
20220302,090000,209154.51,209840.26,209154.51,209828.79,7509184722
20220302,100000,209798.54,209798.54,209582.88,209582.88,21124774012
20220302,110000,209582.2,209585.78,209506.05,209506.05,29631703099
20220302,120000,209491.59,209491.59,209285.14,209285.14,31943301468
20220302,130000,209285.1,209285.63,209285.1,209285.63,11009857704
20220302,180000,209285.64,209285.64,209183.35,209183.35,16513657635
20220305,090000,209183.35,210360.51,209183.35,210360.51,27718969732
20220305,100000,210373.69,210385.59,210330.58,210330.58,61484580754
20220305,110000,210341.35,210341.35,210255.12,210258.61,77732942739
20220305,120000,210249.31,210249.31,210210.34,210210.89,87044481999
20220305,150000,210210.9,210210.9,210210.9,210210.9,8432162410
20220305,170000,210210.86,210210.86,210210.86,210210.86,8431989253
20220305,180000,210112.92,210112.92,210112.92,210112.92,8431989253
20220306,090000,210112.92,210725.92,210112.92,210699.2,18333754084
20220306,100000,210705.89,211110.69,210705.89,211110.69,43947141871
20220306,110000,211158.7,211636.53,211158.7,211636.53,67850953430
20220306,120000,211686.48,211907.31,211686.48,211907.29,58963440057
20220306,130000,211907.05,211907.05,211906.99,211907.04,31964265086
20220306,150000,211907.02,211907.02,211907.02,211907.02,7988839238
20220306,160000,211906.77,211906.77,211906.77,211906.77,7988839238
20220306,180000,211889.89,211889.89,211889.89,211889.89,7988835321
20220307,090000,211889.89,213540.9,211889.89,213540.9,19173927429
20220307,100000,213585.15,213817.28,213585.15,213817.28,46224757181
20220307,110000,213813.08,213842.58,213797.57,213842.58,64885748738
20220307,120000,213841.38,213841.38,213669.74,213669.74,72046942516
20220307,130000,213669.72,213669.72,213669.72,213669.72,7953914521
20220307,180000,213669.89,213669.89,213669.89,213669.89,7952598827
20220307,190000,213658.27,213658.27,213658.27,213658.27,7952598827
20220308,090000,213658.27,213698.01,213411.45,213428.66,12592491522
20220308,100000,213447.76,213451.9,213251.57,213251.57,30608872986
20220308,110000,213231.3,213231.3,213107.17,213107.17,45751981321
20220308,120000,213087.59,213087.59,212927.15,212927.51,51245590721
20220308,170000,212927.53,212927.65,212927.53,212927.64,27525874905
20220308,180000,212927.69,212927.7,212923.23,212923.23,16515347586
20220309,090000,212923.23,213872.93,212923.23,213872.93,10157083440
20220309,100000,213914.81,214145.76,213914.81,214145.76,25989652204
20220309,110000,214167.31,214341.8,214167.31,214341.36,46727782641
20220309,120000,214339.9,214396.24,214339.9,214395.55,44625554557
20220309,130000,214395.57,214395.62,214395.52,214395.52,19053861155
20220309,180000,214191.32,214191.32,214191.32,214191.32,6351207917
20220312,090000,214191.32,214191.32,212835.24,212835.24,27899785586
20220312,100000,212800.34,212800.34,212448.76,212448.76,53252740627
20220312,110000,212432.24,212432.24,212130.98,212130.98,68383144387
20220312,120000,212103.83,212103.83,211947.81,211947.81,55891073284
20220312,130000,211948.01,211948.01,211947.94,211947.94,22620087978
20220312,140000,211947.96,211948.04,211947.96,211948.04,15079066154
20220312,160000,211948.05,211948.05,211948.05,211948.05,7539533037
20220312,190000,211875.73,211875.73,211875.73,211875.73,7539533037
20220313,090000,211875.73,211954.78,211672.43,211672.43,8862747225
20220313,100000,211670.27,211805.71,211668.82,211769.97,24494141496
20220313,110000,211764.95,211785.55,211738.67,211738.67,37672214847
20220313,120000,211761.05,211761.05,211645.37,211645.37,32703339217
20220313,130000,211645.12,211645.33,211645.12,211645.33,13431081170
20220313,150000,211645.84,211645.84,211645.69,211645.69,13423596283
20220313,180000,211527.57,211527.57,211527.57,211527.57,4474518130
20220314,090000,211527.57,211833.01,211527.57,211827.51,6972976321
20220314,100000,211816,211816,211756.72,211791.76,18532969110
20220314,110000,211790.53,211805.88,211747.57,211747.57,28193946452
20220314,120000,211749.72,211749.72,211664.1,211664.1,25196373056
20220314,130000,211664.3,211664.31,211664.3,211664.31,7088239668
20220314,160000,211664.3,211664.3,211664.3,211664.3,3542355394
20220314,170000,211664.31,211664.31,211664.31,211664.31,3542225724
20220314,190000,211589.1,211589.1,211589.1,211589.1,3542225724
20220315,090000,211589.1,212127.48,211589.1,212127.48,9074036356
20220315,100000,212165.36,212308.43,212165.36,212308.43,24319925443
20220315,110000,212310.05,212401.48,212310.05,212401.48,39484627230
20220315,120000,212401.39,212401.39,212348.18,212351.96,46046330782
20220315,200000,212257.81,212257.81,212257.81,212257.81,4977068562
20220316,090000,212257.81,213327.3,212257.81,213327.3,15145254703
20220316,100000,213359.19,213595.83,213359.19,213595.83,27861056717
20220316,110000,213597.16,213763.91,213597.16,213763.91,36533767544
20220316,120000,213784.14,213896.78,213784.14,213896.78,30311697221
20220316,130000,213896.94,213896.94,213894.47,213894.47,12575087766
20220316,170000,213894.38,213894.38,213894.38,213894.38,4191591985
20220316,190000,213870.57,213870.57,213870.57,213870.57,4191591985
20220319,090000,213870.57,215433.29,213870.57,215433.29,11905685763
20220319,100000,215473.39,216141.46,215473.39,216141.46,26257694289
20220319,110000,216180.48,216788.02,216180.48,216788.02,42458453783
20220319,120000,216854.68,217284.73,216854.68,217284.73,38049552391
20220319,130000,217284.72,217284.72,217284.54,217284.54,16294735596
20220319,170000,217284.53,217284.53,217195.66,217195.66,16294095084
20220326,090000,217195.66,218096.29,217195.66,218091.04,32842738327
20220326,100000,218096.88,218190.8,218096.88,218190.8,63911057323
20220326,110000,218232.14,218551.37,218232.14,218551.37,82140214999
20220326,120000,218597.14,218615.67,218584.81,218615.67,65644686129
20220326,130000,218615.32,218615.32,218614.97,218614.97,26192675287
20220326,190000,218615.4,218615.4,218615.26,218615.26,17461171982
20220327,090000,218615.26,219289.92,218615.26,219289.92,13161644802
20220327,100000,219240.83,219892.19,219240.83,219892.19,43523723826
20220327,110000,219922.11,220287.69,219922.11,220287.69,67030868986
20220327,120000,220313.13,220509.29,220313.13,220508.81,80582915234
20220327,140000,220508.12,220508.12,220508.12,220508.12,7641120952
20220327,180000,220508.44,220508.69,220508.44,220508.69,22922945799
20220327,190000,220508.7,220508.7,220508.7,220508.7,7640979813
20220327,220000,220365.7,220365.7,220365.7,220365.7,7640979813
20220328,090000,220365.7,222478.52,220365.7,222478.52,23532786408
20220328,100000,222551.17,223313.58,222551.17,223313.58,65097283347
20220328,110000,223376.84,224254.62,223376.84,224254.62,92897483878
20220328,120000,224219.85,224639.87,224219.85,224639.87,94990555503
20220328,150000,224639.86,224639.86,224639.82,224639.82,19897146846
20220328,170000,224642.41,224642.41,224642.41,224642.41,9948573423
20220329,090000,224642.41,226191.41,224642.41,226078.01,43558681572
20220329,100000,226112.97,226245.99,226104.69,226245.99,94557556611
20220329,110000,226248.41,226291.62,226248.41,226270.79,117752021781
20220329,120000,226251,226301.16,226189.18,226189.18,131464850036
20220329,160000,226189.26,226189.34,226189.26,226189.34,37070428878
20220329,170000,226192.23,226192.23,226192.23,226192.23,12356809626
20220330,090000,226192.23,226589.03,226192.23,226589.03,16720305883
20220330,100000,226645.96,227433.63,226645.96,227433.63,42039151576
20220330,110000,227465.49,227734.09,227439.06,227734.09,57198901909
20220330,120000,227790.28,228072.62,227790.28,228072.58,61333266775
20220330,130000,228063.47,228063.47,228050.81,228050.81,22204179252
20220330,170000,228047.96,228047.96,228047.96,228047.96,7400595096
20220403,090000,228047.96,230584.99,228047.96,230584.99,24807537725
20220403,100000,230652.1,231558.86,230652.1,231558.86,61487567746
20220403,110000,231613.01,232044.78,231613.01,232044.78,87998201125
20220403,120000,232070.84,232291.18,232070.84,232291.16,80776171345
20220403,140000,232284.62,232284.62,232284.62,232284.62,9496308250
20220403,150000,232281.98,232281.98,232281.98,232281.98,9496308250
20220403,160000,232281.84,232281.84,232281.84,232281.84,9496208580
20220403,170000,232286.03,232286.03,232286.03,232286.03,9496208580
20220404,090000,232286.03,234194.93,232286.03,234026.92,37083958013
20220404,100000,233945.73,233945.73,233059.28,233059.28,100071869353
20220404,110000,233038.13,233038.13,232807.15,232807.15,132930117829
20220404,120000,232777.64,232777.64,232637.2,232637.2,106287493245
20220404,130000,232636.99,232637.27,232636.99,232637.25,41811625069
20220404,160000,232637.23,232637.48,232637.23,232637.47,41809699080
20220404,170000,232637.46,232637.46,232636.23,232636.23,27873132720
20220405,090000,232636.23,232930.83,232636.23,232865.91,18458668963
20220405,100000,232877.76,233494.91,232877.76,233494.91,52627340945
20220405,110000,233536.14,233935.72,233536.14,233935.72,80476395252
20220405,120000,233959.02,234233.24,233959.02,234233.24,70415173077
20220405,130000,234230.76,234230.87,234230.76,234230.87,19251234555
20220405,160000,234231.01,234233.61,234231.01,234233.61,28876697277
20220406,090000,234233.61,235848.47,234233.61,235848.47,20452657025
20220406,100000,235893.96,236022.87,235893.96,236022.87,47545661758
20220406,110000,236010.79,236010.79,235641.12,235641.12,88720145676
20220406,120000,235600.86,235600.86,235193.19,235193.81,128277613611
20220406,140000,235185.06,235185.06,235180.13,235180.13,22330791570
20220406,170000,235180.42,235180.42,235180.42,235180.42,11165395785
20220409,090000,235180.42,235180.42,234607.53,234817.91,22430268893
20220409,100000,234809.41,235041.16,234809.41,235041.16,50886966323
20220409,110000,235067.31,235531.69,235067.31,235531.69,72377361366
20220409,120000,235547.29,235634.44,235547.29,235634.44,78715150950
20220409,130000,235634.41,235634.78,235634.41,235634.78,33696872477
20220409,160000,235634.81,235634.81,235633.65,235633.65,16847257006
20220410,090000,235633.65,238218.54,235633.65,238218.54,28047204085
20220410,100000,238346.42,238690.71,238346.42,238690.71,73851612525
20220410,110000,238718.43,238891.46,238718.43,238889.04,101109761146
20220410,120000,238891.47,239015.27,238891.47,239015.27,73142527880
20220410,130000,239015.26,239015.33,239015.26,239015.32,33813377549
20220410,170000,238988.25,238988.25,238988.25,238988.25,11270947735
20220411,090000,238988.25,240616.26,238988.25,240616.26,32423900098
20220411,100000,240667.22,240980.03,240667.22,240980.03,67139723158
20220411,110000,241017.17,241138.75,241017.17,241138.75,87652195168
20220411,120000,241172.49,241211.01,241171.02,241200.97,94790515671
20220411,150000,241200.99,241200.99,241200.99,241200.99,10077097707
20220411,160000,241200.98,241200.98,241200.84,241200.84,30215371684
20220411,170000,241200.87,241200.89,241197.09,241197.09,60426175491
20220412,090000,241197.09,241630.86,239681.94,239681.94,30472995171
20220412,100000,239535.82,239535.82,238171.35,238171.35,68786732713
20220412,110000,238138.18,238138.18,237437,237437,89289042625
20220412,120000,237387.21,237387.21,236993.13,236993.13,70944555659
20220412,130000,236993.11,236993.59,236993.11,236993.59,18578908659
20220412,150000,236993.64,236993.64,236993.64,236993.64,9289174325
20220412,170000,236993.65,236993.65,236993.65,236993.65,9289157325
20220412,180000,236991.54,236991.54,236991.54,236991.54,9289157325
20220413,090000,236991.54,237924.86,236597.48,237924.86,29135102878
20220413,100000,238005.83,238393.08,238005.83,238393.08,59264301512
20220413,110000,238381.75,238462.59,238366.17,238462.59,79194997780
20220413,120000,238481.58,238659.44,238481.58,238659.44,97508336160
20220413,160000,238659.42,238659.42,238659.38,238659.38,16947272361
20220413,170000,238647.96,238647.96,238647.96,238647.96,8473206930
20220416,090000,238647.96,240463.99,238647.96,240463.99,21008397148
20220416,100000,240504,240891.55,240504,240891.55,46851251618
20220416,110000,240917.13,241372.51,240917.13,241372.51,67446383369
20220416,120000,241412.67,241561.49,241412.67,241561.46,55729670762
20220416,140000,241561.48,241561.48,241561.48,241561.48,7495208952
20220416,150000,241561.49,241561.51,241561.49,241561.51,14990352530
20220416,180000,241503.83,241503.83,241503.83,241503.83,7494761744
20220417,090000,241503.83,241962.95,241503.83,241759.96,21047310408
20220417,100000,241806.76,242474.36,241806.76,242474.36,52747908370
20220417,110000,242570.47,243193.19,242570.47,243193.19,75552241580
20220417,120000,243245.38,243588.91,243245.38,243585.3,81603218256
20220417,140000,243585.32,243585.32,243585.32,243585.32,8645301543
20220417,170000,243442.56,243442.56,243442.56,243442.56,8645131543
20220418,090000,243442.56,247030.01,243442.56,247030.01,22104414737
20220418,100000,247155.62,247892.22,247155.62,247892.22,62388393181
20220418,110000,247904.94,248073.37,247904.94,247989.32,86595051773
20220418,120000,247967.91,247967.91,247665.48,247665.48,78536115163
20220418,130000,247665.3,247665.65,247665.3,247665.65,21337372472
20220418,160000,247665.6,247665.6,247665.6,247665.6,10668521985
20220418,170000,247669.67,247669.67,247669.67,247669.67,10668521985
20220419,090000,247669.67,248581.64,247637.44,248581.64,17663724737
20220419,100000,248654.99,249080.67,248654.99,249080.67,48947943688
20220419,110000,249098.01,249371.9,249098.01,249371.9,70444002672
20220419,120000,249385.58,249412.21,249377.46,249412.21,61719543228
20220419,130000,249412.23,249412.23,249412.09,249412.09,16929045448
20220419,140000,249412.1,249412.14,249412.1,249412.14,16928634054
20220419,180000,249401.48,249401.48,249401.48,249401.48,8464317027
20220420,090000,249401.48,250266.82,249401.48,250104.29,18836524155
20220420,100000,250080.23,250080.23,249665.38,249665.38,45671052738
20220420,110000,249643.68,249883.12,249614.28,249883.12,70195682060
20220420,120000,249841.04,249937.74,249841.04,249937.74,64076697052
20220420,180000,249934.16,249934.16,249934.16,249934.16,8671038297
20220424,090000,249934.16,250918.98,249934.16,250918.98,14289172680
20220424,100000,250966.78,250966.78,250657.96,250657.96,40017717910
20220424,110000,250632.78,250632.78,250593.04,250596.2,60878902714
20220424,120000,250596.39,250610.16,250546.47,250546.48,52309788257
20220424,130000,250543.68,250543.68,250542.81,250542.82,21146143853
20220424,140000,250542.57,250542.57,250542.57,250542.57,7048280903
20220424,160000,250542.58,250542.58,250542.58,250542.58,7048267553
20220424,170000,250450.41,250450.41,250450.41,250450.41,7048267553
20220425,090000,250450.41,251335.65,250450.41,251335.65,9997243014
20220425,100000,251358.28,251944.78,251358.28,251944.78,30068844382
20220425,110000,252002.22,252301.18,252002.22,252300.4,57260256834
20220425,120000,252303.86,252387.39,252303.86,252387.39,56382203027
20220425,130000,252386.31,252386.34,252386.31,252386.34,15748351111
20220425,150000,252386.54,252386.55,252386.54,252386.55,15746135234
20220425,160000,252384.99,252384.99,252384.99,252384.99,7873067515
20220426,090000,252384.99,254713.19,252384.99,254713.19,25451079169
20220426,100000,254775.79,255101.43,254775.79,255101.43,69191996842
20220426,110000,255122.2,255310.22,255122.2,255310.22,100007123998
20220426,120000,255335.67,255386.07,255335.67,255370.25,102495737227
20220426,130000,255370.33,255370.33,255370.27,255370.27,21572131257
20220426,150000,255370.4,255370.4,255370.4,255370.4,10785886694
20220426,180000,255362.58,255362.58,255362.58,255362.58,10785886694
20220427,090000,255362.58,256971.78,255362.58,256971.78,28557557644
20220427,100000,257053.44,257066.14,256673.78,256673.78,67360054230
20220427,110000,256635.18,256635.18,256347.55,256347.55,90966315761
20220427,120000,256325.85,256325.85,256219.54,256219.54,75733642418
20220427,130000,256220.74,256221.33,256220.74,256221.23,81473595260
20220427,140000,256221.08,256221.08,256179.41,256179.41,61068385473
20220427,180000,256180.79,256180.79,256180.79,256180.79,10177896766
20220430,090000,256180.79,257704.82,256180.79,257704.82,15398685592
20220430,100000,257794.55,258228.94,257794.55,258228.94,44386505357
20220430,110000,258237,258338.43,258237,258338.43,69436961509
20220430,120000,258337.64,258351.91,258315.89,258351.91,58526006951
20220430,130000,258351.7,258351.76,258351.7,258351.72,23943921152
20220430,140000,258351.66,258351.69,258351.66,258351.69,23941597263
20220430,170000,258251.11,258251.11,258251.11,258251.11,7980518807
20220501,090000,258251.11,260227.02,258251.11,260227.02,22538381264
20220501,100000,260236.99,260429.73,260236.99,260429.73,56246635541
20220501,110000,260451.37,260893.95,260451.37,260893.95,77040352390
20220501,120000,260897.54,261063.49,260892.12,260892.12,89649291964
20220501,140000,260893.91,260906.22,260893.91,260906.22,34219148906
20220501,150000,260912.15,260916.77,260884.49,260884.49,102560021827
20220501,160000,260853.83,260853.83,260743.85,260743.85,42690165915
20220501,220000,260742.17,260742.17,260742.17,260742.17,8536652291
20220502,090000,260742.17,262008.29,260742.17,262008.29,10104162935
20220502,100000,262213.28,262786.09,262213.28,262721.64,32395988371
20220502,110000,262497.48,262680.6,262446.52,262680.6,56694096594
20220502,120000,262697.3,262926.97,262697.3,262889.63,82300170370
20220502,130000,262860.57,262860.57,262837.19,262837.19,22162061457
20220502,140000,262837.16,262837.16,262837.13,262837.13,14773637421
20220502,160000,262629.27,262629.27,262629.27,262629.27,7386800132
20220507,090000,262629.27,264749.91,262629.27,264697.76,22119613292
20220507,100000,264702.68,264973.26,264702.68,264973.26,54120943680
20220507,110000,264978.15,265041.46,264970.83,265041.46,81353145047
20220507,120000,265036.14,265036.14,265002.75,265022.15,69256083229
20220507,130000,265022.12,265022.12,265022.12,265022.12,9487745722
20220507,150000,265022.09,265022.1,265022.09,265022.1,18975321444
20220507,160000,265022.14,265022.14,265022.14,265022.14,9487645722
20220507,170000,264894.12,264894.12,264894.12,264894.12,9487608829
20220508,090000,264894.12,266338.68,264894.12,266330.98,28818630970
20220508,100000,266305.89,266363.62,266305.89,266332.3,64210185633
20220508,110000,266340.74,266516.93,266340.74,266516.93,91682912389
20220508,120000,266510.58,266583.56,266510.58,266567.12,96926831424
20220508,140000,266566.94,266566.94,266566.94,266566.94,10278024845
20220508,170000,266498.52,266498.52,266498.52,266498.52,10278017846
20220509,090000,266498.52,267519.84,266498.52,267184.64,19936472805
20220509,100000,267110.31,267110.31,266421.12,266421.12,56147200544
20220509,110000,266377.05,266377.05,265772.04,265772.04,79518083401
20220509,120000,265691.52,265691.52,265125.55,265125.59,80418358534
20220509,150000,265117.06,265117.06,265117.06,265117.06,9677324308
20220509,180000,264980.25,264980.25,264980.25,264980.25,9677311994
20220510,090000,264980.25,265049.15,264403.06,264647.39,16436978814
20220510,100000,264692.23,265611.72,264692.23,265611.72,41858235750
20220510,110000,265668.53,266070.92,265668.53,266070.92,62324604849
20220510,120000,266107.47,266269.35,266107.47,266269.35,53100477527
20220510,130000,266269.32,266269.49,266269.32,266269.49,14505559574
20220510,140000,266269.51,266269.72,266269.51,266269.72,21757008636
20220510,170000,266269.71,266269.71,266269.71,266269.71,7252299560
20220510,180000,265964.06,265964.06,265964.06,265964.06,7252299560
20220511,090000,265964.06,270408.92,265964.06,270408.92,21945807237
20220511,100000,270535.11,271343.09,270535.11,271343.09,57184138217
20220511,110000,271373.54,271665.51,271373.54,271665.51,78689159390
20220511,120000,271694.25,271880.45,271694.25,271880.45,82842127200
20220511,170000,271707.67,271707.67,271707.67,271707.67,8818936682
20220514,090000,271707.67,275461.56,271707.67,275350.5,32212630720
20220514,100000,275293.42,275301.76,275235.19,275298.5,71884965770
20220514,110000,275309.05,275617.45,275309.05,275617.45,100673844017
20220514,120000,275704.8,275738.5,275573.92,275573.92,106646627732
20220514,130000,275573.93,275573.93,275573.77,275573.77,22463865475
20220514,160000,275573.76,275573.76,275573.76,275573.76,11231749286
20220514,180000,275478.1,275478.1,275478.1,275478.1,11231749286
20220515,090000,275478.1,276591.42,275351.59,275351.59,24650869499
20220515,100000,275191.47,275191.47,274890.57,275061.7,66920266633
20220515,110000,275086.13,275696.35,275086.13,275696.35,99129759353
20220515,120000,275716.71,275716.71,275555.03,275679.51,114170007165
20220515,180000,275586.89,275586.89,275586.89,275586.89,10885932814
20220516,090000,275586.89,277494.9,275586.89,277494.9,25834155638
20220516,100000,277594.98,277952.12,277594.98,277952.12,56960529654
20220516,110000,277957.37,278056.11,277950.77,278056.11,83968045055
20220516,120000,278118.7,278289.55,278112.33,278220.3,95398993507
20220517,090000,278220.3,278943.51,278220.3,278943.51,8603638875
20220517,100000,278942.51,278942.51,278389.95,278389.95,53302152336
20220517,110000,278349.87,278349.87,277775.08,277775.08,80891520097
20220517,120000,277715.42,277715.42,277345.87,277345.87,93284954963
20220517,150000,277343.96,277343.96,277343.96,277343.96,10239317833
20220517,160000,277344.03,277344.03,277285.57,277285.57,20478548470
20220518,090000,277285.57,277285.57,275764.92,275764.92,19005610760
20220518,100000,275637.36,275637.36,274794.45,274794.45,49309265236
20220518,110000,274769.44,274769.44,274340.77,274340.77,69575766357
20220518,120000,274309.15,274309.15,274074.04,274074.04,60580932138
20220518,130000,274074.07,274074.24,274074.07,274074.24,24850425167
20220518,140000,274074.44,274074.44,274074.44,274074.44,8282982092
20220518,180000,273864.82,273864.82,273864.82,273864.82,8283025474
20220521,090000,273864.82,273924.36,272924.39,272924.39,19212981303
20220521,100000,272918.14,272918.14,272795.75,272795.75,50038260304
20220521,110000,272790.36,272808.64,272674.11,272674.11,70888915944
20220521,120000,272657.52,272657.52,272355.07,272355.63,76012330655
20220521,130000,272356.25,272356.25,272352.86,272353.01,24411324995
20220521,160000,272353,272353,272353,272353,8136842521
20220521,180000,271938.96,271938.96,271938.96,271938.96,8136842521
20220522,090000,271938.96,272877.95,271938.96,272877.95,12779307137
20220522,100000,272882.71,272967.01,272874.74,272896.97,36453766436
20220522,110000,272915.31,272929.65,272886.41,272886.41,57280301966
20220522,120000,272883.13,272883.13,272762.85,272762.85,49856885382
20220522,130000,272762.78,272762.96,272762.78,272762.96,13498482034
20220522,150000,272762.98,272763.07,272762.47,272762.47,20240322351
20220522,170000,272762.18,272762.18,272568.31,272568.31,13492967173
20220523,090000,272568.31,273034.39,271350.96,271350.96,19153889125
20220523,100000,271028.38,271028.38,268200.7,268200.7,66787180128
20220523,110000,268096.72,268096.72,267454.67,267454.67,95766591741
20220523,120000,267422.65,267422.65,267176.9,267177.26,79283340192
20220523,130000,267177.35,267177.35,267177.31,267177.31,21091928926
20220523,140000,267177.14,267177.38,267176.82,267176.82,31632737814
20220523,170000,267176.86,267176.86,267101.58,267101.58,21087854644
20220524,090000,267101.58,267101.58,266494.18,266756.55,13871251616
20220524,100000,266775.1,266807.98,266649.36,266649.36,36853174841
20220524,110000,266616.02,266616.02,266202.33,266302.46,55253180508
20220524,120000,266308.34,266308.34,266148.37,266148.37,54356942682
20220524,130000,266148.17,266148.54,266148.17,266148.54,19626275944
20220524,140000,266148.58,266148.61,266148.58,266148.61,13082670606
20220524,180000,265953.83,265953.83,265953.83,265953.83,6541335303
20220525,090000,265953.83,268361.96,265953.83,268361.96,13520434542
20220525,100000,268404.73,268917.29,268404.73,268910.82,35689075944
20220525,110000,268932.87,269185.71,268932.87,269185.71,56156746843
20220525,120000,269226.88,269391.96,269226.88,269386.63,56973171301
20220525,130000,269386.61,269386.61,269385.99,269385.99,13802791307
20220525,140000,269386.13,269386.58,269386.13,269386.58,20701183332
20220525,160000,269386.57,269386.57,269386.57,269386.57,6900376730
20220528,090000,269386.57,270376.91,268923.12,268923.12,19496812368
20220528,100000,268708.87,268708.87,267820.58,267820.58,51770304827
20220528,110000,267778.4,267778.4,267248.97,267248.97,72605031564
20220528,120000,267192.79,267192.79,266763.76,266763.76,58073318653
20220528,130000,266763.64,266763.64,266763.64,266763.64,7701889467
20220528,140000,266763.61,266763.61,266763.61,266763.61,7701766832
20220528,150000,266763.88,266764.16,266763.88,266764.16,15397580354
20220528,160000,266764.15,266764.15,266764.15,266764.15,7698783533
20220528,180000,266598.24,266598.24,266598.24,266598.24,7698783533
20220529,090000,266598.24,266598.24,262386.04,262386.04,17406057602
20220529,100000,262195.21,262195.21,261768.56,261815.15,45903271593
20220529,110000,261806.66,261844.96,261787.94,261790.66,62710534654
20220529,120000,261775.2,261854.16,261758.15,261854.16,53664521212
20220529,130000,261854.3,261855.66,261854.3,261855.66,14954067514
20220529,160000,261855.78,261856.11,261855.78,261856.1,29899249269
20220529,170000,261856.11,261856.11,261515.27,261515.27,14949444740
20220530,090000,261515.27,262516.61,261515.27,262250.72,10962811452
20220530,100000,262186.03,262186.03,261921.42,261927.24,33836625486
20220530,110000,261930.57,261957.48,261930.57,261950.4,48914629561
20220530,120000,261939.65,261939.65,261731.54,261731.59,41808245301
20220530,130000,261731.62,261731.62,261731.62,261731.62,5773085624
20220530,140000,261730.87,261730.87,261730.87,261730.87,5772685624
20220530,150000,261730.88,261731.09,261730.88,261731.09,17308619430
20220530,200000,261719.35,261719.35,261719.35,261719.35,5769524542
20220531,090000,261719.35,262625.03,261719.35,262625.03,9816734061
20220531,100000,262762.7,263549.46,262762.7,263549.46,28243854292
20220531,110000,263573.05,263665.36,263573.05,263665.36,42001551319
20220531,120000,263669.83,263674.17,263633.38,263641.04,41414782578
20220531,130000,263641.06,263641.38,263641.06,263641.38,10005526796
20220531,140000,263641.16,263641.16,263641.16,263641.16,4998904433
20220531,170000,263342.97,263342.97,263342.97,263342.97,4998904433
20220601,090000,263342.97,263861.82,263342.97,263771.4,8739993546
20220601,100000,263760.38,264220.7,263760.38,264220.7,25064799427
20220601,110000,264228.21,264301.88,264228.21,264280.15,38993435437
20220601,120000,264277.39,264597.23,264175.49,264175.49,51802747365
20220601,130000,264166.12,264166.12,264164.47,264164.47,15212492275
20220601,140000,264164.32,264164.32,264164.32,264164.32,5070499301
20220606,090000,264164.32,264164.32,261429.44,261429.44,12884569052
20220606,100000,261196.12,261196.12,259375.3,259375.3,40814049737
20220606,110000,259261.58,259261.58,258593.46,258593.46,63398040333
20220606,120000,258577.85,258577.85,258230.6,258230.67,52013645090
20220606,140000,258230.72,258230.83,258230.4,258230.82,34949558826
20220606,180000,258057.45,258057.45,258057.45,258057.45,6989831853
20220607,090000,258057.45,258057.45,257220.54,257423.36,9740114287
20220607,100000,257471.71,257903.76,257471.71,257903.76,25348489665
20220607,110000,257913.97,257913.97,257642.31,257642.31,38121298486
20220607,120000,257625.03,257625.03,257478.86,257478.86,38480880034
20220607,140000,257478.94,257479.32,257478.93,257479.32,23097172235
20220607,180000,257430.89,257430.89,257430.89,257430.89,4619073333
20220608,090000,257430.89,258597.61,257430.89,258597.61,7454681923
20220608,100000,258620.5,258851.46,258620.5,258851.46,19529153202
20220608,110000,258864.8,258901.64,258851.74,258854.05,31323807066
20220608,120000,258852.09,258873.69,258851.01,258865.82,31890245636
20220608,140000,258865.81,258865.81,258865.81,258865.81,3877114399
20220608,150000,258865.77,258865.77,258865.76,258865.76,7753974248
20220608,160000,258865.78,258865.78,258865.78,258865.78,3876978524
20220611,090000,258865.78,259201.32,258865.78,258939.03,8893443390
20220611,100000,258850.83,258850.83,258370.7,258370.7,23739681283
20220611,110000,258362.23,258362.23,258248.48,258248.48,35314807999
20220611,120000,258213.36,258213.36,257921.88,257921.91,31839472768
20220611,160000,257921.94,257922.53,257921.94,257922.53,31268743934
20220611,170000,257922.52,257922.52,257499.54,257499.54,8932051370
20220612,090000,257499.54,257552.65,257029.54,257176.32,7810430640
20220612,100000,257279.35,257915.95,257279.35,257915.95,26654755539
20220612,110000,257930.52,258281.54,257930.52,258281.54,45531259570
20220612,120000,258296.92,258487.44,258296.92,258455.48,59720308192
20220612,130000,258453.16,258453.96,258453.16,258453.34,26398369334
20220612,140000,258453.4,258453.65,258453.4,258453.65,10555459138
20220612,150000,258453.68,258453.68,258453.68,258453.68,5277729569
20220612,160000,258453.69,258453.69,258453.69,258453.69,5277717960
20220612,170000,258404.09,258404.09,258404.09,258404.09,5277717960
20220613,090000,258404.09,262214.09,258404.09,262214.09,17835833343
20220613,100000,262386.64,262988.31,262386.64,262988.31,45503898493
20220613,110000,262999.42,263110.98,262999.42,263110.98,62143495466
20220613,120000,263125.83,263176.21,263125.83,263149.26,70985822579
20220613,150000,263149.29,263149.29,263149.29,263149.29,6775520645
20220613,170000,263149.28,263149.28,263149.28,263149.28,6775511396
20220613,180000,262980.68,262980.68,262980.68,262980.68,6775511396
20220614,090000,262980.68,263510.25,262980.68,263510.25,10751853066
20220614,100000,263564.52,263674.71,263564.52,263609.25,33645944341
20220614,110000,263613.4,263617.13,263593.91,263605.63,51801133993
20220614,120000,263597.42,263597.42,263452.88,263452.88,46345058761
20220614,130000,263452.89,263452.91,263452.89,263452.91,12834304120
20220614,140000,263452.9,263452.96,263452.9,263452.95,19248967823
20220614,180000,263438.18,263438.18,263438.18,263438.18,6416270653
20220615,090000,263438.18,263593.39,263077.56,263077.56,7486653253
20220615,100000,263041.02,263049.34,262997.79,263001.16,21133592220
20220615,110000,263003.61,263006.4,262945.14,262945.14,33079475561
20220615,120000,262930.07,262930.07,262825.96,262825.97,37552643099
20220615,150000,262826.28,262826.48,262826.28,262826.48,12228780065
20220618,090000,262826.48,263224.75,262691.25,262691.25,8614059521
20220618,100000,262597.69,262597.69,261734.9,261734.9,24039823735
20220618,110000,261650.38,261650.38,260945.46,260945.46,39637656301
20220618,120000,260889.89,260889.89,260527.79,260527.79,59037971763
20220618,150000,260527.91,260528.14,260527.91,260528.14,10638929126
20220618,160000,260528.47,260528.88,260528.47,260528.77,31911914559
20220618,180000,260353.12,260353.12,260353.12,260353.12,5318032512
20220619,090000,260353.12,260852.71,260353.12,260852.71,8655115057
20220619,100000,260909.15,261047.76,260909.15,260931.93,25529967029
20220619,110000,260922.52,260922.52,260583.82,260583.82,43704580546
20220619,120000,260566.58,260566.58,260462.09,260462.26,55634560111
20220619,140000,260462.24,260462.24,260462.24,260462.24,5438965360
20220619,190000,260437.66,260437.66,260437.66,260437.66,5438961872
20220620,090000,260437.66,262020.82,260437.66,261994.14,12422565424
20220620,100000,261992.82,261998.74,261850,261850,30133849092
20220620,110000,261833.43,261833.43,261549.27,261549.27,43430225453
20220620,120000,261522.66,261522.66,261186.62,261186.62,37207436484
20220620,130000,261186.72,261186.72,261186.72,261186.72,5062817746
20220620,140000,261186.67,261186.67,261186.67,261186.67,5062817746
20220620,150000,261186.66,261186.66,261186.66,261186.66,5062568220
20220620,170000,260963.97,260963.97,260963.97,260963.97,5062568220
20220621,090000,260963.97,260963.97,260310.32,260310.32,7339379920
20220621,100000,260279.16,260279.16,259829.95,259829.95,21261619943
20220621,110000,259790.53,259790.53,259359.73,259359.73,32346739043
20220621,120000,259325.1,259325.1,259050.81,259050.81,28444428033
20220621,130000,259051.01,259051.01,259051.01,259051.01,3896841875
20220621,150000,259051.24,259051.25,259051.24,259051.25,7792905602
20220621,180000,258802.69,258802.69,258802.69,258802.69,3896452801
20220622,090000,258802.69,258802.69,258672.26,258740.41,8643320962
20220622,100000,258746.02,258754.77,258632.59,258632.59,26573036004
20220622,110000,258594.84,258594.84,258299.74,258299.74,38628048343
20220622,120000,258274.25,258274.25,258090.62,258092.64,47801135449
20220622,140000,258092.67,258092.79,258092.67,258092.79,13977931915
20220622,150000,258092.77,258092.77,258092.59,258092.59,32596494039
20220622,170000,258092.52,258092.52,258092.52,258092.52,4655982134
20220622,180000,258066.5,258066.5,258066.5,258066.5,4655982134
20220625,090000,258066.5,259122.53,258066.5,259103.06,15833742379
20220625,100000,259133.32,259237.41,259133.32,259151.63,33790319555
20220625,110000,259131.17,259131.17,258761.05,258761.05,51330538823
20220625,120000,258715.67,258715.67,258290.81,258290.84,44474440106
20220625,140000,258290.78,258291.25,258290.78,258291.25,17957413056
20220625,150000,258291.29,258291.29,258291.29,258291.29,5985743343
20220625,180000,258165.13,258165.13,258165.13,258165.13,5985742743
20220626,090000,258165.13,258338.17,257589.17,257589.17,12471276090
20220626,100000,257490.61,257490.61,256323.34,256323.34,30684870739
20220626,110000,256234.11,256234.11,255576.1,255576.1,46330078140
20220626,120000,255526.83,255526.83,255125.74,255125.74,43868491487
20220626,130000,255125.67,255125.71,255125.67,255125.7,15863535184
20220626,140000,255125.68,255125.68,255125.39,255125.39,15863214726
20220626,180000,255120.6,255120.6,255120.6,255120.6,5287693332
20220627,090000,255120.6,255120.6,255077.46,255097.15,9043561437
20220627,100000,255109.48,255122.84,255074.3,255074.3,25140079832
20220627,110000,255061.23,255061.23,254967.9,254967.9,40044120700
20220627,120000,254961.87,254961.87,254883.41,254883.48,35598963347
20220627,140000,254883.54,254883.58,254883.54,254883.58,9614444990
20220627,160000,254883.76,254883.76,254883.07,254883.07,19211624004
20220627,170000,254883.08,254883.08,254883.08,254883.08,4802010386
20220627,180000,254868.16,254868.16,254868.16,254868.16,4802010386
20220628,090000,254868.16,256667.38,254868.16,256667.38,10628130515
20220628,100000,256822.79,257156.75,256822.79,257156.75,26122137308
20220628,110000,257178.71,257240.65,257178.71,257231.73,37558438206
20220628,120000,257236.43,257236.43,257187.54,257187.54,40919666353
20220628,140000,257187.47,257187.47,257187.47,257187.47,4393686891
20220628,150000,257188.21,257188.21,257187.98,257187.98,8786347782
20220628,160000,257188.03,257188.04,257105.45,257105.45,13178509935
20220629,090000,257105.45,257440.18,257105.45,257202.72,7353401917
20220629,100000,257251.93,257273.11,257224.98,257273.11,22324299455
20220629,110000,257279.49,257425.65,257279.49,257414.73,36553147183
20220629,120000,257407.81,257407.81,257325.69,257342.63,41787219036
20220629,150000,257342.92,257343.33,257342.92,257343.33,9116388680
20220629,170000,257343.63,257344.21,257342.58,257342.65,40973255148
20220629,180000,257342.6,257342.6,257342.51,257342.51,13651350936
20220702,090000,257342.51,257342.51,256413.22,256413.22,9153227129
20220702,100000,256343.22,256343.22,255676.47,255676.47,26787926629
20220702,110000,255633.34,255633.34,255194.95,255194.95,40484662412
20220702,120000,255122.36,255122.36,254730.25,254730.25,35314569352
20220702,130000,254730.28,254730.81,254730.28,254730.78,14478632675
20220702,160000,254730.8,254730.8,254730.8,254730.8,4825953209
20220702,170000,254401.33,254401.33,254401.33,254401.33,4825953209
20220703,090000,254401.33,254715.65,254401.33,254672.14,6550128751
20220703,100000,254682.23,254815.12,254682.23,254815.12,18740142750
20220703,110000,254817.31,254979.93,254817.31,254979.93,29829864898
20220703,120000,255023.59,255108.3,255023.59,255108.3,23355162120
20220703,150000,255108.08,255108.74,255108.08,255108.52,11316543431
20220703,170000,254935.51,254935.51,254935.51,254935.51,3772114477
20220704,090000,254935.51,256115.49,254935.51,256115.49,8497024552
20220704,100000,256207.52,256350.28,256207.52,256350.28,21072536678
20220704,110000,256338.3,256345.1,256290.39,256345.1,31779622095
20220704,120000,256344.63,256357.09,256328.96,256329.06,40064068606
20220704,140000,256329.07,256329.07,256329.07,256329.07,3925103558
20220704,170000,256288.27,256288.27,256288.27,256288.27,3925103558
20220705,090000,256288.27,256508.55,256288.27,256508.55,7691835047
20220705,100000,256567.08,256747.54,256567.08,256728.75,22172277339
20220705,110000,256700.42,256700.42,256605.88,256626.67,34761995565
20220705,120000,256616.33,256616.33,256485.32,256485.42,41379042773
20220705,150000,256485.48,256485.53,256485.48,256485.53,8959228954
20220705,160000,256485.56,256485.6,256485.56,256485.6,13429863996
20220705,170000,256485.63,256485.66,256485.63,256485.66,8952245460
20220705,180000,256347.91,256347.91,256347.91,256347.91,4475750321
20220706,090000,256347.91,256424.58,255686.23,255686.23,9055407807
20220706,100000,255648.07,255648.07,255328.04,255328.04,22180135603
20220706,110000,255306.45,255306.45,255002.64,255002.64,31778270752
20220706,120000,255071.61,255071.61,254851.06,254852.05,41974954639
20220706,130000,254852.08,254852.08,254852.08,254852.08,4205887798
20220706,140000,254852.11,254852.26,254852.11,254852.26,8411056046
20220706,160000,254851.75,254851.81,254851.75,254851.81,8403056046
20220709,090000,254851.81,254929.38,254659.31,254659.31,8344088054
20220709,100000,254605.23,254605.23,254147.19,254147.19,21539845498
20220709,110000,254103.52,254103.52,253652.39,253652.39,32593811438
20220709,120000,253609.67,253609.67,253214.25,253214.42,36564642423
20220709,140000,253214.74,253214.74,253214.74,253214.74,3918409761
20220709,160000,253214.89,253214.89,252670.71,252670.71,7814698524
20220711,090000,252670.71,252726.03,252178.77,252178.77,6156609114
20220711,100000,252093.5,252093.5,250708.82,250708.82,20253566149
20220711,110000,250609.78,250609.78,249478.25,249478.25,36499912877
20220711,120000,249314.22,249314.22,248859.68,248860.39,44212833832
20220711,150000,248860.43,248860.59,248860.43,248860.43,14432024564
20220711,180000,248820.55,248820.55,248820.55,248820.55,4809361296
20220712,090000,248820.55,248820.55,246846.9,246846.9,8413482349
20220712,100000,246769.91,246791.78,246727.6,246790.02,25261033845
20220712,110000,246738.28,246738.28,246554.59,246554.59,36715158370
20220712,120000,246513.81,246513.81,246338.97,246339.05,39477404566
20220712,150000,246338.88,246338.88,246338.88,246338.88,4238822856
20220712,170000,245999.27,245999.27,245999.27,245999.27,4238822856
20220713,090000,245999.27,246780.72,245999.27,246780.72,8262061996
20220713,100000,246796.71,246908.95,246755.72,246908.95,19583285696
20220713,110000,246918.61,246962.83,246918.61,246962.33,30065654775
20220713,120000,246975.48,246983.46,246932.04,246932.14,37756690601
20220713,130000,246932.16,246932.16,246932.16,246932.16,3713030356
20220716,090000,246932.16,247292.23,246932.16,247100.23,6750934305
20220716,100000,247062.47,247062.47,246492.88,246492.88,19034727703
20220716,110000,246445.4,246445.4,246216.46,246216.46,32848295809
20220716,120000,246211.23,246211.23,246060.89,246061.03,30444181388
20220716,150000,246061.08,246061.15,246061.08,246061.15,12529484364
20220716,180000,245568.73,245568.73,245568.73,245568.73,4176484117
20220717,090000,245568.73,245893.87,245353.93,245353.93,5986678858
20220717,100000,245313.26,245313.26,244668.51,244668.51,17825805910
20220717,110000,244632.09,244632.09,244142.17,244142.17,27177614341
20220717,120000,244093.14,244093.14,243627.27,243664.64,34846177162
20220717,130000,243665.16,243665.59,243665.16,243665.59,13806840808
20220717,150000,243665.54,243665.92,243665.54,243665.92,10354313769
20220717,170000,243005.52,243005.52,243005.52,243005.52,3451380723
20220719,090000,243005.52,243180.58,243005.52,243180.58,4069360680
20220719,100000,243174.94,243200.93,243149.7,243149.7,10940420918
20220719,110000,243138.96,243138.96,242812.2,242812.2,16973242779
20220719,120000,242773.68,242773.68,242548.86,242548.95,26776925725
20220719,130000,242549.08,242549.08,242549.08,242549.08,2418195466
20220719,140000,242548.73,242548.73,242548.73,242548.73,2416329363
20220719,150000,242548.59,242548.62,242548.55,242548.55,9663351988
20220719,160000,242548.65,242548.72,242548.65,242548.72,4826845981
20220719,180000,242455.72,242455.72,242455.72,242455.72,2413418868
20220720,090000,242455.72,243028.04,242455.72,243028.04,4043879639
20220720,100000,243071.88,243364.3,243071.88,243364.3,10807052063
20220720,110000,243430.91,243666.19,243430.91,243666.19,16775113071
20220720,120000,243672.31,243725.48,243672.31,243725.48,18738143432
20220720,140000,243725.63,243726.07,243725.63,243726.07,4061746368
20220720,170000,243725.64,243725.64,243725.64,243725.64,2030870621
20220723,090000,243725.64,244546.34,243725.64,244546.34,7524350480
20220723,100000,244544.84,244552.52,244481.31,244481.31,18482242078
20220723,110000,244458.61,244458.61,244315.52,244315.52,27879897507
20220723,120000,244318.83,244318.83,244150.26,244150.26,40207444931
20220723,150000,244150.31,244150.42,244150.31,244150.42,7099330158
20220723,160000,244150.4,244150.4,244150.4,244150.4,3549661723
20220723,170000,244149.89,244149.89,244149.88,244149.88,7099153462
20220723,190000,242810.07,242810.07,242810.07,242810.07,3549576731
20220724,090000,242810.07,242913.92,242399.75,242399.75,6218307853
20220724,100000,242318.17,242318.17,241529.44,241549.19,16334750428
20220724,110000,241496.3,241496.3,240808.77,240808.77,27192415524
20220724,120000,240732.08,240732.08,240135.96,240135.96,37545779389
20220724,130000,240138.34,240138.34,240138.17,240138.17,11003039168
20220724,140000,240138.15,240138.29,240138.15,240138.16,29265221704
20220724,150000,240138.08,240138.88,240138.01,240138.88,18267592541
20220724,170000,240137.42,240137.42,240137.42,240137.42,3653476952
20220725,090000,240137.42,240137.42,237814.56,237814.56,7068472265
20220725,100000,237617.49,237617.49,236205.8,236205.8,22951541048
20220725,110000,236100.02,236100.02,235327.68,235327.68,34627584554
20220725,120000,235269.29,235269.29,234768.53,234793.49,41134371915
20220725,140000,234793.63,234793.63,234793.63,234793.63,3973888902
20220725,170000,234703.86,234703.86,234703.86,234703.86,3973888902
20220726,090000,234703.86,234703.86,234277.84,234277.84,7361700642
20220726,100000,234205.3,234205.3,233686.98,233686.98,18518060393
20220726,110000,233656.67,233656.67,233283.48,233283.48,27271861637
20220726,120000,233258.75,233258.75,232997.9,233004.51,31554355336
20220726,140000,233005.33,233005.58,233004.94,233005.55,13829786239
20220726,150000,233005.69,233005.7,233005.69,233005.7,6913879880
20220727,090000,233005.7,233309.81,233003.61,233309.81,4757699537
20220727,100000,233342.5,233552.64,233342.5,233552.64,13539378478
20220727,110000,233588.52,233704.74,233588.52,233703.82,23293144772
20220727,120000,233708.81,233708.99,233687.54,233708.67,20753359878
20220727,140000,233708.69,233708.69,233704.29,233704.29,14268626324
20220727,160000,233704.21,233704.21,233704.19,233704.19,5692985164
20220727,170000,233704.2,233705.59,233704.2,233705.59,14211434735
20220730,090000,233705.59,234001.07,233705.59,234000.39,4362304019
20220730,100000,233976.31,233976.31,233701.52,233701.52,13822207464
20220730,110000,233666.41,233666.41,232930.91,232930.91,24220872674
20220730,120000,232861.3,232861.3,232355.6,232355.6,23053065447
20220730,130000,232355.47,232355.47,232355.36,232355.36,6388941935
20220730,140000,232355.26,232355.26,232355.03,232355.03,9576122106
20220730,150000,232355.02,232355.02,232355.02,232355.02,3190866612
20220730,180000,232272.29,232272.29,232272.29,232272.29,3190866612
20220731,090000,232272.29,232286.69,230018.91,230018.91,7775413242
20220731,100000,229863.98,229863.98,228717.75,228717.75,23583510857
20220731,110000,228652.22,228652.22,228138.4,228138.4,36821272133
20220731,120000,228106.53,228106.53,227928.47,227928.57,31580930351
20220731,130000,227928.52,227928.57,227928.52,227928.57,8665410501
20220731,150000,227928.9,227928.9,227928.76,227928.86,12989131185
20220801,090000,227928.86,228256.49,227928.86,228248.28,5474779043
20220801,100000,228247.19,228291.51,228247.19,228268.7,13913708334
20220801,110000,228265.05,228277.85,228191.27,228191.27,21344362231
20220801,120000,228179.37,228185.48,228158.35,228160.79,24522556118
20220802,090000,228159.02,228376.46,228159.02,228376.46,4073865235
20220802,100000,228369.54,228378.24,228304.08,228304.08,11368925970
20220802,110000,228292.35,228292.35,228159.54,228173.68,18156725655
20220802,120000,228170.43,228293.94,228170.43,228293.94,25118562238
20220802,150000,228294.55,228294.64,228294.5,228294.64,11395894584
20220803,090000,228294.64,229229.66,228294.64,229229.66,7128686371
20220803,100000,229269.65,229670.38,229269.65,229670.38,17587159265
20220803,110000,229704.18,230022.07,229704.18,230022.07,26273714971
20220803,120000,230053.73,230374.02,230053.73,230374.02,26716897041
20220803,130000,230373.75,230373.75,230373.75,230373.75,3681221438
20220803,150000,230373.77,230373.77,230373.77,230373.77,3680922845
20220803,160000,230373.74,230373.74,230373.72,230373.72,7361779248
20220803,170000,230177.38,230177.38,230177.38,230177.38,3680889624
20220806,090000,230177.38,232219.69,230177.38,232219.69,11634178741
20220806,100000,232308.04,233005.26,232308.04,233005.26,27675191694
20220806,110000,233064.05,233477.88,233064.05,233477.88,38553912349
20220806,120000,233511.86,233826.22,233511.86,233826.22,34990758879
20220806,150000,233826.13,233826.13,233826.13,233826.13,4157196896
20220806,170000,233817.22,233817.22,233817.22,233817.22,4157196019
20220809,090000,233817.22,233974.04,233756.4,233789.59,12176524473
20220809,100000,233846.79,234315.64,233846.79,234315.64,32011550528
20220809,110000,234333.21,234435.38,234333.21,234391.18,44391620232
20220809,120000,234392.86,234392.86,234297.31,234297.6,41413017111
20220809,140000,234297.57,234297.57,234297.57,234297.57,4906248216
20220809,170000,234297.62,234297.62,234297.62,234297.62,4906223988
20220810,090000,234297.62,234386.09,234284.57,234284.57,5459461844
20220810,100000,234271.25,234271.25,233975.98,233975.98,16017596626
20220810,110000,233935.72,233935.72,233612.86,233612.86,27652352332
20220810,120000,233581.19,233581.19,233493.17,233493.37,28816451582
20220810,140000,233493.26,233493.26,233493.05,233493.05,7101881102
20220810,180000,233493.08,233493.08,233493.08,233493.08,3550910390
20220813,090000,233493.08,235535.58,233493.08,235535.58,12128905856
20220813,100000,235648.55,236414.99,235648.55,236414.99,33782239834
20220813,110000,236454.49,236891.33,236454.49,236891.33,48188982094
20220813,120000,236954.43,237258.33,236954.43,237258.23,44310109325
20220813,170000,237227.48,237227.48,237227.48,237227.48,5239433036
20220814,090000,237227.48,237861.3,237227.48,237643.31,24168534762
20220814,100000,237566.89,237566.89,237275.17,237275.17,44707447653
20220814,110000,237265.78,237265.78,237153.41,237153.41,57914348267
20220814,120000,237129.6,237129.6,236965.37,236965.4,46222212807
20220814,130000,236965.41,236965.41,236965.41,236965.41,6176844407
20220814,140000,236965.75,236965.75,236965.75,236965.75,6176563767
20220814,170000,236965.74,236965.74,236888.96,236888.96,12352988976
20220815,090000,236888.96,236940.41,236883.38,236907.51,8003661218
20220815,100000,236905.7,237093.17,236905.7,237093.17,20630201155
20220815,110000,237139.4,237796.23,237139.4,237796.23,49693137335
20220815,120000,237820.29,237960.63,237820.29,237955.2,60351523554
20220815,170000,237955.17,237955.17,237955.13,237955.13,12948957874
20220815,180000,237950.98,237950.98,237950.98,237950.98,6474478937
20220816,090000,237950.98,239221.72,237950.98,239167.11,26122128595
20220816,100000,239155.52,239155.52,239084.32,239084.32,55789368302
20220816,110000,239087.46,239090.55,238975,238975,73002143124
20220816,120000,238964.54,238964.54,238787.34,238787.34,73088391199
20220816,140000,238787.14,238787.14,238787.14,238787.14,7647870007
20220816,180000,238752.14,238752.14,238752.14,238752.14,7647870007
20220817,090000,238752.14,239384.65,238752.14,239338.07,20349697642
20220817,100000,239331.53,239331.53,239176.04,239176.04,41288940373
20220817,110000,239171.57,239171.57,239126.61,239127.93,59140966996
20220817,120000,239117.36,239117.36,239022.82,239023.4,60088754204
20220817,150000,239023.87,239024.12,239023.87,239024.12,14533396724
20220817,170000,239024.11,239024.16,239024.11,239024.16,21800064129
20220817,180000,239024.56,239024.56,239024.56,239024.56,7266687228
20220820,090000,239024.56,239024.56,238713.3,238713.3,13473209517
20220820,100000,238719.14,238719.14,238573.77,238573.77,30539564424
20220820,110000,238566.87,238566.87,238347.71,238347.71,43379560962
20220820,120000,238325.16,238325.16,238025.38,238025.41,53916756602
20220820,140000,238025.65,238025.74,238025.65,238025.74,10688044056
20220820,170000,238025.83,238025.83,238025.83,238025.83,5343986018
20220820,180000,237997.03,237997.03,237997.03,237997.03,5343986018
20220821,090000,237997.03,238202.6,237997.03,238201.47,9269729787
20220821,100000,238216.24,238216.24,237971.68,237971.68,24150249505
20220821,110000,237932.74,237932.74,237610.37,237610.37,38099869017
20220821,120000,237607.24,237607.24,237465.11,237465.12,36202961706
20220821,150000,237465.26,237466.19,237465.26,237466.19,21571443630
20220821,180000,237466.2,237466.25,237381.38,237381.38,12941974728
20220822,090000,237381.38,238013.15,237381.38,238005.45,11614677329
20220822,100000,237995.01,238100.73,237995.01,238065.5,28659653318
20220822,110000,238059.03,238059.03,237909.97,237909.97,42345349683
20220822,120000,237885.91,237885.91,237843.23,237843.39,42538163841
20220822,140000,237845.06,237845.06,237845.06,237845.06,5077747536
20220822,180000,237755.6,237755.6,237755.6,237755.6,5077543005
20220823,090000,237755.6,239241.69,237755.6,239241.69,9207021038
20220823,100000,239309.42,240005.76,239309.42,240005.76,25725894482
20220823,110000,240063.38,240479.41,240063.38,240479.41,39996745719
20220823,120000,240509.52,240766.31,240509.52,240764.56,49836061456
20220823,130000,240765.05,240765.05,240764.95,240765.05,14538909937
20220823,170000,240765.48,240765.48,240765.48,240765.48,4845940936
20220824,090000,240765.48,242304.9,240765.48,242304.9,11121704215
20220824,100000,242377.62,243307.16,242377.62,243307.16,30082460144
20220824,110000,243369.22,243981.96,243369.22,243981.96,47381542560
20220824,120000,244022.33,244311.3,244022.33,244311.3,40036732799
20220824,130000,244310.84,244310.84,244310.84,244310.84,5454062144
20220824,140000,244310.86,244310.86,244310.86,244310.86,5453904944
20220824,170000,244310.85,244310.85,244310.69,244310.69,16349189055
20220827,090000,244310.69,245379.27,244310.69,245379.27,10538920980
20220827,100000,245410.2,245683.56,245410.2,245683.56,26125467697
20220827,110000,245699.88,245800.51,245699.88,245795.2,40954848078
20220827,120000,245765.02,245765.02,245554.1,245554.2,49481641752
20220827,130000,245554.16,245554.16,245554.16,245554.16,5398087473
20220827,150000,245554.2,245554.2,245554.2,245554.2,5398058785
20220828,090000,245554.2,245554.2,245141.5,245169.96,10375956688
20220828,100000,245140.51,245140.51,244942.51,244942.51,30184806887
20220828,110000,244920.28,244920.28,244641.5,244641.5,44821598232
20220828,120000,244631.59,244631.59,244493.66,244493.88,44002254065
20220828,140000,244494.87,244494.87,244494.87,244494.87,5257466289
20220828,160000,244494.85,244494.85,244494.81,244494.81,15759222903
20220828,180000,244493.79,244493.79,244493.79,244493.79,5253074301
20220829,090000,244493.79,245032.87,244493.79,245032.87,7290503588
20220829,100000,245085.95,245600.68,245085.95,245600.68,21081149437
20220829,110000,245624.84,245722.63,245624.84,245721.45,32859175727
20220829,120000,245719.94,245768.01,245719.94,245735.87,36408482533
20220829,140000,245736.04,245736.11,245736.04,245736.11,7835317728
20220830,090000,245736.11,245937.7,245736.11,245929.31,6990525052
20220830,100000,245894.49,245934.09,245822.9,245934.09,19607836855
20220830,110000,245955.36,246001.09,245943.63,245983.47,29846699502
20220830,120000,245965.85,245965.85,245821.98,245821.98,27692935607
20220830,140000,245821.99,245822.1,245821.99,245822.1,11428370349
20220830,160000,245822.06,245822.06,245821.81,245821.81,22812083071
20220830,170000,245821.79,245821.79,245821.79,245821.79,3800683045
20220831,090000,245821.79,246358.28,245821.79,246347.49,7378575836
20220831,100000,246336.62,246410.04,246336.62,246410.04,18206638008
20220831,110000,246429.65,246476.27,246429.65,246460.7,27406118143
20220831,120000,246428.57,246492.17,246423.32,246492.17,24311514607
20220831,140000,246492.57,246492.57,246492.32,246492.32,6883836798
20220831,150000,246492.75,246493.08,246492.25,246492.25,17206267573
20220831,180000,246493.92,246493.92,246493.92,246493.92,3441115707
20220903,090000,246493.92,246553.51,245110.8,245110.8,10628178892
20220903,100000,245101.02,245101.02,244510.32,244510.32,26518482885
20220903,110000,244494.3,244494.3,244360.04,244360.04,35888417965
20220903,120000,244343.6,244343.6,244143.79,244144.01,42302838039
20220903,140000,244144.09,244144.31,244144.09,244144.31,8254603790
20220903,170000,244143.96,244143.96,244143.96,244143.96,4127301895
20220904,090000,244143.96,244518.75,244143.96,244517.02,5453397357
20220904,100000,244516.78,244653.51,244500.59,244653.51,14587589275
20220904,110000,244680.69,244785.47,244680.69,244785.47,24185281166
20220904,120000,244790.85,244790.85,244766.13,244766.13,32390242697
20220904,130000,244765.92,244765.92,244724.46,244724.46,20206238967
20220904,140000,244724.4,244724.4,244713.35,244713.73,23089692171
20220904,170000,244625.38,244625.38,244625.38,244625.38,2885700678
20220905,090000,244625.38,245431.45,244625.38,245431.45,6083736702
20220905,100000,245450.3,245510.87,245450.3,245510.87,16020833707
20220905,110000,245510.59,245510.95,245469.27,245494.22,25302735172
20220905,120000,245491.71,245498.63,245489.06,245492.35,22960472257
20220905,130000,245492.36,245492.5,245492.33,245492.43,12783846693
20220905,140000,245492.59,245492.59,245492.59,245492.59,3195801111
20220905,160000,245492.62,245492.62,245492.62,245492.62,3195781111
20220906,090000,245492.62,245946.78,245492.62,245809.67,4367872569
20220906,100000,245781.85,245827.9,245781.85,245827.9,14672583175
20220906,110000,245835.1,245835.1,245785.02,245785.02,24734429008
20220906,120000,245778.45,245778.45,245731.4,245731.46,22456051625
20220906,130000,245731.44,245731.44,245731.41,245731.41,6243635916
20220906,150000,245731.6,245731.6,245731.6,245731.6,3121696533
20220907,090000,245731.6,246137.42,245731.6,246027.65,5120045827
20220907,100000,246049.12,246104.23,246027.69,246035.52,15031237840
20220907,110000,246020.75,246020.75,245774.54,245774.54,24738627557
20220907,120000,245745.07,245745.07,245462.79,245462.79,23450654192
20220907,130000,245462.9,245462.92,245462.9,245462.92,6544332284
20220907,150000,245462.95,245462.95,245462.95,245462.95,3271956262
20220907,170000,245462.67,245462.67,245462.67,245462.67,3271956262
20220910,090000,245462.67,245525.75,243958.18,243958.18,9548747492
20220910,100000,243878.92,243878.92,243405.49,243405.49,24162761499
20220910,110000,243378.57,243378.57,242988.37,242988.37,33198543383
20220910,120000,242962.22,242962.22,242617.21,242617.22,34619954878
20220910,130000,242617.3,242617.8,242617.3,242617.8,11077704674
20220910,140000,242617.82,242617.86,242617.82,242617.86,7384730196
20220910,180000,242590.81,242590.81,242590.81,242590.81,3692365098
20220911,090000,242590.81,242729.53,242493.28,242550.51,4837025652
20220911,100000,242515.59,242537.06,242115.31,242115.31,15226796772
20220911,110000,242057.38,242057.38,241485.05,241485.05,26007773388
20220911,120000,241437.22,241437.22,241068.32,241068.32,26838351400
20220911,130000,241068.31,241068.72,241068.31,241068.72,13237287331
20220911,150000,241068.87,241068.87,241068.87,241068.87,3309090789
20220912,090000,241068.87,241231.79,241012.48,241202.4,4541070803
20220912,100000,241193.65,241193.65,240887.78,240887.78,13124914734
20220912,110000,240856.87,240856.87,240718.46,240720.32,23297275415
20220912,120000,240715.29,240758.03,240715.29,240744.27,32736862717
20220912,140000,240743.77,240743.77,240743.29,240743.62,10018064535
20220912,150000,240743.89,240744.13,240743.89,240744.13,6664380280
20220913,090000,240744.13,241363.2,240744.13,241363.2,5525229129
20220913,100000,241375.62,242021.83,241375.62,242021.83,19585316291
20220913,110000,242046.27,242286,242046.27,242286,32717521878
20220913,120000,242299.96,242403.77,242299.96,242403.74,27544081186
20220913,130000,242403.55,242403.55,242403.24,242403.45,14900487283
20220914,090000,242403.45,242927.68,242403.45,242894.12,6138805199
20220914,100000,242879.58,242879.58,242687.62,242687.62,17574612160
20220914,110000,242673.32,242673.32,242440.65,242440.65,26656305569
20220914,120000,242430.07,242430.07,242182.55,242182.64,22871229304
20220914,130000,242182.69,242182.69,242182.69,242182.69,3142882495
20220914,140000,242182.7,242182.7,242182.7,242182.7,3142832495
20220914,180000,242183.06,242183.06,242183.06,242183.06,3142825594
20220918,090000,242183.06,242417.58,241958.23,241958.23,4938856754
20220918,100000,241914.86,241914.86,241388.69,241388.69,14289414538
20220918,110000,241345.08,241345.08,240845.72,240845.72,25159796822
20220918,120000,240779.9,240779.9,240399.64,240399.67,25828057468
20220918,130000,240399.68,240399.68,240399.68,240399.68,3138053916
20220918,140000,240399.82,240399.82,240399.77,240399.77,6275254881
20220918,150000,240400.17,240400.58,240400.17,240400.58,9411674481
20220918,160000,240400.63,240400.63,240400.63,240400.63,3137218236
20220918,170000,240400.62,240400.62,240400.62,240400.62,3137217995
20220919,090000,240400.62,240474.22,240349.2,240409.31,4985627312
20220919,100000,240419.31,240419.31,240093.45,240093.45,13403545008
20220919,110000,240055.93,240055.93,239719.24,239719.24,22488168902
20220919,120000,239695.49,239695.49,239386.14,239386.14,29669009124
20220919,130000,239384.95,239384.95,239384.92,239384.92,5864958530
20220919,140000,239384.9,239384.9,239384.9,239384.9,2932375350
20220920,090000,239384.9,239527.71,239384.9,239417.99,4768977962
20220920,100000,239392.67,239392.67,238941.9,238941.9,13441793997
20220920,110000,238856.46,238856.46,238305.12,238305.12,23327622743
20220920,120000,238264.89,238264.89,238007.7,238007.7,23738602158
20220920,130000,238007.73,238007.73,238007.73,238007.73,2871205871
20220920,150000,238007.84,238007.84,238007.84,238007.84,2870983028
20220920,190000,237969.93,237969.93,237969.93,237969.93,2870983028
20220921,090000,237969.93,237969.93,237485.42,237485.42,5217857027
20220921,100000,237415.42,237415.42,237078.77,237078.77,14726370298
20220921,110000,237067.79,237072.03,236877.72,236877.72,23880974396
20220921,120000,236855.61,236855.61,236634.24,236634.66,21869641570
20220921,130000,236634.72,236634.76,236634.72,236634.76,9206437069
20220921,150000,236635.15,236635.15,236635.15,236635.15,3064290056
20220921,160000,236635.12,236635.12,236635.12,236635.12,3064290056
20220921,170000,236632.31,236632.31,236632.31,236632.31,3064290056
20220924,090000,236632.31,236632.31,233941.47,233941.47,9272316820
20220924,100000,233747.43,233747.43,232681.86,232681.86,24532760394
20220924,110000,232617.76,232617.76,231853.23,231853.23,34230399048
20220924,120000,231781.02,231781.02,231152.5,231152.5,30343562813
20220924,130000,231152.45,231152.45,231152.38,231152.38,8484602509
20220924,140000,231153.12,231153.31,231153.12,231153.31,12723049029
20220924,170000,231153.86,231154.11,231153.61,231153.61,12722981511
20220926,090000,231153.61,231427.75,230928.83,231427.75,7707330579
20220926,100000,231485.65,231776.66,231485.65,231776.66,18851513805
20220926,110000,231788.62,231907.05,231788.62,231907.05,27950096487
20220926,120000,231928.9,232059.49,231928.9,232059.49,26174634485
20220926,130000,232059.46,232059.46,232059.46,232059.46,3109309792
20220928,090000,232059.46,233318.15,232059.46,233318.15,6392133293
20220928,100000,233379.02,234161.47,233379.02,234161.47,20046308984
20220928,110000,234203.49,234626.05,234203.49,234626.05,29126276387
20220928,120000,234639.59,234730.62,234639.59,234730.62,21862493885
20220928,130000,234730.78,234730.78,234730.78,234730.78,3431098484
20220928,140000,234730.64,234730.64,234730.24,234730.24,10292806272
20220928,160000,234730.3,234730.56,234730.3,234730.56,10292632149
20221001,090000,234730.56,234730.56,233526.06,233526.06,9108714490
20221001,100000,233437.87,233437.87,232529.35,232529.35,23222317116
20221001,110000,232458.69,232458.69,231640.83,231640.83,35658153424
20221001,120000,231557.15,231557.15,230926.71,230926.71,32154412826
20221001,130000,230926.67,230926.77,230926.67,230926.77,8779899976
20221001,150000,230926.63,230926.63,230926.48,230926.48,8778043418
20221001,160000,230926.12,230926.12,230926.12,230926.12,4388547209
20221001,180000,230926.68,230926.68,230926.68,230926.68,4388547209
20221002,090000,230926.68,230926.68,229898.11,229898.11,7694266463
20221002,100000,229824.48,229824.48,229123.94,229123.94,20193570660
20221002,110000,229065.55,229065.55,228798.46,228798.46,31071793607
20221002,120000,228761.27,228761.27,228520.68,228520.79,28875898936
20221002,130000,228520.8,228520.84,228520.76,228520.76,10405557083
20221002,140000,228520.79,228520.92,228520.79,228520.92,6936420598
20221002,160000,228521.12,228521.35,228519.22,228519.22,13866064223
20221002,170000,228351.61,228351.61,228351.61,228351.61,3466361632
20221003,090000,228351.61,228663.26,228351.61,228663.26,4972676611
20221003,100000,228657.72,228657.72,228348.1,228348.1,15057119304
20221003,110000,228318.09,228318.09,227987.31,227987.31,23666177491
20221003,120000,227955.45,227955.45,227754.82,227754.82,21063993017
20221003,130000,227754.8,227754.8,227754.8,227754.8,2898644006
20221003,140000,227755.01,227755.01,227755.01,227755.01,2898387484
20221004,090000,227755.01,227771.79,227700.56,227700.56,3881537535
20221004,100000,227696.37,227696.37,227462.61,227462.61,11060006930
20221004,110000,227452.69,227452.69,227324.17,227335.49,18441321421
20221004,120000,227341.71,227343.78,227297.32,227297.76,20053751506
20221004,130000,227297.5,227297.5,227297.5,227297.5,2483727927
20221004,140000,227297.69,227297.69,227297.69,227297.69,2483590927
20221004,170000,227297.97,227298.04,227297.97,227298.04,4960044458
20221008,090000,227298.04,227929.42,227298.04,227929.42,7040317402
20221008,100000,227970.68,228184.35,227970.68,228184.35,16501592905
20221008,110000,228181.73,228197.89,228160.01,228160.01,23833315832
20221008,120000,228150.45,228150.45,228074.28,228074.35,21151375249
20221008,140000,228074.37,228074.52,228074.37,228074.52,5927223968
20221009,090000,228074.52,228074.52,226733.47,226733.47,8286041409
20221009,100000,226650.01,226650.01,225755.83,225755.83,21231492694
20221009,110000,225689.73,225689.73,225051.29,225051.29,31124876297
20221009,120000,225015.48,225015.48,224710.33,224710.96,30829039071
20221009,140000,224711.35,224711.35,224711.35,224711.35,3760512199
20221010,090000,224711.35,224889.03,224711.35,224786.56,4671626919
20221010,100000,224741.78,224741.78,224458.67,224458.67,14682626974
20221010,110000,224453.97,224483.47,224442.22,224480.3,23312273631
20221010,120000,224499.4,224520.21,224489,224519.92,27620985072
20221010,140000,224516.92,224516.92,224516.78,224516.79,15170361513
20221010,150000,224516.93,224517.01,224516.91,224517.01,9091573507
20221011,090000,224517.01,225590.05,224517.01,225590.05,6093168020
20221011,100000,225654.11,226066.54,225654.11,226066.54,15755995681
20221011,110000,226101.06,226329.29,226101.06,226329.29,25124189529
20221011,120000,226340.9,226432.63,226340.9,226432.56,29438752038
20221011,150000,226432.61,226434.51,226432.61,226434.51,22436956076
20221011,160000,226435.07,226441.14,226430.25,226430.25,38402444429
20221011,170000,226423.18,226423.18,226417.89,226417.89,6393930458
20221011,180000,226419.71,226419.71,226419.71,226419.71,3196965229
20221012,090000,226419.71,226884,226419.71,226884,6610111095
20221012,100000,226892.78,227039.18,226892.78,227039.18,16290062460
20221012,110000,227043.5,227138.3,227043.5,227138.3,23300900789
20221012,120000,227158.41,227251.17,227158.41,227251.17,20595591659
20221015,090000,227251.17,227432.64,227251.17,227424.31,5059646571
20221015,100000,227411.6,227411.6,227217.68,227217.68,14626316497
20221015,110000,227199.31,227199.31,227015.08,227015.08,22639217167
20221015,120000,226997.99,226997.99,226833.15,226833.66,22629170569
20221015,160000,226833.63,226833.63,226833.6,226833.6,5487867252
20221015,170000,226833.14,226833.14,226833.14,226833.14,2743933626
20221016,090000,226833.14,226877.17,226223.48,226223.48,6165127121
20221016,100000,226182.34,226182.34,225686.66,225686.66,18121793136
20221016,110000,225651.44,225651.44,225327.8,225327.8,27257955138
20221016,120000,225290.22,225290.22,225019.71,225020.96,26764344892
20221016,140000,225021.09,225021.09,225021.09,225021.09,3207076004
20221016,170000,225022.47,225022.47,225022.47,225022.47,3207076004
20221017,090000,225022.47,225039.78,224968.07,225039.78,3684248760
20221017,100000,225028.32,225034.24,224976.48,224977.16,11953677476
20221017,110000,224964.44,224964.44,224846.7,224847.42,19951010600
20221017,120000,224860.17,224860.17,224821.7,224821.72,19687377436
20221017,160000,224822.05,224826.31,224822.05,224826.31,5631053162
20221017,170000,224828.36,224829.82,224828.36,224829.82,8445211503
20221017,180000,224831.38,224831.38,224831.38,224831.38,2815070501
20221018,090000,224831.38,225552.06,224831.38,225552.06,3688885643
20221018,100000,225564.47,225851.25,225560.42,225851.25,10547601644
20221018,110000,225864.02,225937.43,225856.81,225856.81,20369024871
20221018,120000,225858.28,225860.45,225856.43,225860.36,18041248580
20221018,150000,225860.48,225860.54,225860.48,225860.54,4976719882
20221018,170000,225857.73,225857.73,225857.73,225857.73,2488357450
20221019,090000,225857.73,226276.18,225857.73,226276.18,3969989712
20221019,100000,226289.16,226309.54,226144.36,226189.23,10804281573
20221019,110000,226200.42,226260.09,226196.93,226260.09,16765475704
20221019,120000,226270.53,226271.28,226245.05,226246.82,16840257649
20221022,090000,226246.82,226654.68,226246.82,226654.68,4953233578
20221022,100000,226706.09,226763.94,226706.09,226721.97,13827841493
20221022,110000,226713.74,226713.74,226570.63,226570.63,20454694301
20221022,120000,226559.55,226559.55,226485.95,226486.03,17613840952
20221022,140000,226486.08,226486.14,226486.08,226486.14,4796786160
20221022,170000,226486.15,226486.15,226486.15,226486.15,2397785819
20221022,180000,226282.72,226282.72,226282.72,226282.72,2397785819
20221023,090000,226282.72,226489.23,226282.72,226342.62,5695172582
20221023,100000,226304.87,226304.87,226008.62,226008.62,16448761970
20221023,110000,226005.4,226005.4,225739.76,225739.76,25212617672
20221023,120000,225706.78,225706.78,225507.16,225507.19,22339403547
20221023,140000,225507.29,225507.48,225507.29,225507.48,6141626026
20221023,170000,225507.18,225507.19,225507.18,225507.19,6139477044
20221023,180000,225497.61,225497.61,225497.61,225497.61,3069738522
20221024,090000,225497.61,225543.71,224976.89,224976.89,4949695768
20221024,100000,224909.82,224909.82,224071.97,224071.97,14638955012
20221024,110000,224009.62,224009.62,223305.29,223305.29,27017696598
20221024,120000,223262.77,223262.77,222835.72,222835.72,28586113569
20221024,150000,222835.82,222835.88,222835.82,222835.88,6945968772
20221024,170000,222835.86,222835.86,222835.86,222835.86,3472981841
20221025,090000,222835.86,222835.86,222714.93,222714.93,5469909156
20221025,100000,222682.32,222682.32,222035.07,222035.07,15944474341
20221025,110000,221985.96,221985.96,221226.58,221226.58,26554955896
20221025,120000,221144.91,221144.91,220703.53,220703.53,27070712545
20221025,150000,220704.13,220704.13,220704.12,220704.12,6563204448
20221026,090000,220704.12,220704.12,219524.48,219524.48,5877517025
20221026,100000,219387.39,219387.39,217626.85,217626.85,22908073881
20221026,110000,217476.75,217476.75,216359.62,216359.62,41416737185
20221026,120000,216296.19,216296.19,215742.6,215742.6,34923436973
20221026,140000,215742.67,215742.7,215742.67,215742.7,9436503004
20221026,150000,215742.74,215742.78,215742.74,215742.78,9425133875
20221026,180000,215744.64,215744.64,215744.64,215744.64,4712224520
20221029,090000,215744.64,215894.05,215652.72,215652.72,11341063933
20221029,100000,215609.12,215609.12,215016.55,215016.55,28166012290
20221029,110000,214975.84,214975.84,214301.59,214301.59,39359911433
20221029,120000,214227.35,214227.35,213823.12,213823.58,46320756537
20221029,130000,213823.97,213824.05,213823.97,213824.05,8853501963
20221029,150000,213824.14,213824.14,213822.47,213822.47,13259351665
20221029,160000,213821.95,213822.16,213821.94,213822.16,26421339195
20221030,090000,213822.16,213822.16,212986.21,212986.21,8253735882
20221030,100000,212948.06,212948.06,212646.79,212646.79,20875614164
20221030,110000,212625.9,212625.9,212580.84,212590.84,31240267852
20221030,120000,212597.71,212688.17,212597.71,212688.17,25957627406
20221030,140000,212688.46,212688.55,212688.46,212688.55,7136265900
20221031,090000,212688.55,213717.2,212688.55,213717.2,5284250544
20221031,100000,213774.05,214373.04,213774.05,214373.04,14390304455
20221031,110000,214410.42,214980.32,214410.42,214980.32,22921256154
20221031,120000,215022.57,215419.8,215022.57,215419.8,26557666023
20221101,090000,215419.79,217063.69,215419.79,217063.69,9143732917
20221101,100000,217137.61,217584.82,217137.61,217584.82,23962324716
20221101,110000,217605.63,217755.1,217605.63,217755.1,35088760955
20221101,120000,217786.38,217953.44,217786.38,217953.44,28356097956
20221101,140000,217953.38,217953.38,217953.38,217953.38,3810004980
20221101,170000,217953.51,217953.51,217953.51,217953.51,3809854928
20221102,090000,217953.51,217998.55,217741.71,217750.4,6697623762
20221102,100000,217730.56,217822.65,217682.59,217822.65,19016264194
20221102,110000,217833.45,218137.68,217833.45,218137.68,29668462664
20221102,120000,218161.69,218365.32,218161.69,218365.3,29062997631
20221102,130000,218365.23,218365.23,218365.23,218365.23,3509435181
20221102,160000,218365.63,218365.63,218365.26,218365.28,10527352437
20221105,090000,218365.28,220270.61,218365.28,220270.61,9666748131
20221105,100000,220558.02,222584.24,220558.02,222584.24,36603437449
20221105,110000,222680.99,223517.7,222680.99,223517.7,56690037116
20221105,120000,223551.79,223759.09,223551.79,223759.04,46218874249
20221105,140000,223759.06,223759.06,223759.06,223759.06,6205190527
20221105,180000,223658.2,223658.2,223658.2,223658.2,6205190527
20221106,090000,223658.2,224623.5,223658.2,224623.5,11012515527
20221106,100000,224702.88,225697.94,224702.88,225697.94,31713719808
20221106,110000,225755.07,226170.41,225755.07,226170.41,45304052014
20221106,120000,226235.11,226688.9,226235.11,226688.66,47658545559
20221106,170000,226688.58,226688.58,226688.58,226688.58,5752453356
20221106,180000,226587.73,226587.73,226587.73,226587.73,5752446089
20221107,090000,226587.73,229949.83,226587.73,229949.83,17971595959
20221107,100000,230212.31,232442.59,230212.31,232442.59,49874493039
20221107,110000,232563.9,233893.45,232563.9,233893.45,74856354102
20221107,120000,233979.58,234490.15,233979.58,234489.87,68425482900
20221107,150000,234489.88,234489.96,234489.88,234489.96,39577095005
20221107,160000,234489.98,234490.1,234489.59,234489.59,47493920601
20221107,170000,234490.18,234490.19,234490.18,234490.19,15829347173
20221108,090000,234490.19,237525.96,234490.19,237240.86,38124257020
20221108,100000,237241.43,237241.43,237167.08,237167.08,83489082886
20221108,110000,237163.57,237163.57,236670.51,236670.51,105888578523
20221108,120000,236612.39,236612.39,236339.67,236339.75,96585520564
20221108,130000,236339.54,236339.54,236339.54,236339.54,11293058346
20221108,150000,236340.23,236340.23,236332.68,236333.47,67744723149
20221108,160000,236333.45,236333.47,236333.45,236333.47,22577445552
20221108,170000,236333.3,236333.3,236333.3,236333.3,11288502166
20221109,090000,236333.3,236333.3,235811.74,235839.32,16794662508
20221109,100000,235674.14,235917.53,235456.72,235917.53,46661868870
20221109,110000,236022.51,236806.64,236022.51,236806.64,76825519683
20221109,120000,236848.13,237148.3,236848.13,237148.24,70750618055
20221109,130000,237148.04,237148.04,237148.04,237148.04,8354983280
20221109,140000,237148.01,237149.01,237148.01,237149.01,41754039456
20221109,170000,237148.91,237148.91,237148.91,237148.91,8349595881
20221109,180000,237149.46,237149.46,237149.46,237149.46,8349595881
20221112,090000,237149.46,239032.64,237149.46,239032.64,14969482795
20221112,100000,239253.14,239666.15,239253.14,239666.15,38673687655
20221112,110000,239673.3,239733.37,239673.3,239706.73,56458710375
20221112,120000,239712.87,239741.5,239712.87,239737.74,46895965731
20221112,170000,239737.73,239737.73,239737.73,239737.73,6303846352
20221112,180000,239693.55,239693.55,239693.55,239693.55,6303846352
20221113,090000,239693.55,239828.37,239647.59,239669.06,12550951938
20221113,100000,239686.24,240023.48,239686.24,240023.48,34919512148
20221113,110000,240012.62,240012.62,239813.88,239813.88,51039973823
20221113,120000,239779.81,239779.81,239645.3,239645.3,44063985422
20221113,140000,239645.36,239645.36,239645.36,239645.36,5984533225
20221113,150000,239645.23,239645.23,239644.63,239644.81,65218803668
20221113,160000,239644.87,239644.9,239644.87,239644.9,11778208362
20221113,180000,239616.97,239616.97,239616.97,239616.97,5889104181
20221114,090000,239616.97,239818.87,239268.98,239268.98,9682561898
20221114,100000,239188.23,239188.23,238164.64,238164.64,29754377411
20221114,110000,238133.26,238133.26,237957.13,237957.13,44702161095
20221114,120000,237966.46,237966.46,237821.71,237821.71,37102192537
20221114,160000,237822.44,237822.44,237822.2,237822.22,20273663531
20221115,090000,237822.22,238457.13,237822.22,238457.13,8860506808
20221115,100000,238486.65,238575.42,238486.65,238515.6,23181945483
20221115,110000,238516.88,238520.54,238460.03,238460.03,34764907296
20221115,120000,238452.6,238452.6,238408.27,238420.73,33972984028
20221115,140000,238420.08,238420.21,238420.08,238420.21,8116693744
20221115,150000,238420.41,238422.78,238420.41,238422.78,48605994338
20221115,160000,238422.87,238423.55,238422.87,238423.55,20246848415
20221115,180000,238390.52,238390.52,238390.52,238390.52,4049050227
20221116,090000,238390.52,238524.5,238390.52,238524.5,6114163480
20221116,100000,238541.28,239023.72,238541.28,239023.72,19856879207
20221116,110000,239054.06,239308.74,239054.06,239308.74,32588273059
20221116,120000,239326.3,239404.83,239326.3,239404.83,29834977231
20221116,130000,239404.93,239404.93,239404.93,239404.93,4107452084
20221116,140000,239402.77,239402.77,239402.77,239402.77,4106553822
20221116,170000,239402.79,239402.79,239402.79,239402.79,4106520700
20221119,090000,239402.79,239638.97,238395.3,238395.3,12560981596
20221119,100000,238260.84,238260.84,237683.33,237683.33,34965870285
20221119,110000,237661.28,237661.28,237481.69,237481.69,46266662019
20221119,120000,237453.86,237453.86,237309.04,237310.09,38581492344
20221119,140000,237312.24,237312.31,237312.24,237312.31,10671453184
20221119,150000,237312.72,237312.72,237312.72,237312.72,5335726592
20221119,170000,237310.24,237310.24,237040.46,237040.46,21232882784
20221120,090000,237040.46,239040.24,237040.46,239040.24,19091454790
20221120,100000,239079.05,239490.55,239079.05,239490.55,35491749895
20221120,110000,239549,239863.69,239549,239863.69,50429373640
20221120,120000,239864.93,239957.02,239864.93,239957.02,43156921733
20221120,160000,239956.74,239956.74,239956.74,239956.74,5729570568
20221121,090000,239956.74,240490.77,239956.74,240490.77,21726602003
20221121,100000,240541.51,240967.64,240541.51,240967.64,47432919015
20221121,110000,240982.74,241028.64,240982.74,241013.24,65733002963
20221121,120000,241014.43,241022.72,240960.36,240960.6,66886693519
20221121,130000,240960.75,240961.05,240960.75,240961.04,42252684391
20221121,140000,240961.03,240961.11,240961.02,240961.11,48945525780
20221121,150000,240961.1,240961.19,240961.09,240961.18,34831066346
20221121,160000,240961.17,240961.17,240961.09,240961.09,62618766714
20221121,170000,240961.08,240961.08,240941.02,240941.02,83491688952
20221121,180000,240937.32,240937.32,240918.98,240918.99,48502550652
20221122,090000,240918.99,241134.71,240918.99,241134.71,8780459026
20221122,100000,241167.13,241289.38,241167.13,241266.22,21786001023
20221122,110000,241290.44,241407.09,241278.51,241407.09,38883990921
20221122,120000,241435.19,241523.67,241435.19,241523.61,48392362359
20221122,140000,241523.5,241523.5,241523.5,241523.5,5825846203
20221122,150000,241523.49,241523.49,241523.49,241523.49,5825842203
20221122,180000,241515.76,241515.76,241515.76,241515.76,5825842203
20221123,090000,241515.76,242257.06,241515.76,242257.06,12588629965
20221123,100000,242339.08,242699.75,242339.08,242699.75,30089394674
20221123,110000,242694.18,242728.64,242656.63,242656.63,43835081286
20221123,120000,242660.05,242663.28,242597.88,242597.94,42696976471
20221126,090000,242597.94,243412.55,242597.94,243412.55,17740022421
20221126,100000,243414.16,243422.77,243347.14,243347.14,35416848030
20221126,110000,243336.62,243336.62,243248.67,243248.67,47558663533
20221126,120000,243238.37,243238.37,243073.92,243073.92,38778382977
20221126,190000,243074.18,243074.18,243074.18,243074.18,5213994431
20221127,090000,243074.18,243263.86,243074.18,243224.17,9340352671
20221127,100000,243253.92,243313.88,243253.92,243313.88,24623324663
20221127,110000,243327.04,243380.19,243327.04,243361.81,37701927539
20221127,120000,243365.77,243395.59,243351.15,243395.59,36023501138
20221127,140000,243395.58,243396.29,243395.58,243396.27,30142487275
20221127,170000,243397.2,243397.2,243397.2,243397.2,5023683573
20221128,090000,243397.2,243980.87,243397.2,243980.87,8699688963
20221128,100000,243988.14,243988.94,243961.8,243961.8,22862615450
20221128,110000,243962.24,244084.65,243962.24,244072.56,38431098824
20221128,120000,244067.6,244067.6,244016.94,244016.94,31000829019
20221129,090000,244016.94,244700.59,244016.94,244700.59,7767022328
20221129,100000,244763.25,245318.48,244763.25,245318.48,25903497409
20221129,110000,245359.83,245694.08,245359.83,245694.08,40606762350
20221129,120000,245705.56,245785.14,245705.56,245785.14,45587099794
20221129,150000,245784.59,245784.77,245784.59,245784.77,9836144886
20221130,090000,245784.77,246373.03,245784.77,246373.03,7797824488
20221130,100000,246417.93,246518.43,246361.94,246361.94,21247046914
20221130,110000,246372.26,246372.26,246247.21,246247.21,32039357642
20221130,120000,246230.75,246230.75,246060.12,246060.48,28233782556
20221203,090000,246060.48,246321.76,246060.48,246321.76,6699102490
20221203,100000,246337.27,246355.87,246274.62,246274.62,19800352932
20221203,110000,246250.26,246250.26,246114.3,246114.3,31902607092
20221203,120000,246095.04,246095.04,246002.74,246002.74,29503760359
20221203,140000,246002.88,246002.88,246002.88,246002.88,4059188164
20221204,090000,245974.25,246816.03,245974.25,246816.03,9471540374
20221204,100000,246830.16,246861.52,246760.88,246760.88,28268072139
20221204,110000,246756.99,246756.99,246669.12,246669.12,43010026427
20221204,120000,246663.54,246663.54,246622.85,246626.26,39113029316
20221204,140000,246625.94,246625.94,246615.55,246615.55,16075859899
20221204,150000,246612.94,246612.94,246612.94,246612.94,5357446033
20221204,180000,246557.71,246557.71,246557.71,246557.71,5357446033
20221205,090000,246557.71,247094.87,246557.71,247091.25,8804860090
20221205,100000,247054.88,247054.88,246913.09,246969.85,26314787651
20221205,110000,246966.72,246966.72,246873.57,246888.98,37277122641
20221205,120000,246889.09,246889.09,246845.3,246845.32,32792234131
20221205,150000,246845.39,246845.49,246845.39,246845.49,9022965238
20221206,090000,246845.49,247309.68,246845.49,247309.68,7558808526
20221206,100000,247339.38,247611.92,247339.38,247601.29,22492099628
20221206,110000,247614.07,247798.04,247614.07,247798.04,42317510730
20221206,120000,247795.92,247812.79,247789.98,247807.79,36758160269
20221206,160000,247807.87,247807.87,247807.87,247807.87,4960380527
20221207,090000,247807.87,248869.85,247807.87,248850.75,22341903274
20221207,100000,248847.26,248898.44,248808.77,248808.77,49288074970
20221207,110000,248787.73,248787.73,248527.41,248527.41,66757217492
20221207,120000,248506.8,248506.8,248340.15,248340.15,53956188128
20221207,130000,248340.17,248340.17,248340.17,248340.17,7208718613
20221207,140000,248340.37,248340.42,248340.37,248340.42,14417187226
20221207,150000,248340.4,248340.4,248340.4,248340.4,7208412246
20221207,170000,248340.45,248340.45,248340.45,248340.45,7208061842
20221210,090000,248340.45,248483.36,247457,247457,13137271929
20221210,100000,247367.64,247367.64,246863.76,246863.76,32914636524
20221210,110000,246816.79,246816.79,246137.29,246137.29,52522499550
20221210,120000,246094.89,246094.89,245807.05,245807.05,45858726220
20221210,140000,245807.36,245807.44,245807.36,245807.44,12306920392
20221210,150000,245807.38,245807.38,245807.38,245807.38,6153460196
20221210,180000,245745.62,245745.62,245745.62,245745.62,6153460196
20221211,090000,245745.62,246042.48,245676.93,246042.48,13832749414
20221211,100000,246074.95,246372.42,246074.95,246372.42,33612935517
20221211,110000,246395.24,246595.75,246395.24,246595.75,51964656651
20221211,120000,246593.15,246612.35,246576.32,246590.43,43103290203
20221211,160000,246590.69,246590.69,246590.66,246590.66,17293255377
20221212,090000,246587.78,248069.5,246587.78,248069.5,10206268511
20221212,100000,248193.87,249433.77,248193.87,249433.77,37404070971
20221212,110000,249505.12,249958.97,249505.12,249958.97,62797656848
20221212,120000,250005.59,250250.9,250005.59,250250.85,69374442821
20221212,140000,250250.82,250250.82,250243.9,250243.9,37116547556
20221212,150000,250243.35,250243.35,250242.02,250242.02,37101752937
20221212,170000,250242.18,250242.18,250242.18,250242.18,7420336949
20221213,090000,250242.18,253897.32,250242.18,253897.32,17538668930
20221213,100000,254095.55,255502.23,254095.55,255502.23,59393319580
20221213,110000,255545.89,255852.95,255545.89,255852.95,83128629847
20221213,120000,255857.56,256040.72,255857.56,256040.72,76519831386
20221213,170000,256040.86,256040.86,256040.16,256040.16,36097493451
20221213,190000,256018.4,256018.4,256018.4,256018.4,9024345669
20221214,090000,256018.4,257905.61,256018.4,257905.61,14295989036
20221214,100000,257967.86,258337.24,257967.86,258335.95,40143174115
20221214,110000,258342.41,258384.23,258255.13,258255.13,57830282178
20221214,120000,258240.8,258256.71,258206.08,258206.08,47415649854
20221214,140000,258206.09,258206.09,258206.09,258206.09,6401623997
20221214,170000,258206.07,258206.07,258206.07,258206.07,6401465487
20221217,090000,258206.07,259156.78,258206.07,259153.96,11565724809
20221217,100000,259168.51,259445.52,259168.51,259445.52,30919135153
20221217,110000,259458.12,259719.01,259458.12,259719.01,49307879151
20221217,120000,259733.68,259821.84,259733.68,259821.84,42905176385
20221217,150000,259821.93,259822.08,259821.93,259822.08,11665190842
20221217,170000,259822.3,259822.32,259822.3,259822.32,11664816594
20221218,090000,259822.32,263280.58,259822.32,263280.58,17168738682
20221218,100000,263427.19,264155.89,263427.19,264155.89,46461243478
20221218,110000,264180.31,264314.88,264180.31,264302.86,69313136534
20221218,120000,264316.4,264316.82,264276.85,264276.85,67321690463
20221218,160000,264276.87,264276.87,264276.87,264276.87,8079761479
20221219,090000,264276.87,264580.62,264276.87,264480.72,15143588043
20221219,100000,264500.22,264766.23,264500.22,264766.23,41408384547
20221219,110000,264765.2,264828.43,264219.64,264219.64,75488408896
20221219,120000,264163.29,264163.29,263886.16,263886.16,69723781330
20221219,140000,263886.06,263886.06,263886.05,263886.05,18852617578
20221219,180000,263886.01,263886.01,263886.01,263886.01,9426158789
20221220,090000,263886.01,264208.18,263756.4,263756.4,10363787901
20221220,100000,263774.9,263775.11,263603.11,263603.11,30295097768
20221220,110000,263568.63,263568.63,263365.04,263365.04,49434296007
20221220,120000,263333.33,263346.37,263305.85,263346.37,48346099147
20221220,140000,263346.25,263346.25,263346.25,263346.25,6776826112
20221220,170000,263346.28,263346.3,263346.28,263346.3,13553350538
20221221,090000,263346.3,264619.89,263346.3,264619.89,10875574696
20221221,100000,264681.84,265287.43,264681.84,265287.43,32691743217
20221221,110000,265318.62,265385.59,265310.33,265379.75,53059456842
20221221,120000,265377.76,265388.31,265323.82,265323.96,45494685940
20221221,160000,265323.88,265324.19,265323.88,265324.19,12370886874
20221221,170000,265324.27,265324.27,265324.27,265324.27,6185140338
20221224,090000,265324.27,268829.55,265324.27,268829.55,19627241611
20221224,100000,268962.16,269959.99,268962.16,269959.99,46589663217
20221224,110000,270005.47,270824.49,270005.47,270824.49,75365743123
20221224,120000,270934.42,271606.12,270934.42,271606.12,74335547340
20221224,180000,271603.31,271603.31,271603.31,271603.31,10103385881
20221225,090000,271603.31,274332.69,271603.31,274332.69,21854101251
20221225,100000,274427.27,275136.48,274427.27,275136.48,65775375564
20221225,110000,275198.32,275446.66,275198.32,275444.79,97602161118
20221225,120000,275454.37,275469.08,275450.85,275460.01,80874822659
20221225,130000,275460.03,275460.03,275460.03,275460.03,10777980592
20221225,150000,275460.09,275460.09,275460.09,275460.09,10777686938
20221225,170000,275460.26,275460.26,275460.26,275460.26,10776895540
20221225,190000,275447.71,275447.71,275447.71,275447.71,10776895540
20221226,090000,275447.71,276093.91,275447.71,276093.91,16985510861
20221226,100000,276186.71,277055.33,276186.71,277055.33,51865583792
20221226,110000,277164.61,277619.12,277164.61,277619.12,79748094473
20221226,120000,277836.97,278063.69,277836.97,278007.76,79376530653
20221226,140000,278007.77,278007.82,278007.77,278007.82,18893379812
20221228,090000,278007.82,284200.21,278007.82,284200.21,38488858685
20221228,100000,284362.39,285223.01,284362.39,285223.01,90185115499
20221228,110000,285307.55,285901.91,285307.55,285901.91,127498339016
20221228,120000,285968.05,286119.04,285968.05,286119.04,112002021695
20221228,170000,286119.05,286119.05,286119.05,286119.05,15175184517
20221231,090000,286119.05,286119.05,279244.21,279244.21,47489992571
20221231,100000,279146.89,279146.89,279084.17,279135.92,100953311236
20221231,110000,279154.42,279314.92,279154.42,279309.7,127036840307
20221231,120000,279308.18,279318.58,279169.89,279169.89,100307400778
20221231,130000,279169.91,279169.91,279169.91,279169.91,13499574614
20221231,170000,279169.9,279169.9,279169.9,279169.9,0
20230101,090000,279169.9,280740.64,279169.9,280103.37,27203224302
20230101,100000,279884.26,279884.26,277937.09,277937.09,66188115916
20230101,110000,277827.54,277827.54,276728.11,276728.11,95479924510
20230101,120000,276657.39,276657.39,276412.92,276412.92,79925631816
20230101,140000,276412.89,276413.08,276412.89,276413.01,64110311231
20230101,150000,276412.16,276412.16,276410.74,276410.74,21363111462
20230101,160000,276410.75,276410.75,276410.75,276410.75,10681553690
20230102,090000,276410.75,280246.98,276410.75,280246.98,25712265330
20230102,100000,280373.23,281258.12,280373.23,281258.12,67192128559
20230102,110000,281272.52,281459.66,281272.52,281459.66,90056187590
20230102,120000,281469.12,281627.96,281469.12,281627.96,71614255547
20230102,150000,281628.08,281628.08,281628.08,281628.08,9614091360
20230102,170000,281627.54,281627.54,281627.54,281627.54,9614056360
20230103,090000,281627.54,284804.35,281627.54,284804.35,33586511420
20230103,100000,284832.69,285093.58,284131.98,284131.98,95189858366
20230103,110000,284001.1,284001.1,283538.36,283538.36,134995388755
20230103,120000,283504.32,283504.32,282985.51,282985.52,123210823539
20230103,150000,282985.48,282985.48,282985.32,282985.32,29096501012
20230103,160000,282985.3,282985.35,282985.16,282985.16,43641122595
20230103,180000,282898.88,282898.88,282898.88,282898.88,14545269147
20230104,090000,282898.88,282898.88,281826.3,281852.44,17871245747
20230104,100000,281859.84,281900.75,281807.89,281807.89,54065079325
20230104,110000,281776.94,281776.94,281557.56,281561.85,77798679726
20230104,120000,281558.55,281579.24,281538.03,281579.22,68982533449
20230104,150000,281579.21,281579.21,281578.84,281578.84,18921374920
20230104,180000,281579.46,281579.46,281579.46,281579.46,9460687460
20230107,090000,281579.46,285885.21,281579.46,285885.21,34308697334
20230107,100000,285998.04,286695.75,285998.04,286695.75,77687249381
20230107,110000,286700.94,286735.61,286663.6,286735.61,113261140268
20230107,120000,286735.23,286890.15,286735.23,286890.15,95767828992
20230107,130000,286890.08,286890.08,286890.08,286890.08,13160895044
20230107,150000,286890.1,286890.1,286890.1,286890.1,13160395820
20230108,090000,286890.1,291809.87,286890.1,291809.87,45223567465
20230108,100000,292048.48,292928.7,292048.48,292928.7,105104653050
20230108,110000,292919.89,293020.64,292919.89,293020.64,145585866168
20230108,120000,293021.49,293031.13,293017.38,293028.08,115746775233
20230108,150000,293028.1,293028.1,293028.1,293028.1,15531950417
20230109,090000,293028.1,294418.37,293028.1,294000.22,38436949137
20230109,100000,293941.1,294214.21,293875.7,294214.21,84253698235
20230109,110000,294300.68,295028.41,294300.68,295028.41,130526970486
20230109,120000,295086.4,295385.81,295086.4,295385.81,120871729674
20230109,140000,295385.79,295385.79,295385.75,295385.75,33273386118
20230109,170000,295385.74,295385.74,295385.66,295385.66,49903316549
20230109,180000,295379.68,295379.68,295379.68,295379.68,16634422183
20230110,090000,295379.68,300085.28,295379.68,300085.28,32733162062
20230110,100000,300179.93,300547.84,300179.93,300324.35,85939936141
20230110,110000,300248.15,300248.15,299838.09,299838.09,134411128954
20230110,120000,299819.81,299819.81,299685.68,299685.69,107959331152
20230110,140000,299685.53,299685.53,299685.35,299685.35,28738397482
20230110,160000,299685.34,299685.34,299685.34,299685.34,14354098741
20230110,190000,299685.24,299685.26,299685.24,299685.26,28707923310
20230111,090000,299685.26,300064.53,299509.77,300064.53,24981027055
20230111,100000,300157.69,301056.87,300157.69,301056.87,62458636075
20230111,110000,301060.98,301060.98,300634.29,300634.29,107901944181
20230111,120000,300570.88,300570.88,300023.65,300023.69,100150836285
20230111,140000,300023.73,300023.73,300023.73,300023.73,13604033752
20230111,160000,300023.61,300023.61,300023.6,300023.6,27202902264
20230111,170000,300023.57,300023.57,300023.57,300023.57,13601418544
20230114,090000,300023.57,300023.57,296942.84,297305.58,29427615445
20230114,100000,297456.08,298753.92,297456.08,298753.92,59643795476
20230114,110000,298898.48,299845.67,298898.48,299845.67,84428972615
20230114,120000,299905.31,300440.5,299905.31,300440.5,69703784950
20230114,150000,300440.52,300440.52,300440.26,300440.26,28100105736
20230114,180000,300433.65,300433.65,300433.65,300433.65,9365583644
20230116,090000,300433.65,307533.42,300433.65,307533.42,25102481305
20230116,100000,307721.41,308362.95,307721.41,308362.95,60482990483
20230116,110000,308425.48,309128.83,308425.48,309128.83,100387370406
20230116,120000,309292.65,309655.39,309292.65,309655.39,91869012343
20230116,130000,309645.51,309645.51,309613.07,309613.07,24673910991
20230116,140000,309613.04,309613.04,309613.04,309613.04,12335990480
20230116,150000,309613.05,309613.05,309613.05,309613.05,12333147256
20230116,170000,309613,309613,309613,309613,12333059025
20230116,180000,309566.74,309566.74,309566.74,309566.74,12333059025
20230117,090000,309566.74,312499.12,309566.74,311998.93,26609042584
20230117,100000,312033.63,312567.3,312033.63,312449.51,76983813279
20230117,110000,312373.4,312373.4,311810.9,311937.14,124467980145
20230117,120000,311903.56,311903.56,311539.32,311539.32,101853183246
20230117,140000,311539.36,311539.69,311539.36,311539.63,40972801963
20230117,170000,311539.62,311539.62,311539.62,311539.62,13657462900
20230117,190000,311482.78,311482.78,311482.78,311482.78,13657462900
20230118,090000,311482.78,312623.76,311482.78,312623.76,23560607346
20230118,100000,312970.5,313162.35,312955.43,313000.71,67607259335
20230118,110000,312975.51,313006.1,312805.76,312838.28,103319368529
20230118,120000,312864.18,312993.53,312864.18,312993.13,91306510271
20230118,130000,312993.17,312993.19,312993.17,312993.19,24359415984
20230118,180000,312898.33,312898.33,312898.33,312898.33,12179698825
20230121,090000,312898.33,314326.66,312710.58,312710.58,28411788919
20230121,100000,312639.13,312639.13,312039.24,312039.24,69470547918
20230121,110000,311994.02,311994.02,310874.07,310874.07,114772715430
20230121,120000,310786.76,310786.76,310374,310374,100477366590
20230121,140000,310373.98,310373.98,310373.89,310373.9,67273686240
20230121,150000,310374.17,310374.17,310374.17,310374.17,13453915518
20230121,180000,310374.05,310374.05,310185.53,310185.53,26907561036
20230122,090000,310185.53,311824.79,310185.53,310292.25,24125023417
20230122,100000,309923.25,309923.25,308243.18,308243.18,68439369953
20230122,110000,308219.55,308596.51,308202.83,308596.51,96213678432
20230122,120000,308640.6,308986.91,308640.6,308986.16,90037027186
20230122,140000,308986.26,308986.35,308986.26,308986.29,31737548005
20230122,170000,308985.86,308985.86,308985.71,308985.71,31732232514
20230123,090000,308985.71,312958.73,308985.71,312958.73,20359933832
20230123,100000,312992.42,313033.44,312523.01,312533.37,56053534726
20230123,110000,312530.39,312538.92,310964.55,310964.55,105895246779
20230123,120000,310913.02,310913.02,310627.9,310628,95439666758
20230123,140000,310627.94,310627.94,310627.84,310627.87,50305115476
20230123,150000,310627.89,310627.89,310627.89,310627.89,12576057529
20230123,170000,310627.93,310628.24,310627.93,310628.24,25150645612
20230124,090000,310628.24,311435.13,310628.24,311435.13,18110738631
20230124,100000,311434.52,311434.52,311107.78,311107.78,43440682613
20230124,110000,311054.14,311054.14,310747.16,310747.16,63204609191
20230124,120000,310720.2,310802.26,310720.2,310802.24,62968861258
20230124,140000,310802.21,310802.21,310802.2,310802.2,15071570484
20230124,150000,310801.97,310801.97,310801.97,310801.97,7535743243
20230124,170000,310801.68,310801.68,310801.66,310801.66,22589289729
20230125,090000,310801.66,311961.11,309697.31,309697.31,20469542513
20230125,100000,309304.21,309304.21,305490.51,305490.51,67477691202
20230125,110000,305353.27,305353.27,304872.62,304872.62,104146370384
20230125,120000,304766.23,304766.23,304560.89,304560.89,84194506102
20230125,140000,304560.77,304560.77,304560.77,304560.77,11493804898
20230125,150000,304560.65,304560.71,304560.62,304560.62,34480696704
20230125,160000,304560.67,304560.67,304560.67,304560.67,11493363962
20230128,090000,304560.67,304560.67,300299.4,300299.4,31249023931
20230128,100000,300239.94,300307.03,300169.54,300278.38,65866031230
20230128,110000,300264.57,300264.57,299920.48,299920.48,86175667140
20230128,120000,299886.54,299886.54,299633.79,299633.79,69996114966
20230128,150000,299634.19,299634.19,299634.19,299634.19,9403584522
20230129,090000,299634.19,299634.19,291119.38,291119.38,26325491215
20230129,100000,290792.14,290792.14,288694.04,288694.04,69368156697
20230129,110000,288649.1,288649.1,288088.83,288088.83,96897948720
20230129,120000,288052.58,288052.58,288000.3,288008.81,82861528290
20230129,140000,288009.99,288009.99,288009.99,288009.99,11036397224
20230129,160000,288010.05,288010.05,288010.05,288010.05,11036302224
20230129,170000,288010.06,288010.08,288010.06,288010.08,22071782920
20230130,090000,288010.08,288010.08,285129.98,285129.98,20825250955
20230130,100000,284841.55,284841.55,283837.53,283899.98,59116655410
20230130,110000,283905.92,284574.44,283905.92,284574.44,81333229628
20230130,120000,284650.76,285037.86,284650.76,285037.82,76436571093
20230130,160000,285037.81,285037.96,285037.8,285037.96,35908698729
20230130,170000,285037.69,285037.73,285036.88,285036.88,35905244924
20230131,090000,285036.88,288907.09,285036.88,288907.09,13039501628
20230131,100000,288981.96,289230.96,288800.86,288800.86,37916629976
20230131,110000,288766.58,288819.72,288723.29,288734.88,65058456512
20230131,120000,288719.39,288841.6,288698.93,288841.6,63677289667
20230131,140000,288841.39,288841.39,288841.39,288841.39,7918060480
20230131,150000,288841.57,288841.69,288841.57,288841.69,15835913642
20230131,200000,288751.82,288751.82,288751.82,288751.82,7917678228
20230201,090000,288751.82,289505.19,288751.82,289090.66,14541998711
20230201,100000,289065.26,289396.12,289065.26,289396.12,34498987400
20230201,110000,289418.14,289573.73,289418.14,289573.73,49449592221
20230201,120000,289619.39,289668.64,289619.39,289639.77,49537308846
20230201,140000,289640.49,289652.69,289640.49,289652.69,18121690431
20230201,150000,289652.87,289652.91,289652.85,289652.86,24154609960
20230205,090000,289652.86,289700.95,288170.05,288170.05,10529962642
20230205,100000,288106.6,288106.6,287834.63,287903.52,30221826811
20230205,110000,287831.5,287831.5,286087.79,286087.79,60402398866
20230205,120000,285955.56,285955.56,285253.64,285253.64,78225173662
20230205,140000,285253.62,285253.62,285253.37,285253.37,22533919966
20230205,150000,285254.19,285262.9,285254.19,285262.9,22506741445
20230205,160000,285262.91,285262.91,285262.91,285262.91,7500863445
20230205,180000,285158.26,285158.26,285158.26,285158.26,7500863445
20230206,090000,285158.26,285158.26,282286.38,282286.38,12779602099
20230206,100000,282316.33,282723.98,282316.33,282723.98,34473656856
20230206,110000,282759.45,282882.59,282759.45,282840.78,53879570585
20230206,120000,282841.66,282841.66,282808.75,282832.48,53252232897
20230206,140000,282832.46,282832.46,282832.22,282832.22,12700688044
20230206,150000,282831.73,282831.84,282831.73,282831.84,19047309666
20230206,160000,282831.83,282831.83,282831.83,282831.83,6349085472
20230206,180000,282777.05,282777.05,282777.05,282777.05,6347984043
20230207,090000,282777.05,286262.9,282777.05,286262.9,13008821042
20230207,100000,286349.74,287128.92,286349.74,287128.92,34378327717
20230207,110000,287152.73,287385.96,287152.73,287385.96,50068369125
20230207,120000,287411.98,287651.89,287411.98,287651.89,42074278312
20230207,130000,287651.78,287651.82,287651.78,287651.82,11662350686
20230207,160000,287652.09,287655.74,287652.09,287655.74,11656157478
20230207,200000,287648.99,287648.99,287648.99,287648.99,5826571862
20230208,090000,287648.99,288795.18,287648.99,288795.18,12970502525
20230208,100000,288814.76,288814.76,288775.22,288775.22,29581965290
20230208,110000,288769.24,288799.23,288619.3,288619.3,43077962095
20230208,120000,288589.55,288589.55,288300.48,288300.48,36958893111
20230208,130000,288300.49,288300.49,288300.4,288300.4,10053565256
20230208,140000,288300.14,288300.14,288300.14,288300.14,5026161562
20230212,090000,288300.14,288345.42,287130.18,287130.18,6497997951
20230212,100000,286955.23,286955.23,286086.89,286086.89,19353200445
20230212,110000,286017.13,286017.13,285775.62,285775.62,30192116096
20230212,120000,285781.93,285781.93,285500.94,285501.01,35203504862
20230212,140000,285501.05,285501.28,285501.02,285501.28,15405543306
20230212,160000,285502.13,285502.13,285502.13,285502.13,3851031411
20230212,170000,285264.92,285264.92,285264.92,285264.92,3851024133
20230213,090000,285264.92,286223,285264.92,286223,8420037277
20230213,100000,286277.65,286592.91,286277.65,286582.86,22436898697
20230213,110000,286577.47,286595.89,286567.13,286572.68,35424285571
20230213,120000,286559.79,286566.43,286407.46,286407.67,31618970459
20230213,140000,286407.74,286407.76,286407.74,286407.76,8658986001
20230213,160000,286406.62,286407.27,286406.62,286407.04,12984746967
20230214,090000,286407.04,286554.05,286388.44,286388.44,7747594404
20230214,100000,286308.8,286308.8,285570.09,285570.09,22756922555
20230214,110000,285524.08,285524.08,285003.6,285003.6,33390857402
20230214,120000,284945.22,284945.22,284396.37,284396.37,29415277376
20230214,130000,284396.39,284396.43,284396.39,284396.43,8127669156
20230214,140000,284396.38,284396.38,284396.38,284396.38,4062888178
20230214,180000,284345.4,284345.4,284345.4,284345.4,4062888178
20230215,090000,284345.4,284345.4,282865.19,282865.19,6727757394
20230215,100000,282828.87,282828.87,282466.45,282466.45,20101956531
20230215,110000,282432.33,282432.33,282111.9,282111.9,29725283641
20230215,120000,282059.69,282059.69,281612.64,281612.64,27060578138
20230215,140000,281612.44,281612.44,281611.25,281611.25,11677647150
20230215,180000,281609.14,281609.14,281609.14,281609.14,3892525812
20230219,090000,281609.14,282528.56,281609.14,282528.56,8060360937
20230219,100000,282567.28,282792.14,282567.28,282759.73,22065159140
20230219,110000,282751.12,282760.66,282650.01,282650.01,36425809200
20230219,120000,282674.25,282761.04,282664.84,282761.04,35646609039
20230219,140000,282760.88,282760.88,282760.39,282760.39,20275722231
20230219,150000,282760.05,282760.05,282759.98,282759.98,10126090942
20230219,160000,282759.96,282759.96,282759.96,282759.96,5063025471
20230219,170000,282759.91,282759.91,282662.03,282662.03,10126050942
20230220,090000,282662.03,288333.86,282662.03,288333.86,25289406388
20230220,100000,288803.08,290783.89,288803.08,290783.89,62201609104
20230220,110000,290992.6,291873.17,290992.6,291873.17,81489208199
20230220,120000,291919.39,292410.93,291919.39,292410.93,63874625176
20230220,130000,292410.99,292410.99,292410.99,292410.99,8484811419
20230220,160000,292407.92,292407.92,292407.32,292407.32,16967773462
20230221,090000,292407.32,298989.28,292407.32,298989.28,33183955039
20230221,100000,299182.22,301019,299182.22,301019,78193033220
20230221,110000,301067.95,301193.59,301009.43,301009.43,129976145093
20230221,120000,300990.16,300990.16,300660.43,300660.43,107943974552
20230221,170000,300654.89,300654.89,300654.89,300654.89,14426473735
20230222,090000,300654.89,300840.45,299408.74,299408.74,24387907149
20230222,100000,299246.19,299246.19,298264.56,298264.56,63414899403
20230222,110000,298229.36,298229.36,298082.06,298101.51,89413134068
20230222,120000,298151.34,298359.66,298151.34,298359.33,88106832445
20230222,140000,298359.47,298359.47,298359.47,298359.47,10544747902
20230222,150000,298359.27,298359.27,298359.27,298359.27,10544745520
20230225,090000,298359.27,309995.94,298359.27,309995.94,43060840874
20230225,100000,310366.66,311181.05,310366.66,311181.05,95835930943
20230225,110000,311208.08,311417.87,311208.08,311417.87,130505285246
20230225,120000,311429.39,311676.87,311429.39,311676.87,102761222305
20230225,190000,311666.14,311666.14,311666.14,311666.14,13556526072
20230226,090000,311666.14,321322.96,311666.14,321083.45,55079588571
20230226,100000,320959.35,320975.62,319491.1,319491.1,152135024412
20230226,110000,319384.51,319384.51,318750.63,318750.63,223282334938
20230226,120000,318672.98,318672.98,318014.16,318014.16,173480399028
20230226,150000,318014.11,318014.11,318014.01,318014.01,45257688102
20230226,160000,318013.6,318015.68,318013.6,318015.68,67861428936
20230227,090000,318015.68,318263.42,316132.21,316132.21,53725852392
20230227,100000,316368.5,317102.1,316368.5,317102.1,127048487455
20230227,110000,317119.87,317215.29,317077.29,317195.02,171012633054
20230227,120000,317180.56,317180.56,316884.19,316884.19,186538385429
20230227,140000,316884.11,316884.11,316882.9,316882.9,70862505323
20230227,150000,316882.97,316882.97,316882.97,316882.97,17715266324
20230227,160000,316882.35,316882.35,316882.35,316882.35,17713566324
20230227,170000,316881.41,316881.42,316881.41,316881.42,35426632648
20230228,090000,316881.42,317499.82,316881.42,317499.82,24348136612
20230228,100000,317762.12,318713.65,317762.12,318713.65,67287580869
20230228,110000,318775.87,319342.07,318775.87,319342.07,102951293759
20230228,120000,319369.71,319495.57,319369.71,319456.71,101932325655
20230228,160000,319456.69,319456.69,319451.48,319451.54,49034561215
20230228,170000,319451.52,319451.52,319451.52,319451.52,12258402296
20230301,090000,319451.52,319865.42,319253.6,319383.81,21999138370
20230301,100000,319419.21,320089.13,319419.21,320089.13,55810450852
20230301,110000,320109.66,320172.55,319962.34,320040.9,90627622237
20230301,120000,319904.85,319904.85,318903.66,318903.66,95616564436
20230301,150000,318903.57,318904.19,318903.44,318904.19,107343172218
20230301,160000,318904.34,318904.34,318904.34,318904.34,13415674157
20230304,090000,318904.34,318904.34,318138.66,318138.66,22832129086
20230304,100000,318092.89,318092.89,316434.87,316434.87,52056825556
20230304,110000,316316.79,316316.79,316147.49,316159.75,82127413105
20230304,120000,316133.52,316133.52,316010.58,316010.58,78007592973
20230304,150000,316010.66,316010.81,316010.45,316010.45,46240269719
20230304,180000,316010.47,316010.47,316010.47,316010.47,9247863228
20230304,190000,316011.14,316011.14,316011.14,316011.14,9247863228
20230305,090000,316011.14,318669.02,316011.14,318669.02,22825711742
20230305,100000,318678.46,319070.25,318678.46,319053.35,47221936392
20230305,110000,319050.13,319140.96,318945.16,319008.85,72042344788
20230305,120000,318973.98,318973.98,318721.62,318721.65,71142873927
20230305,140000,318721.63,318721.82,318721.61,318721.62,51063108656
20230305,150000,318721.57,318721.57,318721.46,318721.46,42464650846
20230306,090000,318721.46,319099.08,318485.63,318485.63,7507361954
20230306,100000,318513.96,318821.91,318498.17,318821.91,52936211216
20230306,110000,318847.65,319104.13,318847.65,319104.13,75646716332
20230306,120000,319128.96,319216.31,319128.96,319163.03,95546837891
20230306,130000,319149.03,319149.03,319143.55,319143.55,16652944498
20230306,140000,319140.98,319140.98,319140.98,319140.98,8325619850
20230306,160000,319140.87,319140.87,319140.38,319140.38,24964373409
20230306,170000,319140.6,319140.78,319140.6,319140.78,24964087959
20230306,190000,318972.96,318972.96,318972.96,318972.96,8321360622
20230307,090000,318972.96,321503.73,318972.96,321503.73,17932005673
20230307,100000,321517.19,322410.25,321517.19,322410.25,51816524553
20230307,110000,322515.82,323149.02,322515.82,323149.02,89598349111
20230307,120000,323180.17,323349.77,323180.17,323349.65,85252739474
20230307,130000,323349.79,323349.79,323349.79,323349.79,11529845802
20230307,140000,323349.81,323349.81,323349.81,323349.81,11529828052
20230307,170000,323349.82,323349.82,323349.82,323349.82,11529655452
20230307,180000,323217.13,323217.13,323217.13,323217.13,11529655452
20230311,090000,323217.13,326482.79,323217.13,326401.72,30065088109
20230311,100000,326365.2,326409.58,326173.4,326173.4,76573982360
20230311,110000,326153.72,326153.72,325722.34,325722.34,105823823114
20230311,120000,325643.2,325643.2,325354.26,325354.29,87037453367
20230311,140000,325354.14,325354.14,325353.7,325353.7,34899734424
20230311,150000,325353.57,325353.61,325352.37,325352.37,34897329759
20230311,180000,325055.02,325055.02,325055.02,325055.02,11632442293
20230312,090000,325055.02,325055.02,320781.09,320781.09,15629051238
20230312,100000,320687.72,320687.72,320154.3,320154.3,40529138563
20230312,110000,320121.02,320121.02,319747.89,319747.89,61157469082
20230312,120000,319715.48,319715.48,319360.79,319360.79,63074358095
20230312,130000,319367.07,319367.08,319367.07,319367.08,15333574802
20230312,140000,319367.52,319367.72,319367.52,319367.66,22992004990
20230312,150000,319367.73,319368.09,319367.57,319368.09,38315662550
20230312,170000,319368.1,319368.1,319368.1,319368.1,7661040863
20230313,090000,319368.1,320657.47,319368.1,320604.52,14206204073
20230313,100000,320548.93,320548.93,319961.19,319961.19,38670855646
20230313,110000,319930.1,319930.1,319470.42,319470.42,58252098891
20230313,120000,319425.56,319425.56,319044.65,319044.65,51412847376
20230313,160000,319045.06,319045.23,319045.02,319045.23,21464746096
20230313,180000,319027.72,319027.72,319027.72,319027.72,7154751749
20230314,090000,319027.72,320002.87,319027.72,320002.87,10812896754
20230314,100000,320006.19,320151.97,320005.5,320058.88,31600680693
20230314,110000,320047.17,320240.58,320026.13,320240.58,55188539241
20230314,120000,320252.66,320255.94,320127.6,320169.96,64891777617
20230314,130000,320170.13,320170.13,320170.13,320170.13,7037392231
20230314,140000,320168.67,320168.67,320168.17,320168.29,21074657229
20230314,150000,320168.27,320168.27,320168.27,320168.27,7024872831
20230314,180000,319957.28,319957.28,319957.28,319957.28,7024872831
20230315,090000,319957.28,324160.76,319957.28,324160.76,15571234676
20230315,100000,324296.75,325660.28,324296.75,325660.28,40362921064
20230315,110000,325789.32,326896.99,325789.32,326896.99,57330433645
20230315,120000,326990.19,327741.47,326990.19,327741.47,73881716123
20230315,130000,327741.18,327741.18,327737.97,327738.02,60646845800
20230315,140000,327738.05,327738.05,327738.05,327738.05,10092860687
20230315,150000,327738.08,327738.11,327738.08,327738.11,30278579190
20230315,180000,327738.1,327738.1,327738.1,327738.1,10088756329
20230315,190000,327700.53,327700.53,327700.53,327700.53,10088756329
20230318,090000,327700.53,335974.4,327700.53,335974.4,33351725242
20230318,100000,336250.32,338608.11,336250.32,338608.11,83400582713
20230318,110000,338690.6,339667.24,338690.6,339667.24,122898114704
20230318,120000,339735.9,340524.51,339735.9,340289.08,124769087017
20230318,150000,340289.5,340289.5,340289.5,340289.5,13175921283
20230318,160000,340288.05,340288.05,340285.17,340285.17,26339728243
20230318,180000,339986.06,339986.06,339986.06,339986.06,13169726957
20230319,090000,339986.06,343742,339986.06,343742,26495070357
20230319,100000,344141.43,344907.07,344141.43,344907.07,66568457543
20230319,110000,344987.84,345666.84,344987.84,345576.18,101486586501
20230319,120000,345555.06,345763.61,345555.06,345763.61,91479320970
20230319,140000,345762.83,345762.83,345762.51,345762.51,38089554721
20230325,090000,345762.51,347484.27,345762.51,347444.22,16933317937
20230325,100000,347653.09,349630.44,347653.09,349630.44,59686502370
20230325,110000,349771.45,350157.75,349771.45,350157.75,95484871948
20230325,120000,350169.38,350185.75,350092.59,350092.75,91660103312
20230325,130000,350092.74,350092.74,350092.74,350092.74,10911346555
20230325,140000,350092.73,350092.73,350092.37,350092.37,21822329298
20230325,150000,350090.47,350090.47,350078.39,350078.39,43634783862
20230325,160000,350077.86,350077.86,350077.86,350077.86,10907074155
20230326,090000,350077.86,351477.98,350077.86,351477.98,19508790716
20230326,100000,351689.39,352379.52,351689.39,352252.53,64948073472
20230326,110000,352163.56,352163.56,350728.55,350728.55,114790100534
20230326,120000,350601.81,350601.81,350049.76,350049.76,98161694570
20230326,130000,350049.88,350049.88,350043.52,350043.52,39214069499
20230326,190000,349930.9,349930.9,349930.9,349930.9,13068425233
20230327,090000,349930.9,350196.45,349598.63,350196.45,21582710726
20230327,100000,350319.81,351683.65,350319.81,351683.65,60935629625
20230327,110000,351778.65,352907.55,351778.65,352907.55,95330677958
20230327,120000,352950.05,353334.99,352950.05,353334.99,81757820977
20230327,130000,353335.18,353335.18,353335.11,353335.11,22223681117
20230328,090000,353335.11,359268.02,353335.11,359268.02,31471037606
20230328,100000,359349.9,359423.53,359349.9,359423.53,81926810569
20230328,110000,359430.28,359823.41,359430.28,359823.41,114458557418
20230328,120000,359895.15,360276.21,359895.15,360276.21,96895146051
20230328,130000,360276.14,360276.14,360267.79,360267.79,25989945054
20230329,090000,360267.79,364763.21,360267.79,364763.21,23425448252
20230329,100000,365046.38,366543.81,365046.38,366543.81,75586625464
20230329,110000,366613.66,367240.06,366613.66,367240.06,113595861493
20230329,120000,367305.95,367667.12,367305.95,367667.07,74674268833
20230329,130000,367667.08,367667.08,367667.05,367667.05,28177470075
20230329,170000,367667.04,367667.04,367666.99,367666.99,56329061160
20230403,090000,367666.99,368617.07,366447.63,368617.07,34502958808
20230403,100000,368899.52,370672.52,368899.52,370672.52,93441611221
20230403,110000,370805.87,371916.64,370805.87,371916.64,71982909945
20230403,120000,371997.18,372508.92,371997.18,372508.92,73019194869
20230403,140000,372508.93,372508.93,372508.82,372508.82,60639127280
20230404,090000,372508.82,379865.04,372508.82,379335.17,14061084133
20230404,100000,379054.3,379054.3,378248.34,378248.34,88890677686
20230404,110000,378140.27,378140.27,376919.32,376919.32,148939559078
20230404,120000,376864.21,376864.21,376655.06,376655.06,121689191889
20230404,130000,376655.08,376655.08,376654.84,376654.84,48022005756
20230404,140000,376654.32,376654.32,376654.32,376654.32,16007335252
20230404,170000,376644.63,376644.63,376644.63,376644.63,16001200695
20230405,090000,376644.63,379846.54,376606.38,379846.54,28140607417
20230405,100000,380507.27,381830.15,380507.27,381830.15,76346457026
20230405,110000,381936.09,383320.23,381936.09,383320.23,118381391699
20230405,120000,383440.03,384520.27,383440.03,384520.27,105858747684
20230405,140000,384513.46,384513.46,384513.46,384513.46,14482019342
20230408,090000,384513.46,396320.66,384513.46,396320.66,43470109842
20230408,100000,397086.94,398805.27,397086.94,398805.27,111607430169
20230408,110000,398909.36,399736.54,398909.36,399736.54,148629379540
20230408,120000,399776.97,399776.97,399561.69,399562.05,127979516566
20230408,140000,399562.08,399562.08,399562.08,399562.08,19127526488
20230408,150000,399562.24,399562.24,399560.82,399560.82,38252919362
20230409,090000,399560.82,404159.34,399560.82,403642.89,39700466742
20230409,100000,403674.39,405720.43,403674.39,405720.43,95483796671
20230409,110000,405757.61,406221.29,405757.61,406219.32,161941120195
20230409,120000,406229.09,406265.42,406229.09,406265.38,104965911774
20230409,130000,406265.33,406265.33,406265.33,406265.33,18038939125
20230410,090000,406265.33,412851.72,406265.33,412851.72,38161481817
20230410,100000,412808.02,412967.74,411279.92,411279.92,106052480412
20230410,110000,411020.43,411020.43,407426.24,407426.24,175433611587
20230410,120000,407164.62,407164.62,406074.72,406074.73,175706254480
20230410,150000,406074.71,406074.71,406074.12,406074.56,123371976228
20230410,160000,406074.05,406074.05,406073.64,406073.64,41119614535
20230411,090000,406073.64,407307.23,405215.95,407307.23,28881230196
20230411,100000,407375.95,407375.95,406854.55,407123.56,74143473687
20230411,110000,407176.36,408323.48,407176.36,408323.48,119775377426
20230411,120000,408453.03,409245.92,408453.03,409245.9,119647564446
20230411,130000,409246.02,409246.1,409246.02,409246.1,28410730308
20230411,150000,409246.22,409246.22,409246.22,409246.22,14205956201
20230415,090000,409246.22,422489.26,409246.22,422489.26,41301766372
20230415,100000,422787.12,424596.34,422787.12,424596.34,107794771480
20230415,110000,424619.61,424863.45,424619.61,424863.45,156164623535
20230415,120000,424870.92,425070.33,424870.92,425070.33,143142460852
20230415,170000,424976.74,424976.74,424976.74,424976.74,16860140773
20230416,090000,424976.74,429821.43,424976.74,429821.43,58179459216
20230416,100000,430042.91,431692.23,430042.91,431692.23,138393215164
20230416,110000,431692.21,431833.04,431670.85,431798.84,186726760435
20230416,120000,431814.24,431814.95,431718.36,431718.75,169441246571
20230416,130000,431718.76,431718.88,431718.76,431718.88,39817142196
20230416,160000,431718.87,431718.87,431718.87,431718.87,19908121821
20230416,170000,431592.84,431592.84,431592.84,431592.84,19908121821
20230417,090000,431592.84,434111.34,431592.84,434111.34,43181109782
20230417,100000,434388.31,436596.68,434388.31,436596.68,111659455077
20230417,110000,436703.52,437151.79,436703.52,437151.79,154788690703
20230417,120000,437173.45,437247.71,437173.45,437201.7,115350114661
20230417,140000,437201.71,437201.71,437201.71,437201.71,17966993536
20230417,150000,437201.98,437201.98,437201.98,437201.98,17966993536
20230418,090000,437201.98,445806.83,437201.98,445806.83,47800723705
20230418,100000,446426.39,447996.52,446426.39,447982.14,134907840635
20230418,110000,447913.99,447913.99,447009.56,447009.56,202478124466
20230418,120000,446977.18,446977.18,446649.55,446649.55,203170990334
20230418,140000,446649.56,446650.05,446649.56,446649.69,105690625647
20230418,150000,446649.75,446649.86,446649.75,446649.86,84499476508
20230418,160000,446649.87,446649.87,446649.87,446649.87,21124869127
20230418,170000,446649.95,446649.95,446649.95,446649.95,21124438100
20230419,090000,446649.95,448074.02,446649.95,447782.74,36718237746
20230419,100000,447990.54,449892.75,447990.54,449852.93,93195766760
20230419,110000,449972.83,449977.74,449284.85,449284.85,143190080079
20230419,120000,449198.76,449198.76,449062.4,449064.34,139638560614
20230419,140000,449064.1,449064.1,449063.71,449063.71,49868261799
20230419,170000,449063.7,449063.7,449063.69,449063.69,33245160258
20230424,090000,449063.69,451995.38,449063.69,451223.43,36160957645
20230424,100000,451327.82,452554.95,451327.82,452554.95,84777071037
20230424,110000,452620.53,453306.38,452620.53,453306.38,120459416639
20230424,120000,453360.47,453628.49,453360.47,453628.49,114854559021
20230424,140000,453628.45,453628.45,453628.43,453628.43,27296577552
20230424,150000,453628.46,453628.46,453628.46,453628.46,13635438082
20230424,180000,453628.48,453628.48,453149.82,453149.82,27270837144
20230425,090000,453149.82,462553.78,453149.82,462553.78,40830918941
20230425,100000,462732.5,462802.83,462667.09,462667.09,105758781610
20230425,110000,462613.91,462613.91,461580.09,461967.91,154093872024
20230425,120000,461876.67,461876.67,460811.24,460811.24,200335861449
20230425,130000,460810.81,460810.81,460810.69,460810.77,122726366123
20230425,140000,460810.79,460810.82,460810.79,460810.82,35062038152
20230425,150000,460810.84,460810.84,460810.84,460810.84,17528135061
20230425,170000,460785.5,460785.5,460785.5,460785.5,17528129146
20230426,090000,460785.5,460928.79,458371.94,459609.34,39585273170
20230426,100000,460121.62,463206.42,460121.62,463206.42,94131566426
20230426,110000,463283.81,463793.11,463283.81,463744.78,143573533770
20230426,120000,463761.25,463860.27,463742.77,463768.11,148302539305
20230426,140000,463767.92,463767.92,463767.92,463767.92,17971205088
20230426,150000,463768.18,463768.18,463768.18,463768.18,17971186272
20230426,170000,463592.5,463592.5,463592.5,463592.5,17971185558
20230429,090000,463592.5,471383.56,463592.5,471291.41,61758010435
20230429,100000,471387.44,472109.04,471387.44,472109.04,151906536323
20230429,110000,472116.54,472180.57,472070.5,472070.5,213309183722
20230429,120000,472101.53,472167.51,472101.53,472110.7,221599222215
20230429,130000,472110.95,472114.29,472110.95,472114.29,279155834204
20230429,140000,472114.55,472116.65,472114.55,472116.65,278521551124
20230429,150000,472116.74,472117.72,472116.74,472117.72,278157278633
20230429,160000,472117.77,472118.55,472117.77,472118.49,254738026523
20230429,170000,472118.51,472118.97,472118.51,472118.97,208229616504
20230430,090000,472118.97,479383.55,472118.97,479383.55,43644114543
20230430,100000,479438.79,480871.24,479438.79,480871.24,109461509524
20230430,110000,480930.99,481184.78,480930.99,481184.78,170864628976
20230430,120000,481181.78,481294.91,481181.78,481294.84,205904412053
20230430,130000,481294.78,481294.78,481294.41,481294.41,137454047785
20230430,140000,481294.39,481294.39,481294.39,481294.39,19629870471
20230430,180000,481167.71,481167.71,481167.71,481167.71,19629864000
20230501,090000,481167.71,486971.18,481167.71,484685.26,44265133766
20230501,100000,484402.92,485207.25,484402.92,485207.25,122969267514
20230501,110000,485243.95,486005.38,485243.95,486005.38,181915128901
20230501,120000,486013.61,486140.03,486013.61,486138.54,171284228586
20230501,140000,486138.53,486138.53,486138.53,486138.53,20087032051
20230501,170000,486015.58,486015.58,486015.58,486015.58,20087031337
20230502,090000,486015.58,496495.49,486015.58,496495.49,40873463672
20230502,100000,496871.77,497135.98,496871.77,497079.92,104335344486
20230502,110000,497077.42,497868.1,497077.42,497868.1,154228072387
20230502,120000,497894.25,498053.99,497894.25,498053.99,160207307977
20230502,140000,498054,498054,498054,498054,19389858271
20230503,090000,498054,505855.47,498054,505057.93,44459510173
20230503,100000,504809.61,504843.55,504338,504395.84,123075701001
20230503,110000,504397.21,504514.09,504397.21,504430.23,205194517751
20230503,120000,504395.11,504395.11,504234.68,504234.86,178700428912
20230503,130000,504234.91,504234.91,504234.91,504234.91,24042879373
20230503,140000,504234.75,504234.8,504234.67,504234.67,120195923502
20230503,150000,504234.61,504234.61,504234.51,504234.51,48078289406
20230506,090000,504234.51,512342.32,504234.51,512342.32,69445326343
20230506,100000,512671.38,513515.85,512671.38,513360.18,145125421857
20230506,110000,513346.64,513346.64,513245.4,513249.88,200888277871
20230506,120000,513200.49,513200.49,512790.14,512790.14,179719505301
20230506,140000,512790.18,512790.18,512790.18,512790.18,24322496002
20230506,150000,512790.28,512790.28,512790.26,512790.26,48643338824
20230506,160000,512790.22,512790.22,512790.22,512790.22,24321644548
20230506,190000,512785.03,512785.03,512785.03,512785.03,24321643548
20230507,090000,512785.03,514950.64,499519.54,499519.54,83996785499
20230507,100000,499237.87,499237.87,496474.2,496474.2,184450311635
20230507,110000,496324.61,496324.61,495548.44,495548.44,230117551372
20230507,120000,495491.66,495491.66,495071.89,495071.89,167580893103
20230507,130000,495071.94,495071.94,495070.41,495070.41,43381433053
20230507,140000,495070.02,495070.02,495070.02,495070.02,21690370245
20230507,160000,495069.31,495069.31,495069.31,495069.31,21689300180
20230507,170000,495068.93,495068.93,495068.93,495068.93,21689300180
20230507,200000,494958.95,494958.95,494958.95,494958.95,21689300180
20230508,090000,494958.95,494958.95,476437.77,476437.77,66289201910
20230508,100000,476261.78,476261.78,474285.02,474285.02,119570470368
20230508,110000,474219.7,474219.7,473431.34,473431.34,130278232376
20230508,120000,473392.02,473392.02,473159.4,473159.4,79974306917
20230508,130000,473159.41,473159.41,473159.41,473159.41,11739512514
20230508,140000,473159.42,473159.43,473158.39,473158.52,105561255867
20230508,150000,473158.55,473158.71,473158.55,473158.71,58578020860
20230508,160000,473158.73,473158.9,473158.73,473158.9,70168229228
20230508,170000,473158.92,473159.07,473158.92,473159.07,140176082248
20230508,180000,473159.08,473159.08,473159.04,473159.04,58389901380
20230508,200000,473058.6,473058.6,473058.6,473058.6,11678938696
20230509,090000,473058.6,473058.6,458409.74,459386.55,72993927203
20230509,100000,459570.23,459570.23,459149.03,459216.36,168678414940
20230509,110000,459254.54,460077.41,459254.54,460077.41,218555958367
20230509,120000,460134.61,460649.11,460134.61,460648.62,225227254905
20230509,130000,460648.63,460648.63,460648.63,460648.63,23665679084
20230509,140000,460646.96,460647.39,460646.01,460646.01,212876720740
20230509,170000,460645.87,460645.87,460645.87,460645.87,23649508737
20230509,180000,460310.09,460310.09,460310.09,460310.09,23649508737
20230510,090000,460310.09,465798.82,456870.42,456870.42,52034510373
20230510,100000,455998.37,455998.37,452048.2,452048.2,139368183968
20230510,110000,451905.6,451905.6,450749.57,450749.57,170858121470
20230510,120000,450606.72,450606.72,450016.98,450016.98,152569097102
20230510,140000,450016.54,450016.54,450016.39,450016.39,35384851482
20230510,150000,450016.23,450016.23,450016.01,450016.01,35384633862
20230510,160000,450015.99,450015.99,450015.53,450015.53,70762831944
20230510,170000,450015.66,450015.91,449993.22,449993.22,53069596002
20230513,090000,449993.22,449993.22,435718.85,435718.85,50810416235
20230513,100000,435178.73,435178.73,433291.47,433291.47,103756062990
20230513,110000,433257.17,433257.17,432295.06,432295.06,135281252106
20230513,120000,432290.09,432399.16,432290.09,432399.16,120189239675
20230513,140000,432399.14,432399.15,432398.44,432398.44,49626150900
20230513,150000,432398.11,432398.11,432397.89,432397.89,49618441782
20230513,160000,432397.9,432397.9,432397.84,432397.84,49618409666
20230513,170000,432025.44,432025.44,432025.44,432025.44,16539467699
20230514,090000,432025.44,436215.99,431155.47,435752.12,49979354410
20230514,100000,435836.35,437356.22,435836.35,437356.22,106013971171
20230514,110000,437572.26,439107.73,437572.26,439107.73,147143071590
20230514,120000,439258.65,440111.42,439258.65,440111.19,139596577052
20230514,140000,440111.17,440111.17,440111.17,440111.17,16408473692
20230514,200000,439958.74,439958.74,439958.74,439958.74,16408472144
20230515,090000,439958.74,443766.79,439958.74,440598.27,41058935112
20230515,100000,440775.95,441975.16,440775.95,441975.16,90433323404
20230515,110000,442056.03,442461.69,442056.03,442461.69,125227495444
20230515,120000,442456.95,442456.95,442213.85,442213.95,115860566188
20230515,130000,442213.63,442213.7,442213.63,442213.7,27191762260
20230515,150000,442213.81,442213.81,442213.81,442213.81,13595653105
20230515,180000,442025.38,442025.38,442025.38,442025.38,13595652757
20230517,090000,442025.38,445879.12,441958.02,445879.12,22273710014
20230517,100000,446291.6,448585.22,446291.6,448585.22,59348091144
20230517,110000,448625.73,448912.35,448625.73,448912.35,86347796388
20230517,120000,448941.53,449513.24,448941.53,449513.24,82190726098
20230517,130000,449513.29,449513.29,449513.29,449513.29,11379256329
20230517,140000,449513.3,449513.3,449513.3,449513.3,11379240319
20230517,160000,449513.1,449513.1,449501.55,449501.55,102403647890
20230517,170000,449497.15,449497.15,449454.35,449454.35,68260850117
20230520,090000,449454.35,453241.36,449454.35,450466.82,29835896692
20230520,100000,450030.79,450030.79,448387.43,448391.42,79200420293
20230520,110000,448392.71,448404.8,447825.65,447825.65,109842188705
20230520,120000,447743.11,447743.11,447038.57,447038.57,92796216841
20230520,140000,447038.85,447038.85,447037.54,447037.54,49728537346
20230520,150000,447037.71,447037.71,447037.66,447037.66,24860973404
20230520,170000,447037.65,447037.65,447037.64,447037.64,24858725256
20230520,180000,447037.67,447037.69,446575.52,446575.52,37286495106
20230521,090000,446575.52,446575.52,445276.74,446320.91,19571243103
20230521,100000,446420.22,448020.84,446420.22,448020.84,56082729578
20230521,110000,448051.49,448085.82,448051.04,448051.04,83728386057
20230521,120000,448073.26,448386.84,448073.26,448386.76,72253297256
20230521,130000,448386.64,448386.64,448384.88,448384.88,48679058189
20230521,140000,448384.73,448384.87,448384.47,448384.63,38870163484
20230521,160000,448384.61,448384.61,448384.61,448384.61,9717496804
20230521,170000,448384.64,448384.64,448384.64,448384.64,9716889936
20230521,180000,448120.12,448120.12,448120.12,448120.12,9716889386
20230522,090000,448120.12,454450.11,448120.12,454450.11,30904943644
20230522,100000,454415.24,454644.09,454405.67,454590.68,72909689655
20230522,110000,454618.27,455210.24,454618.27,455210.24,108984416884
20230522,120000,455277.93,455671.35,455277.93,455625.86,130539985936
20230522,140000,455625.52,455625.82,455625.52,455625.82,37640340988
20230522,170000,455434.47,455434.47,455434.47,455434.47,12546529293
20230523,090000,455434.47,462042.96,455434.47,462042.96,21571851538
20230523,100000,462748.13,464200.33,462748.13,463929.6,62381420127
20230523,110000,463964.85,464080.76,463964.85,464051.96,96799399793
20230523,120000,464028.26,464044.19,463811.2,463811.2,81923775793
20230523,140000,463811.35,463811.35,463811.18,463811.18,22307543562
20230523,150000,463810.19,463810.19,463809.94,463810.04,44612675430
20230523,170000,463810.05,463810.07,463810.05,463810.07,22305864376
20230523,190000,463603.14,463603.14,463603.14,463603.14,11152932188
20230524,090000,463603.14,465486.27,463603.14,464985.43,31023275995
20230524,100000,465100.05,465534.57,465100.05,465430,70393610993
20230524,110000,465411.72,465411.72,465027.02,465027.02,96596075547
20230524,120000,465010.03,465010.03,464637.55,464638.79,125174789729
20230524,140000,464638.75,464638.75,464638.52,464638.52,33013939263
20230524,150000,464638.66,464638.7,464637.76,464637.76,33011429817
20230524,160000,464637.83,464637.83,464637.81,464637.81,22007201072
20230524,170000,464637.82,464637.82,464417.52,464417.52,22007183494
20230527,090000,464417.52,464469.04,461571.59,461571.59,23100741738
20230527,100000,461442.84,461442.84,459533.59,459533.59,58194571079
20230527,110000,459369.34,459369.34,458211.61,458211.61,88324727711
20230527,120000,458100.89,458100.89,457335.8,457335.8,74449324599
20230527,130000,457335.68,457335.68,457335.68,457335.68,10030567325
20230527,140000,457335.42,457335.42,457334.19,457334.47,70188340378
20230527,150000,457334.41,457334.41,457334.36,457334.36,20050789510
20230527,160000,457334.37,457334.37,457334.37,457334.37,10025387860
20230527,170000,457334.38,457334.39,457052.89,457052.89,30076042413
20230528,090000,457052.89,457052.89,444000.94,444000.94,32745284616
20230528,100000,443683.35,443683.35,442079.57,442079.57,79036571517
20230528,110000,442002.35,442002.35,441599.39,441672.83,105758742215
20230528,120000,441663.47,441663.47,441554.04,441605.88,98068237973
20230528,140000,441605.45,441605.51,441605.33,441605.39,69139725108
20230528,150000,441605.18,441605.18,441604.78,441604.78,46081248509
20230528,160000,441604.77,441604.77,441604.77,441604.77,11519133957
20230528,170000,441606.83,441606.83,441492.1,441492.1,34550618673
20230529,090000,441492.1,444968.49,441492.1,444959.99,19277860885
20230529,100000,444999.38,445670.97,444999.38,445670.97,46570377577
20230529,110000,445731.67,446317.73,445731.67,446317.73,69814631559
20230529,120000,446329.51,446521.2,446329.51,446521.2,87959212405
20230529,140000,446515.27,446515.78,446515.27,446515.77,34311206456
20230529,150000,446515.79,446515.79,446515.79,446515.79,8576116665
20230529,170000,446515.81,446515.84,446515.81,446515.84,25728204412
20230529,180000,446287.27,446287.27,446287.27,446287.27,8576040180
20230530,090000,446287.27,451879.64,446287.27,451879.64,18236302606
20230530,100000,451986.72,453176.06,451986.72,453176.06,46677461427
20230530,110000,453172.19,453185.75,453049.3,453049.3,72846369990
20230530,120000,453193.93,453193.93,452653.43,452653.43,62461556520
20230530,140000,452652.97,452652.99,452652.97,452652.99,17148375132
20230530,170000,452524.43,452524.43,452524.43,452524.43,8574187566
20230531,090000,452524.43,453173.71,447703.16,447703.16,19195296448
20230531,100000,447501.66,447501.66,447005.96,447235.27,48200862002
20230531,110000,447271.04,447648.34,447271.04,447648.34,67632801069
20230531,120000,447626.69,447680.6,447621.65,447622.12,56896121362
20230531,140000,447622.11,447622.13,447621.43,447621.65,54497966337
20230531,150000,447621.75,447621.76,447621.75,447621.76,15567832601
20230603,090000,447621.76,449317.64,447621.76,449317.64,12171826263
20230603,100000,449459.56,450564.18,449459.56,450564.18,31942774396
20230603,110000,450601.18,450832.1,450601.18,450832.1,48259810623
20230603,120000,450837.18,451010.64,450837.18,451010.64,55591459214
20230603,140000,451010.69,451010.69,451010.69,451010.69,5997557952
20230603,170000,450493.24,450493.24,450493.24,450493.24,5997307952
20230606,090000,450493.24,452982.33,450493.24,452845.29,14007616865
20230606,100000,452852.46,453317.08,452852.46,453224.23,37077223975
20230606,110000,453180.23,453508.96,453180.23,453508.96,60576208447
20230606,120000,453544.78,453553.62,453478.53,453478.53,74356245871
20230606,180000,453353.4,453353.4,453353.4,453353.4,7949702134
20230607,090000,453353.4,454348.63,453353.4,454273.21,15651564302
20230607,100000,454354.32,454810.17,454354.32,454701.71,41910539991
20230607,110000,454653.59,454653.59,454077.52,454077.52,65343517764
20230607,120000,454039.9,454039.9,453488.34,453488.34,50156187846
20230607,130000,453488.4,453488.51,453488.4,453488.51,15683580408
20230607,150000,453488.58,453488.58,453488.37,453488.37,15678059524
20230607,180000,453228.64,453228.64,453228.64,453228.64,7839029762
20230610,090000,453228.64,453228.64,440354.74,440354.74,24865794702
20230610,100000,440166.54,440166.54,439036.74,439036.74,52501814813
20230610,110000,438978.21,438978.21,438571.58,438571.58,69438747305
20230610,120000,438557.31,438557.31,438152.81,438152.84,65302203407
20230610,130000,438152.82,438153.03,438152.78,438153,31426122001
20230610,180000,437461.25,437461.25,437461.25,437461.25,7855900699
20230611,090000,437461.25,437999.25,436299.13,437937.88,16954936960
20230611,100000,437762.27,437762.27,436785.57,436785.57,42963775865
20230611,110000,436723.77,436723.77,436400.61,436400.61,62356549099
20230611,120000,436291.73,436291.73,436179.62,436192.74,53185743059
20230611,150000,436192.83,436192.89,436192.83,436192.89,14470031666
20230611,160000,436193.08,436193.08,436192.89,436193,28940063332
20230611,190000,435970.53,435970.53,435970.53,435970.53,7235015833
20230612,090000,435970.53,437518.86,431447.31,431447.31,20191400504
20230612,100000,430630.87,430630.87,426408.8,426408.8,60894764825
20230612,110000,426261.45,426261.45,425295.52,425295.52,88140272951
20230612,120000,425281.05,425281.05,424970.21,424970.21,73073309216
20230612,130000,424970.27,424970.4,424970.27,424970.4,19512802362
20230612,140000,424970.37,424970.37,424969.6,424969.6,78043161553
20230612,190000,424969.61,424969.61,424778.43,424778.43,19507823604
20230613,090000,424778.43,425091.44,423966.21,423966.21,12834224577
20230613,100000,423811.67,424054.54,423610.54,424054.54,39109222717
20230613,110000,424186.44,424858.19,424186.44,424858.19,57770485685
20230613,120000,424897.28,425166.75,424897.28,425166.75,55998474513
20230613,140000,425166.78,425167.66,425166.78,425167.38,26826143739
20230613,150000,425167.36,425167.43,425167.36,425167.43,20081132953
20230613,160000,425167.45,425167.51,425167.44,425167.49,40122267063
20230614,090000,425167.49,430295.03,425167.49,430295.03,15933444436
20230614,100000,430509.87,431693.62,430509.87,431693.62,40226194711
20230614,110000,431734.55,431769.93,431620.74,431620.74,61310083992
20230614,120000,431613.85,431620.92,431536.54,431541.5,58167950808
20230614,130000,431541.49,431541.49,431541.49,431541.49,7075471293
20230614,140000,431541.54,431541.54,431541.54,431541.54,7075037084
20230614,170000,431277.39,431277.39,431277.39,431277.39,7075034668
20230617,090000,431277.39,434232.14,431277.39,434232.14,14608855190
20230617,100000,434293.48,434338.77,434123.53,434123.53,37506598695
20230617,110000,434112.72,434112.72,433424.23,433424.23,54557148388
20230617,120000,433355.23,433355.23,432611.52,432611.53,61785344714
20230617,140000,432611.28,432611.85,432611.28,432611.75,33645183474
20230617,150000,432612.9,432612.9,432612.68,432612.71,20183025772
20230617,170000,432612.7,432612.72,432612.7,432612.72,20181909441
20230617,180000,432425.87,432425.87,432425.87,432425.87,6727303147
20230618,090000,432425.87,432425.87,426447.71,426447.71,19454457723
20230618,100000,426197.92,426197.92,425802.22,425841.55,48575146402
20230618,110000,425855.48,426066.1,425855.48,426062.59,65538750605
20230618,120000,426073.42,426077.62,426027.95,426027.95,62140504943
20230618,140000,426027.87,426027.9,426027.87,426027.9,14936211014
20230618,150000,426028,426028.56,426027.99,426028.56,52256846344
20230618,160000,426028.82,426029.13,426028.82,426029.13,37309188418
20230618,180000,426028.66,426028.66,425810.61,425810.61,14918150732
20230619,090000,425810.61,428610.36,425810.61,428610.36,16988317581
20230619,100000,428686.27,429565.89,428686.27,429565.89,39173261618
20230619,110000,429597.33,429837.23,429597.33,429706.35,60949713349
20230619,120000,429649.09,429649.09,428914.07,428914.22,78889498621
20230619,140000,428914.04,428914.23,428914.04,428914.23,30824294595
20230619,170000,428914.59,428918.26,428914.59,428918.26,46234716784
20230619,180000,428758.73,428758.73,428758.73,428758.73,7705541074
20230620,090000,428758.73,429035.83,428364.95,428364.95,8408118917
20230620,100000,428271.88,428535.81,428042.93,428535.81,24017519619
20230620,110000,428650.06,428946.87,428650.06,428946.87,37846583897
20230620,120000,428977.22,429257.28,428977.22,429257.28,34466455230
20230620,130000,429257.45,429257.45,429257.45,429257.45,4905368837
20230620,140000,429257.67,429257.72,429257.67,429257.72,9810291768
20230620,170000,429132.57,429132.57,429132.57,429132.57,4905142581
20230621,090000,429132.57,432432.52,429132.57,432432.52,11477405140
20230621,100000,432616.35,433795.64,432616.35,433795.64,27360705285
20230621,110000,433860.6,434012.82,433748.35,433748.35,41751999861
20230621,120000,433715.7,433715.7,433354.57,433354.59,42702780690
20230621,150000,433354.66,433354.66,433354.58,433354.59,15587311484
20230621,160000,433354.68,433354.68,433354.68,433354.68,5194163134
20230621,170000,433228.47,433228.47,433228.47,433228.47,5194159667
20230624,090000,433228.47,433314.91,431238.27,431238.27,20838672798
20230624,100000,431196.23,431246.53,431131.8,431246.53,44003355958
20230624,110000,431306.24,431490.25,431306.24,431488.7,59475637964
20230624,120000,431482,431482,431387.04,431387.27,60795094057
20230624,140000,431387.4,431387.56,431386.03,431386.03,25798541506
20230624,160000,431386.04,431386.04,431386.04,431386.04,6449474247
20230624,180000,431105.78,431105.78,431105.78,431105.78,6449474247
20230625,090000,431105.78,434559.1,431105.78,434559.1,12481301896
20230625,100000,434654.06,435463.29,434654.06,435463.29,38802900810
20230625,110000,435492.98,435515.54,435492.98,435515.54,8713573042
20230626,090000,435197.53,437264.15,435197.53,437264.15,14362869036
20230626,100000,437436.43,438223.83,437436.43,438223.83,38260389913
20230626,110000,438279.12,438727.39,438279.12,438727.39,56811298046
20230626,120000,438733.29,438757.54,438644.27,438644.63,48333648837
20230626,140000,438644.52,438644.58,438644.52,438644.58,13033295206
20230626,160000,438644.35,438644.35,438644.35,438644.35,6516417342
20230626,170000,438644.19,438644.19,438642.23,438642.23,19545619188
20230626,180000,438642.19,438642.19,438504.89,438504.89,19544016489
20230627,090000,438504.89,438982.33,438504.89,438659.73,11505100533
20230627,100000,438700.87,438700.87,437693.01,437693.01,32229795226
20230627,110000,437572.2,437572.2,436400.48,436400.48,50498652185
20230627,120000,436259.04,436259.04,435289.83,435289.83,45800046127
20230627,140000,435289.93,435289.93,435289.34,435289.34,31605005963
20230627,150000,435288.94,435288.94,435288.94,435288.94,6320758005
20230627,160000,435288.95,435288.95,435288.95,435288.95,6320757164
20230627,180000,435289.15,435291.32,435289.15,435291.32,31600702247
20230627,190000,435281.77,435281.77,435281.77,435281.77,6320056850
20230628,090000,435281.77,435281.77,432695.45,432816.66,11071036471
20230628,100000,432820.49,433196.83,432820.49,433196.83,30019799239
20230628,110000,433204.88,433290.83,433195.38,433195.38,46643010400
20230628,120000,433177.83,433177.83,432957.77,432958.07,40504405882
20230628,130000,432958.34,432958.34,432958.34,432958.34,5545396463
20230628,140000,432958.62,432959.53,432958.62,432958.75,33261732663
20230628,160000,432958.74,432958.81,432958.74,432958.81,11085467417
20230628,180000,432958.72,432960.84,432958.72,432960.84,11083776892
20230701,090000,432960.84,434751.06,432960.84,434751.06,8808469249
20230701,100000,434768.52,434771,434087.26,434087.26,26905054244
20230701,110000,433985.35,433985.35,433445.07,433445.07,42779846631
20230701,120000,433416.45,433416.45,433148.41,433148.43,42190487761
20230701,140000,433148.21,433148.29,433148.09,433148.21,30205118616
20230701,160000,433148.14,433148.14,433148.14,433148.14,5033870646
20230701,170000,433148.12,433148.12,433066.7,433066.7,10067741292
20230702,090000,433066.7,435254.45,433066.7,435254.45,10153536122
20230702,100000,435546.13,437242.24,435546.13,437242.24,33958791225
20230702,110000,437320.39,437592.07,437320.39,437592.07,50527105928
20230702,120000,437647.73,437717.21,437647.73,437667.2,66097385000
20230702,140000,437666.94,437666.97,437666.94,437666.97,11577827040
20230702,170000,437666.96,437666.96,437666.96,437666.96,5788832953
20230702,180000,437502.78,437502.78,437502.78,437502.78,5788832953
20230703,090000,437502.78,439820.16,437502.78,439820.16,10458160958
20230703,100000,439890.37,441041.96,439890.37,441041.96,31063394257
20230703,110000,441107.65,441770.88,441107.65,441770.88,48727505835
20230703,120000,441849.87,442402.38,441849.87,442402.38,47623654939
20230703,140000,442402.57,442402.6,442399.72,442399.74,26439050410
20230703,180000,442399.75,442399.75,442057.97,442057.97,19827566436
20230704,090000,442057.97,446086.39,442057.97,446086.39,13904994857
20230704,100000,446333.68,447807.77,446333.68,447807.77,40149561953
20230704,110000,447844.82,447997.61,447844.82,447979.23,60913502360
20230704,120000,447971.34,447971.34,447820.83,447821.15,58123981066
20230704,140000,447821.02,447821.02,447821,447821,13931130802
20230704,160000,447820.85,447820.85,447820.85,447820.85,6962152882
20230704,180000,447625.1,447625.1,447625.1,447625.1,6962152882
20230705,090000,447625.1,448790.97,447625.1,448790.97,10289171799
20230705,100000,448819.4,449402.33,448819.4,449402.33,30282131030
20230705,110000,449424.23,449478.75,449414.97,449420.39,50164481830
20230705,120000,449385.3,449429.32,449292.7,449292.7,38590841773
20230705,150000,449292.63,449292.73,449291.78,449291.78,30593238908
20230705,180000,449113.5,449113.5,449113.5,449113.5,6117597542
20230708,090000,449113.5,451055.11,449113.5,451055.11,11156509758
20230708,100000,451124.81,451266.34,451104.16,451104.16,28040350305
20230708,110000,451079.18,451079.18,450427.75,450427.75,43202985118
20230708,120000,450363.04,450363.04,449860.45,449860.45,37224800911
20230708,150000,449861.45,449862.18,449861.45,449862.18,25353512173
20230708,160000,449859.9,449859.9,449857.21,449857.21,15204069072
20230708,180000,449857.2,449857.32,449857.2,449857.32,20268150182
20230708,190000,449183.32,449183.32,449183.32,449183.32,5066817338
20230709,090000,449183.32,449304.89,448426.48,448534.05,10709148855
20230709,100000,448468.51,448468.51,447409.15,447409.15,29821925753
20230709,110000,447275.34,447275.34,445938.83,445938.83,49136606281
20230709,120000,445840.86,445840.86,445347.92,445347.92,43574562699
20230709,130000,445347.84,445347.84,445347.84,445347.84,5896721460
20230709,150000,445347.43,445347.43,445347,445347,29471292197
20230709,180000,444914.5,444914.5,444914.5,444914.5,5893451415
20230710,090000,444914.5,444914.5,442908.35,442908.35,9041188081
20230710,100000,442838.22,442838.22,441437.72,441437.72,27762659852
20230710,110000,441366.21,441366.21,440063.82,440063.82,46368893869
20230710,120000,439913.32,439913.32,439162.47,439162.52,48090532351
20230710,140000,439162.49,439162.89,439162.49,439162.49,29056271919
20230710,150000,439162.51,439162.86,439162.51,439162.86,11619772422
20230710,160000,439162.85,439162.85,439162.85,439162.85,5809869711
20230710,170000,439162.73,439162.73,439162.72,439162.72,11619384592
20230710,180000,438965.7,438965.7,438965.7,438965.7,5809692178
20230711,090000,438965.7,438965.7,437009.21,437009.21,8815161457
20230711,100000,436728.66,436728.66,435217.47,435217.47,32872660976
20230711,110000,435101.09,435101.09,432734.31,432734.31,56914805810
20230711,120000,432430.29,432430.29,430732.28,430732.31,69886411061
20230711,140000,430732.43,430732.8,430732.42,430732.42,59668633508
20230711,150000,430732.43,430732.43,430732.43,430732.43,8523045133
20230711,160000,430731.38,430733.66,430728.23,430733.66,42607755860
20230711,180000,430613.73,430613.73,430613.73,430613.73,8521250936
20230712,090000,430613.73,430613.73,423395.77,423395.77,13862325873
20230712,100000,422986.13,422986.13,419819.88,419819.88,41032280071
20230712,110000,419576.76,419576.76,418123.9,418123.9,69552700352
20230712,120000,418082.19,418082.19,417997.56,417998.26,59807586026
20230712,140000,417998.19,417998.19,417997.91,417997.91,24391999576
20230715,090000,417997.91,421046.6,417997.91,421046.6,8530652950
20230715,100000,421101.33,421652.59,421101.33,421652.59,21545238421
20230715,110000,421631.7,421631.7,420597.81,420597.81,36646683630
20230715,120000,420514.46,420514.46,419898.64,419898.92,34041804752
20230715,140000,419899.19,419899.19,419899.06,419899.06,9374370704
20230715,150000,419899.14,419899.14,419899.14,419899.14,4686949403
20230715,160000,419898.9,419898.9,419898.9,419898.9,4685610938
20230715,170000,418774.01,418774.01,418774.01,418774.01,4685610938
20230716,090000,418774.01,418774.01,414398.73,414398.73,11035621359
20230716,100000,414045.96,414045.96,410306.66,410306.66,35793167288
20230716,110000,410152.98,410152.98,409061.36,409061.36,53694228812
20230716,120000,408702.33,408702.33,407547.96,407547.96,43889519211
20230716,140000,407547.87,407547.87,407547.66,407547.66,11763790046
20230716,160000,407548.22,407548.22,407548.22,407548.22,5881868324
20230716,170000,407548.08,407548.26,407547.98,407548.26,35262575011
20230716,180000,407134.84,407134.84,407134.84,407134.84,5876636114
20230717,090000,407134.84,407134.84,400412.61,400412.61,13031131156
20230717,100000,399849.24,399849.24,396561.82,396561.82,43418042472
20230717,110000,396444.26,396444.26,395464.68,395464.68,61297597301
20230717,120000,395411.03,395411.03,395113.32,395214.66,54995671806
20230717,140000,395214.71,395214.71,395214.25,395214.27,31136952882
20230717,150000,395214.26,395214.26,395214.26,395214.26,7784195614
20230717,180000,394942.21,394942.21,394942.21,394942.21,7784195614
20230718,090000,394942.21,401204.18,394942.21,401204.18,20939282416
20230718,100000,401415.8,401993.97,401415.8,401993.97,46998230329
20230718,110000,402116.4,402855.11,402116.4,402855.11,62709497465
20230718,120000,402971.03,403842.36,402971.03,403842.36,53747688936
20230718,140000,403842.37,403842.48,403842.37,403842.48,14977196044
20230718,150000,403842.47,403842.47,403842.47,403842.47,7488416022
20230718,160000,403843.02,403843.02,403828.67,403828.75,22456616633
20230718,170000,403828.85,403828.85,403828.85,403828.85,7485403540
20230718,190000,403341.23,403341.23,403341.23,403341.23,7485396276
20230719,090000,403341.23,407838.14,403341.23,407838.14,8435558840
20230719,100000,408081.07,410589.08,408081.07,410589.08,25009926904
20230719,110000,410721.37,411168.97,410199.07,410199.07,44317478474
20230719,120000,409958.09,409958.09,408708.33,408708.33,42341591922
20230719,140000,408708.56,408709.45,408708.56,408709.45,17735607252
20230719,180000,408709.38,408709.38,408709.38,408709.38,5911763876
20230719,190000,408565.31,408565.31,408565.31,408565.31,5911763876
20230722,090000,408565.31,408565.31,403669.69,403669.69,10066510117
20230722,100000,403575.42,403575.42,403135.01,403135.01,23718250187
20230722,110000,403068.66,403068.66,401932.93,401932.93,35525890295
20230722,120000,401853.29,401853.29,401336.64,401337.22,38051488187
20230722,140000,401337.84,401339.53,401337.84,401339.53,32231091285
20230722,150000,401339.59,401339.59,401339.59,401339.59,4603869708
20230722,160000,401339.48,401339.48,401339.48,401339.48,4603744708
20230722,180000,399928.37,399928.37,399928.37,399928.37,4603744008
20230723,090000,399928.37,400401.72,399607.16,400401.72,8242059884
20230723,100000,400508.81,401078.38,400508.81,401078.38,19590711067
20230723,110000,401099.57,401240.86,401099.57,401240.86,27700756657
20230723,120000,401315.14,401315.14,401105.76,401105.78,25669067914
20230723,140000,401105.67,401105.67,401105.67,401105.67,3669109031
20230723,150000,401105.68,401105.68,401105.62,401105.62,7337872242
20230723,160000,401105.73,401106.04,401105.73,401106.03,14573226845
20230723,170000,401105.79,401105.79,401105.79,401105.79,3638934500
20230723,180000,400589.23,400589.23,400589.23,400589.23,3638934500
20230724,090000,400589.23,403669.76,400589.23,403669.76,8060600268
20230724,100000,403885.96,404711.6,403885.96,404711.6,22128937346
20230724,110000,404734.3,404739.42,404659.97,404659.97,33094653386
20230724,120000,404690.85,404894.49,404690.85,404890.44,33047515339
20230724,140000,404890.63,404890.63,404890.39,404890.39,8047163948
20230724,150000,404890.5,404890.5,404890.5,404890.5,4023476188
20230724,170000,404890.91,404890.91,404890.91,404890.91,4020632177
20230724,180000,404892.18,404892.4,404832.23,404832.23,20100039946
20230725,090000,404832.23,407423.48,404832.23,407423.48,8670882131
20230725,100000,407495.42,407586.25,407074.46,407074.46,26657484122
20230725,110000,407014.49,407014.49,406148.66,406148.66,40896290519
20230725,120000,406079.68,406079.68,405546.55,405546.55,40666040903
20230725,140000,405546.53,405546.59,405545.95,405545.95,19512802356
20230725,150000,405545.94,405546.44,405545.94,405546.44,14631949032
20230725,180000,405427.85,405427.85,405427.85,405427.85,4877153274
20230726,090000,405427.85,405516.09,404716.76,404829.5,7842432871
20230726,100000,405187.97,405634.91,405187.97,405634.91,25005729736
20230726,110000,405632.93,405632.93,405557.45,405577.03,36926741662
20230726,120000,405585.75,405723.38,405561.47,405723.38,47935144891
20230726,130000,405726.46,405726.46,405664.93,405684.62,33859968979
20230726,140000,405684.6,405684.6,405684.07,405684.47,12682766676
20230729,090000,405684.47,407137.03,405684.47,407111.82,8750115212
20230729,100000,407092.88,407092.88,406600.25,406600.25,21784588456
20230729,110000,406534.13,406534.13,406109.92,406109.92,32455761662
20230729,120000,406149.22,406149.22,405671.74,405671.74,28957320828
20230729,140000,405671.69,405671.69,405671.63,405671.63,12276285110
20230729,150000,405672.21,405672.49,405672.21,405672.42,20444011715
20230729,180000,405672.81,405672.81,405672.81,405672.81,4087515263
20230730,090000,405672.81,405843.1,401532.64,401532.64,11828160227
20230730,100000,401102.42,401102.42,398679.74,398679.74,44604641249
20230730,110000,398617.37,398617.37,398220.36,398220.36,61539858386
20230730,120000,398197.34,398197.34,397812.13,397821.96,77321514858
20230730,130000,397822.93,397828.05,397822.93,397827.68,81339560842
20230730,140000,397827.38,397827.38,397822.16,397822.16,81269618673
20230730,150000,397820.47,397820.47,397793.65,397793.65,81156667019
20230730,160000,397792.15,397796.64,397790.79,397796.46,81125750209
20230730,170000,397783.76,397783.76,397778.61,397779.74,20277787413
20230730,180000,397559.71,397559.71,397559.71,397559.71,6759262471
20230731,090000,397559.71,398417.19,397559.71,398143.8,9535300337
20230731,100000,398111.58,398508.48,398048.49,398508.48,23615065309
20230731,110000,398538.62,398571.82,398417.68,398419.72,36566064335
20230731,120000,398381.47,398572.77,398381.47,398572.77,33754941896
20230731,150000,398572.78,398573.35,398572.78,398573.27,23495971679
20230801,090000,398573.27,401361.25,398573.27,401361.25,6798301734
20230801,100000,401510.19,401870.96,401510.19,401853.66,18733953089
20230801,110000,401861.65,401947.23,401837.57,401947.23,30524368703
20230801,120000,401961.09,402430.65,401961.09,402430.6,30072070352
20230801,140000,402430.62,402430.62,402430.62,402430.62,4427349035
20230801,150000,402429.86,402429.91,402429.86,402429.91,8852400714
20230801,160000,402429.35,402429.35,402423.98,402423.98,39067600666
20230801,170000,402423.71,402423.71,402423.57,402423.57,8604952406
20230805,090000,402423.57,406203.48,402423.57,406203.48,10476818359
20230805,100000,406675.81,408137.06,406675.81,408137.06,39865568284
20230805,110000,408232.34,408810.43,408232.34,408810.43,53070729759
20230805,120000,408874.61,409184.22,408874.61,409184.22,44436073361
20230805,130000,409184.23,409184.23,409184.23,409184.23,6033375596
20230805,140000,409184.19,409184.98,409184.19,409184.98,18099834618
20230805,150000,409185.75,409185.75,409185.75,409185.75,6033208948
20230805,160000,409185.5,409185.66,409185.21,409185.44,36175821492
20230805,170000,408794.42,408794.42,408794.42,408794.42,6028840078
20230806,090000,408794.42,409207.24,408794.42,409125.2,10236379995
20230806,100000,409098.41,409098.41,408485.8,408485.8,23435628197
20230806,110000,408409.74,408421.86,408318.5,408421.86,40636305769
20230806,120000,408439.92,408439.92,408358.7,408358.77,35525804292
20230806,150000,408358.6,408358.6,408355.88,408355.88,29369463036
20230806,160000,408355.79,408355.79,408355.63,408355.63,14675272788
20230806,170000,408355.65,408355.65,408352.46,408352.46,9781632326
20230807,090000,408352.46,410174.94,408352.46,410162.22,17344433502
20230807,100000,410175.25,410472.81,410175.25,410472.81,37006729431
20230807,110000,410495.83,410540.66,410343.28,410343.28,56924665743
20230807,120000,410288.64,410288.64,409809.29,409809.29,50654341862
20230807,140000,409809.14,409809.2,409808.6,409808.6,48579229115
20230807,170000,409808.57,409808.64,409808.57,409808.64,27745916996
20230807,190000,409658.79,409658.79,409658.79,409658.79,6936466699
20230808,090000,409658.79,409658.79,408069.09,408069.09,8603441467
20230808,100000,407992.27,407992.27,407580.93,407580.93,23176849669
20230808,110000,407528.95,407528.95,406834.22,406834.22,38200048357
20230808,120000,406782.43,406782.43,406232.17,406232.17,29897423002
20230808,150000,406232.04,406232.04,406230.82,406230.82,38109174241
20230808,160000,406230.77,406230.77,406230.77,406230.77,4763081242
20230809,090000,406230.77,407435.8,406230.77,407435.8,6404285659
20230809,100000,407530.9,407530.9,407044.18,407044.18,17789733142
20230809,110000,407000.35,407000.35,406582.93,406582.93,28881493139
20230809,120000,406506.9,406506.9,406009.26,406009.26,27623939169
20230809,140000,406009.03,406009.25,406009.03,406009.25,7923268962
20230809,150000,406010.25,406011.87,406010.25,406011.87,11881647712
20230809,170000,406011.93,406011.94,406011.93,406011.94,7920880896
20230812,090000,406011.94,406011.94,399475.23,399475.23,13262408853
20230812,100000,399202.79,399202.79,397179.88,397179.88,31020236455
20230812,110000,397036.2,397036.2,395815.5,395815.5,46083336679
20230812,120000,395737.24,395737.24,395026.72,395026.72,38889227619
20230812,140000,395027.44,395027.44,395026.48,395026.56,42370255198
20230812,150000,395026.63,395026.63,395026.63,395026.63,5295551284
20230812,170000,395026.6,395026.6,395026.6,395026.6,5295548284
20230813,090000,395026.6,395026.6,393208.99,393208.99,10510156512
20230813,100000,393142.57,393142.57,392889.26,392893.32,25822391897
20230813,110000,392920.77,393580.13,392920.77,393580.13,40366244543
20230813,120000,393615.34,393864.59,393615.34,393864.59,35414237056
20230813,140000,393865.06,393865.06,393865.06,393865.06,4785384456
20230813,150000,393865.45,393866.86,393865.45,393866.86,23922622920
20230813,170000,393866.64,393866.64,393845.5,393845.5,9568391332
20230813,180000,393840.3,393840.3,393840.3,393840.3,4784195666
20230814,090000,393840.3,397315.53,393840.3,397315.53,8624257966
20230814,100000,397343.49,397409.2,397265.17,397265.17,21399740237
20230814,110000,397239.66,397239.66,396939.38,396939.38,31233392270
20230814,120000,396895.9,396895.9,396425.74,396425.74,27555817090
20230814,130000,396425.76,396425.76,396425.76,396425.76,3892813903
20230814,140000,396425.77,396425.88,396425.77,396425.88,7785160642
20230814,150000,396425.92,396425.92,396425.92,396425.92,3892549825
20230814,170000,396424.19,396424.19,396423.8,396423.86,19423237771
20230815,090000,396423.86,396584.22,393862.05,393862.05,6593491385
20230815,100000,393509.47,393509.47,392048.67,392048.67,24543499318
20230815,110000,392001.42,392001.42,391639.41,391639.41,39107722591
20230815,120000,391606.39,391606.39,391195.33,391195.33,34129017359
20230815,140000,391195.49,391196.43,391187.07,391187.07,18677882500
20230816,090000,391187.07,391913.94,391187.07,391712.24,5969746691
20230816,100000,391610.43,391610.43,390703.91,390703.91,18327295843
20230816,110000,390603.62,390603.62,390350.46,390350.46,27841755254
20230816,120000,390341.83,390341.83,389954.13,389954.13,27442514764
20230816,140000,389954.04,389954.04,389954.04,389954.04,3308236425
20230816,150000,389954,389954.4,389944.48,389944.48,13153717312
20230816,170000,389944.54,389944.54,389944.54,389944.54,3285775109
20230816,180000,389888.37,389888.37,389888.37,389888.37,3285775109
20230819,090000,389888.37,390256.43,389479.52,389479.52,5381382073
20230819,100000,389329.9,389329.9,387948.47,387948.47,17511928232
20230819,110000,387835.93,387835.93,386389,386389,30887485773
20230819,120000,386236.55,386236.55,385399.45,385400.09,33205170808
20230819,140000,385400.38,385400.42,385399.85,385399.85,20216142536
20230819,150000,385399.8,385399.8,385399.8,385399.8,4041245194
20230819,160000,385390.46,385390.46,385389.75,385389.75,8075581864
20230819,170000,385383.81,385383.81,385374.73,385374.73,12104367796
20230820,090000,385374.73,385374.73,383247.85,383247.85,8696650535
20230820,100000,383211.59,383211.59,382968.33,383055.12,21916555611
20230820,110000,383077.67,383516.03,383077.67,383516.03,34063924004
20230820,120000,383540.72,383540.72,383423.68,383423.9,32883864947
20230820,140000,383422,383422,383419.54,383420.29,27516503090
20230820,160000,383420.24,383420.24,383420.24,383420.24,3929520252
20230820,170000,383420.28,383420.28,383224.2,383224.2,7859030504
20230821,090000,383224.2,384356.1,383199.93,384356.1,5863719476
20230821,100000,384385.61,384553.87,384385.61,384531.22,15584534703
20230821,110000,384471.32,384471.32,384131.64,384131.64,26209002218
20230821,120000,384087.19,384087.19,383588.28,383588.43,24394331785
20230821,140000,383588.38,383588.49,383588.28,383588.38,20450197578
20230821,160000,383586.65,383586.65,383586.65,383586.65,3407341656
20230821,170000,383586.64,383586.64,383586.64,383586.64,3407248806
20230822,090000,383586.64,383586.64,381727.75,381727.75,4486095568
20230822,100000,381564.46,381564.46,378967.71,378967.71,17056653621
20230822,110000,378847.45,378847.45,377862.53,377862.53,34037168095
20230822,120000,377805.18,377805.18,377331.16,377331.16,29304404281
20230822,140000,377330.43,377333.18,377330.43,377333.18,24158867283
20230822,150000,377333.42,377334.43,377333.42,377334.43,20123600470
20230822,160000,377334.55,377334.57,377334.55,377334.57,8043560174
20230822,180000,377335.63,377335.63,377335.63,377335.63,4021779851
20230823,090000,377335.63,377651.3,377335.63,377651.3,4024748660
20230823,100000,377721.15,378379.97,377721.15,378379.97,14698178007
20230823,110000,378404.84,378700.06,378404.84,378700.06,23640715209
20230823,120000,378743.34,379968.36,378743.34,379968.29,28270980276
20230823,130000,379968.26,379968.26,379968.26,379968.26,3658931315
20230823,140000,379968.07,379968.07,379966.33,379966.42,32890416462
20230823,150000,379968.86,379968.97,379967.26,379967.26,36456163824
20230823,160000,379967.27,379967.27,379966.79,379966.79,14546034472
20230823,170000,379958.65,379958.65,379958.65,379958.65,3634396441
20230826,090000,379958.65,384435.03,379958.65,384435.03,14250660989
20230826,100000,384638.99,386293.06,384638.99,386293.06,32364069459
20230826,110000,386491.67,388520.6,386491.67,388520.6,49680827179
20230826,120000,388652.11,389666.45,388652.11,389666.45,41550291985
20230826,140000,389666.39,389666.39,389664.19,389664.19,22181237400
20230826,160000,389655.43,389655.43,389655.43,389655.43,5544617556
20230826,170000,389653.75,389653.75,389652.73,389653.27,55262510754
20230826,180000,389653.28,389653.28,389653.28,389653.28,5519596289
20230827,090000,389653.28,394232.16,389653.28,394232.16,16379153985
20230827,100000,394677.09,398156.38,394677.09,398156.38,53273039357
20230827,110000,398343.55,398553.35,398343.55,398553.35,92789377079
20230827,120000,398555.07,398555.07,398503.34,398511.7,73106434702
20230827,130000,398511.69,398512.07,398511.69,398512.07,19118862128
20230827,140000,398512.16,398512.16,398511.86,398511.86,19117724688
20230827,150000,398511.99,398512.13,398511.99,398512.13,28675410828
20230827,160000,398512.15,398512.15,398512.15,398512.15,9558037168
20230827,170000,398509.93,398509.93,398487.15,398488.66,28666654631
20230827,180000,398488.39,398488.39,398486.79,398486.82,28663919580
20230827,190000,398486.79,398486.79,398486.79,398486.79,9554596314
20230828,090000,398486.79,400628.44,398486.79,400628.44,21783449236
20230828,100000,400658.45,401358.85,400658.45,401358.85,50112451511
20230828,110000,401357.86,401357.86,401218.96,401236.33,72130098125
20230828,120000,401241,401243.13,401188.44,401188.44,59952388814
20230828,140000,401187.69,401187.69,401187.69,401187.69,8088208739
20230828,150000,401186.08,401186.08,401183.65,401183.65,56601955376
20230828,190000,401187.44,401187.44,401178.51,401178.51,64261245051
20230828,200000,401004.55,401004.55,401004.55,401004.55,8014092729
20230829,090000,401004.55,402729.38,401004.55,402729.38,18215424287
20230829,100000,402763.64,402827.11,402468.31,402468.31,43052785809
20230829,110000,402427.97,402427.97,402231.75,402247.15,61059700035
20230829,120000,402226.51,402226.51,402069.83,402069.93,49651482879
20230829,140000,402069.79,402069.79,402069.59,402069.59,13396231449
20230829,150000,402069.22,402069.23,402068.96,402068.97,40176818292
20230829,200000,401921.91,401921.91,401921.91,401921.91,6695774108
20230830,090000,401921.91,402151.53,401857.3,402151.53,14275413477
20230830,100000,402267.76,403565.94,402267.76,403565.94,43893519510
20230830,110000,403597.52,403826.68,403597.52,403776.07,66887318390
20230830,120000,403783.23,403941.14,403783.23,403941.14,58497072974
20230830,140000,403941.15,403941.15,403940.67,403940.67,15920823434
20230830,160000,403940.68,403940.69,403940.68,403940.69,15886226358
20230830,170000,403940.63,403940.63,403938.9,403938.9,55565927235
20230830,180000,403912.38,403912.38,403911.26,403911.26,39682161895
20230902,090000,403911.26,405642.24,403911.26,405556.83,13938445728
20230902,100000,405650.13,405935.86,405650.13,405796.44,34428964878
20230902,110000,405732.06,405732.06,404776.5,404776.5,53060675248
20230902,120000,404738.69,404738.69,404577.87,404577.87,47604990982
20230902,130000,404577.21,404577.21,404577.21,404577.21,6376257821
20230902,140000,404576.9,404576.9,404574.05,404574.05,31871255722
20230902,150000,404572.36,404572.36,404570.01,404570.69,57233147040
20230902,160000,404570.43,404570.43,404570.43,404570.43,6351686855
20230903,090000,404570.43,405234.27,404570.43,405234.27,9658209645
20230903,100000,405374.01,405676.57,405374.01,405676.57,28251447679
20230903,110000,405687.17,405831.13,405687.17,405831.13,41472116255
20230903,120000,405834.46,405839.54,405698.97,405699.53,36400131008
20230903,140000,405699.27,405699.27,405698.61,405698.61,19938434310
20230903,150000,405698.16,405698.16,405696.52,405696.52,29878859940
20230903,160000,405696.7,405697.84,405691.25,405691.25,34750585635
20230903,170000,405691.24,405691.24,405691.24,405691.24,4961866416
20230904,090000,405691.24,407149.16,405691.24,407149.16,7949791102
20230904,100000,407322.72,409121.34,407322.72,409121.34,35016094585
20230904,110000,409211.92,409579.98,409211.92,409579.98,57407494576
20230904,120000,409617.13,409820.53,409617.13,409820.38,55338470950
20230904,140000,409820.3,409820.64,409819.46,409819.46,39757180367
20230904,150000,409819.47,409819.47,409819.47,409819.47,6625787002
20230904,160000,409819.41,409819.41,409818.97,409819.08,33120142199
20230904,170000,409819.07,409819.07,409809.56,409809.56,13245613074
20230904,190000,409780.21,409780.21,409780.21,409780.21,6622806537
20230905,090000,409780.21,413459.75,409780.21,413459.75,15695034645
20230905,100000,413441.15,413606.56,413377.82,413377.82,39879574457
20230905,110000,413322.07,413322.07,413142.46,413145.95,60077892859
20230905,120000,413141.22,413141.22,412951.12,412951.12,50112644362
20230905,140000,412950.91,412950.91,412949.75,412949.8,40724609723
20230905,150000,412949.88,412950.58,412949.88,412950.25,33926189050
20230905,170000,412950.09,412950.09,412950.03,412950.03,27134713359
20230905,190000,412926.24,412926.24,412926.24,412926.24,6783298076
20230909,090000,412926.24,412926.24,410392.29,410392.29,11597950929
20230909,100000,410292.93,410292.93,408642.85,408642.85,32302213923
20230909,110000,408579.44,408579.44,408018.17,408018.17,48912611410
20230909,120000,407966.67,407966.67,407469.81,407469.81,41535737561
20230909,160000,407469.07,407469.07,407455.38,407455.38,51135277278
20230909,170000,407455.37,407455.37,407443.79,407443.79,22701482622
20230910,090000,407443.79,407443.79,406620.61,406746.33,7969024456
20230910,100000,406705.65,407008.93,406705.65,407008.93,21520459637
20230910,110000,407028.53,407028.53,406715.91,406715.91,33335641908
20230910,120000,406664.07,406664.07,406246.09,406246.09,34944038982
20230910,140000,406235.52,406235.66,406235.49,406235.49,16911934580
20230910,150000,406235.65,406236.82,406235.65,406236.58,46460338953
20230910,160000,406236.31,406236.31,406221.82,406221.93,25283961910
20230911,090000,406221.93,406660.52,406221.93,406620.16,6612269007
20230911,100000,406608.02,406728.67,406608.02,406670.12,18428206730
20230911,110000,406639.06,406800.67,406639.06,406796.39,30972798521
20230911,120000,406798.21,406798.21,406663.33,406664.28,27798719634
20230911,130000,406664.29,406664.29,406664.29,406664.29,4067636648
20230911,150000,406664.35,406664.55,406664.16,406664.26,28470622936
20230911,160000,406664.36,406664.36,406664.01,406664.01,12200294544
20230911,170000,406651.43,406660.86,406648.53,406660.86,20305031200
20230911,200000,406534.77,406534.77,406534.77,406534.77,4061006240
20230912,090000,406534.77,407971.39,406534.77,407971.39,6567164437
20230912,100000,408165.72,408634.07,408165.72,408634.07,22096638067
20230912,110000,408641.97,408681.65,408565,408565,33858067732
20230912,120000,408544.51,408544.51,408366.24,408366.25,34448931450
20230912,140000,408365.69,408365.69,408360.72,408360.72,33640775007
20230912,150000,408354.62,408354.64,408354.62,408354.64,8406320226
20230912,160000,408354.52,408355.21,408352.11,408352.12,25133860263
20230912,180000,408352.02,408352.02,408352.02,408352.02,4186998520
20230913,090000,408352.02,409094.03,408352.02,408933.51,7229775698
20230913,100000,408914.57,408914.57,408531.65,408531.65,19372321746
20230913,110000,408507.56,408507.56,408150.47,408150.47,31190586627
20230913,120000,408137.04,408137.04,408020.99,408021.83,33203757034
20230913,140000,408021.94,408021.94,408020.1,408020.1,24897235626
20230913,150000,408019.85,408019.93,408019.59,408019.59,16589953648
20230913,160000,408019.39,408019.39,408019.39,408019.39,4145730744
20230913,170000,408016,408016,408002.99,408003.09,45524955741
20230913,180000,408003.29,408003.32,408003.29,408003.32,8269395040
20230917,090000,408003.32,409519.04,408003.32,409519.04,9043627512
20230917,100000,409655.2,410621.42,409655.2,410621.42,28135260587
20230917,110000,410694.56,410909.96,410694.56,410909.96,44404915008
20230917,120000,410928.64,410934.91,410915.9,410932.31,38279511362
20230917,150000,410932.38,410932.38,410932.28,410932.28,10481395652
20230917,160000,410931.77,410931.77,410931.54,410931.54,15715839820
20230917,170000,410931.36,410931.36,410928.15,410928.15,62582087320
20230917,180000,410928.33,410933.52,410928.33,410933.52,62207352854
20230917,190000,410934.14,410934.45,410934.14,410934.45,10346492424
20230917,200000,410924.87,410924.87,410924.87,410924.87,5173246212
20230918,090000,410924.87,411996.29,410924.87,411996.29,9006837988
20230918,100000,412074.36,412234.72,412074.36,412234.72,26613174706
20230918,110000,412215.18,412215.18,411943.47,411943.47,41297052200
20230918,120000,411880.92,411880.92,411381.38,411381.64,41696412352
20230918,140000,411381.7,411381.7,411381.35,411381.49,35425381512
20230918,150000,411381.31,411381.31,411381.08,411381.08,15180947832
20230918,160000,411381.2,411381.2,411377.92,411377.92,54682718205
20230918,170000,411377.76,411378.11,411377.76,411378.11,29576838849
20230918,180000,411378.02,411379.2,411378.02,411379.2,9857192684
20230919,090000,411379.2,411459.55,410941.62,410941.62,6685354435
20230919,100000,410938.42,410953.36,410895.58,410916.23,19408294926
20230919,110000,410909.96,410917.59,410741.68,410741.68,30987544642
20230919,120000,410731.63,410731.63,410497.42,410501.7,37045369682
20230919,140000,410501.63,410501.63,410501.23,410501.29,20177260990
20230919,150000,410501.42,410501.42,410501.42,410501.42,4035036278
20230919,160000,410501.19,410501.51,410499.53,410499.77,24176405715
20230919,180000,410503.23,410503.43,410503.2,410503.2,12068685237
20230920,090000,410503.2,410646.95,410166.46,410193.09,5464316398
20230920,100000,410281.78,410344.62,410230.42,410344.62,17016129663
20230920,110000,410351.11,410421.64,410305.12,410305.12,29733365796
20230920,120000,410284.03,410284.03,410124.13,410124.13,27194433524
20230920,140000,410124.2,410125,410124.06,410125,30736331774
20230920,150000,410140.94,410140.95,410140.94,410140.95,7681001516
20230923,090000,410140.95,410571.4,410140.95,410564.47,5995484929
20230923,100000,410588.69,410588.69,410496.13,410504.82,16394974276
20230923,110000,410488.8,410488.8,410209.12,410209.12,27128870105
20230923,120000,410182.55,410182.55,410124.86,410135.04,33174237845
20230923,150000,410134.97,410134.97,410134.32,410134.32,21719429799
20230923,170000,410134.33,410134.34,410134.33,410134.34,7237483938
20230923,190000,410131.75,410131.75,410131.75,410131.75,3618702969
20230925,090000,410131.75,410382.96,409533.42,409533.42,10344194957
20230925,100000,409451.55,409451.55,408695.6,408695.6,26083882406
20230925,110000,408655.27,408655.27,407969.03,407969.03,41633938040
20230925,120000,407836.41,407836.41,407181.24,407181.24,44825972312
20230925,130000,407181.17,407181.49,407181.17,407181.49,16223839405
20230925,140000,407181.65,407181.85,407181.35,407181.85,32419834523
20230925,150000,407181.78,407181.78,407181.78,407181.78,5402629083
20230925,160000,407180.92,407180.99,407180.92,407180.99,10804804570
20230925,170000,407180.98,407181.13,407180.56,407180.58,21604988845
20230925,180000,407180.12,407180.12,407180.12,407180.12,5401232504
20230926,090000,407180.12,408034.54,407180.12,408034.54,6844211886
20230926,100000,408015.3,408075.5,407972.01,408075.5,19316613331
20230926,110000,408077.46,408077.46,407838.73,407838.73,30823472447
20230926,120000,407802.13,407802.13,407622.15,407622.15,27409660621
20230926,140000,407622.23,407623.05,407622.23,407623,18788783314
20230926,160000,407630.54,407630.54,407630.54,407630.54,3757203222
20230927,090000,407630.54,408659.06,407630.54,408659.06,8037867555
20230927,100000,408677.35,408725.01,408677.35,408715.35,24300747615
20230927,110000,408634.29,408679.26,408581.9,408607.99,36916664984
20230927,120000,408597.03,408597.03,408334.11,408334.11,36149153505
20230927,140000,408334.04,408334.04,408334.04,408334.04,4331777179
20230927,160000,408334.37,408334.37,408334.26,408334.26,12988281243
20230927,170000,408334.63,408335.35,408334.63,408335.35,12980142072
20230930,090000,408335.35,409210.59,408335.35,408585.43,10809120441
20230930,100000,408554.12,408554.12,407882.12,407882.12,25964299715
20230930,110000,407805.36,407805.36,407071.21,407071.21,38998786385
20230930,120000,407007.31,407007.31,406454.49,406454.49,40761868891
20230930,130000,406454.32,406454.32,406453.74,406453.89,29661871403
20230930,140000,406453.41,406453.48,406452.12,406452.31,19692345440
20230930,150000,406452.63,406455.83,406449.6,406449.6,19630093838
20230930,160000,406449.52,406449.52,406449.47,406449.47,9812477584
20230930,170000,406449.07,406449.07,406447.77,406447.77,9812088104
20231001,090000,406447.77,406617.23,406125.31,406125.31,12942496128
20231001,100000,406012.12,406012.12,405075.21,405075.21,35759432208
20231001,110000,405014.84,405014.84,404257.29,404257.29,51258328902
20231001,120000,404175.13,404175.13,403684.83,403684.84,48017407693
20231001,130000,403684.99,403684.99,403684.99,403684.99,5710187870
20231001,140000,403685.06,403685.81,403684.98,403685.52,28530697568
20231001,160000,403685.54,403686.41,403685.54,403686.41,17112974688
20231001,170000,403686.65,403688.19,403686.65,403688.19,68449623217
20231001,180000,403688.16,403688.16,403685.25,403685.25,68446381755
20231001,190000,403684.97,403684.97,403684.08,403684.08,11407564516
20231002,090000,403684.08,404351.06,403684.08,404266.9,7669611073
20231002,100000,404271.99,404615.64,404271.99,404615.64,22188675018
20231002,110000,404646.3,404918.96,404646.3,404914.72,35648896097
20231002,120000,404933.65,404994.98,404933.65,404994.98,39468186613
20231002,130000,404995.6,404995.75,404995.6,404995.75,8459060860
20231002,160000,404995.89,404995.89,404984.59,404985.74,21115994120
20231002,170000,404985.78,404985.78,404985.78,404985.78,4221356774
20231002,180000,404985.97,404985.98,404985.97,404985.98,8442337148
20231002,190000,404920.52,404920.52,404920.52,404920.52,4221168574
20231004,090000,404920.52,406208.8,404920.52,406208.8,6563610307
20231004,100000,406368.37,406779.15,406368.37,406779.15,18187286308
20231004,110000,406854.79,406947.26,406854.79,406925.53,29593980639
20231004,120000,406907.98,406907.98,406770.51,406770.51,26217830643
20231004,130000,406770.52,406770.52,406770.43,406770.43,7236518722
20231004,150000,406764.54,406764.54,406764.54,406764.54,3616157389
20231004,170000,406764.58,406764.58,406764.57,406764.57,7232148866
20231004,180000,406576.22,406576.22,406576.22,406576.22,3616074433
20231007,090000,406576.22,406925.15,406299.97,406299.97,5841936166
20231007,100000,406242.52,406242.52,405291.3,405291.3,18206246543
20231007,110000,405198.65,405198.65,403709.98,403709.98,32906684077
20231007,120000,403569.23,403569.23,402765.47,402765.7,31418844962
20231007,130000,402765.53,402765.58,402765.53,402765.58,8676988565
20231007,140000,402766.11,402766.41,402766.03,402766.04,21671454370
20231007,150000,402766.02,402766.35,402765.98,402766.35,17336543400
20231007,160000,402763.97,402763.97,402761.87,402761.87,12991546228
20231007,180000,402764.59,402764.59,402764.59,402764.59,4330004666
20231008,090000,402764.59,402764.59,391550.2,391550.2,18724351776
20231008,100000,391284.67,391284.67,389132.66,389132.66,49042393838
20231008,110000,389051.02,389051.02,388359.43,388359.43,63618703264
20231008,120000,388312.59,388312.59,387988.91,387988.91,46236477057
20231008,130000,387988.87,387988.87,387988.34,387988.34,21267273807
20231008,140000,387987.91,387987.91,387985.96,387985.96,28356354276
20231008,150000,387985.91,387985.91,387985.7,387985.7,14178175338
20231008,160000,387986.07,387986.19,387986.07,387986.19,21209336817
20231009,090000,387986.19,388366.49,386986.93,388366.49,12179067043
20231009,100000,388424.5,388424.5,387498.6,387498.6,30801309949
20231009,110000,387442.33,387442.33,386934.58,386934.58,42222843212
20231009,120000,386904.87,386904.87,386704.28,386704.28,39204410997
20231009,130000,386704.22,386704.24,386704.22,386704.24,9341067260
20231009,140000,386704.52,386704.52,386704.52,386704.52,4669753580
20231009,160000,386700.71,386700.71,386695.02,386695.02,9338172618
20231009,170000,386694.99,386694.99,386694.99,386694.99,4669082409
20231010,090000,386694.99,387573.77,386694.99,387466.87,6227373169
20231010,100000,387486.31,387886.98,387486.31,387886.98,15918710180
20231010,110000,388008.65,388842.01,388008.65,388842.01,26750265975
20231010,120000,388906.3,389535.2,388906.3,389534.8,31025542375
20231010,160000,389539.3,389539.3,389539.3,389539.3,3389907995
20231011,090000,389539.3,391881.08,389539.3,391881.08,5999894816
20231011,100000,391975.26,392310.51,391975.26,392310.51,15909290948
20231011,110000,392348.54,392371.91,392283.65,392283.65,25513057694
20231011,120000,392252.82,392252.82,392064.06,392064.06,23829488032
20231011,140000,392064.21,392064.29,392062.69,392062.69,13288376292
20231011,160000,392060.36,392060.36,392059.79,392059.79,6636775418
20231014,090000,392059.79,392059.79,388502.27,388502.27,9179851703
20231014,100000,388415.89,388415.89,387711.55,387711.55,25045320499
20231014,110000,387650.31,387650.31,386940.19,386940.19,36862593755
20231014,120000,386868.45,386868.45,386146.55,386146.55,32131207060
20231014,130000,386146.51,386146.51,386146.51,386146.51,4481809652
20231014,140000,386146.47,386153.46,386146.47,386153.46,49249535340
20231014,150000,386153.1,386153.1,386153.1,386153.1,4471896189
20231014,160000,386153.13,386153.27,386153.13,386153.27,8943726378
20231014,170000,386153.64,386153.64,386153.64,386153.64,4471763189
20231014,190000,386154.65,386154.65,386154.65,386154.65,4471763189
20231015,090000,386154.65,386674.91,386080.21,386603.86,6380748044
20231015,100000,386559.48,386559.48,386030.09,386030.09,18589344563
20231015,110000,385998.92,385998.92,385687.07,385687.07,29151468337
20231015,120000,385655.81,385655.81,385432.51,385432.54,26071346643
20231015,140000,385432.77,385434.85,385432.73,385434.85,11095230531
20231015,150000,385407.9,385407.9,385407.9,385407.9,3695665529
20231015,160000,385407.88,385407.88,385407.88,385407.88,3695325391
20231016,090000,385407.88,387312.62,385407.88,387312.62,6006737614
20231016,100000,387391.94,388234.42,387391.94,388234.42,17245541481
20231016,110000,388340.88,389325.7,388340.88,389325.7,29163030953
20231016,120000,389376.33,390006.2,389376.33,390006.14,32336129313
20231016,140000,390006.29,390006.29,390006.29,390006.29,4070799776
20231016,150000,390006.24,390006.24,390005.89,390005.89,8110551600
20231016,160000,389998.29,389998.29,389998.29,389998.29,4054702910
20231016,190000,389995.57,389995.57,389995.57,389995.57,4054702910
20231017,090000,389995.57,391649.63,389995.57,391629.94,7111288169
20231017,100000,391638.57,391935.07,391633.32,391935.07,18479411466
20231017,110000,391961.62,392019.31,391961.62,391972.4,29852884030
20231017,120000,391942.59,391942.59,391791.16,391791.29,36816039383
20231017,130000,391791.3,391791.3,391791.3,391791.3,4104111201
20231017,150000,391791.24,391791.24,391790.29,391790.29,8207322402
20231017,180000,391785.23,391785.23,391785.23,391785.23,4103661201
20231018,090000,391785.23,391785.23,388565.11,388565.11,16316234408
20231018,100000,388497.62,388497.62,388447.22,388459.75,33376349974
20231018,110000,388456.46,388456.46,388164.07,388164.07,45063369767
20231018,120000,388137.06,388137.06,387836.1,387836.1,42106319881
20231018,130000,387836,387836.13,387836,387836.13,10023358620
20231018,140000,387835.68,387835.68,387835.68,387835.68,5011325070
20231018,150000,387835.67,387835.67,387835.67,387835.67,5010461270
20231018,160000,387841.08,387841.08,387830.44,387830.44,10019856648
20231021,090000,387830.44,389322.04,387830.44,389322.04,7203555189
20231021,100000,389380.74,389737.39,389380.74,389737.39,20107965417
20231021,110000,389733.87,389754.58,389702.23,389744.98,27858429773
20231021,120000,389762.99,389762.99,389686.48,389686.48,27002841231
20231021,140000,389686.66,389686.66,389686.66,389686.66,3221258336
20231021,150000,389685.61,389685.61,389685.61,389685.61,3221150311
20231021,200000,389627.47,389627.47,389627.47,389627.47,3221150311
20231022,090000,389627.47,391013.83,389627.47,391013.83,8112856571
20231022,100000,391094.73,391729.02,391094.73,391729.02,21421666728
20231022,110000,391778.41,391836.98,391778.41,391818.91,30664530577
20231022,120000,391840.33,391870.61,391832.69,391846.64,29652194089
20231022,140000,391846.69,391846.83,391846.65,391846.83,14327143884
20231022,150000,391846.93,391846.93,391846.93,391846.93,3581671644
20231022,170000,391843.99,391843.99,391843.99,391843.99,3581350417
20231022,180000,391579.5,391579.5,391579.5,391579.5,3581350417
20231023,090000,391579.5,391726.05,390605.28,390605.28,8915932179
20231023,100000,390581.69,390581.69,390213.56,390213.56,21276939370
20231023,110000,390174.17,390174.17,389654.55,389654.55,33052370192
20231023,120000,389615.56,389615.56,389169.28,389169.28,29819036827
20231023,140000,389169.33,389169.69,389169.3,389169.3,28865482789
20231023,160000,389168.83,389171.28,389168.58,389171.28,12368730832
20231023,170000,389172.19,389172.19,389172.17,389172.17,8202284258
20231023,180000,389172.23,389172.23,389172.23,389172.23,4100305948
20231023,190000,389172.24,389172.24,389172.24,389172.24,4100281974
20231024,090000,389172.24,389348.06,388730.09,388730.09,5681232104
20231024,100000,388600.31,388600.31,386177.1,386177.1,21451116857
20231024,110000,386012.83,386012.83,384512.85,384512.85,37029361575
20231024,120000,384378.77,384378.77,383628.07,383629.62,36409952442
20231024,130000,383629.67,383629.67,383629.67,383629.67,4348293540
20231024,170000,383629.7,383638.47,383629.7,383638.47,25705789863
20231024,180000,383639,383639,383635.5,383635.5,12726651945
20231024,190000,383634.58,383634.58,383634.58,383634.58,4242217315
20231025,090000,383634.58,383720.2,383439.88,383439.88,5192608836
20231025,100000,383633.49,383963.73,383633.49,383959.24,17653551698
20231025,110000,383967.1,383972.67,383936.46,383946.02,31610113565
20231025,120000,383945.61,383964.75,383925.68,383964.75,28427154122
20231025,140000,383964.8,383964.82,383964.8,383964.82,7834971362
20231025,150000,383962.56,383964.05,383962.56,383964.05,11744555616
20231025,170000,383964.04,383964.05,383964.04,383964.05,7829676190
20231028,090000,383964.05,383964.05,375375.3,375375.3,18835925056
20231028,100000,375029.9,375029.9,372283.56,372283.56,45195453111
20231028,110000,372161.8,372161.8,371198.22,371198.22,60615110441
20231028,120000,371123.71,371123.71,370602.71,370602.71,42656593261
20231028,170000,370600.43,370600.43,370600.43,370600.43,6641177973
20231029,090000,370600.43,372308.17,370411.33,372308.17,10198263916
20231029,100000,372386.45,372987.62,372386.45,372987.62,24204473185
20231029,110000,373084.37,373639.32,373084.37,373639.32,34788362267
20231029,120000,373689.61,373915.29,373689.61,373915.29,29637408574
20231029,130000,373915.43,373915.44,373915.43,373915.44,8130216265
20231029,140000,373915.1,373915.1,373910.24,373910.65,48725354727
20231029,150000,373910.66,373910.68,373910.42,373910.42,28422361832
20231029,160000,373909.42,373909.42,373909.42,373909.42,4060284854
20231029,170000,373909.43,373909.43,373909.43,373909.43,4060283054
20231030,090000,373909.43,377262.14,373909.43,377262.14,8254181670
20231030,100000,377496.02,378831.09,377496.02,378831.09,22163862708
20231030,110000,378975.78,379877.33,378975.78,379877.33,34900786334
20231030,120000,379933.07,380214.49,379933.07,380214.49,29835804416
20231030,130000,380214.52,380214.53,380214.52,380214.53,8131654122
20231030,140000,380212.54,380212.54,380212.54,380212.54,4065728409
20231030,150000,380212.01,380212.01,380203.77,380203.77,12144724227
20231030,160000,380203.48,380203.48,380201.77,380201.77,12140912037
20231031,090000,380201.77,381166.62,380201.77,381166.62,5280474925
20231031,100000,381256.26,381593.66,381256.26,381581.53,15425779643
20231031,110000,381565.32,381565.32,380802.05,380802.05,29190521912
20231031,120000,380746.69,380746.69,380268.94,380268.94,34824257423
20231031,140000,380268.92,380268.96,380268.92,380268.96,7568616014
20231031,170000,380269.63,380269.63,380269.63,380269.63,3784308007
20231101,090000,380269.63,380269.63,375493.92,375493.92,12065155502
20231101,100000,375395.68,375395.68,375063.23,375063.23,26607721552
20231101,110000,375042.41,375042.41,374678.43,374678.43,36222023740
20231101,120000,374626.87,374626.87,374522.09,374618.67,46450942350
20231101,130000,374618.71,374618.77,374618.71,374618.77,9246213478
20231101,140000,374618.65,374619.33,374618.1,374619.33,46146333374
20231101,150000,374619.35,374620.03,374619.34,374620.03,13790904823
20231101,160000,374620.36,374623.32,374616.69,374616.82,36378282987
20231101,170000,374616.75,374616.75,374616.75,374616.75,4538551729
20231104,090000,374616.75,379717.32,374616.75,379717.32,11656949430
20231104,100000,379793.28,380456.02,379793.28,380456.02,30368123846
20231104,110000,380506.02,381127.22,380506.02,381127.22,42331970172
20231104,120000,381195.31,381852.68,381195.31,381852.68,31570888947
20231104,140000,381852.7,381852.7,381852.54,381852.54,14886910668
20231104,150000,381852.53,381852.61,381852.24,381852.24,24810809171
20231104,160000,381852.82,381852.82,381852.68,381852.7,19833799988
20231104,170000,381852.26,381853.44,381852.26,381853.44,9913174372
20231104,180000,381854.12,381854.12,381854.12,381854.12,4956578016
20231105,090000,381854.12,383441.2,381854.12,383441.2,7804614853
20231105,100000,383660.61,384635.7,383660.61,384627.11,23242874890
20231105,110000,384656.15,384993.77,384656.15,384993.77,36745998146
20231105,120000,385027.51,385211.27,385027.51,385211.27,38679325362
20231105,150000,385210.42,385210.42,385210.42,385210.42,4705448832
20231105,160000,385210.26,385210.26,385208.57,385208.57,14115664486
20231106,090000,385208.57,386643.11,385208.57,386643.11,8072921231
20231106,100000,386795.46,388023.08,386795.46,388023.08,26334929393
20231106,110000,388066.16,388334.66,388052.48,388334.66,40320131359
20231106,120000,388348.56,388566.46,388348.56,388566.46,35335119468
20231106,140000,388566.24,388566.34,388562.64,388562.64,24424934645
20231106,150000,388562.67,388562.67,388562.67,388562.67,4884690288
20231106,170000,388562.66,388566.2,388562.66,388565.36,24252569667
20231107,090000,388565.36,391441.99,388565.36,391441.99,12674768624
20231107,100000,391545.75,392827.94,391545.75,392827.94,35733423774
20231107,110000,392937.34,394541.1,392937.34,394541.1,64967597227
20231107,120000,394590.66,395007.26,394590.66,395007.03,56459615137
20231107,130000,395007.16,395007.16,395007,395007,15147596220
20231107,140000,395006.69,395006.69,395006.69,395006.69,7573271030
20231107,170000,395007.55,395007.55,395007.55,395007.55,7572477661
20231107,180000,395007.56,395007.56,395007.56,395007.56,7572465211
20231108,090000,395007.56,396224.32,395007.56,396224.32,9471365384
20231108,100000,396296.12,396776.16,396296.12,396756.26,24678325833
20231108,110000,396764.51,396775.02,396509.19,396509.19,36549370225
20231108,120000,396490.79,396499.17,396470.82,396470.82,33110591884
20231108,130000,396470.97,396470.97,396470.97,396470.97,4509160991
20231108,140000,396470.69,396470.69,396469.43,396469.43,22529926613
20231108,150000,396469.36,396469.36,396469.35,396469.35,9011277418
20231108,160000,396469.27,396469.27,396467.55,396467.55,9011277418
20231111,090000,396467.55,397616.86,396467.55,397616.86,10184135202
20231111,100000,397686.66,397795.54,397607.42,397607.42,26056481635
20231111,110000,397567.33,397567.33,397006.91,397006.91,38721521015
20231111,120000,396931.72,396931.72,396655.04,396655.04,32910562164
20231111,140000,396655.69,396656.19,396655.64,396655.64,22779643219
20231111,150000,396655.68,396655.68,396654.73,396654.73,13660310688
20231112,090000,396654.73,396847.84,396600.63,396600.63,6307600928
20231112,100000,396588.49,396998.27,396539.97,396998.27,19081056111
20231112,110000,397110.64,397607.14,397110.64,397607.14,35785655771
20231112,120000,397618.81,397751.91,397618.81,397751.87,37562310847
20231112,150000,397751.73,397751.73,397751.65,397751.65,13719075729
20231112,170000,397751.1,397752.52,397750.68,397752.52,18216706682
20231112,180000,397753.04,397753.04,397746.34,397748.13,31507201723
20231113,090000,397748.13,400202.21,397748.13,400202.21,8717368742
20231113,100000,400354.2,400955.57,400354.2,400952.96,27480385854
20231113,110000,400941.5,400941.5,400786.84,400786.84,39591057634
20231113,120000,400751.51,400751.51,400364.75,400364.75,34295416325
20231113,130000,400364.72,400364.76,400364.72,400364.76,9439381112
20231113,140000,400364.9,400365.24,400364.9,400365.24,18875119535
20231113,160000,400364.4,400364.4,400363.34,400363.34,14155947777
20231113,180000,400363.39,400363.44,400363.39,400363.44,9437238512
20231113,190000,400321,400321,400321,400321,4718610152
20231114,090000,400321,400430.86,400050.1,400059.99,7471643728
20231114,100000,400031.15,400031.15,399486.25,399486.25,22639608964
20231114,110000,399456.11,399456.11,398787.33,398787.33,35304442606
20231114,120000,398746.49,398746.49,398424.94,398424.95,31383521634
20231114,130000,398425.11,398425.11,398425.11,398425.11,4274902052
20231114,150000,398425.06,398425.06,398420.46,398424.33,25551441642
20231114,160000,398426.19,398426.19,398425.91,398425.91,21242067903
20231114,170000,398425.82,398425.82,398423.89,398423.89,50764776812
20231114,180000,398423.62,398423.62,398415.34,398415.34,50356280593
20231114,190000,398414.63,398414.63,398373.93,398373.93,50011646196
20231114,200000,398369.96,398369.96,398344.37,398345.22,49858970614
20231114,210000,398345.18,398345.18,398156.07,398156.07,8303419656
20231115,090000,398156.07,398758.28,398156.07,398758.28,7628707375
20231115,100000,398788.41,399045.9,398788.41,398968.71,21735134338
20231115,110000,398930.26,398930.26,398481.78,398481.78,34588346327
20231115,120000,398420.88,398420.88,398152.36,398152.36,30031301757
20231115,150000,398147.36,398147.36,398145.97,398145.97,8251555532
20231115,170000,398145.63,398149.35,398145.63,398149.35,8249635768
20231118,090000,398149.35,398955.81,398149.35,398937.55,7150790287
20231118,100000,398917.34,398960.3,398704.08,398704.08,19675281713
20231118,110000,398677.81,398677.81,398298.06,398298.06,30301145251
20231118,120000,398284.83,398284.83,398023.62,398025.65,30416033752
20231118,140000,398025.69,398026.08,398025.69,398026.08,18500553236
20231118,150000,398026,398031.14,398025.56,398031.14,25889658612
20231118,160000,398033.49,398033.73,398033.49,398033.73,7395399444
20231118,180000,398033.72,398033.87,397961.94,397961.94,11091809712
20231119,090000,397961.94,399621.94,397961.94,399621.94,7242496139
20231119,100000,399718.58,399852.46,399718.58,399747.21,19349284871
20231119,110000,399737.18,399801.6,399546.51,399546.51,31430521573
20231119,120000,399503.87,399503.87,399107.01,399107.05,32040564523
20231119,140000,399106.77,399106.77,399059.96,399059.96,35079173754
20231119,150000,399054.45,399054.45,399006.74,399018.12,38949163286
20231119,180000,399018.14,399018.15,399018.14,399018.15,7788546334
20231120,090000,399018.15,399192.44,398448.58,398448.58,5019166628
20231120,100000,398436.13,398436.13,398143.68,398143.68,17918927836
20231120,110000,398112.18,398112.18,397681.62,397681.62,30374002893
20231120,120000,397635.08,397635.08,397169.42,397169.42,28492169084
20231120,150000,397169.49,397169.49,397168.18,397168.67,15841537071
20231120,160000,397168.19,397168.58,397166.04,397166.04,35483546626
20231120,170000,397166.18,397166.45,397166.18,397166.45,11825602295
20231121,090000,397166.45,398405.28,397166.45,398405.28,5785098331
20231121,100000,398398.68,398645.89,398398.68,398645.89,16960742573
20231121,110000,398677.98,398782.96,398668.72,398773.58,28096602911
20231121,120000,398772.55,398876.78,398772.55,398876.78,30161978682
20231121,130000,398876.85,398876.85,398876.85,398876.85,3774424319
20231121,140000,398876.81,398876.81,398875.37,398875.37,22601375002
20231121,150000,398875.66,398875.66,398875.66,398875.66,3764477155
20231121,160000,398875.74,398876.15,398875.74,398876.15,15048252566
20231121,180000,398876.12,398876.13,398876.12,398876.13,7521465714
20231122,090000,398876.13,401031.19,398876.13,401031.19,6731888480
20231122,100000,401113.44,401173.66,400815.19,400815.19,18605646920
20231122,110000,400772.8,400772.8,400646.08,400646.08,30702482989
20231122,120000,400633.68,400633.68,400424.75,400424.9,33249889664
20231122,150000,400424.64,400424.64,400424.38,400424.38,12249735573
20231122,160000,400421.83,400421.83,400416.89,400416.89,8146201384
20231122,170000,400395.84,400395.84,400395.53,400395.53,8135549154
20231125,090000,400395.53,401377.99,400395.53,401104.14,6772260205
20231125,100000,401043.74,401043.74,400733.97,400733.97,19923608478
20231125,110000,400707.13,400707.13,400437.26,400437.26,31674640463
20231125,120000,400425.76,400425.76,400116.01,400116.01,28745777515
20231125,140000,400116,400116,400115.12,400115.12,23772112581
20231125,150000,400115.18,400115.18,400115.18,400115.18,3961002166
20231125,170000,400115.43,400115.43,400103.69,400103.69,11839669662
20231126,090000,400103.69,400867.6,400103.69,400867.6,8479314109
20231126,100000,400931.14,401538.7,400931.14,401538.7,24319160837
20231126,110000,401527.79,401760.97,401527.79,401760.97,38609362630
20231126,120000,401755.69,401782.16,401755.69,401771.42,38984885836
20231126,130000,401771.52,401771.52,401770.4,401770.71,18767117321
20231126,140000,401770.68,401770.68,401769.63,401769.63,18735583936
20231126,150000,401769.65,401769.65,401769.65,401769.65,4682668941
20231126,170000,401757.62,401759.79,401757.62,401759.79,9363143264
20231126,180000,401759.95,401759.95,401759.93,401759.93,9363070114
20231127,090000,401759.93,403314.59,401759.93,403314.59,8076988919
20231127,100000,403355.38,403536.71,403355.38,403523.41,20601580788
20231127,110000,403510.42,403510.42,403273.26,403273.26,33566637260
20231127,120000,403251.55,403251.55,403004.07,403004.07,30773272162
20231127,130000,403003.97,403003.97,403003.51,403003.51,12611068244
20231127,140000,403003.36,403003.36,403003.36,403003.36,4201850241
20231127,150000,403003.04,403003.04,403003.04,403003.04,4201480930
20231127,160000,403003.09,403003.09,403003.09,403003.09,4201480930
20231127,170000,403007.42,403007.42,402999.58,402999.58,12588252882
20231127,180000,402989.37,402989.37,402989.37,402989.37,4196084294
20231128,090000,402989.37,403451.6,402989.37,403227.18,6673146670
20231128,100000,403227.73,403266.06,403212.24,403255.9,19276070050
20231128,110000,403256.37,403467.12,403256.37,403467.12,32636241876
20231128,120000,403468.1,403702.32,403468.1,403701.98,35543965635
20231128,140000,403701.96,403701.96,403699.7,403699.7,26231326592
20231128,150000,403699.38,403699.38,403698.56,403698.56,17479957716
20231128,160000,403697.07,403697.07,403696.77,403696.77,8732014404
20231128,170000,403696.8,403696.8,403696.8,403696.8,4365928914
20231129,090000,403696.8,406331,403696.8,406331,10087320038
20231129,100000,406426.09,407886.05,406426.09,407886.05,34497032629
20231129,110000,407970.6,408376.84,407970.6,408376.84,58137171601
20231129,120000,408389.42,408561.17,408389.42,408561.17,49635178066
20231129,140000,408561.16,408561.16,408560.41,408560.41,20135417714
20231129,160000,408559.9,408560.92,408556.48,408560.92,26817119866
20231129,180000,408560.94,408560.95,408560.94,408560.95,13402065648
20231202,090000,408560.95,412219.13,408560.95,412219.13,17017867974
20231202,100000,412296.74,413181.76,412296.74,413181.76,42885773330
20231202,110000,413269.23,413407.42,413269.23,413378.26,61451800618
20231202,120000,413355.92,413355.92,413137.85,413138.21,52160313992
20231202,140000,413138.27,413138.27,413138.27,413138.27,6989855106
20231202,150000,413137.29,413137.29,413134.06,413134.06,20955738203
20231203,090000,413134.06,413137.27,412716.76,412716.76,11458230447
20231203,100000,412806.55,413160.22,412806.55,413160.22,39259880712
20231203,110000,413175.13,413546.2,413175.13,413546.2,67686695512
20231203,120000,413662.7,414683.73,413662.7,414683.73,71641573660
20231203,140000,414683.88,414683.88,414683.47,414683.47,50581034067
20231203,150000,414683.31,414683.31,414682.8,414683.18,50532808789
20231203,160000,414687.23,414687.23,414687.23,414687.23,10105087530
20231203,170000,414687.21,414687.21,414687.21,414687.21,10104970668
20231204,090000,414687.21,420398.92,414687.21,420398.92,25422315276
20231204,100000,420442.35,420598.29,420422.96,420458.25,58571494340
20231204,110000,420557.95,420557.95,420422.73,420422.73,83559619914
20231204,120000,420416.1,420434.31,420321.79,420321.94,71067154688
20231204,130000,420321.88,420321.88,420321.88,420321.88,9624116705
20231205,090000,420321.88,422281.6,420321.88,422281.6,14658300465
20231205,100000,422534.47,423964.73,422534.47,423964.73,53576852336
20231205,110000,423967.49,423976.26,423881.66,423881.66,80991614643
20231205,120000,423880.75,423895.16,423821.6,423821.6,74614610831
20231205,140000,423821.63,423821.73,423821.63,423821.73,35313588282
20231205,150000,423821.54,423821.54,423821.54,423821.54,8827200048
20231205,170000,423814.79,423826.22,423814.79,423826.22,26449909450
20231206,090000,423826.22,424655.1,423826.22,424318.79,10213679080
20231206,100000,424257.55,424257.55,423938.17,423938.17,30055889344
20231206,110000,423916.25,423956.12,423858.55,423858.55,45433733695
20231206,120000,423839.58,423839.58,423672.47,423672.5,46017351153
20231206,130000,423672.41,423672.41,423672.41,423672.41,5596498693
20231206,140000,423672.34,423672.34,423670.98,423670.98,16779300679
20231206,160000,423671.03,423671.03,423670.58,423670.58,22343406844
20231206,180000,423567.74,423567.74,423567.74,423567.74,5585574048
20231209,090000,423567.74,424111.17,423567.74,423802.53,9712263764
20231209,100000,423899.32,423899.32,423437.37,423437.37,29438433111
20231209,110000,423373.44,423373.44,422674.62,422674.62,47598013956
20231209,120000,422608.49,422608.49,422073.02,422073.03,47388905134
20231209,130000,422073.13,422073.18,422072.61,422072.61,39586620342
20231209,140000,422072.43,422072.97,422072.43,422072.66,39479561791
20231209,160000,422072.62,422072.72,422072.62,422072.72,11276986782
20231209,170000,422072.81,422072.81,422072.81,422072.81,5638111800
20231209,180000,422072.99,422072.99,422072.99,422072.99,5637847919
20231209,190000,421935.64,421935.64,421935.64,421935.64,5637847919
20231210,090000,421935.64,422358.79,421935.64,422228.06,7653484813
20231210,100000,422250.62,422839.83,422250.62,422839.83,23296421737
20231210,110000,422871.58,422996.91,422870.57,422996.91,38773379354
20231210,120000,422998.3,423001.65,422948.72,422948.72,35084891439
20231210,140000,422948.68,422948.68,422948.35,422948.42,24104643244
20231210,150000,422948.49,422948.49,422948.14,422948.36,14454513442
20231210,160000,422948.26,422948.26,422946.46,422947.27,19271193832
20231210,170000,422948.88,422948.88,422948.88,422948.88,4817719354
20231210,180000,422948.93,422948.96,422948.93,422948.96,9633340862
20231210,190000,422780.21,422780.21,422780.21,422780.21,4816670431
20231211,090000,422780.21,424826.9,422780.21,424826.9,8679062945
20231211,100000,424875.01,425149.58,424875.01,425149.58,26471610496
20231211,110000,425172.38,425199.68,425028.95,425035.44,42417882390
20231211,120000,425017.79,425017.79,424863.51,424863.66,43263082117
20231211,140000,424863.8,424863.8,424863.24,424863.24,26293585250
20231211,150000,424863.08,424863.08,424863.08,424863.08,5258646466
20231211,160000,424863.1,424863.1,424863.1,424863.1,5258546774
20231211,170000,424863.13,424863.13,424863.13,424863.13,5258546774
20231212,090000,424863.13,426123.21,424863.13,426123.21,10256621414
20231212,100000,426172.83,426410.39,426172.83,426283.6,29496658666
20231212,110000,426263.35,426298.49,426227.76,426227.76,46955038229
20231212,120000,426187.1,426187.1,425992.9,425992.96,42715057708
20231212,140000,425992.75,425992.75,425991.7,425991.7,23487773584
20231212,150000,425991.67,425991.67,425991.27,425991.27,23481201211
20231212,160000,425991.3,425992.32,425991.3,425992.32,17594989653
20231212,200000,425911.51,425911.51,425911.51,425911.51,5862616238
20231213,090000,425911.51,426423.93,425911.51,426004.99,6872625992
20231213,100000,426027.65,426027.65,425908.77,425956.55,22764171614
20231213,110000,425953.08,426001.51,425953.08,425991.27,37363572434
20231213,120000,426007.11,426007.11,425907.4,425907.44,33416073044
20231213,140000,425907.88,425907.88,425907.19,425907.19,13829271315
20231213,150000,425907.45,425907.45,425906.73,425906.73,13827242462
20231213,160000,425906,425906.02,425905.85,425905.85,13823922056
20231213,170000,425905.86,425905.86,425905.77,425905.77,9215040032
20231213,180000,425904.69,425904.69,425904.69,425904.69,4607520016
20231216,090000,425904.69,426928.37,425904.69,426928.37,7591871413
20231216,100000,427121.46,427744.35,427121.46,427744.35,24897107375
20231216,110000,427821.65,428110.85,427821.65,428110.85,39928017792
20231216,120000,428129.18,428200.14,428129.18,428200.13,40204592280
20231216,130000,428200.1,428200.1,428200.1,428200.1,4865687022
20231216,140000,428200.38,428200.38,428196.44,428200.14,38901584929
20231216,150000,428200.08,428200.08,428200.08,428200.08,4860483307
20231216,160000,428200.06,428200.06,428200.06,428200.06,4859646093
20231216,180000,428185.16,428185.16,428185.16,428185.16,4859646093
20231218,090000,428185.16,431068.94,428185.16,431068.94,11886657351
20231218,100000,431284.04,432394.17,431284.04,432394.17,39114517873
20231218,110000,432453.8,432968.11,432453.8,432968.11,67370268174
20231218,120000,432978.08,433002.11,432975.24,432975.24,66419723358
20231218,140000,432975.18,432975.18,432974.63,432974.63,40316515535
20231218,170000,432974.76,432975.43,432974.76,432975.11,40257416836
20231218,180000,432975.19,432975.19,432975.19,432975.19,8049807077
20231218,190000,432828.51,432828.51,432828.51,432828.51,8049806556
20231219,090000,432828.51,433055.71,432784.2,433055.71,17875166608
20231219,100000,433100.9,433490.09,432966.33,432966.33,42217616166
20231219,110000,432914.49,432914.49,432421.37,432421.37,60122780613
20231219,120000,432377.09,432377.09,431854.32,431854.32,58306974478
20231219,140000,431854.4,431854.4,431853.25,431853.26,34883945205
20231219,150000,431853,431854.1,431852.59,431854.1,34758585146
20231219,160000,431853.99,431853.99,431853.99,431853.99,6949087399
20231219,170000,431856.01,431857.17,431853.84,431853.84,20814133653
20231220,090000,431853.84,431853.84,431446.87,431660.93,9413887900
20231220,100000,431659.29,431682.42,431590.55,431605.03,26166793507
20231220,110000,431601.66,431601.66,431321.07,431321.07,44435978333
20231220,120000,431282.31,431282.31,430984.94,430984.94,40286199396
20231220,140000,430984.91,430984.91,430984.46,430984.6,33294757976
20231220,150000,430984.51,430984.51,430983.24,430983.24,38842141194
20231220,160000,430982.84,430982.84,430982.77,430982.77,16643981226
20231220,170000,430982.13,430982.13,430981.69,430981.69,11094033604
20231223,090000,430981.69,431495.44,430981.69,431475.43,7987928922
20231223,100000,431514.1,431739.59,431514.1,431731.68,26491994302
20231223,110000,431737.82,431805.12,431515.55,431515.55,42653467600
20231223,120000,431493.32,431493.32,431233.26,431233.26,37342485446
20231223,140000,431233.29,431233.64,431233.29,431233.64,30469149819
20231223,150000,431235.86,431235.86,431221.4,431221.4,10150262564
20231223,160000,431215.6,431218.65,431215.6,431218.65,15217268160
20231223,170000,431218.64,431218.64,431218.64,431218.64,5070550889
20231223,180000,431218.63,431223.38,431218.62,431223.38,35488734807
20231224,090000,431223.38,431588.81,431223.38,431588.81,7887267295
20231224,100000,431599.43,431722.33,431532.09,431579.27,24040144623
20231224,110000,431565.2,431565.2,431307.84,431307.84,40235656690
20231224,120000,431248.62,431248.62,430912.28,430912.28,42716899861
20231224,140000,430912.21,430912.29,430912.21,430912.29,10400906964
20231224,150000,430912.3,430912.3,430912.3,430912.3,5200387482
20231224,160000,430912.2,430912.3,430911.62,430911.62,20795052140
20231224,170000,430911.61,430911.62,430911.61,430911.62,10396631872
20231225,090000,430911.62,431181.98,430911.62,431153.46,7279636294
20231225,100000,431182.22,431406.75,431182.22,431406.75,24412141621
20231225,110000,431417.69,431567.29,431022.2,431022.2,42322243341
20231225,120000,430980.82,430980.82,430566.33,430566.33,39828694079
20231225,140000,430566.52,430566.54,430566.3,430566.31,27932712657
20231225,160000,430566.02,430566.02,430566.02,430566.02,5585591364
20231225,190000,430562.57,430562.57,430562.57,430562.57,5585591364
20231226,090000,430562.57,430589.39,429296.97,429296.97,10659196052
20231226,100000,429295.73,429295.73,428895.32,428895.32,28795076963
20231226,110000,428850.29,428850.29,428204.79,428204.79,45480487390
20231226,120000,428113.21,428113.21,427524.49,427524.49,41179442292
20231226,140000,427524.46,427524.59,427524.12,427524.12,45184631330
20231226,150000,427524.36,427524.36,427524.36,427524.36,5647350385
20231226,170000,427522.95,427522.95,427522.95,427522.95,5647067642
20231226,180000,427522.94,427522.94,427522.94,427522.94,5647004152
20231227,090000,427522.94,427750.61,427522.94,427728.09,6803630319
20231227,100000,427791.83,427836.54,427648.73,427648.73,20883832539
20231227,110000,427633.15,427652.55,427582.63,427582.63,33286008973
20231227,120000,427553.62,427553.62,427512.32,427547.9,34407483937
20231227,150000,427547.92,427547.92,427546.83,427546.83,29287363381
20231227,160000,427546.77,427546.78,427546.66,427546.78,12542902695
20231227,170000,427546.74,427546.74,427546.66,427546.66,8359208178
20231227,200000,427370.69,427370.69,427370.69,427370.69,4179602089
20231230,090000,427370.69,429647.47,427370.69,429647.47,11690147670
20231230,100000,429757.72,430114.27,429757.72,430114.27,27681504209
20231230,110000,430097.37,430105.96,429915.93,429915.93,41986353055
20231230,120000,429900.36,429900.36,429836.72,429836.73,47238027370
20231230,140000,429836.51,429836.51,429836.14,429836.14,15265573749
20231230,150000,429836.28,429836.28,429836.28,429836.28,5088524583
20231230,160000,429831.69,429831.69,429831.69,429831.69,5088318783
20231230,180000,429831.7,429831.7,429831.7,429831.7,5088271345
20231231,090000,429831.7,429972.54,429821.43,429821.43,8054935058
20231231,100000,429857.85,429864.51,429551.46,429551.46,23887610602
20231231,110000,429515.79,429515.79,429245.41,429245.41,36806461842
20231231,120000,429209.26,429209.26,429084.88,429085.05,32512974623
20231231,140000,429084.99,429084.99,429084.66,429084.66,13409279071
20231231,150000,429084.64,429084.64,429084.64,429084.64,4469133968
20231231,160000,429084.59,429084.59,429079.79,429079.79,17869513718
20231231,170000,429078.27,429078.27,429071.02,429075.85,40169428487
20231231,180000,429077.8,429077.8,429077.8,429077.8,4461490642
20240101,090000,429077.8,429398.58,429077.8,429325.23,5814065609
20240101,100000,429314.79,429314.79,429218,429218,19393999043
20240101,110000,429214.9,429289.92,429144.25,429145.93,33161924085
20240101,120000,429120.76,429120.76,428898.93,428899.19,35241767106
20240101,140000,428899.18,428899.94,428899.11,428899.94,21417607955
20240101,150000,428899.97,428899.97,428899.95,428899.95,8566353548
20240101,160000,428897.58,428897.6,428897.58,428897.6,8565342356
20240101,190000,428895.21,428895.21,428895.21,428895.21,4282671178
20240102,090000,428895.21,429204.74,428894.77,428894.77,5548289768
20240102,100000,428854.29,428875.42,428397.01,428397.01,17664175971
20240102,110000,428374.06,428374.06,428100.33,428100.33,29274924509
20240102,120000,428066.96,428066.96,427734.31,427734.41,26747191333
20240102,140000,427734.52,427735.52,427734.52,427735.51,14787829358
20240102,150000,427735.5,427735.5,427732.9,427732.9,11083656332
20240102,160000,427737.89,427738.39,427737.81,427738.39,14730364838
20240103,090000,427738.39,428593.67,427738.39,428593.67,6319150596
20240103,100000,428655.56,429087.98,428655.56,429087.98,20839712766
20240103,110000,429114.17,429114.17,428496.12,428496.12,33002089758
20240103,120000,428471.07,428471.07,428190.57,428190.57,29730770468
20240103,140000,428190.42,428190.78,428190.38,428190.4,16641483149
20240103,150000,428190.65,428190.65,428190.55,428190.55,8319942558
20240103,160000,428193,428198.43,428193,428198.43,20790522437
20240103,190000,428198.42,428198.42,428198.42,428198.42,4157080207
20240106,090000,428198.42,428577.36,428198.42,428562.95,6833559047
20240106,100000,428597.66,428597.66,428290.53,428290.53,18954243173
20240106,110000,428270.34,428270.34,428142.85,428231.65,32298852001
20240106,120000,428254.27,428377.42,428254.27,428377.42,33403389067
20240106,140000,428377.45,428377.77,428377.4,428377.77,23470297918
20240106,150000,428377.88,428378.29,428377.88,428378.29,14063547481
20240106,160000,428378.11,428378.11,428378.11,428378.11,4687648958
20240106,170000,428379.14,428391.19,428379.14,428390.84,42104088321
20240106,180000,428390.26,428390.26,428390.26,428390.26,4675422836
20240107,090000,428390.26,429982.88,428390.26,429981.89,7752577583
20240107,100000,429987.37,430301.89,429987.37,430301.89,20911643154
20240107,110000,430302.26,430312.37,430254.25,430254.25,32436992809
20240107,120000,430235.71,430235.71,430048.87,430048.87,29093679575
20240107,130000,430048.98,430048.98,430048.98,430048.98,3978413590
20240107,140000,430049.17,430049.23,430049.12,430049.12,11933386290
20240107,150000,430049.14,430049.14,430049.14,430049.14,3977558080
20240107,160000,430045.66,430045.66,430045.66,430045.66,3976622762
20240107,170000,430045.69,430045.78,430045.47,430045.47,19857535596
20240107,180000,430045.46,430045.46,430045.46,430045.46,3970262910
20240108,090000,430045.46,430546.01,430045.46,430503.8,7025014498
20240108,100000,430564.99,430564.99,430494.13,430494.13,20911817249
20240108,110000,430489.2,430489.2,430138.86,430138.86,32918689793
20240108,120000,430121.24,430121.24,429807.84,429807.84,29503918227
20240108,140000,429807.56,429807.56,429806.95,429806.95,16153742904
20240108,150000,429806.99,429806.99,429806.99,429806.99,4038092504
20240108,170000,429806.04,429806.04,429791.73,429794.25,28228692491
20240109,090000,429794.25,430078.04,429703.86,429703.86,8352732223
20240109,100000,429683.77,429742.8,429683.77,429687.12,23072762724
20240109,110000,429656.19,429656.19,429437.28,429437.28,36013826549
20240109,120000,429413.95,429413.95,429225.85,429226.46,36484251773
20240109,140000,429226.25,429226.25,429225.63,429225.63,17643020280
20240109,150000,429225.74,429225.83,429225.73,429225.83,22051317495
20240109,160000,429225.63,429225.63,429224.43,429224.61,26373530177
20240110,090000,429224.61,430847.17,429224.61,430847.17,7009176264
20240110,100000,430914.12,431660.57,430914.12,431660.57,22301735256
20240110,110000,431681.3,431957.91,431681.3,431956.04,39984641211
20240110,120000,431948.66,431948.66,431849.22,431849.23,36384743618
20240110,140000,431849.22,431849.38,431849.22,431849.38,25135957123
20240110,160000,431849.4,431852.81,431849.4,431852.79,20098613774
20240110,170000,431852.47,431852.47,431851.66,431851.66,15070927035
20240110,180000,431851.75,431851.75,431849.53,431849.53,10045626210
20240113,090000,431849.53,432369.63,431849.53,432369.63,8292569260
20240113,100000,432418.27,432834.35,432418.27,432829.44,27681301271
20240113,110000,432851.14,432912.8,432791.73,432791.73,47842153592
20240113,120000,432719.46,432719.46,432371.43,432371.43,47003910053
20240113,140000,432371.44,432371.44,432370.88,432370.88,11319227960
20240113,150000,432370.82,432371.04,432370.82,432370.83,22631648352
20240113,160000,432370.65,432370.65,432370.65,432370.65,5655394072
20240113,170000,432373.15,432377.06,432373.15,432377.04,16958130777
20240113,190000,432311.73,432311.73,432311.73,432311.73,5652142633
20240114,090000,432311.73,433948.98,432311.73,433948.98,10878184103
20240114,100000,434132.29,434657.02,434132.29,434657.02,30937506848
20240114,110000,434661.32,434693.41,434619.25,434619.25,48280463671
20240114,120000,434602.22,434602.22,434483.94,434483.94,40211452378
20240114,130000,434483.92,434483.92,434483.92,434483.92,5827043203
20240114,140000,434483.47,434483.47,434483.18,434483.18,23308172812
20240114,150000,434483.17,434484.24,434482.88,434484.24,34962039186
20240114,160000,434484.56,434484.56,434481.71,434482.48,23251815696
20240114,170000,434482.49,434482.49,434482.49,434482.49,5812953924
20240114,190000,434473.78,434473.78,434473.78,434473.78,5812953924
20240115,090000,434473.78,435128.55,434473.78,434740.89,8800326121
20240115,100000,434692.46,434842.27,434671.4,434718.87,24137919655
20240115,110000,434728.1,434736.5,434274.17,434274.17,38884626037
20240115,120000,434187.97,434187.97,433604.94,433604.94,37082347692
20240115,140000,433605.03,433605.17,433605.03,433605.17,20721436340
20240115,150000,433605.03,433605.03,433605.03,433605.03,5180293440
20240115,160000,433605.48,433606.4,433605.48,433606.4,10301442284
20240115,170000,433607.5,433607.5,433607.5,433607.5,5150721142
20240115,190000,433552.46,433552.46,433552.46,433552.46,5150701140
20240116,090000,433552.46,433552.46,431714.98,431714.98,13265418812
20240116,100000,431631.8,431631.8,431141.56,431141.56,29758314542
20240116,110000,431129.53,431138.87,430976.84,430976.84,41802720818
20240116,120000,430956.42,430956.42,430836.47,430836.47,46672279709
20240116,140000,430837.05,430837.05,430836.91,430837,20082828977
20240116,150000,430837.09,430837.09,430837.09,430837.09,5020387736
20240116,160000,430837.07,430839.7,430830.91,430830.91,15054047517
20240116,190000,430830.7,430830.7,430830.7,430830.7,5017616885
20240117,090000,430830.7,431880.58,430830.7,431880.58,5997365303
20240117,100000,431911.95,431931.15,431829.86,431858.26,17299545987
20240117,110000,431847.99,431847.99,431578.35,431578.35,29434489743
20240117,120000,431540.93,431540.93,431225.68,431225.68,32675468015
20240117,140000,431225.65,431225.65,431225.6,431225.6,8042530611
20240117,150000,431225.49,431225.52,431225.49,431225.52,12049021983
20240117,160000,431227.29,431227.59,431227.29,431227.59,12044346963
20240117,170000,431227.76,431229.62,431225.9,431225.9,24032547440
20240117,190000,431225.92,431225.93,431219.43,431219.43,12008808756
20240120,090000,431219.43,431476.17,431219.43,431230.85,7775248186
20240120,100000,431158.36,431158.36,430279.85,430279.85,21653183580
20240120,110000,430139.25,430139.25,428261.63,428261.63,40491335968
20240120,120000,428018.8,428018.8,426694.34,426694.45,52835096198
20240120,150000,426691.03,426691.03,426691.03,426691.03,6543472947
20240120,160000,426690.68,426690.68,426690.55,426690.62,39101497696
20240120,200000,426340.51,426340.51,426340.51,426340.51,6512157758
20240121,090000,426340.51,426340.51,422664.28,422664.28,10441789288
20240121,100000,422584.2,422584.2,421354.58,421354.58,31047462861
20240121,110000,421287.96,421287.96,420972.92,420972.92,45072333434
20240121,120000,420944.49,420944.49,420671.07,420671.27,43292554878
20240121,140000,420671.21,420671.82,420671.21,420671.82,25885290550
20240121,150000,420671.98,420672.12,420671.98,420672.12,10352277628
20240121,160000,420671.01,420671.01,420671.01,420671.01,5175205916
20240121,180000,420654.16,420654.16,420654.16,420654.16,5175205916
20240122,090000,420654.16,421826.78,420654.16,421826.78,8056568869
20240122,100000,421831.62,421834.03,420867.53,420867.53,22210492890
20240122,110000,420615.46,420615.46,418718.57,418718.57,42361253642
20240122,120000,418631.27,418631.27,418093.7,418093.7,39222220137
20240122,140000,418093.68,418095.23,418093.68,418095.13,37482184890
20240122,150000,418095.18,418095.18,418095.18,418095.18,5353526254
20240122,190000,417954.77,417954.77,417954.77,417954.77,5353526254
20240123,090000,417954.77,418039.89,415703.38,415703.38,6485350730
20240123,100000,415380.57,415380.57,410808.09,410808.09,26539959545
20240123,110000,410601.92,410601.92,409499.42,409499.42,46597138477
20240123,120000,409441.1,409441.1,409108.45,409108.45,46888858873
20240123,150000,409108.55,409109.59,409108.55,409109.29,39664352571
20240123,160000,409109.74,409109.93,409108.18,409108.18,33973179952
20240124,090000,409108.18,410548.49,409020.38,410548.49,5932559611
20240124,100000,410577.77,411069.03,410577.77,411069.03,16236232666
20240124,110000,411090.4,411251.38,411090.4,411217.63,25589289742
20240124,120000,411217.39,411280.97,411213.09,411280.97,29835239828
20240124,140000,411281.29,411281.29,411281.29,411281.29,3245381437
20240124,150000,411281.31,411281.31,411281.27,411281.27,6487579732
20240124,160000,411281.16,411281.64,411280.04,411281.64,12829894166
20240124,170000,411281.56,411283.61,411281.56,411282.6,22312006548
20240127,090000,411282.6,413299.75,411282.6,413299.75,6959216646
20240127,100000,413331.22,413797.07,413331.22,413797.07,17149646581
20240127,110000,413840.07,414031.66,413840.07,414031.66,27266824502
20240127,120000,414068.31,414340.86,414068.31,414340.86,30914737366
20240127,140000,414341.02,414341.02,414340.99,414340.99,7719291116
20240127,150000,414324.65,414324.65,414324.65,414324.65,3859373485
20240127,160000,414315.32,414315.32,414312.64,414312.64,7718097444
20240127,180000,414311.61,414311.61,414311.61,414311.61,3859048722
20240128,090000,414311.61,416613.87,414311.61,416613.87,9905364231
20240128,100000,416694.29,417652.95,416694.29,417652.95,30365072547
20240128,110000,417699.41,418122.45,417699.41,418122.45,45075530739
20240128,120000,418136.81,418336.35,418136.81,418336.35,39826129602
20240128,140000,418336.04,418336.07,418335.98,418335.98,16316613567
20240128,150000,418332.01,418332.01,418329.59,418329.59,10871568796
20240128,180000,418306.04,418306.04,418306.04,418306.04,5435468343
20240129,090000,418306.04,418365.78,417133.28,417173.43,10672659095
20240129,100000,417164.83,417396.35,417164.83,417396.35,28563259683
20240129,110000,417402.97,417470.89,417379.6,417426.92,40660592804
20240129,120000,417399.29,417399.71,417297.67,417297.82,56990612037
20240129,130000,417297.61,417299.29,417296.18,417296.18,61675248031
20240129,140000,417292.58,417292.58,417273.6,417273.6,61441828888
20240129,150000,417267.23,417267.23,417259.07,417259.07,10223496224
20240129,160000,417256.96,417257.44,417256.96,417257.44,20445334284
20240130,090000,417257.44,417408.79,416979.56,416979.56,7697729493
20240130,100000,416992.82,416992.82,416468.03,416468.03,24134161649
20240130,110000,416413.67,416413.67,415680.38,415680.38,40378705535
20240130,120000,415594.55,415594.55,414893.73,414893.75,42448872624
20240130,150000,414893.72,414903.55,414893.72,414903.41,30859319761
20240130,160000,414903.3,414903.3,414903.3,414903.3,5140666752
20240131,090000,414903.3,414903.3,413897.07,413897.07,6854898675
20240131,100000,413764.78,413974.08,413592.85,413974.08,22050925079
20240131,110000,414007.89,414154.86,414007.89,414138.87,34837187430
20240131,120000,414141.18,414141.18,413943.59,413943.61,40426594195
20240131,130000,413943.65,413943.65,413943.61,413943.63,13265236743
20240131,150000,413943.62,413944.72,413943.62,413944.72,17681608692
20240131,170000,413944.9,413944.9,413925.98,413925.98,52871129551
20240131,180000,413922.86,413922.86,413903.39,413904.5,48315439765
20240131,190000,413736.87,413736.87,413736.87,413736.87,4390338400
20240203,090000,413736.87,415367.66,413736.87,415367.66,7409524319
20240203,100000,415537.85,416178.77,415537.85,416178.77,21301542776
20240203,110000,416188.98,416525.72,416188.98,416525.72,32265843130
20240203,120000,416541.61,416560.2,416494.09,416494.3,29950575325
20240203,130000,416494.07,416494.07,416493.91,416493.91,8281110884
20240203,140000,416493.97,416493.98,416493.97,416493.98,8280196364
20240203,170000,416493.96,416493.96,416493.62,416493.62,8278628540
20240204,090000,416493.62,417174.88,416493.62,417145.53,8361686770
20240204,100000,417142.3,417147.87,416795.27,416795.27,22448961039
20240204,110000,416740.56,416740.56,416393.69,416421.34,36157386918
20240204,120000,416380.55,416380.55,415995.23,415995.23,32280099266
20240204,140000,415995.1,415995.1,415995.03,415995.06,13463418705
20240204,150000,415994.95,415994.96,415994.95,415994.96,8965896042
20240204,160000,415994.92,415994.92,415990.57,415990.57,8964781527
20240204,170000,415990.59,415990.59,415990.59,415990.59,4481901627
20240204,190000,415978.58,415978.58,415978.58,415978.58,4481901627
20240205,090000,415978.58,416814.2,415978.58,416814.2,5487391713
20240205,100000,416846.37,417108.62,416846.37,417108.62,17448260095
20240205,110000,417119.57,417168.29,417057.41,417057.41,30348635056
20240205,120000,417037.42,417037.42,416799.61,416799.61,34382234394
20240205,140000,416799.7,416800.15,416799.7,416800.15,14815602234
20240205,150000,416800.35,416800.35,416800.35,416800.35,3702417385
20240205,160000,416800.34,416801.81,416798.98,416801.81,22135958710
20240205,170000,416801.85,416801.85,416800.13,416800.38,14557160180
20240206,090000,416800.38,417493.76,416800.38,417456.18,5123722111
20240206,100000,417447.17,417628.92,417447.17,417628.92,15340337236
20240206,110000,417630.81,417654.35,417544.37,417544.59,25241407640
20240206,120000,417490.15,417490.15,417182.69,417182.69,26672873960
20240206,140000,417182.76,417182.76,417182.11,417182.11,12978873368
20240206,150000,417178.11,417178.11,417178.11,417178.11,3244656582
20240206,170000,417178.31,417178.33,417178.31,417178.33,6489038339
20240206,180000,417147.6,417147.6,417147.6,417147.6,3244478464
20240207,090000,417147.6,417382.97,417147.6,417373.96,7202252178
20240207,100000,417358,417508.14,417358,417438.94,19677536445
20240207,110000,417422.11,417422.11,417151.33,417151.33,29876487709
20240207,120000,417096.92,417096.92,417021.08,417096.02,31591983379
20240207,140000,417095.8,417095.8,417095.22,417095.22,11856914420
20240207,150000,417094.44,417094.44,417087.46,417087.46,31585990355
20240207,160000,417087.18,417087.18,417086.76,417086.76,39068331392
20240207,170000,417086.67,417086.67,417085.9,417085.9,15582035052
20240207,190000,416808.22,416808.22,416808.22,416808.22,3895508763
20240210,090000,416808.22,417637.31,416808.22,417637.31,5871524330
20240210,100000,417662.06,417758.24,417662.06,417694.52,16866428738
20240210,110000,417691.24,417710.97,417678.12,417678.12,28181593170
20240210,120000,417674.39,417674.39,417462.7,417462.7,32730408107
20240210,140000,417462.69,417462.7,417462.57,417462.7,14226921040
20240210,160000,417462.71,417462.72,417462.71,417462.72,7113150164
20240212,090000,417462.72,417648.14,416543.26,416543.26,5999456882
20240212,100000,416434.7,416434.7,415854.35,415854.35,19491002303
20240212,110000,415789.82,415789.82,415154.54,415154.54,30042297662
20240212,120000,415109.25,415109.25,414631.19,414631.19,31138829532
20240212,140000,414630.98,414630.98,414630.98,414630.98,3826359999
20240212,150000,414630.76,414631.75,414630.76,414631.75,19120406203
20240212,160000,414632.87,414632.87,414632.79,414632.79,7647002992
20240213,090000,414632.79,414906.63,414632.79,414752.65,7804010139
20240213,100000,414712.97,414744.67,414389.03,414389.03,21656594977
20240213,110000,414331.94,414331.94,413869.53,413869.53,35098992803
20240213,120000,413817.17,413817.17,413389.02,413389.06,36008979107
20240213,140000,413389.08,413389.08,413388.75,413388.75,8709449336
20240213,150000,413388.52,413388.52,413388.06,413388.06,17414093738
20240213,170000,413387.66,413397.32,413387.66,413397.32,8704624684
20240213,190000,413382.44,413382.44,413382.44,413382.44,4351842684
20240214,090000,413382.44,413727.43,412893.31,412893.31,8371234740
20240214,100000,412834.94,412834.94,411930.59,411930.59,22685185662
20240214,110000,411870.33,411870.33,411111.22,411111.22,36184834951
20240214,120000,411054.98,411054.98,410571.93,410571.94,32316372086
20240214,140000,410571.81,410571.81,410571.63,410571.63,17791305424
20240214,150000,410571.47,410571.47,410571.47,410571.47,4447058208
20240214,160000,410571.75,410571.75,410571.75,410571.75,4445758808
20240214,190000,410570.59,410570.59,410570.59,410570.59,4445758808
20240217,090000,410570.59,410920.61,410263.66,410263.66,5106908708
20240217,100000,410164.23,410164.23,409005.71,409005.71,18301288822
20240217,110000,408935.85,408935.85,407939.16,407939.16,32337946873
20240217,120000,407863,407863,407056.88,407056.88,30857463487
20240217,160000,407056.98,407057.43,407042.23,407042.44,30236586964
20240217,180000,406927.34,406927.34,406927.34,406927.34,4314238795
20240218,090000,406927.34,407131.53,406522.11,407131.53,5610533759
20240218,100000,407138.13,407230.83,407138.13,407188.43,15140542440
20240218,110000,407189.31,407383.39,407189.31,407383.39,24502510172
20240218,120000,407422.25,407701.05,407422.25,407701.05,23638309867
20240218,130000,407701.01,407701.01,407701.01,407701.01,3427554467
20240218,140000,407701.3,407701.3,407699.99,407699.99,10209413295
20240218,150000,407694.62,407694.62,407690.33,407690.56,10201256614
20240218,160000,407690.12,407690.12,407686.86,407686.86,10117388511
20240218,170000,407686.4,407686.4,407684.71,407684.71,23481418155
20240218,180000,407683.94,407683.94,407683.04,407683.04,26707519493
20240219,090000,407683.04,409335.8,407683.04,409335.8,6932950878
20240219,100000,409456.31,410177.32,409456.31,410177.32,19466573467
20240219,110000,410209.31,410255.56,410209.31,410252.45,29717228214
20240219,120000,410265.89,410294.94,410265.89,410271.54,42941809576
20240219,130000,410271.37,410271.37,410269.97,410269.97,45917456112
20240219,140000,410269.87,410269.87,410268.74,410268.74,15297062202
20240219,150000,410268.73,410268.81,410268.73,410268.76,11470545828
20240219,160000,410268.7,410268.7,410268.07,410268.07,45882036312
20240219,170000,410268.01,410269.9,410267.93,410269.35,34120657640
20240219,180000,410269.2,410269.2,410237.78,410237.78,44358261999
20240219,190000,410237.3,410237.35,410237.28,410237.32,36193805076
20240219,200000,410236.94,410236.94,410236.5,410236.5,10845258770
20240219,210000,410236.77,410257.21,410111.5,410111.5,17964472175
20240220,090000,410111.5,410180.83,409982.74,409982.74,3614735221
20240220,100000,409986.32,410028.72,409957.76,410027.08,16230772783
20240220,110000,410037.26,410106.53,410037.26,410072.39,28969852817
20240220,120000,410058.25,410061.11,410003.43,410003.43,25724340221
20240220,130000,410003.51,410003.89,410001.75,410001.9,21356514912
20240220,140000,410002.09,410002.09,410001.18,410001.19,10625225058
20240220,150000,410001.17,410001.26,410001.17,410001.19,14121631108
20240220,160000,409999.83,410001.78,409997.87,410001.67,17443449587
20240220,170000,410001.66,410001.9,410001.65,410001.74,17359318998
20240220,180000,410003.45,410005.24,410003.45,410005.21,23944408591
20240220,190000,410004.08,410004.08,410004.08,410004.08,3417413470
20240221,090000,410004.08,410302.59,410004.08,410282.98,4410452689
20240221,100000,410346.26,410447.46,410309.04,410447.46,13450672298
20240221,110000,410454.78,410454.78,410203.28,410203.28,24415131938
20240221,120000,410181.15,410181.15,409916.03,409916.05,28385989424
20240221,140000,409916.16,409916.16,409916.16,409916.16,3577629314
20240221,150000,409916.15,409916.15,409913.72,409913.72,10720401058
20240221,160000,409913.87,409914.54,409913.87,409914.54,31695328494
20240221,170000,409914.34,409915.99,409914.34,409915.99,31129788667
20240221,180000,409916.18,409917.37,409916.18,409917.09,13641596844
20240224,090000,409917.09,410338.44,409910.69,409910.69,7320283740
20240224,100000,409829.53,409829.53,409023.58,409023.58,22268722257
20240224,110000,408979.28,408979.28,408460.73,408460.73,34465885436
20240224,120000,408391.4,408391.4,407781.98,407781.98,29604431648
20240224,140000,407778.14,407786.49,407778.14,407786.49,12191878767
20240224,150000,407786.47,407797.77,407786.42,407797.69,39689098020
20240224,160000,407798.15,407798.31,407798.15,407798.31,7847140668
20240224,200000,407792.49,407792.49,407792.49,407792.49,3923570334
20240226,090000,407792.49,407792.49,406808.36,406808.36,4971054172
20240226,100000,406671.37,406671.37,404697.97,404697.97,16717530845
20240226,110000,404532.94,404532.94,402896.09,402896.09,30581707190
20240226,120000,402750.83,402750.83,401764.73,401764.73,30033661824
20240226,140000,401764.74,401764.74,401764.68,401764.68,8407935018
20240226,150000,401762.07,401762.07,401762.07,401762.07,4203045953
20240226,160000,401759.54,401759.54,401738.74,401739.3,16795598880
20240226,170000,401740.38,401749.16,401740.31,401749.16,24937369034
20240226,180000,401749.74,401753.68,401749.26,401753.68,12410356884
20240226,190000,401504.86,401504.86,401504.86,401504.86,4131469110
20240227,090000,401504.86,401504.86,401067.66,401067.66,5705381187
20240227,100000,401047.06,401047.06,400466.47,400466.47,16815675559
20240227,110000,400402.5,400402.5,399933.54,399933.54,28499829962
20240227,120000,399883.51,399883.51,399677.14,399677.22,29749593882
20240227,150000,399677.13,399677.89,399676.22,399677.89,29186220870
20240227,160000,399678.36,399699.39,399678.36,399699.39,39222511907
20240227,170000,399699.77,399700.77,399690.67,399690.67,14041552784
20240227,180000,399690.76,399691.77,399690.76,399691.77,17547253442
20240227,190000,399576.5,399576.5,399576.5,399576.5,3509086555
20240228,090000,399576.5,401881.96,399576.5,401881.96,7625191964
20240228,100000,401949.83,402518.44,401949.83,402518.44,18376235421
20240228,110000,402529.53,402570.02,402493.55,402493.55,28217284987
20240228,120000,402481.43,402481.43,402346.87,402346.87,26226365709
20240228,150000,402347.17,402347.89,402347.17,402347.29,14799968196
20240228,160000,402347.17,402348,402345.14,402348,36827073825
20240228,170000,402348.08,402348.49,402348.08,402348.49,11004926325
20240228,180000,402348.5,402348.5,402083.95,402083.95,7336525108
20240302,090000,402083.95,403853.17,402083.95,403853.17,9635743063
20240302,100000,404032.36,405505.36,404032.36,405505.36,35777703644
20240302,110000,405568.14,407049.53,405568.14,407049.53,60130364105
20240302,120000,407197.08,408097.7,407197.08,408092.47,82029381095
20240302,130000,408048.66,408048.66,408002.32,408002.32,86145838544
20240302,140000,407999.87,407999.87,407994.05,407996.41,35887360435
20240302,150000,407995.86,407995.86,407995.86,407995.86,7173472087
20240302,160000,407994.92,407994.92,407985.26,407985.26,64050585972
20240303,090000,407985.26,415586.11,407985.26,415586.11,18085760180
20240303,100000,415842.84,417020.39,415842.84,417001.23,50303687333
20240303,110000,417016.59,417018.55,416978.81,416978.81,74014408604
20240303,120000,416959.52,416959.52,416745.06,416745.06,59616768718
20240303,150000,416745.09,416745.09,416745.09,416745.09,7927391912
20240303,160000,416752.48,416753.86,416752.48,416753.86,15850938082
20240304,090000,416753.86,417188.27,416404.69,416404.69,25842376621
20240304,100000,416344.48,416344.48,415636.91,415636.91,52842921409
20240304,110000,415574.99,415574.99,414957.76,414957.76,77043569770
20240304,120000,414898.8,414898.8,414255.01,414255.01,63892409684
20240304,160000,414253.49,414253.49,414250.11,414250.11,17118312398
20240304,170000,414248.94,414250.36,414248.94,414250.36,51350626952
20240305,090000,414250.36,416553.33,414250.36,416553.33,14534903088
20240305,100000,417002.1,417290.17,417002.1,417191.88,45969558480
20240305,110000,417203.07,417208.17,416881.97,416881.97,64471350229
20240305,120000,416847.02,416847.02,416486.57,416487.23,62218450410
20240305,160000,416485.84,416486.97,416485.84,416486.61,22416401861
20240306,090000,416486.61,416769.8,416486.61,416530.58,8637710821
20240306,100000,416501.41,416516.97,416371.19,416379.23,24979398826
20240306,110000,416375.43,416395.18,416224.97,416224.97,40601767354
20240306,120000,416183.77,416183.77,415858.92,415858.92,36577303243
20240306,150000,415859.31,415859.67,415859.31,415859.67,10079944790
20240306,190000,415848.34,415848.34,415848.34,415848.34,5039972395
20240309,090000,415848.34,417111.57,415848.34,417111.57,11172055983
20240309,100000,417137.8,417248.44,417047.33,417047.33,29893930219
20240309,110000,417024.71,417024.71,416877.15,416877.15,45793244215
20240309,120000,416862.83,416862.83,416499.41,416499.41,41162193035
20240309,150000,416494.77,416494.77,416494.74,416494.74,11255128290
20240309,160000,416494.58,416494.58,416484.48,416484.48,16876910364
20240309,210000,416319.52,416319.52,416319.52,416319.52,5625481766
20240310,090000,416319.52,416545.84,416319.52,416467.56,9620099490
20240310,100000,416495.44,416772.34,416495.44,416618.63,27065251604
20240310,110000,416616.33,416616.33,416284.47,416284.47,39853102650
20240310,120000,416224.04,416224.04,415779.98,415779.98,34870884922
20240310,130000,415780.02,415780.02,415779.9,415779.9,9657453446
20240310,140000,415779.99,415779.99,415779.99,415779.99,4826590750
20240310,160000,415773.99,415773.99,415773.28,415773.3,24117440564
20240311,090000,415773.3,415773.3,415503.32,415521.21,10289480103
20240311,100000,415503.25,415627.95,415361.03,415627.95,30456445275
20240311,110000,415638.62,415668.79,415614.44,415614.44,61846555950
20240311,120000,415584.81,415584.81,415244.81,415244.81,64949643819
20240311,130000,415244.82,415244.82,415244.82,415244.82,7832633510
20240311,140000,415244.99,415244.99,415244.99,415244.99,7832423509
20240311,160000,415244.88,415244.88,415240.38,415240.41,62604918827
20240311,200000,415060.58,415060.58,415060.58,415060.58,7822526561
20240312,090000,415060.58,415732.57,415060.58,415693.78,14927472854
20240312,100000,415661.67,415661.67,415236,415236,40641768659
20240312,110000,415198.7,415198.7,414611.32,414611.32,59864778510
20240312,120000,414542.19,414542.19,413986.02,413986.02,51557900294
20240312,130000,413985.94,413986.21,413985.94,413986.21,13979771524
20240312,150000,413986.12,413986.12,413986.12,413986.12,6989715837
20240312,170000,413983.95,413984.29,413983.95,413984.29,13967290058
20240312,190000,413933.81,413933.81,413933.81,413933.81,6983645029
20240313,090000,413933.81,414135.37,413844.2,413844.2,9166594187
20240313,100000,413798.91,413798.91,413271.64,413271.64,25874087572
20240313,110000,413216.62,413216.62,412374.38,412374.38,39933420049
20240313,120000,412288.75,412330.86,411740.87,411740.87,37317244137
20240313,130000,411740.91,411740.91,411740.78,411740.78,10912345906
20240313,160000,411740.86,411740.86,411727.37,411732.61,21773357501
20240313,180000,411665.22,411665.22,411665.22,411665.22,5442080330
20240316,090000,411665.22,411794.27,411536.75,411775.53,8660897349
20240316,100000,411792.81,411792.81,411524.17,411524.17,24992939648
20240316,110000,411490.74,411490.74,411157.75,411157.75,38979334037
20240316,120000,411114.17,411114.17,410655.77,410655.77,30652697957
20240316,130000,410655.74,410655.74,410655.45,410655.45,20294573189
20240316,140000,410655.43,410655.43,410654.47,410654.47,35458403236
20240316,150000,410653.52,410653.52,410643.54,410643.54,40388659586
20240316,170000,410643.53,410643.77,410643.53,410643.77,15140415825
20240316,200000,410590.19,410590.19,410590.19,410590.19,5046800785
20240317,090000,410590.19,412001.68,410590.19,412001.68,9282001360
20240317,100000,412040.54,412462.76,412040.54,412462.76,24364091032
20240317,110000,412492.88,412589.6,412492.88,412544.04,38539657435
20240317,120000,412539.12,412605.88,412539.12,412605.88,35114660989
20240317,150000,412605.57,412605.57,412599.21,412599.21,9591020310
20240317,160000,412598.32,412598.32,412594.84,412594.84,9589594056
20240317,180000,412376.11,412376.11,412376.11,412376.11,4794783735
20240318,090000,412376.11,413933.18,412376.11,413933.18,4984724911
20240318,100000,414075.71,415482.19,414075.71,415482.19,17686021639
20240318,110000,415653.32,416591.19,415653.32,416591.19,32774534971
20240318,120000,416640.89,417318.63,416640.89,417318.63,31544294246
20240318,140000,417319.07,417319.07,417319.01,417319.01,9071777410
20240318,150000,417319.05,417319.05,417319.05,417319.05,4535816462
20240324,090000,417319.05,421190.48,417319.05,421190.48,8195827890
20240324,100000,421358.19,422929.1,421358.19,422929.1,23309970707
20240324,110000,423048.96,424652.2,423048.96,424652.2,37700622756
20240324,120000,424786.71,426059.61,424786.71,426059.61,37583335414
20240324,140000,426046.94,426046.94,426046.83,426046.83,10937205866
20240324,170000,425949.88,425949.88,425949.88,425949.88,5468391958
20240325,090000,425949.88,430124.86,425949.88,430124.86,17065748060
20240325,100000,430371.8,430596.97,430368.46,430596.97,45412906400
20240325,110000,430617.83,430929.1,430617.83,430917.28,62620079248
20240325,120000,430921.97,430987.85,430921.97,430986.61,50741860797
20240325,130000,430984.67,430984.67,430984.67,430984.67,6790412368
20240325,150000,430982.99,430982.99,430982.99,430982.99,6784414300
20240325,180000,430982.85,430982.85,430982.85,430982.85,6784414300
20240326,090000,430982.85,431399.08,430952.27,430952.27,8121737551
20240326,100000,430913.74,431162.33,430913.74,431162.33,24224760628
20240326,110000,431235.15,431378.71,431235.15,431355.41,40407067021
20240326,120000,431343.15,431343.15,431305.45,431305.49,41245478027
20240326,150000,431305.58,431317.34,431305.58,431316.27,24603822518
20240327,090000,431316.27,432048.09,431316.27,432048.09,8174437055
20240327,100000,432142.26,432680.18,432142.26,432680.18,22403811851
20240327,110000,432707.22,433440.04,432707.22,432930.39,64912882002
20240327,120000,432957.21,432957.21,432889.4,432889.43,85109729729
20240327,130000,432889.47,432889.47,432889.47,432889.47,12196114691
20240327,150000,432878.52,432878.52,432878.52,432878.52,12195642918
20240327,160000,432878.82,432879.17,432878.82,432879.17,24382578864
20240330,090000,432879.17,432981.24,432851.53,432974.75,18553745886
20240330,100000,432962.47,432980.73,432778.98,432778.98,46996279825
20240330,110000,432741.53,432741.53,432711.43,432711.43,69834723447
20240330,120000,432706.53,432749.54,432665.63,432749.51,68668975076
20240330,130000,432749.66,432750.46,432749.66,432750.44,49669367736
20240330,140000,432750.54,432750.61,432750.54,432750.61,16550871298
20240330,150000,432750.34,432751.02,432749.61,432749.61,66148904860
20240402,090000,432749.61,432749.61,427525.97,427525.97,25504810828
20240402,100000,427479.09,427479.09,427343.94,427364.23,53457411433
20240402,110000,427328.4,427328.4,427169.86,427169.86,75093753517
20240402,120000,427120.69,427120.69,426916.38,426916.43,61554437778
20240402,140000,426916.26,426916.26,426916.26,426916.26,8272139167
20240402,150000,426915.69,426915.69,426913.33,426914.94,82241318050
20240403,090000,426914.94,428337.76,426914.94,428337.76,9008304058
20240403,100000,428329.06,428329.06,427680.22,427680.22,27969746391
20240403,110000,427634.74,427634.74,427141.15,427141.15,45973648903
20240403,120000,427099.79,427099.79,426842.77,426842.81,42325482929
20240403,150000,426842.94,426843.21,426842.94,426843.21,11945938456
20240403,190000,426789.97,426789.97,426789.97,426789.97,5972408940
20240406,090000,426789.97,427021.84,426024.05,426024.05,12776226307
20240406,100000,425719.34,425719.34,421255.94,421255.94,50169522271
20240406,110000,421058.33,421058.33,418910.86,418910.86,82139494655
20240406,120000,418725.7,418725.7,417637.39,417637.39,76781641988
20240406,150000,417637.45,417639.66,417637.45,417639.66,52264217960
20240406,160000,417653.31,417653.31,417653.31,417653.31,10452364442
20240407,090000,417653.31,417839.34,417345.08,417345.08,17596746670
20240407,100000,417250.76,417250.76,416460.21,416460.21,41103226642
20240407,110000,416425.41,416425.41,416229.35,416268.83,59739940158
20240407,120000,416284.86,416377.13,416283.36,416377.13,53886800104
20240407,130000,416376.86,416376.86,416376.85,416376.85,15032900892
20240407,140000,416378.21,416383.43,416378.21,416380.59,60103359654
20240407,180000,416097.07,416097.07,416097.07,416097.07,7511790404
20240408,090000,416097.07,419173.36,416097.07,419173.36,11099609676
20240408,100000,419416.01,420338.04,419416.01,420338.04,27298544981
20240408,110000,420394.9,420696.37,420394.9,420696.37,42034575087
20240408,120000,420712.08,420815.52,420711.2,420815.52,37360930629
20240408,130000,420814.9,420814.9,420814.88,420814.88,10163966370
20240408,140000,420814.91,420814.91,420814.91,420814.91,5081941728
20240408,150000,420817.91,420817.91,420817.91,420817.91,5079941728
20240408,170000,420810.87,420810.87,420810.87,420810.87,5079941728
20240409,090000,420810.87,421374.59,420810.87,421257.15,10344100237
20240409,100000,421282.73,421567.4,421282.73,421567.4,28892515222
20240409,110000,421608.67,421776.41,421608.67,421776.41,47850445576
20240409,120000,421778.53,421819.83,421755.43,421788.98,44651240973
20240409,130000,421788.06,421788.06,421788.01,421788.01,12468781038
20240409,210000,421591.39,421591.39,421591.39,421591.39,6234367269
20240413,090000,421591.39,421591.39,412473.02,412473.02,28340737309
20240413,100000,412070.07,412070.07,409878.21,409878.21,61600986901
20240413,110000,409696.86,409696.86,408460.92,408460.92,83988017343
20240413,120000,408299.7,408299.7,407507.05,407507.05,77136850790
20240413,160000,407507.1,407507.75,407507.1,407507.75,36685902616
20240413,170000,407507.02,407507.02,407504.42,407506.3,27467016906
20240414,090000,407506.3,407506.3,406713.86,406713.86,7644840720
20240414,100000,406686.52,406686.52,406459.92,406459.92,12060103863
20240414,110000,406447.1,406447.1,406295.38,406295.38,15363997860
20240414,120000,406287.16,406287.16,406003.91,406003.91,11166426978
20240414,150000,406005.75,406007.67,406005.75,406007.67,7192231696
20240414,160000,406007.95,406007.95,406007.95,406007.95,1775871463
20240414,180000,405763.34,405763.34,405763.34,405763.34,1775868929
20240415,090000,405763.34,406494.36,405657.22,406494.36,24623980463
20240415,100000,406539,406840.83,406539,406840.83,41286182146
20240415,110000,406863.73,407049.69,406863.73,407049.69,49055680844
20240415,120000,407062.41,407142.1,407062.41,407142.1,37154117027
20240415,180000,406971.77,406971.77,406971.77,406971.77,4885806155
20240416,090000,406971.77,406971.77,405911.45,405911.45,16814567542
20240416,100000,405828.86,405828.86,405588.98,405588.98,30719242394
20240416,110000,405581.46,405581.46,405444.88,405444.88,50741982993
20240416,120000,405435.53,405435.53,405383.5,405383.5,37615891568
20240416,160000,405382.73,405389.44,405382.73,405389.44,46193278474
20240416,170000,405390.28,405394.96,405390.28,405394.96,34591255170
20240416,180000,405260.21,405260.21,405260.21,405260.21,5764378395
20240417,090000,405260.21,405503.85,405234.63,405503.85,9479261482
20240417,100000,405509.04,405538.79,405509.04,405525.79,23205125584
20240417,110000,405518.1,405518.1,405500.81,405509.38,33142641325
20240417,120000,405501.87,405510.82,405472.56,405472.56,28001493498
20240417,140000,405472.58,405472.58,405472.58,405472.58,3779615201
20240417,160000,405472.59,405472.59,405472.59,405472.59,3778480179
20240417,170000,405394.5,405394.5,405394.5,405394.5,3778480179
20240420,090000,405394.5,413031.03,405394.5,413031.03,24506350796
20240420,100000,413407.24,415572.54,413407.24,415572.54,62826977759
20240420,110000,415671.97,416549.64,415671.97,416549.64,81373245502
20240420,120000,416594.89,417415.15,416594.89,417415.09,85341778436
20240420,150000,417402.6,417402.6,417401.09,417401.09,18321874570
20240420,160000,417400.98,417400.98,417399.53,417399.53,36595442560
20240420,180000,417063.74,417063.74,417063.74,417063.74,9148607488
20240421,090000,417063.74,420759.88,417063.74,420759.88,19883842575
20240421,100000,421042.68,421847.82,421042.68,421847.82,48451061217
20240421,110000,421870.05,421924.39,421870.05,421888.25,66704897120
20240421,120000,421911.29,421911.29,421791.74,421792.01,57095960684
20240421,140000,421791.7,421791.7,421791.65,421791.67,23135627645
20240421,160000,421774.22,421774.22,421767.11,421767.11,15421448176
20240421,170000,421764.36,421764.36,421763.62,421763.62,23121666256
20240421,190000,421702.23,421702.23,421702.23,421702.23,7707206576
20240422,090000,421702.23,422897.5,421702.23,422897.5,10659274671
20240422,100000,423075.74,424001.26,423075.74,424001.26,34847275737
20240422,110000,424037.03,424207.12,424037.03,424207.12,53211298936
20240422,120000,424203.36,424218.61,424120.94,424120.94,46728329094
20240422,140000,424120.92,424120.92,424120.92,424120.92,6400952764
20240422,150000,424120.86,424120.86,424108.27,424115.09,51118137433
20240422,160000,424115.77,424115.77,424115.77,424115.77,6387546032
20240423,090000,424115.77,424890.3,424115.77,424867.42,11117144151
20240423,100000,424845.05,424885.63,424780.29,424847.97,33038919255
20240423,110000,424898.05,424956.95,424898.05,424915.92,57823916610
20240423,120000,424896.63,424900.89,424839.7,424855.46,52702732513
20240423,160000,424855.05,424855.05,424846.09,424846.09,21805995345
20240424,090000,424846.09,427007.59,424846.09,427007.59,12843902720
20240424,100000,427093.56,427395.2,427093.56,427395.2,37532158160
20240424,110000,427405,427440.27,427383,427440.27,55016972643
20240424,120000,427442.92,427449.17,427401.07,427449.17,39759322007
20240424,140000,427449.2,427449.2,427449.2,427449.2,6271277802
20240424,150000,427449.24,427449.24,427446.03,427446.03,25062949688
20240424,160000,427445.59,427446.08,427445.59,427446.08,18773740612
20240427,090000,427446.08,429275.76,427446.08,429275.76,12404778929
20240427,100000,429343.76,429414.3,429308.83,429308.83,30311498344
20240427,110000,429275.64,429275.64,428676.54,428676.54,48177239630
20240427,120000,428613.02,428613.02,428227,428227,37167035117
20240427,150000,428226.99,428226.99,428226.99,428226.99,5811634610
20240427,160000,428226.46,428226.46,428226.46,428226.46,5810601195
20240428,090000,428226.46,428333.73,426409.56,426409.56,9220285543
20240428,100000,426321.17,426321.17,425721.06,425721.06,25319649865
20240428,110000,425676.52,425676.52,424741.36,424741.36,38910693866
20240428,120000,424660.18,424660.18,424008.91,424008.91,35073598232
20240428,140000,424008.99,424008.99,424008.99,424008.99,4767280341
20240428,160000,424008.05,424008.05,424008.05,424008.05,4766587563
20240429,090000,424008.05,425110.17,424008.05,425025.92,9358409625
20240429,100000,424997.99,424997.99,424732.23,424732.23,25828143294
20240429,110000,424687.32,424687.32,424169.39,424169.39,40348585726
20240429,120000,424084.89,424084.89,423632.26,423632.26,36006492608
20240429,150000,423632.29,423632.29,423631.11,423631.38,19520301091
20240429,160000,423631.4,423631.43,423630.94,423631,29218837983
20240429,170000,423627.62,423627.62,423620.08,423622.52,38737132195
20240429,180000,423622.83,423624.44,423622.83,423624.44,33701389782
20240430,090000,423624.44,423989.98,423341.39,423341.39,5950838008
20240430,100000,423159.33,423159.33,421573.55,421573.55,21154619795
20240430,110000,421506.64,421506.64,420761.4,420761.4,36300987757
20240430,120000,420728.14,420728.14,420255.77,420255.81,32838220951
20240430,140000,420255.8,420255.8,420255.79,420255.79,9015791738
20240430,150000,420255.94,420255.94,420255.94,420255.94,4507890169
20240430,160000,420256.27,420256.42,420256.27,420256.42,9011637210
20240430,170000,420256.13,420256.13,420253.7,420253.7,9008760914
20240430,180000,420253.71,420253.71,420253.71,420253.71,4504367165
20240430,190000,420245.84,420245.84,420245.84,420245.84,4504367165
20240501,090000,420245.84,420403.17,420245.84,420269.35,6447846629
20240501,100000,420236.15,420333.56,420236.15,420333.56,20277010912
20240501,110000,420356.79,420392.12,420338.39,420371.28,32565521086
20240501,120000,420349.12,420349.12,420269.79,420269.82,30679174182
20240501,150000,420267.63,420267.63,420266.34,420267.13,38583804940
20240501,160000,420267.35,420267.35,420267.35,420267.35,4284945247
20240501,190000,420114.83,420114.83,420114.83,420114.83,4284945247
20240505,090000,420114.83,421279.99,420114.83,421279.99,7271558329
20240505,100000,421311.99,421356.98,421224.88,421224.88,23939278155
20240505,110000,421198.71,421198.71,420713.38,420713.38,38893466826
20240505,120000,420671.66,420671.66,420222.66,420222.76,38512543411
20240505,140000,420222.59,420222.59,420222.59,420222.59,4631263094
20240505,150000,420222.61,420222.71,420222.61,420222.71,9249810256
20240505,160000,420222.02,420223.4,420221.61,420223.4,23103078190
20240505,190000,420219.23,420219.23,420219.23,420219.23,4619015638
20240506,090000,420219.23,420219.23,418789.5,418789.5,6475049821
20240506,100000,418666.32,418666.32,417619.75,417619.75,21440057299
20240506,110000,417558.45,417558.45,417015.1,417015.1,36668065217
20240506,120000,416952.42,416952.42,416337.2,416337.2,37416859030
20240506,170000,416334.07,416339.99,416333.81,416339.99,22642802191
20240507,090000,416339.99,416814.81,416339.99,416628.19,5604973081
20240507,100000,416557.98,416557.98,415960.68,415960.68,19671746621
20240507,110000,415917.64,415917.64,415282.54,415282.54,32055873389
20240507,120000,415227.2,415227.2,414795.18,414795.18,26455163768
20240507,140000,414795.43,414795.43,414795.43,414795.43,4331150615
20240507,150000,414795.42,414795.42,414793.87,414793.87,8615537508
20240507,160000,414793.78,414793.84,414793.75,414793.76,17219537900
20240507,170000,414793.75,414793.75,414793.75,414793.75,4304794535
20240507,180000,414483.67,414483.67,414483.67,414483.67,4304794535
20240508,090000,414483.67,414627.08,414456.3,414580.08,6253669491
20240508,100000,414592.31,414592.31,414036.85,414036.85,20040791482
20240508,110000,413962.3,413962.3,413137.04,413137.04,33445178064
20240508,120000,413084.43,413084.43,412586.71,412586.72,30685639422
20240508,130000,412584.22,412584.22,412584.22,412584.22,4281071424
20240508,160000,412584.23,412584.23,412584.23,412584.23,4281061190
20240508,200000,412303.55,412303.55,412303.55,412303.55,4281061190
20240511,090000,412303.55,412751.75,411975.93,411975.93,7458553667
20240511,100000,411894.37,411894.37,411177.26,411177.26,24061632164
20240511,110000,411130.66,411130.66,410472.95,410472.95,37335255966
20240511,120000,410399.24,410399.24,409828.92,409828.92,32701116579
20240511,170000,409828.71,409832.71,409828.71,409832.71,22276749711
20240511,180000,409832.7,409832.7,409832.7,409832.7,4454471109
20240511,200000,409673.54,409673.54,409673.54,409673.54,4454471109
20240512,090000,409673.54,410201.39,409673.54,409899.72,8338323640
20240512,100000,409829.14,409865.23,409398.62,409398.62,21305868991
20240512,110000,409324.7,409324.7,407959.83,407959.83,39317034066
20240512,120000,407872.22,407872.22,407075.4,407075.4,38129543830
20240512,150000,407075.59,407076.63,407073.8,407073.8,36879677503
20240512,160000,407073.64,407073.64,407072.68,407072.68,26181109618
20240512,170000,407072.07,407072.07,407072.07,407072.07,5232194516
20240512,190000,406754.17,406754.17,406754.17,406754.17,5232194516
20240513,090000,406754.17,407058.44,404969.7,404969.7,9912775131
20240513,100000,404666.4,404666.4,401480.73,401480.73,35671230448
20240513,110000,401384.18,401384.18,400445.06,400445.06,53047758223
20240513,120000,400360.85,400360.85,399610.39,399610.4,43770779858
20240513,140000,399610.43,399660.39,399610.43,399660.39,52647058217
20240513,150000,399666.66,399673.29,399666.66,399672.17,52427492820
20240513,210000,399410.61,399410.61,399410.61,399410.61,5824837956
20240514,090000,399410.61,400410.06,399410.61,400410.06,7571812147
20240514,100000,400439.54,400629.86,400398.53,400398.53,20507401100
20240514,110000,400350.49,400350.49,399623.44,399623.44,34301265840
20240514,120000,399563.95,399563.95,399168.87,399168.87,31357341614
20240514,140000,399165.95,399165.95,399165.93,399165.93,8582248705
20240514,150000,399165.78,399165.78,399161.92,399161.92,51221519250
20240514,160000,399161.85,399163.13,399161.85,399162.93,17013558279
20240514,210000,399019.8,399019.8,399019.8,399019.8,4253317392
20240515,090000,399019.8,399394.01,398409.58,398409.58,6796035879
20240515,100000,398274.53,398274.53,397634.56,397638.33,20489499775
20240515,110000,397691.1,398049.56,397691.1,398032.93,35575433413
20240515,120000,398019.43,398088.97,398019.43,398088.97,31544114312
20240515,150000,398089.01,398091.36,398087.48,398091.36,42631941863
20240515,160000,398091.98,398100.65,398091.91,398100.65,49815014059
20240515,170000,398100.96,398102.16,398100.96,398102.16,16500790936
20240515,190000,397846.09,397846.09,397846.09,397846.09,4125186697
20240518,090000,397846.09,398536.39,397787.09,398536.39,8982654023
20240518,100000,398587.42,399141.34,398587.42,399141.34,24095461217
20240518,110000,399141.06,399141.06,398819.62,398819.62,36833812181
20240518,120000,398770.46,398770.46,398315.86,398315.86,32486774191
20240518,130000,398315.81,398315.81,398315.81,398315.81,4445948427
20240518,140000,398315.85,398355.9,398315.85,398355.9,53104758081
20240518,150000,398362.91,398369.51,398362.91,398369.51,22077252235
20240518,160000,398365.13,398365.13,398358.39,398358.39,8821959494
20240518,180000,398358.38,398358.54,398358.3,398358.3,13230926769
20240518,190000,398251.56,398251.56,398251.56,398251.56,4410308923
20240519,090000,398251.56,398251.56,392628.78,392628.78,11642964302
20240519,100000,392250.29,392250.29,389640.69,389640.69,33032447096
20240519,110000,389489.83,389489.83,387673.86,387673.86,48520506079
20240519,120000,387554.72,387554.72,386851.8,386856.88,65381116373
20240519,130000,386857.86,386875.24,386857.86,386875.24,69054908754
20240519,140000,386876.6,386892.53,386876.6,386892.53,68879866932
20240519,150000,386893.41,386929.72,386893.41,386929.72,68725402417
20240519,160000,386944.53,386951.48,386944.53,386951.48,68318946696
20240519,170000,386951.8,386952.29,386951.8,386952.29,11379272630
20240519,190000,386502.13,386502.13,386502.13,386502.13,5689636315
20240521,090000,386251.68,386257.16,386143.01,386257.16,7651098973
20240521,100000,386238.75,386238.75,386126.21,386126.21,18742447541
20240521,110000,386072.9,386072.9,385889.43,385889.43,27888553584
20240521,120000,385885.06,385885.06,385805.5,385809.7,36689091892
20240521,130000,385810.2,385811.5,385810.2,385811.5,12896432102
20240521,150000,385812.53,385829.85,385812.53,385829.85,32118837475
20240521,190000,385555.13,385555.13,385555.13,385555.13,3205802104
20240525,090000,385555.13,385588.83,384870.7,384870.7,6839698515
20240525,100000,384755.34,384755.34,383922.45,383922.45,24231956247
20240525,110000,383887.6,383887.6,383492.04,383492.04,33168148884
20240525,120000,383455.01,383455.01,383164.5,383164.5,28173050732
20240525,130000,383164.43,383164.43,383164.43,383164.43,4023426710
20240525,140000,383164.39,383164.39,383164.35,383164.35,8046553420
20240525,150000,383164.75,383217.87,383164.75,383217.87,23529804803
20240525,160000,383220.61,383229.4,383220.61,383229.4,34960448545
20240525,190000,382811.79,382811.79,382811.79,382811.79,3882384599
20240526,090000,382811.79,382811.79,381338.56,381338.56,8896699760
20240526,100000,381289.35,381289.35,380727.18,380727.18,21281953912
20240526,110000,380710.31,380710.31,380514.71,380514.71,27999535476
20240526,120000,380505.07,380505.07,380444.24,380459.27,31413721128
20240526,130000,380460.73,380461.09,380460.73,380461.07,13482275936
20240526,140000,380461.11,380470.79,380461.11,380470.79,10671971113
20240526,150000,380470.78,380470.78,380470.77,380470.77,5323930024
20240526,170000,380470.78,380471.1,380470.78,380471.1,5323900228
20240526,180000,380017.83,380017.83,380017.83,380017.83,2661950114
20240527,090000,380017.83,380017.83,378988.5,378988.5,7752304109
20240527,100000,378950.69,378950.69,378499.52,378499.52,15555688289
20240527,110000,378456.99,378456.99,377863.34,377863.34,27586964057
20240527,120000,377829.91,377829.91,377150.72,377150.72,28769647001
20240527,140000,377150.73,377195.9,377150.73,377195.9,20961388338
20240527,150000,377210.96,377243.28,377210.96,377243.28,16610143900
20240527,160000,377241.84,377241.84,377241.84,377241.84,4151835975
20240527,180000,377241.85,377241.88,377241.85,377241.88,8303574282
20240527,190000,377173.87,377173.87,377173.87,377173.87,4151787141
20240528,090000,377173.87,377237.41,376918.05,377237.41,13375027402
20240528,100000,377266.24,377495.71,377266.24,377495.71,27032012844
20240528,110000,377513.43,377659.36,377513.43,377659.36,35154767556
20240528,120000,377675.64,377813.87,377675.64,377813.49,36847663446
20240528,140000,377813.52,377815.22,377811.53,377811.53,23306611473
20240528,150000,377811.63,377811.63,377810.72,377811.18,27170130318
20240528,200000,377537.68,377537.68,377537.68,377537.68,3880557538
20240529,090000,377537.68,378557.11,377537.68,378557.11,7625836422
20240529,100000,378603.96,379069.02,378603.96,379069.02,16354997066
20240529,110000,379108.73,379365.61,379108.73,379365.61,22633248534
20240529,120000,379396.14,379573.24,379396.14,379573.24,18126158475
20240529,140000,379565.34,379565.34,379562.43,379562.95,12027337555
20240529,150000,379563.04,379563.19,379562.81,379563.19,21565057344
20240529,200000,379208.41,379208.41,379208.41,379208.41,2394278784
20240601,090000,379208.41,379813.26,379208.41,379516.8,16828930467
20240601,100000,379497.48,379497.48,379202.48,379202.48,38556581470
20240601,110000,379233.51,379233.51,379003.43,379003.43,49079971219
20240601,120000,378994.88,378994.88,378864.05,378864.05,38222285025
20240601,140000,378864.06,378865.02,378864.06,378865.02,10162152057
20240601,150000,378861.54,378872.6,378861.54,378872.6,50638545780
20240601,160000,378872.55,378872.55,378871.53,378871.53,15160153342
20240601,200000,378463.82,378463.82,378463.82,378463.82,5052612526
20240602,090000,378463.82,378463.82,377739.29,377739.29,7242588154
20240602,100000,377702.15,377702.15,377389.09,377389.09,18247224541
20240602,110000,377367.26,377367.26,377015.1,377015.1,26416884811
20240602,120000,376979.86,376979.86,376706.65,376706.67,24184468774
20240602,140000,376707.23,376711.49,376707.23,376711.49,13442526650
20240602,150000,376713.52,376736.27,376713.52,376736.27,39740842551
20240602,160000,376736.42,376742.24,376736.42,376742.24,29683500084
20240602,190000,376236,376236,376236,376236,3296151709
20240605,090000,376236,376301.51,375950.24,375950.24,6071721453
20240605,100000,375929.6,375929.6,375517.76,375517.76,18989880693
20240605,110000,375485.85,375485.85,375099.02,375099.02,33536741908
20240605,120000,375071.37,375071.37,374856.2,374859.38,42445245580
20240605,130000,374859.61,374859.69,374859.61,374859.69,7425707168
20240605,140000,374859.84,374863.87,374859.84,374863.87,14844101568
20240605,150000,374865.92,374879.58,374865.92,374879.58,25892439053
20240605,200000,374736.49,374736.49,374736.49,374736.49,3698165159
20240608,090000,374736.49,374736.49,373853.61,373853.61,10885106482
20240608,100000,373817.82,373817.82,373246.47,373246.47,21348537193
20240608,110000,373213.49,373213.49,372945.02,372945.02,31146107821
20240608,120000,372928.27,372928.27,372751.97,372751.97,24707532861
20240608,140000,372752.66,372780.42,372752.66,372780.42,22852990909
20240608,150000,372786.3,372799.98,372786.3,372799.36,19445868264
20240608,210000,372575.35,372575.35,372575.35,372575.35,3240571910
20240609,090000,372575.35,372575.35,371718.6,371718.6,8721911486
20240609,100000,371708.12,371708.12,371162.35,371162.35,24172447498
20240609,110000,371110.59,371110.59,370942.46,370942.46,37596992048
20240609,120000,370934.52,370934.52,370739.14,370739.14,29832377332
20240609,140000,370738.38,370738.38,370735.2,370735.2,20023478225
20240609,150000,370735.19,370790.23,370735.19,370790.23,35561214835
20240609,160000,370793.22,370795.25,370793.22,370795.25,27401337214
20240609,200000,370697.99,370697.99,370697.99,370697.99,3913161130
20240610,090000,370697.99,371322.33,370693.82,371322.33,8508196480
20240610,100000,371381.16,371729.5,371381.16,371729.5,18486553401
20240610,110000,371738.06,372067.05,371738.06,372067.05,29419212180
20240610,120000,372081.5,372122.52,372081.5,372122.52,29659223584
20240610,180000,372122.56,372122.56,372122.56,372122.56,4061647465
20240610,190000,371776.96,371776.96,371776.96,371776.96,4061647465
20240611,090000,371776.96,372127.24,371776.96,372090.79,14012300274
20240611,100000,372073.59,372073.59,371924,371924,39486292180
20240611,110000,371923.83,371923.83,371800.17,371800.17,53833498211
20240611,120000,371788.96,371788.96,371745.79,371746.03,64833542071
20240611,130000,371746.53,371752.02,371746.53,371752.02,67190235443
20240611,140000,371752.26,371754.63,371752.26,371753.75,66448025784
20240611,150000,371753.83,371754.21,371748.43,371748.43,66201270539
20240611,160000,371748.75,371752.24,371748.75,371752.24,60397496853
20240611,170000,371752.25,371752.25,371752.23,371752.23,10979349933
20240611,190000,371749.83,371749.83,371749.83,371749.83,5489697171
20240612,090000,371749.83,371750.41,371536.43,371536.43,11340470183
20240612,100000,371512.28,371512.28,371111.03,371111.03,27052589261
20240612,110000,371109.71,371109.71,370831.8,370831.8,39452641018
20240612,120000,370798.81,370798.81,370646.88,370646.88,34301144072
20240612,150000,370646.36,370652.34,370646.36,370652.34,31894943202
20240612,190000,370313.37,370313.37,370313.37,370313.37,4550234082
20240615,090000,370313.37,370313.37,369666.64,369666.64,7604589328
20240615,100000,369616.61,369616.61,369047.06,369047.06,21333296435
20240615,110000,369000.22,369000.22,368690.49,368690.49,33695638130
20240615,120000,368653.53,368653.53,368494.76,368494.76,23890751059
20240615,160000,368494.66,368498.96,368494.66,368498.96,18699508796
20240615,180000,368498.95,368498.95,368498.95,368498.95,3737580482
20240615,190000,368129.54,368129.54,368129.54,368129.54,3737580482
20240616,090000,368129.54,368129.54,367207.14,367207.14,8059155845
20240616,100000,367162.19,367162.19,366755.59,366755.59,20631860928
20240616,110000,366729.97,366729.97,366358.39,366358.39,33882384812
20240616,120000,366317.82,366317.82,366183.76,366183.76,29512243460
20240616,140000,366183.77,366185.32,366183.77,366185.32,15944313952
20240616,150000,366185.7,366185.7,366182.51,366182.51,11948902706
20240616,160000,366182.95,366184.8,366182.95,366184.8,7963698670
20240616,190000,365974.06,365974.06,365974.06,365974.06,3981848335
20240618,090000,365974.06,365974.06,365766.52,365766.52,7024023265
20240618,100000,365753.62,365768.68,365677.73,365677.73,16251163133
20240618,110000,365668.06,365678.64,365570.04,365570.04,24424283267
20240618,120000,365574.65,365574.65,365399.07,365399.25,24181001991
20240618,140000,365399.16,365399.16,365398.84,365398.84,5865924786
20240618,150000,365399.02,365423.31,365399.02,365423.31,34442497517
20240618,160000,365424.17,365431.18,365423.83,365431,33920391148
20240618,170000,365430.77,365430.77,365430.69,365430.69,5632166098
20240618,180000,365430.81,365430.81,365430.81,365430.81,2816029539
20240619,090000,365430.81,365430.81,365304.96,365317.56,6763533423
20240619,100000,365333.38,365507.6,365333.38,365502.39,20027562393
20240619,110000,365521.46,365649.35,365521.46,365649.35,29355255909
20240619,120000,365654.82,365758.55,365642.06,365758.55,25480244388
20240619,140000,365757.79,365757.79,365751.04,365751.48,20772271313
20240619,150000,365756.83,365757.33,365747.53,365747.68,37518834339
20240619,160000,365747.89,365748.21,365747.89,365748.21,13604999664
20240619,170000,365748.22,365748.22,365748.22,365748.22,3401250276
20240619,210000,365582.38,365582.38,365582.38,365582.38,3401249376
20240622,090000,365582.38,365813.13,365582.38,365806.28,7397211603
20240622,100000,365800.55,365800.55,365665.12,365675.29,19333549777
20240622,110000,365671.32,365695,365671.32,365691.19,32402780250
20240622,120000,365714.29,365723.26,365707.62,365715.1,23898466901
20240622,150000,365714.98,365717.05,365714.62,365717.05,14932373393
20240622,160000,365717.02,365719.21,365713.92,365717.87,43939672167
20240622,170000,365717.53,365717.81,365717.53,365717.81,18194154412
20240622,180000,365717.82,365717.82,365717.76,365717.76,7277469336
20240622,200000,365324.81,365324.81,365324.81,365324.81,3638734668
20240623,090000,365324.81,365402.69,365209.25,365209.25,7003227325
20240623,100000,365170.52,365170.52,365103.94,365140.04,20587145301
20240623,110000,365139.29,365220.36,365139.29,365220.36,34694070040
20240623,120000,365216.93,365231.46,365216.93,365231.46,29684826503
20240623,140000,365231.7,365231.7,365231.67,365231.67,7912629422
20240623,150000,365231.75,365238.57,365226.9,365237.02,45859535634
20240623,160000,365234.81,365243.02,365219.06,365234.56,43870099132
20240623,170000,365234.67,365235.78,365232.09,365232.09,39248243772
20240623,180000,365232.02,365232.02,365232.02,365232.02,3561307990
20240623,200000,365032.62,365032.62,365032.62,365032.62,3561307990
20240624,090000,365032.62,365512.3,365032.62,365512.3,7093232344
20240624,100000,365585.58,365963.59,365585.58,365963.59,18400809650
20240624,110000,365960.69,366277.49,365960.69,366277.49,27771179805
20240624,120000,366322.17,366626.45,366322.17,366626.45,25454942424
20240624,140000,366626.26,366626.26,366626.15,366626.15,7054238714
20240624,150000,366625.96,366632.66,366625.26,366632.66,14090909437
20240624,160000,366628.82,366628.82,366623.78,366623.78,10548879852
20240624,180000,366482.14,366482.14,366482.14,366482.14,3516293284
20240626,090000,366482.14,367738.91,366482.14,367738.91,8186984740
20240626,100000,367832.52,368375.02,367832.52,368375.02,20435760387
20240626,110000,368392.06,368752.91,368392.06,368752.91,29382535202
20240626,120000,368773.46,368979.78,368773.46,368979.78,28247938581
20240626,160000,368979.7,368979.7,368977.17,368977.17,6712064036
20240626,170000,368973.45,368973.45,368973.37,368973.37,6711623572
20240626,190000,368771.11,368771.11,368771.11,368771.11,3355810990
20240629,090000,368771.11,370060.55,368771.11,370060.55,11741282273
20240629,100000,370131.92,371182.04,370131.92,371182.04,26316031703
20240629,110000,371207.88,371730.07,371207.88,371730.07,37929394485
20240629,120000,371776.78,371791.97,371728.08,371728.24,32321153046
20240629,160000,371728.27,371728.27,371728.27,371728.27,4432680743
20240629,200000,371587.62,371587.62,371587.62,371587.62,4432679210
20240630,090000,371587.62,371646.41,369315.9,369315.9,10643234348
20240630,100000,369074.13,369074.13,367299.22,367299.22,36204243103
20240630,110000,367224.09,367224.09,366514.57,366514.57,53282695407
20240630,120000,366454.49,366454.49,365887.7,365887.7,47849039886
20240630,140000,365885.6,365885.6,365885.6,365885.6,5703204478
20240630,150000,365883.52,365883.96,365873.97,365874.71,56943867321
20240630,160000,365874.81,365874.95,365874.81,365874.95,17073214197
20240630,170000,365875.12,365875.51,365875.12,365875.51,11381087398
20240630,190000,365530.32,365530.32,365530.32,365530.32,5690543699
20240701,090000,365530.32,365533.92,365294.5,365294.5,6000572199
20240701,100000,365338.7,365366.46,365263.99,365263.99,16107586542
20240701,110000,365293.48,365443.62,365293.48,365443.62,26352140129
20240701,120000,365464.23,365489.02,365446.07,365489.02,24457089669
20240701,130000,365488.85,365488.85,365488.85,365488.85,3380318007
20240701,150000,365487.13,365487.13,365485.43,365485.43,13483803700
20240701,200000,365250.76,365250.76,365250.76,365250.76,3370120347
20240702,090000,365250.76,366455.92,365250.76,366455.92,4934750572
20240702,100000,366531.4,367180.87,366531.4,367180.87,15923139582
20240702,110000,367281.35,367725.4,367281.35,367725.4,28259529273
20240702,120000,367774.69,368010.66,367774.69,368010.66,25348150977
20240702,140000,368004.77,368004.77,368004.62,368004.62,7112366286
20240702,150000,367982.48,367982.48,367981.87,367981.87,7073843366
20240702,160000,367981.98,367982.17,367980.11,367980.11,28244349417
20240702,200000,367765.38,367765.38,367765.38,367765.38,3526797268
20240703,090000,367765.38,368050.61,367765.38,367919.23,6890134891
20240703,100000,367825.69,367971.12,367757.6,367971.12,18762796530
20240703,110000,367995.69,368335.11,367995.69,368335.11,31638599888
20240703,120000,368369.79,368807.38,368369.79,368807.38,36144966965
20240703,140000,368805.87,368805.87,368805.87,368805.87,4633999712
20240703,150000,368806.22,368806.22,368806.06,368806.06,9267254590
20240703,170000,368806.74,368806.74,368799.41,368804.87,13893269417
20240706,090000,368554.82,375903.11,368554.82,375903.11,13443192170
20240706,100000,376217.93,378214.97,376217.93,378214.97,25426875969
20240706,110000,378352.33,379655.29,378352.33,379655.29,34084306703
20240706,120000,379762.7,381142.67,379762.7,381142.67,28394811599
20240706,160000,381142.72,381142.8,381142.72,381142.8,7810413350
20240706,170000,381142.89,381142.89,381140.05,381140.05,15608960472
20240706,200000,380430.65,380430.65,380430.65,380430.65,3901992618
20240707,090000,380430.65,385669.85,380430.65,385656.53,44459367829
20240707,100000,385659.55,385882.42,385659.55,385882.42,78571941433
20240707,110000,385954.34,386359.9,385954.34,386359.9,98778233823
20240707,120000,386383.77,386519.96,386383.77,386519.95,89299771743
20240707,130000,386519.92,386519.92,386519.92,386519.92,10461928134
20240707,140000,386519.86,386519.86,386519.86,386519.86,10461642942
20240707,150000,386519.94,386519.94,386519.94,386519.94,10461642942
20240707,170000,386519.92,386519.92,386519.92,386519.92,10461641942
20240707,180000,385751.12,385751.12,385751.12,385751.12,10461641942
20240708,090000,385751.12,385972.78,385673.39,385777,11012720974
20240708,100000,385782.97,386310.18,385782.97,386299.79,31946137698
20240708,110000,386276.8,386365.99,386232.43,386303.18,49427925185
20240708,120000,386294.15,386294.15,386188.61,386188.61,44455137432
20240708,140000,386188.71,386188.71,386188.71,386188.71,6144011967
20240708,150000,386187.53,386187.53,386187.53,386187.53,6143962868
20240708,160000,386167.77,386167.77,386167.77,386167.77,6142490043
20240708,170000,386167.78,386167.79,386166.96,386166.96,18425834070
20240708,220000,385840.1,385840.1,385840.1,385840.1,6141944690
20240709,090000,385840.1,386433.3,385840.1,386401.97,7567712362
20240709,100000,386400.29,386400.29,386200.33,386200.33,23075725800
20240709,110000,386175.12,386188.96,385995.63,385995.63,35885077888
20240709,120000,385970.22,385970.22,385660.8,385662.51,32286517698
20240709,140000,385661.91,385661.91,385661.64,385661.64,8935238766
20240709,160000,385657.11,385657.37,385657.11,385657.37,8934013995
20240709,170000,385657.45,385657.45,385657.45,385657.45,4466958834
20240709,190000,385527.68,385527.68,385527.68,385527.68,4466958834
20240710,090000,385527.68,385863.38,385289.09,385289.09,5847397871
20240710,100000,385210.18,385210.18,384639.64,384639.64,21423928851
20240710,110000,384610.36,384622.18,384364.73,384364.73,36592390589
20240710,120000,384340.75,384340.75,384009.21,384009.32,35923956936
20240710,140000,384009.35,384009.35,384009.35,384009.35,4979199869
20240710,160000,384000.2,384001.94,384000.2,384001.94,19906228142
20240710,170000,384003.1,384004.57,384003.1,384004.57,9942420662
20240710,190000,383787.96,383787.96,383787.96,383787.96,4971210331
20240713,090000,383787.96,384269.63,383787.96,383797.65,6479085949
20240713,100000,383732.75,383732.75,383119.08,383119.08,18308605348
20240713,110000,383075.51,383075.51,382663.37,382663.37,28169191676
20240713,120000,382616.31,382616.31,382154.36,382154.36,21837962844
20240713,130000,382154.5,382154.5,382154.5,382154.5,3573261086
20240713,160000,382155.23,382155.23,382155.23,382155.23,3571916375
20240713,180000,382155.27,382155.27,382155.26,382155.26,7142427362
20240713,190000,381682.13,381682.13,381682.13,381682.13,3571168506
20240714,090000,381682.13,382078.98,381682.13,382078.98,6535840879
20240714,100000,382121.04,382122.78,381747.88,381747.88,17888448637
20240714,110000,381719.02,381719.02,381599.29,381599.29,29309517005
20240714,120000,381609.06,381609.06,381442.08,381442.08,30823174696
20240714,130000,381442.59,381442.59,381442.57,381442.57,11336300730
20240714,150000,381441.88,381441.88,381441.88,381441.88,3768465733
20240714,160000,381441.9,381443.11,381441.12,381441.15,30146125864
20240714,190000,380838.59,380838.59,380838.59,380838.59,3768265733
20240717,090000,380838.59,381309.8,380838.59,381309.8,3562070035
20240717,100000,381370.06,381537.4,381370.06,381537.4,11101551139
20240717,110000,381538.76,381538.76,381492.61,381492.61,18913679950
20240717,120000,381463.21,381463.8,381285.18,381285.25,21068625829
20240717,140000,381285.23,381285.23,381285.23,381285.23,2597877402
20240717,150000,381285.64,381285.64,381277.68,381277.68,12969473797
20240717,170000,381277.65,381277.65,381277.65,381277.65,2591332007
20240717,200000,381098.36,381098.36,381098.36,381098.36,2591332007
20240720,090000,381098.36,381536.92,381098.36,381287.76,5478526410
20240720,100000,381243.7,381243.7,380669.42,380669.42,14759566165
20240720,110000,380623.25,380623.25,380173.26,380173.26,23990074062
20240720,120000,380142.23,380142.23,379767.41,379767.41,22381702983
20240720,140000,379767.4,379767.41,379767.4,379767.41,6167713020
20240720,150000,379767.63,379767.94,379767.06,379767.06,24395555297
20240720,160000,379767.02,379767.02,379767.02,379767.02,3046187938
20240720,190000,377790.14,377790.14,377790.14,377790.14,3046187938
20240721,090000,377790.14,377790.14,375970.57,375970.57,5205265116
20240721,100000,375877.68,375877.68,375162.91,375162.91,13647116359
20240721,110000,375105.49,375105.49,374380.09,374380.09,20307307853
20240721,120000,374271.66,374271.66,373587.32,373587.32,19917920993
20240721,140000,373587.31,373587.31,373587.31,373587.31,2859030056
20240721,150000,373587.29,373587.29,373587.29,373587.29,2858567048
20240721,190000,372411.65,372411.65,372411.65,372411.65,2858567048
20240722,090000,372411.65,372890.79,372411.65,372890.79,5168955063
20240722,100000,372850.82,372853.6,372815.77,372815.77,14239852544
20240722,110000,372783.47,372783.47,372459.25,372459.25,23213158985
20240722,120000,372454.5,372454.5,372205.76,372205.76,19204626342
20240722,150000,372205.71,372205.71,372202.14,372202.14,18868554135
20240722,160000,372201.31,372201.31,372166.57,372166.57,37385328606
20240722,170000,372162.79,372179.14,372124.72,372179.14,33971040052
20240722,180000,372179.16,372179.16,372179.16,372179.16,3079234950
20240722,200000,371801.33,371801.33,371801.33,371801.33,3079234950
20240723,090000,371801.33,373543.37,371801.33,373543.37,6289654408
20240723,100000,373579.87,373727.6,373579.87,373708.83,17746311709
20240723,110000,373707.31,373707.31,373488.42,373488.42,25969129386
20240723,120000,373488.27,373488.27,373274.81,373274.81,22891946114
20240723,150000,373274.72,373274.72,373274.18,373274.18,6344610186
20240723,160000,373274.1,373275.01,373267.32,373267.33,12665401469
20240723,190000,373152.87,373152.87,373152.87,373152.87,3165545726
20240724,090000,373152.87,373299.88,373081.91,373083.85,4798360590
20240724,100000,373051.01,373051.01,372662.16,372662.16,14701634223
20240724,110000,372634.75,372634.75,372296.24,372296.24,25261036247
20240724,120000,372318.31,372318.31,372172.18,372172.18,23562136840
20240724,150000,372172.19,372172.19,372172.19,372172.19,3245656764
20240724,170000,372168.89,372168.89,372167.98,372167.98,6487210352
20240727,090000,372167.98,372324.58,372037.16,372037.16,5082790541
20240727,100000,372000.47,372000.47,371361.27,371361.27,15448966279
20240727,110000,371315.09,371315.09,370967.28,370967.28,24816588221
20240727,120000,370936.62,370936.62,370642.68,370642.7,24293585165
20240727,140000,370641.92,370641.92,370641.92,370641.92,3424465717
20240727,190000,370640.67,370640.67,370640.67,370640.67,3424460817
20240729,090000,370640.67,370756.85,370000.96,370000.96,7261516547
20240729,100000,370004.61,370004.61,368794.19,368794.19,21745256544
20240729,110000,368691.46,368691.46,367474.49,367474.49,35041292089
20240729,120000,367249.9,367249.9,366144.96,366144.99,33275833821
20240729,140000,366145.01,366145.17,366144.24,366144.24,18809114525
20240729,150000,366143.44,366143.44,366143.31,366143.34,18752514424
20240729,160000,366143.35,366143.49,366143.35,366143.49,9374959996
20240730,090000,366143.49,366143.49,365262.6,365262.6,6392439287
20240730,100000,365149.37,365149.37,364265.29,364265.29,19340176815
20240730,110000,364277.44,364277.44,364071.31,364071.31,33472046328
20240730,120000,364035.75,364035.75,363830.17,363830.17,29255582920
20240730,130000,363831.15,363831.15,363831.15,363831.15,4034367255
20240730,150000,363816.49,363816.49,363816.49,363816.49,4033712282
20240730,170000,363814.8,363814.8,363807.63,363807.63,8060640686
20240730,190000,363808.07,363808.07,363808.07,363808.07,4030320343
20240731,090000,363808.07,363808.07,356585.93,356585.93,34302585828
20240731,100000,356315.05,356315.05,354547.82,354547.82,59637882748
20240731,110000,354397.62,354397.62,353420.42,353420.42,80396825777
20240731,120000,353361.15,353361.15,352473.21,352473.21,66890981211
20240731,140000,352476.08,352486.67,352476.08,352486.67,62466665577
20240731,150000,352499.18,352503.78,352499.18,352503.78,53114478570
20240731,160000,352503.98,352505.26,352498.29,352498.86,44067266235
20240731,200000,352483.86,352483.86,352483.86,352483.86,8813453247
20240803,090000,352483.86,352483.86,346142.93,346142.93,21715074422
20240803,100000,345908.83,345908.83,343786.07,343786.07,53340813034
20240803,110000,343640.34,343640.34,342589.38,342589.38,73997011471
20240803,120000,342508.03,342508.03,341825.8,341825.8,58317593862
20240803,160000,341825.81,341825.82,341825.66,341825.66,23057537649
20240803,170000,341825.67,341825.67,341825.67,341825.67,7685608784
20240803,190000,341807.51,341807.51,341807.51,341807.51,7685608784
20240804,090000,341807.51,341807.51,341383.6,341384.77,8854438103
20240804,100000,341382.71,341414.54,341371.32,341399.08,22162852424
20240804,110000,341393.58,341456.35,341373.32,341373.32,29637426744
20240804,120000,341365.72,341369.78,341361.03,341361.03,23643630513
20240805,090000,341361.03,341361.03,341210.47,341210.47,9911870417
20240805,100000,341186.09,341186.09,341069.92,341069.92,23140749974
20240805,110000,341043.23,341043.23,340928.08,340928.08,35959173243
20240805,120000,340922.87,340922.87,340850.65,340850.75,45652673064
20240805,130000,340850.78,340850.88,340850.78,340850.88,27991009601
20240805,140000,340851.83,340851.83,340851.83,340851.83,3998471452
20240805,150000,340852.86,340855.48,340852.86,340855.48,27742362239
20240805,160000,340855.87,340856.32,340855.87,340856.32,47483257667
20240805,170000,340856.58,340856.58,340856.58,340856.58,3955773601
20240805,200000,340805.66,340805.66,340805.66,340805.66,3955773601
20240806,090000,340805.66,340805.66,340659.02,340659.02,6093248986
20240806,100000,340634.81,340634.81,340546.7,340546.7,14993090866
20240806,110000,340533.07,340533.07,340461.34,340461.34,23330107328
20240806,120000,340453.34,340453.34,340358.96,340358.96,17629730837
20240806,150000,340359.06,340359.59,340359.06,340359.59,8866963053
20240806,180000,340286.17,340286.17,340286.17,340286.17,2955654351
20240807,090000,340286.17,340286.17,340286.17,340286.17,0
20240810,090000,340286.17,340286.17,340204.72,340247.99,6997169175
20240810,100000,340259.9,340267.61,340251.79,340253.83,16093737922
20240810,110000,340242.05,340242.05,340038,340038,24439606915
20240810,120000,340036.32,340036.32,340025.94,340025.94,22005317396
20240810,130000,340025.97,340025.97,340025.97,340025.97,2939268152
20240810,140000,340026.03,340026.62,340026.03,340026.62,8783503458
20240810,180000,340029.14,340029.14,340029.14,340029.14,2927834486
20240811,090000,340029.14,340051.42,340006.17,340043.64,4548002795
20240811,100000,340041.91,340043.42,339988.29,339995.51,11609467014
20240811,110000,339993.99,339998.07,339950.69,339950.69,19620822894
20240811,120000,339950.06,339950.06,339908.17,339908.17,17565893218
20240811,180000,339902.4,339902.4,339902.4,339902.4,2392641141
20240812,090000,339902.4,339902.4,339774.21,339774.21,4792809966
20240812,100000,339757.43,339757.43,339597.47,339597.47,15862984208
20240812,110000,339577.67,339577.67,339517.97,339517.97,24067149740
20240812,120000,339500.32,339500.32,339448.74,339448.74,16712915366
20240813,090000,339448.74,339448.74,339155.68,339155.68,6590213222
20240813,100000,339138.6,339138.6,339004.32,339004.32,14432403532
20240813,110000,338976.45,338976.45,338846.22,338846.22,19589919030
20240813,120000,338835.33,338835.33,338777.48,338777.48,13886502216
20240813,140000,338778.36,338778.36,338778.36,338778.36,2258838024
20240813,190000,338777.62,338777.62,338777.62,338777.62,2258838024
20240814,090000,338777.62,338892.3,338710.38,338892.3,10910018579
20240814,100000,338902.42,338995.65,338902.42,338995.65,21184464915
20240814,110000,339002.98,339089.85,339002.98,339089.85,27106708853
20240814,120000,339096.8,339149.57,339096.8,339149.57,18547024047
20240814,190000,339010.25,339010.25,339010.25,339010.25,2816964598
20240817,090000,339010.25,339651.24,339010.25,339651.24,6768172694
20240817,100000,339682.42,339946.35,339682.42,339946.35,15247990290
20240817,110000,339953.1,340095.1,339953.1,340095.1,22374529518
20240817,120000,340105.97,340247.25,340105.97,340247.25,16165441548
20240817,150000,340247.27,340247.27,340247.27,340247.27,2587293789
20240818,090000,340247.27,341175.2,340247.27,341175.2,7441080443
20240818,100000,341213.66,341619.31,341213.66,341619.31,17279162132
20240818,110000,341621.02,341805.76,341621.02,341805.76,23395335521
20240818,120000,341814.8,342053.7,341814.8,342053.7,19824330655
20240818,190000,341869.99,341869.99,341869.99,341869.99,2728985742
20240819,090000,341869.99,342493.61,341869.99,342493.61,19305771475
20240819,100000,342487.59,342540.06,342469.65,342469.65,36397550394
20240819,110000,342453.53,342482,342349.69,342349.69,48121732051
20240819,120000,342354.63,342354.63,342271.64,342272.13,42686016059
20240819,180000,342272.12,342272.12,342272.12,342272.12,4979486899
20240819,190000,342274.3,342274.3,342274.3,342274.3,4979486899
20240820,090000,342274.3,342293.51,342127.4,342134.59,10998729241
20240820,100000,342107.52,342107.52,341989.05,341989.05,21497308909
20240820,110000,341980.73,341980.73,341879.1,341879.1,27869371866
20240820,120000,341862.83,341862.83,341794.61,341794.62,23341688653
20240820,160000,341789.09,341789.09,341789.09,341789.09,3161561791
20240820,200000,341789.68,341789.68,341789.68,341789.68,3161561791
20240821,090000,341789.68,341972.13,341771.75,341972.13,8075785151
20240821,100000,341975.41,341992.61,341967.79,341967.79,19877949712
20240821,110000,341964.56,342003.9,341940.62,341946.53,27432141198
20240821,120000,341944.76,341976.38,341941.83,341976.38,22958988204
20240821,150000,341976.29,341976.29,341976.29,341976.29,3170652686
20240821,160000,341976.19,341976.19,341976.19,341976.19,3170652686
20240821,210000,341864.97,341864.97,341864.97,341864.97,3170652686
20240824,090000,341864.97,342514.35,341864.97,342514.35,8480477311
20240824,100000,342555.22,342911.88,342555.22,342911.88,19215076840
20240824,110000,342935.49,343227.41,342935.49,343227.41,26212080395
20240824,120000,343255.89,343399.23,343255.89,343397.55,33036942600
20240824,130000,343397.15,343397.15,343396.31,343396.31,28757352731
20240824,140000,343396.27,343397.14,343395.67,343397.14,31603078362
20240824,150000,343397.57,343398.33,343396.53,343396.84,34380476817
20240824,160000,343388.89,343388.89,343384.41,343384.6,11424633225
20240824,180000,343384.16,343384.16,343384.16,343384.16,2855915247
20240826,090000,343384.16,343928.18,343384.16,343928.18,10193709013
20240826,100000,343970.55,344139.96,343970.55,344139.96,22255789881
20240826,110000,344149.78,344286.54,344149.78,344274.88,32347549937
20240826,120000,344264.02,344302.82,344247.75,344302.82,30230404537
20240826,140000,344302.71,344302.71,344302.71,344302.71,4133710879
20240826,150000,344302.78,344302.78,344302.49,344302.49,8265796562
20240826,190000,344302.39,344302.39,344302.39,344302.39,4132664969
20240826,210000,344303.38,344303.38,344303.38,344303.38,4132664969
20240827,090000,344303.38,344548,344303.38,344548,9228012408
20240827,100000,344579.65,344707.35,344575.05,344707.35,22327614310
20240827,110000,344748.59,344872.13,344748.59,344872.13,32295351560
20240827,120000,344880.49,345046.89,344880.49,345046.89,23894954398
20240827,150000,345046.61,345046.61,345046.3,345046.3,11197938078
20240827,170000,345045.8,345047.02,345045.8,345047.02,11145522132
20240827,180000,345046.99,345046.99,345046.76,345046.81,26004788348
20240827,190000,345046.82,345047.12,345046.82,345047.12,26003149018
20240827,200000,345047.11,345047.12,345047.11,345047.12,7428469566
20240827,210000,345047.11,345047.13,345046.81,345046.81,14856110990
20240827,220000,345047.12,345047.2,345047.12,345047.2,11141802495
20240828,090000,345047.2,345846.41,345047.2,345846.41,7891933012
20240828,100000,345871.28,346257.3,345871.28,346257.3,20845294605
20240828,110000,346296.22,346568.34,346296.22,346568.34,30975561906
20240828,120000,346611.31,346812.09,346611.31,346812.09,26103128877
20240828,140000,346812.1,346812.1,346812.1,346812.1,3586522117
20240828,150000,346811.8,346811.8,346808.27,346808.27,10751208064
20240828,180000,346808.63,346808.63,346808.63,346808.63,3578975090
20240831,090000,346808.63,348318.53,346808.63,348318.53,8851600430
20240831,100000,348369.72,348909.2,348369.72,348909.2,20030149841
20240831,110000,348946.56,349432.15,348946.56,349432.15,26358984355
20240831,120000,349472.13,349900.97,349472.13,349900.97,22046744866
20240831,130000,349900.21,349900.21,349900.21,349900.21,3062967267
20240901,090000,349900.21,351538.22,349900.21,351538.22,14354268565
20240901,100000,351578.17,351966.82,351578.17,351966.82,42774979873
20240901,110000,351988.19,352039.36,351988.19,352026.47,62551055398
20240901,120000,352050.16,352148.68,352050.16,352148.67,50161584350
20240901,140000,352148.62,352148.64,352148.62,352148.64,13517539518
20240901,170000,352022.07,352022.07,352022.07,352022.07,6758769759
20240903,090000,352022.07,352420.23,352022.07,352420.23,12636627020
20240903,100000,352462.54,352713.35,352462.54,352713.35,26135259217
20240903,110000,352731.69,352762.58,352702.27,352706.7,39866756662
20240903,120000,352698.74,352802.79,352698.74,352802.79,30844358860
20240903,140000,352802.82,352802.85,352802.82,352802.85,9706687460
20240903,150000,352802.83,352802.83,352802.83,352802.83,4852502205
20240903,160000,352799.97,352799.97,352796.59,352796.59,9703814410
20240907,090000,352796.59,353752.82,352796.59,353752.82,8770465887
20240907,100000,353791.77,353852.8,353787.72,353821.23,25142638974
20240907,110000,353784.58,353864.65,353773.05,353854.62,40083700412
20240907,120000,353839.62,353860.95,353809.36,353860.85,32559010146
20240907,130000,353860.79,353860.79,353860.79,353860.79,4340041123
20240907,160000,353860.91,353860.91,353860.91,353860.91,4339967543
20240907,170000,353860.92,353860.92,353860.86,353860.86,8679017010
20240907,180000,353860.87,353860.87,353860.87,353860.87,4339395443
20240907,200000,353703.88,353703.88,353703.88,353703.88,4339395931
20240908,090000,353703.88,354190.63,353703.88,354171.59,13790866590
20240908,100000,354182.41,354182.41,354076.36,354076.36,37461947245
20240908,110000,354047.98,354047.98,353758.35,353758.35,51311101438
20240908,120000,353733.21,353733.21,353558.04,353558.5,42170075875
20240908,150000,353558.51,353558.51,353558.51,353558.51,5781228467
20240908,160000,353558.66,353561.5,353558.66,353561.5,11557776398
20240908,180000,353453.27,353453.27,353453.27,353453.27,5778888199
20240909,090000,353453.27,355078.87,353453.27,355078.87,12256235971
20240909,100000,355166.76,355561.73,355166.76,355561.73,32571892078
20240909,110000,355586.36,355753.28,355586.36,355753.28,44928445348
20240909,120000,355767.98,355974.16,355767.98,355974.15,43628658621
20240909,160000,355975.57,355976.62,355975.57,355976.62,36511523480
20240909,170000,355976.53,355976.53,355976.53,355976.53,5214803354
20240909,180000,355851.18,355851.18,355851.18,355851.18,5214803354
20240910,090000,355851.18,356617.84,355851.18,356617.84,9093046052
20240910,100000,356636.72,356826.74,356636.72,356826.74,22992474244
20240910,110000,356841.48,357042.07,356841.48,357042.07,36730082932
20240910,120000,357049.79,357205.06,357049.79,357205.06,27000661853
20240910,140000,357199.41,357199.45,357199.41,357199.44,16838975195
20240910,160000,357199.42,357199.42,357199.42,357199.42,4209638610
20240910,190000,357203.97,357203.97,357203.97,357203.97,4209638610
20240911,090000,357203.97,358474,357203.97,358474,9904708802
20240911,100000,358527.48,358974.35,358527.48,358974.35,29013750305
20240911,110000,358985.24,359387.47,358985.24,359387.47,43249579674
20240911,120000,359429.03,359803.86,359429.03,359799.63,62046991162
20240911,130000,359799.97,359800.38,359799.09,359800.38,44512901864
20240911,140000,359800.37,359800.41,359800.04,359800.41,33268323699
20240911,150000,359799.97,359801.23,359799.59,359801.23,60400472238
20240911,160000,359801.35,359804.87,359801.35,359804.85,38304303635
20240914,090000,359804.85,361191.62,359804.85,361191.62,12015773383
20240914,100000,361235.32,361445.17,361235.32,361420.34,30633519630
20240914,110000,361416.18,361416.18,361362.94,361410.48,50562064658
20240914,120000,361390.54,361435.33,361390.54,361435.27,44094327046
20240914,140000,361435.26,361435.26,361433.64,361433.64,41127125368
20240914,150000,361433.33,361433.33,361433.01,361433.18,29325486706
20240914,160000,361433.16,361433.16,361433.13,361433.13,11725952850
20240915,090000,361433.13,361549.68,361137.4,361137.4,13023768120
20240915,100000,361190.48,361192.2,360866.21,360866.21,30761787069
20240915,110000,360851.12,360851.12,360596.16,360596.16,43592087316
20240915,120000,360588.27,360588.27,360449.66,360449.68,50767897566
20240915,150000,360449.67,360450.59,360448.28,360448.59,33714207940
20240915,160000,360449.14,360449.14,360449.14,360449.14,4806378686
20240916,090000,360449.14,360993.96,360449.14,360993.96,8260246267
20240916,100000,361108.75,361513.81,361108.75,361513.81,28795915524
20240916,110000,361525.01,361525.01,361431.42,361431.42,40505964075
20240916,120000,361420.62,361420.62,361385.77,361412.33,52544507763
20240916,130000,361411.61,361411.61,361411.54,361411.54,18242129791
20240916,140000,361411.64,361411.76,361411.64,361411.76,9078688852
20240916,150000,361410.94,361410.94,361408.36,361408.36,22621734823
20240916,170000,361408.31,361408.31,361408.29,361408.29,13564356650
20240917,090000,361408.29,362690.78,361408.29,362690.78,11175554045
20240917,100000,362776.45,363532.4,362776.45,363532.4,31292200695
20240917,110000,363596.9,364146.39,363596.9,364146.39,50325904999
20240917,120000,364205.83,364664.65,364205.83,364664.64,45152610985
20240917,140000,364664.63,364664.63,364664.63,364664.63,6099089348
20240917,170000,364664.45,364664.45,364664.45,364664.45,6098435522
20240918,090000,364664.45,366098.84,364664.45,366098.84,13106926963
20240918,100000,366124.02,366499.6,366124.02,366499.6,28113118982
20240918,110000,366571.51,367023.35,366571.51,367023.35,45333259740
20240918,120000,367044.78,367315.82,367044.78,367315.82,44468294529
20240918,140000,367315.1,367315.1,367311.78,367311.78,37806280322
20240918,150000,367311.17,367311.17,367308.79,367308.79,10795313880
20240918,170000,367308.77,367308.77,367308.71,367308.71,10795265678
20240918,190000,367098.62,367098.62,367098.62,367098.62,5397632839
20240922,090000,367098.62,368005.54,367098.62,368005.54,12603438080
20240922,100000,368042.5,368254.37,368042.5,368227.81,34210871783
20240922,110000,368237.28,368275.19,368237.28,368247.57,51997484688
20240922,120000,368240.37,368252.97,368218.56,368252.58,45325021705
20240922,140000,368252.55,368252.55,368252.55,368252.55,6123135904
20240922,170000,368252.6,368252.6,368252.6,368252.6,6122792973
20240922,180000,368252.61,368255.39,368252.61,368255.39,12245585946
20240923,090000,368255.39,369067.37,368255.39,369067.37,11463876560
20240923,100000,369162.28,370335.35,369162.28,370335.35,39510170827
20240923,110000,370399.88,371097.89,370399.88,371097.89,61988662168
20240923,120000,371157.15,371558.98,371157.15,371558.98,45223719402
20240924,090000,371558.98,374237.49,371558.98,374237.49,24058169821
20240924,100000,374379.28,375602.4,374379.28,375602.4,59448053595
20240924,110000,375664.5,376426.65,375664.5,376426.65,87092378356
20240924,120000,376479.89,376915.26,376479.89,376915.25,79927571198
20240924,140000,376915.85,376915.85,376915.84,376915.84,18763860512
20240924,150000,376915.85,376915.85,376915.85,376915.85,9381916775
20240924,160000,376916.14,376916.14,376916.14,376916.14,9381716775
20240924,190000,376917.28,376917.28,376917.28,376917.28,9381716775
20240925,090000,376917.28,377860.29,376917.28,377860.29,22337766484
20240925,100000,377868.17,377961.67,377746.47,377746.47,55458211377
20240925,110000,377735.72,377735.72,377554.14,377562.6,82011159282
20240925,120000,377550.31,377550.31,377452.18,377452.21,65174995930
20240925,160000,377452.19,377452.19,377452.19,377452.19,8637137318
20240928,090000,377452.19,377452.19,376945.36,376945.36,16898651808
20240928,100000,376934.73,376934.73,376764.41,376764.41,27710060997
20240928,110000,376758.51,376759.71,376699.32,376699.32,33369506057
20240928,120000,376689.58,376689.58,376612.05,376612.05,24163638826
20240929,090000,376612.05,376612.05,376089.55,376089.55,9694902584
20240929,100000,376045.31,376045.31,375768.79,375768.79,44179256610
20240929,110000,375748.2,375754.26,375738.41,375739.13,58399560210
20240929,120000,375738.53,375738.53,375667.4,375681.83,52115224260
20240929,180000,375464.22,375464.22,375464.22,375464.22,6190572182
20240930,090000,375464.22,375464.22,375165.65,375165.65,9868022025
20240930,100000,375154.21,375154.21,375082.4,375087.43,25882232684
20240930,110000,375079.13,375079.13,375023.84,375023.84,37636136369
20240930,120000,375022.21,375022.21,375003.51,375005,33212728775
20240930,150000,375006.77,375010.76,375006.77,375010.72,54494535099
20240930,160000,375010.86,375010.86,375010.81,375010.81,13602039231
20240930,180000,374916.08,374916.08,374916.08,374916.08,4534013077
20241001,090000,374916.08,374916.08,374705.94,374705.94,13173152705
20241001,100000,374675.68,374675.68,374609.31,374609.31,23479247606
20241001,110000,374596.56,374596.56,374517.42,374517.42,30052041447
20241001,120000,374508.41,374508.41,374407.27,374407.27,22822743122
20241001,140000,374407.94,374409.08,374407.94,374409.08,8789431789
20241001,150000,374409.58,374410.53,374409.58,374410.53,8783954349
20241002,090000,374410.53,374410.53,373871.57,373871.57,11825475956
20241002,100000,373858.27,373858.27,373689.39,373689.39,31444537815
20241002,110000,373685.68,373685.68,373672.38,373672.38,36837249961
20241002,120000,373670.15,373670.15,373610.14,373611.42,39265989746
20241002,130000,373611.66,373612.16,373611.66,373612.16,16881481950
20241002,140000,373612.29,373615.11,373612.29,373615.11,20136677705
20241002,150000,373615.14,373617.24,373615.14,373617.23,40009228877
20241002,190000,373510.32,373510.32,373510.32,373510.32,3315515691
20241005,090000,373510.32,373510.32,373262.43,373262.43,5912013578
20241005,100000,373258.63,373258.63,373190.33,373192.09,11070534431
20241005,110000,373184.79,373184.79,373067.83,373067.83,14268579255
20241005,120000,373058.94,373058.94,372968.98,372968.98,10086615645
20241005,140000,372968.95,372968.95,372968.95,372968.95,1523955897
20241005,180000,372975.31,372975.31,372975.31,372975.31,1523955897
20241006,090000,372975.31,372975.31,372730.45,372730.45,4430298481
20241006,100000,372729.67,372729.67,372653.07,372653.07,7051137979
20241006,110000,372651.42,372651.42,372609.14,372609.14,8137303040
20241006,120000,372606.39,372606.39,372577.81,372577.81,5332706911
20241006,190000,372372.92,372372.92,372372.92,372372.92,791200360
20241007,090000,372372.92,372372.92,371682.62,371682.62,16227981774
20241007,100000,371656.11,371667.84,371644.86,371647.18,31634484452
20241007,110000,371651.86,371651.86,371510.21,371510.21,38996431433
20241007,120000,371505.82,371512.38,371502.57,371503.33,35198426889
20241007,140000,371503.38,371507.11,371503.38,371505.79,29643177674
20241007,150000,371505.74,371507.28,371505.74,371507.26,37293548469
20241007,160000,371507.21,371507.21,371502.24,371502.24,28489627346
20241007,170000,371502.64,371502.64,371502.64,371502.64,4069258887
20241008,090000,371502.64,371502.64,371312.06,371312.06,14942898083
20241008,100000,371284.95,371284.95,371239,371254.71,32909341673
20241008,110000,371252.14,371252.14,371224.29,371227.53,43245651294
20241008,120000,371221.75,371225.07,371214.11,371219.59,46823007933
20241008,140000,371219.82,371222.18,371219.82,371222.18,8799334730
20241008,150000,371222.17,371222.18,371222.17,371222.18,8799163875
20241008,170000,371222.19,371222.6,371222.19,371222.6,8798876484
20241009,090000,371222.6,371255.15,371185.19,371255.15,8442713028
20241009,100000,371250.62,371319.6,371250.62,371319.6,20151317872
20241009,110000,371319.19,371349.15,371317.13,371322.9,26295312960
20241009,120000,371324.72,371347.95,371320.33,371347.95,20320206515
20241009,140000,371347.78,371347.78,371347.78,371347.78,2722591040
20241009,170000,371347.74,371347.74,371346.92,371346.92,10882595156
20241009,180000,371347.22,371347.22,371347.22,371347.22,2720636766
20241012,090000,371347.22,371347.22,370759.8,371103.71,27778227421
20241012,100000,371126.12,371298.41,371126.12,371275.17,58522434432
20241012,110000,371280.76,371305.22,371209.56,371305.22,73810423197
20241012,120000,371297.75,371436.55,371297.75,371436.52,66184575489
20241012,140000,371436.54,371436.54,371436.52,371436.52,15867270882
20241012,150000,371436.59,371436.59,371436.48,371436.48,15865195572
20241012,160000,371436.16,371436.16,371421.38,371421.38,31704237492
20241012,190000,371421.07,371421.07,371421.07,371421.07,7925980583
20241013,090000,371421.07,371848.03,371381.06,371829.58,16887747864
20241013,100000,371821.14,371894.37,371616.46,371616.46,41444045474
20241013,110000,371571.53,371571.53,371346.64,371346.64,61061075151
20241013,120000,371327.91,371327.91,371198.15,371211.58,52237979476
20241013,140000,371212.35,371212.95,371212.35,371212.95,28392110850
20241013,150000,371212.82,371216.7,371212.82,371216.48,56676756310
20241013,160000,371216.75,371218.43,371216.71,371216.71,56397506519
20241013,170000,371216.5,371216.5,371214.42,371214.76,56082297548
20241014,090000,371214.76,371214.76,369553.07,369553.07,11919329547
20241014,100000,369491.48,369491.48,368707.24,368707.24,26128600224
20241014,110000,368630.71,368630.71,368193.62,368193.62,35891721360
20241014,120000,368166.2,368166.2,367896.63,367897.46,29742778835
20241014,140000,367898.1,367898.1,367898.1,367898.1,4230628733
20241014,150000,367898.88,367904.6,367898.36,367904.6,21033196633
20241014,160000,367907.8,367911.31,367907.8,367911.31,16746178896
20241014,180000,367910.95,367910.95,367910.95,367910.95,4186537997
20241015,090000,367910.95,367910.95,366323.71,366323.71,13417393006
20241015,100000,366269.57,366269.57,365735.3,365735.3,24141120882
20241015,110000,365686.9,365686.9,365313.84,365313.84,31096234003
20241015,120000,365276.94,365276.94,364955.28,364955.28,24682506876
20241015,140000,364954.89,364955.32,364954.89,364955.32,13305530336
20241015,150000,364955.99,364957.62,364955.99,364957.59,23189879759
20241016,090000,364957.59,364957.59,363941.37,363941.37,20625326098
20241016,100000,363912.16,363912.16,363488.11,363488.11,42774748460
20241016,110000,363459.12,363459.12,363158.51,363158.51,56451745882
20241016,120000,363134.06,363134.06,362943.5,362943.5,37815050204
20241016,140000,362945.47,362945.63,362945.47,362945.63,11477839368
20241016,170000,362950.45,362950.45,362950.45,362950.45,5738919684
20241019,090000,362950.45,362950.45,361412.18,361412.18,12832369448
20241019,100000,361335.4,361335.4,360662.48,360662.48,28048761392
20241019,110000,360637.88,360637.88,360298.77,360298.77,33391748066
20241019,120000,360235.65,360235.65,359909.74,359909.74,22224992912
20241019,140000,359898.2,359898.2,359898.2,359898.2,3358138169
20241019,150000,359895.15,359895.15,359895.15,359895.15,3354483169
20241019,180000,359896.06,359896.06,359896.06,359896.06,3354405111
20241020,090000,359896.06,359896.06,358204.22,358204.22,10248222166
20241020,100000,358167.28,358167.28,357717.05,357717.05,18859681259
20241020,110000,357682.9,357682.9,357297.93,357297.93,22463370405
20241020,120000,357279.01,357279.01,356982.89,356982.89,14867802950
20241020,150000,356983.36,356983.36,356983.36,356983.36,2290223526
20241020,170000,356811.43,356811.43,356811.43,356811.43,2290223526
20241021,090000,356811.43,356811.43,355638.67,355638.67,17903137826
20241021,100000,355621.58,355621.58,355316.62,355316.62,37853144586
20241021,110000,355299.76,355299.76,355010.6,355010.6,51626169162
20241021,120000,354989.84,354989.84,354764.24,354764.24,34910155692
20241021,150000,354764.27,354764.27,354762.22,354762.22,10816753313
20241021,160000,354750.73,354750.73,354741.94,354741.94,10812855828
20241021,170000,354741.95,354741.96,354741.94,354741.94,16218796159
20241021,180000,354487.24,354487.24,354487.24,354487.24,5406256884
20241022,090000,354487.24,354487.24,353758.99,353758.99,14787741533
20241022,100000,353682.41,353682.41,353219.27,353219.27,29804565601
20241022,110000,353166.34,353166.34,352661.12,352661.12,45028498046
20241022,120000,352619.59,352619.59,352248.05,352248.05,37695169073
20241022,140000,352248.12,352248.13,352246.99,352246.99,29960977327
20241022,150000,352247,352247,352247,352247,4988101748
20241022,160000,352246.98,352246.98,352246.97,352246.97,19945214968
20241022,180000,352159.4,352159.4,352159.4,352159.4,4985705736
20241023,090000,352159.4,352159.4,350271.03,350271.03,13317620275
20241023,100000,350207.45,350207.45,349647.73,349647.73,27120220225
20241023,110000,349606.37,349606.37,349235.34,349235.34,35431792036
20241023,120000,349202.54,349202.54,348926.37,348926.37,29584074699
20241023,140000,348932.11,348932.11,348932.11,348932.11,4059456551
20241023,150000,348933.44,348933.44,348933.44,348933.44,4058890351
20241023,200000,348936.15,348936.15,348936.15,348936.15,4058890351
20241026,090000,348936.15,349974.31,348597.14,349974.31,24322663289
20241026,100000,350117.05,350790.65,350117.05,350790.65,38337039680
20241026,110000,350853.39,351391.41,350853.39,351391.41,45462092266
20241026,120000,351440.66,351846.95,351440.66,351846.92,36461564676
20241026,130000,351847.14,351847.15,351846.8,351846.8,19259320809
20241026,140000,351847.14,351847.21,351847.14,351847.21,14435837911
20241026,160000,351846.41,351846.41,351846.17,351846.17,9622464640
20241026,200000,351846.65,351846.65,351846.65,351846.65,4811232320
20241027,090000,351846.65,353970.28,351846.65,353970.28,10843573057
20241027,100000,354082.18,354924.81,354082.18,354924.81,21100881806
20241027,110000,355038.19,355859.36,355038.19,355859.36,30475823801
20241027,120000,355945.99,356590.88,355945.99,356590.88,22450286429
20241027,160000,356589.99,356589.99,356589.99,356589.99,3706131685
20241027,170000,356589.91,356589.91,356589.91,356589.91,3706079385
20241028,090000,356589.91,358399.34,356589.91,358319.08,41711731494
20241028,100000,358346.51,358372.74,358287.41,358287.41,74768431287
20241028,110000,358292.35,358335.19,358290.4,358335.19,86980897708
20241028,120000,358378.15,358519,358378.15,358518.99,65354067418
20241028,140000,358519.1,358519.11,358519.1,358519.11,17392190814
20241028,150000,358519.76,358519.76,358519.14,358519.14,17391435443
20241029,090000,358519.14,358760.18,358338.92,358338.92,27473529364
20241029,100000,358299.32,358299.32,358031.08,358031.08,53763214149
20241029,110000,358011.23,358011.23,357672.57,357672.57,69177994292
20241029,120000,357638.82,357638.82,357460.94,357460.94,53651121245
20241029,150000,357460.72,357460.72,357427.78,357437.45,49168920349
20241029,170000,357435.91,357435.91,357435.91,357435.91,7020144802
20241030,090000,357435.91,357435.91,356666.48,356666.48,15389809379
20241030,100000,356628.1,356628.1,356348.78,356348.78,43552725879
20241030,110000,356365.18,356718.78,356365.18,356718.78,70866758512
20241030,120000,356730.89,356827.07,356729.13,356827.07,50967099064
20241030,170000,356827.13,356827.13,356827.13,356827.13,7812038715
20241030,180000,356827.21,356828.26,356827.21,356828.26,54590493654
20241030,190000,356828.34,356828.37,356828.34,356828.37,15583488116
20241102,090000,356828.37,358091.88,356828.37,358082.08,18089952592
20241102,100000,358085.28,358085.28,357585.01,357585.01,45689316621
20241102,110000,357543.87,357543.87,357167.04,357167.04,63294972096
20241102,120000,357133.78,357133.78,356845.32,356845.32,51485573199
20241103,090000,356845.32,356845.32,355051.04,355051.04,15104760505
20241103,100000,354973.98,354973.98,354262.86,354262.86,29194173540
20241103,110000,354229.76,354229.76,353843.54,353843.54,34757574028
20241103,120000,353825.39,353825.39,353590.12,353590.12,25765812675
20241104,090000,353590.12,353590.12,352079.56,352079.56,18901616434
20241104,100000,352043.4,352043.4,351676.83,351676.83,40064073952
20241104,110000,351673.86,351673.86,351357.17,351357.17,54840610936
20241104,120000,351337.5,351337.5,351126.55,351126.61,45484831422
20241104,130000,351126.97,351127.98,351126.97,351127.98,12347323322
20241104,140000,351130.89,351130.89,351130.89,351130.89,6171319606
20241104,150000,351131.03,351132.74,351131.03,351132.46,37011808430
20241105,090000,351132.46,351599.09,351132.46,351540.8,10506322881
20241105,100000,351505.97,351505.97,351259.46,351259.46,25857512611
20241105,110000,351247.44,351247.44,351047.92,351047.92,35437980158
20241105,120000,351053.92,351142.3,351046.69,351142.3,29748483945
20241105,150000,351142.26,351142.27,351141.18,351142.27,28123548281
20241105,160000,351121.65,351121.65,351121.65,351121.65,4003620262
20241105,180000,351121.76,351121.76,351121.76,351121.76,4003620262
20241106,090000,351121.76,351121.76,349489.78,349489.78,13944722011
20241106,100000,349423.83,349423.83,348944.36,348944.36,34411496584
20241106,110000,348927.2,349188.03,348856.72,349188.03,57815241160
20241106,120000,349222.56,349394.2,349222.56,349394.2,51003242109
20241106,130000,349394.19,349394.19,349394.19,349394.19,6785140932
20241109,090000,349394.19,352027.63,349394.19,352027.63,13050267345
20241109,100000,352123.61,353102.31,352123.61,353102.31,26108201310
20241109,110000,353152.46,353623.04,353152.46,353623.04,35210176207
20241109,120000,353650.54,354187.63,353650.54,354187.63,28728023403
20241109,170000,354187.64,354187.64,354187.64,354187.64,3909486633
20241109,180000,354186.74,354186.74,354186.74,354186.74,3909486633
20241110,090000,354186.74,357362.36,354186.74,357362.36,12713191085
20241110,100000,357462.61,358523.3,357462.61,358523.3,24816826246
20241110,110000,358586,359333.62,358586,359333.62,32940294424
20241110,120000,359404.58,359986.16,359404.58,359986.15,31993243601
20241110,150000,359968.21,359968.21,359968.21,359968.21,3831652395
20241110,160000,359968.16,359968.16,359968.15,359968.15,7660988012
20241110,190000,359897.07,359897.07,359897.07,359897.07,3830493751
20241111,090000,359897.07,363501.85,359897.07,363501.85,38182417138
20241111,100000,363605.88,364311.35,363605.88,364311.35,77433817557
20241111,110000,364375.57,364493.46,364339.4,364339.4,121314660668
20241111,120000,364316.15,364316.15,364201.62,364201.62,85346590080
20241111,160000,364201.57,364201.57,364201.53,364201.53,38378871725
20241111,170000,364201.52,364201.52,364201.52,364201.52,12792905643
20241112,090000,364201.52,364915.77,364201.52,364915.77,28389597588
20241112,100000,365241.2,365503.4,365241.2,365503.4,64447332202
20241112,110000,365514.27,365524.55,365383.16,365383.16,88620642003
20241112,120000,365342.3,365342.3,365218.73,365218.89,92833559411
20241112,160000,365203.66,365203.66,365203.47,365203.47,19585413398
20241113,090000,365203.47,366621.36,365203.47,366621.36,18399001784
20241113,100000,366710.31,367528.88,366710.31,367528.88,46980603666
20241113,110000,367589.83,367845.69,367589.83,367845.69,65308543922
20241113,120000,367852.82,368115.56,367852.82,368115.56,54372319072
20241113,140000,368115.55,368115.55,368115.55,368115.55,7458450922
20241113,150000,368115.52,368115.52,368115.52,368115.52,7458400922
20241113,160000,368108.98,368108.98,368103.79,368103.79,14907935848
20241116,090000,368103.79,372516,368103.79,372516,25254970381
20241116,100000,372668.23,373651.59,372668.23,373651.59,49735404285
20241116,110000,373718.78,374506.19,373718.78,374506.19,64348940246
20241116,120000,374569.99,375154.6,374569.99,375154.58,57711464187
20241116,130000,375154.56,375154.56,375154.56,375154.56,6838662553
20241116,160000,375154.23,375154.23,375154.06,375154.06,13676693700
20241116,170000,375153.81,375154.06,375153.81,375154.06,13639103346
20241116,190000,375071.71,375071.71,375071.71,375071.71,6819551673
20241117,090000,375071.71,377479.47,375071.71,377376.98,54194924143
20241117,100000,377373.32,377481.27,377145.61,377145.61,107919989537
20241117,110000,377123.57,377123.57,376847.23,376847.23,140008446155
20241117,120000,376830.62,376830.62,376777.44,376777.44,106976828900
20241117,130000,376777.43,376777.43,376777.43,376777.43,13975310872
20241117,160000,376777.44,376777.44,376777.44,376777.44,13975280872
20241118,090000,376777.44,379649.31,376777.44,379649.31,31967400484
20241118,100000,379788.01,381477.43,379788.01,381477.43,74528451621
20241118,110000,381555.26,382311.74,381555.26,382311.74,94681303136
20241118,120000,382399.12,382943.5,382399.12,382943.5,75765880822
20241118,140000,382943.49,382943.49,382943.28,382943.28,40782828712
20241118,200000,382900.56,382900.56,382900.56,382900.56,10195528428
20241119,090000,382900.56,385799.81,382900.56,385798.64,37401299061
20241119,100000,385812.91,386023.08,385768.89,385768.89,97326437048
20241119,110000,385744.85,385744.85,385307.47,385307.47,151767621772
20241119,120000,385236.09,385236.09,384787.78,384787.78,109790662157
20241119,150000,384787.77,384787.77,384787.77,384787.77,16900249026
20241119,160000,384786.45,384786.45,384786.45,384786.45,16899208823
20241119,170000,384790.22,384790.22,384790.22,384790.22,16897860631
20241120,090000,384790.22,384790.22,382968.71,382968.71,41142438210
20241120,100000,382876.69,383125.45,382700.71,383125.45,90598598289
20241120,110000,383169.87,383209.02,383093.48,383093.48,117383623012
20241120,120000,383033.65,383033.65,382911.82,382912.08,91944619986
20241120,160000,382907.53,382907.53,382907.53,382907.53,12119006119
20241120,170000,382895.81,382895.81,382895.81,382895.81,12115128082
20241123,090000,382895.81,385444.26,382895.81,385444.26,32776614591
20241123,100000,385654.21,386481.43,385654.21,386481.43,75390240632
20241123,110000,386559.37,386772.02,386559.37,386772.02,102400273007
20241123,120000,386801.76,387049.76,386801.76,387049.68,83975954919
20241124,090000,387049.68,391718.12,387049.68,391718.12,38483145070
20241124,100000,391882.33,393167.42,391882.33,393167.42,82009782447
20241124,110000,393265.19,394004,393265.19,394004,104671504418
20241124,120000,394044.11,394534.4,394044.11,394534.35,81400686243
20241124,150000,394534.53,394534.62,394534.53,394534.62,21355966392
20241124,160000,394528.93,394528.93,394528.93,394528.93,10677209196
20241125,090000,394528.93,400524.44,394528.93,400524.44,39782492510
20241125,100000,400658.43,401820.61,400658.43,401820.61,71981179522
20241125,110000,401898.44,402698.88,401898.44,402698.88,93259483545
20241125,120000,402740,403175.86,402740,403175.86,72242543032
20241125,140000,403175.87,403175.89,403175.87,403175.89,19459197192
20241125,160000,403175.82,403175.82,403175.82,403175.82,9729598596
20241126,090000,403175.82,408893.43,403175.82,408780.86,60206793839
20241126,100000,408534.88,408534.88,406965.33,406965.33,186211150963
20241126,110000,406918.37,406918.37,406535.28,406535.28,250058703488
20241126,120000,406487.02,406487.02,406034.36,406034.36,217360469040
20241126,150000,406033.94,406033.94,406033.93,406033.93,50246432938
20241126,170000,406033.77,406033.77,406024.55,406024.75,75366946215
20241127,090000,406024.75,407245.02,406024.75,406727.1,40137979605
20241127,100000,406636.3,406636.3,406311.73,406395.83,94303556554
20241127,110000,406464.12,407257.38,406464.12,407257.38,137720442404
20241127,120000,407337.74,407916.58,407337.74,407916.57,119065236049
20241127,130000,407916.68,407916.68,407916.68,407916.68,15976257581
20241127,180000,407735.88,407735.88,407735.88,407735.88,15976257581
20241130,090000,407735.88,411088.77,407735.88,411041.89,40410579260
20241130,100000,410976.98,410976.98,409765.59,409765.59,101193510849
20241130,110000,409622.68,409622.68,408765.8,408765.8,164665500682
20241130,120000,408731.98,408731.98,408451.51,408451.51,134599637609
20241130,130000,408451.53,408451.53,408451.53,408451.53,17733437030
20241130,140000,408451.42,408451.42,408451.42,408451.42,17733251072
20241201,090000,408451.42,408989.24,408199.73,408989.24,45587405600
20241201,100000,409012.94,409036.48,408772.98,408776.67,98530410995
20241201,110000,408751.24,408751.24,408651.76,408740.16,128069066300
20241201,120000,408781.83,408987.49,408781.83,408987.48,102921038788
20241201,140000,408986.9,408986.9,408986.6,408986.6,54583472560
20241201,150000,408986.54,408986.99,408986.49,408986.99,40922888898
20241201,170000,408982.36,408982.36,408981.32,408981.32,27231649298
20241201,200000,408909.1,408909.1,408909.1,408909.1,13615824649
20241202,090000,408909.1,415296.13,408909.1,415296.13,41298268619
20241202,100000,415466.26,416930.55,415466.26,416930.55,72200273928
20241202,110000,416995.63,417584.59,416995.63,417584.59,91879211938
20241202,120000,417653.05,418217.75,417653.05,418217.75,72178157562
20241202,140000,418217.73,418217.73,418217.69,418217.69,18786616924
20241203,090000,418217.69,422818.71,418217.69,422631.05,79088297083
20241203,100000,422745.25,422828.23,422682.52,422828.23,162465112784
20241203,110000,422886.22,423160.02,422886.22,423160.02,207047215994
20241203,120000,423149.67,423230.75,423136.45,423218.79,142561375225
20241203,140000,423213.39,423213.39,423213.14,423213.18,66112419802
20241203,150000,423213.19,423213.19,423213.19,423213.19,22036694457
20241203,160000,423213.18,423213.18,423213.18,423213.18,22036256551
20241203,190000,423106.27,423106.27,423106.27,423106.27,22036256551
20241204,090000,423106.27,424547.33,423106.27,424547.33,44630721639
20241204,100000,424646.85,425397.83,424646.85,425397.83,108505010784
20241204,110000,425479.59,426063.01,425479.59,426063.01,148192622611
20241204,120000,426157.72,426422,426157.72,426421.97,127209140543
20241204,140000,426421.99,426422,426421.93,426421.93,52280439928
20241204,210000,426247.64,426247.64,426247.64,426247.64,17426723108
20241207,090000,426247.64,426795.7,423539.67,423539.67,76644110802
20241207,100000,423366.36,423366.36,422602.54,422602.54,177120947792
20241207,110000,422594.59,422594.59,422268.32,422268.32,218022491979
20241207,120000,422244.43,422244.43,422085.76,422085.76,164188373108
20241207,140000,422085.8,422085.8,422085.8,422085.8,21596682218
20241207,180000,421933.81,421933.81,421933.81,421933.81,21596682170
20241208,090000,421933.81,421933.81,418683.33,419105.74,47315366462
20241208,100000,419190.39,419494.71,419190.39,419494.71,117770807951
20241208,110000,419498.3,419517.93,419463.17,419489.13,153250366938
20241208,120000,419493.03,419691.06,419493.03,419691.06,143259599152
20241208,160000,419691.83,419691.84,419675.75,419675.75,68346041384
20241208,170000,419675.41,419675.41,419671.15,419671.15,34161240514
20241208,190000,419671.48,419671.48,419671.48,419671.48,17080611257
20241209,090000,419671.48,426065.4,419671.48,426065.4,47404337065
20241209,100000,426237.69,427466.41,426237.69,427466.41,97736988458
20241209,110000,427564.46,428126.14,427564.46,428126.14,128820441863
20241209,120000,428198.47,428539.88,428198.47,428539.87,104410142048
20241209,140000,428539.88,428539.88,428539.88,428539.88,13947629564
20241209,150000,428539.76,428539.76,428539.76,428539.76,13947629564
20241209,170000,428539.75,428539.75,428536.03,428536.03,27894717960
20241210,090000,428536.03,431173.6,428536.03,430846.84,66955438982
20241210,100000,430877.8,431193.49,430877.8,430959.81,155207549696
20241210,110000,430900.96,430900.96,430299.64,430299.64,233198956150
20241210,120000,430271.47,430271.47,430001.96,430001.96,176829080488
20241210,130000,430002.22,430002.22,430002.22,430002.22,23039612860
20241210,150000,430002.23,430002.71,430002.23,430002.71,69071476944
20241211,090000,430002.71,430601.35,430002.71,430451.06,32743407469
20241211,100000,430333.82,430589.35,430071.14,430589.35,91015895746
20241211,110000,430749.33,432208.18,430749.33,432208.18,142746719506
20241211,120000,432328.92,433184.88,432328.92,433184.88,123748522805
20241211,140000,433184.96,433184.96,433184.96,433184.96,17135087934
20241211,170000,433180.17,433180.17,433179.96,433180,85662038942
20241214,090000,433180,439949.41,433180,439949.41,33608251082
20241214,100000,440083.13,441196.47,440083.13,441196.47,62129660149
20241214,110000,441315.66,442286.78,441315.66,442286.78,82760396633
20241214,120000,442313.59,443041.25,442313.59,443041.25,58603895201
20241214,200000,442994.76,442994.76,442994.76,442994.76,9021147309
20241215,090000,442994.76,449406.39,442994.76,449406.39,52576674298
20241215,100000,449427.68,449488.59,449267.01,449267.01,167317105914
20241215,110000,449282.7,449399.04,449246.43,449333.64,217921418165
20241215,120000,449307.76,449307.76,449189.11,449189.11,191439777062
20241215,160000,449189.34,449189.34,449189.34,449189.34,22189826816
20241215,170000,449189.3,449189.3,449189.3,449189.3,22188826816
20241215,190000,449072.61,449072.61,449072.61,449072.61,22188826816
20241216,090000,449072.61,449914.48,448391.61,448783.74,108592798197
20241216,100000,448854.45,449205.66,448854.45,449205.66,194728175961
20241216,110000,449206.87,449216.04,448719.76,448719.76,270163410458
20241216,120000,448600.12,448600.12,448126.79,448126.79,232397596878
20241217,090000,448126.79,448126.79,445292.75,445292.75,77815740160
20241217,100000,445145.36,445145.36,444313.38,444313.38,155461887277
20241217,110000,444269.22,444269.22,443052.4,443052.4,200691013363
20241217,120000,442965.09,442965.09,442524.54,442524.54,154675463335
20241217,150000,442524.82,442524.82,442524.82,442524.82,19956821080
20241217,170000,442524.81,442524.81,442524.81,442524.81,19956798122
20241218,090000,442524.81,442524.81,438713.18,438817.91,59734037969
20241218,100000,438895.63,439128.54,438895.63,439016.79,145431131793
20241218,110000,438976.79,438976.79,438811.57,438909.84,189660191859
20241218,120000,438913.9,439165.65,438913.9,439165.65,150945226642
20241218,140000,439165.63,439165.64,439165.63,439165.64,40218299555
20241218,170000,439165.18,439165.18,439165.18,439165.18,20106574949
20241218,200000,438957.72,438957.72,438957.72,438957.72,20106574949
20241221,090000,438957.72,444417.23,438957.72,444417.23,33367884687
20241221,100000,444565.86,446077.77,444565.86,446077.77,72635223343
20241221,110000,446142.86,446521.35,446142.86,446521.35,99333261680
20241221,120000,446555.13,446769.81,446555.13,446769.8,80431433390
20241221,140000,446770.27,446770.27,446770.27,446770.27,10734206683
20241221,170000,446770.26,446770.26,446770.26,446770.26,10734205375
20241221,180000,446648.36,446648.36,446648.36,446648.36,10734205375
20241222,090000,446648.36,447499.27,445698.68,445698.68,50641021083
20241222,100000,445532.24,445694.7,445357.19,445694.7,126663007009
20241222,110000,445725.12,445869.44,445725.12,445753.73,190908986270
20241222,120000,445723.27,445723.27,445570.46,445570.46,153892295344
20241222,150000,445570.29,445570.29,445570.07,445570.07,60739875960
20241222,160000,445570.05,445570.05,445570.05,445570.05,20246625320
20241222,170000,445563.78,445563.78,445563.78,445563.78,20245624669
20241223,090000,445563.78,446464.85,445563.78,446464.85,31550573800
20241223,100000,446520.2,447107.96,446520.2,447107.96,90270838753
20241223,110000,447148.27,447690.92,447148.27,447690.92,138906328927
20241223,120000,447730.07,448339.17,447730.07,448339.17,115152034977
20241223,150000,448338.77,448338.77,448331.74,448331.74,30633592688
20241224,090000,448331.74,453490.82,448331.74,453490.82,42972804713
20241224,100000,453619.91,453775.05,453391.17,453391.17,118803486697
20241224,110000,453342.5,453342.5,452935.43,452935.43,179907595009
20241224,120000,452946.06,452959.22,452863.62,452863.62,168358314419
20241224,170000,452863.66,452863.66,452863.66,452863.66,19850109958
20241225,090000,452863.66,453903.9,451348.32,451348.32,73743253769
20241225,100000,451242.75,451242.75,450396.27,450396.27,195326477682
20241225,110000,450366.69,450382,450319.47,450382,260134823569
20241225,120000,450400.91,450601.12,450400.91,450601.12,210161654162
20241225,190000,450602.54,450602.54,450602.54,450602.54,27768865709
20241228,090000,450602.54,453586.7,450602.54,453586.7,61367953019
20241228,100000,453692.17,454390.95,453692.17,454382.58,152427076781
20241228,110000,454385.23,454810.27,454326.92,454694.22,210122310421
20241228,120000,454728.89,454808.38,454728.89,454808.38,161153933209
20241228,160000,454808.12,454808.12,454807.97,454807.97,42057324608
20241229,090000,454807.97,455416.23,454221.15,454221.15,45400869884
20241229,100000,454039.51,454039.51,452839.33,452839.33,104784183384
20241229,110000,452803.17,452818.43,452604.64,452604.64,156471813917
20241229,120000,452585.82,452615.92,452557.63,452615.92,141442622180
20241229,130000,452615.93,452615.93,452615.93,452615.93,16292765563
20241229,190000,452496.94,452496.94,452496.94,452496.94,16292731798
20241230,090000,452496.94,452496.94,449260.18,449327.02,56575695692
20241230,100000,449312.56,449470.15,449312.14,449469.77,161020880636
20241230,110000,449493.04,449742.94,449355.29,449688.94,204938278595
20241230,120000,449621.94,449621.94,449237.66,449237.74,159007549651
20241230,160000,449235.31,449235.31,449235.31,449235.31,20512064416
20241230,170000,449235.28,449235.28,449235.28,449235.28,20511919009
20241231,090000,449235.28,450330.28,449235.28,449515.02,31318723046
20241231,100000,449434.89,449518.29,449212.44,449518.29,97089289644
20241231,110000,449562.7,449699.5,449555.67,449555.67,145291783773
20241231,120000,449500.63,449500.63,449230.38,449230.4,158996022002
20241231,150000,449230.38,449230.38,449230.38,449230.38,18713978436
20241231,170000,449222.57,449222.57,449221.98,449221.98,37427956872
20250101,090000,449221.98,450220.31,449221.98,449992.53,24872496347
20250101,100000,449947.78,450565.02,449947.78,450565.02,64298056747
20250101,110000,450609.36,451379.54,450609.36,451379.54,99440768190
20250101,120000,451450.58,452047.87,451450.58,452047.87,89013358320
20250101,130000,452047.96,452047.96,452047.96,452047.96,12416105318
20250101,150000,452047.97,452047.97,452047.97,452047.97,12416095568
20250101,170000,452047.71,452047.71,452047.71,452047.71,12416045568
20250104,090000,452047.71,458293.13,452047.71,458293.13,41694854356
20250104,100000,458477.47,459933.04,458477.47,459933.04,89768541915
20250104,110000,460006.83,460833.87,460006.83,460833.87,120180617707
20250104,120000,460861.51,461235.73,460861.51,461235.7,105155349923
20250104,140000,461235.69,461235.69,461235.69,461235.69,14223377953
20250105,090000,461235.69,464604.77,461235.69,464604.77,41014876264
20250105,100000,464700.95,464995.18,464700.95,464995.18,103323185627
20250105,110000,464984.37,465093.25,464973.45,465044.51,144823604164
20250105,120000,465045.14,465156.57,465045.14,465156.56,120264903727
20250105,150000,465156.59,465156.98,465156.59,465156.98,178525450912
20250105,160000,465157,465157.01,465157,465157.01,32459117824
20250105,190000,465026.83,465026.83,465026.83,465026.83,16229548912
20250106,090000,465026.83,466962.21,465026.83,466962.21,26087254046
20250106,100000,467131.95,468264.54,467131.95,468264.54,73181900186
20250106,110000,468305.35,469215.88,468305.35,469215.88,114335237859
20250106,120000,469357.26,470402.62,469357.26,470402.62,98953647842
20250106,140000,470402.57,470402.59,470402.57,470402.59,26750275631
20250106,170000,470402.7,470402.7,470402.7,470402.7,13374780340
20250106,190000,470364.92,470364.92,470364.92,470364.92,13374770340
20250107,090000,470364.92,476944.76,470364.92,476944.76,32849272862
20250107,100000,477065.35,478758.04,477065.35,478669.38,82637660209
20250107,110000,478694.95,479074.71,478506.68,479074.71,116884924300
20250107,120000,479132.2,479846.01,479132.2,479844.91,118191071740
20250107,130000,479843.47,479843.47,479839.85,479839.85,171469309239
20250107,140000,479839.81,479839.81,479838.88,479838.88,57128905707
20250107,170000,479838.86,479838.86,479838.86,479838.86,14255504055
20250107,190000,479790.93,479790.93,479790.93,479790.93,14252120102
20250108,090000,479790.93,484784.92,479790.93,484779.7,33307098361
20250108,100000,484838.42,485282,484837.5,485282,88651510722
20250108,110000,485320.43,485824.85,485320.43,485824.85,124359258546
20250108,120000,485874.37,486320.85,485874.37,486320.85,106423414132
20250108,170000,486320.8,486320.8,486320.8,486320.8,14325116099
20250108,190000,486185.01,486185.01,486185.01,486185.01,14325116099
20250111,090000,486185.01,488762.02,486185.01,486889.27,56682192682
20250111,100000,486822.56,486822.56,486328.21,486328.21,129336654452
20250111,110000,486302.9,486302.9,485833.88,485833.88,165832604431
20250111,120000,485724.94,485724.94,485034.99,485034.99,140151563432
20250111,140000,485034.95,485034.96,485034.95,485034.96,37394032485
20250111,150000,485034.99,485035.03,485034.98,485034.99,168269343615
20250111,160000,485035.27,485035.27,485035.27,485035.27,18696387387
20250111,170000,485032.33,485032.33,485032.33,485032.33,18693903140
20250111,180000,484998.58,484998.58,484998.58,484998.58,18693903140
20250112,090000,484998.58,484998.58,479241.95,479241.95,37965077470
20250112,100000,479110.25,479110.25,478160.56,478163.11,104345596799
20250112,110000,478133.78,478133.78,477811.92,477811.92,142659896048
20250112,120000,477760.84,477760.84,477551.24,477553.75,121368991534
20250112,140000,477553.68,477553.69,477553.68,477553.69,27755500812
20250112,150000,477553.71,477553.73,477553.71,477553.73,27755500812
20250112,170000,477553.64,477553.64,477551.76,477551.76,27755497672
20250112,180000,477507.87,477507.87,477507.87,477507.87,13877748836
20250113,090000,477507.87,477875.46,476891.21,477505.61,34519014695
20250113,100000,477495.06,477776.02,477495.06,477776.02,76971054136
20250113,110000,477854.9,478394.57,477854.9,478394.57,115621732209
20250113,120000,478396.68,478495.05,478394.5,478494.42,93421983507
20250113,150000,478494.36,478494.36,478494.35,478494.35,24839285146
20250113,160000,478494.29,478494.29,478494.29,478494.29,12419569019
20250113,200000,478379.5,478379.5,478379.5,478379.5,12419553316
20250115,090000,478379.5,481090.51,478379.5,480867.18,23284863466
20250115,100000,480840.47,480840.47,480399.83,480399.83,56114216590
20250115,110000,480355.96,480355.96,479339.04,479339.04,88489771379
20250115,120000,479297.67,479297.67,478909.31,478909.31,88711831678
20250115,140000,478909.27,478909.27,478909.27,478909.27,10605251729
20250115,190000,478902.45,478902.45,478902.45,478902.45,10605046199
20250118,090000,478902.45,478902.45,474470.57,474470.57,31117720262
20250118,100000,474237.68,474237.68,473226.85,473226.85,74766234124
20250118,110000,473172.98,473172.98,472610.19,472610.19,90940702270
20250118,120000,472547.17,472547.17,472249.7,472249.7,103678272557
20250118,130000,472249.42,472249.42,472248.64,472248.64,100748272963
20250118,140000,472248.59,472248.59,472248.5,472248.5,36635690464
20250118,150000,472248.49,472248.49,472248.46,472248.46,36635690464
20250118,160000,472248.45,472248.48,472248.45,472248.48,27476722386
20250118,180000,472055.52,472055.52,472055.52,472055.52,9158907462
20250119,090000,472055.52,472055.52,470095.9,470387.74,25344579417
20250119,100000,470420.67,470826.21,470420.67,470810.49,61317773490
20250119,110000,470789.61,470789.61,470222.39,470222.39,92499010319
20250119,120000,470183.87,470183.87,469949.94,469949.94,70810034341
20250119,140000,469950.13,469950.13,469950.13,469950.13,11790796756
20250119,170000,469942.64,469942.64,469942.64,469942.64,11790678787
20250119,180000,469787.08,469787.08,469787.08,469787.08,11790678787
20250120,090000,469787.08,470642.96,469787.08,469851.75,21434762378
20250120,100000,469638.98,469638.98,467484.85,467484.85,63609742529
20250120,110000,467330.06,467330.06,465955.32,465955.32,104493419479
20250120,120000,465782.27,465782.27,465210.57,465210.68,101867377844
20250120,140000,465210.58,465210.58,465210.56,465210.56,23793325798
20250120,160000,465210.05,465210.13,465210.05,465210.13,23792294160
20250121,090000,465210.13,465210.13,462335.26,462335.26,24795825810
20250121,100000,462325.56,462325.56,462147.82,462282.69,61525994488
20250121,110000,462327.03,463370.62,462327.03,463370.62,93019875821
20250121,120000,463425.97,463735.46,463425.97,463735.46,79305377706
20250121,140000,463734.51,463734.51,463733.54,463733.54,31641931158
20250122,090000,463733.54,468438.61,463733.54,468438.61,23148265991
20250122,100000,468496.41,469186.22,468496.41,469186.22,54422303990
20250122,110000,469212.81,469674.4,469212.81,469674.4,74600452723
20250122,120000,469713.88,470050.64,469713.88,470050.64,69427806514
20250122,130000,470050.66,470050.66,470050.66,470050.66,8231536986
20250122,140000,470050.67,470050.67,470050.67,470050.67,8231481276
20250125,090000,470050.67,471682.93,470050.67,471257.82,29145719471
20250125,100000,471234.88,471248.58,471198.26,471198.26,61703763078
20250125,110000,471201.72,471423.48,471195.54,471423.48,86675665575
20250125,120000,471417.69,471436.42,471405.87,471419.18,72317197457
20250125,130000,471419.46,471419.46,471419.46,471419.46,9638309260
20250125,160000,471414.15,471414.15,471406.98,471406.98,28905924507
20250125,170000,471406.41,471406.41,471406.41,471406.41,9635088169
20250126,090000,471406.41,472923.51,471406.41,472559.33,23698163888
20250126,100000,472460.32,472460.32,471082.39,471082.39,67460573562
20250126,110000,471016.5,471016.5,470272.01,470272.01,92271802643
20250126,120000,470209.21,470209.21,469695.83,469698.02,83904725273
20250126,130000,469698.01,469698.01,469698.01,469698.01,9791904747
20250126,140000,469695.81,469695.81,469695.81,469695.81,9791607332
20250127,090000,469695.81,469695.81,467864.38,467864.38,19598869786
20250127,100000,467852.92,467971.07,467831.7,467889.61,53657891947
20250127,110000,467799.13,467799.13,467170.19,467170.19,92893405774
20250127,120000,467131.88,467131.88,466755.81,466756.24,78696373245
20250127,140000,466756.13,466756.13,466756.13,466756.13,10508483540
20250127,150000,466757.07,466757.07,466757.07,466757.07,10508483540
20250127,180000,466757.06,466757.06,466757.06,466757.06,10508473540
20250129,090000,466757.06,467079.95,466184.71,466184.71,13031159654
20250129,100000,466152.56,466152.56,465862.02,465862.02,32142514342
20250129,110000,465814.44,465814.44,465301.1,465301.1,51373917159
20250129,120000,465266.71,465266.71,465093.97,465093.97,45962534117
20250129,140000,465093.94,465093.94,465093.94,465093.94,6306449624
20250129,150000,465093.95,465093.96,465093.95,465093.96,12612681162
20250129,160000,465093.98,465094.01,465093.98,465094.01,12612310262
20250201,090000,465094.01,465094.01,462588.19,462588.19,16592827016
20250201,100000,462389.56,462389.56,460910.47,460910.47,50644801689
20250201,110000,460822.24,460822.24,460276.28,460276.28,78808698694
20250201,120000,460267.52,460267.52,460114.83,460114.85,66824948301
20250201,140000,460114.96,460114.96,460114.96,460114.96,8866181570
20250201,150000,460114.83,460114.83,460114.68,460114.68,17732093040
20250201,170000,459953.88,459953.88,459953.88,459953.88,8866046520
20250202,090000,459953.88,460858.34,459953.88,460858.34,13343606841
20250202,100000,460872.68,460906.72,460539.63,460539.63,36951503614
20250202,110000,460576.26,460580.12,460480.49,460578.27,59951537509
20250202,120000,460576.83,460595.81,460544.5,460595.81,50403410668
20250202,140000,460595.82,460595.93,460595.82,460595.93,13878406974
20250202,150000,460595.62,460595.62,460594.83,460594.83,20817610461
20250202,190000,460573.09,460573.09,460573.09,460573.09,6939203487
20250203,090000,460573.09,460981.55,460573.09,460631.33,10940311921
20250203,100000,460570.44,460570.44,460358.56,460368.37,32129380247
20250203,110000,460333.84,460380.15,460333.84,460354.45,50065714041
20250203,120000,460435.9,460526.25,460435.9,460526.12,45158891351
20250203,150000,460525.97,460525.97,460525.32,460525.35,25301011887
20250203,180000,460526.66,460526.66,460526.66,460526.66,6325050475
20250204,090000,460526.66,463316.99,460526.66,463316.99,16136649379
20250204,100000,463399.88,464247.99,463399.88,464247.99,40125874387
20250204,110000,464286.46,464506.23,464286.46,464506.23,59805184266
20250204,120000,464521,464668.25,464521,464668.25,49958985564
20250204,130000,464668.26,464668.26,464668.26,464668.26,6826959925
20250204,150000,464668.16,464668.16,464649.93,464649.93,13649907470
20250204,180000,464643.08,464643.08,464643.08,464643.08,6824953735
20250205,090000,464643.08,464672.85,463511.78,463511.78,20358604510
20250205,100000,463463.19,463793.31,463463.19,463793.31,46121706221
20250205,110000,463791.4,463791.4,463739.52,463740.33,66887322880
20250205,120000,463757.89,463775.36,463757.89,463775.36,59019460877
20250205,140000,463775.38,463775.38,463775.38,463775.38,8237438764
20250205,150000,463775.14,463775.14,463775.03,463775.03,16474545636
20250205,160000,463775,463775,463775,463775,8237182818
20250209,090000,463775,464778.84,463671.84,464778.84,29189701692
20250209,100000,464758.39,464758.39,464470.03,464470.03,68063962518
20250209,110000,464340.17,464340.17,462672.42,462672.42,115333068500
20250209,120000,462553.26,462553.26,461817.67,461817.67,104716137827
20250209,140000,461817.64,461817.74,461817.64,461817.74,28007820252
20250209,210000,461732.41,461732.41,461732.41,461732.41,14003827274
20250211,090000,461732.41,461732.41,458410.72,458410.72,25670408882
20250211,100000,458159.47,458159.47,456049.26,456049.26,66274054968
20250211,110000,455925.56,455925.56,455186.22,455186.22,112596042182
20250211,120000,455093.49,455093.49,454956.79,454956.79,92388838836
20250211,140000,454956.8,454956.8,454949.39,454949.39,72268375865
20250211,180000,454784.97,454784.97,454784.97,454784.97,12044170147
20250215,090000,454784.97,454784.97,449551.76,449551.76,27250371102
20250215,100000,449389.81,449389.81,448355.62,448355.62,58020837706
20250215,110000,448290.11,448290.11,447942.73,447942.73,79576154865
20250215,120000,447883.55,447883.55,447668.82,447668.83,60612212701
20250215,140000,447672.53,447677.24,447672.53,447677.24,15436553948
20250215,180000,447599.83,447599.83,447599.83,447599.83,7718248811
20250216,090000,447599.83,447599.83,442987.72,442987.72,35040084655
20250216,100000,442932.37,442932.37,442370.42,442370.42,70060325084
20250216,110000,442279.26,442279.26,441809.2,441809.2,86851897547
20250216,120000,441759.17,441759.17,441441.92,441441.92,69229480737
20250217,090000,441441.92,441441.92,440213.31,440368.64,29212809750
20250217,100000,440353.26,440526.7,440329.57,440329.57,65019762207
20250217,110000,440329.25,440329.25,439968.33,439968.33,89771387028
20250217,120000,439910.86,439910.86,439692.81,439692.94,73185187592
20250217,140000,439692.46,439692.46,439692.46,439692.46,9953980891
20250217,150000,439692.41,439692.41,439692.37,439692.37,19902335108
20250217,190000,439491.1,439491.1,439491.1,439491.1,9951167554
20250218,090000,439491.1,440138.02,439488.4,440138.02,13844693041
20250218,100000,440189.34,440279.59,440189.34,440255.14,35651554017
20250218,110000,440233.07,440245.57,440031.35,440031.35,55768717299
20250218,120000,440004.68,440004.68,439937.32,439954.89,60122762199
20250218,140000,439952.64,439952.64,439952.64,439952.64,7383177564
20250218,150000,439949.5,439949.56,439949.5,439949.56,14766355128
20250218,180000,439745.98,439745.98,439745.98,439745.98,7383177564
20250219,090000,439745.98,440589.01,439745.98,440589.01,9787598474
20250219,100000,440595.1,440599.34,440496.57,440547.98,26561665835
20250219,110000,440567.68,440614.87,440567.68,440588.8,43565612915
20250219,120000,440613.17,440618.35,440416.32,440416.38,48677757909
20250219,130000,440416.4,440416.4,440416.33,440416.33,12223337078
20250219,180000,440328.16,440328.16,440328.16,440328.16,6111662319
20250222,090000,440328.16,440523.55,438806.46,438806.46,15685921857
20250222,100000,438749.29,438749.29,438116.48,438116.48,44063069925
20250222,110000,438064.85,438064.85,437401.3,437401.3,63962993325
20250222,120000,437296.92,437296.92,436695.01,436695.01,56013797041
20250222,130000,436695.09,436695.09,436695.09,436695.09,7685151859
20250222,150000,436696.03,436696.48,436696.03,436696.48,15368568068
20250222,190000,436697.18,436697.18,436697.18,436697.18,7684284034
20250223,090000,436697.18,437733.61,436697.18,437733.61,14438792889
20250223,100000,437724.13,437929.66,437724.13,437928.76,32416560164
20250223,110000,437916.93,438237.42,437916.93,438237.42,46445845500
20250223,120000,438262.43,438476.5,438262.43,438476.5,34965899806
20250223,160000,438476.52,438476.52,438476.52,438476.52,5513462613
20250223,180000,438476.55,438476.56,438476.55,438476.56,11024229754
20250223,200000,438312.88,438312.88,438312.88,438312.88,5512114877
20250224,090000,438312.88,442047.96,438312.88,442047.96,19200881064
20250224,100000,442196.74,443618.44,442196.74,443618.44,43192402438
20250224,110000,443719.67,444449.2,443719.67,444449.2,55616087232
20250224,120000,444539.88,444974.15,444539.88,444974.14,45542516096
20250224,170000,444799.09,444799.09,444799.09,444799.09,6152067719
20250225,090000,444799.09,448825.83,444799.09,448825.83,21764650825
20250225,100000,448909.53,449891.33,448909.53,449890.51,53832586501
20250225,110000,449943.56,449949.1,449803.99,449836.85,88478406300
20250225,120000,449808.37,449808.37,449478.02,449478.02,84442031068
20250225,140000,449478.06,449478.06,449467.15,449467.15,23141245211
20250225,180000,449188.4,449188.4,449188.4,449188.4,11570051043
20250226,090000,449188.4,449399.35,447850.54,447850.54,30626913878
20250226,100000,447771.91,447771.91,447569.96,447621.29,71467188862
20250226,110000,447633.98,447655.57,447350.1,447350.1,108512115259
20250226,120000,447332.23,447332.23,447119.37,447119.38,101279145943
20250226,160000,447117.57,447117.57,447098.4,447098.4,47385169620
20250226,190000,446931.98,446931.98,446931.98,446931.98,11846107405
20250301,090000,446931.98,446977.89,446642.52,446905.46,23178666889
20250301,100000,446971.22,447282.85,446971.22,447143.12,55878933311
20250301,110000,447067.88,447067.88,446480.7,446480.7,87736433761
20250301,120000,446465.24,446465.24,446070.73,446070.73,72045880062
20250301,140000,446066.53,446066.53,446066.37,446066.37,28938728211
20250301,190000,445784.26,445784.26,445784.26,445784.26,9646232737
20250302,090000,445784.26,446070.57,445780.63,446070.57,21387136839
20250302,100000,446142.1,446325.29,446142.1,446304,59499285415
20250302,110000,446273.2,446386.11,445988.47,445988.47,93751539694
20250302,120000,445961.86,445961.86,445915.3,445915.3,76020467816
20250302,130000,445914.83,445914.83,445914.83,445914.83,10129315404
20250303,090000,445914.83,445914.83,441494.12,441494.12,21567792756
20250303,100000,441384.26,441384.26,440424.48,440424.48,50650189454
20250303,110000,440370.09,440370.09,439538.8,439538.8,109890699048
20250303,120000,439479.03,439479.03,439051.25,439051.25,76825741135
20250303,170000,439052.58,439052.58,439052.58,439052.58,11983788813
20250304,090000,439052.58,439388.21,438657.16,439138.13,22794734045
20250304,100000,438893.46,438893.46,438198.81,438198.81,70036404315
20250304,110000,438141.49,438141.49,437581.39,437581.39,91340184083
20250304,120000,437486.67,437486.67,436902.07,436902.07,86075026350
20250305,090000,436902.07,436902.07,435045.59,435045.59,20198216202
20250305,100000,434979.11,434979.11,434626.65,434626.65,62185474440
20250305,110000,434579.89,434579.89,434365.99,434365.99,86670293584
20250305,120000,434318.85,434318.85,434211.1,434261.86,62621350777
20250305,140000,434261.88,434261.88,434261.88,434261.88,9796371639
20250305,150000,434261.85,434261.85,434254.66,434254.66,29371530705
20250305,170000,434041.38,434041.38,434041.38,434041.38,9790360235
20250308,090000,434041.38,434090.22,431075.4,431075.4,36606052501
20250308,100000,430945.72,430945.72,429737.09,429737.09,86775474365
20250308,110000,429678.95,429678.95,429110.46,429110.46,117307635121
20250308,120000,429068.43,429068.43,428738.95,428738.95,123475042093
20250308,130000,428738.97,428739.46,428738.97,428739.46,23166089137
20250308,140000,428744.35,428835,428744.35,428835,123793040390
20250308,150000,428837.27,428842.95,428837.27,428841.69,132709593946
20250308,160000,428840.92,428848.12,428840.89,428848.12,77349211824
20250308,170000,428848.14,428848.4,428848.14,428848.4,121590205814
20250308,180000,428848.42,428848.64,428848.42,428848.64,110619438758
20250308,190000,428848.67,428848.71,428848.67,428848.71,44270368157
20250308,210000,428802,428802,428802,428802,11068360991
20250309,090000,428802,428802,424525.39,424525.39,34057869079
20250309,100000,424453.93,424453.93,423658.91,423658.91,69233346344
20250309,110000,423617.52,423617.52,423245.56,423245.56,91369483246
20250309,120000,423233.28,423233.28,422930.08,422930.08,104922475830
20250309,130000,422930.39,422959.95,422930.24,422959.95,119774975714
20250309,140000,422960.08,422960.1,422959.94,422959.94,79581016525
20250309,150000,422960.04,422960.04,422960.04,422960.04,9946285654
20250309,160000,422956.98,422964.44,422956.98,422963.79,89259030325
20250309,170000,422963.33,422963.83,422960.59,422960.59,118343593420
20250309,180000,422960.62,422960.62,422931.93,422931.93,19671566142
20250310,090000,422931.93,423157.05,422659.04,422874.12,24659283017
20250310,100000,422793.42,422793.42,422032.51,422032.51,54597146604
20250310,110000,421952.33,421952.33,421339.55,421339.55,74860847057
20250310,120000,421271.54,421271.54,420890.25,420890.25,70551641992
20250310,140000,420890.55,420890.98,420890.55,420890.98,17052983696
20250310,180000,420804.25,420804.25,420804.25,420804.25,8526390969
20250311,090000,420804.25,420804.25,418954.95,418954.95,18041113039
20250311,100000,418876.15,418876.15,418001.43,418001.43,41569581075
20250311,110000,417931.39,417931.39,417461.75,417461.75,56368419882
20250311,120000,417404.74,417404.74,417076.35,417076.35,38223054565
20250311,130000,417072.42,417072.42,417072.42,417072.42,5875291905
20250311,140000,417072.03,417072.03,417071.79,417071.79,23500443412
20250311,180000,417037.86,417037.86,417037.86,417037.86,5875110779
20250312,090000,417037.86,417037.86,416132.32,416408.37,22948725363
20250312,100000,416465.91,417191.18,416465.91,417191.18,52565455371
20250312,110000,417241.88,417419.08,417241.88,417419.08,77154943307
20250312,120000,417444.02,417637.35,417444.02,417637.35,74439220000
20250312,130000,417637.37,417658.92,417636.62,417658.92,106384183433
20250312,140000,417658.79,417663.61,417658.42,417663.61,88515495031
20250312,150000,417664.73,417667.36,417664.73,417665.34,61843175586
20250312,160000,417665.92,417666.47,417656.06,417656.21,79283378097
20250312,170000,417656.19,417656.19,417653.75,417654.58,105130145350
20250312,180000,417654.61,417654.73,417654.61,417654.71,52466549430
20250312,210000,417391.19,417391.19,417391.19,417391.19,8744360363
20250315,090000,417391.19,420217.38,417391.19,420217.38,26513361139
20250315,100000,420301.31,421445.16,420301.31,421445.16,52918055873
20250315,110000,421505.74,422025.21,421505.74,422025.21,72889284533
20250315,120000,422077.56,422375.31,422077.56,422375.31,52738573472
20250315,180000,421831.01,421831.01,421831.01,421831.01,8391066781
20250316,090000,421831.01,423380.61,421831.01,423380.61,33953535925
20250316,100000,423428.08,423581.66,423428.08,423470.73,76414277525
20250316,110000,423443.67,423484.57,423430.08,423447.47,102446585308
20250316,120000,423469.9,423500.08,423463.9,423489.73,83898965111
20250316,140000,423489.55,423490.42,423489.55,423490.42,112726058389
20250316,150000,423490.61,423491.65,423490.61,423491.65,135177685683
20250316,160000,423491.71,423492.06,423491.71,423492.06,90079303223
20250316,170000,423492.12,423492.81,423492.12,423492.81,112562781873
20250316,180000,423492.94,423493.12,423492.94,423493.12,56271970206
20250316,190000,423360.24,423360.24,423360.24,423360.24,11254347538
20250317,090000,423360.24,423537.98,423360.24,423496.36,12663555619
20250317,100000,423502.42,423619.76,423502.42,423544.63,30241796480
20250317,110000,423532.83,423532.83,422978.77,422978.77,58734147813
20250317,120000,422916.02,422916.02,422456.59,422456.75,77190099878
20250317,140000,422456.8,422456.8,422456.8,422456.8,7436118201
20250317,150000,422456.09,422456.09,422443.63,422444.45,78481800721
20250317,180000,422299.38,422299.38,422299.38,422299.38,7050200880
20250318,090000,422299.38,422299.38,419443.19,419443.19,26064139788
20250318,100000,419366.69,419366.69,418532.34,418532.34,63606572681
20250318,110000,418480.11,418480.11,417812.29,417812.29,96627400498
20250318,120000,417787.06,417787.06,417544.46,417544.61,140837953615
20250318,130000,417544.59,417544.59,417544.04,417544.04,137376040477
20250318,140000,417543.93,417585.34,417541.84,417585.34,146555362845
20250318,150000,417583.42,417583.42,417567.1,417567.34,142632569433
20250318,160000,417567.38,417570.98,417567.38,417570.89,47079957117
20250318,180000,417491.59,417491.59,417491.59,417491.59,11703142410
20250325,090000,417491.59,418833.93,417491.59,418833.93,20239204074
20250325,100000,418890.35,419671.08,418890.35,419671.08,42555522759
20250325,110000,419698.69,420107.03,419698.69,420107.03,58951181979
20250325,120000,420143.09,420612.89,420143.09,420612.89,48354478726
20250325,130000,420612.91,420612.91,420612.91,420612.91,6438618407
20250325,170000,420615.19,420615.19,420615.19,420615.19,6438618060
20250326,090000,420615.19,421921.93,420615.19,421921.93,16075454296
20250326,100000,421966.56,422318.75,421966.56,422318.75,41461784723
20250326,110000,422336.04,422434.2,422335,422404.96,65425456406
20250326,120000,422429.42,422435.36,422278.15,422278.15,63751122121
20250326,130000,422278.14,422278.14,422278.14,422278.14,7694319853
20250326,160000,422278.22,422278.58,422272.04,422272.04,46137455913
20250326,180000,422273.15,422273.15,422273.15,422273.15,7689096288
20250329,090000,422273.15,422371.78,421882.45,421882.45,27952314813
20250329,100000,421907.82,421913.57,421751.41,421758.05,66351978376
20250329,110000,421758.62,421795.05,421698.43,421795.05,96305969377
20250329,120000,421796.41,421828.93,421792.65,421808.9,94710203771
20250329,130000,421808.89,421808.89,421808.87,421808.87,26373063041
20250329,170000,421811.07,421811.07,421811.07,421811.07,13186513177
20250330,090000,421811.07,422903.6,421811.07,422903.6,22908190455
20250330,100000,423027.51,423735.25,423027.51,423735.25,61732587307
20250330,110000,423754.44,424060.79,423754.44,424060.79,88739078742
20250330,120000,424103.3,424364.86,424103.3,424364.86,64900885362
20250330,130000,424364.87,424364.87,424361.74,424361.74,39773334541
20250330,140000,424361.75,424361.75,424361.75,424361.75,9942450318
20250405,090000,424361.75,425237.8,424361.75,425237.8,30123160339
20250405,100000,425319.13,425830.77,425319.13,425830.77,74001894455
20250405,110000,425874.18,425985.43,425874.18,425984.13,119977997331
20250405,120000,426005.6,426024.83,425978.98,426016.65,100452768251
20250405,150000,426016.62,426016.62,426016.2,426016.3,68454529680
20250405,160000,426016.31,426016.31,426016.31,426016.31,13690833038
20250406,090000,426016.31,426626.06,426016.31,426535.55,70169820547
20250406,100000,426531.9,426534.92,426342.6,426342.6,150834242107
20250406,110000,426277.44,426277.44,425791.26,425791.26,209786629865
20250406,120000,425729.45,425729.45,425424.49,425425.06,155435303819
20250406,130000,425424.96,425424.96,425424.96,425424.96,20197908077
20250406,140000,425424.77,425424.78,425424.77,425424.78,40395616183
20250407,090000,425424.78,425537.09,423997.73,423997.73,37964683244
20250407,100000,423916.67,423916.67,423119.71,423119.71,94566940963
20250407,110000,423005.32,423005.32,422740.36,422740.36,160124500359
20250407,120000,422723.85,422723.85,422551.14,422551.15,134578276943
20250407,140000,422551.14,422551.14,422550.26,422550.26,35451319848
20250407,150000,422549.96,422549.96,422549.88,422549.88,35450146606
20250407,190000,422551.42,422551.42,422551.42,422551.42,17724873303
20250408,090000,422551.42,426758.55,422551.42,426758.55,25273528891
20250408,100000,426860.94,428102.52,426860.94,428102.52,60334831977
20250408,110000,428152.12,428848.91,428152.12,428848.91,98353734194
20250408,120000,428903.12,429455.52,428903.12,429455.52,80205002096
20250409,090000,429455.52,431542.3,429455.52,431147.66,78048429456
20250409,100000,431143.41,431155.83,430519,430519,146165887144
20250409,110000,430471.21,430471.21,429837.94,429837.94,182030097834
20250409,120000,429806.32,429806.32,429561.78,429561.8,144684871085
20250409,130000,429561.78,429561.78,429561.78,429561.78,19121961601
20250409,140000,429561.8,429561.8,429561.79,429561.79,38243923202
20250409,190000,429424.26,429424.26,429424.26,429424.26,19121961601
20250412,090000,429424.26,430088.99,429424.26,429916.24,39183597842
20250412,100000,429875.71,429875.71,429683.53,429683.53,81044009705
20250412,110000,429694.2,429736.21,429693.32,429703.38,129299059150
20250412,120000,429702.58,429841.19,429702.58,429841.19,107992684171
20250412,140000,429841.11,429841.31,429841.11,429841.31,29510547132
20250412,150000,429841.24,429841.25,429841.24,429841.25,29509695132
20250412,180000,429844.16,429844.16,429844.16,429844.16,14754847566
20250413,090000,429844.16,435201.03,429844.16,435201.03,38414595157
20250413,100000,435453.95,437209.65,435453.95,437209.65,92351364661
20250413,110000,437346.05,438215.26,437346.05,438215.26,130471421555
20250413,120000,438281.99,438783.19,438281.99,438783.19,96789915994
20250413,140000,438783.17,438783.17,438783.1,438783.1,31746043254
20250414,090000,438783.1,444164.56,438783.1,444164.56,57692696179
20250414,100000,444364.11,445164.85,444364.11,445164.85,131826713059
20250414,110000,445269.36,445795.62,445269.36,445795.62,172493187899
20250414,120000,445851.82,446125.34,445851.82,446125.02,156541008217
20250414,140000,446124.95,446124.95,446124.95,446124.95,18345655327
20250415,090000,446124.95,447071.22,444983.04,444983.04,194731015520
20250415,100000,444898.19,444898.19,444532.83,444532.83,321567673748
20250415,110000,444517.6,444604.5,444340.4,444340.4,392522428889
20250415,120000,444304.01,444304.01,444005.83,444005.83,261145426143
20250415,130000,444005.9,444005.9,444005.9,444005.9,39604571027
20250415,140000,444005.91,444005.92,443981.58,443981.58,158411346512
20250416,090000,443981.58,445334.74,443981.58,445334.74,57159481749
20250416,100000,445382.68,445788.81,445382.68,445788.81,129887463626
20250416,110000,445784.94,446039.18,445784.94,446011.4,175809904143
20250416,120000,446019.58,446024.04,445982.77,446024.04,135107216421
20250416,150000,446012.62,446012.77,446012.62,446012.77,65927291370
20250416,190000,445818.34,445818.34,445818.34,445818.34,21975759150
20250419,090000,445818.34,449776.9,445818.34,449776.9,59147482423
20250419,100000,449868.86,450811.67,449868.86,450811.67,127005592343
20250419,110000,450845.66,451249.45,450845.66,451249.45,178000553220
20250419,120000,451305.5,451505.59,451305.5,451505.59,145835910788
20250419,190000,451123.68,451123.68,451123.68,451123.68,19500808762
20250420,090000,451123.68,456978.77,451123.68,456978.77,36975418056
20250420,100000,457270.61,458677.9,457270.61,458677.9,105136178418
20250420,110000,458732.69,460050.69,458732.69,459930.58,163008931400
20250420,120000,459978.67,460526.29,459978.67,460526.29,132117811308
20250420,140000,460525.96,460525.96,460525.93,460525.93,36153582814
20250420,190000,460134.49,460134.49,460134.49,460134.49,18076791407
20250421,090000,460134.49,466635.94,460134.49,466635.94,65632920141
20250421,100000,467157.27,468593.22,467157.27,468593.22,168791131376
20250421,110000,468726.11,469559.78,468726.11,469559.78,353409314041
20250421,120000,469592.25,469592.25,469215.92,469215.92,371570119874
20250421,140000,469216.04,469216.15,469216.04,469216.15,147566724466
20250421,150000,469212.26,469212.26,469209.66,469209.66,98370407070
20250421,200000,469158.93,469158.93,469158.93,469158.93,49170963528
20250422,090000,469158.93,469775.04,469158.93,469524.29,149757703801
20250422,100000,469525.87,469640.54,469322.46,469322.46,435737769037
20250422,110000,469290.66,469681.21,469255.82,469681.21,735633200777
20250422,120000,469680.78,469800.35,469680.78,469800.35,716371481791
20250422,140000,469800.39,469800.41,469800.39,469800.41,196934594898
20250422,170000,469799.68,469799.68,469799.68,469799.68,98465686038
20250422,180000,469792.5,469792.5,469792.5,469792.5,98465686038
20250423,090000,469792.5,469792.5,468972.74,469475.98,240921136161
20250423,100000,469505.07,469939.5,469505.07,469939.5,454266266695
20250423,110000,469946.08,470097.94,469916.85,470097.94,647747056679
20250423,120000,470128.82,470482.52,470128.82,470482.49,567820444761
20250423,140000,470482.47,470482.47,470482.33,470482.33,519743690888
20250423,150000,470482.31,470482.31,470482.31,470482.31,64948486942
20250423,160000,470482.33,470482.33,470482.33,470482.33,64947815376
20250426,090000,470482.33,474165.19,470482.33,474157.18,165240701957
20250426,100000,474132.13,474132.13,473931.89,474054.9,409880873862
20250426,110000,474036.19,474204.68,474000.73,474204.68,537799165928
20250426,120000,474248.75,474705.93,474248.75,474705.93,427050215310
20250426,140000,474705.92,474706.34,474705.92,474706.34,110977625894
20250427,090000,474706.34,474706.34,472138.34,472250.34,172387837348
20250427,100000,472265.3,472756.8,472265.3,472756.8,338425777576
20250427,110000,472857.45,473767.81,472857.45,473767.81,440881531761
20250427,120000,473783.52,473835.88,473773.26,473835.88,435034128326
20250427,150000,473835.27,473835.27,473830.54,473830.54,104129030060
20250427,190000,473829.68,473829.68,473829.68,473829.68,52064515030
20250428,090000,473829.68,477976.29,473829.68,477925.75,105795377209
20250428,100000,477861.07,477861.07,477444.01,477445.52,311794942290
20250428,110000,477465.89,477789.48,477465.89,477789.48,393758475888
20250428,120000,477814.68,477931.45,477789.76,477931.37,355239479240
20250428,140000,477931.16,477931.74,477931.16,477931.74,126489423408
20250428,150000,477931.87,477931.87,477931.87,477931.87,42163141136
20250428,180000,477796.2,477796.2,477796.2,477796.2,42163141136
20250429,090000,477796.2,481345.97,477796.2,481345.97,105958838674
20250429,100000,481744.12,483406.58,481744.12,483406.58,256607615303
20250429,110000,483480.49,484283.38,483480.49,484283.38,348590713710
20250429,120000,484335.94,484947.39,484335.94,484947.39,273433998389
20250429,130000,484947.45,484947.45,484947.45,484947.45,36024083325
20250429,140000,484947.43,484947.51,484947.43,484947.51,72042766650
20250429,190000,484919.21,484919.21,484919.21,484919.21,36020782128
20250430,090000,484919.21,491784.66,484919.21,491784.66,84294657111
20250430,100000,491909.99,493075.49,491909.99,493075.49,180024623986
20250430,110000,493191.25,493828.82,493191.25,493828.82,260208321469
20250430,120000,493924.3,494431.89,493924.3,494431.89,221856216832
20250430,140000,494431.9,494431.9,494431.89,494431.89,59770736656
20250430,150000,494431.85,494431.85,494431.85,494431.85,29885365375
20250430,180000,494312.54,494312.54,494312.54,494312.54,29885365375
20250503,090000,494312.54,494312.54,489330.69,489375.47,233858203116
20250503,100000,489307.42,489307.42,488944.65,488944.65,370968270706
20250503,110000,488963.65,489012.74,488803.48,488803.48,435085101299
20250503,120000,488754.53,488754.53,488620.87,488620.87,345690001071
20250503,140000,488620.86,488620.86,488620.86,488620.86,39540595866
20250503,150000,488601.05,488601.05,488600.92,488600.92,79077519134
20250503,190000,488420.7,488420.7,488420.7,488420.7,39538759567
20250504,090000,488420.7,488928.39,487517.94,488928.39,162318712410
20250504,100000,489033.88,489485.46,489033.88,489485.46,320087746262
20250504,110000,489562.59,490063.85,489562.59,490063.85,391980425814
20250504,120000,490123.08,490446.06,490123.08,490446.06,292038626169
20250504,130000,490445.78,490445.78,490445.78,490445.78,38012617490
20250504,140000,490445.81,490445.81,490445.57,490445.59,190061266656
20250505,090000,490445.59,495689.78,490445.59,495689.78,91651053213
20250505,100000,495674.74,495677.59,495335.52,495335.52,228190942061
20250505,110000,495278.35,495278.35,494997.33,494997.33,320188624456
20250505,120000,494967.2,494967.2,494940.15,494940.15,249004800461
20250505,140000,494940.18,494940.18,494940.18,494940.18,32961775877
20250505,150000,494940.22,494940.22,494940.22,494940.22,32961598903
20250505,160000,494940.25,494940.25,494936.75,494937.09,230547951380
20250506,090000,494937.09,498011.04,494937.09,497773.02,66590404630
20250506,100000,497585.18,497626.59,497285.82,497626.59,214379280298
20250506,110000,497703.14,498259.57,497703.14,498259.57,316909805821
20250506,120000,498301.21,498603,498301.21,498603,246612405553
20250506,140000,498602.79,498602.79,498602.79,498602.79,33401391608
20250506,150000,498602.87,498602.97,498602.69,498602.97,167002072608
20250506,180000,498599.12,498599.12,498599.12,498599.12,33399658256
20250507,090000,498599.12,504301.5,498599.12,504301.5,98046854181
20250507,100000,504383.24,505390.48,504383.24,505358.03,265271347389
20250507,110000,505361.79,505396.45,505344.8,505344.8,738698735056
20250507,120000,505327.31,505327.31,505221.77,505221.77,609476662984
20250507,140000,505221.78,505221.78,505221.78,505221.78,79567617668
20250510,090000,505221.78,505221.78,500731.33,500731.33,137665421402
20250510,100000,500745.81,500745.81,499848.62,499848.62,355702517632
20250510,110000,499833.09,499833.09,499344.54,499344.54,440744513647
20250510,120000,499318.64,499318.64,499003.22,499003.22,480895596868
20250510,130000,499003.21,499003.21,499003.21,499003.21,40888988038
20250510,140000,499000.87,499000.87,498999.74,498999.74,122666461452
20250510,150000,498996.2,498996.2,498991.15,498991.15,81738175954
20250510,190000,498475.11,498475.11,498475.11,498475.11,40869087977
20250511,090000,498475.11,498475.11,496476.02,496476.02,112299688244
20250511,100000,496483.66,496483.66,495173.96,495173.96,255983517346
20250511,110000,495113.74,495113.74,494281.48,494281.48,314867944208
20250511,120000,494224.75,494224.75,493891.09,493891.14,274143152305
20250511,140000,493890.8,493890.8,493890.46,493890.48,199225603208
20250511,150000,493890.49,493890.91,493890.49,493890.91,396681427526
20250511,160000,493890.92,493890.98,493890.92,493890.98,197749550641
20250511,180000,493892.12,493892.12,493892.12,493892.12,32945963510
20250512,090000,493892.12,501580.5,493892.12,501580.5,93110211232
20250512,100000,501699.22,502721.46,501699.22,502721.46,161315374326
20250512,110000,502797.93,503455.47,502797.93,503455.47,220099583257
20250512,120000,503492.52,503798.84,503492.52,503798.83,194549807574
20250512,140000,503798.35,503798.35,503798.35,503798.35,25791399507
20250512,180000,503638.73,503638.73,503638.73,503638.73,25791399507
20250513,090000,503638.73,505868.63,503638.73,505627.88,142028201720
20250513,100000,505704.13,505725.23,505579.16,505685.44,294942586214
20250513,110000,505700.46,505993.53,505700.46,505993.53,378868070702
20250513,120000,506007.74,506116.57,506007.74,506116.57,324831757191
20250513,150000,506112.47,506112.47,506105.69,506105.69,75415343384
20250513,180000,505689.61,505689.61,505689.61,505689.61,37707671692
20250514,090000,505689.61,507396.85,505689.61,507396.85,141557384779
20250514,100000,507353.57,507572.34,507353.57,507572.34,293474465098
20250514,110000,507598.51,507888.14,507598.51,507888.14,383047861915
20250514,120000,507857.58,507870.04,507851.16,507870.04,321526665075
20250514,140000,507870.01,507870.01,507869.98,507869.98,86412090616
20250514,190000,507787.68,507787.68,507787.68,507787.68,43206041986
20250517,090000,507787.68,510353.62,507787.68,510278.92,112784844917
20250517,100000,510309.39,510310.57,508859.53,508859.53,297567956378
20250517,110000,508783.98,508783.98,507840.89,507840.89,440459865770
20250517,120000,507775.86,507775.86,507551.86,507551.86,363208084811
20250517,150000,507551.84,507551.84,507551.84,507551.84,47721176625
20250517,160000,507552.08,507552.08,507552.08,507552.08,47720710760
20250517,180000,507437.36,507437.36,507437.36,507437.36,47720710760
20250518,090000,507437.36,508983.54,507437.36,508983.54,81640298657
20250518,100000,509066.22,509447.43,509066.22,509447.43,195588957324
20250518,110000,509481.95,509680.85,509481.95,509668.69,262511645799
20250518,120000,509711.55,510012.25,509711.55,510012.04,222244362717
20250518,140000,510011.97,510011.97,510011.97,510011.97,30534528787
20250518,190000,509626.08,509626.08,509626.08,509626.08,30534528787
20250519,090000,509626.08,511199.16,509626.08,511036.66,111052219390
20250519,100000,511005.73,511005.73,509255.64,509255.64,256879863895
20250519,110000,509196.97,509196.97,508762.57,508762.57,380784867020
20250519,120000,508741.97,508741.97,508500.08,508500.12,298464604564
20250519,140000,508499.81,508499.81,508499.81,508499.81,38469931357
20250519,150000,508480.35,508480.35,508477.77,508477.77,230675929472
20250519,180000,508421.13,508421.13,508421.13,508421.13,38416890861
20250520,090000,508421.13,508421.13,506132.46,506132.46,72428799160
20250520,100000,505964.75,505964.75,504794.44,504794.44,222422172830
20250520,110000,504740.37,504740.37,503750.63,503750.63,330121636468
20250520,120000,503542.76,503542.76,502606.84,502606.84,221534534011
20250520,140000,502606.26,502606.26,502606.26,502606.26,32390312886
20250520,150000,502606.63,502606.63,502606.63,502606.63,32390154867
20250520,190000,502443.22,502443.22,502443.22,502443.22,32390154867
20250521,090000,502443.22,502443.22,498163.82,498202.31,128064917277
20250521,100000,498299.3,498299.3,497990.75,497990.75,262055128424
20250521,110000,497939.64,497939.64,497777.07,497777.07,327083278742
20250521,120000,497774.73,497774.73,497627.32,497627.35,257776164795
20250521,140000,497627.31,497627.31,497627.3,497627.3,69669230327
20250521,190000,497262.94,497262.94,497262.94,497262.94,34834565059
20250524,090000,497262.94,500290.62,497262.94,500290.62,47397801736
20250524,100000,500355.12,500355.12,499416.52,499416.52,114793608754
20250524,110000,499360.06,499361.12,499174.64,499183.61,174831424111
20250524,120000,499221.62,499371.16,499221.62,499371.16,148910443957
20250524,150000,499369.53,499369.53,499364.19,499364.19,79622638340
20250524,190000,498756.17,498756.17,498756.17,498756.17,19896899652
20250525,090000,498756.17,499209.71,498233,498233,35831813556
20250525,100000,498069.22,498069.22,496448.78,496448.78,101105722122
20250525,110000,496326.17,496326.17,495620.18,495620.18,125373369056
20250525,120000,495574.76,495574.76,495284.11,495284.19,107535890369
20250525,140000,495284.14,495284.72,495284.14,495284.72,46166455605
20250525,190000,495092.76,495092.76,495092.76,495092.76,15388818535
20250526,090000,495092.76,496225.4,495092.76,495960.92,36264526247
20250526,100000,495873.12,495914.46,495381.18,495381.18,93462050294
20250526,110000,495344.21,495344.21,495075.77,495106.59,166651930000
20250526,120000,495094.29,495333.62,495094.29,495333.62,171937353073
20250526,140000,495333.5,495333.5,495333.5,495333.5,23368330359
20250526,150000,495333.51,495333.51,495321.58,495321.58,93444275532
20250526,160000,495320.79,495320.79,495320.79,495320.79,23360932564
20250526,190000,495168.02,495168.02,495168.02,495168.02,23360846048
20250527,090000,495168.02,497967.8,495168.02,497967.8,56508521356
20250527,100000,498158.95,498994.79,498158.95,498994.79,123414291204
20250527,110000,499023.79,499157.26,499023.79,499143.51,176417301700
20250527,120000,499116.36,499195.84,499091.29,499195.79,147519541945
20250527,130000,499195.78,499195.78,499195.78,499195.78,19860555912
20250527,140000,499195.71,499195.71,499195.71,499195.71,19860461312
20250527,160000,499195.65,499195.65,499195.65,499195.65,19860371312
20250527,190000,498877.63,498877.63,498877.63,498877.63,19860371312
20250528,090000,498877.63,500972.21,498877.63,500972.21,64874156202
20250528,100000,501033.1,501326.94,501033.1,501319.21,143614910280
20250528,110000,501307.2,501307.2,501168.62,501168.62,199404339326
20250528,120000,501167,501178.51,501124.03,501127.75,161958238273
20250528,160000,501127.77,501127.8,501127.77,501127.77,0
20250528,180000,500719.58,500719.58,500719.58,500719.58,0
20250531,090000,500719.58,503181.94,500719.58,503172.97,36541043209
20250531,100000,503209.63,503282.22,502964.16,502964.16,103444954231
20250531,110000,502902.22,502902.22,502552.65,502552.65,185313484465
20250531,120000,502521.69,502521.69,502254.01,502254.01,163183469414
20250531,140000,502253.98,502253.98,502253.98,502253.98,21827620450
20250531,150000,502253.95,502253.95,502253.95,502253.95,21827320274
20250531,160000,502253.94,502253.94,502253.87,502253.87,43654533404
20250531,170000,502253.97,502253.97,502253.97,502253.97,21827194702
20250531,180000,501931.76,501931.76,501931.76,501931.76,21827194702
20250601,090000,501931.76,501931.76,498175.74,498175.74,67816753833
20250601,100000,498050.28,498050.28,497405.19,497405.19,177735416618
20250601,110000,497382.44,497382.44,497104.42,497104.42,223943193580
20250601,120000,497069.7,497069.7,496954.42,496994.25,176053704941
20250601,140000,496994.27,496994.3,496993.31,496993.31,117086803880
20250601,190000,496841.21,496841.21,496841.21,496841.21,23414216626
20250602,090000,496841.21,498608.08,496841.21,498608.08,47361645734
20250602,100000,498620.19,498900.99,498620.19,498900.99,106751104350
20250602,110000,498963.21,499152.76,498963.21,499152.76,151600460337
20250602,120000,499148.01,499171.39,499148.01,499151.84,123990018392
20250602,140000,499151.46,499151.47,499151.46,499151.47,33778083476
20250602,190000,498872.47,498872.47,498872.47,498872.47,16889041738
20250603,090000,498872.47,498872.47,496864.66,496864.66,55066936739
20250603,100000,496722.88,496722.88,495694.21,495694.21,122490981620
20250603,110000,495612.6,495835.05,495454.89,495814,167351913275
20250603,120000,495782.22,495782.22,495609.2,495609.2,133648621211
20250603,140000,495609.22,495609.22,495608.36,495608.36,106319070482
20250603,150000,495608.37,495608.37,495608.37,495608.37,17711196739
20250603,200000,495256.53,495256.53,495256.53,495256.53,17711141329
20250607,090000,495256.53,495256.53,490474.07,490474.07,113887861744
20250607,100000,490375.16,490375.16,489270.76,489270.76,219838094744
20250607,110000,489202.89,489202.89,488739.29,488739.29,238075359554
20250607,120000,488701.52,488701.52,488318.94,488318.95,164631234732
20250607,140000,488318.64,488318.64,488309,488309,83635437828
20250607,150000,488308.06,488308.06,488307.82,488307.82,41817719114
20250607,190000,488144.09,488144.09,488144.09,488144.09,20908859557
20250608,090000,487102.94,487102.94,485265.52,485265.52,0
20250608,100000,485249.2,485249.2,485109.71,485138.11,0
20250608,110000,485116.79,485142.91,485098.97,485098.97,0
20250608,120000,485098.43,485112.52,485049.78,485049.81,0
20250608,150000,485048.83,485048.83,485046.73,485046.73,0
20250609,090000,485077.58,485145.63,484225.24,484225.24,0
20250609,100000,484068.38,484068.38,481844.76,481844.76,0
20250609,110000,481746.85,481746.85,480555.28,480555.28,0
20250609,120000,480420.6,480420.6,479829.08,479829.1,0
20250609,130000,479829.11,479829.11,479829.11,479829.11,0
20250609,140000,479829.04,479829.04,479829.04,479829.04,0
20250609,150000,479829.05,479829.05,479829.05,479829.05,0
20250610,090000,479592.52,479700.42,479051.32,479051.32,0
20250610,100000,479035.57,479035.57,478823.92,478823.92,0
20250610,110000,478796.74,478796.74,478422.58,478422.58,0
20250610,120000,478423.77,478461.89,478416.19,478461.86,0
20250610,130000,478461.82,478461.82,478461.82,478461.82,0
20250610,140000,478461.88,478462.38,478461.88,478462.38,0
20250610,150000,478459.08,478459.08,478443.76,478443.76,0
20250610,160000,478443.7,478443.7,478443.7,478443.7,0
20250611,090000,478451.07,479106.13,478451.07,479064.7,0
20250611,100000,479038.19,479038.19,478493.92,478493.92,0
20250611,110000,478447.39,478447.39,478078.5,478078.5,0
20250611,120000,478049.95,478049.95,477808.04,477808.04,0
20250611,140000,477807.94,477807.94,477807.51,477807.51,0
20250628,090000,477291.12,477291.12,476209.59,476209.59,0
20250628,100000,476072.25,476072.25,473148,473148,0
20250628,110000,472788.21,472788.21,470134.24,470134.24,0
20250628,120000,470108.97,470108.97,469586.16,469622.49,0
20250628,150000,469626.25,469626.25,469626.25,469626.25,0
20250628,160000,469630.43,469656.73,469630.43,469656.73,0
20250629,090000,468088.26,468088.26,465442.95,465442.95,0
20250629,100000,465032.15,465032.15,460682.58,460682.58,0
20250629,110000,460105.07,460105.07,458872.05,458872.05,0
20250629,120000,458865.24,458865.24,458748.1,458748.1,0
20250629,160000,458748.12,458748.28,458748.12,458748.28,0
20250629,170000,458748.3,458748.38,458748.3,458748.38,0
20250630,090000,457785.24,457785.24,456297.2,456297.2,0
20250630,100000,456260.11,456260.11,453247.35,453247.35,0
20250630,110000,453051.18,453051.18,452322.21,452322.21,0
20250630,120000,452260.54,452260.54,449458.77,449458.77,0
20250630,150000,449463.34,449484.65,449463.34,449484.65,0
20250630,160000,449488.98,449526.42,449488.98,449526.42,0
20250701,090000,447868.88,447868.88,446079.94,446079.94,0
20250701,100000,445944.37,445944.37,445273.77,445273.77,0
20250701,110000,445232.88,445232.88,444914.49,444914.49,0
20250701,120000,444885.42,444885.42,444663.34,444663.34,0
20250701,150000,444663.29,444663.29,444663.21,444663.21,0
20250701,160000,444663.22,444663.22,444663.22,444663.22,0
20250701,170000,444663.24,444663.26,444663.24,444663.26,0
20250701,180000,444663.3,444664.39,444663.29,444664.39,0
20250702,090000,437435.76,437435.76,436007.21,436007.21,0
20250702,100000,436003.85,436003.85,435904.81,435904.81,0
20250702,110000,435876.65,436306.29,435770.52,436306.29,0
20250702,120000,436372.26,436975.79,436372.26,436975.79,0
20250702,140000,436975.69,436975.69,436975.31,436975.31,0
20250702,150000,436975.3,436975.3,436975.27,436975.27,0
20250702,160000,436975.42,437001.35,436975.42,437001.35,0
20250702,170000,437011.39,437011.39,437011.39,437011.39,0
20250707,090000,437370.97,438515.12,437370.97,438515.12,0
20250707,100000,438515.79,438515.79,437786.29,437786.29,0
20250707,110000,437698,437698,437044.21,437044.21,0
20250707,120000,436981.34,436981.34,436551.56,436551.56,0
20250707,140000,436551.55,436551.55,436551.51,436551.51,0
20250707,150000,436551.5,436551.5,436551.5,436551.5,0
20250707,170000,436551.51,436551.51,436551.51,436551.51,0
20250708,090000,436407.8,436407.8,433228.46,433228.46,0
20250708,100000,433075.06,433075.06,432175.13,432175.13,0
20250708,110000,432134.06,432134.06,431714.79,431714.79,0
20250708,120000,431687.35,431687.35,431383.62,431383.62,0
20250709,090000,430047.45,430047.45,428260.94,428260.94,0
20250709,100000,428219.37,428219.37,427575.93,427575.93,0
20250709,110000,427530.67,427530.67,427145.19,427145.19,0
20250709,120000,427113.61,427113.61,426355.91,426417.49,0
20250709,130000,426417.48,426417.96,426417.48,426417.96,0
20250709,140000,426418.4,426441.72,426418.4,426441.72,0
20250709,150000,426443.36,426462.97,426443.36,426461.98,0
20250709,160000,426461.64,426461.64,426461.61,426461.61,0
20250712,090000,426252.94,427330.42,426252.94,427330.42,0
20250712,100000,427380.11,427396.62,427141.78,427160.1,0
20250712,110000,427172.34,427335.83,427172.34,427335.83,0
20250712,120000,427339.48,427487.72,427339.48,427487.72,0
20250712,160000,427487.43,427487.43,427485.4,427485.4,0
20250713,090000,427479.32,427479.32,427156.61,427156.61,0
20250713,100000,427149.12,427149.12,426976.16,426976.16,0
20250713,110000,426958.29,426958.29,426790.56,426790.56,0
20250713,120000,426751.76,426977.23,426751.76,426977.22,0
20250713,140000,426977.2,426977.2,426976.63,426976.63,0
20250713,150000,426973.39,426973.39,426961.83,426961.83,0
20250713,160000,426961.72,426961.72,426961.56,426961.56,0
20250714,090000,426643.28,427198.62,426643.28,427157.85,0
20250714,100000,427142.11,427142.11,426901.13,427082.99,0
20250714,110000,427114.34,427329.93,427113.33,427329.93,0
20250714,120000,427360.29,427525.97,427360.29,427525.9,0
20250714,130000,427530.79,427544.73,427530.79,427544.73,0
20250714,140000,427547.03,427561,427547.03,427560.46,0
20250714,150000,427560.48,427560.53,427560.48,427560.53,0
20250715,090000,427734.38,427922.75,427734.38,427888.81,0
20250715,100000,427871.41,427871.41,427524.48,427524.48,0
20250715,110000,427530.48,427775.77,427508.03,427775.77,0
20250715,120000,427815.66,428172.83,427815.66,428172.83,0
20250715,140000,428172.37,428172.37,428169.98,428169.98,0
20250716,090000,427922.66,428678.9,427922.66,428678.9,0
20250716,100000,428746.25,429672.5,428746.25,429672.5,0
20250716,110000,429717.19,430438.66,429717.19,430438.66,0
20250716,120000,430485.31,430806.39,430485.31,430806.39,0
20250716,140000,430806.44,430806.44,430805.58,430805.58,0
20250716,150000,430805.57,430809.65,430805.57,430809.65,0
20250716,160000,430809.71,430809.71,430809.71,430809.71,0
20250719,090000,430762.32,431751.63,430762.32,431751.63,0
20250719,100000,431804.56,432315.8,431804.56,432315.8,0
20250719,110000,432345.58,432591.51,432345.58,432581.1,0
20250719,120000,432514.44,432539.91,432481.96,432539.91,0
20250719,140000,432539.9,432540.02,432539.9,432540.02,0
20250719,150000,432537.81,432537.81,432537.81,432537.81,0
20250719,160000,432537.84,432539.66,432537.84,432539.31,0
20250720,090000,432007.1,432309.07,432007.1,432257.94,0
20250720,100000,432260.93,432370.94,432222.65,432370.94,0
20250720,110000,432363.34,432550.15,432363.34,432540.78,0
20250720,120000,432567.26,432618.83,432528.73,432553.39,0
20250720,140000,432552.86,432552.86,432552.08,432552.08,0
20250720,150000,432528.36,432528.36,432528.36,432528.36,0
20250720,160000,432528.27,432528.62,432528.19,432528.56,0
20250721,090000,431609.75,432862.12,431609.75,432862.12,0
20250721,100000,432976.47,433707.56,432976.47,433707.56,0
20250721,110000,433760.54,434044.58,433760.54,434044.58,0
20250721,120000,434043.77,434106.46,434043.77,434100.55,0
20250721,140000,434100.2,434100.2,434100.2,434100.2,0
20250721,160000,434082.23,434082.23,434082.23,434082.23,0
20250722,090000,432958.21,433800.48,432958.21,433800.19,0
20250722,100000,433795.32,434158.4,433795.32,434158.4,0
20250722,110000,434129.01,434129.01,433909.52,433909.52,0
20250722,120000,433879.76,433879.76,433678.75,433678.75,0
20250722,140000,433678.74,433678.86,433678.74,433678.86,0
20250722,150000,433661.62,433661.62,433660.61,433660.61,0
20250722,160000,433660.59,433661.52,433660.55,433661.45,0
20250722,180000,432118.74,432118.74,432118.74,432118.74,0
20250723,090000,431924.56,431924.56,430687.67,430687.67,0
20250723,100000,430650.74,430650.74,430133.51,430133.51,0
20250723,110000,430130.23,430130.23,429735.85,429735.85,0
20250723,120000,429700.3,429700.3,429509.33,429509.33,0
20250723,140000,429509.35,429509.35,429509.12,429509.12,0
20250723,150000,429507.28,429507.28,429504.69,429504.69,0
20250723,160000,429504.7,429505.42,429504.7,429505.14,0
20250723,170000,429506.14,429507.21,429506.14,429507.17,0
20250723,180000,428787.96,428787.96,428787.96,428787.96,0
20250726,090000,428799.15,428799.15,428273.96,428273.96,0
20250726,100000,428174,428174,427562.17,427562.17,0
20250726,110000,427513.77,427513.77,426874.2,426874.2,0
20250726,120000,426836.62,426836.62,426540.67,426540.68,0
20250726,140000,426540.67,426540.67,426540.67,426540.67,0
20250726,150000,426539.81,426539.81,426539.41,426539.41,0
20250726,160000,426539.27,426545.98,426539.27,426545.98,0
20250727,090000,426060.62,426060.62,425361.15,425361.15,0
20250727,100000,425239.35,425239.35,424331.04,424331.04,0
20250727,110000,424262.7,424262.7,423740.7,423740.7,0
20250727,120000,423687.97,423687.97,423288.52,423288.52,0
20250727,140000,423288.43,423288.43,423287.57,423287.57,0
20250727,150000,423287.58,423287.58,423287.47,423287.47,0
20250727,160000,423288.04,423288.64,423285.52,423285.94,0
20250727,170000,423286.74,423286.74,423285.3,423285.3,0
20250728,090000,422815.82,422815.82,419872.44,419872.44,0
20250728,100000,419637.31,419637.31,419090.19,419090.19,0
20250728,110000,419040.01,419040.01,418613.68,418613.68,0
20250728,120000,418588.84,418588.84,418387.64,418387.64,0
20250728,140000,418387.63,418388.6,418387.63,418388.6,0
20250728,150000,418389.33,418389.33,418388.45,418388.45,0
20250728,160000,418388.65,418390.43,418388.65,418390.23,0
20250728,170000,418390.29,418390.52,418390.29,418390.52,0
20250729,090000,417691.5,417691.5,416125.78,416125.78,0
20250729,100000,416072.04,416072.04,415679.44,415679.44,0
20250729,110000,415640.47,415640.47,415265.58,415265.58,0
20250729,120000,415254.11,415254.11,414966.91,414966.98,0
20250729,150000,414966.99,414966.99,414966.99,414966.99,0
20250729,180000,414904.14,414904.14,414904.14,414904.14,0
20250730,090000,414097.35,414097.35,411873.66,411873.66,0
20250730,100000,411766.72,411766.72,410891.42,410891.42,0
20250730,110000,410866.51,410866.51,410699.22,410699.22,0
20250730,120000,410684.18,410684.18,410497.09,410497.09,0
20250730,140000,410495.04,410495.04,410495.04,410495.04,0
20250730,150000,410495.05,410495.05,410495.05,410495.05,0
20250802,090000,409160.87,409160.87,406898.12,406898.12,0
20250802,100000,406731.42,406731.42,405348.15,405348.15,0
20250802,110000,405267.11,405267.11,404362.29,404362.29,0
20250802,120000,404342.92,404342.92,404184.16,404184.33,0
20250802,140000,404184.36,404184.89,404184.27,404184.77,0
20250802,150000,404184.74,404184.74,404184.71,404184.71,0
20250802,160000,404185.18,404185.69,404184.21,404184.21,0
20250802,170000,404184.04,404184.04,404184.04,404184.04,0
20250803,090000,402716.53,402716.53,402408.1,402408.1,0
20250803,100000,402381.55,402381.55,401797.37,401797.37,0
20250803,110000,401753.7,401753.7,401222.87,401222.87,0
20250803,120000,401194.85,401194.85,400906.87,400906.87,0
20250803,140000,400906.86,400906.86,400906.85,400906.85,0
20250803,150000,400907.29,400907.65,400907.29,400907.65,0
20250803,160000,400908.28,400913.36,400908.28,400913.36,0
20250803,170000,400913.32,400913.32,400913.32,400913.32,0
20250804,090000,400474,400474,399467.29,399467.29,0
20250804,100000,399347.57,399347.57,398718.21,398771.13,0
20250804,110000,398781.62,398939.99,398781.62,398939.99,0
20250804,120000,398957.87,398968.44,398903.78,398903.82,0
20250804,130000,398903.9,398903.9,398903.9,398903.9,0
20250804,140000,398903.86,398904.16,398903.86,398904.16,0
20250804,150000,398904.18,398905.23,398904.18,398905.23,0
20250805,090000,398892.31,399014.26,398797.76,398797.76,0
20250805,100000,398788.55,398788.55,398187.77,398187.77,0
20250805,110000,398143.13,398143.13,397289.68,397289.68,0
20250805,120000,397201.4,397201.4,396589.51,396589.51,0
20250805,140000,396589.37,396589.37,396589.32,396589.32,0
20250806,090000,396203.78,396203.78,394976.21,394976.21,0
20250806,100000,394920.41,394920.41,394395.35,394395.35,0
20250806,110000,394342.18,394342.18,393920.99,393920.99,0
20250806,120000,393889,393889,393742.16,393742.16,0
20250806,140000,393742.67,393742.67,393740.43,393740.43,0
20250809,090000,393777.2,394868.31,393777.2,394868.31,0
20250809,100000,394912.08,395193.23,394912.08,395193.23,0
20250809,110000,395182.65,395219.86,394835.48,394835.48,0
20250809,120000,394805.22,394820.53,394639.23,394640.65,0
20250809,140000,394631.59,394631.59,394631.59,394631.59,0
20250809,150000,394631.91,394632.13,394631.91,394632.13,0
20250810,090000,394789.04,394925.88,394653.62,394653.62,0
20250810,100000,394556.08,394556.08,393915.96,393915.96,0
20250810,110000,393898.86,393898.86,393464.72,393464.72,0
20250810,120000,393422.47,393422.47,393302.69,393310.32,0
20250810,140000,393309.93,393309.93,393309.93,393309.93,0
20250810,160000,393309.94,393315.83,393309.94,393315.78,0
20250810,170000,393315.77,393315.77,393315.77,393315.77,0
20250811,090000,393308.66,393308.66,392907.2,392907.2,0
20250811,100000,392879.33,392879.33,392351.26,392351.26,0
20250811,110000,392281.41,392281.41,391811.33,391811.33,0
20250811,120000,391750.48,391750.48,391370.98,391370.99,0
20250811,140000,391370.97,391372.36,391370.97,391372.36,0
20250812,090000,391265.92,391265.92,389808.2,389808.2,0
20250812,100000,389695.06,389695.06,388696.18,388696.18,0
20250812,110000,388612.61,388612.61,387979.04,387979.04,0
20250812,120000,387936.79,387936.79,387656.39,387656.39,0
20250812,140000,387656.35,387656.49,387655.61,387655.61,0
20250812,150000,387655.59,387656.1,387655.59,387656.1,0
20250812,160000,387656.09,387658.08,387656.09,387658.08,0
20250813,090000,387216.1,387216.1,385049.61,385049.61,0
20250813,100000,384919.87,384919.87,384168.18,384168.18,0
20250813,110000,384121.64,384121.64,383734.76,383734.76,0
20250813,120000,383703.85,383703.85,383447.45,383447.45,0
20250813,150000,383447.66,383447.66,383447.66,383447.66,0
20250816,090000,382725.07,382725.07,381209.14,381209.14,0
20250816,100000,381188.75,381447.65,381060.6,381447.65,0
20250816,110000,381457,381707.92,381457,381707.92,0
20250816,120000,381732.86,382009.44,381732.86,382009.44,0
20250816,130000,382010.94,382075.02,382010.94,382075.02,0
20250816,140000,382079.9,382090.39,382079.9,382087.42,0
20250816,150000,382087.1,382093.54,382087.02,382092.71,0
20250816,160000,382092.56,382100.22,382092.56,382100.22,0
20250817,090000,382054.99,384157.63,382054.99,384157.63,0
20250817,100000,384240.47,384953.01,384240.47,384953.01,0
20250817,110000,385039.05,385582.78,385039.05,385582.78,0
20250817,120000,385617.66,385992.32,385617.66,385992.32,0
20250817,140000,385992.35,385992.37,385992.35,385992.37,0
20250817,150000,385990.88,385990.88,385980.99,385980.99,0
20250817,180000,385982.23,385982.23,385982.23,385982.23,0
20250818,090000,386873.07,387815.82,386873.07,387815.82,0
20250818,100000,387871.86,387985.18,387871.86,387957.18,0
20250818,110000,387938.81,387938.81,387699.09,387699.09,0
20250818,120000,387725.92,387725.92,387600.26,387600.26,0
20250818,140000,387600.46,387600.62,387600.07,387600.07,0
20250818,150000,387599.94,387599.94,387599.94,387599.94,0
20250818,160000,387599.87,387599.87,387599.87,387599.87,0
20250818,180000,387559.4,387559.4,387559.4,387559.4,0
20250819,090000,387575.92,387575.92,387043.95,387111.4,0
20250819,100000,387135.35,387186.34,387133.76,387186.34,0
20250819,110000,387178.15,387178.15,387026.79,387026.79,0
20250819,120000,387015.38,387015.38,386883.04,386883.04,0
20250819,140000,386882.82,386882.82,386881.98,386881.98,0
20250819,150000,386881.4,386885.56,386881.4,386885.56,0
20250820,090000,386857.53,386876.1,386713.28,386713.28,0
20250820,100000,386692.48,386692.48,386168.28,386168.28,0
20250820,110000,386150.53,386150.53,386028.18,386075.63,0
20250820,120000,386077.82,386113.1,386077.82,386100.91,0
20250820,140000,386100.48,386100.48,386093.08,386093.08,0
20250820,150000,386089.92,386089.92,386089.92,386089.92,0
20250820,160000,386090.28,386091.17,386090.28,386091.17,0
20250820,180000,386044.01,386044.01,386044.01,386044.01,0
20250823,090000,386044.01,386424.65,386044.01,386416.82,18065575337
20250823,100000,386459.54,386614.57,386459.54,386489.81,44429174113
20250823,110000,386473.79,386473.79,386364.47,386374.61,72328691882
20250823,120000,386377.51,386377.77,386324.88,386324.88,61424646737
20250823,140000,386325.29,386325.29,386317.9,386318.17,42430659987
20250823,150000,386318.11,386319.91,386318.11,386319.81,25397543058
20250823,180000,386319.7,386319.7,386319.7,386319.7,8465847686
20250825,090000,386319.7,386320.78,385501.35,385501.35,28211256890
20250825,100000,385412.47,385412.47,384638.51,384638.51,70406545157
20250825,110000,384590.56,384590.56,384027.95,384027.95,81770149658
20250825,120000,383962.15,383962.15,383613.77,383613.81,60615767255
20250826,090000,383613.81,383613.81,382413.09,382413.09,42699559341
20250826,100000,382383.54,382383.54,382154.65,382154.65,86763881323
20250826,110000,382157.05,382157.05,381983.28,381983.28,108474310158
20250826,120000,381973.78,381973.78,381863.63,381863.64,94934785480
20250826,150000,381863.61,381863.61,381863.61,381863.61,11133918956
20250826,160000,381863.72,381866.48,381863.72,381866.17,111286778245
20250826,180000,381757.41,381757.41,381757.41,381757.41,11128459945
20250827,090000,381757.41,382501.02,381757.41,382501.02,18108165849
20250827,100000,382554.14,382935.18,382554.14,382935.18,55567984494
20250827,110000,382938.03,382952.95,382713.82,382713.82,77045067194
20250827,120000,382690.74,382690.74,382387.51,382387.51,63840442380
20250827,150000,382387.62,382387.62,382387.62,382387.62,8649233267
20250830,090000,382387.62,382387.62,380177.22,380177.22,23067345587
20250830,100000,380109.87,380109.87,379442.6,379442.6,46375420244
20250830,110000,379394.84,379394.84,379023.04,379023.04,90313828189
20250830,120000,378981.45,378981.45,378828.59,378828.59,68816262474
20250830,140000,378828.66,378828.66,378828.66,378828.66,10909936921
20250830,150000,378828.67,378828.67,378828.67,378828.67,10909932921
20250831,090000,378828.67,379656.06,378822.2,379656.06,31620640996
20250831,100000,379681.36,379863.45,379681.36,379863.45,68050945881
20250831,110000,379876.33,380090.34,379853.36,380090.34,93610396211
20250831,120000,380115.25,380331.39,380115.25,380331.39,83101253549
20250831,130000,380331.41,380331.6,380331.22,380331.6,44645793580
20250831,160000,380332.26,380336.08,380332.26,380336.08,33481568085
20250831,190000,380118.26,380118.26,380118.26,380118.26,11160522695
20250902,090000,380118.26,382442.84,380118.26,382442.84,31978262334
20250902,100000,382604.91,383346.51,382604.91,383346.51,59842634224
20250902,110000,383377.56,383809.71,383377.56,383809.71,73363754730
20250902,120000,383845.74,384424.7,383845.74,384424.7,48819677982
20250902,130000,384424.5,384424.5,384394.8,384419.97,89304110983
20250902,140000,384419.96,384419.96,384419.67,384419.68,22286307417
20250903,090000,384419.68,386891.31,384419.68,386891.31,65288395037
20250903,100000,386931.28,387521.32,386931.28,387521.32,122418901463
20250903,110000,387576.17,388067.86,387576.17,388067.86,146884271105
20250903,120000,388121.56,388482.41,388121.56,388482.41,108341500617
20250903,140000,388482.42,388482.42,388482.42,388482.42,14132075650
20250906,090000,388482.42,389791.6,388482.42,389791.6,52745234842
20250906,100000,389850.62,390222.9,389850.62,390222.9,110649273274
20250906,110000,390228.6,390255.74,389787.4,389787.4,165583480948
20250906,120000,389730.71,389730.71,389428.27,389428.28,140398709384
20250906,130000,389427.91,389427.91,389427.91,389427.91,18688598602
20250906,140000,389427.94,389427.94,389427.94,389427.94,18688576302
20250906,150000,389422.58,389422.58,389422.58,389422.58,18687300433
20250906,160000,389422.56,389422.56,389422.56,389422.56,18687300433
20250907,090000,389422.56,390095.62,389422.56,390095.62,20720351994
20250907,100000,390175.29,390822.04,390175.29,390822.04,72309369830
20250907,110000,390868.74,391299.71,390868.74,391299.71,124382018562
20250907,120000,391318.07,391447.54,391318.07,391447.54,104730658230
20250907,140000,391447.55,391447.55,391447.5,391447.5,27747277524
20250908,090000,391447.5,394109.32,391447.5,394109.32,37749941912
20250908,100000,394245.77,395547.15,394245.77,395547.15,80598397186
20250908,110000,395644.15,396354.19,395644.15,396354.19,112618037678
20250908,120000,396416.21,396878.31,396416.21,396878.31,93821223370
20250908,140000,396879.03,396879.03,396879.03,396879.03,12378510859
20250909,090000,396879.03,398296.37,396879.03,398158.64,85366559354
20250909,100000,398140.43,398215.32,398052.91,398052.91,159184386443
20250909,110000,398034.66,398034.66,397913.11,397962.6,205415444424
20250909,120000,397967.55,398104.97,397967.55,398104.97,165773874398
20250909,140000,398104.98,398105,398104.98,398105,43395080545
20250909,150000,398104.91,398104.91,398104.91,398104.91,21691110282
20250909,160000,398105.02,398105.02,398105.02,398105.02,21691096069
20250909,190000,397986.78,397986.78,397986.78,397986.78,21691096069
20250913,090000,397986.78,398141.19,397986.78,398127.07,37033966313
20250913,100000,398146.79,398219.77,398146.79,398219.77,83015220170
20250913,110000,398231.66,398459.4,398229.66,398459.4,116464141485
20250913,120000,398500.31,398534.11,398500.31,398504.15,82408595721
20250913,130000,398504.22,398504.22,398504.22,398504.22,12649773567
20250913,140000,398504.27,398506.98,398504.27,398506.98,50592181210
20250913,190000,398507.16,398507.16,398507.16,398507.16,12647492815
20250914,090000,398507.16,400739.32,398507.16,400739.32,42178711988
20250914,100000,400851.87,401869.05,400851.87,401869.05,100940343286
20250914,110000,401953.03,402493.89,401953.03,402493.89,134304121222
20250914,120000,402556.07,402808.77,402556.07,402808.77,113306915929
20250914,130000,402808.71,402808.71,402808.71,402808.71,15158892455
20250914,140000,402808.76,402809.07,402808.76,402809.07,106114086917
20250914,190000,402636.94,402636.94,402636.94,402636.94,15159112433
20250915,090000,402636.94,403963.36,402636.94,403940.47,73429521602
20250915,100000,403911.45,403911.45,403652.76,403677.71,169927856444
20250915,110000,403664.72,403664.72,403289,403289,222382767925
20250915,120000,403227.64,403227.64,402886.34,402886.34,179069504672
20250915,130000,402882.72,402882.72,402856.61,402865.48,118022019151
20250915,150000,402865.83,402865.83,402865.83,402865.83,23587048216
20250915,160000,402866.13,402872.93,402866.13,402872.93,234626519508
20250915,170000,402872.89,402872.89,402872.89,402872.89,23412545587
20250915,200000,402720.59,402720.59,402720.59,402720.59,23412545587
20250916,090000,402720.59,402720.59,401019.48,401019.48,34317151109
20250916,100000,400958.54,400958.54,400207.25,400207.25,84699414692
20250916,110000,400139.09,400139.09,399754.57,399754.57,132849489425
20250916,120000,399724.53,399724.53,399399.36,399399.36,102560227461
20250916,140000,399399.37,399399.37,399399.37,399399.37,13775348684
20250916,160000,399391.35,399391.36,399391.35,399391.36,27550697368
20250916,170000,399391.54,399399.21,399391.54,399398.48,96427471112
20250917,090000,399398.48,399398.48,398180.11,398180.11,30145751393
20250917,100000,398106.3,398106.3,397383.3,397383.3,77792418575
20250917,110000,397328,397328,396909.09,396909.09,118585684071
20250917,120000,396878.94,396878.94,396710.12,396710.12,94799410484
20250917,140000,396710.11,396710.11,396710.11,396710.11,12518824549
20250917,150000,396710.12,396715.22,396709.47,396715.22,110967287891
20250917,160000,396715.05,396715.97,396677.55,396677.55,110182898235
20250917,190000,396531.49,396531.49,396531.49,396531.49,12232203667
20250920,090000,396531.49,396531.49,393930.37,393930.37,16932132647
20250920,100000,393816.44,393816.44,393084.72,393084.72,35447039632
20250920,110000,393044.23,393044.23,392409.93,392409.93,103033916819
20250920,120000,392324.63,392324.63,392072.65,392072.65,81476680811
20250920,160000,392077.05,392077.05,392077.05,392077.05,10423134659
20250920,190000,392075.89,392075.89,392075.89,392075.89,10423134659
20250921,090000,392075.89,392075.89,388856.79,388856.79,68565043974
20250921,100000,388824.34,388824.34,388468.76,388468.76,141522841548
20250921,110000,388434.75,388445.91,388337.66,388337.66,189526350940
20250921,120000,388320.93,388320.93,388092.24,388093.07,175551186857
20250921,150000,388093,388099.03,388093,388099.03,61873072869
20250921,160000,388099.07,388099.45,388099.07,388099.45,122417985634
20250921,190000,387994.78,387994.78,387994.78,387994.78,20330975423
20250922,090000,387994.78,389191.32,387941.73,389191.32,36375559988
20250922,100000,389244.6,389545.06,389244.6,389545.06,76765222804
20250922,110000,389560.7,389633.96,389560.7,389633.96,100951822155
20250922,120000,389614.69,389614.69,389388.21,389388.22,84365653793
20250922,160000,389380.05,389380.05,389380.04,389380.04,22580475365
20250922,190000,389216.01,389216.01,389216.01,389216.01,11284117555
20250923,090000,389216.01,389283.94,388890.04,388890.04,19289699381
20250923,100000,388902.6,389008.42,388891.59,389008.42,49352596744
20250923,110000,389006.84,389019.55,388822.04,388822.04,76342451673
20250923,120000,388819.24,388819.24,388714.79,388715.65,70687697387
20250923,160000,388703.75,388703.75,388686.39,388686.48,68028517618
20250924,090000,388686.48,388686.48,386573.18,386573.18,42504476864
20250924,100000,386481.1,386481.1,385934.54,385934.54,88779008981
20250924,110000,385914.17,385914.17,385647.41,385647.41,123510617757
20250924,120000,385624.91,385624.91,385509.49,385509.52,102003219565
20250924,150000,385509.56,385509.56,385509.55,385509.55,27875831051
20250924,160000,385509.96,385510.56,385509.96,385510.56,27749400738
20250924,210000,385381.34,385381.34,385381.34,385381.34,13874601003
20250927,090000,385381.34,388341,385215.12,388341,59489644731
20250927,100000,388538.06,389647.13,388538.06,389647.13,98935830446
20250927,110000,389712.01,390401.45,389712.01,390401.45,120427499937
20250927,120000,390442.19,390811.8,390442.19,390811.8,92142281146
20250927,160000,390811.68,390811.68,390811.68,390811.68,11952229324
20250927,200000,390788.42,390788.42,390788.42,390788.42,11952225824
20250928,090000,390788.42,395325.58,390788.42,395325.58,33482912861
20250928,100000,395446,396492.24,395446,396492.24,65722539921
20250928,110000,396574.5,397287.46,396574.5,397287.46,81464050478
20250928,120000,397328.6,398058.26,397328.6,398058.26,65832184380
20250928,150000,398058.25,398058.25,398058.24,398058.24,18023965622
20250928,180000,398058.23,398058.23,398058.23,398058.23,9011957088
20250929,090000,398058.23,402885.1,398058.23,402885.1,37217574270
20250929,100000,403005.96,403984.52,403005.96,403984.52,79662276703
20250929,110000,404067.71,404687.25,404067.71,404687.25,113130173886
20250929,120000,404719.71,405178.48,404719.71,405178.48,98482163345
20250929,150000,405178.54,405178.54,405178.54,405178.54,13674534484
20250929,190000,405163.67,405163.67,405163.67,405163.67,13674534484
20250930,090000,405163.67,406980.27,405163.67,406766.63,134674123185
20250930,100000,406682.43,406682.43,405831.9,405831.9,253909309567
20250930,110000,405799.38,405799.38,405270.65,405270.65,313378550284
20250930,120000,405190.4,405190.4,404880.23,404880.23,242411632526
20250930,160000,404880.47,404880.47,404880.47,404880.47,31677746634
20251001,090000,404880.47,404880.47,402746.15,402746.15,64694880956
20251001,100000,402725.66,402809.23,402698.22,402698.22,141454296828
20251001,110000,402665.04,402695.42,402549.71,402549.71,190936125937
20251001,120000,402522.49,402522.49,402292.71,402292.72,156563833334
20251001,150000,402292.73,402293.9,402292.73,402293.9,105244113827
20251001,160000,402294.34,402294.9,402294.34,402294.74,104851375915
20251004,090000,402294.74,406618.06,402294.74,406618.06,44201488037
20251004,100000,406823.02,408090.83,406823.02,408090.83,76665391874
20251004,110000,408191.78,408933.08,408191.78,408933.08,99439331688
20251004,120000,408978.02,409539.85,408978.02,409539.85,77558418571
20251004,150000,409539.9,409539.9,409539.9,409539.9,10232760328
20251005,090000,409539.9,414164.07,409539.9,414164.07,136135458767
20251005,100000,414185.74,414185.74,414107.95,414107.95,266421876838
20251005,110000,414083.38,414127.24,414083.38,414113.13,338387386784
20251005,120000,414115.03,414252.06,414115.03,414252.05,265099690857
20251005,140000,414252.06,414252.06,414252.06,414252.06,34798378734
20251005,160000,414251.88,414251.88,414251.86,414251.86,69596053549
20251005,190000,414251.78,414251.78,414251.78,414251.78,34797989258
20251006,090000,414251.78,416583.22,414251.78,416583.22,79816511791
20251006,100000,416676.46,416728.59,415912.68,415912.68,226942406585
20251006,110000,415802.43,415802.43,415256.46,415256.46,333615196436
20251006,120000,415191.71,415191.71,414943.79,414943.79,256443739701
20251006,150000,414943.88,414943.88,414943.88,414943.88,33609548526
20251006,160000,414945.62,414948.87,414945.62,414948.87,100808200152
20251006,170000,414948.64,414948.66,414948.64,414948.66,67196475534
20251007,090000,414948.66,417531.37,414948.66,417531.37,75484526828
20251007,100000,417688.16,418283.81,417688.16,418277.11,184739967216
20251007,110000,418277.22,418434.94,418251.04,418434.94,233243702930
20251007,120000,418437.42,418738.55,418437.42,418738.53,189340317416
20251007,150000,418737.73,418737.73,418737.68,418737.68,50600082084
20251007,160000,418737.55,418737.55,418737.55,418737.55,25299959771
20251007,210000,418737.22,418737.22,418737.22,418737.22,25299959771
20251008,090000,418737.22,419925.06,418737.22,419294.69,143702361853
20251008,100000,419251.87,419251.87,418988.31,419002.19,311496911568
20251008,110000,419086.61,419097.79,419015.41,419037.36,369730547956
20251008,120000,419010.6,419023.28,418920.67,418920.72,283432424185
20251008,140000,418920.68,418920.68,418920.68,418920.68,37203235726
20251008,170000,418920.67,418920.67,418920.67,418920.67,37203234395
20251008,180000,418746.71,418746.71,418746.71,418746.71,37203234395
20251011,090000,418746.71,421780.91,418746.71,421780.91,80593642663
20251011,100000,421869.44,422684.81,421869.44,422684.81,165431636798
20251011,110000,422709.1,423023.9,422709.1,423023.9,226863522617
20251011,120000,423029.62,423172.82,423029.62,423172.72,175366063634
20251011,140000,423172.57,423172.57,423142.03,423142.03,91784197232
20251011,150000,423142.06,423142.06,423136.23,423136.23,45890285904
20251011,160000,423136.22,423136.22,423136.22,423136.22,22944600548
20251012,090000,423136.22,427522.14,423136.22,427522.14,61935083748
20251012,100000,427711.74,429317.12,427711.74,429317.12,140094681096
20251012,110000,429440.66,430590.65,429440.66,430590.65,191689670823
20251012,120000,430658.13,431029.7,430658.13,431026.82,174633634323
20251012,140000,431024.19,431024.19,431022.76,431022.76,60384981765
20251012,160000,431022.8,431022.8,431022.8,431022.8,20127301295
20251013,090000,431022.8,434945.93,431022.8,434915.51,96450593432
20251013,100000,434918.56,435281.69,434913.63,435281.69,230060119429
20251013,110000,435311.04,435598.71,435311.04,435598.71,302867673246
20251013,120000,435599.57,436070.73,435599.57,436070.73,209313524920
20251013,140000,436070.74,436070.74,436070.74,436070.74,31753639751
20251013,150000,436070.67,436070.67,436070.67,436070.67,31753282579
20251013,190000,436018.43,436018.43,436018.43,436018.43,31753282579
20251014,090000,436018.43,438086.46,436018.43,438086.46,74698289424
20251014,100000,438100.32,438477.28,437970.39,437970.39,175768577359
20251014,110000,437938.88,437938.88,437146.52,437146.52,329892235393
20251014,120000,437078.02,437078.02,436691.96,436691.99,295194186482
20251014,140000,436691.98,436691.98,436691.98,436691.98,41006568561
20251014,150000,436691.82,436691.82,436691.82,436691.82,41003768561
20251014,160000,436691.41,436691.53,436691.28,436691.53,246002590458
20251015,090000,436691.53,436691.53,435028.9,435111.21,119057986112
20251015,100000,435119.13,435119.13,434840.29,434854.36,240811990103
20251015,110000,434868.98,435113.65,434852.42,435113.65,309662930615
20251015,120000,435140.25,435403.01,435140.25,435403.01,239764606508
20251015,150000,435400.12,435400.12,435399.23,435399.43,252632515130
20251018,090000,435399.43,441173.35,435399.43,441173.35,68463962532
20251018,100000,441338.04,443081.62,441338.04,443081.62,152559354728
20251018,110000,443141.1,443747.52,443141.1,443747.52,196031387509
20251018,120000,443802.1,444350.03,443802.1,444350.03,148411027306
20251018,130000,444349.94,444349.94,444349.94,444349.94,19438099756
20251018,140000,444350.06,444350.06,444350.06,444350.06,19437887657
20251018,200000,444333.78,444333.78,444333.78,444333.78,19437885657
20251019,090000,444333.78,447978.06,444333.78,447936.43,87943454612
20251019,100000,447916.33,447916.33,447797.81,447865.63,189078401997
20251019,110000,447872.06,448135.2,447872.06,448135.2,250942999356
20251019,120000,448145.56,448161.36,447974.17,447974.17,204716114990
20251019,140000,447973.9,447973.9,447973.9,447973.9,28009701505
20251019,150000,447973.89,447973.89,447973.89,447973.89,28009500905
20251019,160000,447973.55,447973.55,447973.2,447973.2,56017034668
20251019,190000,447860.07,447860.07,447860.07,447860.07,28008517334
20251020,090000,447860.07,448668.63,447860.07,448668.63,48466014845
20251020,100000,448686.75,448725.86,448425.61,448425.61,119256300646
20251020,110000,448371.01,448371.01,447405.22,447405.22,267425764108
20251020,120000,447330.27,447330.27,446916.63,446916.64,222870918620
20251020,140000,446916.66,446916.68,446916.66,446916.68,59319556120
20251020,150000,446909.05,446909.24,446909.02,446909.24,118584112282
20251020,160000,446909.29,446909.29,446909.29,446909.29,29644804484
20251021,090000,446909.29,448002.89,446909.29,447387.84,60325979547
20251021,100000,447307.1,447307.1,446954.75,446954.75,162900956851
20251021,110000,446948.54,447157.37,446948.54,447093.82,222364187120
20251021,120000,447076.44,447076.44,447034.32,447062.56,176811095172
20251021,140000,447062.41,447062.47,447062.33,447062.47,71060558507
20251021,150000,447062.27,447062.27,447058.87,447058.87,71060184627
20251021,170000,447059.1,447059.17,447059.1,447059.17,47373456418
20251021,200000,447060.39,447060.39,447060.39,447060.39,23686728209
20251022,090000,447060.39,449069.74,447060.39,449057.37,46673387928
20251022,100000,449044.66,449215.58,449024.2,449215.58,122273043942
20251022,110000,449273.69,449919.97,449273.69,449919.97,193383928348
20251022,120000,449974.74,450308.95,449974.74,450308.95,171375231654
20251022,140000,450308.93,450315.33,450308.93,450315.33,46608318116
20251022,200000,450040.6,450040.6,450040.6,450040.6,23304129058
20251025,090000,450040.6,450512.75,450040.6,450136.59,65850140633
20251025,100000,450117.9,450485.76,450117.9,450485.76,168153789061
20251025,110000,450492.04,450578.2,450492.04,450506.29,238516205569
20251025,120000,450504.61,450614.01,450490.39,450613.97,228463760519
20251025,140000,450614.1,450614.1,450614.1,450614.1,27483650587
20251025,150000,450614.16,450614.16,450614.16,450614.16,27483102372
20251025,200000,450540.36,450540.36,450540.36,450540.36,27483102372
20251026,090000,450540.36,452977.47,450540.36,452977.47,46351034001
20251026,100000,453041.03,453589.8,453041.03,453589.8,118245401032
20251026,110000,453646.49,453949.02,453646.49,453949.02,172819358202
20251026,120000,453960.57,453976.16,453957.65,453976.16,147682893927
20251026,140000,453975.47,453975.59,453975.36,453975.36,79543322184
20251026,150000,453974.26,453974.26,453971.27,453971.27,99414748589
20251026,190000,453971.84,453971.84,453971.84,453971.84,19880455315
20251027,090000,453971.84,456606.89,453971.84,456586.36,49724116594
20251027,100000,456569.48,456884.15,456549.41,456884.15,122939115679
20251027,110000,456926.79,457581.61,456926.79,457581.61,202980200678
20251027,120000,457651.51,457979.91,457651.51,457979.91,192507582442
20251027,140000,457979.88,457980.64,457979.84,457980.62,104181960385
20251027,150000,457980.09,457981.92,457948.37,457954.58,312347208883
20251027,160000,457954.34,457954.55,457954.34,457954.54,104108531044
20251028,090000,457954.54,461493.6,457954.54,461404.94,59687219767
20251028,100000,461320.9,461320.9,461024.63,461024.63,144715228072
20251028,110000,460956.59,461177.25,460903.91,461177.25,223003419240
20251028,120000,461185.93,461237.05,461185.93,461223.32,292984561978
20251028,130000,461224.27,461227.53,461224.27,461227.53,179376650256
20251028,140000,461227.52,461227.52,461191.81,461191.81,102370450608
20251028,200000,461082.72,461082.72,461082.72,461082.72,25588648599
20251029,090000,461082.72,461969.78,461082.72,461897.6,38728159342
20251029,100000,461938.89,462287.85,461938.89,462205.82,100105385123
20251029,110000,462179.84,462221.01,462043.16,462221.01,164961666387
20251029,120000,462220.08,462345.42,462217.85,462343.19,266099999744
20251029,140000,462343.09,462344.62,462343.09,462344.52,188752329556
20251029,150000,462344.6,462344.6,462339.85,462339.85,70741043390
20251029,160000,462333.89,462350.72,462314.89,462348.87,188517831350
20251029,170000,462348.61,462348.62,462348.61,462348.62,47126350404
20251101,090000,462348.62,465043.16,462348.62,465043.16,79814773252
20251101,100000,465054.02,465775.07,465054.02,465703.19,173367065652
20251101,110000,465681.29,465681.29,464757.03,464757.03,256453681107
20251101,120000,464648.1,464648.1,463955.78,463955.78,237812050882
20251101,140000,463955.46,463955.64,463955.46,463955.64,95132237841
20251101,150000,463955.72,463955.73,463955.72,463955.73,63421355580
20251102,090000,463955.73,463955.73,462655.82,462930.28,54704940122
20251102,100000,462969.41,463469.66,462969.41,463469.66,137720159842
20251102,110000,463516.82,464082.38,463516.82,464082.38,203386899310
20251102,120000,464139.81,464469.57,464139.81,464469.57,179944075294
20251102,140000,464459.64,464459.64,464438.74,464438.74,194858128715
20251102,150000,464434.5,464434.5,464434.27,464434.27,73071691307
20251102,160000,464434.41,464434.41,464434.41,464434.41,24357225728
20251103,090000,464434.41,467163.03,464434.41,467163.03,74664800341
20251103,100000,467270.3,467999.47,467270.3,467999.47,188114064425
20251103,110000,468054.74,468353.1,468054.74,468317.91,303600304046
20251103,120000,468311.96,468311.96,468015.96,468015.96,252773684958
20251103,140000,468015.84,468015.87,468015.83,468015.87,100451906057
20251103,150000,468015.89,468015.89,467987.36,467987.36,100428465384
20251103,160000,467987.37,467987.88,467987.37,467987.88,133888422944
20251104,090000,467987.88,468086.19,466562.09,466584.79,46287967500
20251104,100000,466590.61,466600.36,466272.42,466272.42,120056607104
20251104,110000,466215.78,466215.78,465642.06,465642.06,193955201906
20251104,120000,465536.02,465536.02,464384.08,464384.08,217508217348
20251104,140000,464384.07,464384.07,464384.07,464384.07,32242161094
20251104,150000,464384.45,464386.13,464384.45,464386.13,289613024834
20251104,160000,464386.47,464386.47,464385.52,464385.54,192713884607
20251104,200000,464232.01,464232.01,464232.01,464232.01,32101027500
20251105,090000,464232.01,464232.01,460953.01,460953.01,78530025714
20251105,100000,460884.77,460884.77,460673.21,460673.21,171439637112
20251105,110000,460636.83,460636.83,460581.42,460592.06,241873837141
20251105,120000,460657.25,460921.81,460657.25,460921.81,206298032380
20251105,140000,460921.93,460921.93,460921.93,460921.93,27240673480
20251105,150000,460921.56,460921.56,460918.45,460918.45,217728435252
20251105,160000,460918.19,460918.19,460918.19,460918.19,27193925596
20251108,090000,460918.19,464231.45,460918.19,464231.45,46228964257
20251108,100000,464272.94,464272.94,463990.55,463990.55,107460720132
20251108,110000,463982.39,463982.39,463629.81,463629.81,152876349145
20251108,120000,463556.14,463556.14,462954.99,462955,134578716553
20251108,140000,462950.29,462950.29,462949.85,462949.85,36910101720
20251108,150000,462949.74,462949.74,462948.34,462948.44,110728179811
20251108,160000,462948.46,462948.56,462948.45,462948.48,73784304475
20251109,090000,462948.48,462948.48,458393.58,458393.58,57011217702
20251109,100000,458213.25,458213.25,456420.18,456420.18,112725379573
20251109,110000,456366.92,456366.92,455795.53,455795.53,179558230938
20251109,120000,455749.4,455749.4,455550.97,455551.54,146841973675
20251109,140000,455551.53,455551.53,455551.53,455551.53,18867234260
20251109,170000,455551.57,455551.74,455551.57,455551.74,37635783884
20251109,180000,455551.81,455551.81,455551.81,455551.81,18770768041
20251110,090000,455551.81,455551.81,453802.19,453912.34,115308230723
20251110,100000,453877.81,453877.81,452984.07,452984.07,212542435375
20251110,110000,452920.51,452920.51,452454.27,452454.27,286217403204
20251110,120000,452420.6,452420.6,452301.46,452309.06,220116328304
20251110,140000,452308.87,452309.06,452308.87,452309.06,114250351595
20251110,150000,452309.07,452309.07,452309.07,452309.07,28424150484
20251110,170000,452309.17,452309.81,452309.17,452309.81,198772965652
20251110,200000,452309.63,452309.63,452309.63,452309.63,28379940888
20251111,090000,452309.63,453187.25,452309.63,452950.02,23932392239
20251111,100000,452873.23,452873.23,452651.17,452832.36,65324975001
20251111,110000,452857.87,452857.87,452320.86,452320.86,110768081543
20251111,120000,452238.49,452238.49,451745.46,451745.47,118973909921
20251111,160000,451745.57,451747.84,451745.57,451747.84,65290652961
20251111,170000,451747.88,451747.93,451747.88,451747.93,48831566424
20251112,090000,451747.93,451823.5,451399.9,451399.9,24285556401
20251112,100000,451272.85,451272.85,451074.34,451228.16,72743783580
20251112,110000,451265.67,451559.46,451265.67,451559.46,103378232170
20251112,120000,451574.07,451696.18,451574.07,451696.18,95380667058
20251112,150000,451696.2,451696.76,451696.2,451696.41,79825179927
20251112,160000,451695.72,451695.72,451693.89,451693.89,93025693977
20251115,090000,451693.89,453149.11,451693.89,453142.23,22167415651
20251115,100000,453141.01,453255.9,453140.68,453220.73,54584392764
20251115,110000,453241.78,453413.2,453241.78,453411.99,91681613714
20251115,120000,453429.23,453529.15,453429.23,453529.15,80216533440
20251115,150000,453529.07,453529.59,453528.82,453529.59,44244349870
20251115,190000,453395.26,453395.26,453395.26,453395.26,11054872947
20251116,090000,453395.26,454525.56,453395.26,454525.56,27889135653
20251116,100000,454616.28,455678.56,454616.28,455678.56,71561389094
20251116,110000,455778.3,456520.01,455778.3,456520.01,129316155132
20251116,120000,456625.66,457198.08,456625.66,457198.08,114149406210
20251116,140000,457197.99,457198.18,457197.99,457198.18,31671552579
20251116,150000,457198.17,457198.17,457198.17,457198.17,15822610094
20251117,090000,457198.17,461153.89,457198.17,461153.89,41580997371
20251117,100000,461187.12,461741.65,461187.12,461741.65,104190150494
20251117,110000,461735.04,461745.17,461490.15,461490.15,148435470231
20251117,120000,461445.36,461445.36,460979.2,460979.2,126542831722
20251117,150000,460979.1,460983.72,460938.55,460938.55,120102973301
20251117,160000,460963.57,460963.57,460963.55,460963.55,34296823274
20251118,090000,460963.55,461366.51,460963.55,461224.44,30072745065
20251118,100000,461219.16,461275.16,460972.83,460972.83,80964093561
20251118,110000,460944.68,460948.59,460597.59,460597.59,120655401276
20251118,120000,460535.77,460535.77,460250.03,460250.03,89171786280
20251118,140000,460249.92,460250.99,460249.86,460250.99,70562643230
20251118,150000,460251.56,460251.64,460247.3,460247.3,42281152587
20251118,160000,460240.27,460240.27,460240.27,460240.27,14093683654
20251118,190000,460134.22,460134.22,460134.22,460134.22,14093683654
20251119,090000,460134.22,461254.97,460134.22,461254.97,25473110688
20251119,100000,461268.55,461347.1,461257.52,461346.95,63858757495
20251119,110000,461352.92,461426.73,461339.01,461339.01,98824257609
20251119,120000,461338.59,461458.56,461338.59,461458.56,82114605660
20251119,150000,461458.32,461459.48,461457.11,461459.46,124114347726
20251119,160000,461463.17,461471.89,461463.17,461471.66,150674969366
20251119,170000,461480.24,461494.99,461480.24,461494.99,82124653922
20251119,180000,461512.45,461512.45,461512.45,461512.45,13687271151
20251122,090000,461512.45,463504.8,461512.45,463504.8,22732406914
20251122,100000,463592.16,464613.52,463592.16,464613.52,62652238476
20251122,110000,464638.09,464787.8,464638.09,464785.31,99627151187
20251122,120000,464787.91,464962.94,464773.18,464852.84,90557726826
20251122,140000,464852.47,464852.47,464852.37,464852.37,25478848392
20251122,150000,464852.36,464852.36,464851.3,464851.31,38216735783
20251122,160000,464851.47,464853.96,464850.34,464853.96,152541203257
20251122,170000,464853.94,464853.94,464853.94,464853.94,12689811079
20251122,190000,464853.58,464853.58,464853.58,464853.58,12689811079
20251123,090000,464853.58,467255.19,464853.58,467255.19,34128328817
20251123,100000,467384.12,468004.95,467384.12,468004.95,103034094979
20251123,110000,468025.15,468355.43,468025.15,468355.43,151334415748
20251123,120000,468360.19,468458.39,468360.19,468458.39,134035565670
20251123,140000,468458.33,468458.33,468458.33,468458.33,18123968430
20251123,150000,468458.29,468458.29,468440.81,468440.89,72362882364
20251123,160000,468440.93,468440.93,468440.93,468440.93,18090588072
20251123,180000,468121.87,468121.87,468121.87,468121.87,18090588072
20251125,090000,468912.31,470889.18,468912.31,470889.18,0
20251125,100000,470979.41,472091.37,470979.41,472091.37,0
20251125,110000,472154.81,472395.04,472154.81,472296.81,0
20251125,120000,472289.91,472289.91,472189.94,472194.22,0
20251125,150000,472194.05,472194.05,472180.97,472180.97,0
20251125,160000,472177.37,472178.8,472158.01,472178.8,0
20251125,170000,472176.53,472190.81,472176.53,472190.81,0
20251126,090000,472813.04,472897.9,471643.78,471643.78,0
20251126,100000,471589.34,471589.34,471324.13,471324.13,0
20251126,110000,471231.09,471231.09,470236.35,470236.35,0
20251126,120000,470167.49,470167.49,469839.99,469840.01,0
20251126,140000,469839.9,469840,469839.9,469840,0
20251126,150000,469839.93,469840.35,469839.93,469840.35,0
20251129,090000,469759.97,470348.4,469692.92,470348.4,0
20251129,100000,470132.37,470132.37,469063.33,469063.33,0
20251129,110000,469007.73,469007.73,468600.06,468600.06,0
20251129,120000,468553.8,468553.8,468326.09,468326.21,0
20251129,130000,468326.42,468365.52,468326.42,468331.01,0
20251129,140000,468332.48,468332.53,468332.48,468332.53,0
20251129,150000,468332.67,468340.65,468332.67,468339.83,0
20251129,160000,468340.74,468341.22,468340.13,468340.13,0
20251130,090000,468557.19,468557.19,467878.9,467887.36,0
20251130,100000,467861.28,468018.55,467819.49,467995.5,0
20251130,110000,467999.72,467999.72,467864.89,467884.1,0
20251130,120000,467883.84,467895.57,467882.43,467882.43,0
20251130,140000,467882.42,467882.42,467882.42,467882.42,0
20251130,150000,467882.39,467882.39,467874.15,467878.58,0
20251201,090000,468677.16,470944.04,468677.16,470944.04,0
20251201,100000,470997.3,471366.23,470997.3,471366.23,0
20251201,110000,471365.85,471368.43,471202.34,471202.34,0
20251201,120000,471187.26,471187.26,471081.75,471081.75,0
20251201,140000,471081.71,471081.71,471081.56,471081.56,0
20251201,150000,471081.28,471081.28,471081.27,471081.27,0
20251201,160000,471081.51,471081.51,471081.08,471081.08,0
20251202,090000,471694.78,472498.63,471694.78,472498.63,0
20251202,100000,472510.36,473443.78,472510.36,473443.78,0
20251202,110000,473502.91,473958.6,473502.91,473958.6,0
20251202,120000,473988.37,474165.14,473988.37,474165.02,0
20251202,140000,474164.98,474165.14,474164.83,474165.14,0
20251202,150000,474165.17,474165.17,474165.17,474165.17,0
20251202,170000,474165.18,474165.18,474165.18,474165.18,0
20251203,090000,474780.05,476784.79,474780.05,476784.79,0
20251203,100000,476936.08,477742.25,476936.08,477742.25,0
20251203,110000,477894.82,478642.05,477894.82,478642.05,0
20251203,120000,478703.41,479044.76,478703.41,479044.76,0
20251203,140000,479044.25,479044.25,479037.67,479037.67,0
20251203,150000,479037.66,479037.66,479037.66,479037.66,0
20251203,160000,479037.35,479037.76,479037.35,479037.76,0
20251203,170000,479037.77,479037.77,479037.77,479037.77,0
20251206,090000,480375.93,484206.23,480375.93,484206.23,0
20251206,100000,484341.56,485365.64,484341.56,485365.64,0
20251206,110000,485382.38,485668.34,485382.38,485668.34,0
20251206,120000,485680.23,485831.38,485680.23,485831.37,0
20251206,140000,485831.38,485831.38,485831.38,485831.38,0
20251206,150000,485831.27,485831.27,485831.27,485831.27,0
20251206,160000,485831.26,485831.26,485831.26,485831.26,0
20251207,090000,487226.64,488153.04,487226.64,487448.3,0
20251207,100000,487419.65,487419.65,487148.07,487148.07,0
20251207,110000,487059.16,487059.16,486061.36,486061.36,0
20251207,120000,486037.59,486037.59,485761.46,485761.46,0
20251207,140000,485761.43,485761.59,485761.43,485761.58,0
20251207,150000,485761.62,485761.76,485761.62,485761.76,0
20251208,090000,485861.92,486966.47,485861.92,486966.47,0
20251208,100000,486971.36,487229.17,486971.36,487229.17,0
20251208,110000,487259.18,487653.1,487259.18,487653.1,0
20251208,120000,487715.15,487904.86,487715.15,487904.69,0
20251208,150000,487904.64,487904.75,487903.78,487903.78,0
20251209,090000,488463.12,490481.06,488463.12,490459.62,0
20251209,100000,490450.96,491193.91,490450.96,491193.91,0
20251209,110000,491248.08,491598.38,491248.08,491598.38,0
20251209,120000,491585.24,491717.51,491228.4,491228.4,0
20251209,140000,491228.55,491228.55,491223.09,491223.09,0
20251209,150000,491222.94,491222.98,491222.94,491222.98,0
20251209,170000,491223,491224.36,491223,491224.36,0
20251210,090000,492105,495709.4,492105,495709.4,0
20251210,100000,495866.18,497516.23,495866.18,497516.23,0
20251210,110000,497609.39,498257.71,497609.39,498257.71,0
20251210,120000,498281.54,498633.86,498281.54,498633.75,0
20251210,130000,498632.65,498632.65,498632.64,498632.64,0
20251210,150000,498632.63,498632.63,498632.63,498632.63,0
20251213,090000,500271.51,504045.42,500271.51,504045.42,0
20251213,100000,504150.3,505472.15,504150.3,505472.15,0
20251213,110000,505641.57,506201.5,505641.57,506201.5,0
20251213,120000,506254.47,506416.12,506254.47,506416.11,0
20251213,140000,506416.04,506416.04,506416.04,506416.04,0
20251213,160000,506412.87,506412.87,506412.87,506412.87,0
20251214,090000,507688.23,507734.78,506278.89,506499.74,0
20251214,100000,506605.21,508154.5,506605.21,508154.5,0
20251214,110000,508254.39,509050.13,508254.39,509050.13,0
20251214,120000,509086.6,509808.52,509086.6,509808.43,0
20251214,140000,509808.2,509808.2,509806.61,509806.61,0
20251214,150000,509806.6,509806.9,509802.84,509802.84,0
20251215,090000,511287.88,514802.8,511287.88,514802.8,0
20251215,100000,514982.28,516464.72,514982.28,516464.72,0
20251215,110000,516520.25,517252.17,516520.25,517214.2,0
20251215,120000,517275.6,517580.2,517275.6,517580.2,0
20251215,150000,517580.19,517580.19,517580.19,517580.19,0
20251216,090000,519224.51,523690.75,519224.51,523690.75,0
20251216,100000,523811.01,523855.01,521952.32,521952.32,0
20251216,110000,521874.62,521874.62,520757.45,520757.45,0
20251216,120000,520609.87,520609.87,519717.37,519717.37,0
20251216,140000,519717.5,519717.5,519717.5,519717.5,0
20251216,150000,519717.91,519718.38,519717.91,519718.38,0
20251217,090000,519792.17,521156.24,519766.47,521156.24,0
20251217,100000,521260.37,521485.64,521260.37,521402.39,0
20251217,110000,521410.68,521699.88,521410.68,521699.88,0
20251217,120000,521726.78,522143.26,521726.78,522142.1,0
20251217,140000,522128.13,522128.13,522100.29,522100.29,0
20251217,160000,522101.26,522101.26,522100.81,522100.81,0
20251217,170000,522100.32,522100.32,522099.65,522099.65,0
20251220,090000,524651.55,530773.53,524651.55,530773.53,0
20251220,100000,530986.35,532322.31,530986.35,532322.31,0
20251220,110000,532376.53,533009.11,532376.53,533009.11,0
20251220,120000,533066.09,533422.91,533066.09,533422.91,0
20251220,140000,533422.93,533422.95,533422.93,533422.95,0
20251220,150000,533422.96,533422.96,533422.95,533422.95,0
20251221,090000,535467.09,536850.21,535467.09,536850.21,0
20251221,100000,537037.41,538656.72,537037.41,538656.72,0
20251221,110000,538705.95,538760.86,538697.85,538748.3,0
20251221,120000,538711.98,538711.98,538516.43,538516.43,0
20251221,150000,538516.44,538516.44,538515.93,538515.93,0
20251221,160000,538515.96,538515.96,538515.96,538515.96,0
20251222,090000,544095.82,545656.65,544095.82,545656.65,0
20251222,100000,545667.7,545712.9,545190.3,545190.3,0
20251222,110000,545124.28,545124.28,543320.23,543320.23,0
20251222,120000,543252.87,543252.87,542914.92,542914.92,0
20251222,150000,542915.04,542915.04,542915.04,542915.04,0
20251223,090000,547596.95,547596.95,546882.5,546986.32,0
20251223,100000,546938.68,547184.53,546855.98,547184.53,0
20251223,110000,547213.08,548292.69,547213.08,548292.69,0
20251223,120000,548355.36,548774.14,548355.36,548405.36,0
20251223,140000,548405.35,548405.35,548405.35,548405.35,0
20251223,180000,548405.36,548405.36,548405.36,548405.36,0
20251224,090000,558208.61,560161.4,558208.61,560161.4,0
20251224,100000,560162.69,560794.43,560162.69,560741.38,0
20251224,110000,560726.21,560994.77,560726.21,560994.77,0
20251224,120000,561017.45,561119.04,561017.45,561119.04,0
20251224,140000,561119.05,561119.05,561119.05,561119.05,0
20251227,090000,572132.38,572471.12,572053.4,572053.4,0
20251227,100000,572013.27,572013.27,570861.3,570861.3,0
20251227,110000,570660.77,570660.77,569735.96,569735.96,0
20251227,120000,569656.17,569656.17,568985.54,568985.54,0
20251227,140000,568985.53,568986.08,568985.53,568986.08,0
20251227,160000,568986.07,568986.16,568986.07,568986.16,0
20251227,170000,568986.13,568986.13,568986.13,568986.13,0
20251228,090000,571760.35,572456.04,571017.47,572456.04,0
20251228,100000,572600.39,573100.71,572600.39,573008.14,0
20251228,110000,572928.26,572928.26,572169.22,572190.34,0
20251228,120000,572144.87,572144.87,571787.11,571787.11,0
20251228,140000,571787.07,571787.07,571787.07,571787.07,0
20251228,150000,571787.08,571787.08,571785.72,571785.72,0
20251228,160000,571771.24,571771.24,571771.22,571771.22,0
20251229,090000,573461.85,573461.85,564770.34,564770.34,0
20251229,100000,564676.14,564721.36,564602.51,564721.36,0
20251229,110000,564766.3,564803.38,564691.23,564691.23,0
20251229,120000,564672.33,564672.33,564570.5,564570.5,0
20251229,140000,564570.56,564570.56,564570.56,564570.56,0
20251229,150000,564570.55,564570.55,564570.05,564570.19,0
20251229,160000,564570.2,564570.2,564570.2,564570.2,0
20251229,170000,564570.21,564570.21,564570.21,564570.21,0
20251230,090000,554867.98,554867.98,552251.96,552251.96,0
20251230,100000,552212,552212,551859.17,551926.65,0
20251230,110000,551943.33,552002.72,551882.88,551884.45,0
20251230,120000,551883.56,551883.56,551772.34,551772.58,0
20251230,140000,551771.73,551771.73,551760.51,551760.51,0
20251230,150000,551760.53,551760.96,551760.53,551760.96,0
20251231,090000,542711.7,546934.08,542711.7,546934.08,0
20251231,100000,547133.8,548704.52,547133.8,548704.52,0
20251231,110000,548796.08,549689.67,548796.08,549689.67,0
20251231,120000,549753.65,550297.22,549753.65,550297.22,0
20251231,130000,550297.21,550297.22,550297.21,550297.22,0
20251231,140000,550297.17,550297.17,550297.17,550297.17,0
20251231,150000,550297.32,550298.32,550294.61,550294.61,0
20251231,160000,550294.74,550295.61,550294.74,550295.61,0
20260104,090000,548371.69,548476,542990.88,542990.88,0
20260104,100000,542859.34,542859.34,542544.45,542553.49,0
20260104,110000,542531.11,542558.86,542508.83,542542.42,0
20260104,120000,542554.63,542716.92,542554.63,542716.92,0
20260104,140000,542716.87,542716.87,542716.87,542716.87,0
20260104,150000,542716.12,542716.12,542715.87,542715.88,0
20260105,090000,548365.61,552338.69,548365.61,552324.22,0
20260105,100000,552343.44,552489.47,552276.27,552352.41,0
20260105,110000,552306.79,552306.79,551847.9,551847.9,0
20260105,120000,551825.3,551825.3,551533.2,551533.2,0
20260105,140000,551533.19,551533.19,551533.15,551533.15,0
20260105,150000,551533.14,551533.14,551533.04,551533.04,0
20260106,090000,560161.2,562112.47,560161.2,562112.47,0
20260106,100000,562153.05,563163.81,562153.05,563163.81,0
20260106,110000,563192.32,563676.5,563192.32,563676.5,0
20260106,120000,563709.83,563898.11,563709.83,563898.11,0
20260106,150000,563898.09,563898.09,563898.09,563898.09,0
20260106,160000,563897.66,563897.66,563897.66,563897.66,0
20260107,090000,572991.64,572991.64,562772.49,562772.49,0
20260107,100000,562665.93,562665.93,562076.12,562076.12,0
20260107,110000,562052.78,562052.78,561740.03,561740.03,0
20260107,120000,561680.86,561680.86,561389.75,561389.75,0
20260107,140000,561389.77,561389.77,561389.77,561389.77,0
20260107,150000,561390.02,561390.02,561390.02,561390.02,0
20260110,090000,548951.11,550227.3,548610.19,550227.3,0
20260110,100000,550328.94,551130.13,550328.94,551130.13,0
20260110,110000,551162.29,551162.29,551058.29,551058.29,0
20260110,120000,551033.5,551033.5,550848.01,550848.01,0
20260110,140000,550847.79,550847.79,550842.47,550842.47,0
20260110,150000,550842.48,550843.65,550842.48,550843.65,0
20260111,090000,544262.38,547187.96,544262.38,546843.28,0
20260111,100000,546725.49,546725.49,545715.75,545715.75,0
20260111,110000,545702.57,545989.83,545669.61,545989.83,0
20260111,120000,546077.26,546497.51,546077.26,546497.51,0
20260111,140000,546497.5,546498.65,546496.44,546496.44,0
20260111,150000,546494.19,546494.19,546443.89,546461.53,0
20260111,160000,546459.8,546459.8,546457.26,546458.24,0
20260111,170000,546458.25,546458.29,546458.25,546458.29,0
20260112,090000,553843.55,557185.52,553843.55,557086.67,0
20260112,100000,557028.5,557028.5,556294.01,556294.01,0
20260112,110000,556159.56,556159.56,555031.18,555031.18,0
20260112,120000,554952.08,554952.08,554482.68,554482.68,0
20260112,140000,554483.04,554483.04,554482.74,554482.74,0
20260112,150000,554479.78,554479.78,554479.66,554479.66,0
20260112,160000,554479.52,554481.06,554440.51,554440.51,0
20260113,090000,558576.82,558867.41,553553.02,553553.02,0
20260113,100000,553297.03,553297.03,552079.58,552079.58,0
20260113,110000,551934.4,551934.4,550640.46,550640.46,0
20260113,120000,550551.74,550551.74,550117.64,550117.64,0
20260113,130000,550117.65,550117.65,550117.65,550117.65,0
20260113,140000,550118.03,550118.6,550117.52,550117.52,0
20260113,150000,550117.82,550119.09,550115.5,550115.5,0
20260113,160000,550115.71,550115.79,550115.71,550115.79,0
20260113,180000,550115.78,550115.78,550115.78,550115.78,0
20260114,090000,541190.26,541190.26,539026.56,539026.56,0
20260114,100000,539001.1,539001.1,538772.56,538905.67,0
20260114,110000,538954.45,539417.97,538954.45,539402.57,0
20260114,120000,539456.76,539821.34,539456.76,539821.34,0
20260114,140000,539821.35,539821.35,539821.35,539821.35,0
20260114,150000,539821.34,539821.34,539820.22,539820.22,0
20260118,090000,546109.27,548837.62,546109.27,548325.19,0
20260118,100000,548205.62,548205.62,547440.74,547440.74,0
20260118,110000,547398.11,547398.11,547319.41,547319.41,0
20260118,120000,547317.53,547408.63,547315.41,547408.61,0
20260118,140000,547408.47,547408.47,547408.47,547408.47,0
20260118,150000,547408.48,547409.88,547408.48,547409.88,0
20260118,160000,547410.01,547410.39,547410.01,547410.39,0
20260119,090000,554867.84,556066.26,554867.84,555677.63,0
20260119,100000,555582.67,555582.67,553438.53,553438.53,0
20260119,110000,553272.53,553272.53,552403.84,552403.84,0
20260119,120000,552313.49,552313.49,551916.33,551916.33,0
20260119,140000,551916.34,551916.34,551916.34,551916.34,0
20260119,170000,551916.33,551916.33,551910.69,551910.81,0
20260120,090000,554686.23,554686.23,551301.51,551986.31,0
20260120,100000,552216.05,554280.31,552216.05,554280.31,0
20260120,110000,554415.3,555579.33,554415.3,555579.33,0
20260120,120000,555638.93,555848.23,555638.93,555848.23,0
20260120,140000,555847.96,555848.5,555847.96,555848.5,0
20260120,150000,555848.48,555848.5,555848.35,555848.5,0
20260120,160000,555848.55,555849.22,555848.55,555849.22,0
20260120,180000,555655.62,555655.62,555655.62,555655.62,0
20260121,090000,560434.94,561654.94,560434.94,561654.94,0
20260121,100000,561660.49,561803.21,561614.44,561634.53,0
20260121,110000,561616.85,562110.59,561616.85,562110.59,0
20260121,120000,562154.99,562397.97,562154.99,562397.97,0
20260121,140000,562397.84,562398.01,562397.78,562398.01,0
20260121,150000,562398.03,562399.57,562398.03,562399.52,0
20260121,160000,562399.56,562401.58,562393.38,562393.38,0
20260124,090000,561659.52,561659.52,555038.59,555038.59,0
20260124,100000,554920.09,554920.09,553908.68,553908.68,0
20260124,110000,553830.91,553830.91,553654.38,553654.38,0
20260124,120000,553626.98,553943.18,553490.1,553490.11,0
20260124,130000,553490.12,553490.12,553490.12,553490.12,0
20260124,140000,553490.25,553490.25,553489.92,553489.92,0
20260124,150000,553490.12,553490.12,553490.12,553490.12,0
20260124,180000,553461.94,553461.94,553461.94,553461.94,0
20260125,090000,541959.7,541959.7,540968.53,540968.53,0
20260125,100000,540939.71,540960.8,540790.89,540941.56,0
20260125,110000,540910.22,540910.22,540821.08,540821.08,0
20260125,120000,540818.8,540877.73,540815.69,540872.15,0
20260125,140000,540872.14,540872.14,540872.14,540872.14,0
20260125,150000,540872.21,540872.21,540872.21,540872.21,0
20260126,090000,528462.05,528462.05,528083.9,528083.9,0
20260126,100000,528088.29,528099.4,527565.64,527565.64,0
20260126,110000,527565.73,527565.73,527410.48,527412.11,0
20260126,120000,527410.58,527410.58,527380.2,527380.2,0
20260126,140000,527380.04,527380.04,527379.91,527379.97,0
20260126,150000,527379.99,527380.03,527379.99,527380.03,0
20260127,090000,514621.43,515663.94,514621.43,515663.94,0
20260127,100000,515719.6,515978.7,515719.6,515853.7,0
20260127,110000,515856.31,515856.31,515788.27,515799.51,0
20260127,120000,515802.26,515886.08,515799.93,515886.08,0
20260127,130000,515922.54,515922.54,515922.54,515922.54,0
20260127,150000,515921.81,515921.81,515921.81,515921.81,0
20260128,090000,507814.73,508653.05,507814.73,508653.05,0
20260128,100000,508633.74,508700.25,508593,508700.25,0
20260128,110000,508744.17,509073.24,508744.17,509073.24,0
20260128,120000,509087.82,509125.98,509077.89,509125.98,0
20260128,150000,509125.85,509127.05,509125.79,509127.05,0
20260128,160000,509127.11,509127.13,509127.11,509127.13,0
20260131,090000,507354.97,507838.73,501999.53,501999.53,0
20260131,100000,501828.47,501828.47,500594.34,500594.34,0
20260131,110000,500566.26,500566.26,500285.35,500285.35,0
20260131,120000,500267.35,500267.35,500093.02,500093.02,0
20260131,140000,500091.2,500091.2,500090.6,500090.83,0
20260131,150000,500091.51,500091.61,500091.51,500091.61,0
20260131,160000,500091.63,500091.66,500091.63,500091.66,0
20260201,090000,494325.92,495085.93,494325.92,494590.26,0
20260201,100000,494675.67,495681.94,494675.67,495681.94,0
20260201,110000,495815.83,497244.35,495815.83,497244.35,0
20260201,120000,497308.07,498020.88,497308.07,498020.88,0
20260201,140000,498020.27,498020.27,498013.63,498013.63,0
20260201,150000,498013.98,498014.9,498013.98,498014.9,0
20260201,160000,498015.72,498016.27,498015.72,498016.27,0
20260201,180000,498012.71,498012.71,498012.71,498012.71,0
20260202,090000,505021.87,506639.06,505021.87,506437.37,0
20260202,100000,506398.82,506398.82,505930.37,505942.73,0
20260202,110000,505911.75,505911.75,505641.62,505641.62,0
20260202,120000,505606.34,505606.34,505385.13,505385.13,0
20260202,150000,505385.12,505385.12,505384.83,505384.83,0
20260203,090000,510277.25,510277.25,504418.53,504418.53,0
20260203,100000,504089.61,504089.61,503035.01,503039.95,0
20260203,110000,503024.75,503024.75,502611.74,502611.74,0
20260203,120000,502566.36,502566.36,502441.69,502508.55,0
20260203,140000,502508.61,502508.61,502501.07,502501.07,0
20260203,160000,502501.09,502501.09,502491.86,502492.26,0
20260203,170000,502492.17,502493.46,502489.44,502489.44,0
20260204,090000,510277.25,510277.25,504418.53,504418.53,0
20260204,100000,504089.61,504089.61,503035.01,503039.95,0
20260204,110000,503024.75,503024.75,502611.74,502611.74,0
20260204,120000,502566.36,502566.36,502441.69,502508.55,0
20260204,140000,502508.61,502508.61,502501.07,502501.07,0
20260204,160000,502501.09,502501.09,502491.86,502492.26,0
20260204,170000,502492.17,502493.46,502489.44,502489.44,0
20260207,090000,511016.48,513146.11,511016.48,513146.11,0
20260207,100000,513194.12,513742.98,513194.12,513742.98,0
20260207,110000,513754.34,513837.84,513754.34,513795.85,0
20260207,120000,513852.48,513852.48,513820.09,513824.82,0
20260207,150000,513829.44,513829.44,513829.44,513829.44,0
20260208,090000,522218.47,522228.96,517053.41,517053.41,0
20260208,100000,516703.08,516703.08,513640.62,513640.62,0
20260208,110000,513509.39,513509.39,512110.5,512110.5,0
20260208,120000,512069.22,512069.22,511625.43,511625.43,0
20260208,140000,511625.49,511625.49,511622.98,511622.98,0
20260208,150000,511622.46,511626.6,511622.46,511626.6,0
20260209,090000,506653.79,506653.79,502671.36,502671.36,0
20260209,100000,502599,502599,502062.35,502062.35,0
20260209,110000,502031.67,502031.67,501743.87,501743.87,0
20260209,120000,501578.73,501578.73,501455.31,501455.32,0
20260209,140000,501455.42,501455.63,501454.57,501454.57,0
20260210,090000,498113.5,499235.43,498113.5,499206.71,0
20260210,100000,499219.57,499317.88,499219.19,499232.01,0
20260210,110000,499193.33,499193.33,498935,498935,0
20260210,120000,498935.11,499074.96,498935.11,498983.91,0
20260210,140000,498976.89,498976.89,498969.17,498969.17,0
20260210,150000,498969.24,498970.27,498966.67,498966.67,0
20260214,090000,503278.53,504903,503081.74,503081.74,0
20260214,100000,502843.72,502843.72,499674.42,499674.42,0
20260214,110000,499411.55,499411.55,497575.95,497575.95,0
20260214,120000,497302.87,497302.87,496402.36,496402.36,0
20260214,130000,496402.32,496402.32,496402.31,496402.31,0
20260214,150000,496403.38,496403.46,496402.76,496402.87,0
20260215,090000,491383.01,491383.01,488161.32,488161.32,0
20260215,100000,488119.24,488119.24,487223.06,487223.06,0
20260215,110000,487185.75,487185.75,486926.42,486926.42,0
20260215,120000,486914.31,486914.31,486706.09,486706.09,0
20260215,140000,486705.97,486705.97,486705.97,486705.97,0
20260215,180000,486568.28,486568.28,486568.28,486568.28,0
20260216,090000,482801.77,483295.56,482578.12,483295.56,0
20260216,100000,483422.1,483832.14,483422.1,483809.11,0
20260216,110000,483838.63,484146.86,483838.63,484146.86,0
20260216,120000,484166.02,484456.35,484156.02,484453.85,0
20260216,140000,484453.84,484453.84,484453.84,484453.84,0
20260216,150000,484453.97,484453.97,484451.26,484451.38,0
20260216,160000,484451.4,484451.42,484406.79,484406.79,0
20260216,170000,484406.73,484406.73,484406.64,484406.64,0
20260217,090000,488630.49,489011.64,488285.5,488293.72,0
20260217,100000,488280.88,488280.88,487684.74,487684.74,0
20260217,110000,487668.36,487883.2,487668.36,487883.2,0
20260217,120000,487921.51,488076.58,487921.51,488076.58,0
20260217,140000,488076.11,488076.11,488076.11,488076.11,0
20260217,150000,488076.83,488078.59,488076.83,488078.59,0
20260217,180000,487766.62,487766.62,487766.62,487766.62,0
20260218,090000,492401.23,492531.75,490069.99,490069.99,0
20260218,100000,489975.54,489975.54,487758.01,487758.01,0
20260218,110000,487597.42,487597.42,486247.47,486247.47,0
20260218,120000,486194.89,486201.84,486029.48,486155.57,0
20260218,130000,486155.59,486155.59,486155.59,486155.59,0
20260218,140000,486154.32,486154.32,486154.32,486154.32,0
20260218,150000,486150.02,486150.02,486145.66,486145.66,0
20260218,160000,486145.68,486145.68,486142.41,486142.91,0
20260218,170000,486143.05,486143.24,486143.05,486143.16,0
20260218,180000,486143.03,486143.03,486143.03,486143.03,0
20260221,090000,478271.56,478271.56,475618.11,475618.11,0
20260221,100000,475583.14,475583.14,474940.36,474967.24,0
20260221,110000,474978.57,474978.57,474894.52,474894.52,0
20260221,120000,474872.65,474887,474872.65,474886.4,0
20260221,130000,474885.24,474885.24,474885.24,474885.24,0
20260222,090000,466092.03,466092.03,465799.51,466014.71,0
20260222,100000,466032.15,466179.88,465538.45,465779.94,0
20260222,110000,465805.36,466110.84,465804.52,466110.84,0
20260222,120000,466150.19,466433.09,466150.19,466433.09,0
20260222,130000,466433.41,466433.41,466431.31,466431.31,0
20260222,140000,466431.32,466431.35,466431.32,466431.35,0
20260223,090000,470634.2,472438.78,470634.2,471495.63,0
20260223,100000,471458.38,471458.38,471057.73,471122.96,0
20260223,110000,471163.93,471218.73,470943.17,470943.17,0
20260223,120000,470876.18,470876.18,470650.42,470656.18,0
20260223,130000,470656.19,470656.19,470656.19,470656.19,0
20260223,140000,470656.28,470658.23,470656.28,470658.23,0
20260224,090000,469896.49,469896.49,466731.52,466837.44,0
20260224,100000,466878.21,467382.29,466878.21,467382.29,0
20260224,110000,467435.74,467618.6,467434.25,467606.29,0
20260224,120000,467621.93,467791.36,467621.93,467791.36,0
20260224,130000,467791.35,467791.35,467791.35,467791.35,0
20260224,140000,467791.44,467791.89,467788.71,467788.71,0
20260224,150000,467788.09,467788.09,467787.35,467787.65,0
20260224,180000,467217.33,467217.33,467217.33,467217.33,0
20260225,090000,468863.46,472522.86,468863.46,472522.86,0
20260225,100000,472515.14,472704.69,472240.31,472240.31,0
20260225,110000,472196.28,472205.65,471658.5,471658.5,0
20260225,120000,471561.55,471561.55,471278.97,471299.3,0
20260519,090000,464677.12,466292.11,464677.12,466292.11,0
20260519,100000,466453.93,466845.02,466453.93,466845.02,0
20260519,110000,467021.97,467438.17,467021.97,467438.17,0
20260519,120000,467597.65,468182.58,467597.65,468182.58,0
20260519,130000,468210.98,468290.55,468210.98,468290.55,0
20260519,140000,468290.56,468290.65,468290.56,468290.65,0
20260519,150000,468290.66,468290.66,468290.65,468290.65,0
20260519,160000,468290.66,468292.79,468290.66,468292.76,0
20260519,170000,468292.77,468292.81,468292.77,468292.81,0
20260520,090000,472185.87,473066.98,472185.87,473066.98,0
20260520,100000,473107.56,473477.29,473107.56,473477.29,0
20260520,110000,473495.41,474157.44,473495.41,474080.15,0
20260520,120000,474095.03,474698.12,474095.03,474698.12,0
20260520,130000,474738.55,474777.89,474727.05,474777.89,0
20260520,140000,474778.17,474779.12,474778.17,474779.12,0
20260520,150000,474779.97,474784.86,474779.97,474784.83,0
20260520,160000,474784.81,474785.23,474784.76,474785.23,0
20260520,170000,474785.4,474786.62,474785.4,474786.62,0
20260523,090000,481894.86,482540.86,481894.86,482540.86,0
20260523,100000,482547.49,483990.23,482547.49,483990.23,0
20260523,110000,483990.89,486416.29,483851.85,486416.29,0
20260523,120000,486440.22,489307.57,486288.05,489307.57,0
20260523,130000,489320.54,489388.35,489175.52,489388.35,0
20260523,140000,489388.99,489388.99,489388.99,489388.99,0
20260523,150000,489390.07,489390.31,489390.07,489390.31,0
20260523,180000,488847.06,488847.06,488847.06,488847.06,0
20260524,090000,498394.44,499487.84,498394.44,499487.84,0
20260524,100000,499487.82,503398.57,499487.47,502882.31,0
20260524,110000,502888.71,503241.4,502149.77,503241.4,0
20260524,120000,504166.02,505160.41,504166.02,504835.08,0
20260524,130000,504850.66,504908.2,504850.66,504908.2,0
20260524,170000,504472.28,504472.28,504472.28,504472.28,0
20260525,090000,515169.32,515213.32,514833.97,514833.97,0
20260525,100000,514835.29,515537.41,514835.29,515490.52,0
20260525,110000,515481.77,515970.46,515476.31,515899.15,0
20260525,120000,515888.31,515888.31,515802.68,515802.68,0
20260525,130000,515792.95,515792.95,515715.93,515715.93,0
20260525,150000,515715.79,515715.79,515715.79,515715.79,0
20260525,170000,515537.89,515537.89,515537.89,515537.89,0
20260526,090000,521231.17,522146.57,520957.78,522146.57,0
20260526,100000,522234.77,522972.97,522234.77,522972.97,0
20260526,110000,523036.9,523432.48,523036.9,523432.48,0
20260526,120000,523468.1,524384.94,523468.1,524384.94,0
20260526,130000,524398.15,524493.17,524398.15,524493.17,0
20260526,150000,524492.85,524492.85,524492.29,524492.29,0
20260526,170000,523997.67,523997.67,523997.67,523997.67,0
20260530,090000,535625.75,536395.77,535625.75,536395.77,0
20260530,100000,537239.64,537256.56,536701.52,537018.19,0
20260530,110000,537020.93,537544.34,537020.93,537544.34,0
20260530,120000,537546.71,537559.35,537546.71,537559.02,0
20260530,130000,537559.45,537565.87,537559.45,537565.87,0
20260530,170000,537152.32,537152.32,537152.32,537152.32,0
20260531,090000,549791.77,550214.24,549791.77,550214.24,0
20260531,100000,550219.25,551993.37,550219.25,551956.47,0
20260531,110000,551956.13,552087.54,551956.13,552087.54,0
20260531,120000,552088.3,552115.09,552088.3,552115.09,0
20260531,130000,552115.66,552117.72,552115.42,552117.72,0
20260531,180000,551987.25,551987.25,551987.25,551987.25,0
20260601,090000,563981.17,563981.17,562781.39,562781.39,0
20260601,100000,562577.45,562577.45,561286.19,561286.19,0
20260601,110000,561255.92,561406.48,561125.62,561354.93,0
20260601,120000,561338.34,561338.34,561136.73,561136.73,0
20260601,130000,561123.42,561123.42,561041.66,561041.66,0
20260601,150000,561041.68,561041.68,561041.68,561041.68,0
20260602,090000,565292.52,565292.52,562957.97,563786.46,0
20260602,100000,563891.96,564880.55,563891.96,564880.55,0
20260602,110000,564933.47,565839.57,564933.47,565839.57,0
20260602,120000,565926.37,566105.51,565926.37,566105.51,0
20260602,130000,566109.14,566115.14,566097.55,566098.38,0
20260602,150000,566098.36,566098.36,566098.32,566098.36,0
20260602,160000,566098.37,566098.41,566098.37,566098.41,0
20260602,170000,566098.4,566098.4,566098.37,566098.37,0
20260602,180000,566098.38,566098.44,566098.38,566098.44,0
20260603,090000,568825.21,568825.21,565744.72,565744.72,0
20260603,100000,565736.88,566200.05,565702.62,566200.05,0
20260603,110000,566237.29,566462.68,566237.29,566462.68,0
20260603,120000,566462.72,566508.15,566462.72,566508.15,0
20260603,130000,566509.01,566514.66,566506.46,566512.28,0
20260603,150000,566512.27,566512.46,566512.25,566512.46,0
20260603,160000,566512.5,566512.54,566512.5,566512.54,0
20260606,090000,569648.65,569648.65,568253.64,568693.84,0
20260606,100000,568847.98,570125.03,568847.98,570125.03,0
20260606,110000,570281.62,571270.2,570281.62,571270.2,0
20260606,120000,571322.42,571646.22,571322.42,571646.22,0
20260606,150000,571646.47,571648.75,571646.47,571648.75,0
20260606,170000,571407.79,571407.79,571407.79,571407.79,0
20260607,090000,582464.34,584199.92,582464.34,584199.92,0
20260607,100000,584209.01,585028.94,584203.47,585028.94,0
20260607,110000,585026.55,585403.43,585005.1,585391.49,0
20260607,120000,585391.95,586201.19,585391.95,586201.19,0
20260607,150000,586201.18,586201.18,586201.18,586201.18,0
20260608,090000,577616.94,578672.72,577616.94,578672.72,0
20260608,100000,578698.47,578724.2,578548.1,578548.1,0
20260608,110000,578545.32,578605.21,578545.32,578550.74,0
20260608,120000,578519.76,578519.76,578439.88,578439.89,0
20260608,150000,578424.06,578424.15,578406.4,578406.4,0
20260609,090000,590887.12,591844.39,590887.12,591844.39,0
20260609,100000,591851.11,592281.48,591851.11,592275.07,0
20260609,110000,592657.39,592791.3,592641.15,592764.44,0
20260609,120000,592761.91,592885.22,592745.22,592885.22,0
20260609,140000,592885.15,592885.15,592885.09,592885.09,0
20260609,160000,592884.91,592884.91,592884.91,592884.91,0
20260609,180000,592209.22,592209.22,592209.22,592209.22,0
20260610,090000,601057.72,601057.72,598948.62,599453.46,0
20260610,100000,599511.76,599978.64,599511.76,599978.64,0
20260610,110000,599989.31,600226.09,599966.08,600226.09,0
20260610,120000,600264.51,600694.77,600264.51,600694.77,0
20260610,140000,600694.76,600694.76,600694.76,600694.76,0
20260610,150000,600694.66,600694.66,600694.66,600694.66,0
20260610,160000,600694.46,600694.46,600693.51,600693.51,0
20260610,170000,600692.41,600692.41,600692.4,600692.4,0
20260613,090000,613773.78,614025.11,613773.78,614025.11,0
20260613,100000,614025.29,616390.85,614025.29,615083.53,0
20260613,110000,615083.94,615675.98,615083.94,615675.98,0
20260613,120000,615676.38,615731.9,615676.38,615731.9,0
20260613,170000,614968.37,614968.37,614968.37,614968.37,0
20260614,090000,629186.05,629375.84,629186.05,629375.84,0
20260614,100000,629379.13,630077.51,629379.13,630077.31,0
20260614,110000,630078.97,630757.4,630078.97,630756.09,0
20260614,120000,630776.98,631282.52,630776.98,631282.52,0
20260614,180000,630734.17,630734.17,630734.17,630734.17,0
20260615,090000,645726.9,645847.12,645726.9,645845.15,0
20260615,100000,645845.26,646273.07,645843.57,646273.07,0
20260615,110000,646272.98,648140.15,646272.85,648019.69,0
20260615,120000,648020.12,649417.56,648019.89,648778.05,0
20260616,090000,663300.05,663300.05,658922.06,658922.06,0
20260616,100000,658563.39,658563.39,656095.71,656095.71,0
20260616,110000,656031.66,656031.66,655522.55,655660.57,0
20260616,120000,655617.76,655737.84,655496.27,655496.27,0
20260616,140000,655496.2,655496.2,655495.03,655495.03,0
20260616,150000,655494.86,655494.86,655456.4,655456.4,0
20260616,160000,655453.35,655453.42,655453.35,655453.42,0
20260616,180000,655142.46,655142.46,655142.46,655142.46,0
20260617,090000,654001.89,654001.89,650898.81,652258.38,0
20260617,100000,652392.48,653772.54,652392.48,653772.54,0
20260617,110000,653842.77,654389.3,653842.77,654389.3,0
20260617,120000,654441.77,655319.79,654441.77,655319.79,0
20260617,150000,655319.73,655319.89,655319.73,655319.89,0
20260617,160000,655319.9,655319.9,655300.18,655300.18,0
20260617,170000,655300.12,655300.12,655300.12,655300.12,0
20260620,090000,662994.91,662994.91,659234,659234,0
20260620,100000,658970.17,658970.17,656964.67,656964.67,0
20260620,110000,656815.69,656815.69,655908.27,655908.27,0
20260620,120000,655834.71,655834.71,655017.8,655017.8,0
20260620,140000,655019.3,655036.63,655019.3,655036.63,0
20260620,150000,655038.05,655057.29,654995.55,655056.31,0
20260620,160000,655056.4,655056.6,655056.4,655056.6,0
20260620,180000,653685.94,653685.94,653685.94,653685.94,0
20260621,090000,653399.62,653399.62,650839.48,650839.48,0
20260621,100000,650812.96,651929.21,650812.53,651225.3,0
20260621,110000,651129.71,651129.71,648962.15,648962.15,0
20260621,120000,648891.58,648891.58,648383.99,648383.99,0
20260621,140000,648381.28,648381.28,648381.28,648381.28,0
20260621,150000,648376.71,648376.71,648376.33,648376.33,0
20260621,160000,648376.34,648376.34,648376.34,648376.34,0
20260621,180000,647300.43,647300.43,647300.43,647300.43,0
20260622,090000,640103.92,640103.92,639099.03,639126.75,0
20260622,100000,639159.2,639159.2,638035.28,638035.28,0
20260622,110000,638023.13,638568.25,638023.13,638568.25,0
20260622,120000,638669.96,639162.81,638669.96,639162.81,0
20260622,140000,639162.67,639202.97,639154.74,639202.97,0
20260622,160000,639199.94,639200.45,639199.28,639200.45,0
20260623,090000,644977.91,647839.7,644977.91,647379,0
20260623,100000,647146.39,647146.39,645379.67,645379.67,0
20260623,110000,645310.92,645310.92,644951.3,644951.3,0
20260623,120000,644943.34,644943.34,644812.41,644860.88,0
20260623,140000,644860.86,644860.86,644860.86,644860.86,0
20260623,160000,644860.87,644860.88,644860.87,644860.88,0
20260627,090000,650771.3,650771.3,646610.15,646610.15,0
20260627,100000,646580.59,646685.92,645941.41,645941.41,0
20260627,110000,645835.85,645835.85,645235.77,645235.77,0
20260627,120000,645150.52,645150.52,644875.01,644875.01,0
20260627,140000,644874.99,644874.99,644874.99,644874.99,0
20260627,160000,644875.03,644876.01,644875.03,644876.01,0
20260628,090000,637481.65,637481.65,635308.14,635485.11,0
20260628,100000,635476.38,635577.02,635284.52,635284.52,0
20260628,110000,635274.93,635274.93,635077.61,635077.61,0
20260628,120000,635060.98,635060.98,635032.19,635040.39,0
20260628,140000,635040.53,635040.87,635040.53,635040.87,0
20260628,150000,635040.9,635041,635040.9,635041,0
20260628,180000,634937.56,634937.56,634937.56,634937.56,0
20260629,090000,630859.56,635387.5,630859.56,634669.24,0
20260629,100000,634426.71,634426.71,634202.54,634315,0
20260629,110000,634364.76,635165.7,634364.76,635165.7,0
20260629,120000,635247.85,635946.32,635247.85,635946.32,0
20260629,150000,635946.3,635946.46,635942.41,635942.41,0
20260629,170000,635942.4,635942.4,635942.4,635942.4,0
20260630,090000,645731.48,647963.73,645731.48,647963.73,0
20260630,100000,647904.28,647904.28,646794.83,646794.83,0
20260630,110000,646758.75,646758.75,646317.15,646317.15,0
20260630,120000,646359.64,646359.64,646265.81,646301.82,0
20260630,150000,646301.8,646301.8,646298.52,646299.79,0
20260630,180000,646160.66,646160.66,646160.66,646160.66,0
20260701,090000,652771.43,652771.43,651739.82,652344.19,0
20260701,100000,652413.08,654104.36,652413.08,654104.36,0
20260701,110000,654218.87,655378.36,654218.87,655378.36,0
20260701,120000,655421.71,655629.69,655421.71,655629.69,0
20260701,140000,655629.7,655629.97,655629.57,655629.57,0
20260701,160000,655629.2,655629.2,655624.7,655624.7,0
20260707,090000,666221.25,666930.03,666221.25,666930.03,0
20260707,100000,666975.33,668162.11,666975.33,668162.11,0
20260707,110000,668171.65,668452.41,668171.65,668452.41,0
20260707,120000,668457.25,668618.15,668457.25,668618.15,0
20260707,130000,668618.14,668618.14,668618.14,668618.14,0
20260707,160000,668618.04,668618.04,668618.04,668618.04,0
20260707,170000,668081.66,668081.66,668081.66,668081.66,0
20260708,090000,668548.73,669206.05,667653.48,668648.33,0
20260708,100000,668515.33,668515.33,668050.25,668182.22,0
20260708,110000,668171.38,668203.21,668116.39,668116.39,0
20260708,120000,667767.53,667767.53,665475.83,665475.83,0
20260708,140000,665475.27,665475.27,665474.48,665474.48,0
20260708,150000,665474.2,665474.2,665472.69,665472.69,0
20260708,180000,665016.01,665016.01,665016.01,665016.01,0
20260711,090000,657613.02,657614.71,656259.96,656259.96,0
20260711,100000,656161.24,656161.24,655415.68,655415.68,0
20260711,110000,655443.93,655929.55,655443.93,655929.55,0
20260711,120000,655963.71,656174.47,655963.71,656174.47,0
20260711,140000,656174.46,656174.46,656174.37,656174.37,0
20260711,160000,656173.69,656173.69,656173.69,656173.69,0
20260711,180000,655834.67,655834.67,655834.67,655834.67,0
20260712,090000,642308.85,642397.62,642110.16,642397.62,0
20260712,100000,642411.09,642515.7,642311.69,642515.7,0
20260712,110000,642527.85,642632.03,642527.85,642632.03,0
20260712,120000,642498.37,642623.66,642498.37,642623.66,0
20260712,140000,642623.9,642623.9,642623.76,642623.76,0
20260713,090000,630468.41,633544.17,630468.41,633544.17,0
20260713,100000,633699.56,634448.13,633699.56,634448.13,0
20260713,110000,634473.02,635492.09,634473.02,635492.09,0
20260713,120000,635581.58,635907.9,635581.58,635907.9,0
20260713,160000,635908.19,635910.1,635908.19,635909.9,0
20260713,170000,635909.82,635909.82,635909.61,635909.61,0
20260713,180000,635909.62,635909.72,635909.62,635909.72,0
20260714,090000,630851.86,630960.86,630502.39,630960.86,0
20260714,100000,631009.12,632645.61,631009.12,632645.61,0
20260714,110000,632713.26,633331.47,632713.26,633331.47,0
20260714,120000,633369.34,633510.71,633369.34,633510.71,0
20260714,140000,633510.74,633510.86,633510.74,633510.86,0
20260714,150000,633510.87,633510.87,633508.58,633508.59,0
20260714,180000,633089.46,633089.46,633089.46,633089.46,0
20260715,090000,635902.27,637535.55,635902.27,637535.55,0
20260715,100000,637459.02,637459.02,636028.23,636028.23,0
20260715,110000,635929.22,635929.22,634931.26,634931.26,0
20260715,120000,634867.05,634867.05,634400.14,634400.15,0
20260715,140000,634400.28,634400.28,634400.28,634400.28,0
20260715,150000,634400.37,634401.13,634346.37,634346.44,0
20260715,160000,634346.24,634346.24,634346.16,634346.16,0
20260718,090000,624275.57,624275.57,622307.15,622307.15,0
20260718,100000,622305.12,622305.12,621596.1,621597.97,0
20260718,110000,621630.92,621728.78,621547.38,621547.38,0
20260718,120000,621565.68,621863.07,621513.77,621863.07,0
20260718,140000,621863.1,621863.71,621863.1,621863.71,0
20260718,150000,621864.52,621865.3,621864.52,621864.74,0
20260718,160000,621864.72,621864.72,621864.68,621864.68,0
20260718,170000,621269.55,621269.55,621269.55,621269.55,0
20260719,090000,615010.23,618753.88,615010.23,618753.88,0
20260719,100000,618799.76,619575.22,618799.76,619575.22,0
20260719,110000,619590.77,620033.72,619581.58,620033.72,0
20260719,120000,620083.72,620695.51,620083.72,620695.51,0
20260719,140000,620695.52,620695.52,620695.52,620695.52,0
20260719,150000,620704.47,620704.49,620704.47,620704.49,0
20260719,160000,620704.51,620704.83,620704.51,620704.83,0
20260719,170000,620704.84,620704.84,620704.84,620704.84,0
20260719,180000,618936.47,618936.47,618936.47,618936.47,0
20260720,090000,627365.73,629497.3,627365.73,629450.7,0
20260720,100000,629332.4,629332.4,627989.95,627989.95,0
20260720,110000,627903.29,627903.29,627673.43,627757.21,0
20260720,120000,627766.33,628040.66,627766.33,628040.63,0
20260720,140000,628040.67,628040.67,628040.67,628040.67,0
20260720,150000,628040.79,628043.42,628040.79,628043.42,0
20260720,170000,627101.83,627101.83,627101.83,627101.83,0
20260721,090000,636208.62,637668.06,636208.62,637668.06,0
20260721,100000,637701.75,639467.01,637701.75,639467.01,0
20260721,110000,639475.01,639661.56,639472.76,639658.83,0
20260721,120000,639659.08,639693.86,639659.08,639693.86,0
20260721,170000,637814.28,637814.28,637814.28,637814.28,0
20260722,090000,645612.98,645612.98,642150.74,642150.74,0
20260722,100000,642082.65,642260.31,641931.23,642260.31,0
20260722,110000,642269.76,642347.42,642229.69,642306.78,0
20260722,120000,642288.07,642288.07,642233.61,642233.61,0
20260722,140000,642234.29,642236.87,642234.29,642236.8,0
20260722,160000,642237.21,642238.46,642237.21,642238.43,0
20260722,180000,639864.82,639864.82,639864.82,639864.82,0
20260725,090000,646638.09,646638.09,644299.4,644299.4,0
20260725,100000,644109.75,644109.75,643220.03,643246.99,0
20260725,110000,643230.31,643240.13,643137.74,643137.74,0
20260725,120000,643124.42,643571.28,643124.42,643571.28,0
20260725,130000,643571.23,643571.23,643571.16,643571.16,0
20260725,150000,643571.89,643572.63,643571.89,643572.63,0
20260725,160000,643571.83,643571.83,643571.73,643571.73,0
20260725,180000,641518.13,641518.13,641518.13,641518.13,0
20260726,090000,654153.74,654665.88,654153.74,654662.18,0
20260726,100000,654662.1,655276.69,654603.84,654948.61,0
20260726,110000,654894.43,655281.85,654767.83,655147.35,0
20260726,120000,655491.93,655527.15,655438.22,655468.02,0
20260726,140000,655468.01,655472.78,655468.01,655472.78,0
20260726,150000,655473.2,655473.62,655473.2,655473.62,0
20260726,160000,655432.13,655432.13,655432.13,655432.13,0
20260726,180000,655339.25,655339.25,655339.25,655339.25,0
20260727,090000,665071.07,665071.07,662115.64,662115.64,0
20260727,100000,662039.48,662704.4,661916.75,662161.76,0
20260727,110000,662127.17,662265.82,661977.07,662265.82,0
20260727,120000,662279.57,662348.06,662279.57,662329.45,0
20260727,140000,662329.4,662329.87,662329.4,662329.87,0
20260727,150000,662329.7,662329.7,662329.7,662329.7,0
20260728,090000,668856.24,669310.18,668615.64,669310.18,0
20260728,100000,669423.37,669985.41,669423.37,669985.41,0
20260728,110000,670062.98,670724.12,670062.98,670724.12,0
20260728,120000,670763.2,670907.78,670763.2,670907.16,0
20260728,130000,670907.24,670907.24,670907.24,670907.24,0
20260728,180000,670596.69,670596.69,670596.69,670596.69,0
20260729,090000,670310.92,671488.41,669457.1,671488.41,0
20260729,100000,671666.41,672686.54,671666.41,672686.54,0
20260729,110000,672741.4,673404.12,672741.4,673404.12,0
20260729,120000,673438.15,673536.98,673438.15,673536.98,0
20260729,150000,673536.62,673537.19,673526.85,673526.87,0
20260729,160000,673526.89,673526.93,673523.84,673523.84,0
20260729,170000,673517.04,673517.04,673472.2,673512.23,0
20260801,090000,678046.45,678046.45,676198.83,676358.5,0
20260801,100000,676421.27,677542.94,676421.27,677395.25,0
20260801,110000,677404.3,677404.3,677098.51,677098.51,0
20260801,120000,677081.94,677081.94,676658.9,676658.9,0
20260801,140000,676658.92,676661.35,676658.92,676661.35,0
20260801,150000,676663.02,676667,676663.02,676667,0
20260802,090000,689212.13,689682.89,686984.78,686984.78,0
20260802,100000,686803.03,686803.03,686164.67,686255.53,0
20260802,110000,686273.34,686551.25,686273.34,686551.25,0
20260802,120000,686592.3,686909,686592.3,686909,0
20260802,140000,686908.99,686908.99,686908.99,686908.99,0
20260802,160000,686908.84,686908.84,686908.79,686908.79,0
20260803,090000,701249.66,703181.91,701249.66,703181.91,0
20260803,100000,703411.51,703502.64,703411.51,703502.64,0
20260803,110000,703508.16,703640.8,703508.16,703634.86,0
20260803,120000,704023.56,704043.58,703998.18,704043.58,0
20260803,160000,704073.63,704073.63,704071.24,704071.24,0
20260803,170000,703859.37,703859.37,703859.37,703859.37,0
20260805,090000,719829.02,720177.78,719829.02,720177.78,0
20260805,100000,720686.99,720712.71,720633.84,720712.71,0
20260805,110000,720703.07,721071.54,720695.57,721071.54,0
20260805,120000,721081.72,721144.01,721081.72,721125.44,0
20260805,160000,721125.46,721125.46,721125.46,721125.46,0
20260805,170000,721125.44,721125.44,721125.44,721125.44,0
20260805,180000,721019.69,721019.69,721019.69,721019.69,0
20260808,090000,737830.37,738174.19,737830.37,738174.19,0
20260808,100000,738166.59,739265.55,738164.12,738544.18,0
20260808,110000,739363.25,739510.47,739331.38,739504.58,0
20260808,120000,739509.09,739509.09,739347.05,739360.54,0
20260809,090000,753570.83,753570.83,742244.7,742244.7,0
20260809,100000,741793.59,741793.59,740294.9,740294.9,0
20260809,110000,740238.37,740241.49,739737.83,739737.83,0
20260809,120000,739737.55,739737.55,739481.4,739481.4,0
20260809,160000,739480.5,739480.5,739480.5,739480.5,0
20260809,180000,739313.61,739313.61,739313.61,739313.61,0
20260810,090000,737942.72,742436.3,737942.72,742436.3,0
20260810,100000,742473.81,743799.8,742473.81,743799.8,0
20260810,110000,743887.69,744767.79,743887.69,744767.79,0
20260810,120000,744896.11,745573.92,744896.11,745573.92,0
20260810,140000,745572.56,745572.56,745572.56,745572.56,0
20260810,170000,745572.64,745572.64,745572.64,745572.64,0
20260811,090000,757580.87,757788.81,754686.02,754686.02,0
20260811,100000,754577.98,754684.94,754174.98,754174.98,0
20260811,110000,754130.63,754130.63,753817.47,753877.44,0
20260811,120000,753826.64,753826.64,753762.29,753797.51,0
20260811,140000,753797.53,753797.53,753797.53,753797.53,0
20260811,150000,753797.52,753797.52,753787.27,753787.27,0
20260811,160000,753778.88,753778.88,753694.26,753760.4,0
20260811,170000,753760.39,753760.39,753760.37,753760.37,0
20260815,090000,759324.59,759324.59,753139.37,753183.06,0
20260815,100000,753276.92,754216.03,753276.92,754216.03,0
20260815,110000,754204.47,754436.98,754185.08,754436.98,0
20260815,120000,754446.3,754509.57,754446.3,754509.57,0
20260815,140000,754509.54,754509.55,754509.38,754509.55,0
20260815,150000,754509.68,754509.82,754509.68,754509.82,0
20260815,160000,754509.86,754509.86,754509.85,754509.85,0
20260815,170000,754509.88,754510.05,754509.88,754510.05,0
20260816,090000,758703.44,762190.63,758703.27,762190.63,0
20260816,100000,762321.86,763080.28,762321.86,763080.28,0
20260816,110000,763105,763852.06,763103.02,763852.06,0
20260816,120000,764099.55,764664.1,764099.55,764664.1,0
20260816,130000,764663.84,764663.84,764663.84,764663.84,0
20260816,140000,764663.83,764663.83,764663.83,764663.83,0
20260816,150000,764663.94,764666.02,764663.94,764665.96,0
20260816,160000,764665.99,764666.11,764665.99,764666.11,0
20260817,090000,780553.91,781541.38,780553.91,781332.46,0
20260817,100000,781305.94,782328.88,781202.76,782055.62,0
20260817,110000,782032.96,782032.96,781837.75,781863.43,0
20260817,120000,781838.27,781838.27,781684.07,781684.07,0
20260817,150000,781684.28,781687.8,781684.28,781687.8,0
20260817,160000,781687.69,781687.69,781687.4,781687.4,0
20260818,090000,788727.75,788727.75,784645.45,784990.51,0
20260818,100000,785029.6,786752.88,785029.6,786752.88,0
20260818,110000,786800.68,787338.52,786681.2,786681.2,0
20260818,120000,786518.2,786518.2,785800.89,785800.89,0
20260818,150000,785800.9,785801.28,785800.9,785801.28,0
20260818,160000,785801.35,785801.41,785801.35,785801.41,0
20260819,090000,785122.11,787145.19,784348.7,787145.19,0
20260819,100000,787295.55,789751.27,787295.55,789751.27,0
20260819,110000,789857.43,791816.68,789857.43,791816.68,0
20260819,120000,791827.12,791967.78,791827.12,791966.4,0
20260819,130000,791966.41,791966.41,791966.41,791966.41,0
20260819,140000,791966.34,791967.45,791966.34,791967.45,0
20260819,150000,791967.58,791971.72,791967.58,791971.72,0
20260819,160000,792003.46,792003.46,792003.46,792003.46,0
20260819,170000,792002.32,792002.32,791995.72,791995.72,0
20260822,090000,805143.53,807315.09,805143.53,806704.74,0
20260822,100000,806570.45,806570.45,806086.77,806086.77,0
20260822,110000,806035.22,806246.52,805970.47,806246.52,0
20260822,120000,806260.54,806314.99,806198.89,806198.89,0
20260822,130000,806198.87,806198.89,806198.87,806198.89,0
20260822,140000,806198.88,806198.88,806198.88,806198.88,0
20260822,150000,806196.43,806196.43,806188.56,806188.84,0
20260822,160000,806188.06,806188.06,806187.83,806187.83,0
20260823,090000,819140.57,819380.29,818800.52,818800.52,0
20260823,100000,818680.86,818680.86,815870.66,815870.66,0
20260823,110000,815311.23,815311.23,812514.16,812514.16,0
20260823,120000,812460.89,812460.89,811860.91,811860.91,0
20260823,140000,811860.85,811861.13,811860.85,811861.13,0
20260823,150000,811861.87,811863.2,811861.87,811863.2,0
20260823,160000,811863.17,811863.17,811863.17,811863.17,0
20260824,090000,810593.5,813721.3,809442.15,813721.3,0
20260824,100000,813923.88,816785.32,813923.88,816673.28,0
20260824,110000,816596.94,816603.73,816244.89,816477.19,0
20260824,120000,816418.6,816418.6,816077.19,816080.81,0
20260824,150000,816081.26,816081.85,816081.26,816081.85,0
20260825,090000,822348.33,825619.64,822348.33,825619.64,0
20260825,100000,825711.01,827158.14,825711.01,827158.14,0
20260825,110000,827205.39,827532.71,827205.39,827427.52,0
20260825,120000,827486.65,827834.16,827486.65,827834.16,0
20260825,140000,827834.17,827834.19,827834.17,827834.19,0
20260825,150000,827834.17,827834.17,827834.17,827834.17,0
20260826,090000,844006.68,845188.61,844006.68,845083.03,0
20260826,100000,845054.62,845188.66,844913.14,844979.01,0
20260826,110000,844949.22,845218.57,844927.36,845217.74,0
20260826,120000,845227.1,845386.23,845227.1,845384.57,0
20260826,140000,845384.55,845384.55,845384.55,845384.55,0
20260829,090000,860000.2,860000.2,856511.84,856511.84,0
20260829,100000,856459.05,857549.78,856451.72,857549.78,0
20260829,110000,857560.84,857560.84,857364.11,857375.81,0
20260829,120000,857379.93,857394.54,857191.21,857191.21,0
20260829,140000,857191.34,857193.4,857191.34,857193.4,0
20260829,150000,857193.8,857193.8,857193.62,857193.62,0
20260829,160000,857193.61,857193.61,857193.55,857193.55,0
20260831,090000,850021.41,852517.91,850021.41,852517.91,0
20260831,100000,852815.4,854118.28,852815.4,854118.28,0
20260831,110000,854134.28,854205.82,854134.28,854205.82,0
20260831,120000,854230.7,854310.64,854230.7,854248.83,0
20260831,150000,854248.67,854249.21,854248.67,854249.21,0
20260901,090000,864681.72,869434.96,864681.72,869434.96,0
20260901,100000,869248.04,869248.04,866642.4,866642.4,0
20260901,110000,866107.63,866107.63,860070.34,860070.34,0
20260901,120000,859106.31,859106.31,855970.88,855970.88,0
20260901,140000,855970.91,855971.12,855970.87,855971.12,0
20260902,090000,835997.28,840288.01,835997.28,840288.01,0
20260902,100000,840414.58,841566.95,840414.58,841566.95,0
20260902,110000,841630.63,842729.47,841630.63,842729.47,0
20260902,120000,842804.87,843458.59,842804.87,843458.59,0
20260902,160000,843458.63,843459.08,843458.63,843459.08,0
20260905,090000,856280.44,859069.91,854452.17,854452.17,0
20260905,100000,854316.59,854316.59,853824.18,854079.23,0
20260905,110000,854008.07,854101.42,853774.95,853885.14,0
20260905,120000,853883.26,854107.94,853883.26,854107.91,0
20260905,140000,854108.39,854108.7,854108.39,854108.7,0
20260905,150000,854108.76,854109.08,854108.76,854109.08,0
20260905,160000,854109.58,854109.67,854109.58,854109.67,0
20260906,090000,868510.82,868510.82,865101.65,865286.42,0
20260906,100000,865436.89,867642,865436.89,867642,0
20260906,110000,867788.62,868863.54,867788.62,868863.54,0
20260906,120000,868946.67,869373.32,868946.67,869373.32,0
20260906,140000,869373.33,869373.33,869373.33,869373.33,0
20260907,090000,888380.06,890213.48,888380.06,890213.48,0
20260907,100000,890223.98,891236.56,890223.98,891236.56,0
20260907,110000,891268.97,891749.47,891268.97,891430.11,0
20260907,120000,891451.59,891481.64,891451.59,891481.64,0
20260907,140000,891481.62,891481.63,891481.62,891481.62,0
20260908,090000,912019.11,912019.11,907475.88,907475.88,0
20260908,100000,907341.29,907778.15,907179.7,907729.31,0
20260908,110000,907721.07,907838.02,907634.34,907634.34,0
20260908,120000,907671.92,907671.92,907502.94,907502.94,0
20260908,140000,907502.08,907502.08,907502.08,907502.08,0
20260908,150000,907502.37,907502.4,907502.37,907502.4,0
20260909,090000,909880.22,909880.22,905909.5,909744.53,0
20260909,100000,910012.76,910986.19,910012.76,910889.15,0
20260909,110000,910790.25,910790.25,910191.92,910191.92,0
20260909,120000,910171.51,910171.51,910016.32,910016.32,0
20260909,130000,910016.31,910016.31,910016.3,910016.3,0
20260909,140000,910016.32,910016.32,910016.32,910016.32,0
20260909,150000,910016.33,910016.68,910016.33,910016.68,0
20260909,170000,910013.1,910013.1,910013.1,910013.1,0
20260912,090000,923740.41,923768.5,918848.46,919024.32,0
20260912,100000,919117.56,921715.51,919117.56,921715.51,0
20260912,110000,921797.97,923472.91,921797.97,923472.91,0
20260912,120000,923561.49,924195.39,923561.49,924195.39,0
20260912,140000,924195.38,924195.38,924195.38,924195.38,0
20260912,160000,924195.49,924196.94,924195.49,924196.94,0
20260912,170000,924197.08,924197.08,924197.08,924197.08,0
20260913,090000,943825.91,943985.36,943475.47,943475.47,0
20260913,100000,943434.32,943621.11,941771.82,941771.82,0
20260913,110000,941187.2,941187.2,939072.19,939072.19,0
20260913,120000,938963.29,938963.29,938287.58,938287.58,0
20260913,130000,938287.57,938287.57,938287.57,938287.57,0
20260913,140000,938287.56,938287.78,938287.56,938287.78,0
20260913,150000,938287.93,938287.93,938287.93,938287.93,0
20260913,170000,938287.9,938288.01,938287.9,938288.01,0
20260914,090000,939261.59,939261.59,932195.74,933582.38,0
20260914,100000,933771.61,934260.05,933771.61,934260.05,0
20260914,110000,934240.51,934245.77,934209.98,934235.85,0
20260914,120000,934225.86,934318.46,934225.86,934318.46,0
20260914,150000,934313.83,934313.83,934236.88,934298.32,0
20260914,160000,934298.33,934298.33,934298.25,934298.25,0
20260914,170000,934298.17,934298.26,934298.17,934298.23,0
20260914,180000,934298.21,934298.23,934298.21,934298.23,0
20260915,090000,938601.45,942623.77,938601.45,942623.77,0
20260915,100000,942780.94,943885.69,942780.94,943885.69,0
20260915,110000,943917.93,944634.98,943917.93,944634.98,0
20260915,120000,944659.1,944935.58,944659.1,944935.58,0
20260916,090000,956884.82,956982.61,953296.16,953296.16,0
20260916,100000,952270.05,952270.05,945777.77,945777.77,0
20260916,110000,945615.01,945615.01,944657.24,944781.29,0
20260916,120000,944678.62,944678.62,944316.45,944316.45,0
20260916,130000,944316.36,944316.36,944316.36,944316.36,0
20260916,140000,944316.54,944316.54,944316.54,944316.54,0
20260916,160000,944316.57,944319.75,944316.57,944319.75,0
20260919,090000,949042.12,949042.12,932865.44,932865.44,0
20260919,100000,932742.58,932742.58,931111.3,931111.3,0
20260919,110000,931057.19,931057.19,930743.05,930777.02,0
20260919,120000,930760.54,930760.54,930544.91,930544.91,0
20260919,140000,930544.58,930544.58,930544.58,930544.58,0
20260919,150000,930544.59,930544.59,930544.59,930544.59,0
20260920,090000,913622.85,913622.85,910600.93,910600.93,0
20260920,100000,910557.75,910557.75,910031.24,910162.39,0
20260920,110000,910234.14,910789.17,910234.14,910789.17,0
20260920,120000,910867.12,911508.08,910867.12,911508.08,0
20260920,150000,911508.09,911516.39,911508.09,911512.89,0
20260920,160000,911512.79,911512.79,911511.7,911511.7,0
20260920,170000,911511.51,911515.68,911511.51,911515.68,0
20260920,180000,911516.45,911522.61,911516.45,911522.61,0
20260921,090000,909575.91,912823.75,907660.66,907660.66,0
20260921,100000,907545.05,907545.05,907208.62,907208.62,0
20260921,110000,907135.49,907135.49,906951.42,906972.33,0
20260921,120000,906965.67,906970.83,906893.02,906893.02,0
20260921,130000,906892.98,906892.98,906892.98,906892.98,0
20260921,140000,906893.06,906893.06,906893.06,906893.06,0
20260921,150000,906893.11,906896.29,906893.11,906896.29,0
