<DTYYYYMMDD>,<TIME>,<OPEN>,<HIGH>,<LOW>,<CLOSE>,<VOL>
20141120,033000,93728,93745,93438,93654,199
20141121,033000,93762,94010,93640,93719,183
20141122,033000,93761,93761,93390,93402,230
20141123,033000,93399,93870,93389,93586,251
20141124,033000,93581,94629,93552,94311,367
20141125,033000,94316,95110,94233,94925,463
20141126,033000,94929,96004,94929,95849,442
20141127,033000,95829,96297,95690,96118,253
20141128,033000,96141,96141,95118,95218,86
20141129,033000,95258,96970,95255,96953,527
20141130,033000,96957,98408,96746,97089,684
20141201,033000,96985,98658,96458,98177,530
20141202,033000,98151,98167,97580,97702,527
20141203,033000,97693,97950,97655,97739,332
20141204,033000,97743,97771,97644,97719,66
20141205,033000,97708,97717,96986,97089,133
20141206,033000,97104,97454,97086,97258,256
20141207,033000,97263,98636,97263,98524,577
20141208,033000,98519,99220,98303,98672,433
20141209,033000,98675,99594,98406,99312,495
20141210,033000,99332,100627,99332,100482,474
20141211,033000,100471,100471,99825,100170,356
20141212,033000,100124,100527,100088,100486,141
20141213,033000,100489,100517,100467,100467,5
20141214,033000,100458,103348,100420,103206,542
20141215,033000,103178,103313,100728,100728,636
20141216,033000,100739,101705,100055,101081,194
20141217,033000,101075,101579,100831,100900,171
20141218,033000,100905,102073,100905,101752,334
20141219,033000,101768,101782,101263,101263,105
20141220,033000,101163,101532,100854,101443,413
20141221,033000,101451,101585,101270,101270,129
20141222,033000,101285,101740,100881,100946,442
20141223,033000,100985,101159,100891,100896,170
20141224,033000,100919,101727,100919,101380,291
20141225,033000,101385,101421,100928,100992,189
20141226,033000,101080,101546,101039,101311,183
20141227,033000,101316,101701,101246,101669,215
20141228,033000,101665,102184,101665,101764,300
20141229,033000,101770,101836,100748,100874,414
20141230,033000,100928,101210,100096,100836,491
20141231,033000,100843,100858,99939,100028,472
20150101,033000,100034,100162,99596,100113,196
20150102,033000,100119,100239,99216,99227,357
20150103,033000,99231,100662,99231,100662,464
20150104,033000,100658,100855,100244,100336,465
20150105,033000,100339,100866,100148,100662,438
20150106,033000,100670,102016,100670,101936,509
20150107,033000,101916,101916,101320,101586,365
20150108,033000,101548,101548,100982,101116,284
20150109,033000,101124,101466,101121,101412,185
20150110,033000,101424,101770,101312,101597,355
20150111,033000,101594,101674,101209,101346,269
20150112,033000,101355,101546,100673,101482,396
20150113,033000,101488,101728,100854,100866,403
20150114,033000,100847,101358,100366,100935,521
20150115,033000,101020,101943,100708,101836,479
20150116,033000,101844,103228,101844,103220,258
20150117,033000,103212,104372,103212,103935,473
20150118,033000,103905,104630,103692,104521,437
20150119,033000,104491,105605,104367,105030,503
20150120,033000,104938,106054,104621,105768,493
20150121,033000,105861,106732,105861,106274,372
20150122,033000,106284,106547,105702,106542,415
20150123,033000,106492,106492,105868,105982,214
20150124,033000,105978,106080,105342,105388,295
20150125,033000,105382,106131,105313,106104,178
20150126,033000,106100,106100,105452,105521,342
20150127,033000,105545,105781,105304,105679,329
20150128,033000,105715,105818,105443,105614,256
20150129,033000,105600,105600,103688,104117,383
20150130,033000,104149,104891,104053,104845,315
20150131,033000,104876,105191,104760,104768,229
20150201,033000,104783,104877,104546,104600,137
20150202,033000,104584,104722,103797,104198,402
20150203,033000,104168,104451,103620,103859,529
20150204,033000,103874,103874,102906,103051,499
20150205,033000,103058,103213,102343,102591,490
20150206,033000,102604,102628,100497,100536,445
20150207,033000,100552,100552,99175,99682,482
20150208,033000,99705,100229,98819,100082,248
20150209,033000,100096,101650,100096,101481,414
20150210,033000,101542,101582,100829,100922,209
20150211,033000,100952,101098,100466,100466,22
20150212,033000,100651,100980,100536,100768,238
20150213,033000,100804,102029,100804,101842,204
20150214,033000,101822,101822,100935,101335,318
20150215,033000,101258,101459,100898,101244,282
20150216,033000,101283,101373,100788,100843,247
20150217,033000,100827,100827,99049,99352,605
20150218,033000,99365,100039,98987,99974,419
20150219,033000,100051,100696,99744,99805,540
20150220,033000,99758,100382,98919,99020,539
20150221,033000,99136,99244,98596,98990,411
20150222,033000,99010,99681,99010,99598,344
20150223,033000,99611,99767,99073,99590,501
20150224,033000,99604,99844,99206,99844,400
20150225,033000,99897,101019,99897,100697,490
20150226,033000,100737,101365,100474,100704,587
20150227,033000,100714,100783,100312,100312,303
20150228,033000,100335,100706,100214,100698,347
20150301,033000,100721,100911,100550,100766,145
20150302,033000,101090,101112,100407,100430,176
20150303,033000,100420,100538,100155,100222,211
20150304,033000,100238,100314,99956,100064,167
20150305,033000,100098,100234,99855,99992,162
20150306,033000,99922,99982,97579,97763,212
20150307,033000,97733,97791,97038,97534,227
20150308,033000,97544,97904,97280,97904,131
20150309,033000,97938,98068,97348,97420,186
20150310,033000,97394,97394,96278,96541,282
20150311,033000,96521,96521,94719,95180,296
20150312,033000,95204,95516,94070,94605,319
20150313,033000,94304,94408,93230,93761,248
20150314,033000,93924,94092,92086,92211,158
20150315,033000,92236,93262,90262,93242,195
20150316,033000,93207,93786,93149,93528,101
20150317,033000,93552,95457,93552,94696,87
20150318,033000,94750,95802,94568,95479,102
20150319,033000,95710,96498,95710,96173,74
20150320,033000,96228,96668,96228,96610,32
20150323,043000,96692,96842,96692,96842,4
20150324,043000,96910,97258,96910,97096,9
20150325,043000,97143,98217,97028,98088,84
20150326,043000,98134,98840,98007,98606,75
20150327,043000,98552,98552,97500,97523,45
20150328,043000,97534,97534,94360,94360,209
20150329,043000,94489,95896,93458,95896,211
20150330,043000,95861,96484,95619,95978,169
20150331,043000,95966,96312,95525,95886,187
20150401,043000,95874,96888,94926,96888,164
20150402,043000,96669,97327,93795,94476,89
20150403,043000,94454,94454,93100,93946,168
20150404,043000,93958,97256,93492,97130,269
20150405,043000,97187,98504,97178,98041,295
20150406,043000,98052,98572,97788,97788,225
20150407,043000,97776,98102,97468,97844,208
20150408,043000,97867,98206,97651,97800,106
20150409,043000,97396,97479,96958,97188,144
20150410,043000,97199,98333,97199,98333,155
20150411,043000,98298,100190,98228,100020,173
20150412,043000,100002,100743,99555,99659,216
20150413,043000,99634,99669,98274,98285,274
20150414,043000,98274,98862,97880,98862,318
20150415,043000,98873,99337,98700,99337,229
20150416,043000,99326,99326,98618,98756,253
20150417,043000,98768,98968,98412,98514,206
20150418,043000,98537,99012,98134,98930,218
20150419,043000,98942,99254,98885,98998,205
20150420,043000,98920,99068,98366,98482,293
20150421,043000,98494,98722,98378,98552,245
20150422,043000,98540,98606,97695,97718,223
20150423,043000,97733,98042,97510,97985,216
20150424,043000,97996,97998,96830,96970,155
20150425,043000,96958,97202,96772,97119,266
20150426,043000,97062,97292,96990,97121,210
20150427,043000,97132,98204,97016,98091,188
20150428,043000,98056,98159,97580,98032,226
20150429,043000,98043,98170,97672,97996,216
20150430,043000,97962,97962,96840,97131,180
20150501,043000,97108,97154,96495,96657,150
20150502,043000,96668,96887,96657,96887,97
20150503,043000,96947,97050,96728,96944,131
20150504,043000,97014,97244,96440,96475,208
20150505,043000,96463,96600,96262,96472,178
20150506,043000,96460,96589,96208,96390,155
20150507,043000,96378,96390,96090,96198,77
20150508,043000,96172,96380,96172,96380,35
20150509,043000,96368,96403,96183,96206,141
20150510,043000,96194,96221,95732,95770,141
20150511,043000,95790,95790,95339,95350,95
20150512,043000,95378,95412,94672,95410,131
20150513,043000,95458,96310,95457,96260,92
20150514,043000,96403,97225,96403,97045,56
20150515,043000,96992,97005,96599,96994,115
20150516,043000,97005,97027,96806,96830,78
20150517,043000,96806,97178,96806,96916,84
20150518,043000,96954,97335,96543,96543,89
20150519,043000,96589,96589,95732,95952,199
20150520,043000,95964,96092,95584,95940,212
20150521,043000,95904,95904,95551,95802,183
20150522,043000,95813,96046,95376,95422,139
20150523,043000,95410,95816,95329,95376,206
20150524,043000,95364,95735,95240,95735,173
20150525,043000,95758,95882,95362,95480,208
20150526,043000,95492,95492,94938,95009,219
20150527,043000,94986,95086,94720,94750,136
20150528,043000,94785,95397,94785,95397,182
20150529,043000,95386,95513,95248,95248,108
20150530,043000,95236,95411,95184,95282,163
20150531,043000,95318,95400,95147,95170,106
20150601,043000,95158,95424,94787,95020,183
20150602,043000,95032,95330,95020,95238,146
20150603,043000,95226,95238,94950,95064,143
20150604,043000,95076,95098,94742,94822,74
20150605,043000,94832,94832,94280,94420,28
20150606,043000,94430,94543,93610,93864,145
20150607,043000,93887,93910,93379,93518,113
20150608,043000,93564,93820,93564,93702,30
20150609,043000,93725,94059,93630,93968,148
20150610,043000,93945,94510,93935,94243,140
20150611,043000,94232,94233,93750,93944,132
20150612,043000,93939,93990,93622,93622,70
20150613,043000,93605,93904,93126,93144,162
20150614,043000,93148,93148,92819,92918,125
20150615,043000,92910,92988,92122,92640,149
20150616,043000,92690,92690,92040,92284,86
20150617,043000,92318,92449,91862,92260,134
20150618,043000,92214,92752,91879,92742,80
20150619,043000,92738,92756,92696,92696,17
20150620,043000,92456,93213,92456,93101,130
20150621,043000,93120,93416,92650,92710,141
20150622,043000,92728,92751,92140,92247,161
20150623,043000,92232,92269,91848,92056,169
20150624,043000,92063,92573,92033,92573,163
20150625,043000,92603,92749,92478,92490,101
20150626,043000,92456,92456,92165,92364,72
20150627,043000,92375,92988,92328,92988,115
20150628,043000,92997,93343,92869,93218,133
20150629,043000,93235,93436,92732,92755,147
20150630,043000,92766,92768,92270,92679,172
20150701,043000,92674,92770,91810,91902,169
20150702,043000,91914,91938,91450,91520,135
20150703,043000,91496,91971,91485,91764,54
20150704,043000,91800,91912,91166,91349,144
20150705,043000,91338,91338,90676,91138,90
20150706,043000,91161,91184,88934,89052,177
20150707,043000,89098,89930,89063,89502,202
20150708,043000,89479,89525,89329,89432,79
20150709,043000,89410,89544,88123,89504,155
20150710,043000,89485,90691,89229,89229,167
20150711,043000,89136,90632,89038,90270,208
20150712,043000,90193,90255,88454,88879,265
20150713,043000,88771,89530,88408,89277,229
20150714,043000,89308,90855,88532,90517,220
20150715,043000,90500,92055,90269,90925,240
20150716,043000,90940,90940,89376,89376,174
20150717,043000,89432,89487,88850,88882,114
20150718,043000,88863,89232,88863,89031,79
20150719,043000,89049,89242,88854,89168,82
20150720,043000,89187,89187,87378,87433,229
20150721,043000,87396,88803,87221,88366,220
20150722,043000,88329,88348,87378,87917,200
20150723,043000,87880,88582,87880,88092,195
20150724,043000,88074,88531,87765,88458,126
20150725,043000,88495,89330,88495,89330,201
20150726,043000,89368,89621,89302,89455,196
20150727,043000,89432,89679,89107,89309,199
20150728,043000,89269,89541,89217,89391,132
20150729,043000,89376,89710,89361,89624,170
20150730,043000,89609,89641,88869,89169,100
20150731,043000,89139,89515,88909,89323,145
20150801,043000,89339,89616,89077,89601,126
20150802,043000,89616,89877,89460,89460,139
20150803,043000,89441,89560,89150,89188,121
20150804,043000,89170,89478,89128,89266,131
20150805,043000,89284,89339,89016,89016,102
20150806,043000,89002,89329,89002,89292,70
20150807,043000,89274,89694,89234,89560,95
20150808,043000,89578,89963,89472,89838,151
20150809,043000,89819,89921,89446,89464,96
20150810,043000,89468,90024,89362,89866,148
20150811,043000,89884,90360,89866,90350,99
20150812,043000,90369,91574,90304,91412,203
20150813,043000,91430,91473,90789,90789,146
20150814,043000,90808,91214,90808,91061,86
20150815,043000,91080,91118,90807,90826,147
20150816,043000,90822,91224,90785,91187,119
20150817,043000,91353,91653,91353,91462,148
20150818,043000,91481,91916,91302,91464,182
20150819,043000,91482,92388,91384,92312,174
20150820,043000,92368,93629,92368,93629,205
20150821,043000,93555,95088,93537,95032,183
20150822,043000,95013,96459,94862,96088,259
20150823,043000,96107,96380,95729,96016,73
20150824,043000,95980,96102,95332,95387,247
20150825,043000,95406,95438,94678,94810,196
20150826,043000,94829,95125,93175,93559,255
20150827,043000,93596,93708,93075,93357,192
20150828,043000,93394,94123,93394,93809,128
20150829,043000,93827,93827,93200,93310,147
20150830,043000,93292,94500,93273,94145,151
20150831,043000,94164,94662,93916,94299,187
20150901,043000,94409,95063,94409,94704,196
20150902,043000,94708,94949,94030,94030,222
20150903,043000,94067,94090,93655,93782,188
20150904,043000,93800,93979,93592,93827,106
20150905,043000,93808,94159,93716,94112,143
20150906,043000,94108,94524,94082,94200,118
20150907,043000,94206,94280,93738,93818,124
20150908,043000,93800,94270,93790,94122,195
20150909,043000,94104,94132,92951,93273,208
20150910,043000,93255,93508,93006,93365,144
20150911,043000,93402,93402,92774,93107,75
20150912,043000,93125,93434,93052,93332,116
20150913,043000,93351,93464,93122,93305,153
20150914,043000,93268,93549,93241,93351,143
20150915,043000,93360,93402,92996,93024,154
20150916,043000,93043,93361,92955,93144,194
20150917,043000,93144,93736,93089,93736,68
20150918,043000,93680,94229,93532,94004,133
20150919,043000,94049,94209,93917,93995,123
20150920,043000,93979,94017,93771,93787,87
20150921,043000,93802,93802,93589,93641,81
20150922,033000,93595,93717,93098,93116,149
20150923,033000,93126,93420,92960,93383,117
20150924,033000,93383,94474,93383,94312,156
20150925,033000,94349,94368,93888,94118,90
20150926,033000,94100,94478,94026,94431,126
20150927,033000,94449,94631,94345,94459,145
20150928,033000,94463,94463,93983,94082,160
20150929,033000,94100,94514,93938,94335,185
20150930,033000,94321,94445,93689,93757,205
20151001,033000,93738,93914,93596,93768,113
20151002,033000,93749,94764,93518,94714,805
20151003,033000,94770,95037,94353,94390,166
20151004,033000,94427,94579,94257,94528,180
20151005,033000,94510,94602,94271,94588,193
20151006,033000,94607,95184,94607,95184,195
20151007,033000,95203,95886,95203,95725,251
20151008,033000,95706,95864,95272,95272,151
20151009,033000,95290,96534,95272,96432,169
20151010,033000,96436,96436,96058,96149,136
20151011,033000,96057,96607,96033,96552,132
20151012,033000,96460,96999,96274,96329,392
20151013,033000,96319,96393,95721,96393,230
20151014,033000,96412,97756,96408,97668,224
20151015,033000,97576,97632,97118,97118,170
20151016,033000,97137,97229,96822,96822,112
20151017,033000,96730,96804,96296,96362,135
20151018,033000,96334,96472,96090,96282,114
20151019,033000,96264,96264,95304,95345,180
20151020,033000,95290,96278,95286,96144,229
20151021,033000,96168,96252,95646,95743,128
20151022,033000,95762,96098,95762,95988,111
20151023,033000,96006,96006,95988,96006,3
20151025,033000,95951,96011,95863,95882,74
20151026,033000,95845,96126,95808,96098,97
20151027,033000,95997,96380,95997,96370,188
20151028,033000,96361,97046,95996,96010,208
20151029,033000,95974,96307,95853,95853,168
20151030,033000,95871,95890,95871,95890,2
20151031,033000,95436,95784,95322,95715,119
20151101,033000,95696,95729,95545,95642,91
20151102,033000,95678,95678,95221,95268,178
20151103,033000,95249,95360,94600,94700,80
20151104,033000,94760,94880,94035,94039,203
20151105,033000,93970,94164,93841,94026,102
20151106,033000,94013,94233,92687,92894,86
20151107,033000,92899,93102,92733,93056,71
20151108,033000,93032,93171,92982,93051,91
20151109,033000,93075,93804,93075,93804,158
20151110,033000,93823,94072,93166,93389,171
20151111,033000,93399,93476,92973,93061,147
20151112,033000,93042,93392,92881,93251,148
20151113,033000,93416,93592,93306,93420,101
20151114,033000,93383,93864,93379,93651,144
20151115,033000,93647,93657,93342,93531,135
20151116,033000,93512,93776,92977,92977,167
20151117,033000,92988,93008,91958,92317,194
20151118,033000,92306,92340,92040,92268,143
20151119,033000,92280,92966,92257,92918,147
20151120,033000,92930,92964,92123,92153,154
20151121,033000,92075,92317,91717,92028,128
20151122,033000,92050,92408,92040,92340,134
20151123,033000,92191,92191,91868,92075,162
20151124,033000,92086,92500,92086,92490,135
20151125,033000,92501,92779,92490,92756,86
20151126,033000,92744,92904,92708,92848,88
20151127,033000,92836,92836,92030,92086,109
20151128,033000,92063,92942,92063,92870,176
20151129,033000,92920,92920,92710,92828,67
20151130,033000,92834,93056,92582,92997,155
20151201,033000,93008,93496,92997,93368,175
20151202,033000,93496,93496,92816,92988,99
20151203,033000,93000,93138,92594,93138,161
20151204,033000,93091,94270,92977,94127,127
20151205,033000,94138,94222,93819,93840,133
20151206,033000,93852,94370,93772,94325,134
20151207,033000,94336,94336,93878,93900,170
20151208,033000,93912,94072,93644,93978,168
20151209,033000,93993,94222,93782,93900,207
20151210,033000,93888,93900,93762,93804,71
20151211,033000,93792,94035,93597,94015,74
20151212,033000,94050,94050,93887,93922,43
20151213,033000,93910,94002,93806,93860,93
20151214,033000,93874,93924,93382,93404,138
20151215,033000,93358,93358,92860,93102,226
20151216,033000,93091,93704,93091,93667,157
20151217,033000,93713,93713,92918,93134,170
20151218,033000,93123,93751,93103,93610,94
20151219,033000,93552,93681,93469,93546,114
20151220,033000,93552,93740,93552,93612,76
20151221,033000,93600,94404,93600,94303,176
20151222,033000,94280,94686,94233,94278,187
20151223,033000,94255,94998,94255,94950,157
20151224,033000,94961,95561,94961,95561,95
20151225,033000,95584,95932,95571,95618,104
20151226,033000,95606,96358,95606,96254,171
20151227,033000,96242,96473,96113,96240,186
20151228,033000,96228,96240,95205,95262,174
20151229,033000,95274,95631,95274,95329,79
20151230,033000,95318,95665,95308,95330,152
20151231,033000,95342,95550,95342,95409,119
20160101,033000,95432,95432,95203,95282,45
20160102,033000,95318,95561,95260,95410,158
20160103,033000,95422,95561,95398,95470,107
20160104,033000,95482,96589,95482,96068,238
20160105,033000,96080,96428,96057,96428,204
20160106,033000,96440,96982,96440,96818,190
20160107,033000,96878,97730,96818,97685,197
20160108,033000,97708,97708,97166,97444,127
20160109,033000,97433,98583,97433,98411,197
20160110,033000,98400,98758,97984,97995,181
20160111,033000,97984,98010,96090,96150,266
20160112,033000,96138,96161,95236,95447,228
20160113,033000,95424,95609,94762,95456,227
20160114,033000,95434,95493,94208,94292,218
20160115,033000,94303,95203,94280,94522,195
20160116,033000,94534,94534,93050,93298,210
20160117,033000,93280,94850,93020,94376,291
20160118,033000,94384,94384,93684,93749,168
20160119,033000,93772,93841,93305,93441,219
20160120,033000,93458,94701,93458,94337,227
20160121,033000,94320,94863,94302,94758,153
20160122,033000,94775,94914,94632,94746,101
20160123,033000,94763,95428,94746,95254,874
20160124,033000,95272,95411,94932,94996,683
20160125,033000,95014,95902,95005,95676,1133
20160126,033000,95711,97846,95711,97742,2240
20160127,033000,97724,97724,96581,97350,1913
20160128,033000,97368,97368,96127,96190,1305
20160129,033000,96172,96514,95924,96514,839
20160130,033000,96497,96663,96323,96323,507
20160131,033000,96328,96785,96259,96785,596
20160201,033000,96768,97350,96768,97246,687
20160202,033000,97228,97372,96940,97097,734
20160203,033000,97080,97736,96937,97546,1133
20160204,033000,97563,98272,97551,98081,925
20160205,033000,98099,98810,97834,98810,1242
20160206,033000,98984,100294,98984,100011,1594
20160207,033000,100028,100028,98600,98600,1429
20160208,033000,98597,99959,98168,99706,2474
20160209,033000,99660,99660,99032,99032,629
20160210,033000,98978,99222,97742,99174,2765
20160211,033000,99196,101338,99196,101290,2191
20160212,033000,102277,102458,101926,102440,902
20160213,033000,102527,102999,102099,102169,1443
20160214,033000,102152,102290,101447,101660,1195
20160215,033000,101678,101678,99068,99208,2751
20160216,033000,99216,99986,98342,98734,2807
20160217,033000,98716,100334,98560,100108,2157
20160218,033000,100138,101367,99490,101290,2603
20160219,033000,101325,101378,100616,101072,1272
20160220,033000,101055,101055,100184,100276,964
20160221,033000,100259,100854,100190,100599,989
20160222,033000,100582,100582,99513,99681,1238
20160223,033000,99664,101246,99646,101042,1823
20160224,033000,101025,103050,101008,101980,3130
20160225,033000,101969,102510,101969,102312,740
20160226,033000,102257,102292,101018,101587,1879
20160227,033000,101552,102026,101552,101714,787
20160228,033000,101702,101796,101318,101435,690
20160229,033000,101425,102246,101425,102246,822
20160301,033000,102223,102694,102128,102242,1114
20160302,033000,102253,102601,102038,102508,872
20160303,033000,102497,103144,102290,103144,1062
20160304,033000,103062,103893,102784,103466,1815
20160305,033000,103443,103512,103144,103229,523
20160306,033000,103224,103502,103154,103374,547
20160307,033000,103386,103652,103270,103419,732
20160308,033000,103430,103662,103350,103434,621
20160309,033000,103422,103422,102935,103165,718
20160310,033000,103142,103479,102659,103304,1479
20160311,033000,103350,103372,103188,103188,207
20160312,033000,103153,103457,102902,103455,809
20160313,033000,103478,103478,103386,103386,93
20160314,033000,103478,103560,102634,102680,1055
20160315,033000,102396,102638,102198,102267,752
20160316,033000,102268,102638,102128,102186,939
20160317,033000,103490,103550,103077,103088,545
20160318,033000,103100,103455,103026,103398,561
20160319,033000,103409,103562,103374,103550,236
20160321,043000,103490,103550,103409,103480,273
20160322,043000,103536,103721,103536,103631,276
20160323,043000,103608,103608,102808,103144,1137
20160324,043000,103121,103121,102741,103015,655
20160325,043000,102946,102946,102830,102842,129
20160326,043000,102830,102830,102626,102784,363
20160327,043000,102744,102972,102718,102915,338
20160328,043000,102808,103250,102808,103214,479
20160329,043000,103167,104194,103142,104172,1100
20160330,043000,104160,104311,103893,103974,651
20160331,043000,103999,104138,103999,104068,210
20160401,043000,103803,103942,103803,103942,140
20160402,043000,103964,104843,103780,104437,1654
20160403,043000,104448,104466,104170,104356,501
20160404,043000,104344,104344,103527,104137,1428
20160405,043000,104102,105280,104090,105037,1446
20160406,043000,105060,105128,104020,104400,1557
20160407,043000,104366,105500,104366,105362,1273
20160408,043000,105350,105625,105140,105625,696
20160409,043000,105637,105730,105280,105670,868
20160410,043000,105658,105960,105658,105728,535
20160411,043000,105716,106620,105716,106468,1057
20160412,043000,106456,107023,106375,106596,1157
20160413,043000,106618,106618,105396,105396,1223
20160414,043000,105416,105416,104864,104980,669
20160415,043000,104957,105211,104934,105188,324
20160416,043000,105200,105268,105047,105047,290
20160417,043000,105027,105142,104851,104944,500
20160418,043000,104932,105163,104311,104322,1095
20160419,043000,104346,105280,104322,105108,1155
20160420,043000,105096,105118,104552,104850,887
20160421,043000,104792,105500,104656,104890,1591
20160422,043000,104924,104944,104100,104238,1003
20160423,043000,104262,104358,103905,104288,881
20160424,043000,104276,104438,104276,104354,247
20160425,043000,104342,104496,104148,104416,623
20160426,043000,104426,104472,104275,104438,383
20160427,043000,104450,105037,104450,104774,851
20160428,043000,104786,105397,104737,105336,771
20160429,043000,105358,107104,105358,107104,1747
20160430,043000,107173,107424,106998,107011,691
20160501,043000,107023,107150,106917,107034,456
20160502,043000,107046,107414,106744,106756,1051
20160503,043000,106768,107228,106536,106594,1211
20160504,043000,106605,106605,105532,105867,1409
20160505,043000,105856,106090,105697,105742,673
20160506,043000,105799,106620,105799,106446,996
20160507,043000,106481,106492,105891,106228,950
20160508,043000,106250,106308,106098,106190,361
20160509,043000,106136,106148,105532,105602,699
20160510,043000,105568,105695,105188,105588,995
20160511,043000,105566,105822,105350,105488,867
20160512,043000,105500,105578,105198,105232,493
20160513,043000,105243,105290,104923,105060,552
20160514,043000,105024,105210,104772,104934,787
20160515,043000,104954,104966,104669,104808,449
20160516,043000,104820,105452,104578,104624,1553
20160517,043000,104647,104762,104294,104606,896
20160518,043000,104601,104644,103824,103824,864
20160519,043000,103802,103802,102846,103352,1463
20160520,043000,103411,103456,102915,102972,644
20160521,043000,102983,103178,102819,103178,524
20160522,043000,103167,103238,103061,103119,307
20160523,043000,103130,103215,102890,103120,641
20160524,043000,103109,103109,102521,102544,612
20160525,043000,102556,102556,101488,101865,1446
20160526,043000,101888,102752,101874,102019,1626
20160527,043000,102036,102036,101096,101096,941
20160528,043000,100974,102204,100974,101989,1446
20160529,043000,101874,101897,101574,101661,434
20160530,043000,101142,101505,100899,101153,1202
20160531,043000,101170,101621,101130,101621,532
20160601,043000,101516,101875,101199,101482,1319
20160602,043000,101522,101851,101522,101620,561
20160603,043000,101632,103260,101574,103260,1745
20160604,043000,103306,103571,103306,103398,439
20160605,043000,103386,103577,102907,103063,1018
20160606,043000,103046,103046,102290,102492,959
20160607,043000,102458,102527,102013,102452,1023
20160608,043000,102510,103288,102504,103288,791
20160609,043000,103306,104091,103075,104032,1307
20160610,043000,103894,104564,103837,104472,877
20160611,043000,104425,104472,104171,104344,522
20160612,043000,104333,104390,104056,104171,507
20160613,043000,104182,104829,104182,104529,948
20160614,043000,104540,104876,104368,104806,751
20160615,043000,104794,105476,104743,105314,947
20160616,043000,105337,106976,105337,105591,3025
20160617,043000,105545,105741,105048,105556,1376
20160618,043000,105580,106226,105580,106053,820
20160619,043000,106064,106122,105556,105926,995
20160620,043000,105544,105544,104887,105176,947
20160621,043000,105210,105244,104460,104483,842
20160622,043000,104460,104748,104356,104610,635
20160623,043000,104633,104772,104379,104494,648
20160624,043000,104472,107888,104460,107507,3822
20160625,043000,107461,108084,107414,108038,764
20160626,043000,108015,109169,107068,109076,3142
20160627,043000,109065,110808,109065,110254,2298
20160628,043000,110242,110242,108812,109054,1673
20160629,043000,109077,110543,109054,110208,1848
20160630,043000,110231,110646,109770,110174,1696
20160701,043000,110196,111905,110196,111651,1964
20160702,043000,112482,112482,111801,111974,855
20160703,043000,111962,111962,111639,111697,382
20160704,043000,111639,112447,111639,112008,1248
20160705,043000,112020,112378,111558,112297,1364
20160706,043000,112308,113774,112308,113359,1882
20160707,043000,113348,113440,112540,112886,1339
20160708,043000,112863,113370,112020,113370,2194
20160709,043000,113348,114190,113198,114006,1327
20160710,043000,114040,114398,113982,114248,625
20160711,043000,114271,114271,113498,113578,854
20160712,043000,113602,114006,112136,112240,2379
20160713,043000,112193,112632,111824,112298,1512
20160714,043000,112309,112332,110796,111236,2000
20160715,043000,111258,111408,110624,110658,969
20160716,043000,110646,111732,110624,111085,1778
20160717,043000,111074,111074,110728,110878,497
20160718,043000,110866,110866,110058,110578,1329
20160719,043000,110624,111074,110600,110981,592
20160720,043000,110970,111039,110231,110346,993
20160721,043000,110335,110924,110116,110924,1028
20160722,043000,110946,110981,110324,110462,831
20160723,043000,110450,110814,110242,110716,879
20160724,043000,110704,110982,110704,110843,418
20160725,043000,110831,111258,110427,111039,1455
20160726,043000,111004,111570,110982,111396,785
20160727,043000,111408,112528,111408,112482,1167
20160728,043000,112447,113474,112447,112828,1674
20160729,043000,112862,114086,112412,114086,2125
20160730,043000,113913,113971,113613,113810,614
20160731,043000,113821,114086,113763,113982,486
20160801,043000,113971,114248,113555,114202,1156
20160802,043000,114190,115229,114098,115068,1385
20160803,043000,115056,115434,114363,114375,1462
20160804,043000,114352,114767,113706,114328,2099
20160805,043000,114306,114502,112701,112701,1998
20160806,043000,112655,113036,112470,113002,786
20160807,043000,113013,113244,112990,113174,348
20160808,043000,113209,113232,112840,113232,762
20160809,043000,113220,113809,112904,113780,1251
20160810,043000,113694,114860,113694,114126,1901
20160811,043000,114132,114472,113526,113555,1316
20160812,043000,113572,114502,113255,113278,2201
20160813,043000,113244,113405,113036,113140,635
20160814,043000,113122,113302,113070,113249,338
20160815,043000,113252,113728,113152,113532,873
20160816,043000,113520,114364,113520,114086,1123
20160817,043000,114098,114144,113659,113907,780
20160818,043000,113913,114352,113763,114086,1006
20160819,043000,114098,114098,113324,113359,810
20160820,043000,113324,113463,113232,113370,417
20160821,043000,113382,113394,113186,113302,337
20160822,043000,113290,113290,112862,113209,776
20160823,043000,113186,113636,113186,113440,647
20160824,043000,113417,113556,112736,112794,1018
20160825,043000,112805,113152,112782,113036,510
20160826,043000,113106,113878,112956,113002,1741
20160827,043000,113024,113232,112886,113152,565
20160828,043000,113174,113336,113024,113244,555
20160829,043000,113186,113602,112978,113509,926
20160830,043000,113521,113521,113070,113082,464
20160831,043000,113059,113158,112816,112972,598
20160901,043000,112984,113152,112805,113140,539
20160902,043000,113152,113740,113076,113740,741
20160903,043000,113763,114006,113763,113821,429
20160904,043000,113810,114006,113740,114006,337
20160905,043000,113994,114121,113809,113861,492
20160906,043000,113867,114894,113856,114836,1108
20160907,043000,114790,114998,114098,114271,1282
20160908,043000,114260,114410,113671,113717,936
20160909,043000,113763,113763,113267,113313,543
20160910,043000,113302,113544,113198,113526,469
20160911,043000,113520,113821,113520,113758,365
20160912,043000,113774,113856,113555,113798,579
20160913,043000,113810,114121,113740,113763,716
20160914,043000,113798,114121,113798,114040,405
20160915,043000,114086,114328,113624,113826,1149
20160916,043000,113832,113878,113544,113648,485
20160917,043000,113636,113648,113498,113556,221
20160918,043000,113567,113642,113532,113618,170
20160919,043000,113722,113924,113278,113324,895
20160920,043000,113318,113440,113313,113370,203
20160921,033000,113486,113936,113417,113902,623
20160922,033000,113924,114375,113879,114098,819
20160923,033000,114110,114260,114052,114178,349
20160924,033000,114190,114271,114000,114028,381
20160925,033000,114040,114156,114040,114115,158
20160926,033000,114110,114375,113890,114190,891
20160927,033000,114178,114236,113694,113798,705
20160928,033000,113740,113936,113613,113764,623
20160929,033000,113740,113810,113578,113717,442
20160930,033000,113723,113994,113590,113670,756
20161001,033000,113659,113717,113382,113434,446
20161002,033000,113446,113578,113348,113544,363
20161003,033000,113532,113578,113140,113256,601
20161004,033000,113232,113232,110704,110774,2599
20161005,033000,110982,111224,110254,110704,1663
20161006,033000,110682,110682,109792,109977,1076
20161007,033000,110024,110542,109492,109838,1915
20161008,033000,109862,110173,109862,110138,347
20161009,033000,110150,110260,110081,110242,267
20161010,033000,110416,110589,110324,110427,520
20161012,033000,110220,110312,110138,110231,338
20161013,033000,110288,110508,110288,110416,313
20161014,033000,110427,110427,109862,109890,594
20161015,033000,109926,110035,109694,109718,475
20161016,033000,109706,109770,109538,109694,453
20161017,033000,109700,109827,109654,109792,255
20161018,033000,109786,110185,109786,110116,469
20161019,033000,110138,110554,110104,110364,675
20161020,033000,110370,110404,110104,110144,375
20161021,033000,110139,110139,109827,109954,440
20161022,033000,109942,110138,109920,110098,281
20161023,033000,110092,110508,110092,110462,463
20161024,033000,110474,110981,110462,110600,913
20161025,033000,110612,111408,110612,111304,901
20161026,033000,111316,111512,111074,111166,727
20161027,033000,111154,111258,110935,111085,578
20161028,033000,111080,111570,110889,111454,989
20161029,033000,111616,111766,111547,111720,335
20161030,033000,111732,112397,111732,112376,687
20161031,033000,112347,112424,112082,112351,681
20161101,033000,112366,113244,112366,113067,1056
20161102,033000,113086,114087,113086,113629,1460
20161103,033000,113610,113814,112886,113653,1814
20161104,033000,113663,113921,113474,113765,793
20161105,033000,113775,114140,113775,114140,366
20161106,033000,114121,114687,114121,114448,806
20161107,033000,114429,114448,112563,112725,2067
20161108,033000,112770,113343,112500,112792,1665
20161109,033000,112770,115692,112576,113243,5760
20161110,033000,113265,113965,112542,112563,2145
20161111,033000,112555,112613,110187,110280,2578
20161112,033000,110303,110508,110115,110418,672
20161113,033000,110462,110991,110306,110934,899
20161114,033000,110923,111290,109945,111081,2533
20161115,033000,111059,111679,110578,110924,2068
20161116,033000,110947,111178,110601,110947,1155
20161117,033000,110924,111178,110139,110254,1409
20161118,033000,110277,110462,109608,109839,1271
20161119,033000,109816,109885,109562,109816,647
20161120,033000,109793,109862,109677,109770,348
20161121,033000,109747,110416,109747,110266,820
20161122,033000,110254,110878,110208,110762,833
20161123,033000,110785,111247,110324,110439,1501
20161124,033000,110416,110508,109839,110185,1108
20161125,033000,110174,110670,110000,110127,1294
20161126,033000,110185,110555,110116,110508,556
20161127,033000,110485,111963,110485,111847,1595
20161128,033000,111986,113117,111986,112978,1271
20161129,033000,112932,113486,112424,113002,2055
20161130,033000,113025,113048,111963,112009,1155
20161201,033000,112032,112032,110716,111201,1802
20161202,033000,111224,111570,110670,110970,1547
20161203,033000,110947,112771,110785,112563,2357
20161204,033000,112540,113579,112517,113302,1363
20161205,033000,113325,113602,112332,113036,2252
20161206,033000,113048,113071,112217,112286,947
20161207,033000,112274,112771,112101,112471,1144
20161208,033000,112494,112759,112424,112517,648
20161209,033000,112540,112632,112309,112424,531
20161210,033000,112401,112817,112240,112390,1144
20161211,033000,112401,112748,112240,112609,809
20161212,033000,112621,113048,112378,112955,1007
20161213,033000,112932,113279,112840,113071,740
20161214,033000,113094,113532,112886,112909,1108
20161215,033000,112748,112840,112447,112545,584
20161216,033000,112601,112794,112378,112540,772
20161217,033000,112551,112609,112378,112494,406
20161218,033000,112459,112586,112217,112378,658
20161219,033000,112390,112655,112355,112586,405
20161220,033000,112563,112748,112471,112678,440
20161221,033000,112701,113209,112667,112840,946
20161222,033000,112817,113025,112771,112909,417
20161223,033000,112932,113002,112863,112909,256
20161224,033000,112932,113648,112794,113602,1039
20161225,033000,113590,114340,113590,114260,831
20161226,033000,114271,116003,114017,115564,2680
20161227,033000,115541,116949,115495,116210,2240
20161228,033000,116187,116441,114825,114964,2010
20161229,033000,114987,115056,114410,114664,970
20161230,033000,114710,115010,114433,114664,1109
20161231,033000,114687,114710,111870,111917,2911
20170101,033000,111893,112863,110808,112863,3141
20170102,033000,112851,113255,112378,113140,1466
20170103,033000,113117,113786,112701,113209,2079
20170104,033000,113232,113694,113048,113417,1108
20170105,033000,113440,114387,113394,114271,1156
20170106,033000,114294,114525,114063,114179,810
20170107,033000,114202,114779,113879,114710,1293
20170108,033000,114687,115010,114410,114871,1017
20170109,033000,114848,115091,114641,115010,739
20170110,033000,115033,115264,114848,114895,695
20170111,033000,114918,115587,114848,115472,925
20170112,033000,115449,116464,115449,115726,1754
20170113,033000,115749,116118,115379,116106,1122
20170114,033000,116095,116210,114848,114918,1548
20170115,033000,114929,115518,114617,115425,1307
20170116,033000,115449,115933,115102,115172,1386
20170117,033000,115148,115702,115148,115518,739
20170118,033000,115541,115541,114987,115010,578
20170119,033000,114987,115102,114641,114941,877
20170120,033000,114964,115079,114733,114918,647
20170121,033000,114941,114941,114156,114225,855
20170122,033000,114202,114756,114133,114721,728
20170123,033000,114733,115010,114698,114871,487
20170124,033000,114848,115148,114687,114768,843
20170125,033000,114756,114825,114364,114571,738
20170126,033000,114594,114641,114294,114410,511
20170127,033000,114421,114479,114156,114433,635
20170128,033000,114410,114502,113856,114063,946
20170129,033000,114040,114202,113902,113948,509
20170130,033000,113960,113971,112748,112978,1465
20170131,033000,113002,113971,112955,113833,1202
20170201,033000,113844,114202,113394,113740,1513
20170202,033000,113717,114433,113717,114017,1133
20170203,033000,114029,114294,113948,114110,612
20170204,033000,114133,114918,114110,114871,879
20170205,033000,114848,115425,114525,115172,1477
20170206,033000,115148,115887,115056,115864,947
20170207,033000,115887,115910,114871,114941,1133
20170208,033000,114964,115795,114779,115425,1572
20170209,033000,115449,115726,115287,115333,763
20170210,033000,115356,115564,114871,115449,1294
20170211,033000,115425,115472,115264,115402,394
20170212,033000,115264,115864,115102,115425,1364
20170213,033000,115402,115425,114641,114802,969
20170214,033000,114825,115033,114502,114756,994
20170215,033000,114733,115033,114479,114987,855
20170216,033000,114964,115218,114871,115056,603
20170217,033000,115033,115148,114756,114779,531
20170218,033000,114825,115056,114664,114941,669
20170219,033000,114964,115102,114756,114802,531
20170220,033000,114779,114895,114502,114594,602
20170221,033000,114571,114918,114433,114779,763
20170222,033000,114802,115125,114756,115056,485
20170223,033000,115033,115402,114941,115333,623
20170224,033000,115287,115495,115264,115472,278
20170225,033000,115449,116072,115449,115980,716
20170226,033000,115956,116418,115956,116303,578
20170227,033000,116326,116395,115679,115749,856
20170228,033000,115772,116095,115645,115933,740
20170301,033000,115910,116257,115702,116210,811
20170302,033000,116233,116349,115864,115956,694
20170303,033000,115933,115956,115241,115656,1154
20170304,033000,115679,115818,115241,115310,786
20170305,033000,115356,115379,115148,115241,348
20170306,033000,115218,115241,114387,114456,947
20170307,033000,114479,114479,113232,113232,1248
20170308,033000,113255,113348,112447,112909,1457
20170309,033000,112932,113694,112840,113556,1085
20170310,033000,113532,113579,113117,113463,856
20170311,033000,113440,113648,112332,112494,1687
20170312,033000,112447,112932,112355,112886,716
20170313,033000,112909,113279,112886,113048,648
20170314,033000,113025,113117,112586,112632,670
20170315,033000,112678,113532,112632,113463,1016
20170316,033000,113417,114271,113394,113879,1293
20170317,033000,113856,114063,113810,113925,438
20170318,033000,113948,114617,113879,114617,808
20170319,033000,115172,115379,115172,115356,231
20170320,033000,115379,115749,115379,115518,602
20170321,033000,115541,115887,115333,115749,901
20170322,043000,115772,116003,115633,115749,718
20170323,043000,115726,115887,115472,115495,600
20170324,043000,115518,115887,115287,115818,901
20170325,043000,115795,115818,115564,115679,393
20170326,043000,115726,117272,115679,116603,2310
20170327,043000,116580,117342,116580,117018,1087
20170328,043000,116995,117111,116787,116857,511
20170329,043000,116834,116880,116603,116718,439
20170330,043000,116741,116741,116441,116487,347
20170331,043000,116464,116603,116326,116580,439
20170403,043000,116187,116418,115933,116233,925
20170404,043000,116210,116695,116210,116487,694
20170405,043000,116518,116787,116141,116534,1277
20170406,043000,116557,116557,116257,116326,370
20170407,043000,116349,117018,116349,116603,1085
20170408,043000,116626,116741,116441,116580,555
20170409,043000,116534,116834,116534,116787,348
20170410,043000,116764,116857,116510,116695,626
20170411,043000,116672,117342,116672,117318,695
20170412,043000,117295,117665,116880,116972,1248
20170413,043000,117203,117665,116926,117503,1179
20170414,043000,117526,118196,117480,118126,833
20170415,043000,118103,119142,118057,118956,1318
20170416,043000,118906,119182,118725,118917,904
20170417,043000,118906,119044,118510,118521,684
20170418,043000,118498,118810,118113,118714,1179
20170419,043000,118725,118752,117706,117717,1085
20170420,043000,117767,117942,117682,117826,462
20170421,043000,117734,117965,117642,117872,509
20170422,043000,117849,118196,117849,118173,371
20170423,043000,118149,118380,117872,117982,850
20170424,043000,117971,117971,117236,117756,1256
20170425,043000,117767,117817,117240,117240,628
20170426,043000,117252,117502,116963,117094,921
20170427,043000,117144,117286,116998,117106,539
20170428,043000,117094,117202,116817,116986,663
20170429,043000,116998,117344,116986,117298,417
20170430,043000,117344,117706,117321,117552,563
20170501,043000,117563,117624,116470,116482,1228
20170502,043000,116470,116470,116052,116266,633
20170503,043000,116278,116409,115990,116016,577
20170504,043000,115966,115966,114740,114932,1419
20170505,043000,114944,115316,114394,114501,1402
20170506,043000,114451,114524,112932,112982,1716
20170507,043000,112932,113916,112693,113528,1851
20170508,043000,113516,114251,113454,114105,1006
20170509,043000,114116,114178,113097,113290,1337
20170510,043000,113278,113770,113278,113447,816
20170511,043000,113436,113816,113374,113708,613
20170512,043000,113720,114155,113686,113708,927
20170513,043000,113758,114020,113516,113986,781
20170514,043000,113997,114105,113828,114082,470
20170515,043000,114094,114251,113590,113816,1045
20170516,043000,113866,115378,113805,115294,1719
20170517,043000,115282,116113,115112,115955,1330
20170518,043000,115944,116152,114694,114886,1859
20170519,043000,114909,115162,114490,114886,1322
20170520,043000,114909,115282,114278,114886,1986
20170521,043000,114898,115209,114778,115016,745
20170522,043000,115028,115401,114620,115316,1275
20170523,043000,115328,115478,114790,114801,850
20170524,043000,114812,114932,114608,114909,552
20170525,043000,114898,115040,114694,114801,596
20170526,043000,114812,115244,114790,115102,619
20170527,043000,115084,115514,115059,115319,676
20170528,043000,114802,114948,114526,114914,733
20170529,043000,114896,114990,114475,114502,637
20170530,043000,114519,114631,113996,114090,842
20170531,043000,114065,114090,113713,114030,720
20170601,043000,114013,114030,113678,113926,618
20170602,043000,113944,114330,113567,114296,1175
20170603,043000,114313,114632,114296,114561,425
20170604,043000,114578,114690,114561,114613,224
20170605,043000,114631,114690,114278,114330,524
20170606,043000,114313,115375,114313,115169,1269
20170607,043000,115186,115856,114819,115084,1973
20170608,043000,115059,115196,114561,114673,885
20170609,043000,114656,114698,113944,114038,891
20170610,043000,114020,114338,113961,114226,549
20170611,043000,114244,114467,114209,114313,448
20170612,043000,114338,114382,114013,114108,509
20170613,043000,114125,114408,113661,114278,1342
20170614,043000,114296,114673,113713,113763,1388
20170615,043000,113780,114219,113619,113747,1168
20170616,043000,113772,113936,113636,113902,471
20170617,043000,113884,114452,113859,114219,852
20170618,043000,114236,114690,114184,114578,671
20170619,043000,114561,114623,113902,113902,784
20170620,043000,113919,114090,113772,113944,612
20170621,043000,113961,114202,113902,114030,532
20170622,043000,114055,114646,113996,114492,864
20170623,043000,114475,114732,114475,114603,387
20170624,043000,114586,115720,114561,115315,1590
20170625,043000,115298,115675,115298,115598,455
20170626,043000,115581,115640,114552,114698,1294
20170627,043000,114681,115264,114646,115246,672
20170628,043000,115229,115831,115109,115667,1007
20170629,043000,115684,115831,115573,115702,499
20170630,043000,115726,115752,115402,115581,556
20170701,043000,115556,116131,115556,116098,609
20170702,043000,116086,116120,115916,115990,313
20170703,043000,116002,116052,114678,115040,1787
20170704,043000,115028,115232,114620,114694,891
20170705,043000,114705,114855,114370,114744,932
20170706,043000,114732,114824,114592,114705,438
20170707,043000,114716,114766,113601,113720,1335
20170708,043000,113708,114116,113470,113601,1186
20170709,043000,113590,113758,113504,113736,363
20170710,043000,113724,113747,113193,113720,1105
20170711,043000,113770,113805,113158,113470,995
20170712,043000,113458,113901,113447,113708,659
20170713,043000,113720,113808,113278,113436,777
20170714,043000,113424,114194,113324,113962,1203
20170715,043000,113974,114308,113647,113720,1069
20170716,043000,113732,113747,113420,113686,609
20170717,043000,113674,113866,113630,113855,292
20170718,043000,113866,114047,113651,113862,789
20170719,043000,113851,113986,113590,113912,732
20170720,043000,113901,114128,113720,113986,732
20170721,043000,113974,114898,113936,114728,1171
20170722,043000,114740,115232,114512,114586,1287
20170723,043000,114574,114708,114434,114612,511
20170724,043000,114601,115162,114574,115028,750
20170725,043000,115078,115209,114790,114862,623
20170726,043000,114851,116024,114620,116013,1647
20170727,043000,116024,116494,115928,116194,963
20170728,043000,116182,117009,116120,116940,1021
20170729,043000,116952,117717,116878,117706,925
20170730,043000,117694,118517,117694,117910,1431
20170731,043000,117960,118010,117152,117717,1474
20170801,043000,117706,118136,117502,117932,1043
20170802,043000,117982,118186,117598,117971,1166
20170803,043000,117921,118325,117771,118090,940
20170804,043000,118078,118271,117298,117598,1467
20170805,043000,117713,117760,117321,117510,676
20170806,043000,117498,117724,117178,117224,819
20170807,043000,117213,117382,117094,117213,577
20170808,043000,117224,117752,117140,117359,1090
20170809,043000,117409,118436,117371,118244,1296
20170810,043000,118256,118614,118221,118498,545
20170811,043000,118548,119471,118452,119352,1235
20170812,043000,119364,119686,118525,118717,1676
20170813,043000,118694,118906,118390,118725,1002
20170814,043000,118736,118775,117898,117910,929
20170815,043000,117898,117994,117574,117778,721
20170816,043000,117767,118414,117524,118221,1327
20170817,043000,118232,118714,118198,118571,694
20170818,043000,118521,119290,118328,118582,1864
20170819,043000,118532,118582,118113,118210,617
20170820,043000,118232,118606,118210,118594,431
20170821,043000,118582,118917,118498,118628,793
20170822,043000,118640,118848,118306,118690,1035
20170823,043000,118678,119217,118628,119156,701
20170824,043000,119206,119564,118978,119217,1162
20170825,043000,119206,119710,118890,119625,1222
20170826,043000,119614,120779,119614,120729,1216
20170827,043000,120718,121487,120718,121233,1024
20170828,043000,121222,122194,120922,121894,1873
20170829,043000,121883,123287,121883,122087,2605
20170830,043000,122076,122687,121860,122518,1213
20170831,043000,122506,124091,122098,124030,2463
20170901,043000,124041,125042,123838,125003,1447
20170902,043000,124992,126057,124992,125580,1543
20170903,043000,125592,126876,125530,126818,1467
20170904,043000,126830,127057,125353,125568,2147
20170905,043000,125580,126130,124738,125864,2501
20170906,043000,125853,126214,125110,125195,1551
20170907,043000,125207,126742,125195,126730,1572
20170908,043000,126753,128026,126730,126934,2412
20170909,043000,126922,126922,126730,126776,239
20170910,043000,126826,127042,126253,126264,1017
20170911,043000,126253,126264,125122,125134,1166
20170912,043000,125122,125988,125095,125903,1006
20170913,043000,125914,126084,124910,124995,1430
20170914,043000,124984,125218,124306,124992,1817
20170915,043000,125003,125226,124318,124468,1282
20170916,043000,124418,124518,123610,123768,1167
20170917,043000,123756,123791,122876,122926,1001
20170918,043000,122948,122950,121741,122122,1593
20170919,043000,122172,122348,120994,121556,2093
20170920,043000,121568,122310,120660,120887,2620
20170921,043000,120837,121044,119629,119832,1826
20170922,033000,119844,120218,119425,119702,1445
20170923,033000,119714,120486,119702,120475,808
20170924,033000,120498,121591,120329,121244,1779
20170925,033000,121256,123118,120933,123034,2593
20170926,033000,123084,123122,121272,121368,1985
20170927,033000,121356,121394,120633,121018,1185
20170928,033000,121006,121606,120929,121498,863
20170929,033000,121510,121691,120887,120898,997
20170930,033000,120887,120922,120814,120875,205
20171002,033000,120825,120825,120394,120598,636
20171003,033000,120586,121102,120418,120729,1226
20171004,033000,120740,122041,120740,121668,1675
20171005,033000,121656,121894,121006,121079,1200
20171006,033000,121056,121318,120298,121283,1814
20171007,033000,121272,122806,121272,122722,1619
20171008,033000,122698,123988,122387,123595,2306
20171009,033000,123606,125822,123572,125376,2731
20171010,033000,125388,125580,124322,124426,1555
20171011,033000,124403,124810,124030,124726,1238
20171012,033000,124714,125410,124606,125230,1093
20171013,033000,125218,125376,124545,124618,1063
20171014,033000,124606,125014,124114,124438,1633
20171015,033000,124414,124714,123914,124426,1589
20171016,033000,124414,124680,123384,123456,1635
20171017,033000,123480,123576,122268,123310,2447
20171018,033000,123322,123491,122483,123006,1701
20171019,033000,122984,123395,122734,123045,1262
20171020,033000,123034,123145,121991,122314,1589
20171021,033000,122326,122556,122014,122087,846
20171022,033000,122076,122268,121590,121652,933
20171023,033000,121640,123072,121444,122914,1983
20171024,033000,122902,123026,122483,122680,865
20171025,033000,122630,122902,122189,122710,1347
20171026,033000,122722,123118,122098,122183,1502
20171027,033000,122133,122483,121787,122483,1043
20171028,033000,122494,124210,122398,124210,1909
20171029,033000,124199,124222,123564,123984,1102
20171030,033000,123960,124210,123564,124045,1208
20171031,033000,124056,124102,123334,123795,1276
20171101,033000,123818,124406,123695,124056,1185
20171102,033000,124068,124618,123984,124199,1138
20171103,033000,124188,124380,123418,123791,1528
20171104,033000,123802,124234,123599,123802,1271
20171105,033000,123791,124391,123718,124391,747
20171106,033000,124380,125018,124210,124980,1017
20171107,033000,124992,125003,124030,124341,1296
20171108,033000,124330,125326,124284,124930,1485
20171109,033000,124918,125518,124834,125422,865
20171110,033000,125434,125434,124426,124630,1213
20171111,033000,124618,125122,124284,124391,1450
20171112,033000,124368,126061,124318,125772,2083
20171113,033000,125784,126611,125746,126253,1262
20171114,033000,126203,126288,125122,126096,2226
20171115,033000,126107,126130,125334,125460,946
20171116,033000,125449,125784,125245,125603,925
20171117,033000,125592,127104,125580,127068,1573
20171118,033000,127057,127200,126576,126672,864
20171119,033000,126684,126696,126372,126468,433
20171120,033000,126480,127188,125307,125426,2709
20171121,033000,125438,126622,125403,126311,1566
20171122,033000,126322,127272,126276,126984,1331
20171123,033000,126996,127154,126611,127068,1015
20171124,033000,127018,127392,126922,127200,759
20171125,033000,127188,128100,127176,127307,1730
20171126,033000,127318,128111,127115,127957,1354
20171127,033000,127969,128638,127907,128342,1090
20171128,033000,128330,128988,128088,128880,1251
20171129,033000,128830,130116,128808,129673,1774
20171130,033000,129662,129700,128796,129376,1523
20171201,033000,129365,130169,129219,129858,1408
20171202,033000,129808,130392,129634,130180,1145
20171203,033000,130192,130316,129996,130080,529
20171204,033000,130069,131292,129823,131208,1800
20171205,033000,131196,131604,130573,130777,1644
20171206,033000,130788,130970,130250,130500,1153
20171207,033000,130488,130500,129162,129184,1373
20171208,033000,129196,129388,128171,128548,1787
20171209,033000,128565,128665,127688,128086,1476
20171210,033000,128052,128999,128052,128536,1411
20171211,033000,128571,129128,128065,128176,1732
20171212,033000,128159,128494,127696,128124,1562
20171213,033000,128142,128477,127748,128330,1271
20171214,033000,128348,128521,127910,128305,1180
20171215,033000,128288,128622,128116,128142,867
20171216,033000,128159,130200,127765,129515,1
20171223,033000,129504,134393,129323,134382,1
20171230,033000,134393,140240,133366,135997,1
20180106,033000,135986,141636,135901,141360,1
20180113,033000,141348,142310,139240,142236,1
20180120,033000,142248,145598,142202,143870,1
20180127,033000,143850,147406,143697,147353,1
20180207,033000,147902,149353,147237,147585,173
20180208,033000,147573,147742,146705,147692,105
20180209,033000,147642,147692,147196,147280,167
20180210,033000,147338,149307,147326,149100,159
20180211,033000,149076,149246,148922,148996,123
20180212,033000,149046,153192,149046,152873,199
20180213,033000,152823,154800,151696,151796,180
20180214,033000,151846,151896,149288,149592,156
20180215,033000,149542,150984,148330,148572,185
20180216,033000,148522,150000,148522,149180,150
20180217,033000,149080,149080,142714,142714,32
20180218,033000,142880,144649,140507,143076,50
20180219,033000,143026,143906,141772,143364,40
20180220,033000,143114,143114,142164,142164,4
20180221,033000,141898,143102,141122,141840,47
20180222,033000,141640,142860,141360,142860,22
20180223,033000,143500,143500,143500,143500,1
20180224,033000,143517,145365,143517,145157,33
20180225,033000,145319,146935,145319,146935,38
20180226,033000,146743,149734,146743,149543,42
20180227,033000,149589,149636,146790,146905,29
20180228,033000,147052,148252,146313,147398,38
20180301,033000,147560,147745,146798,147514,17
20180302,033000,147860,148483,147860,148483,2
20180303,033000,148576,149084,148322,149084,18
20180304,033000,149037,149591,148553,149084,38
20180305,033000,149476,149638,148553,148553,33
20180306,033000,148668,149822,148460,149591,37
20180307,033000,149707,150515,149591,149591,30
20180308,033000,149684,150122,149453,149776,19
20180309,033000,149822,150053,149822,150053,2
20180310,033000,149938,151669,149938,151419,32
20180311,033000,151369,151792,150915,150915,35
20180312,033000,150846,151784,150846,151784,38
20180313,033000,151923,153304,151842,153304,29
20180314,033000,153327,153831,153077,153077,40
20180315,033000,153123,153123,151312,152008,29
20180316,033000,152058,152200,152000,152050,7
20180317,033000,151877,151950,151096,151288,32
20180318,033000,151338,153185,151338,152177,40
20180319,033000,152277,153285,152277,153235,29
20180320,033000,153292,153342,153242,153342,3
20180321,033000,153442,153442,153442,153442,1
20180322,043000,153341,153341,153336,153336,2
20180323,043000,153371,155365,153371,155365,5
20180324,043000,155410,156508,155410,156508,3
20180325,043000,158609,159990,158609,159990,6
20180326,043000,160440,162294,160440,162078,13
20180327,043000,161878,161928,159544,159544,15
20180328,043000,158574,158944,157744,157794,79
20180329,043000,157844,158970,157732,158970,72
20180330,043000,159070,159186,159070,159186,2
20180331,043000,159174,159294,159174,159294,3
20180401,043000,159344,159344,159294,159294,3
20180402,043000,159344,160467,159294,160467,55
20180403,043000,160417,161574,159940,160040,110
20180404,043000,159990,160794,159990,160190,100
20180405,043000,160240,160809,159509,160728,84
20180406,043000,160778,160863,160478,160863,85
20180407,043000,161117,167118,161117,167118,56
20180408,043000,166656,174654,166656,170815,97
20180409,043000,170765,178582,160170,160370,134
20180410,043000,160420,168080,156243,157578,124
20180411,043000,157528,167118,157528,165560,131
20180412,043000,165510,165626,163421,164060,74
20180413,043000,164110,165337,164010,164548,135
20180414,043000,165198,167599,165198,166098,30
20180415,043000,166330,169953,166330,169903,87
20180416,043000,169853,172723,169803,170096,207
20180417,043000,170146,171546,168392,168892,139
20180418,043000,168834,170111,168653,168776,169
20180419,043000,168726,170384,168676,170000,189
20180420,043000,169950,170022,169638,170022,170
20180421,043000,170011,172723,170011,170922,97
20180422,043000,171122,171296,169422,169853,155
20180423,043000,169803,169903,168726,169314,250
20180424,043000,169364,171404,169314,171404,242
20180425,043000,171354,171511,171007,171261,233
20180426,043000,171211,172500,171211,172365,197
20180427,043000,172315,172977,172315,172977,147
20180428,043000,173177,173600,172508,173600,76
20180429,043000,173550,177082,173492,176385,103
20180430,043000,176335,180240,176235,180090,280
20180501,043000,180040,184317,179932,182013,194
20180502,043000,182063,187260,182013,187060,237
20180503,043000,187110,189780,186744,188172,322
20180504,043000,188122,189514,186622,189299,162
20180505,043000,189549,200604,189549,200604,92
20180506,043000,201404,208479,195408,196585,182
20180507,043000,196635,196989,181932,186664,275
20180508,043000,186714,196958,184210,196346,233
20180509,043000,196296,203174,192622,194280,205
20180510,043000,194230,200878,194230,200878,181
20180511,043000,200828,203682,200604,200886,166
20180512,043000,200793,201062,196077,196320,157
20180513,043000,195570,195854,190407,190714,231
20180514,043000,190764,190907,183082,184128,272
20180515,043000,184078,186772,182602,185675,258
20180516,043000,185625,186779,183886,185179,245
20180517,043000,185129,186086,184232,185710,186
20180518,043000,185660,185710,184944,185229,87
20180519,043000,184478,184582,181798,182013,129
20180520,043000,182024,184444,179386,183713,188
20180521,043000,183663,190476,182602,189149,274
20180522,043000,189099,189564,185014,186829,178
20180523,043000,186779,188718,185818,188014,241
20180524,043000,188064,190876,187964,190826,217
20180525,043000,190776,190876,189638,189638,133
20180526,043000,189464,189514,187906,189176,116
20180527,043000,189084,191014,188818,190403,159
20180528,043000,190353,194762,190210,194712,198
20180529,043000,194762,199693,194712,199693,290
20180530,043000,199643,200870,195408,196670,236
20180531,043000,196720,197281,196477,196858,115
20180601,043000,196908,196908,194438,194438,137
20180602,043000,194208,195300,191496,194546,178
20180603,043000,194346,197496,194115,197016,97
20180604,043000,197066,197116,196966,197116,79
20180605,043000,200282,201998,199112,200390,196
20180606,043000,200340,200390,198185,198996,86
20180607,043000,198746,200272,198516,199212,92
20180608,043000,199262,199370,197778,197870,104
20180609,043000,197985,201724,197712,201408,152
20180610,043000,201958,205106,201955,202752,206
20180611,043000,202802,206821,202586,205428,279
20180612,043000,205371,210568,205321,210130,174
20180613,043000,210534,217804,209980,212018,301
20180614,043000,211968,212499,207733,209126,252
20180615,043000,209176,209176,206390,206764,175
20180616,043000,206314,206364,205263,205478,52
20180617,043000,205278,211695,204782,211480,222
20180618,043000,211530,214480,210676,211853,285
20180619,043000,211903,217962,211803,217912,257
20180620,043000,217962,220970,216677,220108,274
20180621,043000,220158,222786,219900,220139,214
20180622,043000,220489,224716,220339,224716,146
20180623,043000,224659,246790,224659,242993,320
20180624,043000,242936,274010,241278,257880,320
20180625,043000,257930,259254,233180,236022,275
20180626,043000,236072,244112,231248,239181,175
20180627,043000,239131,240042,230287,240042,208
20180628,043000,239992,253702,239885,243250,311
20180629,043000,243200,244794,241808,244486,134
20180630,043000,244836,247220,235376,236180,194
20180701,043000,236030,245720,236030,244858,202
20180702,043000,244808,249575,242504,243947,266
20180703,043000,243897,243947,239181,240400,218
20180704,043000,240450,240874,232141,233660,305
20180705,043000,233610,233660,227178,227825,300
20180706,043000,231325,239504,231325,237415,184
20180707,043000,236815,236984,232002,235003,218
20180708,043000,234303,237573,234092,235161,164
20180709,043000,235211,235376,233610,234042,151
20180710,043000,234092,234142,228306,228894,253
20180711,043000,228844,229002,224974,225952,325
20180712,043000,226002,229906,225952,229218,181
20180713,043000,229268,229268,227610,228198,132
20180714,043000,228348,237092,228348,236072,214
20180715,043000,236130,241485,235003,235111,262
20180716,043000,235161,236719,229375,230660,292
20180717,043000,230610,236876,228936,236504,280
20180718,043000,236454,238808,235915,237680,213
20180719,043000,237630,243112,237042,242778,338
20180720,043000,242728,243466,240524,240574,190
20180721,043000,241092,252202,241092,252202,174
20180722,043000,252952,268344,252952,267951,150
20180723,043000,268001,279530,267901,275784,288
20180724,043000,275684,280096,267189,268632,504
20180725,043000,268682,272541,263908,268455,550
20180726,043000,268405,277092,267966,276968,448
20180727,043000,279287,279461,274880,277076,426
20180728,043000,277726,290828,275518,290656,414
20180729,043000,293706,317442,293706,317442,348
20180730,043000,320201,334500,310841,318805,106
20180731,043000,316266,321306,289365,298568,457
20180801,043000,301088,307500,293644,301722,396
20180802,043000,300100,308648,299000,308301,250
20180803,043000,305350,306289,302157,304896,347
20180804,043000,303973,303973,287778,287996,409
20180805,043000,287233,287778,273710,285916,548
20180806,043000,287738,288830,270864,272816,531
20180807,043000,272239,273121,258145,259521,489
20180808,043000,259405,289306,258125,288690,614
20180809,043000,291774,304460,288254,294633,546
20180810,043000,294479,308164,294479,307337,411
20180811,043000,305606,306170,293604,294234,518
20180812,043000,293971,298441,290260,293132,349
20180813,043000,293232,301144,292786,300375,336
20180814,043000,301258,303334,295178,295915,513
20180815,043000,295489,296421,288511,290113,481
20180816,043000,291363,296857,288671,295588,547
20180817,043000,295550,298043,292665,293267,403
20180818,043000,292934,293934,288677,290395,229
20180819,043000,287979,294748,287299,291126,293
20180820,043000,291142,293274,290267,291614,276
20180821,043000,291652,296460,291614,296094,378
20180822,043000,295940,296389,295351,295524,172
20180823,043000,295485,295703,293953,294088,212
20180824,043000,294203,294550,293601,294126,305
20180825,043000,294742,295165,292126,293511,434
20180826,043000,293678,296236,293440,295768,357
20180827,043000,295690,305005,295690,304133,414
20180828,043000,304749,310659,304480,306383,304
20180829,043000,306518,310762,303967,310762,411
20180830,043000,310647,314288,310006,311358,304
20180831,043000,311397,311550,309531,309608,284
20180901,043000,309723,319372,307634,318269,378
20180902,043000,318769,336661,318769,334071,465
20180903,043000,334225,355592,332520,345584,574
20180904,043000,346162,365406,346162,360287,545
20180905,043000,360934,380762,357172,371035,516
20180906,043000,370596,370827,356766,357467,462
20180907,043000,357559,358136,347765,354931,514
20180908,043000,354807,357769,345469,347618,617
20180909,043000,347456,347525,334436,344500,387
20180910,043000,344505,370409,344477,368037,441
20180911,043000,367391,390669,367391,372849,448
20180912,043000,372410,374833,360084,371720,373
20180913,043000,371928,380517,371928,374651,364
20180914,043000,374605,376772,374224,375306,184
20180915,043000,375260,383714,371293,383714,263
20180916,043000,392264,397096,383790,391818,295
20180917,043000,392448,394819,389494,394346,109
20180918,043000,394692,402757,394692,402264,159
20180921,043000,401986,401986,393274,393274,43
20180922,033000,395582,405399,394196,403668,269
20180923,033000,403206,422713,399732,418982,438
20180924,033000,418751,454238,418751,452564,477
20180925,033000,450718,491122,436535,490922,512
20180926,033000,486882,557618,481405,557618,299
20180927,033000,551154,551154,465960,488971,251
20180929,033000,488914,504515,455634,490882,373
20180930,033000,490843,498739,475735,481428,340
20181001,033000,478734,484730,425974,425974,367
20181002,033000,419865,425944,357339,407181,91
20181003,033000,407202,407202,385521,385521,3
20181004,033000,390138,390138,376318,383237,8
20181006,033000,390155,390155,360174,366632,20
20181007,033000,355562,383200,338266,378625,27
20181008,033000,378394,410912,369399,406299,109
20181009,033000,412064,437663,412064,430514,109
20181010,033000,432820,444351,418983,425440,81
20181011,033000,421289,429361,418983,427747,62
20181012,033000,425902,425902,423595,423595,5
20181013,033000,421289,422904,408605,415524,42
20181014,033000,413350,413350,389352,389352,83
20181015,033000,388895,409784,385351,409784,61
20181016,033000,410124,427685,410124,418643,104
20181017,033000,419574,423354,409658,412237,65
20181018,033000,410864,412176,407521,410220,20
20181020,033000,408845,408845,394352,394352,55
20181021,033000,393984,408379,393984,407890,72
20181022,033000,408624,411893,405931,408302,39
20181023,033000,408009,408214,403502,406910,44
20181024,033000,407104,407359,401892,402291,17
20181025,033000,401893,404187,401642,403596,10
20181027,033000,404102,413397,404102,411825,50
20181028,033000,412754,424158,412754,422895,36
20181029,033000,424100,438246,424100,437367,34
20181031,033000,438112,453007,429541,430231,80
20181101,033000,429290,429290,416224,419673,77
20181103,033000,420552,425919,413915,423383,184
20181104,033000,423605,437462,423605,436982,155
20181105,033000,438616,442541,432152,435328,98
20181106,033000,428228,432845,425688,431691,91
20181109,033000,424765,424765,424765,424765,1
20181110,033000,424765,430536,419225,421995,106
20181111,033000,422242,422242,408836,409641,155
20181112,033000,401680,408672,398743,398743,143
20181113,033000,399371,399371,383421,387158,173
20181114,033000,388983,389907,359665,360532,139
20181115,033000,346276,362435,335887,355421,96
20181117,033000,346276,380421,336349,380421,215
20181118,033000,382058,400218,380927,387829,105
20181119,033000,390127,390127,372593,374670,64
20181120,033000,376853,387367,375379,379948,181
20181121,033000,379749,383212,376517,380760,149
20181122,033000,376979,378860,369822,371710,92
20181123,033000,370130,370130,361550,363120,20
20181124,033000,367514,371669,360120,367110,173
20181125,033000,369822,369822,369361,369592,3
20181126,033000,364282,367745,361050,362250,139
20181127,033000,357818,361720,349508,349750,116
20181128,033000,348123,350260,330578,330578,86
20181129,033000,326653,345583,318530,344250,59
20181130,033000,341197,342650,340966,341800,8
20181201,033000,331501,340504,326653,337130,205
20181202,033000,339120,357590,339120,355750,229
20181203,033000,356433,356440,337734,339660,209
20181204,033000,339812,342120,333579,339580,218
20181205,033000,336580,340735,335195,339604,128
20181206,033000,344221,350916,342143,344452,131
20181207,033000,346068,346068,345837,345837,2
20181208,033000,347222,353225,346299,347915,160
20181209,033000,346530,346991,334755,336141,155
20181210,033000,332447,334986,323212,323212,152
20181211,033000,323674,325059,307052,309360,206
20181212,033000,308206,319287,304281,319287,207
20181213,033000,320904,327368,315132,315132,127
20181214,033000,313978,313978,313978,313978,1
20181215,033000,310515,314901,302434,303589,185
20181216,033000,301280,305666,298740,304743,179
20181217,033000,307052,310053,301049,301049,119
20181218,033000,300818,307513,300818,307513,140
20181219,033000,307052,308206,302203,302896,140
20181220,033000,302665,305205,302203,304974,30
20181221,033000,304281,304281,304281,304281,1
20181222,033000,304743,306128,303589,304974,106
20181223,033000,305897,310284,305897,308437,144
20181224,033000,308668,316286,308668,315363,150
20181225,033000,320211,349069,319518,340296,272
20181226,033000,348607,367077,327829,334755,231
20181227,033000,333601,333601,324828,327599,111
20181228,033000,325290,325290,322058,322058,9
20181229,033000,320904,331292,315132,330831,220
20181230,033000,331985,339373,330369,339373,202
20181231,033000,340296,341912,336141,336372,152
20190101,033000,331292,334755,328060,328984,51
20190102,033000,330369,333601,328060,333139,139
20190103,033000,336141,338911,334986,335679,69
20190104,033000,335910,336372,334525,335217,6
20190105,033000,336602,337295,329676,332447,121
20190106,033000,331754,339373,331754,338911,125
20190107,033000,339142,344914,338449,343528,94
20190108,033000,342143,344683,339373,342836,125
20190109,033000,341220,349069,340065,347453,101
20190110,033000,347915,352301,347684,347684,64
20190111,033000,349531,349531,348377,349069,8
20190112,033000,350223,360843,350223,359689,151
20190113,033000,360382,366615,347915,349762,129
20190114,033000,346530,355995,344914,353686,98
20190115,033000,355764,357380,353225,356688,60
20190116,033000,355764,362459,355764,362459,220
20190117,033000,363383,365900,359689,359689,140
20190118,033000,358535,359689,358535,359689,4
20190119,033000,358766,364700,357380,363100,132
20190120,033000,363400,370700,363400,367538,61
20190121,033000,368000,373700,366400,371000,304
20190122,033000,370300,374200,363600,367538,308
20190123,033000,367100,371000,364100,366100,228
20190124,033000,364883,367100,364100,366384,113
20190125,033000,366846,369385,366846,369385,8
20190126,033000,371001,373079,370540,373079,46
20190127,033000,374464,375400,371900,371925,167
20190128,033000,372100,374900,370300,374464,132
20190129,033000,376300,380200,375600,377466,223
20190130,033000,377400,380236,374700,375388,195
20190131,033000,375600,376700,371001,371694,164
20190201,033000,372387,372848,369385,369385,18
20190202,033000,370309,370309,353000,357100,365
20190203,033000,356700,364700,353000,362459,351
20190204,033000,362400,368924,362400,367308,236
20190205,033000,367300,371925,366100,370078,255
20190206,033000,371000,372100,365400,366100,190
20190207,033000,364700,370309,364700,369154,111
20190208,033000,369616,371001,369616,370309,9
20190209,033000,368700,371694,368700,370500,21
20190210,033000,371400,376311,371400,374400,47
20190211,033000,373541,373541,369800,371700,76
20190212,033000,372848,380467,372100,380000,217
20190213,033000,379700,383699,377200,382500,274
20190214,033000,381600,383237,376700,380467,138
20190215,033000,380929,380929,379543,380929,5
20190216,033000,379500,390625,379100,390625,246
20190217,033000,390100,399860,389900,399398,348
20190218,033000,398200,429410,398200,413500,479
20190219,033000,412100,426800,408800,425947,424
20190220,033000,434028,440700,429200,437000,408
20190221,033000,438600,439500,417175,419021,273
20190222,033000,414404,421099,408633,419021,30
20190223,033000,417400,445571,417400,445571,415
20190224,033000,445300,454500,434951,437491,466
20190225,033000,437500,445500,422700,434028,414
20190226,033000,433500,439799,424500,431488,392
20190227,033000,431500,432200,425947,427333,240
20190228,033000,426400,432181,423800,432181,149
20190301,033000,432412,432643,429641,430565,13
20190302,033000,434028,436336,425717,425717,149
20190303,033000,421800,421800,404015,406300,223
20190304,033000,405100,406100,397782,402399,265
20190305,033000,402861,422946,402800,420176,283
20190306,033000,422700,429600,410900,412096,151
20190307,033000,414404,416000,410500,415559,106
20190308,033000,419483,419483,416944,418098,6
20190309,033000,422000,422000,416700,420600,196
20190310,033000,420638,421100,413200,413900,246
20190311,033000,413700,413700,408800,409556,237
20190312,033000,409100,411865,407200,411403,237
20190313,033000,411800,424331,411600,424331,302
20190314,033000,424100,424300,418300,419483,167
20190315,033000,420638,420638,418560,418560,6
20190316,033000,417867,418560,414600,417100,161
20190317,033000,416500,416700,414400,414866,111
20190318,033000,415300,422500,415300,420600,114
20190319,033000,421500,425486,420800,425024,27
20190320,033000,425486,429872,425486,429872,4
20190321,033000,430334,430334,429872,429872,2
20190323,043000,429410,429410,427102,427102,4
20190324,043000,425947,425947,424331,425486,8
20190325,043000,425947,429410,425947,429410,4
20190326,043000,429641,432873,428256,432181,19
20190327,043000,433335,435182,432181,434028,11
20190328,043000,433566,433566,430100,430100,36
20190329,043000,431000,432200,430800,430800,47
20190330,043000,430500,430500,427500,429400,65
20190331,043000,429410,432200,429410,430500,55
20190401,043000,430300,430300,428200,428500,47
20190402,043000,429410,429641,429180,429410,3
20190403,043000,428949,428949,428200,428500,4
20190404,043000,428900,428900,427564,428256,26
20190405,043000,428949,429180,428256,428718,7
20190406,043000,428200,434500,428200,434000,210
20190407,043000,436106,441646,433500,440900,277
20190408,043000,441200,470500,440900,464000,546
20190409,043000,463579,480900,451343,457300,581
20190410,043000,455498,461000,438414,440000,416
20190411,043000,439800,444417,439800,442339,36
20190412,043000,443493,445571,438183,438183,10
20190413,043000,440261,443200,424300,430500,219
20190414,043000,431719,440200,431027,439500,218
20190415,043000,441415,444400,430800,430800,301
20190416,043000,431027,431027,422900,424500,269
20190417,043000,427564,433500,427100,429200,263
20190418,043000,431257,431257,425947,428256,129
20190419,043000,428487,429872,427564,428949,22
20190420,043000,431027,432181,425700,428700,193
20190421,043000,428500,428700,426200,426200,42
20190422,043000,431719,440492,429800,436800,305
20190423,043000,439107,439107,432800,435600,216
20190424,043000,435182,440723,433300,440200,207
20190425,043000,440000,440000,437700,437700,126
20190426,043000,438645,439500,437000,438200,31
20190427,043000,438183,447200,438183,446200,214
20190428,043000,446956,449900,444800,448300,170
20190429,043000,446725,447800,443000,443500,208
20190430,043000,444648,447600,443000,446500,155
20190501,043000,447880,453900,447880,453200,209
20190502,043000,453400,455200,453200,454300,118
20190503,043000,455200,456400,454300,454344,24
20190504,043000,453882,462200,452900,461900,217
20190505,043000,464964,469350,454100,457300,286
20190506,043000,456900,465900,456600,465900,250
20190507,043000,469350,471600,463300,466300,312
20190508,043000,467503,471900,465200,469581,278
20190509,043000,470966,473700,469800,472800,207
20190510,043000,471400,472800,468400,469300,47
20190511,043000,470966,472300,456200,458730,392
20190512,043000,460577,460577,450400,457300,298
20190513,043000,458500,461000,453400,458700,193
20190514,043000,460577,464500,458900,462600,218
20190515,043000,462424,462424,455500,455500,277
20190516,043000,454300,454800,450400,452700,191
20190517,043000,452000,452500,449000,449200,34
20190518,043000,451574,452700,443900,445500,275
20190519,043000,446725,446956,431000,435800,354
20190520,043000,434028,434028,409325,416700,254
20190521,043000,419021,431200,409800,431000,384
20190522,043000,433566,440500,430100,437200,316
20190523,043000,437700,437900,426800,428900,224
20190524,043000,428500,432873,428500,430800,57
20190525,043000,434028,437491,428700,431500,277
20190526,043000,430103,434200,427500,432600,233
20190527,043000,430800,431000,428200,428500,44
20190528,043000,426600,426600,416500,416500,306
20190529,043000,412557,423100,407700,420100,337
20190530,043000,419900,422500,417800,420400,177
20190531,043000,420600,421800,419500,421300,49
20190601,043000,423177,424101,418500,418500,267
20190602,043000,417405,418300,409100,411600,280
20190603,043000,411800,416020,410200,416020,266
20190604,043000,417175,417175,415500,415500,20
20190605,043000,415800,416500,415100,415100,22
20190606,043000,413900,414800,412100,412300,14
20190607,043000,411172,419900,411172,419900,8
20190608,043000,419714,421300,411600,411600,319
20190609,043000,410018,412100,406300,410200,338
20190610,043000,410000,416500,407200,414400,314
20190611,043000,414404,415559,409300,411400,366
20190612,043000,412300,417600,410200,417400,278
20190613,043000,418100,431900,417800,430100,388
20190614,043000,431900,432600,425500,425500,55
20190615,043000,425200,432800,423600,432800,311
20190616,043000,433797,438200,433100,434000,393
20190617,043000,432600,433500,426400,426600,303
20190618,043000,429410,430300,423100,424300,344
20190619,043000,424100,429400,422500,426400,382
20190620,043000,430500,439100,429400,437000,284
20190621,043000,437900,437900,433100,433100,66
20190622,043000,434028,435200,428500,431200,301
20190623,043000,435182,437500,431500,437000,213
20190624,043000,440000,440900,436100,437000,257
20190625,043000,438645,441200,437900,438800,225
20190626,043000,434700,436500,433100,435200,184
20190627,043000,434700,436100,433500,434700,98
20190628,043000,434900,436500,434700,434700,13
20190629,043000,433300,433500,432200,433100,26
20190630,043000,433104,433800,427500,428200,192
20190701,043000,425200,429200,422200,425200,192
20190702,043000,427564,428025,423800,425900,182
20190703,043000,431719,433100,428900,432800,187
20190704,043000,431900,435800,431700,434700,78
20190705,043000,434000,434500,431200,432800,20
20190706,043000,435182,437700,434200,436100,155
20190707,043000,436567,436567,429400,430800,191
20190708,043000,430300,431700,426800,427500,149
20190709,043000,427800,429400,426400,428700,140
20190710,043000,428500,428900,425700,428500,97
20190711,043000,429600,430500,428500,428500,59
20190712,043000,428000,428000,427100,427500,19
20190713,043000,425000,426200,417800,418300,145
20190714,043000,418500,421500,415300,417800,176
20190715,043000,418800,418800,406800,407700,207
20190716,043000,407900,408600,386900,389932,288
20190717,043000,383237,398900,370500,393600,222
20190718,043000,393800,401700,392700,399860,264
20190719,043000,397089,398400,396100,396100,14
20190720,043000,392703,401707,386200,401707,279
20190721,043000,405631,408400,401400,403784,234
20190722,043000,405400,411403,401700,411403,182
20190723,043000,411400,424101,411400,416713,217
20190724,043000,411600,416700,402168,402168,200
20190725,043000,396800,403300,396400,401014,179
20190726,043000,403092,404708,402630,404477,8
20190727,043000,405170,419021,405100,419021,229
20190728,043000,416020,417400,404000,407478,219
20190729,043000,408100,410941,406300,410941,189
20190730,043000,411172,412326,408400,409800,163
20190731,043000,407478,407700,402100,404246,178
20190801,043000,404700,408633,402400,408633,139
20190802,043000,409094,412557,408863,411634,19
20190803,043000,411403,412557,407247,407247,189
20190804,043000,409300,410479,405600,410249,150
20190805,043000,411838,417180,410914,416710,191
20190806,043000,415330,416480,412530,413223,197
20190807,043000,415531,421764,415531,421303,292
20190808,043000,420841,420841,417378,419456,142
20190809,043000,418763,420379,418186,418763,69
20190810,043000,418994,418994,411145,411376,212
20190811,043000,412069,413223,408837,411607,215
20190812,043000,410453,415301,409760,415301,46
20190813,043000,419456,421534,414146,414146,256
20190814,043000,413916,416686,410684,415993,209
20190815,043000,415531,416917,414608,415993,142
20190816,043000,415301,415762,414377,415301,40
20190817,043000,415531,420610,415070,419687,183
20190818,043000,420841,420841,416917,417840,166
20190819,043000,417840,417840,413223,413685,149
20190820,043000,414146,417147,414146,416686,39
20190821,043000,416224,416686,414839,415070,131
20190822,043000,414608,414608,412992,413223,115
20190823,043000,412992,419225,412761,418994,56
20190824,043000,419687,419918,416455,416686,147
20190825,043000,416917,418071,409991,412761,189
20190826,043000,414839,415762,400295,401680,374
20190827,043000,404451,408837,400757,407913,323
20190828,043000,408144,409529,405836,408375,219
20190829,043000,409529,409991,406297,406990,94
20190830,043000,407452,408837,406759,408375,50
20190831,043000,409529,412761,408837,412761,110
20190901,043000,412992,413916,409298,411145,190
20190902,043000,408837,412761,408144,411838,124
20190903,043000,411607,414146,410684,412992,139
20190904,043000,412761,415531,412069,415531,82
20190905,043000,415301,416455,412300,412530,63
20190906,043000,412069,413223,411607,412069,38
20190907,043000,412300,414377,412300,414146,29
20190908,043000,414377,414839,413916,414377,19
20190911,043000,412761,413685,410914,411145,65
20190912,043000,410453,411376,409529,409760,87
20190913,043000,410222,410914,409529,410222,78
20190914,043000,411145,411607,403296,403527,182
20190915,043000,403296,405605,401680,405605,138
20190916,043000,407452,409068,406297,408375,144
20190917,043000,407221,407913,404912,407452,114
20190918,043000,407683,409760,407221,408144,113
20190919,043000,408606,409760,408144,408606,60
20190920,043000,408837,411145,408606,410684,51
20190921,043000,410914,412530,410453,410914,126
20190922,033000,410684,411145,407683,407913,107
20190923,033000,406528,408606,405836,407913,125
20190924,033000,408837,410453,408606,409529,122
20190925,033000,409298,410222,408144,408606,69
20190926,033000,409760,409760,409068,409298,38
20190927,033000,409068,409298,408375,408606,40
20190928,033000,408837,409068,406990,407913,96
20190929,033000,407683,409760,407683,409529,70
20190930,033000,409760,409760,406759,407452,81
20191001,033000,405605,406297,404451,405143,134
20191002,033000,406297,408606,405836,408375,136
20191003,033000,408837,410222,408606,409068,67
20191004,033000,409068,409760,408375,409760,45
20191005,033000,409991,410453,407683,407913,105
20191006,033000,408144,408144,407221,408144,101
20191007,033000,407913,408375,406990,407221,97
20191008,033000,407683,408606,407452,408375,60
20191009,033000,409068,409298,407452,407913,89
20191010,033000,408606,408606,407452,407683,43
20191011,033000,407683,407683,406297,406759,29
20191012,033000,407221,407221,405836,406067,68
20191013,033000,406297,406297,404681,405374,52
20191014,033000,405143,405374,404681,404912,46
20191015,033000,405605,406297,404912,405143,105
20191016,033000,405720,405951,403989,404912,123
20191017,033000,405143,405259,404451,404566,72
20191018,033000,404451,404797,403989,403989,37
20191019,033000,404104,404335,403527,404335,21
20191020,033000,403989,404681,403643,403989,77
20191021,033000,404104,404104,401911,402027,138
20191022,033000,402373,402950,397294,398218,178
20191023,033000,397294,397756,394986,395447,201
20191024,033000,394524,396140,392908,396140,108
20191025,033000,396833,398218,396140,396602,44
20191026,033000,395563,400526,395563,399603,138
20191027,033000,400064,400064,398910,400064,60
20191028,033000,400757,401450,398910,399256,101
20191029,033000,399487,399487,397756,398910,50
20191030,033000,398679,399256,396602,399141,132
20191031,033000,400757,402835,400526,402604,58
20191101,033000,403066,405028,402604,405028,68
20191102,033000,404681,409760,404104,409529,184
20191103,033000,412069,412069,406297,407683,210
20191104,033000,407452,408144,405720,407683,171
20191105,033000,407913,409529,407452,408837,194
20191106,033000,409068,409760,408260,408375,71
20191107,033000,407452,407683,404681,405143,88
20191108,033000,404912,405028,402373,402488,121
20191109,033000,401450,404912,400180,403989,224
20191110,033000,404451,407452,403527,406990,196
20191111,033000,408144,409298,405143,407221,176
20191112,033000,407452,409298,405028,409298,212
20191113,033000,410222,412530,408606,409529,251
20191114,033000,410914,412069,410106,411376,131
20191115,033000,412530,415070,412069,414839,86
20191116,033000,416224,426843,415070,426843,147
20191117,033000,430500,431800,430500,430500,3
20191118,033000,428000,428000,420379,421764,13
20191119,033000,423842,423842,421789,422237,5
20191120,033000,421072,421072,416917,416917,3
20191121,033000,418763,418994,418763,418994,2
20191122,033000,418763,418763,418763,418763,1
20191123,033000,417840,422688,417378,422457,38
20191124,033000,423611,427767,423150,425227,90
20191125,033000,424996,430306,424996,429844,243
20191126,033000,430075,430306,424304,425227,278
20191127,033000,424996,431922,424535,431922,230
20191128,033000,433769,436539,433192,436539,181
20191129,033000,437462,439078,435615,438847,138
20191130,033000,439771,440925,434692,435038,230
20191201,033000,434808,445542,434808,444157,304
20191202,033000,443003,446696,439078,441387,293
20191203,033000,442310,447851,439078,447620,276
20191204,033000,446927,450852,446235,448543,262
20191205,033000,449005,458470,449005,458123,179
20191206,033000,457546,465164,453391,455930,302
20191207,033000,453622,466319,452929,461471,437
20191208,033000,461932,470474,461932,469320,294
20191209,033000,469781,479015,466549,476938,334
20191210,033000,478785,488480,462394,464472,419
20191211,033000,468396,468396,453622,455699,430
20191212,033000,456161,456161,444619,446465,314
20191213,033000,446696,451313,443926,449928,188
20191214,033000,454314,454314,437462,440232,380
20191215,033000,441848,450044,435385,449236,375
20191216,033000,448312,455699,442772,450390,341
20191217,033000,447851,458701,447851,457085,325
20191218,033000,458008,459855,448774,451313,283
20191219,033000,451544,456392,451544,455469,112
20191220,033000,455699,459855,454084,458008,115
20191221,033000,455238,468165,455238,464934,256
20191222,033000,463779,470012,458701,461702,245
20191223,033000,462394,465626,457085,464472,230
20191224,033000,465857,468396,460778,461240,270
20191225,033000,461471,469781,460778,469550,270
20191226,033000,469781,471166,468165,470012,373
20191227,033000,469550,472551,469319,471628,113
20191228,033000,471281,472782,468165,469781,438
20191229,033000,470012,471166,465626,467703,343
20191230,033000,467934,469550,466318,469550,308
20191231,033000,473244,479707,472782,479246,399
20200101,033000,478784,479246,473475,474398,318
20200102,033000,474860,480169,474629,479477,298
20200104,033000,498638,498638,488249,494252,36
20200105,033000,495637,509719,494252,502101,48
20200106,033000,512489,517106,504409,504409,24
20200107,033000,507179,510873,500485,507179,78
20200108,033000,512489,515952,480170,480170,101
20200109,033000,477861,487095,474398,484786,293
20200110,033000,479707,486864,479130,483863,132
20200111,033000,485248,490557,477630,485248,192
20200112,033000,482247,491712,482016,491250,137
20200113,033000,489403,494020,484094,490557,427
20200114,033000,487556,494482,482016,493789,384
20200115,033000,494482,499099,492173,495174,424
20200116,033000,493559,500022,493559,499792,341
20200117,033000,494944,500715,494251,496098,238
20200118,033000,495405,497021,491712,493097,390
20200119,033000,491712,497714,491019,497252,236
20200120,033000,497714,499792,493328,497252,335
20200121,033000,498868,499330,491943,493328,381
20200122,033000,493097,499099,491019,497137,466
20200123,033000,498406,501869,496329,501177,388
20200124,033000,500946,502100,497945,501869,373
20200125,033000,501869,504178,499561,503485,376
20200126,033000,503716,506486,502331,506024,392
20200127,033000,506717,511565,503947,510872,664
20200128,033000,511565,513643,509719,511565,279
20200129,033000,511104,512489,510873,512143,421
20200130,033000,512604,514797,512373,514451,349
20200131,033000,514105,514566,511796,512489,398
20200201,033000,512950,515490,503716,504409,383
20200202,033000,505332,510180,502100,509718,401
20200203,033000,508102,512027,506024,510180,425
20200204,033000,509949,511796,503370,504178,420
20200205,033000,504409,507410,502562,506717,378
20200206,033000,506948,508795,506024,508102,226
20200207,033000,507640,508333,506486,507179,139
20200208,033000,507179,515259,506486,515028,423
20200209,033000,516182,518490,514104,516182,432
20200210,033000,515489,520106,515489,519414,411
20200211,033000,518953,519414,516182,517221,648
20200212,033000,517568,522646,517567,521953,410
20200213,033000,520106,524954,517221,518837,414
20200214,033000,519183,519645,518375,518375,233
20200215,033000,518490,532341,517798,531418,615
20200216,033000,531418,534650,525416,531880,567
20200217,033000,532111,538113,528879,535920,501
20200218,033000,536266,542268,532803,541576,509
20200219,033000,541806,550810,537189,547116,526
20200220,033000,548039,552656,545500,548270,450
20200221,033000,552425,569393,550579,567662,515
20200222,033000,568354,608754,568123,608754,274
20200223,033000,620989,622143,591440,601366,209
20200224,033000,603675,639457,603675,638302,235
20200225,033000,624451,635532,616372,625606,273
20200226,033000,626760,629992,619604,624913,215
20200227,033000,632531,632531,603213,604137,155
20200228,033000,604829,604829,574588,576896,305
20200229,033000,578281,581513,554965,574357,349
20200301,033000,578050,602059,575049,601366,240
20200302,033000,604829,610831,585207,593287,249
20200303,033000,592132,608292,586361,605060,318
20200304,033000,606445,610831,595133,599750,365
20200305,033000,599520,604137,589593,601828,280
20200306,033000,601366,602059,597673,600905,221
20200307,033000,601366,607599,601366,607368,278
20200308,033000,604137,613371,603675,613140,238
20200309,033000,612216,615679,611639,612447,577
20200310,033000,611293,612563,603213,604367,676
20200311,033000,605522,607599,595133,597673,665
20200312,033000,597442,597904,583590,586592,632
20200313,033000,587284,587515,567662,568124,521
20200314,033000,568355,589824,561891,584283,608
20200315,033000,586130,607599,583359,605753,593
20200316,033000,607137,621681,587515,603674,592
20200317,033000,606445,616371,593517,611062,511
20200318,033000,610138,614524,599058,605059,494
20200319,033000,604598,605983,594672,604136,421
20200320,033000,606214,607830,595826,606675,187
20200321,043000,606675,608522,606214,606560,319
20200322,043000,606445,607714,605983,606906,159
20200323,043000,607137,610600,605983,608984,408
20200324,043000,617987,622835,614294,621219,522
20200325,043000,620757,621219,614755,615679,571
20200326,043000,615217,622142,612908,619141,403
20200327,043000,619834,620296,615217,618218,274
20200328,043000,617987,627221,615448,625605,536
20200329,043000,624913,638533,624913,635993,533
20200330,043000,631838,646843,624913,636224,482
20200331,043000,635993,647305,629761,632762,520
20200401,043000,634378,636686,626298,629530,359
20200402,043000,629299,639456,628375,638071,341
20200403,043000,637379,647998,637379,647998,110
20200404,043000,640610,655847,639456,654692,265
20200405,043000,654462,660464,651230,654923,617
20200406,043000,654462,659771,650999,654923,590
20200407,043000,654692,659194,644997,647998,673
20200408,043000,648459,649152,632531,635301,640
20200409,043000,635532,644535,634955,642457,604
20200410,043000,641765,643842,632762,634608,500
20200411,043000,634378,648921,629068,643842,318
20200412,043000,645689,651691,642919,644766,647
20200413,043000,644535,646382,636224,642688,727
20200414,043000,646382,646382,637148,643381,731
20200415,043000,644535,645458,629991,632300,715
20200416,043000,632762,636917,626759,632531,698
20200417,043000,631146,632069,623528,624682,621
20200418,043000,624220,629068,595825,597672,768
20200419,043000,599750,610831,589131,610600,307
20200421,043000,611754,632069,611754,631376,729
20200422,043000,633685,657001,633685,656078,754
20200423,043000,657232,658386,640841,645228,733
20200424,043000,644073,648921,638533,641765,677
20200425,043000,641996,653307,632531,646151,757
20200426,043000,646613,652384,633223,635070,730
20200427,043000,635993,642919,628145,635990,748
20200428,043000,632531,642919,630684,639803,720
20200429,043000,641996,648229,641303,645689,743
20200430,043000,646382,648690,633916,634608,734
20200501,043000,634839,638764,629068,637840,776
20200502,043000,638071,641072,630684,635993,729
20200503,043000,636455,643612,633685,642457,677
20200504,043000,643612,650306,641534,644535,699
20200505,043000,644073,650306,642688,649383,671
20200506,043000,650768,653769,649152,649845,666
20200507,043000,649845,656539,648690,656308,595
20200508,043000,656078,657001,652961,653538,476
20200509,043000,652615,664157,651230,663234,729
20200510,043000,663696,669929,662772,666350,688
20200511,043000,666697,679624,666004,679163,736
20200512,043000,678701,695553,678470,694976,800
20200513,043000,696476,702248,682164,683549,810
20200514,043000,683087,689089,680086,686088,752
20200515,043000,686319,695322,685396,694168,390
20200516,043000,695784,718869,695322,718176,598
20200517,043000,721177,736414,713559,735259,765
20200518,043000,738260,747033,719331,720947,774
20200519,043000,721639,745186,716099,737568,777
20200520,043000,742185,756036,741954,746340,765
20200521,043000,745417,746802,729257,740338,766
20200522,043000,741031,743801,736414,737799,602
20200523,043000,734336,736644,734336,735721,23
20200524,043000,716791,721639,712867,721639,6
20200525,043000,727641,733182,721639,731335,410
20200526,043000,732951,738722,709866,713790,753
20200527,043000,714483,714714,693244,707788,725
20200528,043000,711020,724871,705480,722563,747
20200529,043000,723486,733643,717484,732027,638
20200530,043000,732258,739645,723486,725564,782
20200531,043000,727180,729488,719792,727180,740
20200601,043000,730642,735259,726949,728334,766
20200602,043000,732489,733182,727873,731797,90
20200603,043000,736876,736876,728334,728334,82
20200604,043000,730870,733950,726025,727641,509
20200605,043000,727180,727180,711251,711713,526
20200606,043000,712405,716791,704556,713329,698
20200607,043000,713329,718638,707557,709173,734
20200608,043000,710097,717946,706172,717484,518
20200609,043000,717253,732720,716099,731797,772
20200610,043000,732489,742877,732489,742416,819
20200611,043000,744032,746802,736183,737337,757
20200612,043000,736875,743108,736644,738260,675
20200613,043000,737799,744724,732720,737337,791
20200614,043000,737568,747264,735490,745417,735
20200615,043000,746109,749110,740569,743108,770
20200616,043000,747956,761345,746802,760422,775
20200617,043000,760653,764577,757883,762500,681
20200618,043000,763192,767348,760191,764577,678
20200619,043000,765039,779583,763885,779352,683
20200620,043000,779121,793665,777274,790894,778
20200621,043000,787893,814441,786970,804745,822
20200622,043000,807746,839373,805900,837065,805
20200623,043000,838219,850685,823444,838219,612
20200624,043000,837526,849530,818827,824829,671
20200625,043000,823675,825060,805207,812364,690
20200626,043000,816057,828292,814903,823675,692
20200627,043000,824137,854147,818596,853686,787
20200628,043000,858072,866152,852532,856225,783
20200629,043000,856687,866844,848607,866383,819
20200630,043000,874001,883004,854378,861766,709
20200701,043000,865690,886005,854378,886005,731
20200702,043000,886697,908397,886467,906320,669
20200703,043000,904704,910706,894085,894546,691
20200704,043000,892238,926866,884158,926173,665
20200705,043000,924788,947642,924788,930097,698
20200706,043000,930328,940255,913014,923864,722
20200707,043000,928020,953182,928020,952952,718
20200708,043000,952952,974652,952952,973267,636
20200709,043000,973959,978807,959185,967034,719
20200710,043000,967264,968419,960108,961493,598
20200711,043000,961031,977884,961031,971420,684
20200712,043000,972112,980654,964263,979730,765
20200713,043000,984117,1007660,984117,1002120,751
20200714,043000,1001890,1015280,983886,1012970,760
20200715,043000,1015740,1030750,1014130,1019210,720
20200716,043000,1020130,1040440,1018050,1037440,743
20200717,043000,1037670,1053140,1035360,1050140,721
20200718,043000,1051290,1109470,1051290,1106470,624
20200719,043000,1104620,1115240,1049450,1061910,296
20200720,043000,1026130,1032830,982501,985963,394
20200721,043000,942102,1000970,914400,961724,462
20200722,043000,953644,990580,939793,947642,392
20200723,043000,960570,978807,948796,967495,384
20200724,043000,968492,983424,967264,973959,337
20200725,043000,973959,1054300,973959,1052450,497
20200726,043000,1055450,1104620,1024050,1027520,523
20200727,043000,1085000,1085000,1051760,1075070,437
20200728,043000,1083840,1085230,1058680,1073690,411
20200729,043000,1074610,1095390,1069300,1088920,422
20200730,043000,1090770,1100000,1086840,1088000,446
20200731,043000,1088920,1098390,1080150,1083840,319
20200801,043000,1091920,1105310,1060070,1061220,330
20200802,043000,1059600,1082690,1036060,1075530,317
20200803,043000,1076460,1090770,1074610,1076000,378
20200804,043000,1077000,1087770,1076230,1084080,298
20200805,043000,1108540,1124010,1108540,1121010,353
20200806,043000,1124240,1136940,1124240,1129780,376
20200807,043000,1131860,1132320,1091920,1099310,436
20200808,043000,1068840,1074380,1049220,1060990,375
20200809,043000,1057530,1072530,1017820,1018740,456
20200810,043000,1022670,1055220,1009050,1042290,487
20200811,043000,1051360,1073690,1023590,1033750,498
20200812,043000,1015970,1025210,1006510,1015970,447
20200813,043000,1036520,1037900,1024050,1033520,418
20200814,043000,1035360,1036750,1019440,1024980,362
20200815,043000,1025210,1028670,996121,1000970,505
20200816,043000,1008820,1042520,993120,1040440,538
20200817,043000,1060990,1072990,1050830,1068150,543
20200818,043000,1078070,1085230,1061910,1064220,537
20200819,043000,1073690,1073690,1051520,1054300,539
20200820,043000,1057300,1067920,1052910,1055910,535
20200821,043000,1055450,1058220,1025440,1038830,515
20200822,043000,1041140,1056840,1028440,1053830,526
20200823,043000,1059840,1063990,1042750,1043680,535
20200824,043000,1046910,1062380,1041600,1054060,537
20200825,043000,1064220,1072760,1049680,1051520,280
20200826,043000,1053370,1066530,1047830,1059370,101
20200827,043000,1059600,1065380,1055680,1061450,93
20200828,043000,1068380,1075070,1068150,1073690,84
20200831,043000,1094230,1096080,1087300,1093300,197
20200901,043000,1113390,1119390,1105770,1115930,210
20200902,043000,1120780,1120780,1106460,1106930,213
20200903,043000,1087300,1094690,1078760,1089150,198
20200904,043000,1087310,1092390,1084310,1086150,145
20200905,043000,1092620,1105780,1092620,1100920,204
20200906,043000,1105540,1110390,1094230,1096770,214
20200907,043000,1095840,1110390,1095840,1107620,237
20200908,043000,1114080,1134630,1114080,1134170,230
20200909,043000,1139940,1151940,1130240,1150790,273
20200910,043000,1142710,1157480,1141550,1150790,246
20200911,043000,1147790,1155630,1147790,1152400,156
20200912,043000,1158170,1179640,1158170,1179640,289
20200913,043000,1186340,1209420,1179650,1206190,238
20200914,043000,1208500,1223500,1172950,1179640,281
20200915,043000,1192800,1240820,1191190,1232740,254
20200916,043000,1245900,1246820,1212420,1226970,244
20200917,043000,1223740,1229280,1206190,1227660,141
20200918,043000,1229740,1233890,1220970,1223500,123
20200919,043000,1189340,1221200,1189340,1217500,257
20200920,043000,1229280,1257670,1228810,1235970,216
20200921,033000,1251210,1252360,1223500,1228120,234
20200922,033000,1214730,1245440,1212420,1241970,287
20200923,033000,1240590,1247740,1233890,1236890,203
20200924,033000,1246820,1251210,1246590,1249820,27
20200925,033000,1249360,1257440,1247050,1254670,100
20200926,033000,1257440,1262520,1247050,1251670,268
20200927,033000,1258130,1261600,1254670,1260440,253
20200928,033000,1265060,1288600,1260670,1286300,247
20200929,033000,1286990,1307300,1274750,1301990,298
20200930,033000,1303150,1335470,1301300,1332700,235
20201001,033000,1342390,1356940,1334310,1353700,309
20201002,033000,1345860,1350470,1328540,1348400,271
20201003,033000,1351630,1352780,1320460,1323920,267
20201004,033000,1318150,1318150,1290450,1306380,262
20201005,033000,1330850,1349320,1328540,1349320,240
20201006,033000,1363170,1371250,1351860,1360400,75
20201007,033000,1345860,1363860,1344010,1354400,111
20201008,033000,1374710,1385790,1374250,1385790,114
20201009,033000,1386020,1389720,1379790,1385560,154
20201010,033000,1394800,1430580,1390180,1428960,147
20201011,033000,1449740,1469360,1426190,1434040,110
20201012,033000,1447890,1491980,1447890,1491980,153
20201013,033000,1468900,1495910,1468900,1473750,237
20201014,033000,1482980,1482980,1452510,1471210,230
20201015,033000,1470980,1493600,1470980,1490140,195
20201016,033000,1500990,1509070,1499370,1504450,164
20201017,033000,1497520,1501220,1487140,1490140,153
20201018,033000,1488290,1501680,1410030,1433580,235
20201019,033000,1440500,1463590,1345860,1359010,176
20201020,033000,1312840,1312840,1175030,1176180,209
20201021,033000,1211960,1341240,1198570,1335470,149
20201022,033000,1350930,1363170,1316310,1353940,110
20201023,033000,1315850,1328540,1307770,1314000,86
20201024,033000,1318150,1319310,1307070,1311230,116
20201025,033000,1299690,1299690,1271980,1275450,56
20201026,033000,1274750,1293910,1251670,1260900,195
20201027,033000,1289300,1301530,1275450,1298530,178
20201028,033000,1259290,1266210,1226280,1233890,118
20201029,033000,1241970,1255820,1237820,1241510,101
20201031,033000,1211500,1211500,1168100,1183800,153
20201101,033000,1181260,1232740,1181260,1231580,206
20201102,033000,1270140,1336620,1267830,1318620,365
20201103,033000,1316310,1329700,1311230,1314230,118
20201104,033000,1339390,1408190,1302460,1302460,214
20201105,033000,1301990,1301990,1186570,1221200,258
20201106,033000,1161180,1177330,1110390,1125390,269
20201107,033000,1132320,1198110,1132320,1141090,348
20201108,033000,1142600,1189570,1117310,1187720,364
20201109,033000,1190030,1284680,1190030,1222810,375
20201110,033000,1223500,1261600,1223500,1237360,81
20201114,033000,1221200,1235050,1199270,1200420,142
20201115,033000,1188880,1188880,1154250,1154250,2
20201116,033000,1165790,1168100,1165790,1168100,2
20201205,033000,1145020,1145020,1120780,1120780,10
20201206,033000,1109230,1128860,1109230,1128860,38
20201207,033000,1120780,1133470,1120780,1124240,50
20201208,033000,1147320,1171560,1143860,1170410,103
20201209,033000,1172720,1185410,1170410,1178490,136
20201210,033000,1151940,1165800,1145020,1155410,87
20201212,033000,1156590,1160050,1133250,1135810,156
20201213,033000,1143890,1143890,1116190,1128890,201
20201214,033000,1127730,1130040,1116190,1126580,161
20201215,033000,1127730,1141580,1127730,1136940,208
20201216,033000,1132350,1138810,1128860,1130020,174
20201219,033000,1131630,1136970,1128860,1131200,59
20201220,033000,1130040,1139280,1125400,1136970,97
20201221,033000,1147360,1147360,1138120,1140430,36
20201222,033000,1138120,1142740,1136270,1142280,19
20201223,033000,1142710,1148710,1142710,1148710,24
20201224,033000,1147820,1154280,1144100,1150820,53
20201226,033000,1148480,1148480,1140860,1142250,55
20201227,033000,1145050,1150790,1144560,1149660,53
20201228,033000,1148510,1150820,1146200,1150820,7
20201229,033000,1148480,1148480,1143870,1145020,9
20201230,033000,1147360,1151720,1146890,1148050,8
20201231,033000,1145710,1155440,1145710,1155440,12
20210102,033000,1150330,1155440,1149180,1153130,35
20210103,033000,1153100,1158200,1151950,1158200,25
20210104,033000,1165800,1190060,1165800,1187760,28
20210105,033000,1190060,1213150,1190060,1208530,26
20210106,033000,1206220,1207380,1186570,1188910,17
20210107,033000,1181960,1181960,1157720,1159360,69
20210109,033000,1138100,1138100,1095620,1098880,79
20210110,033000,1098850,1112700,1094230,1109240,100
20210111,033000,1113860,1117340,1093080,1101160,97
20210112,033000,1103470,1109240,1097700,1106930,94
20210113,033000,1091920,1096100,1078070,1080380,166
20210114,033000,1072300,1072300,1038370,1046910,160
20210116,033000,1026130,1030750,994967,998430,230
20210117,033000,992659,992659,983425,983425,2
20210118,033000,988042,988042,910707,919248,198
20210119,033000,918787,991505,918787,976038,134
20210120,033000,1011130,1030750,985733,1008820,170
20210121,033000,1048060,1052680,1023820,1034210,72
20210123,033000,1009970,1036520,1004200,1030750,173
20210124,033000,1033060,1069990,1031900,1054530,179
20210125,033000,1063760,1067680,1057300,1063760,163
20210126,033000,1042290,1050370,1030750,1049910,196
20210127,033000,1085690,1088460,1055680,1058910,182
20210128,033000,1065380,1083380,1059610,1083380,176
20210130,033000,1100000,1100000,1081540,1094230,226
20210131,033000,1097230,1115700,1094700,1106930,228
20210201,033000,1100000,1110390,1089160,1096540,206
20210202,033000,1097700,1103470,1092620,1094230,196
20210203,033000,1093080,1093080,1079920,1086150,196
20210204,033000,1075760,1081770,1066070,1066070,212
20210206,033000,1089620,1104390,1077610,1093770,294
20210207,033000,1094230,1102310,1085000,1102310,263
20210208,033000,1113860,1133480,1104620,1133480,270
20210209,033000,1130020,1147330,1128860,1138100,224
20210210,033000,1137630,1137630,1137630,1137630,1
20210211,033000,1151250,1177340,1151250,1176650,207
20210212,033000,1167880,1178030,1161870,1176180,92
20210213,033000,1176650,1183110,1165800,1177340,287
20210214,033000,1176650,1176650,1143870,1150790,215
20210215,033000,1143870,1151950,1124240,1130710,209
20210216,033000,1143170,1157950,1141790,1151950,186
20210217,033000,1145480,1146870,1132320,1133940,69
20210218,033000,1139250,1145250,1137630,1138100,146
20210219,033000,1109470,1121700,1109470,1118470,78
20210220,033000,1126550,1126550,1098390,1101620,189
20210221,033000,1085000,1091230,1057300,1082690,222
20210222,033000,1088000,1093080,1065630,1071170,341
20210223,033000,1082690,1094700,1069990,1091230,158
20210224,033000,1091920,1106720,1091000,1102800,266
20210225,033000,1101180,1103490,1091490,1093570,317
20210226,033000,1099340,1100030,1085690,1087790,270
20210227,033000,1091950,1091950,1074840,1080410,399
20210228,033000,1076940,1078560,1066990,1075330,403
20210301,033000,1075790,1086870,1075790,1081300,460
20210302,033000,1081300,1081300,1056140,1065610,538
20210303,033000,1067680,1071150,1058910,1061910,539
20210304,033000,1061910,1061910,1046910,1051300,518
20210305,033000,1051300,1051300,1031900,1036520,460
20210306,033000,1037670,1043450,1009970,1010660,511
20210307,033000,1010660,1031900,997275,1028210,526
20210308,033000,1029130,1030750,1008820,1012280,512
20210309,033000,1012970,1026130,1006510,1021520,536
20210310,033000,1021520,1029850,1015740,1028230,411
20210311,033000,1034240,1041160,1031460,1037700,438
20210312,033000,1031930,1041160,1030290,1041160,261
20210313,033000,1046910,1055470,1046220,1050140,368
20210314,033000,1049910,1051320,1044370,1044860,354
20210315,033000,1045780,1051090,1038830,1050860,349
20210316,033000,1049930,1073020,1049930,1065400,320
20210317,033000,1070020,1078790,1068400,1078100,284
20210318,033000,1096570,1101160,1076710,1095410,418
20210319,033000,1102310,1103490,1101390,1103490,16
20210321,033000,1105800,1105800,1104620,1104650,3
20210322,043000,1098850,1099310,1093080,1093080,7
20210323,043000,1090100,1090560,1084310,1086180,101
20210324,043000,1087330,1087330,1081080,1081080,39
20210325,043000,1082690,1082690,1075760,1080380,496
20210326,043000,1080380,1085000,1076920,1079230,362
20210327,043000,1080380,1083150,1075760,1082230,511
20210328,043000,1082230,1098850,1082230,1096570,194
20210329,043000,1095870,1108550,1095870,1103490,120
20210330,043000,1092000,1095300,1079920,1086640,184
20210331,043000,1081560,1085020,1074610,1084560,197
20210401,043000,1086870,1094260,1084330,1093100,148
20210402,043000,1083870,1085020,1078070,1079250,22
20210403,043000,1058450,1066530,1048780,1053170,364
20210404,043000,1053830,1063320,1050830,1060090,434
20210405,043000,1064220,1065860,1058220,1060780,425
20210406,043000,1067710,1072100,1060070,1069330,453
20210407,043000,1068860,1069560,1056840,1057320,360
20210408,043000,1045290,1052700,1042520,1052240,392
20210409,043000,1055010,1059170,1051300,1055470,144
20210410,043000,1053860,1053860,1031900,1035850,381
20210411,043000,1036540,1041390,1031900,1031930,382
20210412,043000,1040680,1043240,1038140,1039310,404
20210413,043000,1033520,1044620,1030540,1043700,402
20210414,043000,1043470,1043470,1036980,1039780,403
20210415,043000,1042290,1047390,1036540,1045090,355
20210416,043000,1045090,1053170,1044620,1050400,161
20210417,043000,1050400,1050400,1035620,1037470,390
20210418,043000,1038160,1041140,1032130,1038390,432
20210419,043000,1039080,1041390,1015740,1015740,426
20210420,043000,1006510,1020360,1001200,1018770,414
20210421,043000,1021980,1023150,1014360,1022230,422
20210422,043000,1015770,1015770,1006050,1010690,448
20210424,043000,1004200,1011150,1001680,1003530,356
20210425,043000,1006530,1016690,1004200,1005840,427
20210426,043000,1004920,1006530,992428,993813,389
20210427,043000,1000740,1001450,994275,997507,421
20210428,043000,993836,996837,992197,996375,386
20210429,043000,993813,993813,984579,985294,404
20210430,043000,978830,984601,972135,974213,131
20210501,043000,979962,979962,964517,971673,378
20210502,043000,955723,958053,929175,940508,449
20210503,043000,949973,949973,934485,939584,414
20210504,043000,923000,932428,915345,917191,352
20210505,043000,919962,922039,894316,897107,472
20210506,043000,908398,959186,902858,941200,489
20210507,043000,939584,955030,937024,948797,174
20210508,043000,948357,948357,928021,929196,457
20210509,043000,921116,944432,913015,939123,435
20210510,043000,951560,974213,946950,967749,453
20210511,043000,983569,992451,976961,985294,464
20210512,043000,983400,1004220,982271,995221,435
20210513,043000,994967,995913,989196,994506,64
20210514,043000,999584,1002840,997738,999123,54
20210515,043000,997276,1030540,995000,1029130,452
20210516,043000,1036000,1055470,1016440,1018050,469
20210517,043000,1021520,1023820,1002120,1015280,444
20210518,043000,1019210,1043010,1017150,1027310,474
20210519,043000,1002120,1020360,997738,1015740,320
20210520,043000,1026200,1029100,1014590,1015740,375
20210521,043000,1016900,1021980,1016900,1020360,98
20210522,043000,1020360,1022670,1015740,1020360,294
20210523,043000,1022210,1030980,1020820,1028670,317
20210524,043000,1034210,1044600,1027520,1036520,291
20210525,043000,1024980,1034440,1022670,1033290,233
20210526,043000,1046910,1052220,1042980,1044370,294
20210527,043000,1046910,1049220,1045760,1047140,362
20210528,043000,1056140,1061910,1056140,1058910,5
20210529,043000,1076920,1089620,1075760,1080380,338
20210530,043000,1110390,1117320,1086150,1099770,301
20210531,043000,1085000,1101160,1080380,1096310,312
20210601,043000,1100000,1103930,1092850,1096540,279
20210602,043000,1089620,1094700,1087310,1091460,268
20210603,043000,1090540,1092850,1071150,1072300,285
20210604,043000,1069990,1075760,1069760,1075300,17
20210605,043000,1075070,1078770,1074840,1078770,28
20210606,043000,1082690,1091000,1082690,1089380,25
20210607,043000,1084540,1091690,1083610,1084310,371
20210608,043000,1085000,1086380,1074610,1074610,313
20210609,043000,1079230,1084310,1076230,1081770,291
20210610,043000,1075760,1077380,1071610,1076690,252
20210611,043000,1064220,1064220,1064220,1064220,1
20210612,043000,1057760,1064920,1057760,1063760,292
20210613,043000,1071150,1079690,1071150,1079690,313
20210614,043000,1073690,1074380,1066070,1069530,312
20210615,043000,1070920,1073000,1069300,1071150,289
20210616,043000,1070690,1082000,1070220,1079690,306
20210617,043000,1071150,1075760,1064220,1066070,332
20210619,043000,1048760,1049220,1012740,1014130,396
20210620,043000,1015740,1030980,1015740,1028670,362
20210621,043000,1027750,1034670,1025900,1034670,337
20210622,043000,1038830,1044370,1038830,1042520,281
20210623,043000,1038830,1039980,1036060,1037440,333
20210624,043000,1031900,1034440,1030060,1033750,225
20210626,043000,1043450,1055680,1043450,1049220,352
20210627,043000,1045760,1058910,1045760,1058910,372
20210628,043000,1058940,1067220,1058940,1061450,397
20210629,043000,1061450,1075300,1061450,1064450,449
20210630,043000,1067680,1073920,1065610,1072300,379
20210701,043000,1070460,1072070,1061910,1063990,337
20210702,043000,1068840,1069760,1065610,1066530,73
20210703,043000,1068150,1070460,1065840,1066990,331
20210704,043000,1071380,1074380,1059610,1060070,366
20210705,043000,1060300,1062380,1054990,1058220,336
20210706,043000,1067680,1068380,1063760,1065150,313
20210707,043000,1060760,1061910,1057530,1060760,182
20210708,043000,1060760,1064680,1059610,1064220,159
20210709,043000,1063070,1065380,1062610,1065380,31
20210710,043000,1062380,1063760,1061910,1062140,195
20210711,043000,1061910,1064450,1059840,1063990,210
20210712,043000,1062380,1063070,1059380,1060760,247
20210713,043000,1058450,1059840,1051060,1054530,236
20210714,043000,1045060,1050370,1045060,1049450,311
20210715,043000,1056140,1059610,1056140,1057760,253
20210716,043000,1057760,1057760,1054300,1055220,39
20210717,043000,1057300,1059140,1052220,1052680,320
20210718,043000,1053830,1053830,1048290,1049680,357
20210719,043000,1048060,1051060,1044830,1048060,431
20210720,043000,1052680,1056600,1052450,1053600,154
20210724,043000,1052450,1056140,1052220,1054760,126
20210725,043000,1060760,1066530,1060530,1060990,155
20210726,043000,1063760,1078540,1063760,1075300,345
20210727,043000,1079230,1083840,1076000,1077150,437
20210728,043000,1084540,1098620,1083840,1096540,455
20210729,043000,1121940,1123090,1115700,1118470,330
20210730,043000,1113160,1115930,1111550,1112010,147
20210731,043000,1106930,1125170,1105540,1110390,420
20210801,043000,1112010,1113860,1094700,1098160,391
20210802,043000,1101160,1102080,1088230,1094460,413
20210803,043000,1095390,1102780,1092620,1099310,257
20210804,043000,1094230,1103700,1090310,1098850,455
20210805,043000,1100930,1101620,1091920,1093310,430
20210806,043000,1089380,1089620,1075300,1075530,219
20210807,043000,1071150,1085230,1070460,1081310,460
20210808,043000,1087770,1090080,1084770,1086620,463
20210809,043000,1078070,1089850,1078070,1084080,483
20210810,043000,1089160,1094460,1085230,1091690,482
20210811,043000,1105310,1112700,1100930,1110160,450
20210812,043000,1112240,1113160,1104390,1106470,423
20210813,043000,1102310,1109930,1102310,1109240,151
20210814,043000,1115700,1122400,1113860,1115700,283
20210815,043000,1124240,1141560,1121940,1138560,458
20210816,043000,1138560,1150790,1138100,1149180,186
20210817,043000,1148480,1149640,1140860,1143400,111
20210820,043000,1156560,1162560,1156330,1160490,112
20210821,043000,1160030,1160260,1150330,1151020,218
20210822,043000,1161180,1164180,1151250,1154720,466
20210823,043000,1153100,1174340,1150330,1174340,499
20210824,043000,1179190,1182650,1167180,1174570,483
20210825,043000,1176180,1190500,1170640,1172720,502
20210826,043000,1175960,1176180,1167180,1174800,484
20210827,043000,1180800,1189810,1178960,1187730,210
20210828,043000,1202730,1203890,1193730,1200190,426
20210829,043000,1192340,1194880,1179190,1181260,493
20210830,043000,1171570,1172490,1153790,1155640,446
20210831,043000,1173880,1175720,1160950,1163950,480
20210901,043000,1163720,1164870,1152180,1154950,377
20210902,043000,1162330,1163490,1157950,1160720,455
20210903,043000,1157260,1165100,1157260,1163490,214
20210904,043000,1164640,1165800,1159100,1161870,1316
20210905,043000,1169720,1175490,1166490,1168570,1335
20210906,043000,1168110,1169260,1161410,1166950,1176
20210907,043000,1170410,1173420,1166490,1168340,886
20210908,043000,1175260,1180570,1173650,1177340,1464
20210909,043000,1175030,1182650,1174570,1179190,1416
20210910,043000,1179190,1179650,1177800,1179190,265
20210911,043000,1175030,1178030,1170180,1170180,1251
20210912,043000,1166950,1169950,1152640,1154480,723
20210913,043000,1145020,1153330,1136020,1152640,753
20210914,043000,1156560,1167640,1150330,1166720,1525
20210915,043000,1157260,1161870,1152870,1153790,1271
20210916,043000,1148480,1151250,1146180,1148020,865
20210917,043000,1152640,1152870,1143640,1145480,364
20210918,043000,1142710,1144790,1129090,1130020,1636
20210919,043000,1128860,1138100,1126780,1131860,1377
20210920,043000,1130020,1133250,1127010,1132320,935
20210921,043000,1135790,1145480,1135560,1142710,1064
20210922,033000,1154260,1155410,1151250,1152180,1041
20210923,033000,1151950,1160030,1149870,1152640,667
20210924,033000,1154950,1155640,1142710,1146870,734
20210925,033000,1145250,1147100,1139020,1140630,1083
20210926,033000,1143870,1147330,1142020,1146870,749
20210927,033000,1144790,1147330,1144100,1146870,448
20210928,033000,1145940,1151250,1143870,1150560,930
20210929,033000,1155410,1164180,1154950,1157020,797
20210930,033000,1159100,1169950,1158410,1167640,1867
20211001,033000,1167640,1169490,1163950,1166950,513
20211002,033000,1168110,1169260,1163720,1166950,911
20211003,033000,1163490,1163950,1158870,1160490,1195
20211004,033000,1161640,1168800,1161410,1168340,1129
20211005,033000,1166720,1167180,1163950,1165100,684
20211006,033000,1164640,1164640,1156100,1157260,1610
20211007,033000,1160030,1162100,1156790,1159100,811
20211008,033000,1158870,1163720,1152180,1153100,1016
20211009,033000,1155410,1155640,1138330,1140400,1817
20211010,033000,1139250,1143870,1137400,1142020,1708
20211011,033000,1142480,1143170,1127710,1129550,1883
20211012,033000,1129320,1130250,1119160,1124480,1100
20211013,033000,1124480,1142020,1124240,1141560,2450
20211014,033000,1145250,1148020,1139480,1147560,1579
20211015,033000,1148480,1150330,1140400,1142020,862
20211016,033000,1141790,1148710,1136940,1146640,994
20211017,033000,1142250,1144790,1129780,1132780,1087
20211018,033000,1130020,1138100,1129320,1135790,1031
20211019,033000,1145940,1149640,1144100,1144790,2195
20211020,033000,1142020,1146410,1139480,1145710,1953
20211021,033000,1146180,1152180,1145480,1148480,2630
20211022,033000,1153560,1160950,1151950,1157490,2206
20211023,033000,1158870,1164870,1158180,1162330,2803
20211024,033000,1162330,1167640,1161410,1164180,1201
20211025,033000,1166950,1170180,1166030,1167180,1946
20211026,033000,1163720,1166950,1160030,1163030,2198
20211027,033000,1162330,1176180,1161410,1172720,3496
20211028,033000,1173180,1173650,1166260,1168110,2130
20211029,033000,1165340,1167180,1161870,1165340,1525
20211030,033000,1165100,1172720,1162560,1170410,2068
20211031,033000,1164640,1171570,1161870,1169950,1708
20211101,033000,1171570,1174800,1164640,1167180,2533
20211102,033000,1167880,1169720,1166030,1168110,1515
20211103,033000,1167410,1172950,1164870,1167180,2207
20211104,033000,1166490,1175490,1165800,1174340,2024
20211105,033000,1175030,1189810,1175030,1189810,2333
20211106,033000,1189810,1202270,1189580,1198120,2163
20211107,033000,1197420,1205040,1192810,1204120,2706
20211108,033000,1204120,1208970,1201810,1208270,2303
20211109,033000,1208040,1225360,1206200,1224660,2673
20211110,033000,1222590,1254680,1220280,1245900,2961
20211111,033000,1247190,1268060,1245440,1264140,2616
20211112,033000,1261830,1269680,1244290,1267140,2252
20211113,033000,1267370,1281220,1267370,1277530,2170
20211114,033000,1276840,1283530,1263680,1272680,2153
20211115,033000,1269680,1270140,1245670,1247520,2641
20211116,033000,1249360,1256980,1247290,1251440,2502
20211117,033000,1251210,1254910,1247290,1252140,1872
20211118,033000,1251210,1251210,1240130,1241750,2557
20211119,033000,1241980,1244750,1231360,1231820,1067
20211120,033000,1228820,1236900,1226280,1228590,2100
20211121,033000,1227900,1248210,1227200,1245210,2689
20211122,033000,1244980,1253520,1233210,1238980,3658
20211123,033000,1243820,1243820,1230670,1236670,2318
20211124,033000,1239670,1259750,1239670,1249940,3833
20211125,033000,1252140,1254440,1241060,1249360,2103
20211126,033000,1250060,1267140,1250060,1262980,1777
20211127,033000,1261600,1264600,1249830,1251900,1957
20211128,033000,1251670,1271530,1250060,1270600,3163
20211129,033000,1269910,1274300,1250750,1254440,2971
20211130,033000,1254680,1264370,1249360,1253750,3095
20211201,033000,1254680,1263450,1254680,1261370,2215
20211202,033000,1259980,1263910,1258140,1260910,2217
20211203,033000,1262520,1287460,1262290,1287220,2767
20211204,033000,1288150,1314230,1287690,1311930,2994
20211205,033000,1317000,1318390,1297840,1311230,3958
20211206,033000,1315390,1328550,1305000,1314700,5594
20211207,033000,1314230,1323930,1305690,1316770,3775
20211208,033000,1317000,1321620,1302000,1309160,2500
20211209,033000,1308920,1321850,1306620,1313770,2673
20211210,033000,1318850,1322310,1312390,1315620,2298
20211211,033000,1315390,1317240,1290460,1299460,2834
20211212,033000,1300150,1302690,1282380,1287460,3036
20211213,033000,1290000,1292070,1268990,1270830,2866
20211214,033000,1274300,1300150,1271060,1299690,2800
20211215,033000,1297840,1308000,1289070,1292070,3346
20211216,033000,1296230,1300150,1288610,1292530,2170
20211217,033000,1295300,1308460,1295300,1300840,2651
20211218,033000,1300150,1303620,1278680,1282150,3393
20211219,033000,1280760,1284920,1276840,1277990,2465
20211220,033000,1278680,1288610,1278680,1286300,1905
20211221,033000,1287690,1299920,1284220,1297380,1474
20211222,033000,1299230,1312620,1297150,1311230,3125
20211223,033000,1312850,1313540,1297380,1301770,1884
20211224,033000,1301540,1302230,1296230,1299690,1118
20211225,033000,1299000,1299110,1285610,1287690,2215
20211226,033000,1287460,1300610,1286760,1297380,2003
20211227,033000,1295540,1298310,1282840,1284450,2007
20211228,033000,1283530,1289530,1283070,1287690,1881
20211229,033000,1287920,1293920,1286070,1292530,923
20211230,033000,1293230,1306150,1291610,1305230,2110
20211231,033000,1306620,1311000,1299460,1300610,1962
20220101,033000,1300150,1303150,1291610,1293460,1347
20220102,033000,1293690,1296000,1286070,1289760,2591
20220103,033000,1288150,1289760,1271760,1274990,2653
20220104,033000,1275450,1281450,1258830,1262060,3114
20220105,033000,1261370,1274070,1253980,1268530,3157
20220106,033000,1265760,1271300,1260910,1263680,1879
20220107,033000,1264370,1264600,1254440,1255830,1782
20220108,033000,1255830,1259980,1211280,1213120,3404
20220109,033000,1214280,1220740,1168110,1181960,3132
20220110,033000,1181960,1207580,1173180,1202040,3373
20220111,033000,1207350,1229740,1206200,1229050,2341
20220112,033000,1231590,1234360,1207810,1223970,3411
20220113,033000,1219120,1233440,1213350,1225590,3055
20220114,033000,1228820,1232740,1210120,1211970,2797
20220115,033000,1211970,1213580,1193040,1201120,3548
20220116,033000,1204350,1207120,1195810,1199960,2424
20220117,033000,1197420,1197880,1174340,1175960,3410
20220118,033000,1172720,1196730,1169720,1194190,3060
20220119,033000,1196730,1223510,1192580,1222590,3868
20220120,033000,1215430,1226510,1210350,1222360,3167
20220121,033000,1222590,1224430,1207810,1210580,1665
20220122,033000,1210350,1217740,1207580,1213350,2557
20220123,033000,1211280,1239210,1210810,1232050,2551
20220124,033000,1234360,1252370,1232740,1242440,3181
20220125,033000,1235050,1250290,1229510,1247750,3550
20220126,033000,1252370,1256520,1232280,1233900,3698
20220127,033000,1224660,1233440,1218890,1221430,3291
20220128,033000,1222590,1246360,1217740,1244520,2190
20220129,033000,1248900,1248900,1222360,1225360,3710
20220130,033000,1224430,1230900,1220510,1227200,3118
20220131,033000,1226510,1228820,1212430,1217970,2395
20220201,033000,1219360,1228130,1208970,1211740,2373
20220202,033000,1210810,1211740,1204580,1209430,2064
20220203,033000,1208740,1215660,1204580,1207350,1965
20220204,033000,1207580,1212430,1206200,1211740,1225
20220205,033000,1198120,1201120,1163030,1169260,3807
20220206,033000,1168110,1188650,1163490,1184030,3642
20220207,033000,1181960,1184500,1169260,1173180,2595
20220208,033000,1170180,1174570,1152410,1174570,3515
20220209,033000,1178490,1178720,1156560,1166030,3014
20220210,033000,1164410,1169950,1159560,1166030,2156
20220211,033000,1163490,1190960,1163260,1188190,3003
20220212,033000,1188420,1212660,1188420,1204350,4390
20220213,033000,1206200,1221200,1201810,1213120,3632
20220214,033000,1217740,1218890,1205040,1212890,3565
20220215,033000,1217740,1217740,1194650,1203660,2419
20220216,033000,1203660,1214040,1195810,1200420,3377
20220217,033000,1201350,1207120,1190960,1195350,3603
20220218,033000,1192340,1194420,1178720,1184730,2443
20220219,033000,1184260,1191420,1176420,1176420,3786
20220220,033000,1178030,1181500,1168800,1179190,5008
20220221,033000,1179650,1179880,1169260,1179190,3734
20220222,033000,1180570,1193040,1178490,1189810,4038
20220223,033000,1188190,1195350,1186800,1189810,3865
20220224,033000,1199270,1232510,1199270,1221890,4508
20220225,033000,1217050,1217050,1198120,1204580,4028
20220226,033000,1204810,1208500,1194650,1200190,4176
20220227,033000,1200420,1209660,1198810,1208500,3505
20220228,033000,1211970,1211970,1190040,1195580,3570
20220301,033000,1195120,1212660,1190270,1208500,3161
20220302,033000,1207350,1214970,1196730,1200190,4325
20220303,033000,1198580,1205960,1191880,1193960,3530
20220304,033000,1196960,1209430,1194880,1208270,2818
20220305,033000,1209200,1212200,1194190,1197660,3683
20220306,033000,1198120,1202730,1191650,1197660,3165
20220307,033000,1199270,1217280,1199270,1216580,3784
20220308,033000,1219360,1254910,1217510,1237360,4195
20220309,033000,1239670,1243590,1214280,1219820,3698
20220310,033000,1218430,1221660,1210120,1217280,2915
20220311,033000,1216580,1235050,1215890,1234130,1774
20220312,033000,1235050,1235510,1219580,1221660,2651
20220313,033000,1224900,1243590,1224660,1236670,2931
20220314,033000,1233900,1234590,1226280,1232740,2335
20220315,033000,1228130,1234820,1221890,1224200,3125
20220316,033000,1223510,1223510,1208970,1214040,1763
20220317,033000,1220740,1231590,1216120,1226740,1336
20220318,033000,1226970,1226970,1226970,1226970,3
20220319,033000,1227430,1227900,1223970,1226740,51
20220325,043000,1236210,1238980,1236210,1238980,9
20220326,043000,1239670,1239670,1234590,1234590,12
20220327,043000,1237360,1246360,1237360,1243360,189
20220328,043000,1244980,1250060,1243820,1244750,523
20220329,043000,1248670,1249360,1244060,1249360,370
20220330,043000,1248210,1256290,1247060,1255370,384
20220331,043000,1255830,1259980,1255830,1258830,383
20220403,043000,1252830,1254440,1248210,1250290,1259
20220404,043000,1249600,1277760,1249130,1276140,3265
20220405,043000,1275220,1299460,1273140,1296460,3106
20220406,043000,1294380,1295300,1275910,1281920,3304
20220407,043000,1285610,1293690,1283530,1289760,2538
20220408,043000,1287460,1289530,1282610,1288150,1270
20220409,043000,1297840,1309390,1293000,1303380,4450
20220410,043000,1303150,1323240,1300150,1319780,3834
20220411,043000,1317240,1326930,1311230,1316770,4373
20220412,043000,1320010,1333400,1318160,1323240,4281
20220413,043000,1323930,1325320,1311460,1314700,3071
20220414,043000,1314460,1317240,1301540,1303380,3573
20220415,043000,1305920,1307770,1301540,1302920,1473
20220416,043000,1303850,1317930,1298540,1316770,4432
20220417,043000,1316310,1326010,1313540,1315620,3894
20220418,043000,1318620,1327390,1309390,1309850,4064
20220419,043000,1310540,1313080,1297610,1301080,3766
20220420,043000,1299230,1311460,1291840,1310540,3043
20220421,043000,1311460,1313310,1304310,1305690,2174
20220422,043000,1306380,1308000,1296230,1299460,2315
20220423,043000,1296000,1301080,1292300,1294150,1659
20220424,043000,1294150,1299460,1289070,1292070,3536
20220425,043000,1289070,1292300,1273140,1277070,5105
20220426,043000,1279380,1292070,1272220,1285610,4348
20220427,043000,1285840,1297380,1283530,1293460,3632
20220428,043000,1289300,1298080,1287690,1294610,3214
20220429,043000,1297840,1301770,1294840,1296230,2511
20220430,043000,1293230,1295070,1286530,1288150,3574
20220501,043000,1287920,1299230,1283760,1296460,3434
20220502,043000,1292760,1299920,1290460,1293460,3164
20220503,043000,1293460,1294840,1289070,1292530,1753
20220504,043000,1292760,1296920,1291610,1296690,1020
20220505,043000,1299000,1308690,1299000,1304540,2677
20220506,043000,1304310,1308690,1303620,1306270,1352
20220507,043000,1306620,1318620,1306380,1311580,3994
20220508,043000,1311930,1317240,1308690,1314700,3945
20220509,043000,1313540,1315160,1308230,1312850,4383
20220510,043000,1313080,1323010,1311230,1321850,5025
20220511,043000,1322080,1355330,1320470,1355330,6747
20220512,043000,1355330,1399650,1354170,1388800,6908
20220513,043000,1389030,1404270,1358560,1365940,11878
20220514,043000,1366180,1376100,1350940,1362480,6336
20220515,043000,1362020,1389030,1356250,1387410,7147
20220516,043000,1386950,1386950,1368720,1370560,6151
20220517,043000,1370560,1376800,1355100,1358100,6045
20220518,043000,1357630,1357630,1345860,1350250,5688
20220519,043000,1350480,1363180,1346780,1359940,3833
20220520,043000,1359940,1362710,1354630,1357170,2444
20220521,043000,1356940,1395490,1356940,1383260,6728
20220522,043000,1387880,1401260,1374020,1380720,6089
20220523,043000,1380490,1383950,1370560,1382100,5173
20220524,043000,1381640,1391340,1375870,1379330,5067
20220525,043000,1383950,1388570,1378410,1385800,4717
20220526,043000,1386030,1391340,1383950,1387880,3816
20220527,043000,1388110,1400340,1386950,1399880,5806
20220528,043000,1399420,1401960,1387880,1389030,4279
20220529,043000,1389030,1410730,1386260,1407730,6095
20220530,043000,1410500,1425500,1405650,1423430,6072
20220531,043000,1423430,1434510,1415120,1424350,5469
20220601,043000,1425040,1449050,1421350,1447200,5608
20220602,043000,1447440,1449740,1427350,1435430,3955
20220603,043000,1434740,1441660,1434740,1435660,624
20220605,043000,1433580,1434970,1428500,1432430,1186
20220606,043000,1432430,1434740,1425270,1426200,1958
20220607,043000,1428280,1448820,1422270,1447440,945
20220608,043000,1447440,1448820,1440510,1442820,99
20220609,043000,1446510,1465210,1443280,1461750,2382
20220610,043000,1463130,1476520,1442130,1476520,840
20220611,043000,1479520,1491760,1479060,1485530,1290
20220612,043000,1485530,1516690,1485300,1509530,994
20220613,043000,1499380,1504220,1470060,1472830,1831
20220614,043000,1461520,1473520,1443740,1443740,1249
20220615,043000,1438660,1449510,1423660,1431040,1230
20220616,043000,1415120,1426200,1404500,1415120,869
20220617,043000,1437510,1447200,1430580,1433350,803
20220618,043000,1435890,1453900,1435890,1443970,2167
20220619,043000,1446280,1446970,1425970,1430120,2149
20220620,043000,1442590,1442590,1425740,1432660,2387
20220621,043000,1433580,1444200,1428040,1441900,753
20220622,043000,1446280,1450440,1439120,1441430,2528
20220623,043000,1441200,1458050,1435430,1444900,2368
20220625,043000,1438200,1438200,1412120,1413270,2213
20220626,043000,1413500,1417420,1392950,1393880,2248
20220627,043000,1381180,1381180,1339170,1353940,2394
20220628,043000,1361560,1369870,1355100,1359480,2336
20220629,043000,1360870,1392260,1360870,1389950,2427
20220630,043000,1412350,1448820,1412350,1441660,2178
20220701,043000,1419040,1431740,1417190,1429430,355
20220702,043000,1426430,1459440,1415810,1456210,1690
20220703,043000,1442590,1448130,1421580,1421580,2202
20220704,043000,1396880,1425500,1378180,1423430,1210
20220705,043000,1419730,1422960,1362940,1370330,1260
20220706,043000,1378180,1403570,1367100,1368950,899
20220707,043000,1364330,1369180,1348630,1365250,1396
20220711,043000,1390880,1409340,1385800,1386720,1076
20220712,043000,1386720,1386720,1375870,1380490,950
20220713,043000,1375870,1402190,1374260,1398030,1003
20220714,043000,1390180,1390650,1371250,1376330,792
20220715,043000,1378180,1388340,1375180,1383720,590
20220716,043000,1390880,1391110,1368480,1370560,944
20220717,043000,1364330,1370330,1352090,1365940,1049
20220719,043000,1359710,1363410,1337780,1345630,940
20220720,043000,1338940,1362020,1338240,1348400,1128
20220721,043000,1341940,1366640,1335470,1357630,996
20220722,043000,1368950,1379560,1365710,1373100,579
20220723,043000,1362710,1370100,1353940,1356250,813
20220724,043000,1350480,1357400,1344710,1347250,865
20220725,043000,1343550,1358560,1340780,1345400,855
20220726,043000,1353940,1363870,1352090,1353940,822
20220727,043000,1353940,1359710,1346550,1352090,871
20220728,043000,1365480,1375180,1360170,1374720,1097
20220729,043000,1375870,1379330,1369640,1379100,563
20220730,043000,1378870,1380490,1373100,1376800,830
20220731,043000,1375870,1377490,1364790,1364790,827
20220801,043000,1362020,1367100,1355100,1359710,1669
20220802,043000,1366640,1375180,1362020,1362940,1015
20220803,043000,1348630,1361560,1344240,1351860,1455
20220804,043000,1362940,1381410,1359020,1379330,1645
20220805,043000,1371250,1375640,1358790,1370100,773
20220806,043000,1371250,1382800,1368020,1368720,581
20220809,043000,1389720,1389720,1370790,1377490,919
20220810,043000,1361560,1366640,1352560,1361100,1461
20220811,043000,1354630,1376100,1352790,1367330,1537
20220812,043000,1362940,1371950,1360170,1368720,795
20220813,043000,1367790,1368020,1322540,1323240,1057
20220814,043000,1319080,1333160,1315390,1332010,1524
20220815,043000,1315850,1315850,1293460,1300840,1516
20220816,043000,1308920,1311460,1296230,1298770,1357
20220817,043000,1286070,1297150,1277760,1278910,1565
20220818,043000,1279840,1289530,1275680,1275680,1546
20220819,043000,1270830,1280530,1270140,1270370,775
20220820,043000,1239440,1240130,1187270,1187730,1427
20220821,043000,1186570,1252370,1186570,1224200,1247
20220822,043000,1255830,1270830,1229280,1233900,547
20220823,043000,1246600,1267370,1239670,1250060,498
20220824,043000,1248900,1249130,1231590,1247750,481
20220825,043000,1265060,1286990,1262760,1278910,400
20220827,043000,1296690,1296690,1271990,1273140,475
20220828,043000,1267370,1273140,1255830,1255830,544
20220829,043000,1252370,1267370,1251210,1266220,465
20220830,043000,1259290,1270830,1258140,1263910,464
20220831,043000,1269680,1278450,1266220,1267370,487
20220901,043000,1260450,1262760,1251210,1253520,318
20220903,043000,1265060,1271530,1263910,1266910,467
20220904,043000,1276610,1283530,1274300,1279380,460
20220905,043000,1273600,1276610,1266680,1275450,542
20220906,043000,1281220,1282380,1271530,1271530,436
20220907,043000,1268530,1277760,1267600,1276610,633
20220908,043000,1281220,1286070,1278680,1278910,374
20220909,043000,1283070,1283760,1279610,1280530,60
20220910,043000,1289300,1292300,1281680,1285380,606
20220911,043000,1289760,1319080,1286760,1317240,948
20220912,043000,1311460,1326470,1309160,1323010,999
20220913,043000,1322780,1348400,1322540,1336860,924
20220914,043000,1323930,1328550,1311700,1323930,1037
20220915,043000,1327390,1331780,1313770,1317000,1307
20220916,043000,1311700,1325320,1306150,1317000,1530
20220917,043000,1312850,1326470,1311930,1322540,1531
20220918,043000,1326240,1326930,1306380,1310770,752
20220919,043000,1308690,1310310,1301080,1308230,693
20220920,043000,1314930,1316310,1303150,1305690,565
20220921,043000,1304310,1336630,1302230,1327390,305
20220922,033000,1325080,1333160,1325080,1328550,180
20220924,033000,1312850,1312850,1308920,1308920,59
20220926,033000,1316310,1316770,1309620,1311230,54
20220928,033000,1299000,1323700,1296230,1322780,1474
20220929,033000,1316540,1338470,1316310,1337780,1524
20220930,033000,1348860,1350940,1336400,1336860,1501
20221001,033000,1345170,1383950,1343550,1380490,819
20221002,033000,1373560,1381640,1365480,1372180,897
20221003,033000,1383950,1393180,1377720,1393180,473
20221004,033000,1395490,1398960,1390880,1398960,624
20221006,033000,1383950,1391570,1382340,1390180,465
20221008,033000,1379800,1380030,1368480,1371250,286
20221009,033000,1370100,1370100,1348630,1352090,861
20221010,033000,1349320,1364330,1349320,1354400,638
20221011,033000,1359710,1365480,1356940,1358790,500
20221012,033000,1359020,1364330,1356020,1361560,706
20221013,033000,1366640,1371250,1356250,1359020,640
20221014,033000,1357400,1358330,1340780,1342400,268
20221015,033000,1335470,1345860,1334780,1345860,515
20221016,033000,1355100,1360870,1350940,1354860,539
20221017,033000,1355560,1357400,1347020,1348860,531
20221018,033000,1338240,1345860,1335930,1344940,764
20221019,033000,1346090,1348170,1336630,1337550,651
20221020,033000,1332010,1343780,1330390,1341240,644
20221021,033000,1332470,1340090,1332470,1340090,354
20221022,033000,1352790,1358330,1349550,1352320,705
20221023,033000,1354170,1355790,1338940,1341240,608
20221024,033000,1340780,1343550,1336630,1340090,531
20221025,033000,1338010,1350940,1337780,1348860,589
20221026,033000,1353250,1363180,1353250,1362020,631
20221027,033000,1364330,1368950,1359250,1360640,431
20221028,033000,1356710,1358790,1344710,1352090,295
20221029,033000,1350940,1354630,1345170,1347020,644
20221030,033000,1347940,1356710,1347480,1356480,572
20221031,033000,1360870,1362940,1355790,1359710,1001
20221101,033000,1364330,1378410,1363870,1373330,1166
20221102,033000,1383950,1410500,1383950,1395260,1269
20221103,033000,1388570,1406340,1388570,1402420,814
20221104,033000,1424810,1437280,1418810,1433120,584
20221105,033000,1446280,1470520,1440510,1461750,1112
20221106,033000,1447440,1484600,1446280,1480220,968
20221107,033000,1470520,1498920,1469140,1485300,1297
20221108,033000,1478830,1479520,1450670,1475140,1183
20221109,033000,1483450,1486220,1462440,1468210,456
20221110,033000,1449740,1486220,1449740,1481600,761
20221112,033000,1488530,1490370,1476520,1481140,323
20221113,033000,1478830,1493140,1476520,1487370,501
20221114,033000,1489220,1511380,1487370,1508610,455
20221115,033000,1510690,1526620,1509530,1520150,182
20221116,033000,1514380,1517840,1505840,1510690,980
20221117,033000,1491070,1493140,1483450,1487830,535
20221119,033000,1486680,1504920,1486680,1501680,399
20221120,033000,1504690,1508840,1488060,1491530,325
20221121,033000,1494990,1499150,1487830,1492220,381
20221122,033000,1496610,1504920,1496140,1500070,298
20221123,033000,1501220,1503300,1493380,1496140,226
20221124,033000,1508840,1509530,1503530,1507690,267
20221125,033000,1505380,1506530,1503990,1504920,84
20221126,033000,1505610,1528460,1502150,1525230,402
20221127,033000,1525920,1539540,1522690,1532620,463
20221128,033000,1543240,1550160,1527770,1530080,1049
20221129,033000,1535160,1537240,1523620,1527080,998
20221130,033000,1534000,1561480,1531700,1558480,1189
20221201,033000,1572100,1579480,1562860,1578100,1182
20221202,033000,1576710,1578560,1567020,1572790,160
20221203,033000,1570480,1580640,1565400,1573940,608
20221204,033000,1590560,1604640,1586870,1597490,1336
20221205,033000,1606720,1607650,1577640,1579480,2295
20221206,033000,1580640,1583640,1565170,1568400,1590
20221207,033000,1567940,1587100,1563780,1587100,1731
20221208,033000,1586870,1600260,1585250,1598870,1810
20221209,033000,1603260,1610650,1600950,1605800,1519
20221210,033000,1594720,1636040,1594490,1629810,2121
20221211,033000,1633270,1648040,1630730,1643660,2016
20221212,033000,1642270,1676210,1641350,1674820,1953
20221213,033000,1682440,1702760,1660970,1700680,2590
20221214,033000,1700220,1711760,1651740,1682900,2778
20221215,033000,1679440,1703680,1660970,1693980,2236
20221216,033000,1696520,1700220,1692140,1699760,1279
20221217,033000,1699520,1771780,1692140,1752620,1771
20221218,033000,1754470,1771320,1724220,1738770,2231
20221219,033000,1736000,1775240,1724690,1764860,2474
20221220,033000,1765090,1777550,1712450,1743390,2477
20221221,033000,1730230,1778480,1729070,1770860,2105
20221222,033000,1771780,1802020,1771780,1792790,756
20221223,033000,1790480,1791630,1781250,1788170,47
20221224,033000,1796250,1838040,1796250,1832720,2922
20221225,033000,1829490,1853730,1820490,1841270,3135
20221226,033000,1856040,1897130,1856040,1885360,3115
20221227,033000,1884900,1914220,1884900,1911450,2875
20221228,033000,1924140,1991780,1919520,1948380,2571
20221229,033000,1923450,1952770,1860660,1918600,876
20221231,033000,1869890,1871280,1762550,1801790,2520
20230101,033000,1793710,1861810,1787940,1857200,1680
20230102,033000,1860660,1869660,1779860,1785400,2500
20230103,033000,1785170,1818410,1768320,1794400,2658
20230104,033000,1794870,1818870,1792560,1804790,2292
20230105,033000,1804100,1807560,1794870,1802020,1776
20230106,033000,1801560,1827180,1800640,1826260,1396
20230107,033000,1826030,1904060,1822570,1899900,3155
20230108,033000,1909140,1920450,1841270,1895290,2061
20230109,033000,1895290,1919520,1854890,1886280,1980
20230110,033000,1886050,1898750,1865040,1886980,1679
20230111,033000,1886050,1902210,1881440,1895060,1691
20230112,033000,1901750,1911910,1895290,1908440,1415
20230113,033000,1909140,1928070,1907750,1925300,1307
20230114,033000,1925760,1939380,1910520,1925070,2258
20230115,033000,1924140,1933610,1911910,1923450,1855
20230116,033000,1922990,1946770,1919060,1945150,1911
20230117,033000,1947230,2006090,1942610,1987630,2749
20230118,033000,1987630,2036100,1981160,2019480,2750
20230119,033000,2019950,2055730,2012560,2025720,2348
20230120,033000,2025720,2040030,2025720,2037260,1533
20230121,033000,2045340,2124750,2044180,2113440,2794
20230122,033000,2121520,2139990,2060340,2084580,2504
20230123,033000,2084580,2120140,2063810,2080430,2382
20230124,033000,2079970,2103980,2015330,2021330,2239
20230125,033000,2011870,2068420,1998020,2062650,2359
20230126,033000,2070960,2129830,2070960,2123830,2271
20230127,033000,2123830,2166540,2118060,2131910,1438
20230128,033000,2127290,2132370,2066120,2083200,2140
20230129,033000,2089200,2148070,2089200,2139990,2039
20230130,033000,2142300,2144600,2081580,2088050,2106
20230131,033000,2077430,2130520,2060340,2118290,2020
20230201,033000,2118060,2154300,2108590,2146680,2094
20230202,033000,2160760,2188930,2135140,2146910,2264
20230203,033000,2146450,2146450,2103050,2115750,1993
20230204,033000,2109980,2111130,2053880,2067960,2261
20230205,033000,2068420,2095660,2038880,2085510,2451
20230206,033000,2085740,2105360,2052500,2055730,2240
20230207,033000,2055730,2093360,2050650,2069580,2576
20230208,033000,2069580,2103050,2066120,2098440,2895
20230209,033000,2098440,2122210,2098440,2111590,2493
20230210,033000,2111820,2111820,2088740,2095430,1980
20230211,033000,2095660,2107440,2090120,2103980,2129
20230212,033000,2111130,2156150,2108130,2144600,3231
20230213,033000,2131680,2139990,2109980,2114590,2738
20230214,033000,2114590,2153610,2114590,2151530,2754
20230215,033000,2151530,2179230,2144840,2173460,2675
20230216,033000,2181540,2209010,2177390,2191240,2642
20230217,033000,2186160,2216400,2174150,2214550,2350
20230218,033000,2216860,2231400,2201860,2213860,3328
20230219,033000,2221940,2294660,2209240,2275040,3213
20230220,033000,2279650,2369680,2279650,2331590,1225
20230221,033000,2331590,2377760,2292350,2340830,1724
20230222,033000,2353520,2459720,2353520,2451640,1764
20230223,033000,2451640,2511660,2451640,2504270,1559
20230224,033000,2504730,2564750,2504730,2550900,1562
20230225,033000,2553210,2840620,2534740,2818690,1822
20230226,033000,2824920,3051850,2643240,2851010,516
20230227,033000,2793300,2793300,2654560,2724040,688
20230228,033000,2724040,2726350,2556670,2569370,1128
20230301,033000,2527820,2551130,2443560,2503580,1111
20230302,033000,2472410,2513970,2459720,2503580,1048
20230303,033000,2549750,2601690,2503580,2503580,493
20230304,033000,2470100,2565910,2463180,2481650,2025
20230305,033000,2488570,2494340,2314280,2331590,1810
20230306,033000,2331590,2368530,2253100,2264650,1409
20230307,033000,2248490,2363910,2225400,2338520,988
20230308,033000,2369680,2421630,2313130,2340830,821
20230309,033000,2331590,2335060,2270420,2291200,1048
20230310,033000,2285420,2287730,2176920,2179230,813
20230311,033000,2082280,2139990,1985320,2003790,1168
20230312,033000,1985320,2139990,1969160,2047650,1292
20230313,033000,2096130,2188470,2073040,2174620,1088
20230314,033000,2170000,2326980,2170000,2271570,628
20230315,033000,2262340,2318900,2250800,2316590,713
20230316,033000,2276190,2340830,2254260,2333900,544
20230317,033000,2331590,2419320,2301580,2392770,675
20230318,033000,2382380,2525510,2382380,2507040,394
20230319,033000,2523200,2666330,2523200,2640700,444
20230325,033000,2638630,2712500,2546290,2564520,818
20230326,033000,2562440,2614390,2543980,2573530,1044
20230327,033000,2608620,2615540,2552060,2564750,987
20230328,033000,2564750,2604000,2549750,2599380,1110
20230329,033000,2662860,2697490,2632860,2663790,1151
20230330,033000,2718270,2735580,2668410,2677870,1128
20230331,033000,2677870,2718270,2657090,2673250,411
20230401,033000,2706730,2711340,2616700,2622470,889
20230403,033000,2624780,2634010,2517430,2576300,1422
20230404,033000,2562440,2583220,2490880,2583220,1255
20230405,033000,2599380,2634010,2579760,2595460,1331
20230406,033000,2597070,2597070,2528970,2553900,1368
20230407,033000,2554360,2554360,2522050,2543980,970
20230408,033000,2543980,2568220,2543980,2548130,1296
20230409,033000,2546290,2546290,2472410,2487420,1465
20230410,033000,2473570,2504730,2455100,2489500,1450
20230411,033000,2489500,2564750,2489500,2549980,1529
20230412,033000,2550900,2593610,2550900,2555520,1372
20230413,033000,2555520,2570520,2539360,2556900,1375
20230414,033000,2537050,2556670,2533590,2534740,713
20230415,033000,2533590,2547900,2502420,2515810,1321
20230416,033000,2500120,2560600,2490650,2541900,1423
20230417,033000,2541670,2594760,2541670,2549290,1452
20230418,033000,2550900,2580910,2535900,2555520,1514
20230419,033000,2557830,2593610,2556670,2590380,1033
20230420,033000,2590150,2619000,2582760,2598000,1062
20230421,033000,2599380,2599380,2582070,2583220,577
20230422,033000,2584380,2590150,2571680,2587610,552
20230423,033000,2587840,2610230,2583220,2587840,623
20230424,033000,2585530,2599380,2556670,2573760,1369
20230425,033000,2571680,2582760,2564750,2572600,1293
20230426,033000,2573990,2634700,2573990,2634010,1249
20230427,033000,2632160,2674180,2628930,2656170,1383
20230428,033000,2658250,2661710,2636550,2657090,546
20230429,033000,2687100,2728430,2687100,2710420,1332
20230430,033000,2700960,2749430,2700960,2744820,1312
20230501,033000,2786370,2796760,2754980,2770670,1328
20230502,033000,2771600,2771600,2710650,2722660,1452
20230503,033000,2717120,2752900,2704420,2725890,1269
20230504,033000,2763280,2767440,2730970,2737200,1057
20230505,033000,2744820,2744820,2690570,2699800,330
20230506,033000,2705570,2717120,2645550,2651550,1374
20230507,033000,2652480,2658250,2623620,2634010,1393
20230508,033000,2634010,2675100,2634010,2658250,1307
20230509,033000,2661710,2692880,2636320,2641860,1238
20230510,033000,2643240,2664020,2621310,2651320,1157
20230511,033000,2650170,2661710,2628240,2630550,902
20230512,033000,2631700,2631700,2594760,2595920,594
20230513,033000,2555520,2594760,2553210,2570520,1259
20230514,033000,2570520,2599380,2513970,2523890,1417
20230515,033000,2537050,2599380,2523890,2590150,1295
20230516,033000,2567060,2573990,2539360,2547440,1103
20230517,033000,2546290,2546290,2496650,2516510,1163
20230518,033000,2517430,2520890,2490880,2498270,1090
20230519,033000,2500120,2524120,2497810,2511660,612
20230520,033000,2511660,2564750,2498960,2552520,1230
20230521,033000,2550900,2600540,2550900,2564750,1224
20230522,033000,2564750,2604000,2564750,2580910,1346
20230523,033000,2579070,2599150,2556670,2564290,1429
20230524,033000,2577220,2597070,2529900,2537050,1460
20230525,033000,2504730,2537050,2497810,2522280,1432
20230526,033000,2520890,2539360,2506810,2509120,785
20230527,033000,2518580,2541670,2509350,2523200,1416
20230528,033000,2516280,2516280,2477030,2489730,1412
20230529,033000,2490880,2545130,2477030,2527590,1470
20230530,033000,2527820,2527820,2482800,2496650,1222
20230531,033000,2475880,2500120,2460870,2495500,1490
20230601,033000,2486260,2510500,2485110,2501620,945
20230602,033000,2502420,2512810,2498960,2509350,259
20230603,033000,2495960,2497580,2470800,2473110,1653
20230604,033000,2458560,2462020,2429710,2453940,2330
20230605,033000,2470100,2485110,2451640,2465030,3043
20230606,033000,2470100,2482800,2462020,2464330,3471
20230607,033000,2458560,2458560,2350060,2360450,4951
20230608,033000,2361600,2375460,2316590,2343140,4652
20230609,033000,2373150,2378920,2311970,2315440,1652
20230610,033000,2317740,2366220,2305050,2327900,3935
20230611,033000,2313130,2345440,2211550,2220790,1855
20230612,033000,2223090,2288890,2208090,2288890,1489
20230613,033000,2320050,2383540,2306200,2380070,2130
20230614,033000,2350060,2389310,2316590,2343140,1419
20230615,033000,2320050,2333900,2292350,2331590,952
20230616,033000,2350060,2351220,2331590,2339670,170
20230617,033000,2382380,2389310,2340830,2358140,1702
20230618,033000,2370840,2375460,2347750,2360450,1838
20230619,033000,2336210,2339670,2315670,2333900,2155
20230620,033000,2322360,2344290,2322360,2330440,1742
20230621,033000,2296970,2313130,2294660,2301120,1511
20230622,033000,2335060,2345440,2315440,2321210,1415
20230623,033000,2331590,2336210,2325820,2329290,213
20230624,033000,2350060,2436630,2338520,2430860,2208
20230625,033000,2387000,2387000,2343140,2352370,1485
20230626,033000,2354680,2359300,2343140,2356990,1055
20230627,033000,2354680,2368530,2345440,2347750,836
20230628,033000,2337370,2354680,2329290,2350060,945
20230629,033000,2352370,2359300,2347750,2358140,252
20230630,033000,2361600,2366220,2359300,2361600,189
20230701,033000,2377760,2398540,2368530,2392770,1223
20230702,033000,2400850,2414700,2383540,2383540,1421
20230703,033000,2387000,2392770,2373150,2376610,1166
20230704,033000,2380070,2390460,2361600,2377760,1133
20230705,033000,2370840,2382380,2362760,2380070,1072
20230706,033000,2382380,2389310,2375460,2378920,1223
20230707,033000,2380070,2385840,2366220,2375460,576
20230708,033000,2374300,2377760,2351220,2355830,1036
20230709,033000,2343140,2364610,2341980,2353520,713
20230710,033000,2351220,2356990,2344290,2347750,712
20230711,033000,2347750,2348910,2316590,2328130,822
20230712,033000,2317740,2349370,2308510,2346830,781
20230713,033000,2350060,2363910,2343600,2352830,562
20230715,033000,2345440,2366220,2324670,2325820,927
20230716,033000,2325820,2329290,2311970,2321210,655
20230717,033000,2323510,2332750,2316590,2325820,618
20230718,033000,2325820,2337370,2303890,2313130,878
20230719,033000,2308510,2324670,2303200,2311970,847
20230720,033000,2313130,2323980,2299970,2318670,974
20230721,033000,2317740,2317740,2305050,2305050,67
20230722,033000,2306200,2318900,2287730,2290040,962
20230723,033000,2287730,2292350,2271110,2273880,778
20230724,033000,2271570,2326520,2267650,2326520,629
20230725,033000,2324670,2340830,2310360,2333210,673
20230726,033000,2343140,2349370,2325820,2333210,674
20230729,033000,2332750,2345440,2323050,2341980,796
20230730,033000,2341980,2344060,2325590,2326980,1097
20230731,033000,2328130,2373150,2325820,2370840,1288
20230801,033000,2368530,2403160,2367380,2395080,765
20230802,033000,2389310,2396230,2380070,2384000,1357
20230803,033000,2377760,2397390,2374300,2395310,1194
20230804,033000,2391620,2400850,2391620,2399700,101
20230805,033000,2391620,2391620,2363450,2363450,972
20230806,033000,2366220,2375460,2355830,2361140,1276
20230807,033000,2361600,2369680,2350760,2353520,797
20230808,033000,2351220,2351220,2337370,2341980,624
20230809,033000,2341980,2360450,2340830,2352370,640
20230810,033000,2348450,2352830,2343140,2345440,722
20230811,033000,2303890,2303890,2290040,2294660,188
20230812,033000,2285420,2306200,2279650,2303890,969
20230813,033000,2303890,2329290,2303890,2324670,956
20230814,033000,2329290,2340830,2318900,2320050,698
20230815,033000,2317740,2326980,2308510,2321210,876
20230816,033000,2331590,2336210,2307360,2308510,786
20230817,033000,2306200,2309660,2299280,2306200,484
20230818,033000,2301580,2303890,2300430,2302740,49
20230819,033000,2302740,2302740,2290040,2292350,728
20230820,033000,2291200,2294660,2279650,2285420,839
20230821,033000,2278500,2288190,2275730,2279420,613
20230822,033000,2285420,2323510,2285420,2315440,884
20230823,033000,2317740,2324670,2311970,2316130,374
20230824,033000,2317740,2322360,2312200,2314280,527
20230825,033000,2313130,2315440,2311970,2313130,44
20230826,033000,2302740,2305050,2294200,2301580,476
20230827,033000,2304580,2320050,2296970,2314970,968
20230828,033000,2309660,2314740,2303890,2311970,631
20230829,033000,2315440,2325590,2310590,2322360,1094
20230830,033000,2329290,2337370,2325820,2329750,3011
20230831,033000,2329290,2333900,2326980,2331590,357
20230901,033000,2330440,2333900,2328130,2329290,88
20230902,033000,2333900,2373150,2330440,2370380,2080
20230903,033000,2373150,2380070,2358600,2363910,5321
20230904,033000,2365070,2377760,2360910,2372220,1241
20230905,033000,2367380,2374300,2360450,2362300,2299
20230907,033000,2354680,2357680,2348910,2353060,1217
20230909,033000,2360450,2366220,2352370,2357680,1452
20230910,033000,2358840,2358840,2343140,2344290,1211
20230911,033000,2349140,2350060,2338520,2341290,1594
20230912,033000,2336210,2336210,2325820,2334830,920
20230913,033000,2345440,2351450,2340140,2349140,2621
20230914,033000,2338520,2341060,2338060,2338980,160
20230915,033000,2347750,2348220,2343830,2348220,97
20230916,033000,2352370,2357450,2345910,2353290,1625
20230917,033000,2345440,2350060,2338520,2339670,2434
20230918,033000,2343600,2343600,2326520,2333210,1783
20230919,033000,2331590,2341980,2328130,2330900,1237
20230920,033000,2332980,2335980,2322360,2330440,686
20230921,033000,2325820,2329980,2319360,2325590,517
20230922,033000,2326280,2326750,2323050,2325820,76
20230923,033000,2325820,2328130,2318900,2320510,612
20230924,033000,2314510,2315900,2312430,2315440,122
20230925,033000,2311970,2317510,2305510,2307590,894
20230926,033000,2301580,2309660,2290040,2290270,763
20230927,033000,2284270,2289580,2278500,2283580,820
20230928,033000,2283120,2290730,2283120,2287730,475
20230929,033000,2280810,2280810,2257720,2259570,242
20230930,033000,2245020,2261650,2241560,2254720,865
20231001,033000,2255410,2268110,2254260,2260030,641
20231002,033000,2261180,2261180,2247100,2247330,668
20231003,033000,2241100,2243410,2238100,2239950,144
20231004,033000,2233940,2241790,2232790,2239480,543
20231005,033000,2241560,2249640,2241100,2243870,555
20231006,033000,2242950,2243870,2240410,2242260,158
20231007,033000,2256570,2302740,2255410,2295810,1082
20231008,033000,2345440,2453940,2345440,2442400,1706
20231009,033000,2502420,2509350,2427400,2442400,1133
20231010,033000,2472410,2472410,2377760,2397390,1162
20231011,033000,2405470,2414700,2380070,2392770,871
20231012,033000,2395080,2407780,2383540,2390460,605
20231013,033000,2414700,2414700,2402000,2406620,147
20231014,033000,2436630,2437790,2389310,2395080,939
20231015,033000,2400850,2406620,2390460,2392770,728
20231016,033000,2359300,2363910,2336210,2338520,795
20231017,033000,2354680,2392770,2350760,2387690,1365
20231018,033000,2435480,2449330,2414700,2428550,1395
20231019,033000,2420470,2426240,2402000,2407780,826
20231020,033000,2435480,2455100,2432010,2451640,279
20231021,033000,2423940,2432010,2402000,2410080,1111
20231022,033000,2412390,2452790,2410080,2433170,1214
20231023,033000,2447020,2449330,2408930,2412390,914
20231024,033000,2417010,2435480,2417010,2434780,944
20231025,033000,2443560,2462020,2437790,2451640,797
20231026,033000,2466640,2485110,2466640,2474720,552
20231027,033000,2483490,2483960,2467800,2470100,210
20231028,033000,2534740,2569370,2515120,2531280,1030
20231029,033000,2517430,2517430,2481650,2495500,1024
20231030,033000,2483960,2493190,2474720,2489260,839
20231031,033000,2488570,2525510,2488570,2503580,996
20231101,033000,2489730,2520890,2482800,2502420,1168
20231102,033000,2519740,2527820,2511660,2516280,454
20231103,033000,2517430,2520890,2489730,2494340,294
20231104,033000,2479340,2482800,2463180,2467800,803
20231105,033000,2483960,2489730,2468950,2471260,764
20231106,033000,2472410,2477030,2465490,2466180,579
20231107,033000,2455100,2456250,2437320,2440560,703
20231108,033000,2440090,2456250,2432010,2433860,798
20231109,033000,2434320,2440090,2433170,2437790,424
20231110,033000,2436630,2436630,2426240,2432010,198
20231111,033000,2435480,2440090,2418160,2420470,806
20231112,033000,2422780,2423940,2405000,2411240,610
20231113,033000,2419320,2419320,2407780,2415860,494
20231114,033000,2413550,2419320,2404310,2416320,697
20231115,033000,2426240,2436630,2418160,2422320,592
20231116,033000,2424630,2425550,2418160,2423940,483
20231117,033000,2431320,2431780,2426240,2426240,108
20231118,033000,2425090,2429710,2421630,2426010,617
20231119,033000,2426010,2430860,2411240,2411930,570
20231120,033000,2410080,2410080,2398540,2402000,681
20231121,033000,2423940,2426240,2410780,2417010,815
20231122,033000,2425090,2425780,2412850,2413550,640
20231123,033000,2414700,2424400,2412390,2419780,514
20231124,033000,2420700,2421630,2414700,2421400,158
20231125,033000,2428550,2448170,2427400,2439630,833
20231126,033000,2440090,2441710,2425090,2428090,1390
20231127,033000,2434320,2441250,2429710,2433400,1349
20231128,033000,2437090,2453940,2432010,2451870,1227
20231129,033000,2453940,2479340,2453940,2473110,2118
20231130,033000,2485800,2490880,2470100,2471950,1590
20231201,033000,2476570,2479340,2474950,2477030,182
20231202,033000,2504730,2522510,2502890,2518120,2282
20231203,033000,2525510,2526660,2509350,2517890,3023
20231204,033000,2530130,2537050,2478180,2478180,5174
20231205,033000,2477030,2486260,2458560,2465490,3680
20231206,033000,2474720,2476570,2453940,2473570,3786
20231207,033000,2473570,2480490,2465490,2470570,2884
20231208,033000,2472410,2472410,2443100,2447020,2076
20231209,033000,2449330,2456480,2444710,2452790,2973
20231210,033000,2455100,2457870,2448170,2452100,2640
20231211,033000,2451640,2451640,2434320,2435480,3446
20231212,033000,2436630,2456250,2436630,2441250,2146
20231213,033000,2438940,2472410,2437790,2468950,2984
20231214,033000,2470100,2491340,2470100,2475880,2836
20231215,033000,2474720,2485800,2463180,2464330,1636
20231216,033000,2466640,2466640,2455100,2460870,2252
20231217,033000,2460410,2463180,2453940,2455560,803
20231218,033000,2453940,2459720,2444710,2452560,3137
20231219,033000,2451640,2455100,2442860,2450480,3275
20231220,033000,2450480,2459720,2449330,2453020,2632
20231221,033000,2453940,2468950,2453940,2462720,2345
20231222,033000,2460870,2477030,2460870,2470570,2659
20231223,033000,2467800,2494810,2467800,2485110,3368
20231224,033000,2482800,2484880,2459720,2459950,2928
20231225,033000,2458560,2485110,2458560,2485110,3627
20231226,033000,2500120,2500580,2474030,2480260,3407
20231227,033000,2481650,2508890,2480960,2504730,3749
20231228,033000,2510500,2512810,2497810,2501730,2478
20231229,033000,2501040,2504730,2488800,2501730,1879
20231230,033000,2500120,2519740,2497810,2515810,3429
20231231,033000,2513970,2518120,2500120,2506580,2685
20240101,033000,2504730,2528970,2504730,2528050,4047
20240102,033000,2527820,2548130,2525050,2546290,3938
20240103,033000,2545130,2557830,2532440,2555520,4536
20240104,033000,2555520,2580910,2548590,2551360,3464
20240105,033000,2549750,2557830,2537050,2546750,2237
20240106,033000,2546290,2571220,2541210,2569370,2791
20240107,033000,2568220,2591300,2562440,2584610,4239
20240108,033000,2571680,2573300,2552520,2555290,3720
20240109,033000,2562440,2594760,2560140,2587380,4345
20240110,033000,2586680,2610920,2584380,2607000,4468
20240111,033000,2606310,2617850,2592920,2594300,4007
20240112,033000,2591300,2637470,2591300,2635160,3635
20240113,033000,2635160,2697490,2624780,2688950,5514
20240114,033000,2697490,2725200,2642090,2664020,4882
20240115,033000,2664020,2677870,2649010,2673250,3629
20240116,033000,2673250,2691720,2666330,2668640,3405
20240117,033000,2668640,2721730,2653630,2709500,5122
20240118,033000,2696340,2717120,2691720,2707880,3535
20240119,033000,2707880,2713650,2675560,2675560,2520
20240120,033000,2676720,2732120,2669790,2727500,4892
20240121,033000,2722890,2745970,2700960,2703730,4654
20240122,033000,2703260,2724040,2699800,2711580,3353
20240123,033000,2729500,2753590,2727500,2742510,4601
20240124,033000,2749430,2769060,2741360,2754050,3882
20240125,033000,2754050,2757510,2742510,2751280,2127
20240126,033000,2751280,2756360,2745280,2755210,1377
20240127,033000,2754050,2810610,2752900,2793060,4686
20240128,033000,2792140,2862550,2781750,2853320,4497
20240129,033000,2846390,2924880,2845240,2919110,4224
20240130,033000,2935270,3005680,2924880,2949120,4265
20240131,033000,2950280,2958350,2920260,2945660,3519
20240201,033000,2945660,2956050,2876400,2891640,3881
20240202,033000,2892560,2898330,2875250,2895330,1771
20240203,033000,2911030,2926040,2773670,2790530,4011
20240204,033000,2788680,2803680,2732120,2733280,3687
20240205,033000,2733280,2765590,2696340,2758670,3985
20240206,033000,2742510,2777140,2732120,2745970,3291
20240207,033000,2747130,2807150,2747130,2800220,2903
20240208,033000,2800220,2802530,2780600,2790990,1456
20240209,033000,2790990,2790990,2750590,2756360,1401
20240210,033000,2757510,2760980,2735580,2757510,2510
20240211,033000,2756360,2770210,2754050,2759130,1407
20240212,033000,2759820,2785220,2745970,2750360,3403
20240213,033000,2749430,2766750,2736740,2743890,3099
20240214,033000,2743660,2759820,2737890,2756360,2856
20240215,033000,2756360,2779440,2750590,2772980,2516
20240216,033000,2772980,2779440,2767900,2775750,1309
20240217,033000,2774830,2826770,2773670,2821000,4082
20240218,033000,2822150,2849860,2800220,2812920,4068
20240219,033000,2814070,2842930,2814070,2822150,3117
20240220,033000,2821000,2832540,2786370,2801380,3298
20240221,033000,2811760,2831390,2804840,2826080,3175
20240222,033000,2825620,2851010,2823310,2833460,2309
20240223,033000,2832540,2860240,2827920,2858630,1697
20240224,033000,2869480,2883330,2860240,2862550,3122
20240225,033000,2860240,2879860,2857930,2871780,2257
20240226,033000,2881020,2884480,2861400,2881710,3487
20240227,033000,2881020,2920260,2881020,2917960,4271
20240228,033000,2916800,2924880,2884480,2894870,3369
20240229,033000,2894870,2920260,2892560,2917960,3224
20240301,033000,2915650,2996440,2915650,2989520,3167
20240302,033000,2989520,3026460,2953740,2989520,3648
20240303,033000,2989520,3020680,2960660,3016070,3961
20240304,033000,3017220,3088780,3016070,3071470,4673
20240305,033000,3070320,3136110,3068010,3107250,4189
20240306,033000,3114180,3147650,3114180,3141880,2289
20240307,033000,3141650,3206520,3141650,3181820,5113
20240308,033000,3181820,3227300,3177660,3219220,3730
20240309,033000,3220370,3227300,3139800,3154580,6934
20240310,033000,3154580,3158040,3074930,3096860,6649
20240311,033000,3096860,3151580,3084400,3121100,7825
20240312,033000,3121100,3121100,3084170,3086020,5260
20240313,033000,3086480,3126880,3049540,3118800,4584
20240314,033000,3119950,3131490,3090170,3104940,3927
20240315,033000,3106100,3131490,3101250,3103790,3117
20240316,033000,3103790,3176510,3090170,3167280,3759
20240317,033000,3166120,3214600,3164970,3211140,1417
20240318,033000,3199590,3273470,3197280,3261920,1605
20240319,033000,3261920,3293090,3246920,3279240,1143
20240321,033000,3278080,3278080,3278080,3278080,1
20240322,033000,3280620,3280620,3219220,3238840,1122
20240323,033000,3238840,3265390,3219220,3260770,829
20240324,033000,3255000,3289630,3255000,3265390,1216
20240325,033000,3267700,3267700,3197280,3205360,1408
20240326,033000,3206520,3234220,3190360,3228450,1240
20240327,033000,3227300,3265390,3227300,3259620,1398
20240328,033000,3259620,3287320,3259620,3283850,1499
20240329,033000,3282700,3339260,3282700,3326560,1569
20240330,033000,3326560,3335800,3290780,3298400,1586
20240331,033000,3298860,3310400,3287320,3305780,943
20240401,033000,3328870,3385430,3310400,3385430,1954
20240402,033000,3411980,3458150,3395820,3448910,2664
20240403,033000,3458150,3589730,3432750,3588580,3446
20240404,033000,3589730,3670530,3578190,3624360,2596
20240405,033000,3625510,3628980,3520480,3590890,2071
20240406,033000,3596660,3709770,3573570,3691310,3052
20240407,033000,3702850,3714390,3510090,3556260,3063
20240408,033000,3550490,3592040,3474310,3534330,3287
20240409,033000,3555100,3652060,3550490,3622050,3048
20240410,033000,3619740,3638210,3596660,3603580,308
20240411,033000,3624360,3693620,3610510,3677460,1200
20240412,033000,3739780,3843670,3725930,3839050,1364
20240413,033000,3766330,3887530,3716700,3866750,2609
20240414,033000,3843670,3852900,3712080,3753640,1742
20240415,033000,3709770,3758250,3619740,3751330,2350
20240416,033000,3737480,3788260,3691310,3753640,1907
20240417,033000,3737480,3819430,3732860,3792880,2157
20240418,033000,3797500,3843670,3781340,3826350,1368
20240419,033000,3760560,3769800,3723620,3769800,560
20240420,033000,3758250,3762870,3656680,3662450,3189
20240421,033000,3647440,3723620,3647440,3685540,2910
20240422,033000,3672840,3677460,3624360,3641670,2225
20240423,033000,3575880,3596660,3527400,3556260,1927
20240424,033000,3550490,3555100,3502010,3532020,2479
20240425,033000,3520480,3545870,3497390,3517010,1931
20240426,033000,3527400,3537790,3476620,3481230,401
20240427,033000,3481230,3504320,3416590,3423520,2419
20240428,033000,3425830,3439680,3315020,3328870,2360
20240429,033000,3324250,3502010,3324250,3478920,2756
20240430,033000,3468540,3544720,3432750,3447760,2123
20240501,033000,3439680,3446600,3398120,3432750,1928
20240502,033000,3451220,3478920,3400430,3420060,1182
20240503,033000,3407360,3418900,3378500,3385430,148
20240504,033000,3375040,3391200,3358880,3372730,326
20240505,033000,3384270,3418900,3342720,3363500,1751
20240506,033000,3421210,3483540,3416590,3423520,2434
20240507,033000,3432750,3448910,3386580,3408510,1955
20240508,033000,3430440,3430440,3388890,3405050,1563
20240509,033000,3405050,3437370,3394660,3433910,1295
20240510,033000,3473150,3481230,3432750,3453530,364
20240511,033000,3439680,3446600,3401590,3402740,1494
20240512,033000,3400430,3405050,3356570,3373890,1559
20240513,033000,3365810,3368120,3332330,3343880,1448
20240514,033000,3335800,3379660,3326560,3354260,1688
20240515,033000,3375040,3379660,3351960,3363500,1381
20240516,033000,3365810,3365810,3347340,3348490,583
20240517,033000,3343880,3365810,3340410,3365810,217
20240518,033000,3360040,3363500,3301170,3303480,1498
20240519,033000,3318480,3610510,3308090,3513550,3215
20240520,033000,3485850,3497390,3355420,3363500,1967
20240521,033000,3368120,3376200,3340410,3362340,1962
20240522,033000,3363500,3366960,3338100,3338100,98
20240523,033000,3331180,3331180,3308090,3310400,946
20240524,033000,3310400,3317330,3266540,3275780,233
20240525,033000,3280390,3301170,3245760,3261920,1842
20240526,033000,3257310,3301170,3252690,3285010,1666
20240527,033000,3298860,3362340,3285010,3350800,2433
20240528,033000,3351960,3444300,3349650,3394660,1968
20240529,033000,3398120,3421210,3349650,3369270,1996
20240530,033000,3381970,3386580,3354260,3372730,1118
20240531,033000,3371580,3375040,3340410,3343880,80
20240601,033000,3346180,3347340,3319640,3319640,1336
20240602,033000,3333490,3399280,3333490,3381970,1560
20240603,033000,3372730,3375040,3351960,3368120,297
20240604,033000,3351960,3356570,3332330,3336950,314
20240605,033000,3346180,3384270,3342720,3354260,1691
20240606,033000,3370420,3376200,3361190,3373890,981
20240607,033000,3361190,3363500,3319640,3323100,488
20240608,033000,3328870,3346180,3321940,3328870,1689
20240609,033000,3340410,3349650,3306940,3306940,1616
20240610,033000,3313860,3317330,3295400,3310400,1411
20240611,033000,3318480,3321940,3295400,3300010,1574
20240612,033000,3306940,3324250,3303480,3315020,1438
20240613,033000,3308090,3317330,3301170,3306940,799
20240614,033000,3310400,3341570,3308090,3338100,212
20240615,033000,3358880,3363500,3335800,3346180,1342
20240616,033000,3351960,3376200,3341570,3365810,1317
20240617,033000,3354260,3360040,3338100,3340410,220
20240618,033000,3349650,3349650,3324250,3328870,1224
20240619,033000,3342720,3362340,3340410,3355420,1195
20240620,033000,3363500,3372730,3357730,3368120,696
20240621,033000,3377350,3378500,3341570,3342720,215
20240622,033000,3347340,3383120,3346180,3376200,1751
20240623,033000,3371580,3414280,3369270,3407360,1784
20240624,033000,3441990,3495080,3435060,3491620,2812
20240625,033000,3469690,3469690,3443140,3451220,346
20240626,033000,3440830,3455840,3421210,3451220,1261
20240627,033000,3474310,3503160,3472000,3483540,1406
20240628,033000,3462760,3488160,3448910,3470840,430
20240629,033000,3455840,3522780,3441990,3518170,1991
20240630,033000,3541250,3560880,3520480,3523940,2482
20240701,033000,3511240,3528560,3508930,3517010,1765
20240702,033000,3521630,3543560,3470840,3476620,2407
20240703,033000,3485850,3492770,3462760,3485850,1991
20240704,033000,3487000,3504320,3482390,3493930,1561
20240705,033000,3490470,3500850,3458150,3460460,925
20240706,033000,3420060,3443140,3400430,3437370,2040
20240707,033000,3444300,3454680,3418900,3423520,2148
20240708,033000,3409670,3414280,3373890,3375040,1596
20240709,033000,3383120,3384270,3328870,3335800,1524
20240710,033000,3372730,3393510,3354260,3365810,1337
20240711,033000,3356570,3375040,3347340,3373890,1331
20240712,033000,3379660,3393510,3370420,3375040,327
20240713,033000,3373890,3391200,3356570,3388890,802
20240714,033000,3406200,3409670,3386580,3396970,725
20240715,033000,3390050,3401590,3385430,3399280,38
20240717,033000,3418900,3428140,3393510,3393510,1071
20240718,033000,3401590,3402740,3369270,3369270,592
20240719,033000,3355420,3357730,3330020,3330020,222
20240720,033000,3335800,3375040,3325410,3366960,1628
20240721,033000,3379660,3381970,3341570,3348490,1762
20240722,033000,3351960,3351960,3324250,3340410,1552
20240723,033000,3356570,3386580,3356570,3358880,1737
20240724,033000,3366960,3403900,3357730,3388890,2021
20240725,033000,3370420,3380810,3363500,3372730,947
20240726,033000,3373890,3379660,3362340,3372730,211
20240727,033000,3391200,3405050,3384270,3400430,2013
20240728,033000,3394660,3417750,3391200,3405050,886
20240729,033000,3416590,3440830,3408510,3426980,2184
20240730,033000,3438520,3499700,3436220,3482390,2331
20240731,033000,3557410,3568960,3535480,3550490,1954
20240801,033000,3564340,3631280,3552800,3618590,1726
20240802,033000,3654370,3671680,3612820,3626670,469
20240803,033000,3603580,3677460,3598970,3641670,2030
20240804,033000,3628980,3639360,3577040,3583960,2189
20240805,033000,3582810,3587420,3547020,3557410,2004
20240806,033000,3557410,3573570,3515860,3522780,1831
20240807,033000,3548180,3595500,3534330,3592040,1974
20240808,033000,3560880,3580500,3555100,3572420,1513
20240809,033000,3552800,3559030,3541250,3543560,663
20240810,033000,3552560,3552560,3505470,3512400,2001
20240811,033000,3499700,3502010,3444300,3455840,1883
20240812,033000,3473150,3550490,3467380,3532020,1918
20240813,033000,3520480,3527400,3483540,3495080,1717
20240814,033000,3512400,3529710,3473150,3485850,1862
20240815,033000,3465070,3489310,3455840,3465070,1815
20240816,033000,3451220,3478920,3446600,3465070,501
20240817,033000,3487000,3504320,3435060,3440830,2805
20240818,033000,3451220,3515860,3438520,3505470,3203
20240819,033000,3541250,3573570,3534330,3547020,2469
20240820,033000,3572420,3582810,3532020,3541250,2085
20240821,033000,3568960,3596660,3558570,3588580,2534
20240822,033000,3593200,3605890,3571260,3585120,1860
20240823,033000,3594350,3600120,3583960,3587420,405
20240824,033000,3585120,3612820,3567800,3611660,1470
20240825,033000,3617430,3631280,3608200,3617430,803
20240826,033000,3646290,3649750,3607050,3624360,1871
20240827,033000,3617430,3617430,3579340,3589730,1836
20240828,033000,3601270,3627820,3597810,3615120,2092
20240829,033000,3637060,3647440,3625510,3641670,1627
20240830,033000,3646290,3646290,3615120,3618590,494
20240831,033000,3638210,3640520,3617430,3625510,1935
20240901,033000,3650910,3684380,3645140,3678610,2018
20240902,033000,3676300,3679760,3655520,3657830,391
20240903,033000,3657830,3665910,3639360,3643980,1054
20240904,033000,3633590,3637060,3626670,3633590,422
20240905,033000,3638210,3652060,3634750,3639360,844
20240906,033000,3638210,3646290,3612820,3616280,232
20240907,033000,3612820,3637060,3595500,3604740,2009
20240908,033000,3624360,3624360,3601270,3612820,1974
20240909,033000,3613970,3637060,3602430,3631280,2326
20240910,033000,3637060,3658990,3624360,3649750,2177
20240911,033000,3665910,3670530,3652060,3654370,1782
20240912,033000,3647440,3663600,3638210,3662450,424
20240913,033000,3671680,3712080,3663600,3712080,435
20240914,033000,3701690,3728240,3700540,3702850,2266
20240915,033000,3707470,3712080,3679760,3691310,1696
20240916,033000,3686690,3716700,3685540,3710930,2189
20240917,033000,3716700,3751330,3709770,3734010,2002
20240918,033000,3735170,3751330,3721320,3725930,1790
20240919,033000,3729400,3754790,3724780,3746710,1925
20240920,033000,3754790,3783650,3750170,3779030,395
20240921,033000,3788260,3796340,3768640,3774410,475
20240922,033000,3781340,3811350,3774410,3804420,2201
20240923,033000,3802120,3855210,3799810,3848280,2027
20240924,033000,3855210,3916390,3849440,3907150,2213
20240925,033000,3892150,3909460,3869060,3882910,2793
20240926,033000,3881760,3925620,3879450,3917540,2465
20240927,033000,3907150,3924470,3894460,3924470,467
20240928,033000,3976410,4060670,3976410,4011040,3326
20240929,033000,3998340,3998340,3933700,3968330,3577
20240930,033000,3970640,4148390,3915230,3945240,3238
20241001,033000,3963710,4120690,3952170,4039890,2969
20241002,033000,4019110,4094140,4000650,4061820,3641
20241003,033000,4065280,4109150,4062980,4086060,2771
20241004,033000,4076830,4076830,3987950,4005260,875
20241005,033000,4007570,4099910,3993720,4075670,3216
20241006,033000,4073360,4148390,4073360,4126460,3471
20241007,033000,4106840,4129920,4082600,4090680,3360
20241008,033000,4058360,4083750,4022580,4061820,2420
20241009,033000,4043350,4080290,4028350,4067590,2212
20241010,033000,4081440,4104530,4076830,4099910,1440
20241011,033000,4076830,4097600,4062980,4069900,398
20241012,033000,4083750,4095300,4031810,4037580,2495
20241013,033000,4049120,4095300,4049120,4087220,2515
20241014,033000,4099910,4147240,4099910,4104530,2340
20241015,033000,4097600,4111460,4082600,4102220,2025
20241016,033000,4148390,4174940,4147240,4156470,2811
20241017,033000,4173780,4192250,4169170,4181860,2100
20241018,033000,4186480,4202640,4181860,4189940,243
20241019,033000,4210720,4263820,4206100,4253430,2738
20241020,033000,4279980,4307680,4245350,4275360,2653
20241021,033000,4303060,4345770,4289210,4328460,3311
20241022,033000,4344610,4471580,4344610,4469270,2921
20241023,033000,4516600,4589320,4483120,4518910,3376
20241024,033000,4570850,4603170,4552380,4573160,2185
20241025,033000,4570850,4673580,4559310,4663190,782
20241026,033000,4372320,4432340,4351540,4386170,2794
20241027,033000,4447340,4480820,4428880,4451960,2808
20241028,033000,4463500,4541990,4457730,4535070,2887
20241029,033000,4614710,4657420,4605480,4656260,3190
20241030,033000,4724360,4762450,4679350,4681660,2622
20241031,033000,4674730,4693200,4558150,4606630,2681
20241101,033000,4614710,4617020,4572000,4574310,248
20241102,033000,4603170,4690890,4563920,4662030,3263
20241103,033000,4716280,4741680,4640100,4674730,3639
20241104,033000,4672420,4672420,4593930,4611250,2868
20241105,033000,4587010,4640100,4573160,4606630,2043
20241106,033000,4690890,4716280,4536220,4581240,2516
20241107,033000,4526990,4578930,4517750,4572000,1660
20241108,033000,4547760,4580080,4538530,4575460,790
20241109,033000,4557000,4573160,4532760,4541990,3503
20241110,033000,4533910,4547760,4418490,4438110,2933
20241111,033000,4375780,4404640,4236110,4264970,3908
20241112,033000,4273050,4346920,4247660,4340000,3861
20241113,033000,4397710,4409250,4303060,4316910,2927
20241114,033000,4258040,4344610,4256890,4319220,2558
20241115,033000,4319220,4337690,4266120,4274200,825
20241116,033000,4284590,4334230,4275360,4304220,3019
20241117,033000,4316910,4328460,4279980,4289210,2607
20241118,033000,4323840,4360770,4307680,4346920,2754
20241119,033000,4378090,4475040,4367700,4461190,2964
20241120,033000,4499280,4525830,4460040,4494670,3164
20241121,033000,4535070,4544300,4506210,4523520,1859
20241122,033000,4575460,4642410,4563920,4641260,650
20241123,033000,4673580,4704740,4644720,4650490,2582
20241124,033000,4673580,4679350,4513140,4569690,2431
20241125,033000,4487740,4563920,4439260,4450810,2763
20241126,033000,4446190,4506210,4438110,4463500,1924
20241127,033000,4496980,4529300,4496980,4515440,1778
20241128,033000,4501590,4568540,4499280,4552380,1748
20241129,033000,4577770,4633180,4566230,4628560,1168
20241130,033000,4612400,4653950,4570850,4585850,2825
20241201,033000,4607780,4612400,4540840,4563920,2259
20241202,033000,4566230,4602010,4563920,4587010,2864
20241203,033000,4632020,4644720,4605480,4628560,2641
20241204,033000,4651650,4690890,4637800,4685120,2193
20241205,033000,4672420,4680500,4615860,4618170,379
20241206,033000,4632020,4632020,4584700,4598550,1122
20241207,033000,4603170,4619330,4568540,4608940,2399
20241208,033000,4632020,4686270,4628560,4630870,2183
20241209,033000,4673580,4718590,4658570,4700120,2435
20241210,033000,4732440,4786690,4716280,4780920,1946
20241211,033000,4792460,4874420,4792460,4873260,2148
20241212,033000,4870950,4870950,4790160,4813240,1597
20241213,033000,4807470,4831710,4780920,4819010,775
20241214,033000,4817860,4896350,4797080,4875570,3227
20241215,033000,4872110,4887110,4837480,4845560,2383
20241216,033000,4855950,4951750,4850180,4940210,2804
20241217,033000,4951750,4980610,4905580,4944830,3436
20241218,033000,4980610,4988690,4947140,4971370,2463
20241219,033000,4937900,4942520,4858260,4877880,2656
20241220,033000,4891730,4913660,4881340,4910200,349
20241221,033000,4900960,4917120,4862880,4891730,2198
20241222,033000,4857100,4918280,4836330,4903270,2728
20241223,033000,4949440,5021010,4937900,5006000,3105
20241224,033000,5024470,5067180,5002540,5053330,2373
20241225,033000,5039480,5090260,4986380,5063720,2753
20241226,033000,5078720,5152590,5078720,5112190,2200
20241227,033000,5124890,5168750,5106420,5166440,937
20241228,033000,5152590,5266860,5152590,5262250,3128
20241229,033000,5238010,5298030,5116810,5157210,3076
20241230,033000,5149130,5253010,5099500,5247240,2938
20241231,033000,5268020,5272640,5177990,5221850,4059
20250101,033000,5196450,5228770,5173370,5225310,2715
20250102,033000,5251860,5251860,5189530,5195300,2570
20250103,033000,5191840,5196450,5136430,5144510,1075
20250104,033000,5141050,5167600,5109880,5161830,3271
20250105,033000,5168750,5181450,5106420,5113350,3771
20250106,033000,5107580,5168750,5085650,5168750,3649
20250107,033000,5171060,5251860,5154900,5212610,4129
20250108,033000,5212610,5284180,5198760,5264560,4061
20250109,033000,5261090,5293410,5251860,5274940,2822
20250110,033000,5281870,5351120,5251860,5333810,1342
20250111,033000,5328040,5378830,5325730,5330350,3332
20250112,033000,5341890,5355740,5274940,5277250,3750
20250113,033000,5295720,5353430,5281870,5286490,3347
20250114,033000,5295720,5295720,5242620,5250700,438
20250115,033000,5265710,5293410,5184910,5208000,3327
20250116,033000,5196450,5248400,5182600,5244930,2346
20250117,033000,5240320,5240320,5171060,5180300,469
20250118,033000,5182600,5277250,5182600,5255320,3261
20250119,033000,5261090,5293410,5233390,5251860,2797
20250120,033000,5272640,5314190,5228770,5266860,3984
20250121,033000,5314190,5427300,5314190,5418070,3490
20250122,033000,5452700,5491940,5435380,5479250,3475
20250123,033000,5494250,5540420,5480400,5517340,2806
20250124,033000,5540420,5575050,5480400,5530030,884
20250125,033000,5540420,5584280,5515030,5570430,3614
20250126,033000,5563510,5614290,5563510,5605060,2955
20250127,033000,5600440,5637380,5547350,5576200,3238
20250128,033000,5581980,5621220,5571590,5599290,2435
20250129,033000,5601600,5611990,5512720,5532340,3621
20250130,033000,5533500,5618910,5521950,5614290,3043
20250131,033000,5614290,5666240,5610830,5653540,3291
20250201,033000,5653540,5690480,5648920,5670850,3380
20250202,033000,5676620,5688170,5618910,5659310,3535
20250203,033000,5646610,5708940,5639690,5704330,2956
20250204,033000,5713560,5774740,5691630,5764350,3374
20250205,033000,5762040,5928250,5762040,5891320,3951
20250206,033000,5886700,5979040,5879770,5953640,2799
20250207,033000,5967500,6146410,5960570,6097930,3659
20250208,033000,6129090,6362250,6103700,6350710,4216
20250209,033000,6348400,6694680,6348400,6669280,3868
20250210,033000,6648510,6879360,6463830,6503070,2101
20250211,033000,6625420,6625420,6272220,6394570,1095
20250212,033000,6371480,6417660,6260680,6383030,1408
20250213,033000,6417660,6563090,6417660,6533080,1258
20250214,033000,6625420,6683130,6613880,6630040,1061
20250215,033000,6636960,6642740,6426890,6505380,714
20250216,033000,6544390,6544390,6484370,6516690,1
20250217,033000,6521310,6528460,6463830,6475140,43
20250218,033000,6475140,6616190,6468440,6581560,1083
20250219,033000,6616190,6810100,6600030,6757010,1114
20250220,033000,6844730,6974010,6844730,6897820,1317
20250221,033000,6782400,6867820,6775470,6851660,434
20250222,033000,6923220,7010940,6745460,6796250,2534
20250223,033000,6706220,6800870,6602340,6731610,2833
20250224,033000,6763930,6800870,6655430,6655430,1200
20250225,033000,6593100,6657740,6551550,6613880,1979
20250226,033000,6648510,6766240,6648510,6718920,3829
20250227,033000,6706220,6706220,6588480,6623110,3181
20250228,033000,6625420,6625420,6440740,6449980,2464
20250301,033000,6475370,6530770,6389950,6463830,3692
20250302,033000,6505380,6579250,6394570,6466130,3820
20250303,033000,6463830,6496140,6329930,6396880,3635
20250304,033000,6406110,6530770,6350710,6461520,3409
20250305,033000,6436120,6454590,6313770,6336860,849
20250306,033000,6336860,6417660,6302230,6406110,856
20250307,033000,6394570,6510000,6380720,6429200,720
20250308,033000,6417660,6994780,6417660,6900130,1813
20250309,033000,6925530,7237180,6879360,7214090,2401
20250310,033000,7202550,7352600,7064040,7110210,2449
20250311,033000,7087120,7271800,7029410,7244100,2128
20250312,033000,7225630,7317970,7126370,7237180,2328
20250313,033000,7214090,7294890,7156380,7184080,1707
20250314,033000,7202550,7232560,7064040,7087120,1253
20250315,033000,7133290,7156380,7017870,7147140,1721
20250316,033000,7167920,7433400,7133290,7426470,2471
20250317,033000,7387230,7837390,7368760,7825850,3008
20250318,033000,7779680,8183660,7779680,7883560,2635
20250319,033000,7848930,7987440,7791220,7895100,1408
20250322,033000,7957430,7992060,7918190,7950510,502
20250323,033000,7957430,7964360,7929730,7948200,260
20250324,033000,7929730,7933190,7802760,7814300,709
20250325,033000,7825850,7964360,7761210,7941270,1221
20250326,033000,7964360,8056700,7848930,8010530,2069
20250327,033000,7998980,8241380,7998980,8206750,2235
20250328,033000,8195210,8437600,8195210,8229840,2551
20250329,033000,8218290,8356800,8190590,8243690,2591
20250330,033000,8218290,8276000,8079780,8229840,2250
20250331,033000,8218290,8414520,8218290,8273700,1928
20250401,033000,8287550,8336030,8237920,8262150,1504
20250402,033000,8241380,8310630,8213680,8241380,870
20250403,033000,8183660,8280620,8158270,8218290,1888
20250404,033000,8229840,8229840,7883560,7915880,2434
20250405,033000,7941270,8010530,7687340,7749660,3252
20250406,033000,7756590,8056700,7710420,8042850,3310
20250407,033000,8033610,8061310,7814300,7853550,3366
20250408,033000,7387230,7514200,7110210,7253340,2929
20250409,033000,7260260,7571910,7260260,7507270,3057
20250410,033000,7583450,7742740,7548820,7685030,2939
20250411,033000,7710420,7756590,7544210,7546520,2296
20250412,033000,7548820,7629620,7098670,7128680,3967
20250413,033000,7087120,7110210,6544620,6648510,4734
20250414,033000,6643890,6902440,6600030,6886280,4042
20250415,033000,6994780,7133290,6660050,6731610,4295
20250416,033000,6759320,7040950,6759320,6971700,4833
20250417,033000,7029410,7029410,6820490,6863200,3088
20250418,033000,6821640,6856270,6702760,6775470,2179
20250419,033000,6775470,6867820,6537700,6546930,3917
20250420,033000,6521540,6625420,6413040,6618500,8275
20250421,033000,6706220,6782400,6595410,6636960,4368
20250422,033000,6683130,6696980,6493840,6576940,3280
20250423,033000,6523850,6533080,6419960,6522000,3842
20250424,033000,6556170,6558480,6475370,6490370,2525
20250425,033000,6449980,6461520,6371480,6399190,1564
20250426,033000,6401500,6759320,6399190,6752620,3344
20250427,033000,6747770,6863200,6646200,6738540,4578
20250428,033000,6648510,6650820,6429200,6463830,4063
20250429,033000,6417660,6512300,6410730,6477680,3341
20250430,033000,6486910,6525000,6438430,6493840,3135
20250501,033000,6440740,6699290,6392260,6639270,3538
20250502,033000,6671590,6754700,6563090,6685440,2798
20250503,033000,6810100,6851660,6717760,6738540,2889
20250504,033000,6752390,6897820,6727000,6812410,4754
20250505,033000,6798560,6823950,6731610,6784710,1910
20250506,033000,6807790,6814720,6660050,6683130,2418
20250507,033000,6690060,6754700,6630040,6643890,4083
20250508,033000,6643890,6759320,6639270,6690060,4097
20250509,033000,6666970,6692370,6551550,6634660,2013
20250510,033000,6648510,6773170,6632350,6761620,2447
20250511,033000,6793940,6860890,6604640,6611570,2977
20250512,033000,6586180,6616190,6505380,6549240,2661
20250513,033000,6560780,6643890,6516920,6581560,2422
20250514,033000,6581560,6600030,6445360,6468440,2640
20250515,033000,6422270,6468440,6364560,6445360,2718
20250516,033000,6422270,6449980,6373790,6400340,1852
20250517,033000,6394570,6468440,6288380,6290690,3112
20250518,033000,6320700,6348400,6138330,6227200,3033
20250519,033000,6260680,6329930,6249130,6272220,2589
20250520,033000,6279140,6759320,6253750,6687750,3038
20250521,033000,6724690,6849350,6459210,6496140,3050
20250522,033000,6498450,6556170,6470750,6530770,2116
20250523,033000,6546930,6699290,6505380,6636960,2901
20250524,033000,6664670,6680830,6528460,6551550,2316
20250525,033000,6556170,6586180,6500760,6549240,4162
20250526,033000,6498450,6500760,6401500,6484600,4351
20250527,033000,6493840,6505380,6436120,6461520,3623
20250528,033000,6461520,6514610,6413040,6456900,6355
20250529,033000,6431510,6475370,6380720,6456900,4181
20250530,033000,6415350,6466130,6403800,6452280,2642
20250531,033000,6454590,6528460,6415350,6436120,4378
20250601,033000,6415350,6477680,6380720,6429200,3127
20250602,033000,6426890,6676210,6426890,6572330,4497
20250603,033000,6597720,6662360,6570020,6641580,3985
20250604,033000,6643890,6742000,6632350,6657740,4661
20250605,033000,6671590,6694680,6576940,6609260,3867
20250606,033000,6609260,6623110,6535390,6537700,3745
20250607,033000,6540010,6576940,6408420,6413040,3163
20250608,033000,6436120,6530770,6419960,6489220,3849
20250609,033000,6489220,6588480,6489220,6528460,3589
20250610,033000,6553860,6553860,6415350,6470750,3550
20250611,033000,6510000,6639270,6510000,6625420,3303
20250612,033000,6662360,6807790,6632350,6733920,3078
20250623,033000,7410310,7468030,7281040,7297200,123
20250624,033000,6777780,6777780,6777780,6777780,1
20250625,033000,6648510,6729300,6579250,6683130,97
20250626,033000,6706220,6766240,6706220,6717760,44
20250628,033000,6650820,6789320,6650820,6743160,167
20250629,033000,6805480,7142530,6805480,7084820,628
20250630,033000,7200240,7458790,7200240,7389540,828
20250701,033000,7528050,7615770,7350290,7405700,1265
20250702,033000,7389540,7528050,7281040,7500350,1491
20250703,033000,7562680,7562680,7324900,7373380,1336
20250704,033000,7361840,7368760,7209470,7292580,1139
20250707,033000,7361840,7361840,7110210,7144840,1457
20250708,033000,7089430,7089430,6900130,6946300,1619
20250709,033000,7020180,7077890,6927840,7045570,1332
20250710,033000,7061730,7089430,6985550,7017870,1515
20250711,033000,7031720,7031720,6847040,6870120,1661
20250712,033000,6941690,7031720,6937070,6955540,1617
20250713,033000,7008630,7253340,6964770,7223320,2805
20250714,033000,7223320,7267190,7107900,7147140,2715
20250715,033000,7188700,7232560,7070960,7084820,2386
20250716,033000,7110210,7156380,7064040,7137910,2537
20250717,033000,7135600,7140220,7068660,7100970,1677
20250718,033000,7098670,7124060,7022480,7038640,1415
20250719,033000,7073270,7077890,6957850,6962460,1977
20250720,033000,7020180,7020180,6923220,6941690,2221
20250721,033000,6983240,7087120,6983240,7066350,2159
20250722,033000,7075580,7239480,7075580,7230250,2851
20250723,033000,7232560,7276420,7124060,7156380,2592
20250724,033000,7165610,7170230,7098670,7125210,2125
20250725,033000,7130980,7156380,7040950,7059420,2354
20250726,033000,7059420,7119440,6992470,7029410,2302
20250727,033000,7027100,7066350,6971700,7050190,2195
20250728,033000,7084820,7177160,7059420,7118290,2454
20250729,033000,7151760,7193320,7124060,7130980,2207
20250730,033000,7167920,7193320,7136760,7161000,1636
20250731,033000,7216400,7246410,7184080,7221020,1941
20250801,033000,7221020,7248720,7195620,7225630,1296
20250802,033000,7239480,7481880,7227940,7465720,2816
20250803,033000,7502660,7585760,7486500,7532660,2442
20250804,033000,7532660,7691950,7484190,7620390,2774
20250805,033000,7618080,7740430,7491110,7611160,3484
20250806,033000,7613460,7655020,7511890,7585760,2529
20250807,033000,7599610,7650400,7581140,7604230,2474
20250808,033000,7611160,7611160,7532660,7539590,1600
20250809,033000,7558060,7560370,7403390,7424160,2619
20250810,033000,7481880,7516510,7380300,7488800,2727
20250811,033000,7502660,7551130,7470340,7477260,2060
20250812,033000,7491110,7539590,7433400,7479570,2476
20250813,033000,7514200,7634240,7514200,7615770,2661
20250814,033000,7638860,7643470,7509580,7530360,2199
20250815,033000,7551130,7553440,7488800,7500350,1525
20250816,033000,7502660,7551130,7396460,7442630,2658
20250817,033000,7477260,7534970,7454180,7502660,1919
20250818,033000,7525740,7613460,7525740,7562680,2233
20250819,033000,7585760,7661940,7585760,7608850,2329
20250820,033000,7629620,7781980,7629620,7768130,2638
20250821,033000,7818920,7897410,7800450,7812000,2846
20250822,033000,7795840,7823540,7717350,7735810,2064
20250823,033000,7733510,7781980,7689640,7775060,2084
20250824,033000,7800450,7805070,7726580,7756590,2421
20250825,033000,7768130,7878940,7751970,7828160,2187
20250826,033000,7830460,8070550,7830460,8049770,2433
20250827,033000,8077470,8347570,8068240,8312940,2604
20250828,033000,8322180,8432980,8271390,8366040,3185
20250829,033000,8370650,8677690,8296780,8622280,2297
20250830,033000,8622280,8809270,8550720,8666140,2870
20250831,033000,8670760,8975480,8585350,8950090,2787
20250901,033000,9012420,9070130,8862370,8945470,2947
20250902,033000,8957020,9056280,8684610,8765410,3078
20250903,033000,8795420,8823120,8654600,8737710,5161
20250904,033000,8726160,8726160,8543790,8566880,3461
20250905,033000,8608430,8719240,8483770,8670760,3243
20250906,033000,8770030,8841590,8654600,8689230,3333
20250907,033000,8703080,8894690,8703080,8816200,4025
20250908,033000,8864680,9023960,8710000,8751560,4248
20250909,033000,8749250,8901610,8649980,8649980,3517
20250910,033000,8596890,8705390,8562260,8684610,3343
20250911,033000,8677690,8728470,8606120,8698460,2984
20250912,033000,8712310,8712310,8592270,8599200,2546
20250913,033000,8587650,8652290,8419130,8426060,3867
20250914,033000,8529940,8589960,8389120,8472230,3714
20250915,033000,8564570,8710000,8553030,8705390,3113
20250916,033000,8779260,8924700,8772340,8823120,4141
20250917,033000,8823120,8952400,8818500,8843900,4022
20250918,033000,8839280,9051660,8707700,9040120,4306
20250919,033000,9070130,9294060,9058590,9116300,4460
20250920,033000,9164780,9358700,9164780,9289440,4651
20250921,033000,9291750,9721130,9291750,9589550,4643
20250922,033000,9612630,9700360,9328690,9365620,4693
20250923,033000,9467200,9864260,9273280,9813470,5930
20250924,033000,9981990,10109000,9859640,9889650,4974
20250925,033000,9887340,10067400,9808860,9903500,4595
20250926,033000,9903500,10113600,9903500,10085900,4215
20250927,033000,10272900,10395200,10039700,10379100,4975
20250928,033000,10420600,10425200,10051200,10164400,4850
20250929,033000,10196700,10568400,10109000,10552200,4563
20250930,033000,10561400,10732300,10436800,10630700,3990
20251001,033000,10709200,11002400,10672200,10963100,5018
20251002,033000,10965400,11168600,10900800,10977000,4844
20251003,033000,11009300,11129300,10815400,11009300,4848
20251004,033000,10988500,11103900,10847700,10861500,4974
20251005,033000,10870800,10916900,10473700,10533700,4089
20251006,033000,10607600,10725300,10482900,10531400,4310
20251007,033000,10480600,11009300,10480600,10970000,4201
20251008,033000,11129300,11475600,11124700,11350900,5500
20251009,033000,11309400,11314000,10826900,10900800,4402
20251010,033000,10928500,11020800,10794600,10889200,4217
20251011,033000,10896200,11187000,10831500,10870800,4720
20251012,033000,10898500,11002400,10688400,10801500,7210
20251013,033000,10803800,11140900,10803800,10886900,5246
20251014,033000,10896200,11083200,10792300,10824600,5310
20251015,033000,10850000,11314000,10850000,11270100,4872
20251016,033000,11288600,11404000,11242400,11270100,4307
20251017,033000,11311700,11427100,10963100,11000000,4870
20251018,033000,11000000,11108500,10753000,10889200,6857
20251019,033000,10893900,11256300,10884600,11101600,5876
20251020,033000,11196300,11242400,10877700,10986200,5940
20251021,033000,11041600,11267800,10875400,10898500,6532
20251022,033000,11048500,11060100,10796900,10972300,5169
20251023,033000,11037000,11037000,10877700,10928500,3567
20251024,033000,10847700,10880000,10593700,10598400,4952
20251025,033000,10619100,10813100,10538300,10658400,7256
20251026,033000,10663000,10923900,10663000,10764600,6036
20251027,033000,10829200,10856900,10510600,10612200,6124
20251028,033000,10656100,10656100,10247500,10332900,5778
20251029,033000,10342100,10563700,10342100,10478300,5183
20251030,033000,10455200,10466800,10346700,10443700,4459
20251031,033000,10443700,10517600,10351400,10409100,5344
20251101,033000,10397500,10660700,10367500,10598400,5858
20251102,033000,10639900,10693000,10462200,10494500,4254
20251103,033000,10575300,10575300,10455200,10464500,3066
20251104,033000,10494500,10575300,10413700,10448300,3256
20251105,033000,10457500,10552200,10429800,10506000,3009
20251106,033000,10506000,10536000,10462200,10487600,2926
20251107,033000,10487600,10496800,10412500,10429800,3387
20251108,033000,10413700,10482900,10402100,10448300,3009
20251109,033000,10482900,10487600,10434500,10462200,2584
20251110,033000,10469100,10843100,10469100,10824600,3239
20251111,033000,10916900,11129300,10847700,11083200,4959
20251112,033000,11083200,11475600,11083200,11452500,3509
20251113,033000,11494100,11662600,11408700,11447900,3951
20251114,033000,11424800,11447900,11177800,11217000,2959
20251115,033000,11217000,11401700,11182400,11232100,3589
20251116,033000,11267800,11300200,11055400,11221700,3777
20251117,033000,11207800,11214700,11145500,11154700,3717
20251118,033000,11150100,11263200,10979300,11027700,4218
20251119,033000,11083200,11429400,11078500,11367100,4706
20251120,033000,11344000,11461700,11265500,11309400,5682
20251121,033000,11360200,11360200,11152400,11210100,3479
20251122,033000,11217000,11290900,11078500,11113200,5160
20251123,033000,11217000,11337100,11124700,11274800,4951
20251124,033000,11256300,11274800,11170900,11203200,4149
20251125,033000,11207800,11487100,11207800,11341700,4760
20251126,033000,11357900,11544900,11357900,11514800,4280
20251127,033000,11519500,11577200,11429400,11471000,3582
20251128,033000,11498700,11567900,11447900,11542500,2256
20251129,033000,11556400,11914200,11556400,11911900,5549
20251130,033000,11914200,12094300,11819600,12089700,5298
20251201,033000,12122000,12325100,12041200,12198200,4055
20251202,033000,12156600,12214300,11946500,12133500,4913
20251203,033000,12191200,12380500,12117400,12283600,4052
20251204,033000,12285900,12311300,12186600,12262800,3519
20251205,033000,12292800,12396700,12249000,12329700,3931
20251206,033000,12322800,12544400,12313600,12539800,4738
20251207,033000,12542100,12687600,12475200,12643700,4843
20251208,033000,12643700,12775300,12611400,12726800,4800
20251209,033000,12722200,12786800,12544400,12740700,4277
20251210,033000,12729400,12729400,12574400,12648300,3999
20251211,033000,12694500,12930000,12648300,12906900,3725
20251212,033000,12920700,13160800,12883800,13112300,4205
20251213,033000,13112300,13391700,13112300,13287800,4755
20251214,033000,13299300,13611000,13052300,13594800,5041
20251215,033000,13645600,13781800,13518600,13611000,8609
20251216,033000,13576300,13576300,13322400,13518600,5522
20251217,033000,13613300,13918000,13548600,13871800,7957
20251218,033000,13945700,13945700,13647900,13719500,6031
20251219,033000,13714900,13968800,13629400,13948000,5501
20251220,033000,14010300,14010300,13680200,13701000,6901
20251221,033000,13705600,13719500,13479400,13631700,9329
20251222,033000,13643300,13987300,13643300,13936500,9202
20251223,033000,13943400,14361200,13943400,14278100,10097
20251224,033000,14278100,14592100,14278100,14492800,8597
20251225,033000,14511300,14511300,14287400,14384300,7152
20251226,033000,14405100,14776800,14405100,14619800,7923
20251227,033000,14635900,15446200,14635900,15418500,10997
20251228,033000,15397800,16046400,15397800,15707100,11880
20251229,033000,15741700,15741700,14218100,14345100,13406
20251230,033000,14335800,14866800,14310400,14859900,11507
20251231,033000,14843700,14878300,13978000,14056500,6782
20260101,033000,14081900,14201900,13885700,14109600,7744
20260102,033000,14151200,14739800,14151200,14462800,9786
20260103,033000,14451300,15039900,14266600,14612900,11035
20260104,033000,14543600,14843700,14382000,14756000,8979
20260105,033000,14820600,15732500,14820600,15651700,13003
20260106,033000,15651700,16344200,15651700,16173400,9005
20260107,033000,16228800,16228800,15767100,16090300,7358
20260108,033000,16044100,16090300,15714000,15827100,4528
20260115,033000,15790300,15836400,15767200,15836400,8
20260116,033000,15836400,15836400,15651700,15686400,4
20260117,033000,15697900,15697900,15697900,15697900,5
20260118,033000,15490100,15559400,14913000,15028400,62
20260119,033000,15005000,15443900,14924500,14924500,66
20260120,033000,15051500,15594000,15051500,15340000,211
20260121,033000,15582400,16101900,15582400,16009600,171
20260122,033000,15998000,15998000,15755600,15894100,77
20260123,033000,16205700,16205700,16124900,16148000,3
20260124,033000,16436600,16621300,16240400,16275000,355
20260125,033000,16298100,16609700,16251900,16505800,382
20260126,033000,17048300,17544700,16967500,17510000,3623
20260127,033000,17590800,18375700,17452300,18218800,5743
20260128,033000,18975900,20499600,18975900,20407200,5268
20260129,033000,21007400,22438700,19045200,19968600,7075
20260130,033000,19853200,20014800,18468100,18583500,3565
20260131,033000,18698900,21007400,18352600,19622300,5835
20260201,033000,19622300,19668500,18583500,18883600,8908
20260202,033000,18237200,18468100,17313800,17510000,9613
20260203,033000,17625500,19853200,17620800,19506900,9563
20260204,033000,19506900,20499600,18975900,20314900,6467
20260205,033000,20222500,20222500,19045200,19483800,3842
20260206,033000,19530000,19807000,18814400,18975900,5366
20260207,033000,19045200,19045200,18029500,18168000,4795
20260208,033000,18359600,19322200,18075600,18929800,9666
20260209,033000,19045200,20037900,19045200,19783900,9919
20260210,033000,19783900,20338000,19783900,20107100,6453
20260211,033000,20130200,20361100,19945500,20084000,3680
20260212,033000,20084000,20084000,19160600,19287600,3716
20260213,033000,19322200,19322200,18814400,18906700,3320
20260214,033000,18906700,19714700,18652800,18895100,8287
20260215,033000,18860500,19553100,18860500,19299100,4837
20260216,033000,19276100,19276100,18872100,18918200,4303
20260217,033000,19045200,19853200,18560400,18895100,5743
20260218,033000,19356800,19668500,19183700,19587700,5016
20260219,033000,19691600,20037900,19622300,19691600,4208
20260220,033000,19645400,19876300,19506900,19599200,2968
20260221,033000,20033200,20234100,19830100,19899300,4216
20260222,033000,19922400,20199500,19760800,19876300,4965
20260223,033000,19899300,20268700,19818600,20003200,5279
20260224,033000,20130200,20268700,19968600,19968600,5390
20260225,033000,20037900,20730400,20037900,20598800,4737
20260226,033000,20626500,20684200,20118700,20361100,3481
20260227,033000,20314900,20545700,19945500,20234100,3838
20260228,033000,20234100,23085100,19968600,20776600,2530
20260301,033000,20661200,20661200,17313800,18975900,1599
20260302,033000,19160600,20545700,18814400,19483800,125
20260303,033000,19079800,19091400,19079800,19091400,2
20260304,033000,18906700,19368400,18698900,19045200,819
20260305,033000,19068300,19160600,18929800,18957500,450
20260306,033000,19045200,19253000,18710500,18883600,353
20260307,033000,18952900,18952900,17498500,17544700,577
20260308,033000,18006400,18722400,17660100,17983700,301
20260309,033000,18468100,18468100,17452700,17867900,179
20260310,033000,17868200,18144900,17337300,17752400,213
20260311,033000,17775500,17775900,17452700,17591200,95
20260312,033000,17452700,17914000,17429600,17614300,189
20260314,033000,17844800,17844800,17429200,17475400,62
20260315,033000,17360000,17660100,17059900,17198400,28
20260316,033000,17313800,17336900,16898300,17267600,59
20260317,033000,17360000,18698900,17313800,18606600,134
20260318,033000,18698900,18929800,18352600,18629700,162
20260319,033000,18722000,18768200,18052500,18121800,418
20260321,033000,17821700,17890900,17475400,17613900,292
20260322,033000,17867900,18006400,17590800,17914000,392
20260323,033000,17590800,17706300,17175300,17660100,707
20260324,033000,17637000,17637000,17013700,17163800,656
20260325,033000,17360000,17775500,17336900,17683200,786
20260326,033000,17475400,17752400,17360000,17544700,782
20260327,033000,17637000,17637000,17429200,17498500,160
20260328,033000,17890900,17890900,17613900,17706300,316
20260329,033000,17775500,17821700,17660100,17798600,506
20260330,033000,17890900,18237200,17867900,18006400,655
20260331,033000,18237200,18237200,18029500,18098700,1101
20260401,033000,18283400,18468100,18214100,18283400,633
20260402,033000,18006400,18260300,17867900,18075600,811
20260403,033000,18237200,18237200,17498500,17764000,876
20260404,033000,17729400,18052500,17590800,17937100,1101
20260405,033000,18006400,18260300,18006400,18075600,526
20260406,033000,18191100,18248800,18121800,18248800,308
20260407,033000,18583500,18929800,18537300,18606600,571
20260408,033000,17890900,18168000,17844800,18133300,345
20260409,033000,18052500,18121800,17960200,17971700,359
20260410,033000,18052500,18052500,17867900,17890900,82
20260411,033000,17613900,17706300,17198400,17336900,486
20260412,033000,17914000,18075600,17821700,17867900,840
20260413,033000,18075600,18214100,17960200,18052500,2053
20260414,033000,17706300,17990200,17544700,17648600,1814
20260415,033000,17590800,17660100,17452300,17487000,1434
20260416,033000,17544700,17798600,17336900,17429200,1620
20260417,033000,17175300,17267600,16805900,16909800,2263
20260418,033000,16921400,17198400,16690500,17083000,2602
20260419,033000,17313800,17452300,16829000,16909800,2456
20260420,033000,17059900,17175300,16898300,16990600,2598
20260421,033000,16944500,17244600,16852100,17106100,2742
20260422,033000,17175300,17463900,17175300,17214600,2380
20260423,033000,17175300,17313800,17152200,17209900,1725
20260424,033000,17233000,17313800,17059900,17152200,1633
20260425,033000,17244600,17336900,17083000,17290700,3880
20260426,033000,17590800,17613900,17117600,17156800,2268
20260427,033000,17152200,17821700,17129100,17775500,2007
20260428,033000,17937100,19114500,17775500,19114500,2880
20260429,033000,19160600,20545700,19160600,19703100,2006
20260430,033000,19807000,20003200,19403000,19564600,1321
20260501,033000,19622300,19899300,19229900,19760800,1152
20260502,033000,20084000,20545700,19876300,20095600,1991
20260503,033000,20107100,20822800,20107100,20799700,1725
20260504,033000,20868900,20868900,19022100,19160600,2075
20260505,033000,19253000,19714700,18929800,19269100,1675
20260506,033000,19721600,19783900,19056700,19391500,1705
20260507,033000,19276100,19622300,19183700,19483800,1100
20260508,033000,19737800,19737800,19322200,19414600,721
20260509,033000,19737800,19737800,19172200,19276100,1664
20260510,033000,19506900,19506900,19126000,19345300,1748
20260511,033000,19391500,20130200,19391500,19830100,6760
20260512,033000,20153300,20153300,19553100,19599200,5231
20260513,033000,19853200,19853200,19506900,19645400,1711
20260514,033000,19622300,19668500,19460700,19523100,3150
20260515,033000,19622300,19622300,19206800,19299100,3350
20260516,033000,19506900,19576200,19241400,19403000,3149
20260517,033000,19160600,19530000,19068300,19137500,3616
20260518,033000,19160600,19287600,18814400,18895100,3616
20260519,033000,18722000,19206800,18722000,18964400,3194
20260520,033000,18814400,19437600,18814400,19241400,3258
20260521,033000,19391500,19391500,18906700,19079800,2005
20260522,033000,18929800,19160600,18745100,18899800,1846
20260523,033000,18768200,19114500,18398800,18583500,2575
20260524,033000,18468100,18537300,17660100,18468100,3224
20260525,033000,18537300,18872100,18144900,18225700,2955
20260526,033000,18237200,18537300,18052500,18341100,1917
20260527,033000,18352600,18398800,18087200,18260300,1125
20260528,033000,18237200,18260300,18006400,18144900,812
20260529,033000,18260300,18260300,17914000,18038700,1276
20260530,033000,18006400,18156400,17798600,17867900,1256
20260531,033000,17914000,18283400,17775500,18225700,1885
20260601,033000,18237200,18814400,18214100,18364200,2474
20260602,033000,18398800,18583500,18191100,18306500,2014
20260603,033000,18329600,18398800,18144900,18306500,1289
20260604,033000,18352600,18352600,18144900,18237200,1490
20260605,033000,18260300,18375700,18029500,18075600,1762
20260606,033000,18144900,18144900,17890900,18029500,2356
20260607,033000,18029500,18468100,17960200,18421900,3570
20260608,033000,18537300,18537300,17971700,18052500,1952
20260609,033000,18041000,18191100,17844800,17960200,2633
20260610,033000,17660100,18029500,17660100,17879400,2525
20260611,033000,17879400,17948700,17729400,17856300,1339
20260612,033000,17890900,17890900,17429200,17505400,3238
20260613,033000,17660100,17660100,17083000,17186900,3103
20260614,033000,17106100,17429200,17013700,17163800,2843
20260615,033000,16967500,16990600,16159600,16240400,3060
20260616,033000,16205700,16390400,15328500,15686300,2941
20260617,033000,15697900,16332700,15397800,15847900,2779
20260618,033000,15697900,15824800,15582400,15755600,3078
20260619,033000,15582400,16136500,15582400,16067200,3501
20260620,033000,16044100,16459700,15974900,16148000,2967
20260621,033000,16090300,16298100,15744000,16101900,2912
20260622,033000,16159600,16159600,15871000,15986400,4185
20260623,033000,15928700,16134200,15871000,16113400,4245
20260624,033000,16044100,16309600,15998000,16113400,2716
20260625,033000,15928700,16275000,15928700,16228800,1757
20260626,033000,16240400,16298100,16067200,16217300,1836
20260627,033000,16228800,16586600,16228800,16552000,7508
20260628,033000,16713600,17729400,16621300,17637000,9082
20260629,033000,17244600,17244600,16621300,16794400,4831
20260630,033000,16782900,17002200,16552000,16909800,7717
20260701,033000,16805900,17429200,16805900,17219200,7265
20260702,033000,17212200,17729400,17212200,17637000,4161
20260703,033000,17821700,18006400,17683200,17775500,7696
20260704,033000,17775500,17821700,17498500,17655500,6635
20260705,033000,17567800,17890900,17544700,17867900,3782
20260706,033000,17752400,17890900,17660100,17717800,4931
20260707,033000,17798600,17798600,17544700,17625500,5400
20260708,033000,17637000,18006400,17637000,17867900,4773
20260709,033000,17775500,18052500,17775500,17890900,4035
20260710,033000,17879400,17879400,17556200,17613900,4569
20260711,033000,17613900,17752400,17429200,17487000,5650
20260712,033000,17752400,17775500,17597800,17660100,3785
20260713,033000,17590800,17729400,17510000,17630100,5403
20260714,033000,17637000,18006400,17637000,17856300,5091
20260715,033000,17821700,18629700,17821700,18583500,5720
20260716,033000,18514200,18537300,18168000,18271800,5714
20260717,033000,18350300,18606600,18299600,18507300,5778
20260718,033000,18696600,19149100,18606600,19091400,6423
20260719,033000,19158300,19158300,18491200,18491200,5853
20260720,033000,18514200,18606600,18034100,18075600,5885
20260721,033000,18202600,18602000,18191100,18479600,6205
20260722,033000,18629700,19091400,18629700,18975900,5518
20260723,033000,18999000,19045200,18740500,18975900,4968
20260724,033000,19022100,19022100,18606600,18606600,4140
20260725,033000,18606600,18606600,18041000,18052500,5918
20260726,033000,18006400,18121800,17764000,18071000,6572
20260727,033000,18237200,18537300,18131000,18288000,5905
20260728,033000,18168000,18537300,18168000,18410400,4155
20260729,033000,18398800,18883600,18398800,18837400,5303
20260730,033000,18860500,18860500,18629700,18710500,3761
20260731,033000,18756600,18756600,18468100,18595000,3885
20260801,033000,18583500,18895100,18572000,18722000,6194
20260802,033000,18698900,18698900,18168000,18359600,5489
20260803,033000,18329600,18514200,18191100,18341100,4896
20260804,033000,18341100,18421900,18191100,18237200,3863
20260805,033000,18237200,18629700,18237200,18606600,5347
20260806,033000,18652800,18698900,18486500,18548900,4307
20260807,033000,18606600,18999000,18555800,18952900,5212
20260808,033000,19160600,19206800,18722000,18779700,5042
20260809,033000,18722000,18929800,18687400,18761300,4763
20260810,033000,18860500,18952900,18779700,18805100,4116
20260811,033000,18837400,19276100,18837400,19234500,5415
20260812,033000,19299100,19299100,19091400,19192900,4203
20260813,033000,19206800,19218300,19029000,19068300,2722
20260814,033000,19045200,19149100,18964400,19142200,3256
20260815,033000,19206800,19322200,19045200,19072900,5393
20260816,033000,18999000,19160600,18999000,19061400,4061
20260817,033000,19176800,19299100,19079800,19206800,5644
20260818,033000,19253000,19379900,19206800,19303800,5017
20260819,033000,19299100,19830100,19299100,19749300,5852
20260820,033000,19830100,20037900,19760800,19982500,5441
20260821,033000,20014800,20522600,20014800,20504200,6360
20260822,033000,20545700,21653800,20448800,21492200,4127
20260823,033000,21642300,22161700,21215200,21619200,4208
20260824,033000,21928500,22508000,21928500,22161700,4542
20260825,033000,22161700,22508000,21376800,21734600,4091
20260826,033000,21792300,21884700,21203700,21630700,4865
20260827,033000,21630700,21815400,21492200,21746200,4320
20260828,033000,21815400,21965500,21515300,21584600,5022
20260829,033000,21607600,22046300,21607600,21868500,5612
20260830,033000,21930800,21930800,21711500,21792300,3535
20260831,033000,21838500,22369500,21815400,22300200,4845
20260901,033000,22392500,22392500,22023200,22180200,5227
20260902,033000,22115500,22935000,22092400,22916600,4378
20260903,033000,22900400,23593000,22900400,23281300,3121
20260904,033000,23200500,23454500,22935000,23223600,2002
20260905,033000,23223600,23823800,23223600,23466000,5587
20260906,033000,23731500,23893100,23246700,23523700,4744
20260907,033000,23500600,23500600,22992800,23015800,5413
20260908,033000,22981200,23731500,22981200,23627600,5277
20260909,033000,23639100,24562500,23639100,24504800,5334
20260910,033000,24608700,24678000,24077800,24227800,5023
20260911,033000,24216300,24470200,23962300,24400900,5193
20260912,033000,24285500,24562500,23731500,23807700,4751
20260913,033000,23777600,23846900,23339000,23396700,5644
20260914,033000,23546800,23881500,23235100,23327500,4644
20260915,033000,23269800,23442900,23108200,23385200,5876
20260916,033000,23431400,23685300,23385200,23419800,5457
20260917,033000,23246700,23500600,23200500,23470600,5838
20260918,033000,23523700,23523700,23304400,23445200,4540
20260919,033000,23546800,24077800,23408300,23876900,5230
20260920,033000,23870000,24470200,23870000,24008500,5613
20260921,033000,24121600,24123900,23692200,23819200,4716
