<DTYYYYMMDD>,<TIME>,<OPEN>,<HIGH>,<LOW>,<CLOSE>,<VOL>
20001028,033000,229605,230388,228100,228940,4233775.884905723
20080201,033000,228050,231688,227601,229605,5960716.504546229
20180413,043000,5276,5276,5276,5276,20
20180414,043000,5449,5449,5449,5449,27.53
20180415,043000,5449,5449,5449,5449,0
20180416,043000,5449,5449,5449,5449,0
20180417,043000,5480,5480,5480,5480,2737.2262
20180418,043000,5480,5480,5480,5480,0
20180419,043000,5580,5600,5580,5600,189.78
20180420,043000,5555,5555,5555,5555,1980
20180421,043000,5555,5555,5555,5555,0
20180422,043000,5555,5555,5555,5555,0
20180423,043000,5540,5540,5540,5540,92.5
20180424,043000,5540,5540,5450,5450,316.2
20180425,043000,5450,5450,5450,5450,0
20180426,043000,5540,5560,5540,5560,460.21
20180427,043000,5560,5560,5560,5560,359.71
20180428,043000,5560,5560,5560,5560,0
20180429,043000,5560,5560,5560,5560,0
20180430,043000,5565,5565,5565,5565,431.27
20180501,043000,5550,5550,5550,5550,44.8
20180502,043000,5550,5550,5550,5550,0
20180503,043000,5550,5550,5550,5550,0
20180504,043000,5550,5550,5550,5550,0
20180505,043000,5550,5550,5550,5550,0
20180506,043000,5550,5550,5550,5550,0
20180507,043000,5550,5550,5550,5550,0
20180508,043000,5550,5550,5550,5550,0
20180509,043000,6260,6260,6260,6260,330
20180510,043000,6260,6260,6260,6260,0
20180511,043000,7388,7388,6798,6798,1487
20180512,043000,6800,6800,6800,6800,735
20180513,043000,6800,6800,6800,6800,0
20180514,043000,6786,6786,6780,6780,1612.72
20180515,043000,6730,6730,6730,6730,100
20180516,043000,6730,6730,6730,6730,0
20180517,043000,6730,6730,6730,6730,0
20180518,043000,6730,6730,6730,6730,0
20180519,043000,6500,6500,6500,6500,3076
20180520,043000,6500,6500,6500,6500,0
20180521,043000,6500,6500,6500,6500,0
20180522,043000,6300,6348,6300,6348,5528
20180523,043000,6400,6400,6246,6248,7697.0763
20180524,043000,6248,6248,6248,6248,0
20180525,043000,6248,6248,6248,6248,0
20180526,043000,6248,6248,6248,6248,0
20180527,043000,6248,6248,6248,6248,0
20180528,043000,6248,6248,6248,6248,0
20180529,043000,6248,6248,6248,6248,0
20180530,043000,6248,6248,6248,6248,0
20180531,043000,6248,6248,6248,6248,0
20180601,043000,6677,6677,6677,6677,14.97
20180602,043000,6770,6770,6535,6535,180.8
20180603,043000,6535,6535,6535,6535,0
20180604,043000,6500,6630,6500,6630,3720.1808
20180605,043000,6630,6630,6630,6630,0
20180606,043000,6630,6630,6630,6630,0
20180607,043000,6699,6699,6699,6699,447
20180608,043000,6699,6699,6699,6699,0
20180609,043000,6699,6699,6699,6699,0
20180610,043000,6699,6699,6699,6699,0
20180611,043000,6690,6690,6690,6690,4483
20180612,043000,6850,6850,6850,6850,87.23
20180613,043000,7100,7150,7100,7150,8500
20180614,043000,7150,7320,7150,7320,17500
20180615,043000,7320,7320,7320,7320,0
20180616,043000,7250,7250,7250,7250,13.92
20180617,043000,7200,7200,7200,7200,6000
20180618,043000,7200,7200,7200,7200,0
20180619,043000,7200,7200,7200,7200,0
20180620,043000,7200,7309,7114,7309,69
20180621,043000,7368,7368,7368,7368,2200
20180622,043000,7440,7440,7298,7298,3420
20180623,043000,7448,7490,7399,7399,1947.8
20180624,043000,7850,7950,7750,7950,1405.873
20180625,043000,8300,8600,8300,8600,1602.79
20180626,043000,8350,8500,8200,8200,4247
20180627,043000,8096,8096,7948,7948,5040
20180628,043000,8096,8098,7943,7948,1530.9
20180629,043000,8100,8350,8100,8350,4612.64
20180630,043000,8342,8342,8342,8342,164
20180701,043000,8129,8180,8094,8094,9651
20180702,043000,8200,8220,8012,8012,1108.67
20180703,043000,8012,8012,8012,8012,0
20180704,043000,8012,8012,8012,8012,0
20180705,043000,8192,8202,8068,8073,10328.6085
20180706,043000,8078,8098,7998,8027,8060.9791
20180707,043000,8031,8095,8002,8095,3641.1
20180708,043000,8042,8042,8042,8042,3108
20180709,043000,8042,8042,8042,8042,0
20180710,043000,8042,8042,8042,8042,0
20180711,043000,8042,8042,8042,8042,0
20180712,043000,8042,8042,8042,8042,0
20180713,043000,8042,8042,8042,8042,0
20180714,043000,8042,8042,8042,8042,0
20180715,043000,8042,8042,8042,8042,0
20180716,043000,8042,8042,8042,8042,0
20180717,043000,7900,8042,7900,8042,458.15
20180718,043000,7980,7980,7948,7948,920.9
20180719,043000,8068,8068,8068,8068,1000
20180720,043000,8068,8068,8068,8068,0
20180721,043000,8068,8068,8068,8068,0
20180722,043000,8314,8314,8314,8314,120.27
20180723,043000,8325,8688,8325,8688,1364.56
20180724,043000,8699,9295,8536,9295,1921.33
20180725,043000,8980,9399,8980,9399,5879
20180726,043000,9135,9299,9135,9149,35.93
20180727,043000,9149,9339,9149,9339,3214.12
20180728,043000,9339,9339,9339,9339,0
20180729,043000,9440,9488,9440,9488,2343.5
20180730,043000,9584,10994,9584,10994,2178.5
20180731,043000,10640,11640,10500,11640,4950.8272
20180801,043000,11640,11640,11640,11640,0
20180802,043000,10867,11181,10867,11019,2280.89
20180803,043000,11019,11019,11019,11019,0
20180804,043000,10405,10405,10404,10404,114.95
20180805,043000,10730,10730,10203,10372,10647.4654
20180806,043000,10230,10230,9900,9900,970.97
20180807,043000,9542,9544,9542,9544,2422.6758
20180808,043000,9680,9770,9400,9400,11462.15
20180809,043000,9400,10098,9400,10098,7162.17
20180810,043000,9839,10300,9839,10300,2207.82
20180811,043000,10400,10400,10349,10349,500
20180812,043000,10946,10946,10946,10946,175.5
20180813,043000,10796,10816,10769,10769,307.25
20180814,043000,10722,10784,10722,10784,237.11
20180815,043000,10995,10995,10720,10720,1384.29
20180816,043000,10800,10800,10800,10800,27.8
20180817,043000,10600,10600,10600,10600,270.1
20180818,043000,10821,10821,10821,10821,300
20180819,043000,10418,10418,10418,10418,500.33
20180820,043000,10418,10418,10418,10418,0
20180821,043000,10520,10540,10520,10540,1897.96
20180822,043000,10520,10586,10520,10586,5055
20180823,043000,10586,10586,10586,10586,0
20180824,043000,10649,10649,10587,10587,330.1
20180825,043000,10597,10597,10597,10597,226.7
20180826,043000,10465,10482,10445,10482,6694
20180827,043000,10468,10516,10468,10516,2377
20180828,043000,10509,10661,10456,10661,2894.8128
20180829,043000,10717,11089,10717,10850,6036.12
20180830,043000,10919,10919,10850,10850,4474
20180831,043000,10986,10986,10950,10950,12220
20180901,043000,10950,10950,10950,10950,0
20180902,043000,11192,11192,11192,11192,31
20180903,043000,11864,11990,11864,11990,1276.54
20180904,043000,11600,12731,11600,12727,1629.83
20180905,043000,12667,13838,12667,13516,3752.6586
20180906,043000,13649,14998,13511,13511,7223.4431
20180907,043000,13484,13800,13484,13650,1463.23
20180908,043000,13523,13523,13280,13280,1453.8
20180909,043000,13384,13384,12781,12781,2565.78
20180910,043000,12414,13033,12414,13033,2458.94
20180911,043000,13535,13950,13466,13950,476.8
20180912,043000,14271,14271,13658,13658,838
20180913,043000,13658,13658,13658,13658,0
20180914,043000,13936,13936,13936,13936,504.7
20180915,043000,13685,13779,13599,13599,6151.7915
20180916,043000,13842,13842,13535,13535,781.3
20180917,043000,14284,14284,13900,13900,618
20180918,043000,14175,14190,13983,13983,1118.7897
20180919,043000,14072,14283,14072,14283,422
20180920,043000,14300,14449,14300,14449,112.79
20180921,043000,14449,14449,14449,14449,0
20180922,033000,14330,14330,14300,14300,1400.5
20180923,033000,14299,14398,14278,14371,3161.304
20180924,033000,14299,14691,14299,14691,439.27
20180925,033000,14500,15630,14500,15630,3158.3667
20180926,033000,15577,16578,15577,16578,5645.21
20180927,033000,16600,18591,15990,17786,7391.4235
20180928,033000,18463,18463,16963,16963,7689.87
20180929,033000,17456,17456,17000,17000,1423
20180930,033000,16800,17301,16626,17301,4127.63
20181001,033000,17300,17300,16600,16636,2528.3154
20181002,033000,16877,16887,14782,14782,7322.2915
20181003,033000,14329,14329,13000,14071,14348.4842
20181004,033000,13731,14567,13537,14244,11402.4985
20181005,033000,14184,14187,14184,14187,2140.9074
20181006,033000,13792,13850,13792,13792,230.81
20181007,033000,13705,13705,13023,13023,696.35
20181008,033000,13195,13214,12721,13114,11029.98
20181009,033000,13419,13908,13219,13831,17447.5313
20181010,033000,13793,14800,13793,14650,7094.76
20181011,033000,14670,14850,14500,14850,6013.89
20181012,033000,14450,14600,14350,14600,3863.33
20181013,033000,14600,14600,14600,14600,4109.0445
20181014,033000,14450,14450,14400,14400,370.41
20181015,033000,14300,14300,13600,13600,8086.05
20181016,033000,13600,13600,13300,13600,4940.54
20181017,033000,13600,13700,13600,13700,3373.7748
20181018,033000,13600,13600,13600,13600,1293.27
20181019,033000,13600,13600,13600,13600,0
20181020,033000,13300,13300,13300,13300,50
20181021,033000,13500,13550,13250,13430,194.92
20181022,033000,13200,13210,13100,13200,5104.3
20181023,033000,13350,13350,13200,13200,614.34
20181024,033000,13400,13400,13400,13400,400
20181025,033000,13230,13230,13230,13230,256
20181026,033000,13100,13100,13100,13100,140
20181027,033000,13250,13250,13250,13250,704.4
20181028,033000,13200,13350,13200,13350,208.13
20181029,033000,13600,13900,13600,13900,4832.6
20181030,033000,14280,14350,14280,14350,1451
20181031,033000,14550,14550,14550,14550,687
20181101,033000,14550,15000,14550,15000,2093.5628
20181102,033000,14550,14550,14550,14550,29.3
20181103,033000,14550,14550,14550,14550,0
20181104,033000,14250,14250,14250,14250,2100
20181105,033000,14350,14350,14350,14350,228.36
20181106,033000,14400,14440,14300,14400,496.84
20181107,033000,14300,14300,14300,14300,63.35
20181108,033000,14350,14350,14150,14150,2442.73
20181109,033000,14150,14150,14150,14150,269.84
20181110,033000,14150,14150,14150,14150,0
20181111,033000,14150,14150,14150,14150,0
20181112,033000,13900,13900,13800,13800,626.35
20181113,033000,13400,13400,13400,13400,2363.45
20181114,033000,13400,13400,13400,13400,0
20181115,033000,12500,12500,12500,12500,8640
20181116,033000,12400,12650,12300,12650,6812.24
20181117,033000,12350,12350,12350,12350,11.09
20181118,033000,12440,12440,12440,12440,450
20181119,033000,13100,13300,13100,13300,7871.2189
20181120,033000,13300,13300,13300,13300,0
20181121,033000,13150,13150,12850,13150,371.29
20181122,033000,13100,13100,13100,13100,1628.61
20181123,033000,12950,12950,12700,12700,427.2
20181124,033000,12600,12600,12600,12600,277.46
20181125,033000,12600,12600,12550,12600,185.28
20181126,033000,12400,12500,12400,12500,2657.8
20181127,033000,12650,12650,12650,12650,236.4
20181128,033000,12650,12650,12650,12650,0
20181129,033000,11750,11750,11750,11750,150
20181130,033000,11500,11600,11500,11600,367.99
20181201,033000,11750,11750,11300,11300,862.43
20181202,033000,11600,11600,11600,11600,137.6
20181203,033000,11650,11800,11650,11800,1798.9
20181204,033000,11650,11650,11600,11600,2012.88
20181205,033000,11600,11600,11600,11600,42.24
20181206,033000,11500,11540,11450,11500,4651.7
20181207,033000,11500,11500,11500,11500,4106
20181208,033000,11850,11850,11850,11850,82
20181209,033000,11800,11800,11650,11650,4327.7073742489
20181210,033000,11400,11400,11400,11400,263
20181211,033000,11150,11150,11000,11000,2310.54
20181212,033000,10600,10600,10300,10300,3047.5309
20181213,033000,10300,10350,10200,10350,1796.69
20181214,033000,10600,10600,10600,10600,1886
20181215,033000,10500,10500,10500,10500,214.6
20181216,033000,10400,10400,10200,10200,1869.63
20181217,033000,10200,10200,10200,10200,259.019
20181218,033000,10100,10100,10100,10100,1159.0371980198
20181219,033000,10100,10200,10100,10200,8639.6
20181220,033000,10200,10200,10200,10200,0
20181221,033000,10350,10450,10250,10250,4484.8833468898
20181222,033000,10250,10250,10250,10250,0
20181223,033000,10300,10300,10300,10300,114.9
20181224,033000,10500,10500,10500,10500,1512.93
20181225,033000,10470,10850,10470,10850,2071.8575115207
20181226,033000,11350,12000,11000,12000,3540.9150646099
20181227,033000,12092,12092,12092,12092,17.91
20181228,033000,11500,11650,11000,11000,2498.6329418899
20181229,033000,11000,11000,11000,11000,0
20181230,033000,10810,10810,10810,10810,65.2000000001
20181231,033000,11200,11200,11200,11200,180.1
20190101,033000,11550,11550,11550,11550,519.1341991341
20190102,033000,11580,11580,11300,11300,1125.3964847845
20190103,033000,11300,11300,11300,11300,0
20190104,033000,11100,11100,10950,10950,2235.0666756756
20190105,033000,10950,10950,10950,10950,0
20190106,033000,11100,11100,10900,11050,5953.5705882352
20190107,033000,10900,11040,10860,11000,8106.18286152
20190108,033000,11000,11100,11000,11100,4292.775
20190109,033000,11050,11200,11020,11050,6838.67515
20190110,033000,11250,11250,11250,11250,2221.87
20190111,033000,11500,11500,11250,11250,666.3478260869
20190112,033000,11650,11650,11300,11300,32.4131098711
20190113,033000,11700,11950,11700,11800,533.7837573221
20190114,033000,11925,12350,11710,11710,5618.1389563295
20190115,033000,11510,11750,11450,11650,5657.0919201651
20190116,033000,11650,11650,11520,11520,397
20190117,033000,11650,11700,11500,11500,1974
20190118,033000,11550,11550,11550,11550,148.1999999999
20190119,033000,11650,11650,11650,11650,1458.8841201716
20190120,033000,11600,11650,11550,11550,6114.6718070148
20190121,033000,11550,11600,11550,11600,4066.8767241378
20190122,033000,12040,12100,11700,11900,4108.5773821625
20190123,033000,11800,11800,11800,11800,625.2
20190124,033000,11800,11900,11800,11850,1026.1382700421
20190125,033000,11850,11850,11850,11850,1041.8565400843
20190126,033000,11700,11780,11700,11730,5254.0627335187
20190127,033000,11770,11850,11475,11475,4502.7060466279
20190128,033000,11850,11900,11700,11900,11177.4
20190129,033000,11850,12050,11700,12050,1763.3830016208
20190130,033000,12200,12300,12200,12200,3840.663068106
20190131,033000,12300,12300,12300,12300,97.2653414634
20190201,033000,12151,12151,11950,12000,9063.9982499999
20190202,033000,11950,11950,11950,11950,73.26
20190203,033000,11600,11600,11300,11300,4503.0602329436
20190204,033000,11230,11500,11230,11350,4780.7550789072
20190205,033000,11600,11600,11400,11400,1719.5679483619
20190206,033000,11640,11900,11640,11900,90.4411764705
20190207,033000,11790,11800,11790,11800,1184.4830508474
20190208,033000,11560,11610,11560,11610,71.8106810858
20190209,033000,11850,11850,11850,11850,1073
20190210,033000,11850,11850,11850,11850,0
20190211,033000,11950,11950,11900,11900,400
20190212,033000,11850,12000,11850,12000,987.1112901466
20190213,033000,11850,12130,11850,12130,10649.9673534212
20190214,033000,12005,12200,12005,12180,4167.2739932676
20190215,033000,12180,12180,12180,12180,0
20190216,033000,12050,12050,11950,11950,1015.192
20190217,033000,12200,12200,12080,12080,931.6565155838
20190218,033000,12350,12350,12350,12350,162.337854251
20190219,033000,12300,12750,12300,12750,2268.8219655898
20190220,033000,13050,13246,12900,12900,4867.0963493902
20190221,033000,13190,13600,13190,13500,4215.4362261437
20190222,033000,13500,13500,13240,13250,3217.4699197776
20190223,033000,13290,13300,13000,13000,14646.136399003
20190224,033000,12910,13480,12900,13300,3438.27737
20190225,033000,13650,13700,13500,13700,7491.7782464388
20190226,033000,13450,13500,13300,13500,3667.1054007492
20190227,033000,13500,13700,13400,13400,4909.9035934306
20190228,033000,13400,13550,13400,13550,6074.5899056539
20190301,033000,13400,13500,13400,13490,3112.5788213013
20190302,033000,13550,13550,13400,13400,5395.9200454979
20190303,033000,13495,13495,13495,13495,297.7872320899
20190304,033000,13301,13301,13200,13250,1713.6369479372
20190305,033000,13100,13100,12900,12900,4332.3558543383
20190306,033000,13000,13200,13000,13150,4337.9621664334
20190307,033000,13130,13180,13000,13080,6324.1973608936
20190308,033000,13080,13130,13080,13130,533.036941896
20190309,033000,13080,13080,13080,13080,2064.2201
20190310,033000,13080,13296,12870,12870,4720.3412900613
20190311,033000,13020,13050,12900,13050,2592.4158417376
20190312,033000,12900,12950,12900,12930,747.4662350882
20190313,033000,12750,12900,12600,12600,1824.6430014212
20190314,033000,12850,13000,12850,13000,154.2951834779
20190315,033000,12950,12950,12950,12950,235
20190316,033000,13080,13100,12950,13100,2127.4106340166
20190317,033000,13000,13000,12800,12800,1376.8603862772
20190318,033000,12900,12930,12831,12900,3399.6148491879
20190319,033000,12940,12940,12940,12940,77.9886982612
20190320,033000,12900,13080,12800,12850,1532.5418717028
20190321,033000,12880,12990,12880,12990,678.73784
20190322,043000,13100,13100,13099,13100,905.17588836
20190323,043000,13190,13190,13190,13190,100
20190324,043000,13100,13100,13000,13000,464.94
20190325,043000,13100,13100,13090,13090,2232
20190326,043000,13170,13170,13170,13170,100
20190327,043000,13180,13350,13180,13350,793.5516029962
20190328,043000,13230,13345,13220,13220,257.51
20190329,043000,13335,13335,13335,13335,84
20190330,043000,13335,13335,13335,13335,0
20190331,043000,13300,13345,13300,13345,909.2356173442
20190401,043000,13345,13345,13345,13345,0
20190402,043000,13380,13380,13290,13380,2701.8
20190403,043000,13300,13350,13100,13350,3683.3557332043
20190404,043000,13380,13380,13210,13210,1233.3233372355
20190405,043000,13280,13350,13220,13340,482.4374142733
20190406,043000,13300,13340,13110,13340,645.19
20190407,043000,13340,13380,13200,13300,1372.5727964153
20190408,043000,13500,13550,13500,13549,1255.2904999999
20190409,043000,13740,14450,13620,14450,8650.8611757609
20190410,043000,14500,14550,14130,14250,13334.523265504
20190411,043000,14250,14250,14000,14000,13685.2139658253
20190412,043000,14040,14130,14040,14130,5762.6615398327
20190413,043000,14150,14150,13970,14000,5764.9189045935
20190414,043000,14000,14100,13650,13750,6680.3730992137
20190415,043000,13720,13900,13720,13900,260.9335251797
20190416,043000,13830,14180,13800,13950,1536.8079030921
20190417,043000,13730,13730,13700,13730,409.3
20190418,043000,13630,13630,13630,13630,1500
20190419,043000,13700,13700,13520,13520,3835.6327718484
20190420,043000,13650,13650,13450,13620,3108.1566666666
20190421,043000,13650,13680,13450,13480,2546.9651783734
20190422,043000,13550,13700,13550,13700,765.1616298158
20190423,043000,13650,14180,13650,14180,7193.1917210057
20190424,043000,14010,14180,13970,14050,4812.8876020188
20190425,043000,14230,14400,14130,14300,1993.3105208333
20190426,043000,14490,14490,14300,14450,816.1724911583
20190427,043000,14450,14450,14080,14250,1118.6062186122
20190428,043000,14250,14250,14070,14070,637.4844225145
20190429,043000,14390,14390,14300,14380,718.4955773865
20190430,043000,14430,14450,14270,14400,17310.6194
20190501,043000,14400,14470,14220,14370,4892.8769620409
20190502,043000,14300,14570,14200,14350,6009.771946731
20190503,043000,14350,14590,14350,14580,2607.5984843654
20190504,043000,14540,14600,14500,14520,8334.4204417663
20190505,043000,14550,14750,14348,14550,10566.4752522703
20190506,043000,14850,14880,14600,14600,2209.5170878583
20190507,043000,14650,14910,14550,14860,6909.253590483
20190508,043000,14865,15140,14770,15000,11865.1135486792
20190509,043000,15210,15550,15000,15550,3662.100609745
20190510,043000,15550,15900,15550,15900,23248.5919029885
20190511,043000,15900,15930,15650,15700,6855.8751722796
20190512,043000,15800,15800,15200,15320,16112.5359554814
20190513,043000,15200,15550,15000,15150,8638.190199423
20190514,043000,15300,15550,15250,15550,5955.7291365823
20190515,043000,15300,15550,15250,15550,30162.0351249863
20190516,043000,15550,15550,15100,15100,14378.1015310554
20190517,043000,15203,15274,14843,15100,27139.0473846875
20190518,043000,14820,14983,14517,14825,39828.9629976487
20190519,043000,14540,15000,14540,14870,5800.2102475156
20190520,043000,14880,15039,14400,14400,19982.713829767
20190521,043000,14600,14630,13900,14170,20861.9939812472
20190522,043000,14120,14250,13930,14200,4645.6428572408
20190523,043000,14170,14500,14150,14150,16895.1196584821
20190524,043000,14250,14500,14200,14395,7498.5638547742
20190525,043000,14395,14395,14180,14180,4388.7349363016
20190526,043000,14180,14400,14080,14150,5697.2537591029
20190527,043000,14350,14667,14203,14667,18340.1733697461
20190528,043000,14565,14565,13938,14150,35137.3366085449
20190529,043000,14150,14150,13700,13720,21548.3886552042
20190530,043000,13700,13770,13500,13690,10249.2800784497
20190531,043000,13600,14030,13600,14030,9476.739187275
20190601,043000,14050,14140,13900,13950,3570.0414601452
20190602,043000,14090,14090,13850,13890,4729.2254433179
20190603,043000,13680,13900,13550,13599,6223.6017124658
20190604,043000,13550,13670,13500,13600,13476.1108105014
20190605,043000,13650,14050,13650,13900,5072.3710660537
20190606,043000,13750,13900,13750,13850,5089.0001143654
20190607,043000,13800,13920,13650,13650,1959.2916630904
20190608,043000,13650,13690,13606,13650,3784.4800090189
20190609,043000,13650,13700,13450,13500,13383.2194208823
20190610,043000,13450,13499,13140,13200,9393.8281478367
20190611,043000,13115,13650,13115,13530,3361.0776328376
20190612,043000,13460,13650,13350,13430,3426.1416527738
20190613,043000,13450,13520,13280,13520,3269.2662591413
20190614,043000,13350,13980,13350,13980,18988.8713219434
20190615,043000,13780,13980,13750,13849,10053.7895873953
20190616,043000,13750,13850,13530,13600,21602.8570126106
20190617,043000,13560,13650,13350,13450,34426.4735192432
20190618,043000,13540,13580,13200,13310,16786.8666185615
20190619,043000,13200,13400,13170,13370,5351.6142645731
20190620,043000,13130,13370,13130,13350,14347.610910056
20190621,043000,13300,13400,13220,13390,6496.9065172012
20190622,043000,13300,13300,13115,13200,8706.533194295
20190623,043000,13000,13250,13000,13200,23747.5594614154
20190624,043000,13105,13350,13105,13250,14334.2622588453
20190625,043000,13400,13590,13250,13590,13665.0519686037
20190626,043000,13590,13600,13300,13470,7216.1617657381
20190627,043000,13450,13750,13250,13600,20596.8394618383
20190628,043000,13710,13780,13500,13776,7176.5537555243
20190629,043000,13700,13888,13670,13850,7416.475234778
20190630,043000,13850,13850,13500,13550,10528.2404312743
20190701,043000,13550,13599,13301,13430,8125.9807109053
20190702,043000,13440,13480,13281,13480,10032.2159322436
20190703,043000,13580,13580,13321,13321,3616.6507407406
20190704,043000,13490,13600,13401,13401,5943.2278075562
20190705,043000,13490,13600,13400,13499,11888.3888259961
20190706,043000,13499,13600,13400,13450,140.478659095
20190707,043000,13580,13620,13390,13390,3170.4532260597
20190708,043000,13392,13499,13330,13499,7856.4325409288
20190709,043000,13300,13300,13150,13150,4601.6428544462
20190710,043000,13100,13100,12830,12900,15319.224012613
20190711,043000,12820,12900,12730,12750,27060.0313012278
20190712,043000,12900,13200,12800,13200,12419.1468986967
20190713,043000,13150,13300,13050,13050,4781.9736536394
20190714,043000,13195,13195,12760,12800,6242.4680509577
20190715,043000,12980,13050,12760,12900,5034.2280807284
20190716,043000,12870,12870,12550,12699,16791.273159324
20190717,043000,12699,12790,12180,12390,11497.3847758329
20190718,043000,12250,12389,11850,12330,29012.7977611728
20190719,043000,12330,12650,12180,12650,10664.8445233628
20190720,043000,12650,12700,12450,12550,5659.0114191217
20190721,043000,12699,12699,12150,12370,34482.9260580507
20190722,043000,12450,12550,12400,12400,7182.4699920848
20190723,043000,12470,12630,12320,12500,13126.7802226545
20190724,043000,12500,12900,12500,12799,23509.703146449
20190725,043000,12850,12890,12370,12370,10468.0646219616
20190726,043000,12350,12520,12200,12300,7667.0363179562
20190727,043000,12250,12380,12225,12225,4123.0592810985
20190728,043000,12225,12550,12170,12400,16651.9386266862
20190729,043000,12400,12580,12350,12350,23761.5262576854
20190730,043000,12400,12500,12290,12290,11415.2265032655
20190731,043000,12450,12450,12290,12380,298.7838151324
20190801,043000,12380,12380,12100,12230,10269.816406905
20190802,043000,12250,12320,12101,12300,9539.0766831581
20190803,043000,12300,12330,12190,12280,6756.155410891
20190804,043000,12200,12220,12040,12150,4279.9026436361
20190805,043000,12150,12150,11870,12090,11991.4878451607
20190806,043000,12090,12130,11800,12000,27027.5397720995
20190807,043000,12000,12180,11800,11900,56377.0816026255
20190808,043000,12050,12130,11870,11900,21253.8606306367
20190809,043000,11822,12000,11822,11950,9388.863506276
20190810,043000,11822,11950,11800,11950,3246.8258744769
20190811,043000,11800,11950,11602,11820,10830.4054814403
20190812,043000,11820,11844,11600,11844,6403.45444772
20190813,043000,11700,11799,11700,11720,4703.576417493
20190814,043000,11700,11799,11600,11670,3776.0721058068
20190815,043000,11502,11750,11502,11700,6025.2764608724
20190816,043000,11799,11995,11672,11980,21400.4361400583
20190817,043000,12100,12250,11970,12090,2216.4700000144
20190818,043000,12000,12250,11920,12052,16721.1350404601
20190819,043000,12200,12200,12000,12000,10220.112245
20190820,043000,12145,12149,11880,12099,20236.7376163212
20190821,043000,12090,12100,11850,11880,10287.8377597973
20190822,043000,12050,12100,11850,12000,5915.5813734826
20190823,043000,11940,12050,11901,12050,3268.5181520234
20190824,043000,11901,12060,11870,11870,2719.7910496815
20190825,043000,12000,12000,11753,11753,15805.2345754736
20190826,043000,11753,11850,11550,11700,9096.1597470731
20190827,043000,11750,11750,11380,11380,8215.4825780797
20190828,043000,11180,11400,11180,11200,6972.6301559045
20190829,043000,11325,11470,11211,11470,9357.9548988659
20190830,043000,11500,11680,11350,11680,9169.1436160229
20190831,043000,11750,11750,11520,11650,2656.7597308
20190901,043000,11525,11760,11521,11701,12927.2115295048
20190902,043000,11750,11765,11481,11481,15228.529824
20190903,043000,11695,11695,11460,11503,9216.274810609
20190904,043000,11700,11700,11500,11550,20133.4553008866
20190905,043000,11549,11600,11381,11579,11570.7580075267
20190906,043000,11570,11570,11347,11540,24439.6282005284
20190907,043000,11460,11510,11401,11500,4705.4164296517
20190908,043000,11400,11620,11400,11511,11528.4151363103
20190909,043000,11568,11710,11540,11710,7701.0161986262
20190910,043000,11653,11800,11520,11800,2150.1690582603
20190911,043000,11612,11780,11550,11550,8164.3789653626
20190912,043000,11700,11800,11502,11650,10738.1023757065
20190913,043000,11600,11650,11480,11600,20673.8631631034
20190914,043000,11600,11600,11423,11433,1141.1526374535
20190915,043000,11433,11550,11270,11300,8521.7507195227
20190916,043000,11420,11450,11250,11450,2206.9541670512
20190917,043000,11450,11520,11301,11500,12181.1375673161
20190918,043000,11371,11480,11320,11401,3220.9146026083
20190919,043000,11391,11699,11390,11503,5351.7584185079
20190920,043000,11645,11645,11503,11621,1085.0714075993
20190921,043000,11750,11750,11540,11540,4322.6302516783
20190922,033000,11700,11720,11471,11551,14010.2833105789
20190923,033000,11551,11700,11450,11500,6730.3332104419
20190924,033000,11590,11825,11501,11550,18091.1669561874
20190925,033000,11556,11950,11555,11750,32550.4385737829
20190926,033000,11770,12200,11770,12061,9554.7574749881
20190927,033000,12061,12150,11870,11980,17737.3289728526
20190928,033000,11980,12000,11800,11930,5481.7956207489
20190929,033000,11940,11970,11801,11900,13020.5628581907
20190930,033000,11900,11910,11800,11800,14246.5047847163
20191001,033000,11930,11950,11801,11940,3958.3503503079
20191002,033000,11940,12000,11900,11911,5479.5768180483
20191003,033000,12000,12020,11855,11970,4533.8182269842
20191004,033000,11900,11950,11882,11950,8584.1589920426
20191005,033000,11901,11980,11851,11851,5556.2223661656
20191006,033000,11800,11900,11721,11869,8637.1760911715
20191007,033000,11860,11860,11650,11770,13905.5687082667
20191008,033000,11707,11850,11700,11780,12340.6146623409
20191009,033000,11750,11750,11631,11700,8896.3955007872
20191010,033000,11671,11710,11600,11680,15381.0149695342
20191011,033000,11700,11720,11520,11602,20001.1726480756
20191012,033000,11698,11698,11570,11600,11185.1078539472
20191013,033000,11697,11697,11600,11697,7510.921380522
20191014,033000,11697,11697,11500,11600,4207.2618363208
20191015,033000,11600,11650,11502,11510,11983.8733328135
20191016,033000,11600,11650,11500,11531,5183.6776592256
20191017,033000,11532,11630,11532,11600,4927.6765841493
20191018,033000,11600,11680,11540,11640,4353.1772115897
20191019,033000,11630,11750,11630,11750,3320.0807723139
20191020,033000,11621,11700,11621,11630,5026.14
20191021,033000,11610,11690,11431,11505,5822.2901516245
20191022,033000,11490,11530,11280,11337,5433.7971713193
20191023,033000,11337,11470,11300,11410,9617.3183284084
20191024,033000,11305,11510,11305,11469,4554.7965104686
20191025,033000,11380,11468,11380,11440,4797.1390548926
20191026,033000,11440,11460,11220,11300,37630.4443965838
20191027,033000,11300,11800,11202,11300,24235.673963195
20191028,033000,11300,11300,11120,11121,9305.6479813434
20191029,033000,11220,11350,11150,11350,19057.7739324539
20191030,033000,11350,11350,11270,11350,3781.2174151123
20191031,033000,11271,11383,11230,11300,14386.330379567
20191101,033000,11220,11349,11200,11301,4891.289532561
20191102,033000,11339,11380,11300,11380,7944.3175201729
20191103,033000,11315,11359,11232,11330,7400.2957693349
20191104,033000,11296,11399,11251,11315,2502.2547768525
20191105,033000,11250,11370,11250,11300,20324.3072842475
20191106,033000,11355,11450,11259,11419,17973.006481164
20191107,033000,11419,11430,11304,11311,9118.9662650551
20191108,033000,11311,11530,11311,11500,10347.9587151454
20191109,033000,11455,11530,11455,11501,2447.3579075766
20191110,033000,11560,11640,11460,11500,10604.7629605864
20191111,033000,11560,11650,11481,11521,13800.5075727796
20191112,033000,11521,11700,11502,11550,9226.0708728433
20191113,033000,11680,11720,11550,11675,11393.2391890053
20191114,033000,11719,11890,11581,11801,13525.1396927613
20191115,033000,11889,12099,11801,11851,20816.4440730687
20191116,033000,11851,12170,11851,12150,28383.0357787943
20191117,033000,12170,12500,12056,12500,21005.557342096
20191118,033000,12623,12738,12600,12700,1799.8730155799
20191119,033000,12600,12700,12350,12590,11953.098890293
20191120,033000,12500,12500,12300,12300,14623.8297042401
20191121,033000,12306,12306,12111,12111,8524.689966176
20191122,033000,12050,12111,11980,12111,1473.2373692946
20191123,033000,12151,12450,12150,12449,3731.3257565181
20191124,033000,12440,12500,12230,12240,15298.7662814734
20191125,033000,12260,12590,12260,12590,12211.3623385309
20191126,033000,12440,13043,12402,12695,25657.4972824866
20191127,033000,12695,13050,12530,12531,21684.2825902353
20191128,033000,12738,12850,12501,12681,14394.7546598543
20191129,033000,12750,12990,12680,12775,14440.500282154
20191130,033000,12828,12880,12711,12800,14740.8906617904
20191201,033000,12840,12940,12750,12750,16411.8500136243
20191202,033000,12750,13149,12731,12930,27258.7642632918
20191203,033000,12999,13300,12960,13051,15790.2292793663
20191204,033000,13200,13200,13050,13170,29073.4488818254
20191205,033000,13200,13350,13052,13200,20387.1236413625
20191206,033000,13150,13450,13150,13449,26739.7670114459
20191207,033000,13449,13450,13050,13090,23157.7251247813
20191208,033000,13270,13449,13100,13390,9270.9312037161
20191209,033000,13320,13800,13300,13740,48877.3213207631
20191210,033000,13730,13980,13661,13980,59544.1398095071
20191211,033000,13980,14380,13500,13700,93826.267257717
20191212,033000,13500,13799,13181,13300,51003.362935156
20191213,033000,13220,13390,12950,13130,12734.8017141884
20191214,033000,13130,13280,12992,13121,13924.1623466866
20191215,033000,13190,13240,12851,13049,21236.276007171
20191216,033000,12900,13090,12740,12900,13568.4870007174
20191217,033000,13090,13150,12900,13150,6645.0043744906
20191218,033000,13110,13345,13110,13280,24540.7002596473
20191219,033000,13280,13450,13200,13203,20315.1812168629
20191220,033000,13250,13290,13150,13175,14412.7151390301
20191221,033000,13190,13299,13170,13210,5329.4398622799
20191222,033000,13250,13350,13170,13300,20875.7875788061
20191223,033000,13290,13420,13110,13150,28782.2218548767
20191224,033000,13210,13310,13060,13268,43390.0757643495
20191225,033000,13268,13290,13141,13195,16942.9933184143
20191226,033000,13290,13396,13220,13250,18504.4288445537
20191227,033000,13349,13395,13220,13370,15949.0127283335
20191228,033000,13370,13370,13280,13349,19707.7732664899
20191229,033000,13345,13349,13205,13300,13051.481301111
20191230,033000,13300,13380,13220,13280,26379.0558000754
20191231,033000,13300,13390,13224,13329,24063.3660204144
20200101,033000,13329,13480,13280,13450,13342.5838602595
20200102,033000,13478,13520,13400,13435,28650.1084153128
20200103,033000,13435,13720,13435,13570,20277.2136345539
20200104,033000,13485,14510,13485,14001,184433.7858546362
20200105,033000,14128,14130,13550,13650,30218.6208434735
20200106,033000,13601,14100,13581,14055,50123.9250102917
20200107,033000,14050,14100,13800,13840,52372.6134897121
20200108,033000,13830,14240,13775,14199,72517.816110126
20200109,033000,14102,15250,13361,13361,103358.32993726
20200110,033000,13361,13550,13200,13250,40528.0138960513
20200111,033000,13300,13480,13240,13430,16882.3531690598
20200112,033000,13445,13490,13204,13380,61192.2660047795
20200113,033000,13375,13500,13290,13372,25019.1468227974
20200114,033000,13383,13498,13374,13449,13525.2054900892
20200115,033000,13376,13650,13201,13475,54416.8965301562
20200116,033000,13520,13660,13355,13560,37843.1203741855
20200117,033000,13500,13670,13500,13614,30451.6041827177
20200118,033000,13551,13620,13525,13533,17457.8035197154
20200119,033000,13534,13570,13500,13503,18082.5217183709
20200120,033000,13565,13588,13452,13540,33199.2195360403
20200121,033000,13540,13684,13500,13551,42423.6021179739
20200122,033000,13628,13628,13520,13522,14293.2151794908
20200123,033000,13560,13645,13452,13599,30032.3119834217
20200124,033000,13500,13700,13500,13699,43475.1082525806
20200125,033000,13600,13700,13590,13590,42694.5004711721
20200126,033000,13590,13674,13590,13645,16236.9600312338
20200127,033000,13649,13700,13550,13665,49746.7639085215
20200128,033000,13551,14000,13530,13674,78212.3811229808
20200129,033000,13700,13700,13480,13698,80649.0957865368
20200130,033000,13730,13745,13555,13674,39638.3547189462
20200131,033000,13740,13770,13609,13685,30151.1803899076
20200201,033000,13691,13860,13676,13711,33931.8175339727
20200202,033000,13711,13815,13625,13690,28144.5579818643
20200203,033000,13700,13720,13501,13650,50759.0070260204
20200204,033000,13650,13683,13532,13600,54382.5764026954
20200205,033000,13670,13740,13593,13684,35298.6774757184
20200206,033000,13684,13740,13585,13663,60342.9220080589
20200207,033000,13663,13760,13600,13630,78303.9345843399
20200208,033000,13700,13739,13607,13698,33756.7934352857
20200209,033000,13610,13700,13600,13700,53596.0907878554
20200210,033000,13700,13900,13620,13795,109824.2994404988
20200211,033000,13790,14050,13740,13987,41647.553209762
20200212,033000,13892,14099,13890,14010,23671.2333037744
20200213,033000,13900,14100,13856,14092,62717.9775360096
20200214,033000,14050,14200,14002,14160,86873.6314390957
20200215,033000,14130,14280,13970,14199,35983.6977987599
20200216,033000,14150,14480,13952,14375,27089.7600058742
20200217,033000,14355,14605,14280,14480,32472.5575603794
20200218,033000,14480,14699,14350,14650,45181.4571433504
20200219,033000,14581,14899,14500,14652,64525.4562969029
20200220,033000,14780,14790,14301,14650,70765.8332571567
20200221,033000,14670,14850,14611,14797,67592.2150457779
20200222,033000,14797,16000,14710,15170,211766.1072918287
20200223,033000,15169,15789,15000,15579,129938.7211862615
20200224,033000,15579,15799,15381,15774,124642.3120944682
20200225,033000,15670,16150,15610,16150,67268.6785062869
20200226,033000,16150,16349,15990,16298,96973.6803740682
20200227,033000,16298,16450,16204,16350,96037.125673603
20200228,033000,16325,16470,16000,16099,90906.134109362
20200229,033000,16000,16100,15703,15703,51018.4794065108
20200301,033000,15703,15850,15220,15570,92000.1908299732
20200302,033000,15570,16090,15401,16085,55953.9207359101
20200303,033000,16084,16247,15856,16019,70523.989238431
20200304,033000,16010,16050,15730,15899,49921.8971594617
20200305,033000,15900,15977,15651,15652,75226.7767894029
20200306,033000,15785,15810,15510,15581,60572.4103029795
20200307,033000,15582,15700,15530,15630,23412.4848304636
20200308,033000,15630,15720,15509,15720,45597.5085337038
20200309,033000,15719,15999,15610,15935,38443.6580350986
20200310,033000,15928,16440,15780,16199,77502.4721270623
20200311,033000,16199,16270,16012,16012,61630.3210115325
20200312,033000,16174,16220,15931,16127,47327.4776836277
20200313,033000,15932,16999,15900,16998,82429.9529591105
20200314,033000,16999,18400,16701,17500,87547.8817787572
20200315,033000,17500,17990,16900,17450,80512.6518684615
20200316,033000,17450,17800,17050,17730,84885.8238143553
20200317,033000,17730,19000,17605,18199,161434.0066383584
20200318,033000,18050,18280,17580,17640,147604.3544834637
20200319,033000,17603,18194,17410,17745,129015.2888012288
20200320,033000,17750,17968,17410,17800,210722.7593551211
20200321,043000,17804,18700,17430,18450,185358.2290785139
20200322,043000,18480,18800,18110,18307,119897.4940948696
20200323,043000,18310,18400,17981,18300,100045.807301473
20200324,043000,18250,18449,17550,17582,187822.3326453992
20200325,043000,17600,17645,16855,16999,218094.6391841654
20200326,043000,17048,17075,16726,16910,182848.2430928372
20200327,043000,17000,17100,16805,16899,117399.3435068938
20200328,043000,16898,16915,16800,16800,139713.2254861158
20200329,043000,16768,17135,16768,17051,183902.6224899281
20200330,043000,17079,17310,17011,17275,138513.0680649204
20200331,043000,17275,17599,17221,17440,185472.6408501757
20200401,043000,17432,17489,17300,17401,173214.0988581826
20200402,043000,17402,17490,17220,17289,187023.5786381187
20200403,043000,17284,17345,16811,16863,341172.8828396509
20200404,043000,16900,17050,16896,16965,180401.9555488579
20200405,043000,16965,17075,16850,16855,192886.8652881192
20200406,043000,16900,17050,16850,16905,164555.014978556
20200407,043000,16927,17050,16680,16781,295246.912923279
20200408,043000,16780,16860,16675,16798,144185.5639262908
20200409,043000,16751,16950,16530,16675,140797.5614310892
20200410,043000,16674,16750,16580,16621,139645.3935005877
20200411,043000,16685,16875,16641,16778,184766.4719305543
20200412,043000,16755,16848,16702,16710,157398.0073549775
20200413,043000,16800,16820,16706,16781,126103.4909639631
20200414,043000,16781,17000,16781,16800,179091.7975262977
20200415,043000,16790,16847,16532,16580,147606.3118152336
20200416,043000,16556,16600,16311,16435,124837.5712885186
20200417,043000,16424,16577,16004,16146,173897.4971350066
20200418,043000,16095,16170,16002,16055,100584.3049195217
20200419,043000,16087,16147,15650,15674,185834.1186133745
20200420,043000,15674,15998,15570,15870,197094.1439155765
20200421,043000,15879,16089,15700,16088,200480.6190595013
20200422,043000,16088,16450,15911,16325,230128.0512030626
20200423,043000,16250,16549,16250,16370,173452.2288140507
20200424,043000,16370,16532,16108,16148,226171.0089025935
20200425,043000,16145,16285,16000,16150,191308.0442457018
20200426,043000,16150,16179,15971,16130,125006.762204396
20200427,043000,16130,16200,16050,16168,155791.2709819421
20200428,043000,16189,16348,16154,16280,210097.7834221249
20200429,043000,16285,16496,16255,16440,107935.3607901034
20200430,043000,16450,16753,16441,16660,231603.1618546884
20200501,043000,16700,16899,16298,16697,419475.5914631803
20200502,043000,16680,16697,16556,16679,130273.8835968953
20200503,043000,16676,16693,16505,16546,155272.7484725837
20200504,043000,16546,16624,16420,16520,210886.053552643
20200505,043000,16600,16750,16530,16649,185943.4615306633
20200506,043000,16649,16739,16500,16574,187490.8054588693
20200507,043000,16590,16700,16480,16549,302507.8512699502
20200508,043000,16549,16650,16500,16560,176769.3102375936
20200509,043000,16614,16664,16531,16619,157216.9878335453
20200510,043000,16610,16740,16580,16675,202084.4671824949
20200511,043000,16653,17450,16635,17040,421932.1487362797
20200512,043000,16984,17380,16955,17325,221568.0273263945
20200513,043000,17328,17500,17107,17180,236462.2370764334
20200514,043000,17180,17375,17150,17203,169588.8579922529
20200515,043000,17248,17298,16941,16980,333149.1059830724
20200516,043000,16963,17030,16800,16925,148049.1384198371
20200517,043000,16885,17130,16877,17035,193776.234810709
20200518,043000,17035,17340,16955,17109,404287.4348407665
20200519,043000,17108,17468,17020,17302,625224.7352667385
20200520,043000,17300,17469,17215,17370,347377.4083393308
20200521,043000,17372,17899,17372,17750,434861.5165496518
20200522,043000,17765,18145,17750,18110,365015.2668911926
20200523,043000,18063,18188,18000,18062,205466.803898972
20200524,043000,18099,18180,17890,18000,224022.6308485948
20200525,043000,18000,18199,17905,18020,159482.1127100326
20200526,043000,18021,18298,18011,18025,263817.134128182
20200527,043000,18100,18143,17780,17788,206441.1279270641
20200528,043000,17788,17900,17572,17575,155627.7698354151
20200529,043000,17639,17750,17520,17619,206027.1288402161
20200530,043000,17590,17629,17450,17489,185261.6142485154
20200531,043000,17457,17598,17450,17452,309378.5487348832
20200601,043000,17452,17600,17350,17511,246211.2845179372
20200602,043000,17525,17705,17479,17581,225422.3387029156
20200603,043000,17659,17820,17151,17816,903727.0337647834
20200604,043000,17815,17878,17711,17800,173648.58228545
20200605,043000,17825,17849,17750,17780,125239.4229029282
20200606,043000,17770,17809,17614,17680,145737.1948238668
20200607,043000,17680,17770,17670,17687,196724.8206993061
20200608,043000,17700,17900,17650,17820,245730.0585828135
20200609,043000,17830,17880,17700,17748,244153.0634363625
20200610,043000,17748,17944,17724,17900,241264.5264266106
20200611,043000,17917,18100,17834,18000,306324.8905601573
20200612,043000,18000,18600,17979,18507,410525.5312801713
20200613,043000,18505,18650,18400,18490,173608.9242645094
20200614,043000,18490,18540,18352,18445,169353.3012779743
20200615,043000,18400,18545,18380,18510,222574.2495361717
20200616,043000,18539,19028,18500,18727,398761.9206554703
20200617,043000,18726,18899,18605,18849,361794.0986012932
20200618,043000,18849,18950,18830,18901,185658.3804851026
20200619,043000,18908,19150,18904,19070,239707.0057850028
20200620,043000,19120,19300,19083,19240,149373.5700211826
20200621,043000,19188,19600,19188,19555,249011.0770275804
20200622,043000,19590,19980,19471,19738,336623.8104004376
20200623,043000,19749,20200,19684,20100,476651.9142719947
20200624,043000,20100,20900,19930,20222,655315.5196173079
20200625,043000,20221,20342,19572,20050,451596.7766952021
20200626,043000,20005,20300,19800,19967,361460.6071533617
20200627,043000,19950,20248,19910,20050,249116.4026535141
20200628,043000,20051,20600,19900,20514,273458.9784818698
20200629,043000,20508,21500,20450,20761,424382.9705258555
20200630,043000,20761,20950,20700,20770,226601.0133113657
20200701,043000,20707,21000,20707,20900,234021.4662893712
20200702,043000,20917,20950,20781,20850,208539.8042023108
20200703,043000,20900,21495,20820,21447,264640.9381229403
20200704,043000,21400,21496,21100,21199,180706.5181154946
20200705,043000,21299,21790,21101,21585,440754.8807148925
20200706,043000,21586,22400,21553,22189,455635.7503967591
20200707,043000,22189,22450,21700,21781,523177.5156023969
20200708,043000,21788,22185,21652,22134,397345.5634961442
20200709,043000,22090,22600,22035,22331,530973.6084906503
20200710,043000,22333,22700,22333,22620,372688.5857090988
20200711,043000,22668,22849,22610,22716,206845.496764775
20200712,043000,22716,22948,22573,22869,236151.0293835312
20200713,043000,22919,23095,22806,23061,266900.1518645079
20200714,043000,23087,23698,23012,23698,405660.2893427323
20200715,043000,23531,24000,23425,23723,478159.1352049091
20200716,043000,23849,24099,23715,23970,352402.3866687069
20200717,043000,23970,24734,23900,24599,336754.0686486424
20200718,043000,24599,24800,24502,24650,210093.0877969524
20200719,043000,24640,25390,24300,25225,530851.3556011342
20200720,043000,25229,25900,23752,24600,805921.185063394
20200721,043000,24599,24720,21650,21797,1017634.4658707117
20200722,043000,21797,23070,20801,21500,1299353.5178227907
20200723,043000,21500,22300,21400,21936,508986.1780708164
20200724,043000,21801,22247,21801,22118,338810.4468947134
20200725,043000,22118,22269,22100,22174,171194.6456792401
20200726,043000,22175,23198,21900,23194,627849.752077012
20200727,043000,23185,24299,22690,23260,1018278.6447430388
20200728,043000,23279,23998,23000,23800,780026.484105088
20200729,043000,23777,24220,23134,24094,679253.3804612379
20200730,043000,24014,24179,23904,24145,400370.6544627515
20200731,043000,24145,24497,24102,24394,445414.5041041791
20200801,043000,24394,24410,24155,24234,320454.7937164031
20200802,043000,24166,24400,23925,24011,703147.0072931219
20200803,043000,24025,24684,24025,24180,974161.1592236669
20200804,043000,24269,24300,24030,24110,579645.8325610149
20200805,043000,24110,24180,23901,24110,561797.9776536198
20200806,043000,24024,24170,23960,24010,478032.1645736809
20200807,043000,24010,24248,23960,24055,336447.2089412726
20200808,043000,24055,24199,23100,23301,523234.6868932063
20200809,043000,23380,23420,21710,21842,693387.4866097516
20200810,043000,21851,22242,20520,20679,858915.4716580579
20200811,043000,20620,22499,20402,22200,922752.1587670367
20200812,043000,22200,23199,22200,22950,828777.9875384409
20200813,043000,22969,23300,22299,22901,688625.3520767867
20200814,043000,22901,23299,22805,22821,573835.070573512
20200815,043000,22900,22999,22600,22700,588046.5201801308
20200816,043000,22700,22850,22200,22380,564701.4042577645
20200817,043000,22380,23000,22284,22946,588601.5663181396
20200818,043000,22880,23450,22300,23129,966716.1256639281
20200819,043000,23129,23600,22490,23400,972289.7763787227
20200820,043000,23400,23845,22749,23452,1059353.5262009604
20200821,043000,23539,23840,23452,23749,649387.3192920953
20200822,043000,23750,23995,23402,23421,523040.8033129481
20200823,043000,23413,23760,23350,23492,779200.8574109969
20200824,043000,23492,23689,23400,23482,359396.1717656846
20200825,043000,23478,23600,23402,23500,390038.7963251463
20200826,043000,23500,24000,23454,23955,646324.6356039506
20200827,043000,23925,24225,23860,23870,403744.029882837
20200828,043000,23869,24261,23750,24250,398172.4928242413
20200829,043000,24239,24249,23901,24000,279007.7890836612
20200830,043000,24000,24050,23800,23850,261594.6941712038
20200831,043000,23850,23998,23550,23550,386270.6601784439
20200901,043000,23550,23977,23550,23650,622234.932495576
20200902,043000,23737,24190,23650,24110,865757.7397412298
20200903,043000,24100,24891,23399,24848,1202350.9327316885
20200904,043000,24846,25430,24314,25150,1527872.8918791902
20200905,043000,25145,26751,24800,25449,1526465.5929360227
20200906,043000,25385,25968,25278,25829,1147981.633876472
20200907,043000,25829,26295,25680,25808,1034786.469144137
20200908,043000,25802,26197,25727,25860,1079771.507458634
20200909,043000,25860,26471,25650,26301,1116808.5373883855
20200910,043000,26301,26640,26105,26452,884780.0478133413
20200911,043000,26452,26594,26301,26545,882044.7000031369
20200912,043000,26544,26649,26320,26410,453723.1289117591
20200913,043000,26403,26950,26000,26889,509079.7167560825
20200914,043000,26900,27639,26546,27567,941265.5845163537
20200915,043000,27567,27910,26700,26825,979165.8269182021
20200916,043000,26850,27450,26510,27355,706913.237663476
20200917,043000,27354,27850,27270,27529,752793.5642994541
20200918,043000,27435,27660,27000,27300,475449.2157368343
20200919,043000,27300,27429,27000,27001,444783.3606484466
20200920,043000,27003,27145,26251,26780,609551.7134579411
20200921,033000,26720,27651,26700,27452,567207.4197012915
20200922,033000,27530,27981,27325,27930,719599.3548805385
20200923,033000,27930,28340,27750,28100,506659.0129232519
20200924,033000,28100,28745,28061,28745,433073.8918982404
20200925,033000,28750,29340,28676,28900,684637.2667586248
20200926,033000,28900,29139,28870,28900,398263.8124878722
20200927,033000,28900,29910,28649,28836,815850.7966082874
20200928,033000,28850,29399,28600,29280,633894.7345287063
20200929,033000,29290,29695,29210,29461,577522.4320003586
20200930,033000,29465,29844,29461,29660,529910.781221044
20201001,033000,29604,29870,29460,29859,378406.3162460714
20201002,033000,29827,30590,29770,30488,680197.3294187762
20201003,033000,30520,30778,29850,30099,679550.674713242
20201004,033000,30023,30110,28290,28454,1236895.1267346004
20201005,033000,28453,29200,28100,28751,853644.269050435
20201006,033000,28701,29600,28660,29410,555776.8212769515
20201007,033000,29497,29850,29322,29699,565290.9103307409
20201008,033000,29700,29990,29607,29890,454697.4677456512
20201009,033000,29895,30250,29852,29955,702045.5633334474
20201010,033000,29955,30086,29731,29790,784352.8569537255
20201011,033000,29829,30501,29405,30500,1434531.972416905
20201012,033000,30519,31549,30031,30500,1621905.2396489256
20201013,033000,30500,31394,30400,31200,1355229.9982824645
20201014,033000,31200,31799,31100,31701,997951.9308057784
20201015,033000,31701,32123,31554,32033,560802.7398583523
20201016,033000,32039,32600,31831,32570,635705.8376469342
20201017,033000,32545,33198,32390,33100,637604.5248091588
20201018,033000,33100,33232,31690,32298,671247.5581219456
20201019,033000,32100,32680,31600,31651,851528.2633405194
20201020,033000,31680,31949,29100,29300,1312045.3074226708
20201021,033000,29307,29748,26100,26705,2209734.7023885287
20201022,033000,26705,30000,26252,28950,2186998.8486308306
20201023,033000,28950,29795,28725,29300,1134816.255323983
20201024,033000,29308,29546,28513,29182,542547.280459992
20201025,033000,29182,29500,28800,29145,590576.3952407279
20201026,033000,29145,29753,28607,28695,661708.8138582474
20201027,033000,28695,28800,27852,28600,936465.780643334
20201028,033000,28600,28900,28350,28380,805721.9904982151
20201029,033000,28380,28787,28100,28584,1016402.5377070997
20201030,033000,28584,28743,28445,28499,450156.3191967773
20201031,033000,28491,28835,28300,28353,555107.0571561311
20201101,033000,28353,28652,26450,26777,950833.1463010786
20201102,033000,26777,28860,26562,27760,1048295.7688005542
20201103,033000,27760,29220,27700,28627,1499084.172012153
20201104,033000,28698,29444,28500,28530,837004.1897763218
20201105,033000,28530,31001,27555,27860,3342157.025275648
20201106,033000,27865,28080,26300,26352,1913964.6865321037
20201107,033000,26352,26649,23685,24200,2222867.9195419834
20201108,033000,24250,25350,23400,23740,2504017.1502950457
20201109,033000,23740,25750,23550,25595,2550952.155594722
20201110,033000,25595,28000,25400,26925,3104243.1438283054
20201111,033000,26925,27640,26825,27446,1763823.1840489514
20201112,033000,27410,27500,27000,27339,1181425.420172808
20201113,033000,27333,27488,27101,27410,911359.3527899993
20201114,033000,27410,27798,27320,27597,863612.142102929
20201115,033000,27594,27750,27160,27192,1151152.6449061455
20201116,033000,27180,27407,25650,26615,1404669.6912443906
20201117,033000,26615,27050,26330,26555,1032724.3186170816
20201118,033000,26555,26681,26200,26250,1347386.012469988
20201119,033000,26250,26640,26081,26425,1410578.1202698147
20201120,033000,26362,26500,26156,26418,866058.2027034546
20201121,033000,26419,26479,26040,26223,1255865.0627587826
20201122,033000,26223,26440,26100,26374,1565799.964657544
20201123,033000,26410,26598,26205,26349,1742379.885630188
20201124,033000,26349,26500,26100,26355,1497160.4612104122
20201125,033000,26355,26903,25000,25650,2404107.0017564013
20201126,033000,25650,26000,25305,25547,1714543.3451021933
20201127,033000,25547,26501,25280,25545,2721996.8058878644
20201128,033000,25545,26169,24676,25980,1399346.602891643
20201129,033000,25930,26169,25309,25598,1479663.2450733292
20201130,033000,25580,25800,25400,25601,930414.1692321368
20201201,033000,25601,25786,25350,25418,1860174.1542073025
20201202,033000,25418,26450,25201,26180,2888183.9103816333
20201203,033000,26160,26495,25850,26120,1457221.0224935636
20201204,033000,26080,26990,25900,26060,1064761.2688832732
20201205,033000,26060,26494,26000,26424,1053100.338138524
20201206,033000,26424,26699,26102,26150,1215135.0318749559
20201207,033000,26150,26250,25860,26038,919518.7049501078
20201208,033000,26038,26180,25986,26150,640621.74963894
20201209,033000,26130,26500,26027,26397,940341.7324869111
20201210,033000,26397,26945,26300,26678,1308412.1493125195
20201211,033000,26635,26750,26508,26679,798681.6513471003
20201212,033000,26677,26995,26605,26699,1118100.8169125866
20201213,033000,26690,26820,26339,26508,1208391.1503270683
20201214,033000,26508,26599,26015,26111,1145473.9322247498
20201215,033000,26183,26248,25981,25985,800403.903050077
20201216,033000,26026,26211,25800,25915,1120070.8985272823
20201217,033000,25915,26135,25472,25530,1841637.8217500923
20201218,033000,25535,25800,25100,25424,2743589.3702932154
20201219,033000,25423,25576,25300,25366,856617.2729485855
20201220,033000,25371,25500,25249,25350,996971.3563270188
20201221,033000,25350,25700,25303,25550,1312689.3015852917
20201222,033000,25550,26444,25549,26200,2522910.5307776835
20201223,033000,26269,26650,26015,26329,1949391.9858288087
20201224,033000,26329,26784,26202,26608,2350751.471157099
20201225,033000,26608,27324,26600,26758,2023754.320793941
20201226,033000,26730,26850,26257,26479,1466766.6514189525
20201227,033000,26479,26639,26279,26323,1399544.0916408875
20201228,033000,26319,26800,26280,26510,2108762.2836718247
20201229,033000,26508,26684,26400,26569,1450205.1092352658
20201230,033000,26569,27152,26458,26571,2554154.6133745955
20201231,033000,26572,26730,26450,26490,1661078.5806145233
20210101,033000,26484,26676,26406,26522,1572991.105113109
20210102,033000,26522,26617,26330,26500,1189901.6177020362
20210103,033000,26500,26706,26000,26107,2090624.3273357295
20210104,033000,26107,26855,26100,26801,3687210.049600085
20210105,033000,26801,27297,26301,26936,3789516.7760173506
20210106,033000,26936,27298,26700,26911,2537501.4345835387
20210107,033000,26911,27000,26568,26601,3218962.0440637353
20210108,033000,26668,26900,26150,26610,3952740.6740247966
20210109,033000,26609,27100,26400,26670,3719020.60504174
20210110,033000,26670,26898,25400,25730,3290697.242815353
20210111,033000,25679,26338,25245,25720,3740963.9823841713
20210112,033000,25749,27007,25525,26495,6021662.096126599
20210113,033000,26488,27010,26000,26383,3854655.155125584
20210114,033000,26380,26750,25200,25210,3542281.9722358664
20210115,033000,25220,25500,24380,24500,3073034.479685847
20210116,033000,24505,25220,24000,24616,2795486.622432477
20210117,033000,24616,24800,22900,23089,2546744.458215555
20210118,033000,23116,23800,22205,22500,1879212.7487101066
20210119,033000,22490,22700,21777,21968,2063559.8318527474
20210120,033000,21967,22666,21220,22440,3734996.9250215185
20210121,033000,22439,24402,22197,23400,3211089.225208033
20210122,033000,23408,24400,23100,24075,4889971.199210057
20210123,033000,24119,24800,23300,23300,2639615.995398207
20210124,033000,23300,23850,23100,23568,1720024.103212312
20210125,033000,23550,24065,23300,23950,2703951.471788542
20210126,033000,23900,24216,23209,23850,3420390.114483755
20210127,033000,23859,24500,23762,24296,3868909.491953474
20210128,033000,24296,25050,24100,24541,4315327.266848475
20210129,033000,24535,24850,23750,23793,4071018.3210144355
20210130,033000,23798,24041,22980,23779,8650908.018809736
20210131,033000,23779,24680,23399,24319,5569368.903035826
20210201,033000,24319,25100,23890,25085,4228707.533101427
20210202,033000,25099,25110,24300,25010,5077083.733179702
20210203,033000,25010,25968,24751,24885,4483814.699489281
20210204,033000,24885,25000,24489,24600,3771728.870451648
20210205,033000,24600,24700,23750,24389,5086661.969441468
20210206,033000,24389,24600,24100,24560,3589449.850400724
20210207,033000,24554,24915,24208,24671,5317841.240669663
20210208,033000,24744,25800,24350,25500,8325734.005600065
20210209,033000,25500,26000,25000,25460,8912489.522773668
20210210,033000,25459,26357,25300,26252,10271124.934046073
20210211,033000,26260,26700,25900,26457,10165974.598066231
20210212,033000,26457,26830,26101,26701,6373061.272330394
20210213,033000,26740,27201,26673,26900,5817262.533497151
20210214,033000,26850,27400,26600,27126,6836145.44283472
20210215,033000,27200,27900,27000,27200,9688080.332538651
20210216,033000,27245,28500,26300,26731,10529578.953332864
20210217,033000,26750,27101,26650,26914,6829892.450591835
20210218,033000,26970,27147,26580,26771,5785171.149148982
20210219,033000,26774,26998,26500,26631,6468792.435818904
20210220,033000,26631,26751,25500,26201,7979824.285176408
20210221,033000,26290,26628,25877,26269,9231773.024742289
20210222,033000,26325,26890,25800,26000,9338359.757454975
20210223,033000,26000,26500,25390,26043,11672614.200072825
20210224,033000,26043,26890,25229,26353,8088541.36419427
20210225,033000,26399,27458,26000,26717,7354556.475182401
20210226,033000,26701,26930,26333,26809,4843079.8109606635
20210227,033000,26809,27401,26700,26985,5650323.219371438
20210228,033000,26918,27197,26481,26496,5054235.819611674
20210301,033000,26490,26948,25830,26099,5505400.52641981
20210302,033000,26100,26750,25865,26080,6030819.666180858
20210303,033000,26077,26350,25700,26094,3878833.8588291523
20210304,033000,26058,26197,25550,25644,4902261.536805236
20210305,033000,25640,25820,25499,25706,3759944.604667609
20210306,033000,25767,26101,25700,25750,2970785.240658263
20210307,033000,25747,25835,25200,25300,2989403.3695336166
20210308,033000,25243,25390,24510,24837,3791151.639079713
20210309,033000,24836,25300,24300,24999,4650480.91796252
20210310,033000,24999,25400,24608,24655,4962972.741065568
20210311,033000,24652,25197,24500,25170,4287839.246308775
20210312,033000,25169,25483,24434,25290,3845958.5728213214
20210313,033000,25291,25750,25108,25530,4717017.539060711
20210314,033000,25576,25589,24875,24955,5996263.3834902
20210315,033000,24913,25290,24840,25194,4677732.746003175
20210316,033000,25194,25500,25135,25379,6203550.949722519
20210317,033000,25379,25780,25325,25530,4070475.9767522365
20210318,033000,25540,25779,25404,25609,3766570.5431119236
20210319,033000,25609,25978,25400,25956,4298782.366000223
20210320,033000,25970,26500,25889,26160,2903117.142648412
20210321,033000,26165,26699,26058,26480,3069059.744654148
20210322,043000,26502,27199,26449,27196,3967039.9998114174
20210323,043000,27196,27400,26650,27350,4644081.9387705615
20210324,043000,27350,28386,27027,27324,7508629.799260443
20210325,043000,27323,27500,26500,26910,5441920.5532183675
20210326,043000,26900,28000,26620,26887,7190834.254189843
20210327,043000,26887,27360,26173,26342,4441600.3033451475
20210328,043000,26339,26530,25950,26145,3738768.8534112554
20210329,043000,26145,26589,26003,26500,3825134.4371284023
20210330,043000,26500,26589,26205,26259,4229781.51424491
20210331,043000,26249,26380,26010,26199,5384883.550831421
20210401,043000,26199,26550,26127,26385,6043554.762084179
20210402,043000,26385,26800,25999,26225,8225087.854997298
20210403,043000,26225,26377,25500,25730,6503424.847885882
20210404,043000,25790,25995,24850,25560,8208977.680090107
20210405,043000,25578,26125,25200,25950,8137601.1990720695
20210406,043000,25954,26100,25600,25800,9672636.197637597
20210407,043000,25875,26930,25800,26220,12395146.963712359
20210408,043000,26221,26705,25100,26560,11741877.572600508
20210409,043000,26560,26800,26121,26255,9267039.23783959
20210410,043000,26255,26445,26030,26228,5652311.802087958
20210411,043000,26210,26285,25800,25880,10898345.640925463
20210412,043000,25871,26102,25500,25966,13194820.687040415
20210413,043000,25966,26450,25751,26205,15139816.34818513
20210414,043000,26205,26432,25400,25999,16717106.715621097
20210415,043000,25952,26561,25555,26277,19738033.26042985
20210416,043000,26277,26501,25925,25930,14245059.695729991
20210417,043000,25930,26426,25490,25800,24775450.23610191
20210418,043000,25889,26178,25502,25610,23716191.707411826
20210419,043000,25610,26486,25555,26131,20417164.301379345
20210420,043000,26130,26877,25400,25668,21752636.032787763
20210421,043000,25668,26000,24500,25468,18099573.526510756
20210422,043000,25470,26270,25100,25145,16802581.876693267
20210423,043000,25145,25537,24750,25059,15327245.932888485
20210424,043000,25047,25530,24000,24880,17928289.879085623
20210425,043000,24880,25201,24260,24618,11194879.764896885
20210426,043000,24644,24955,24360,24660,7834295.926741162
20210427,043000,24697,24807,24350,24683,15012952.130786441
20210428,043000,24683,25220,24090,24398,17311348.582851827
20210429,043000,24390,24563,23987,24328,10968356.173848044
20210430,043000,24323,24450,24050,24172,7848413.707130237
20210501,043000,24199,24314,23600,23750,7479983.546101087
20210502,043000,23751,23871,23008,23080,8734140.894971216
20210503,043000,23080,23250,22406,22671,11029478.263262741
20210504,043000,22669,22937,22340,22455,9208015.794914186
20210505,043000,22455,23006,21500,22188,14905193.044692652
20210506,043000,22180,22343,21194,21579,19778536.588659
20210507,043000,21650,22400,21215,22160,20109143.860165924
20210508,043000,22196,22870,22000,22345,14016060.795634931
20210509,043000,22370,22770,22220,22420,20649101.04472141
20210510,043000,22420,23004,22350,22740,19683579.3106349
20210511,043000,22706,23350,22383,23296,17663942.002735697
20210512,043000,23296,24190,23250,23488,20066447.731533743
20210513,043000,23490,24101,23156,24068,16281893.49859127
20210514,043000,24070,25100,24000,24844,17416508.064688362
20210515,043000,24838,24838,23240,23300,11645279.203321297
20210516,043000,23299,24307,22645,23908,11910078.229994262
20210517,043000,23905,24400,23077,24200,12979039.858116068
20210518,043000,24200,25250,22371,23541,19805170.7533869
20210519,043000,23550,23950,22797,23329,11406508.697726026
20210520,043000,23320,24542,23008,24040,18004656.82217354
20210521,043000,24059,25195,23710,24180,15556597.751628138
20210522,043000,24180,24515,23871,24351,8930495.525972543
20210523,043000,24351,24884,23600,23989,11020677.806460371
20210524,043000,23987,24409,23601,23995,12444300.599298578
20210525,043000,23995,24786,23520,24066,11903930.55745484
20210526,043000,24095,24491,23137,23870,11393249.269988315
20210527,043000,23870,24218,23472,24035,9496606.674910255
20210528,043000,24037,24345,23901,24079,7870773.515776631
20210529,043000,24065,24506,23950,24348,9012722.849964656
20210530,043000,24348,24900,24203,24848,8063321.650102651
20210531,043000,24846,25230,24366,24450,7720542.624086066
20210601,043000,24450,24800,23814,23960,9279736.319546714
20210602,043000,23960,24397,23626,24100,7936106.353417761
20210603,043000,24100,24220,23612,23904,10554279.719388545
20210604,043000,23905,24487,23700,24321,8122993.902706664
20210605,043000,24302,24620,23966,24438,10219834.885410449
20210606,043000,24440,24630,24150,24433,5664805.841364808
20210607,043000,24433,24596,24200,24330,3209261.659431185
20210608,043000,24358,24519,24180,24434,6060820.244925171
20210609,043000,24435,24680,24099,24408,10332838.534467328
20210610,043000,24400,24518,23952,24070,7626872.393887764
20210611,043000,24070,24225,23905,24145,5008602.3244519755
20210612,043000,24154,24289,23883,24063,5584859.51757263
20210613,043000,24063,24339,23773,23816,7342076.219526878
20210614,043000,23838,24100,23772,23895,4581652.79476057
20210615,043000,23895,24040,23710,23848,5827556.004566772
20210616,043000,23848,24033,23651,24000,4542135.170984785
20210617,043000,24000,24499,23923,24320,5962550.023498364
20210618,043000,24321,24780,24205,24629,3995058.418499296
20210619,043000,24629,24795,24500,24720,3759655.3463295507
20210620,043000,24714,24748,23780,23870,5882726.602206455
20210621,043000,23870,24049,23310,23937,7891889.616174353
20210622,043000,23937,24645,23560,24550,9411819.752558071
20210623,043000,24519,24800,24308,24514,9337242.61000985
20210624,043000,24513,24650,24150,24285,6917892.969104246
20210625,043000,24285,24390,24000,24140,5944330.993571441
20210626,043000,24140,24550,23852,24405,8188755.475184786
20210627,043000,24406,24750,24292,24530,5000536.804382679
20210628,043000,24500,24609,22497,24547,4885849.44472773
20210629,043000,24502,24608,24115,24440,9068911.495854951
20210630,043000,24440,24999,24304,24740,7918606.566005973
20210701,043000,24739,25095,24406,24965,7521254.559744993
20210702,043000,24965,25200,24850,25190,5001612.43838467
20210703,043000,25190,25550,25075,25390,4251570.918730778
20210704,043000,25380,25424,24975,25179,4212693.235058801
20210705,043000,25179,25294,25110,25135,3956764.7242912147
20210706,043000,25135,25395,25000,25172,6003896.278252848
20210707,043000,25177,25290,25102,25211,3650907.67287801
20210708,043000,25218,25266,25049,25079,3711249.6172828698
20210709,043000,25079,25382,25059,25337,5891562.556422912
20210710,043000,25330,25479,25050,25101,3806951.837700853
20210711,043000,25129,25170,25010,25020,3650463.79322269
20210712,043000,25050,25100,24826,24909,2682673.178096081
20210713,043000,24909,25098,24770,25000,3818612.3939806065
20210714,043000,25028,25201,24856,24960,3777939.3844115157
20210715,043000,24998,25139,24671,24866,4547091.0020797895
20210716,043000,24880,25099,24800,25012,3229843.384243617
20210717,043000,25010,25080,24863,24930,2725450.563968271
20210718,043000,24930,25067,24700,24750,3469438.42964938
20210719,043000,24750,24835,24505,24661,4157041.5971024185
20210720,043000,24700,24999,24533,24771,3811444.1062460802
20210721,043000,24826,25099,24752,24780,4347192.230958878
20210722,043000,24780,24934,24633,24738,4899455.406080282
20210723,043000,24715,24800,24462,24638,4016814.426916149
20210724,043000,24638,24886,24520,24637,3725992.18426655
20210725,043000,24637,24774,24507,24577,5091259.080575698
20210726,043000,24560,24830,24549,24740,3440186.3433296485
20210727,043000,24773,24800,24196,24725,10027633.581269851
20210728,043000,24727,25050,24651,24970,5887545.270199783
20210729,043000,24969,25200,24750,25008,6386287.729397798
20210730,043000,25012,25437,25005,25360,4304829.928925236
20210731,043000,25360,25592,25045,25372,4932392.991639358
20210801,043000,25372,25445,24900,25344,7955638.477669987
20210802,043000,25344,25599,25008,25555,6140157.95378304
20210803,043000,25565,25918,25501,25659,4836053.914958776
20210804,043000,25659,25987,25607,25859,4509055.451324601
20210805,043000,25859,25941,25702,25724,4251000.636777212
20210806,043000,25723,26065,25603,25621,6155839.585909573
20210807,043000,25648,25760,25327,25327,5071199.145238956
20210808,043000,25327,25480,25120,25261,9962825.947473858
20210809,043000,25259,25695,25053,25260,9062333.950150844
20210810,043000,25260,25950,25256,25799,8312259.034724861
20210811,043000,25799,26590,25713,26471,6480569.963639933
20210812,043000,26488,27119,26055,26974,8859182.010895634
20210813,043000,26974,27660,25743,26950,12306434.43577252
20210814,043000,26969,27152,26655,26750,5387951.446127973
20210815,043000,26750,26820,26287,26460,11814456.91553556
20210816,043000,26455,27350,25990,27143,11792165.830266025
20210817,043000,27140,27888,26749,27840,11545836.922067542
20210818,043000,27803,28346,27657,28295,11672267.39618874
20210819,043000,28294,28960,27656,28120,12407990.16302945
20210820,043000,28120,28387,27956,28007,6466426.47259955
20210821,043000,28010,28084,27500,27610,7122141.666089665
20210822,043000,27620,27751,27450,27519,6342251.502812827
20210823,043000,27489,27897,27235,27651,7189790.698050328
20210824,043000,27660,27848,27301,27541,9850343.627215425
20210825,043000,27551,28236,27508,28115,11569990.541758578
20210826,043000,28115,28450,28102,28216,9291977.344370656
20210827,043000,28268,28645,28103,28202,8102021.375760451
20210828,043000,28203,28439,28153,28295,4356930.575495436
20210829,043000,28290,28305,27760,27916,7591460.115440385
20210830,043000,27939,28139,27610,27768,7616184.487059678
20210831,043000,27765,27885,27206,27410,6719028.038403534
20210901,043000,27410,27750,27145,27345,7984964.0740130395
20210902,043000,27345,27700,27150,27220,5978060.350352438
20210903,043000,27211,27489,26952,27293,8194676.352389303
20210904,043000,27293,27495,27161,27214,6523578.680710553
20210905,043000,27214,27435,27013,27272,6517748.333334397
20210906,043000,27280,27400,26985,27085,7172659.506336225
20210907,043000,27085,27325,26946,27218,8234596.326092034
20210908,043000,27222,28485,27172,28258,18435643.079939105
20210909,043000,28231,28499,28003,28448,8982124.913638879
20210910,043000,28448,28537,28211,28461,5743819.3569892645
20210911,043000,28469,28629,28067,28512,7152095.759288386
20210912,043000,28512,28696,28210,28266,7969522.272546668
20210913,043000,28266,28419,27694,27710,6524796.095976901
20210914,043000,27706,28157,27501,28028,8785930.277890578
20210915,043000,28027,28145,27750,27800,5304880.28980315
20210916,043000,27819,27967,27626,27660,5427978.907093858
20210917,043000,27664,27822,27530,27775,4316359.47589363
20210918,043000,27775,28070,27600,27961,5845755.126776308
20210919,043000,27930,28100,27593,27722,4906452.448154924
20210920,043000,27722,27913,27700,27790,4685377.368074571
20210921,043000,27790,28306,27747,28104,10015205.282211212
20210922,033000,28106,28497,28000,28040,7862956.372815121
20210923,033000,28040,28297,27786,27792,6438715.419052297
20210924,033000,27792,28110,27780,27994,4610811.4922733465
20210925,033000,27994,28444,27830,28180,6832952.348641329
20210926,033000,28180,28292,28070,28215,4172491.841107473
20210927,033000,28126,28486,28126,28278,5671500.781176095
20210928,033000,28220,28382,28150,28263,3540838.6568256146
20210929,033000,28263,28645,28195,28532,5923780.872037932
20210930,033000,28532,28822,28300,28747,4737529.314477857
20211001,033000,28748,28794,28244,28410,5802268.852138677
20211002,033000,28410,28519,27944,28000,8457277.89932941
20211003,033000,28000,28088,27650,27720,7150520.663556074
20211004,033000,27720,28023,27715,27936,4533884.707220204
20211005,033000,27934,28436,27934,28086,6335168.880093468
20211006,033000,28087,28426,28014,28202,5136184.721799429
20211007,033000,28211,28350,27852,27959,9222208.000038764
20211008,033000,27959,28200,27840,27936,7178897.966602656
20211009,033000,27896,28151,27862,27964,4269868.713427947
20211010,033000,27960,28047,27488,27645,6525237.633982946
20211011,033000,27578,27819,27520,27680,5607064.710373188
20211012,033000,27679,27858,27424,27480,7577525.196430651
20211013,033000,27513,27654,27140,27220,7476750.397096076
20211014,033000,27180,27389,27115,27224,6032454.645000278
20211015,033000,27224,27310,26840,27000,6666145.309736643
20211016,033000,26990,27500,26900,27080,5601585.853412849
20211017,033000,27099,27186,26846,27015,6685662.873973305
20211018,033000,27012,27300,27010,27299,5416934.826957769
20211019,033000,27300,27405,26999,27251,6963139.177720462
20211020,033000,27285,27430,27178,27399,5431824.23506039
20211021,033000,27389,27497,27022,27075,8631082.41453058
20211022,033000,27075,27499,26953,27490,8062598.861039966
20211023,033000,27497,27652,27391,27500,5830959.671014412
20211024,033000,27501,27721,27431,27646,5031418.7781301
20211025,033000,27646,27700,27463,27541,5760657.637442215
20211026,033000,27557,27620,27323,27424,6846159.385383688
20211027,033000,27425,27749,27250,27395,7397121.25315813
20211028,033000,27391,28222,27377,27901,17239505.05079517
20211029,033000,27902,28149,27223,27540,15877198.181281144
20211030,033000,27540,27800,27432,27598,7190467.592599898
20211031,033000,27597,27810,27499,27621,7498819.159523196
20211101,033000,27634,27848,27601,27765,8565279.795052113
20211102,033000,27760,27979,27683,27750,7273181.180574613
20211103,033000,27750,27805,27599,27658,6949807.475983962
20211104,033000,27660,28006,27594,27854,8356368.753779526
20211105,033000,27854,28150,27825,28117,10005732.009039793
20211106,033000,28110,28293,27915,28216,6305323.144628939
20211107,033000,28215,28290,27936,28170,9461010.983589878
20211108,033000,28172,28219,28031,28130,6288855.643129143
20211109,033000,28130,28168,27803,27938,9357634.260660704
20211110,033000,27941,28213,27785,28172,9175145.507713329
20211111,033000,28197,28877,28152,28840,9559312.187874943
20211112,033000,28849,29770,28700,28873,16539052.114541877
20211113,033000,28875,29279,28860,29099,9916626.56197696
20211114,033000,29100,29200,28950,29010,6901097.963093373
20211115,033000,29037,29090,28700,28888,7144046.106771382
20211116,033000,28880,28944,28370,28550,8011050.59993648
20211117,033000,28550,29250,28517,28894,14827967.833752278
20211118,033000,28894,29411,28854,28989,8977252.738299197
20211119,033000,28988,29296,28752,28921,9620135.791595781
20211120,033000,28923,29097,28862,28906,5940474.794838924
20211121,033000,28906,28997,28542,28679,7016608.35025623
20211122,033000,28679,28938,28600,28800,6624363.562914182
20211123,033000,28810,29200,28790,29050,8956242.509337524
20211124,033000,29050,29199,28991,29119,7502464.452126547
20211125,033000,29080,29697,29050,29622,7594078.776924085
20211126,033000,29622,29743,29001,29341,6782400.960894654
20211127,033000,29343,30349,29343,30240,12817657.847570257
20211128,033000,30184,30448,29697,29745,7533991.966030568
20211129,033000,29750,30201,29750,30073,7506083.383413526
20211130,033000,30103,30171,29000,29405,7614883.017225649
20211201,033000,29436,29650,28947,29280,8903529.064465376
20211202,033000,29285,29600,29196,29590,5681953.82360102
20211203,033000,29590,30069,29590,29900,6557849.240361161
20211204,033000,29900,30600,29753,30585,6148577.303335048
20211205,033000,30580,33000,30361,31650,19027492.28405201
20211206,033000,31657,32034,31309,31427,8273129.354053989
20211207,033000,31431,31970,31262,31267,8341021.1134667015
20211208,033000,31275,31484,30800,30900,9406944.28610345
20211209,033000,30853,31267,30793,30853,5650522.428805204
20211210,033000,30852,31557,30771,31445,7132862.143714164
20211211,033000,31445,31891,31330,31569,7972998.8048080895
20211212,033000,31586,31950,30816,30898,6817425.898712422
20211213,033000,30898,31049,30395,30400,5514854.190147471
20211214,033000,30391,30850,30098,30225,8793741.701494899
20211215,033000,30225,30550,29870,30480,8232737.302988766
20211216,033000,30455,30646,30190,30210,5722261.668382414
20211217,033000,30287,30497,30089,30462,4623766.763786645
20211218,033000,30462,31070,30428,30774,7398086.794571656
20211219,033000,30772,30900,30220,30250,5019643.162731963
20211220,033000,30249,30350,30101,30202,3713734.904120239
20211221,033000,30203,30497,30138,30208,4675544.450559539
20211222,033000,30208,30276,29910,30010,6533302.722891519
20211223,033000,30010,30133,29806,29993,6530329.163287386
20211224,033000,29991,30170,29850,29960,5736982.663773866
20211225,033000,29960,30388,29800,30241,5491315.646482636
20211226,033000,30241,30434,30000,30008,3912233.2033040016
20211227,033000,30010,30155,29961,30000,4373023.703628626
20211228,033000,30014,30101,29880,29922,4868956.21026443
20211229,033000,29940,30297,29801,30066,11822739.460395992
20211230,033000,30066,30197,29942,30070,6819187.740631256
20211231,033000,30070,30488,30070,30355,5662486.728847196
20220101,033000,30345,30440,30202,30419,4475127.922496897
20220102,033000,30419,30480,30003,30035,4527747.889487564
20220103,033000,30035,30093,29760,29800,4670603.276416042
20220104,033000,29800,29898,29450,29700,4595760.3367797015
20220105,033000,29720,29790,29249,29285,5192106.050238381
20220106,033000,29285,29400,28750,29347,5191384.584783315
20220107,033000,29348,29900,29253,29711,7659529.458914851
20220108,033000,29711,30060,29307,29313,6023472.633655437
20220109,033000,29313,29397,28530,28700,6705204.939105294
20220110,033000,28700,28950,27830,28080,6441006.247513421
20220111,033000,28060,28825,27871,28540,5775140.217022517
20220112,033000,28538,28648,28221,28460,4464775.685458819
20220113,033000,28473,28760,28120,28203,5766565.42638379
20220114,033000,28203,28690,28161,28354,4188439.527679512
20220115,033000,28448,28547,28100,28298,4359005.793171184
20220116,033000,28262,28380,27851,28035,4558602.267710833
20220117,033000,27990,28118,27802,27817,3866810.311770017
20220118,033000,27832,28117,27525,27775,5230003.941035457
20220119,033000,27775,28046,27535,27970,4819380.543431504
20220120,033000,27970,28228,27826,28088,4632168.032936596
20220121,033000,28093,28199,27920,28090,3471556.110284485
20220122,033000,28090,29100,28080,28507,8756880.071986174
20220123,033000,28500,28999,28402,28667,8056287.294653444
20220124,033000,28670,29250,28500,28830,6568139.0586420875
20220125,033000,28820,29280,28721,28902,7435388.611409513
20220126,033000,28900,29095,28500,28505,6015506.2598803565
20220127,033000,28575,28720,28160,28685,6298316.054097777
20220128,033000,28681,28984,28551,28761,7112566.808146918
20220129,033000,28792,28840,28619,28700,4199081.590051299
20220130,033000,28700,28705,28305,28306,5377634.768829151
20220131,033000,28330,28493,28100,28364,3742023.890332547
20220201,033000,28364,28599,28060,28070,5143361.494337138
20220202,033000,28063,28169,27897,27897,4649465.185752513
20220203,033000,27897,27997,27695,27845,4959933.156087171
20220204,033000,27844,28045,27781,27876,5065102.275492082
20220205,033000,27876,27929,27290,27423,5213538.857679272
20220206,033000,27423,27490,26029,26325,9000146.564344224
20220207,033000,26325,26764,26110,26350,6069881.521455118
20220208,033000,26350,26765,26094,26392,9176022.08995327
20220209,033000,26392,26736,26300,26500,7384369.668783702
20220210,033000,26553,26730,26381,26440,5793540.571370476
20220211,033000,26440,26697,26405,26668,5148034.289024193
20220212,033000,26669,27060,26651,26988,6297722.352243154
20220213,033000,26988,27065,26656,26850,5131746.205991541
20220214,033000,26850,27128,26752,26900,5529506.523810367
20220215,033000,26900,27350,26851,27262,4883484.03095028
20220216,033000,27262,27280,26651,26685,4463321.701501291
20220217,033000,26685,26891,26500,26643,4141158.444644677
20220218,033000,26645,26840,26451,26669,7728269.110848584
20220219,033000,26670,26850,26502,26549,6077405.669428992
20220220,033000,26548,26578,26020,26100,4581225.160770897
20220221,033000,26084,26387,25800,26011,5349155.39093528
20220222,033000,26011,26300,25810,26220,4833306.2794455765
20220223,033000,26224,26700,26220,26362,6173093.680740799
20220224,033000,26362,26400,26000,26075,5285426.2416246245
20220225,033000,26075,26800,26045,26310,9491390.628835112
20220226,033000,26310,26549,26121,26408,3975204.8418558678
20220227,033000,26408,26492,26160,26378,4594719.167845677
20220228,033000,26378,26800,26320,26693,4224745.625108454
20220301,033000,26693,26889,26253,26320,7727508.782743514
20220302,033000,26325,26370,25999,26106,6991932.985394832
20220303,033000,26126,26300,26045,26242,5250658.598593246
20220304,033000,26291,26430,26153,26191,6400722.637171436
20220305,033000,26191,26470,26160,26350,5662869.2422579145
20220306,033000,26351,26460,25850,25938,6762821.092293565
20220307,033000,25938,26030,25513,25698,5712940.193586456
20220308,033000,25699,26248,25650,26196,5289392.191731157
20220309,033000,26196,26280,26000,26037,4708634.91325527
20220310,033000,26028,26197,25586,25719,5476890.753131345
20220311,033000,25719,26139,25622,26010,5905091.268117135
20220312,033000,26002,26400,25910,26244,4177720.50151806
20220313,033000,26235,26349,26010,26055,3793434.9176029195
20220314,033000,26055,26438,26006,26385,4608851.418276772
20220315,033000,26380,26590,26150,26369,4573593.339673665
20220316,033000,26341,26519,26000,26067,5777344.234651151
20220317,033000,26025,26169,25561,25565,6764310.306114459
20220318,033000,25574,25827,25500,25779,5734150.613732219
20220319,033000,25768,26050,25651,25775,3971818.0967141376
20220320,033000,25775,25840,25473,25583,7542631.573948237
20220321,033000,25583,25959,25583,25944,3781662.410166749
20220322,043000,25928,26095,25853,25969,3233160.049803515
20220323,043000,25969,26094,25730,25905,3549876.8109073285
20220324,043000,25905,26100,25800,25985,3837774.2298526964
20220325,043000,25985,26042,25800,25872,4590712.512933463
20220326,043000,25855,26101,25850,26085,4092420.8601747914
20220327,043000,26098,26130,25972,26050,3057564.5592910917
20220328,043000,26050,26120,25900,26052,3708597.01537891
20220329,043000,26053,26213,25702,26039,9743423.891315626
20220330,043000,26046,26976,26032,26806,7308643.012552843
20220331,043000,26806,27091,26630,26839,5834895.626841869
20220401,043000,26839,27500,26635,27460,6825715.004756138
20220402,043000,27450,27800,27271,27371,5377675.515308554
20220403,043000,27371,27450,27128,27295,3487033.460444032
20220404,043000,27271,27504,27000,27050,5134364.946590118
20220405,043000,27050,27489,26900,27295,6308342.461082458
20220406,043000,27295,27399,27080,27188,7435925.420223104
20220407,043000,27188,27800,27188,27700,9058741.051000765
20220408,043000,27680,28000,27601,27836,5464045.555571484
20220409,043000,27836,27980,27725,27848,3217255.089207062
20220410,043000,27802,27984,27750,27866,3866351.759976784
20220411,043000,27867,27950,27648,27749,4686103.653320257
20220412,043000,27749,28450,27737,28338,7020020.9484731825
20220413,043000,28337,28655,27500,27710,11743659.845074063
20220414,043000,27700,27940,27451,27780,5851481.974175863
20220415,043000,27779,27900,27600,27850,3919533.97279551
20220416,043000,27850,27948,27700,27784,3004818.7169715646
20220417,043000,27782,27919,27620,27810,3667690.8861107496
20220418,043000,27850,27990,27772,27909,3218236.329379636
20220419,043000,27909,28400,27823,27899,6869104.303415377
20220420,043000,27876,27999,27616,27632,5042925.508171742
20220421,043000,27633,27840,27508,27731,5534664.078312767
20220422,043000,27731,27986,27651,27974,5029670.787521553
20220423,043000,27900,28351,27876,28200,5681874.067210648
20220424,043000,28157,28389,28100,28141,3103835.1251065456
20220425,043000,28142,28250,28000,28046,3379634.4479793753
20220426,043000,28046,28300,27710,27715,7644058.929132726
20220427,043000,27717,28200,27605,28190,9443737.812130406
20220428,043000,28190,28500,28120,28456,6149389.266478192
20220429,043000,28456,28500,28230,28320,3635298.444724153
20220430,043000,28330,28700,28320,28585,4802275.512898575
20220501,043000,28584,28750,28462,28650,5588045.298320325
20220502,043000,28650,29300,28602,28783,6079146.1239864435
20220503,043000,28788,28935,28601,28900,3910683.865588344
20220504,043000,28900,28944,28655,28882,2777198.6203082716
20220505,043000,28882,28944,28260,28265,4505294.3631315725
20220506,043000,28264,29000,27930,28973,10794588.680045383
20220507,043000,28979,29173,28780,28831,4992727.63603647
20220508,043000,28831,29050,28650,28798,4254283.071206673
20220509,043000,28818,29145,28775,28876,5401596.187115191
20220510,043000,28876,29698,28876,29646,7410447.748007861
20220511,043000,29644,30040,29530,29980,8236588.521109468
20220512,043000,29977,31660,29977,31315,13801897.20251633
20220513,043000,31350,32420,31302,31826,13553245.460816905
20220514,043000,31826,32099,30420,30854,8641044.011234889
20220515,043000,30950,31030,30570,30940,5794194.022292575
20220516,043000,30941,31200,30641,30960,4492751.590592156
20220517,043000,30960,31245,30800,31090,5010755.41895114
20220518,043000,31090,31230,30500,30615,5073413.546521158
20220519,043000,30620,30800,30440,30665,5350430.80084113
20220520,043000,30665,30900,30506,30563,4647112.55329263
20220521,043000,30563,30722,30350,30647,3755764.445244907
20220522,043000,30641,30720,30300,30320,4800277.084131711
20220523,043000,30323,30460,30105,30231,4516608.082177786
20220524,043000,30231,30391,29820,30334,6329772.941465199
20220525,043000,30362,30843,30306,30600,6215728.771202989
20220526,043000,30600,30754,30425,30595,3822568.038958233
20220527,043000,30565,31190,30461,30850,6242742.14716938
20220528,043000,30850,31419,30850,31392,5147314.964427141
20220529,043000,31392,31419,30850,30860,3592238.1963059674
20220530,043000,30892,31090,30650,30898,4308086.9436630495
20220531,043000,30897,30998,30410,30848,7488900.483813817
20220601,043000,30851,31295,30601,31176,6456440.218302771
20220602,043000,31176,32000,30900,31996,6855672.380307641
20220603,043000,31997,32200,31830,32040,4870893.709650177
20220604,043000,32040,32380,31903,32228,4146034.3019603947
20220605,043000,32263,32500,32107,32150,3038722.828653102
20220606,043000,32150,32250,31907,31920,2312741.221092967
20220607,043000,31950,32000,31400,31673,6118574.483988212
20220608,043000,31673,32196,31610,31921,5444124.450958205
20220609,043000,31919,32049,31670,32018,5002057.830623065
20220610,043000,32018,32330,31978,32220,4046502.5144784264
20220611,043000,32229,32850,32187,32634,4888528.967212469
20220612,043000,32647,33160,32350,33118,5599138.263615144
20220613,043000,33118,33859,33100,33409,6515776.68433645
20220614,043000,33410,34000,33300,33491,9799678.392733537
20220615,043000,33491,33880,32600,32714,7626769.1566494685
20220616,043000,32799,33400,31901,31929,8589492.868807415
20220617,043000,31912,32585,31548,32420,7536330.520971505
20220618,043000,32420,32966,32420,32680,3503585.373795739
20220619,043000,32680,33239,32400,32735,5756831.519663329
20220620,043000,32743,32949,32034,32063,5656013.341845838
20220621,043000,32063,32299,31750,31923,5797424.183321516
20220622,043000,31925,32089,31763,31960,6401512.959965224
20220623,043000,31960,32595,31910,32429,5618802.835009467
20220624,043000,32432,32685,32358,32635,3951214.218955795
20220625,043000,32635,32684,32008,32141,4978671.338139429
20220626,043000,32142,32151,31831,32079,5922343.051978292
20220627,043000,32079,32130,31612,31682,6916611.309436663
20220628,043000,31682,31890,30552,30938,7228255.280195471
20220629,043000,30938,31100,30670,30990,4914513.6404114505
20220630,043000,30999,31770,30951,31767,5271278.818741541
20220701,043000,31760,32800,31720,32545,6510338.758653847
20220702,043000,32545,32700,32023,32400,4174616.6784519097
20220703,043000,32458,32800,32311,32544,4124332.759096362
20220704,043000,32544,32730,32101,32140,4707161.866748356
20220705,043000,32140,32298,31660,31776,5812921.246525224
20220706,043000,31778,32145,31350,31845,6788218.99310491
20220707,043000,31845,31943,31610,31702,4284148.13419091
20220708,043000,31738,31841,31500,31547,5343680.554416985
20220709,043000,31522,31749,31301,31610,5517974.444731069
20220710,043000,31600,31719,31507,31695,4201824.01079656
20220711,043000,31698,32198,31652,32120,4423201.375051309
20220712,043000,32117,32500,32000,32448,4907030.335609918
20220713,043000,32435,32700,32405,32610,5692520.035912893
20220714,043000,32610,32900,32451,32504,6049357.824305035
20220715,043000,32480,32699,32300,32305,6105201.172074783
20220716,043000,32305,32478,32068,32128,5011042.284060924
20220717,043000,32130,32543,32003,32050,6107514.004278465
20220718,043000,32050,32360,32000,32250,5423450.341462852
20220719,043000,32206,32387,31901,32121,7438367.725269189
20220720,043000,32120,32279,31911,32050,7669464.748975242
20220721,043000,32077,32280,31981,32222,6760401.191914602
20220722,043000,32215,32449,32150,32360,5574639.832767389
20220723,043000,32360,32500,32229,32493,4233121.093225116
20220724,043000,32493,32699,32356,32635,6035350.651671104
20220725,043000,32689,32748,32400,32455,5674821.242707505
20220726,043000,32455,32805,32400,32779,9172427.149792327
20220727,043000,32770,32995,32616,32698,7407711.145713325
20220728,043000,32698,32900,32420,32430,6544892.608960668
20220729,043000,32430,32495,32004,32073,10086428.150129972
20220730,043000,32072,32314,31913,32072,7361800.947600343
20220731,043000,32072,32147,31800,31892,6149876.930600677
20220801,043000,31900,32150,31860,31990,4952908.52245284
20220802,043000,31994,32297,31935,32230,6023083.326468933
20220803,043000,32230,32400,32070,32110,5640303.093606448
20220804,043000,32110,32284,31620,31775,6271873.512312365
20220805,043000,31789,32000,31681,31936,4007734.3256420223
20220806,043000,31932,32014,31500,31604,4443873.022612607
20220807,043000,31593,31714,31200,31590,5185430.996144227
20220808,043000,31590,31850,31529,31590,2778875.4448757893
20220809,043000,31590,31660,31251,31511,5339382.463024849
20220810,043000,31511,31900,31411,31770,8016001.37800489
20220811,043000,31790,31950,30842,31027,9882615.659480195
20220812,043000,31030,31185,30815,30970,5875260.573028415
20220813,043000,30970,31262,30917,30945,3939592.7202100186
20220814,043000,30944,31020,30315,30420,7002748.909745376
20220815,043000,30355,30549,29475,30266,9145389.239107033
20220816,043000,30300,30549,30032,30291,6878588.668831534
20220817,043000,30266,30480,30105,30319,5010836.664928804
20220818,043000,30320,30435,30001,30270,5522760.142654755
20220819,043000,30270,30443,30100,30150,3508883.354109814
20220820,043000,30163,30599,30112,30340,7141793.494871205
20220821,043000,30340,30500,28521,28644,7314124.865527014
20220822,043000,28644,29600,28500,29419,5820566.59407957
20220823,043000,29410,30026,29322,29639,4758342.258146026
20220824,043000,29639,29780,29205,29420,3998119.9500173647
20220825,043000,29430,29630,29252,29510,4488423.560358949
20220826,043000,29512,30000,29500,29877,4687781.687966114
20220827,043000,29877,30577,29800,30439,4451529.065096591
20220828,043000,30470,30928,30351,30458,6034610.283515101
20220829,043000,30458,30635,30077,30164,4260671.750353069
20220830,043000,30164,30600,30130,30245,4096650.420393579
20220831,043000,30242,30395,30001,30350,4190176.1470598914
20220901,043000,30350,30361,30015,30185,4697413.155381921
20220902,043000,30175,30443,30150,30348,3936386.165492346
20220903,043000,30348,30419,30136,30414,4234404.018888666
20220904,043000,30414,30434,30201,30311,3137255.7951775463
20220905,043000,30311,30500,30252,30345,3558273.104785649
20220906,043000,30350,30435,30256,30283,4125127.4872579924
20220907,043000,30283,30670,30013,30655,6071025.272505568
20220908,043000,30659,31199,30606,30738,6321035.8545616865
20220909,043000,30738,30748,30425,30547,4269157.734061755
20220910,043000,30547,30637,30050,30224,7454516.235008809
20220911,043000,30250,30449,30050,30300,6041374.623602228
20220912,043000,30291,30725,30201,30686,5142035.233730521
20220913,043000,30687,31573,30614,31480,5835901.389672921
20220914,043000,31480,32299,31394,32250,6357896.405036551
20220915,043000,32241,32310,31791,32132,5675143.017885141
20220916,043000,32085,32878,32010,32649,5430326.612181609
20220917,043000,32649,33148,32538,32760,4926141.222952541
20220918,043000,32770,32820,32411,32470,2677752.435199188
20220919,043000,32462,32720,32331,32450,4157194.2042610142
20220920,043000,32500,33201,32450,32501,7827247.421822798
20220921,043000,32501,32600,32200,32336,3683177.4886064995
20220922,033000,32336,32470,32001,32224,3293749.9073102684
20220923,033000,32200,32510,32015,32155,2634069.141892588
20220924,033000,32148,32500,32051,32229,2172690.879176985
20220925,033000,32229,32295,31815,31988,3840726.8575687623
20220926,033000,31922,32305,31921,32289,1545585.4143752123
20220927,033000,32273,32478,32200,32220,2734094.4407111774
20220928,033000,32221,32443,32000,32232,3445612.6629019035
20220929,033000,32299,32600,32190,32199,3761338.3431585818
20220930,033000,32199,32588,32199,32504,2802505.2939230325
20221001,033000,32504,32590,32410,32437,2828155.1174518457
20221002,033000,32436,33200,32380,33135,3788895.1693493766
20221003,033000,33158,33479,32772,33250,3540903.09211774
20221004,033000,33249,33740,33229,33330,3419180.027307861
20221005,033000,33336,33493,32952,33013,4098758.284759955
20221006,033000,33013,33300,32970,33016,2560183.8652377794
20221007,033000,33015,33100,32750,33060,3066258.581012791
20221008,033000,33060,33360,33060,33204,2532133.4831088376
20221009,033000,33248,33280,33016,33066,2374677.3746273317
20221010,033000,33070,33280,32821,32910,2866726.258563647
20221011,033000,32915,33197,32809,33015,3399534.67592436
20221012,033000,33015,33500,33004,33214,4194998.92246068
20221013,033000,33214,33320,33080,33100,2379717.6659347583
20221014,033000,33101,33689,33101,33355,4284232.849770186
20221015,033000,33398,33495,33150,33163,3045784.8893613555
20221016,033000,33163,33368,33158,33255,2329526.9827931314
20221017,033000,33270,33480,33227,33380,2248849.006695279
20221018,033000,33372,33499,33205,33252,2892929.0342711373
20221019,033000,33245,33395,33202,33250,2603957.408691865
20221020,033000,33217,33340,33215,33298,2494730.390821685
20221021,033000,33248,33469,33248,33434,2984102.129366479
20221022,033000,33400,33600,33300,33306,2915082.4149240493
20221023,033000,33306,33400,33201,33213,2923992.2217467586
20221024,033000,33228,33292,33120,33154,2849842.647286959
20221025,033000,33153,33250,33011,33136,2984106.782795171
20221026,033000,33136,33280,32702,32770,5087334.496640805
20221027,033000,32792,32983,32750,32823,4633913.679985968
20221028,033000,32823,33090,32656,33006,4782957.030454358
20221029,033000,33006,33186,32730,32776,3680773.8225273695
20221030,033000,32732,33014,32663,32671,7011317.653735643
20221031,033000,32664,33189,32664,32956,5126890.755684265
20221101,033000,33000,33500,32957,33433,4684357.95362536
20221102,033000,33434,33959,33046,33902,7367432.6444437755
20221103,033000,33902,35590,33901,35449,7893221.860826902
20221104,033000,35439,35550,34910,35441,4850965.493275154
20221105,033000,35365,36050,35025,35351,7721291.261122905
20221106,033000,35360,36182,35100,36008,8958850.755800795
20221107,033000,36020,36138,35404,35945,5957481.562235118
20221108,033000,35945,36845,35864,36594,7111392.936331566
20221109,033000,36593,38380,35828,37250,13948696.87957435
20221110,033000,37250,37900,36500,37010,12154012.036969835
20221111,033000,37055,38000,36004,36311,9617847.961046359
20221112,033000,36311,36800,36001,36353,4377056.181151512
20221113,033000,36355,36919,35812,35919,6152109.155886366
20221114,033000,35909,36450,35842,36299,5198618.1903601
20221115,033000,36295,36900,36151,36516,6379318.513077207
20221116,033000,36516,36593,36101,36196,3838563.0616922015
20221117,033000,36190,36300,35995,36113,5151819.535404007
20221118,033000,36113,36300,35820,35899,4495888.373146405
20221119,033000,35900,36060,35730,35768,2227395.3312370665
20221120,033000,35780,36000,35610,35628,2979672.423589662
20221121,033000,35622,35999,35600,35839,3237895.0909836274
20221122,033000,35830,36190,35725,36044,4155690.0185281127
20221123,033000,36044,36144,35831,35846,3332167.232826562
20221124,033000,35875,35996,35712,35788,3327446.7970511364
20221125,033000,35788,35945,35700,35900,2515312.9670606647
20221126,033000,35900,35980,35778,35781,1977051.237232204
20221127,033000,35781,35944,35590,35918,3661143.189850371
20221128,033000,35900,36199,35820,36057,3613139.6134457667
20221129,033000,36057,36700,36034,36589,4470871.353040859
20221130,033000,36550,36642,36230,36320,3228775.6435364326
20221201,033000,36320,36563,36000,36467,4011770.665697177
20221202,033000,36467,36670,36261,36511,3088136.29945499
20221203,033000,36511,36744,36508,36600,2327214.942645909
20221204,033000,36600,36637,36339,36374,2657623.816751303
20221205,033000,36375,36640,36318,36585,2749605.352263272
20221206,033000,36585,36698,36380,36692,3802017.713062319
20221207,033000,36692,36700,36550,36649,3113817.8131530974
20221208,033000,36590,36800,36571,36682,3534545.8700053357
20221209,033000,36700,36900,36680,36800,2430671.6113208383
20221210,033000,36829,36949,36750,36840,2038492.2344087104
20221211,033000,36840,37244,36828,37080,2993390.8775178688
20221212,033000,37058,37489,37058,37487,3134322.902974456
20221213,033000,37488,38496,37469,38285,4786978.226286658
20221214,033000,38285,38900,38200,38650,5178305.256702443
20221215,033000,38623,38880,38250,38599,4693282.485823713
20221216,033000,38628,38820,38502,38766,3226736.5878165388
20221217,033000,38788,39555,38745,39420,4336195.952050757
20221218,033000,39420,40375,39362,40189,5741034.415512259
20221219,033000,40220,40390,39821,39921,4138918.833278091
20221220,033000,39921,40370,39821,40320,3585123.5948917554
20221221,033000,40313,40600,39556,39600,5020429.776787518
20221222,033000,39644,40000,39520,39870,3169672.3613448986
20221223,033000,39820,40450,39803,40294,3228443.474980431
20221224,033000,40270,40359,40005,40120,2183639.67946683
20221225,033000,40119,40597,40050,40462,3350571.1481972765
20221226,033000,40463,41399,40445,41241,4813840.783965873
20221227,033000,41240,42000,41110,41828,4862353.773619682
20221228,033000,41826,42850,41775,42605,4186908.0119860414
20221229,033000,42610,44300,42500,43870,7545052.285298649
20221230,033000,43800,44499,41207,41456,9422554.164456034
20221231,033000,41461,42896,40851,41017,5581286.513428086
20230101,033000,41016,41700,39200,39428,6962303.687447377
20230102,033000,39428,41500,39394,40806,5455425.242371089
20230103,033000,40820,41347,40050,40556,4111155.11338968
20230104,033000,40555,40900,40103,40630,3396366.148975859
20230105,033000,40629,40750,40233,40302,3752177.992179586
20230106,033000,40340,40430,39861,40216,3535264.521592357
20230107,033000,40298,40820,40205,40423,3009723.2467179187
20230108,033000,40423,41155,40200,40840,4968519.640560407
20230109,033000,40890,41498,40840,40906,4735872.06129702
20230110,033000,40906,41144,40500,40650,6801710.755945837
20230111,033000,40651,40985,40620,40843,3902146.172579325
20230112,033000,40841,41248,40787,40983,3831168.948121158
20230113,033000,41000,41200,40690,40892,5729552.59867986
20230114,033000,40892,41100,40801,40901,3604529.1281221732
20230115,033000,40902,41088,40313,40788,9249633.877870832
20230116,033000,40788,41095,40500,40962,4996579.251123562
20230117,033000,40962,41580,40750,41420,5146773.329897385
20230118,033000,41420,41998,41400,41728,4884085.468548748
20230119,033000,41730,44002,41500,43398,8168058.692166602
20230120,033000,43398,44180,43311,43901,5587624.231384187
20230121,033000,43901,44109,43000,43390,5101610.291574107
20230122,033000,43250,44750,42900,44590,10245830.061584968
20230123,033000,44600,45306,44521,45050,7786770.218098803
20230124,033000,45050,45150,44300,44892,7658392.927806297
20230125,033000,44930,45080,42760,43401,8291077.401976743
20230126,033000,43403,44300,43164,44111,5880595.26057218
20230127,033000,44165,44800,44000,44665,4517204.944481327
20230128,033000,44665,45144,44444,44501,3867408.7162183905
20230129,033000,44569,44900,43997,44200,5112316.330781866
20230130,033000,44200,44819,44200,44600,4981553.674087628
20230131,033000,44600,45222,44402,45100,6642146.073989452
20230201,033000,45130,45200,44700,44981,5027097.5343787335
20230202,033000,44936,45310,44854,45055,4853092.94429636
20230203,033000,45060,45127,44300,44674,9941458.085540492
20230204,033000,44700,45250,44674,45069,4833263.959594836
20230205,033000,45069,45112,44700,44919,3829258.874473902
20230206,033000,44919,45194,44814,45138,5797972.604689667
20230207,033000,45138,45390,44991,45176,4599488.522798023
20230208,033000,45176,45500,45042,45099,5032448.04376093
20230209,033000,45090,45402,44851,45305,6566738.595088956
20230210,033000,45305,46250,45200,46000,4918758.704453167
20230211,033000,46039,46578,45980,46270,4229192.787710853
20230212,033000,46264,46496,46128,46220,2919828.146065976
20230213,033000,46220,47030,46200,46765,4120125.2495093504
20230214,033000,46764,47500,46750,47000,6043992.269315476
20230215,033000,47000,47200,46606,46633,5401350.122357694
20230216,033000,46627,47277,46600,46868,8806632.605341002
20230217,033000,46868,47300,46600,47235,11639437.510065889
20230218,033000,47216,48499,47100,48114,6477991.258049414
20230219,033000,48154,48531,47995,48003,4471787.557877613
20230220,033000,48003,49750,47999,49634,7239112.31379973
20230221,033000,49650,50355,49250,49560,9097103.035007408
20230222,033000,49555,50200,48800,50128,7953604.492586302
20230223,033000,50128,52998,50050,52421,8693970.692195078
20230224,033000,52425,53936,51628,53631,8957594.086348936
20230225,033000,53634,56798,53631,55403,9815011.977986714
20230226,033000,55499,58697,55300,58446,12776101.65662437
20230227,033000,58500,60600,53000,57100,21762316.678054497
20230228,033000,57100,58300,55999,58074,8120826.607305345
20230301,033000,58074,58450,56721,57488,7020883.158486647
20230302,033000,57489,57986,54201,54414,9473207.296618454
20230303,033000,54414,55950,53561,55499,5997467.761075944
20230304,033000,55499,57000,55420,56252,6764594.67284871
20230305,033000,56300,56389,54511,54518,6160987.508405957
20230306,033000,54520,55285,50601,51620,9647047.57966597
20230307,033000,51620,52280,50000,50193,6642674.564194809
20230308,033000,50193,53000,49521,52289,7811378.223460036
20230309,033000,52289,52690,50900,51022,4998896.283465754
20230310,033000,51012,51685,50651,51397,3955068.154563382
20230311,033000,51397,51950,47500,48300,9352180.451557469
20230312,033000,48349,48700,44501,44850,9938968.707646688
20230313,033000,44850,48200,44804,46301,9601464.380767189
20230314,033000,46315,47770,46000,47230,7098726.547991094
20230315,033000,47231,49550,47103,48400,8353827.870046025
20230316,033000,48401,49500,47300,48808,6716477.190957576
20230317,033000,48858,49197,48244,48900,4472722.124405038
20230318,033000,48930,49200,48302,48624,3997664.476937061
20230319,033000,48624,48800,47800,48500,7550688.972889939
20230320,033000,48460,50380,48300,50125,7235755.132236146
20230321,033000,50126,52890,50126,52799,6672051.5282871
20230322,033000,52798,53911,51703,52360,6638659.504352075
20230323,033000,52300,53250,52151,52779,4984362.514148176
20230324,033000,52779,53148,51353,51955,4945774.766824794
20230325,033000,51957,52478,51600,52042,4677001.595952943
20230326,033000,52034,52999,51623,52282,5763127.850395189
20230327,033000,52280,52555,52002,52150,3373723.444494484
20230328,033000,52136,52750,52080,52524,4930423.517467133
20230329,033000,52524,53240,52400,52826,4612378.698181906
20230330,033000,52822,53250,52510,52932,7914015.637023213
20230331,033000,52932,54987,52850,54339,7729395.7063031625
20230401,033000,54350,54599,54000,54024,3390783.2621113346
20230402,033000,54024,54392,53710,53775,3872292.3275769674
20230403,033000,53790,54090,53010,53480,3967952.1073298873
20230404,033000,53480,53982,51460,51890,8803376.695660569
20230405,033000,51830,52000,50660,51730,6560131.82135005
20230406,033000,51730,52400,51444,51820,5181851.662686559
20230407,033000,51820,52333,51603,52150,3507535.0887227496
20230408,033000,52126,52499,52001,52014,3099114.3215343948
20230409,033000,52009,52390,51830,52216,3001985.230925128
20230410,033000,52268,52400,51800,51905,3355455.5444474164
20230411,033000,51902,52094,51110,51424,4304332.71842494
20230412,033000,51423,51830,51200,51500,5371523.79293263
20230413,033000,51509,51990,51500,51630,2858891.989839616
20230414,033000,51660,51772,51200,51320,4454107.866983714
20230415,033000,51300,51394,50710,50841,5497089.504556037
20230416,033000,50835,51085,50750,50835,4092657.477943916
20230417,033000,50835,51198,50550,50902,4002649.346875197
20230418,033000,50905,51692,50753,51339,5133472.709609957
20230419,033000,51338,51549,51210,51312,4136099.6799664265
20230420,033000,51312,52828,51302,52679,6841932.652176747
20230421,033000,52685,53500,52510,53316,5794855.52255236
20230422,033000,53359,53500,52751,53396,3771395.4119828306
20230423,033000,53400,53890,53305,53720,3397063.6655436456
20230424,033000,53720,53900,52950,53051,3156117.69908447
20230425,033000,53051,53378,52800,52916,3668635.60568147
20230426,033000,52850,53177,52751,52908,3615056.0311367325
20230427,033000,52920,53600,52903,53580,5161884.797107286
20230428,033000,53591,53953,53200,53562,4205793.071620807
20230429,033000,53562,53890,53558,53627,2486850.713327307
20230430,033000,53627,54650,53615,54205,5733416.403996517
20230501,033000,54249,54978,54155,54905,4638800.163033157
20230502,033000,54905,56600,54852,56140,5851887.087579431
20230503,033000,56118,56871,54782,55130,6470891.082129502
20230504,033000,55130,55550,54583,55031,4537748.205693038
20230505,033000,55031,55280,54745,55156,3583927.7376609924
20230506,033000,55153,55279,54520,54605,3614827.6577500487
20230507,033000,54605,54850,54150,54165,4882286.793585177
20230508,033000,54165,54445,53400,53401,4037072.10786827
20230509,033000,53402,54800,53402,54479,4532113.6474185195
20230510,033000,54479,54750,54000,54060,3766882.8780514384
20230511,033000,54060,54256,53550,53658,3843550.795315015
20230512,033000,53650,54245,53606,54100,2725512.0701864986
20230513,033000,54100,54300,53600,53634,2301779.9253314813
20230514,033000,53634,53789,52813,52936,3524139.9070455586
20230515,033000,52935,53278,52107,52109,3628276.0803132257
20230516,033000,52109,52830,52107,52613,3370153.9027514467
20230517,033000,52613,52835,52200,52211,2389529.4163938607
20230518,033000,52230,52387,51277,51298,4361970.650361746
20230519,033000,51295,51898,51011,51744,3284189.03453411
20230520,033000,51730,51997,51420,51425,1871986.5857496962
20230521,033000,51425,51840,51200,51534,2957503.7244977397
20230522,033000,51545,52381,51530,52149,3697501.1077660904
20230523,033000,52108,52850,52108,52599,3761218.080536958
20230524,033000,52585,52776,52401,52515,3186909.065205415
20230525,033000,52515,53195,52510,52800,3787720.759177216
20230526,033000,52800,53100,52600,52623,2734351.7862675725
20230527,033000,52649,52897,52120,52165,1954364.6057009401
20230528,033000,52161,52508,52005,52055,3032488.4385051364
20230529,033000,52053,52198,51556,51560,3519268.595067786
20230530,033000,51560,52180,51500,51921,3786908.236131898
20230531,033000,51921,52129,51790,51893,2782037.4392474596
20230601,033000,51900,52075,51645,51801,3061695.458703731
20230602,033000,51801,52200,51730,52149,2475556.2230774453
20230603,033000,52100,52400,51600,51670,2265623.579311057
20230604,033000,51678,51808,51400,51460,2823322.8091673087
20230605,033000,51460,51770,51300,51413,1790960.3613921655
20230606,033000,51413,52398,51401,52176,3640576.179093256
20230607,033000,52170,52340,51440,51469,3415717.6291815825
20230608,033000,51443,51740,49600,49640,5026056.469234577
20230609,033000,49600,50388,49571,49850,3144889.9510981916
20230610,033000,49850,50200,49800,49900,2034814.3436034138
20230611,033000,49920,50767,49878,50045,4580423.912601623
20230612,033000,50044,50199,46602,47648,5855642.008507557
20230613,033000,47645,48836,47500,48456,3676029.014084304
20230614,033000,48453,50250,48450,49994,4434591.41904267
20230615,033000,49980,50078,49000,49667,3425971.234154966
20230616,033000,49667,49977,49100,49480,3634957.76819099
20230617,033000,49480,49753,49301,49389,2623418.7787242364
20230618,033000,49326,49897,49000,49447,3481991.7646241477
20230619,033000,49447,49600,49363,49530,2502298.6538462597
20230620,033000,49516,49688,48850,49090,3158375.622686345
20230621,033000,49090,49500,48917,48958,3470427.659278364
20230622,033000,48956,49295,48600,48720,5468453.245984423
20230623,033000,48720,49478,48500,49127,5239283.100185371
20230624,033000,49127,49388,48900,48934,2808138.0727459923
20230625,033000,48934,50910,48900,50095,6513507.213165654
20230626,033000,50070,50350,49850,49994,3698030.0627635503
20230627,033000,49995,50299,49900,49945,3625547.764895976
20230628,033000,49920,50128,49851,49960,3151504.1020681947
20230629,033000,49963,50424,49863,50389,3010476.7600699253
20230630,033000,50389,50500,50200,50350,2631190.6563270534
20230701,033000,50350,50480,49800,49857,4775012.18393011
20230702,033000,49850,50168,49733,49957,3452871.265869247
20230703,033000,49955,50400,49900,50124,3498169.2667747396
20230704,033000,50125,50490,50004,50380,3858870.813770934
20230705,033000,50336,50660,50303,50351,3291503.7885190737
20230706,033000,50343,50960,50328,50918,3235985.107160368
20230707,033000,50918,51520,50725,51448,3669686.248609743
20230708,033000,51399,51900,51000,51009,2505128.4803712578
20230709,033000,51009,51340,50433,50442,2922526.7737146467
20230710,033000,50464,50599,50249,50450,2618923.959971062
20230711,033000,50493,50750,50150,50200,3169101.1874676817
20230712,033000,50200,50388,49800,49840,3609228.5204581185
20230713,033000,49840,49990,49601,49902,3026680.6471892684
20230714,033000,49919,50100,49000,49001,5159377.632745847
20230715,033000,49088,49490,48825,49483,5230818.253975004
20230716,033000,49483,49550,48950,49220,3762814.859201392
20230717,033000,49220,49400,49061,49275,3218310.542072004
20230718,033000,49275,49500,49156,49449,3450889.138579919
20230719,033000,49449,49577,49200,49299,3607333.601265389
20230720,033000,49299,49379,48900,48940,3353903.7354049142
20230721,033000,48941,49198,48750,49170,3618931.6913969354
20230722,033000,49169,49287,48825,48880,2468045.16300165
20230723,033000,48881,48987,48650,48670,3066349.831586725
20230724,033000,48676,48938,48571,48735,2789751.029208602
20230725,033000,48739,49000,48510,48811,3580741.1970138974
20230726,033000,48857,49246,48613,49061,3496224.308898946
20230727,033000,49061,49540,49060,49296,3380234.6017388883
20230728,033000,49297,49487,49250,49430,2342853.996052023
20230729,033000,49430,49550,49115,49179,2026917.786719013
20230730,033000,49180,49384,49066,49154,2944298.5969817257
20230731,033000,49153,49485,49106,49427,3030858.779532612
20230801,033000,49478,49959,49250,49940,3605092.079812483
20230802,033000,49950,50628,49803,50259,4440898.896672555
20230803,033000,50259,50600,50031,50479,3055245.9461822035
20230804,033000,50453,50685,50310,50450,2469874.430409577
20230805,033000,50482,50621,50149,50164,2157301.3158435086
20230806,033000,50164,50369,49600,49671,3309063.910915806
20230807,033000,49727,50300,49500,50100,3773049.1133890427
20230808,033000,50100,50399,50050,50191,3621815.8256489453
20230809,033000,50192,50266,49650,49653,3715876.637340586
20230810,033000,49653,49949,49650,49742,3385591.491584952
20230811,033000,49742,49978,49480,49505,3278677.3253130172
20230812,033000,49505,49600,48800,48816,2955552.5901961154
20230813,033000,48814,49089,48601,48830,3727407.3222206277
20230814,033000,48873,49498,48801,49341,3310402.507927298
20230815,033000,49341,49655,49312,49532,3309481.8970703143
20230816,033000,49630,49990,49455,49895,3286283.198449234
20230817,033000,49895,49942,49540,49778,3369154.2419791473
20230818,033000,49750,49930,49561,49833,3322681.3214489585
20230819,033000,49832,50396,49700,49943,4405839.368408553
20230820,033000,49950,50000,49605,49770,2907276.8034727667
20230821,033000,49770,49970,49600,49619,2935803.8148246952
20230822,033000,49619,49850,49311,49347,3034095.0025946214
20230823,033000,49350,49869,49301,49700,2736230.764152655
20230824,033000,49700,49890,49500,49501,2869455.2572485977
20230825,033000,49550,49849,49501,49849,2472179.1102767014
20230826,033000,49849,50000,49720,49798,2245842.6544816387
20230827,033000,49797,49876,49590,49700,2338281.7976556798
20230828,033000,49700,49950,49651,49805,2332310.8884838354
20230829,033000,49849,50000,49701,49722,2867975.891436411
20230830,033000,49775,49970,49400,49415,4099602.4920480945
20230831,033000,49484,49815,49412,49650,3102576.388632703
20230901,033000,49650,49989,49633,49901,2904493.060115123
20230902,033000,49977,50080,49850,49910,2781063.210975087
20230903,033000,49978,50084,49750,50004,2761016.4758967217
20230904,033000,50003,50500,49980,50300,3076844.5092046796
20230905,033000,50348,50555,50225,50289,3045938.2893541344
20230906,033000,50319,50500,50207,50337,2794266.153438762
20230907,033000,50337,50410,50156,50234,2322598.2757433895
20230908,033000,50234,50400,50010,50298,2370720.1825705944
20230909,033000,50299,50380,50080,50102,2151466.2158508
20230910,033000,50101,50384,50100,50113,2730117.9508571825
20230911,033000,50112,50496,50108,50378,2878242.9293145416
20230912,033000,50389,50650,50322,50396,3437948.4706589663
20230913,033000,50486,50560,50162,50263,3265323.1458720784
20230914,033000,50285,50589,50236,50535,2796028.2140345247
20230915,033000,50548,50600,50308,50320,2248596.873665629
20230916,033000,50380,50530,50252,50296,2216020.918287947
20230917,033000,50296,50419,50100,50134,2590932.221714754
20230918,033000,50140,50299,50004,50059,2729410.308474311
20230919,033000,50139,50300,49701,49752,3446159.3463560594
20230920,033000,49775,49940,49700,49799,3144648.1423384775
20230921,033000,49799,50000,49650,49698,3095780.796908921
20230922,033000,49698,49938,49531,49909,3222670.5394365047
20230923,033000,49909,50000,49700,49712,2262922.6700343443
20230924,033000,49703,49869,49610,49819,2763842.7792641255
20230925,033000,49818,49939,49712,49817,2132007.522583822
20230926,033000,49735,49951,49725,49798,3266222.2381545217
20230927,033000,49799,49950,49764,49888,3110532.9690783224
20230928,033000,49888,50000,49781,49950,3757378.9723405926
20230929,033000,49940,50200,49860,49995,4344609.721022965
20230930,033000,49993,50179,49901,49965,4125962.397886315
20231001,033000,50000,50369,49914,50213,5159990.448819715
20231002,033000,50213,50400,50101,50251,4439718.932078838
20231003,033000,50299,50398,50101,50334,4078310.2798944986
20231004,033000,50301,50440,50210,50251,2765115.8500013365
20231005,033000,50300,50428,50215,50290,3357122.6854979317
20231006,033000,50299,50499,50263,50456,2805563.861398606
20231007,033000,50479,50595,50130,50176,2624403.936460228
20231008,033000,50176,51000,50132,51000,3550514.8880668436
20231009,033000,50999,52744,50980,52538,6022430.568628789
20231010,033000,52539,54480,52412,53680,6776821.9098720765
20231011,033000,53699,54299,52400,52795,5462780.213303649
20231012,033000,52735,53132,51731,52156,3957183.579197088
20231013,033000,52156,52694,51568,52450,3783249.310390529
20231014,033000,52450,52500,51861,51937,2485513.8402607683
20231015,033000,51922,52080,51280,51427,3463423.8190180063
20231016,033000,51394,51580,51112,51180,3089022.531395764
20231017,033000,51180,51399,50666,50673,4142338.1589283943
20231018,033000,50698,51387,50611,51168,3822625.736529038
20231019,033000,51168,51779,51116,51447,3735049.96616225
20231020,033000,51448,51748,51200,51246,3267221.602917465
20231021,033000,51250,51399,50802,50882,3643647.0278309174
20231022,033000,50884,51000,50100,50122,4095882.780184142
20231023,033000,50122,50800,50060,50684,3798961.5637053014
20231024,033000,50698,51000,50126,50635,5648137.822745798
20231025,033000,50635,50950,50300,50662,6510536.992526321
20231026,033000,50662,51300,50500,51278,4793037.735231979
20231027,033000,51279,51980,51007,51722,4875441.7896736115
20231028,033000,51722,51999,51500,51960,3527852.524058961
20231029,033000,51960,52408,51775,52157,4646769.030238576
20231030,033000,52208,52345,51257,51751,4458886.008126898
20231031,033000,51763,51890,51500,51650,3936016.118036741
20231101,033000,51677,52250,51525,51994,4933684.820346905
20231102,033000,51994,52167,51705,51780,4985018.805804154
20231103,033000,51711,52449,51600,52415,4949815.990734704
20231104,033000,52415,52650,51904,51918,3605212.396845394
20231105,033000,51918,52100,51540,51600,4515856.140310419
20231106,033000,51600,51876,51351,51595,4929087.099975707
20231107,033000,51595,51800,51454,51570,4826352.566891473
20231108,033000,51565,51766,51222,51533,4892249.288552398
20231109,033000,51550,51688,51307,51403,4322647.568853121
20231110,033000,51458,51850,51221,51794,6063048.635403848
20231111,033000,51795,51900,51423,51458,4050984.628103498
20231112,033000,51528,51558,51209,51322,5826921.809752128
20231113,033000,51330,51750,51301,51710,4722489.124397739
20231114,033000,51655,51883,51473,51563,5533369.575319126
20231115,033000,51524,51850,51463,51546,5582379.655217408
20231116,033000,51546,51598,51220,51364,4964200.001704799
20231117,033000,51300,51500,51027,51478,5228773.601880783
20231118,033000,51479,51700,51270,51395,4604330.082123634
20231119,033000,51395,51677,51100,51300,4867786.816189445
20231120,033000,51307,51477,50720,50780,4576844.015556162
20231121,033000,50800,50920,50510,50650,5298772.72068496
20231122,033000,50688,50995,50573,50750,5304377.87944947
20231123,033000,50751,51200,50702,50775,4437906.372705874
20231124,033000,50752,50994,50601,50900,3942548.34776224
20231125,033000,50900,50979,50607,50694,3243387.540968854
20231126,033000,50739,50850,50500,50703,4447266.275720083
20231127,033000,50740,50884,50650,50800,3455414.8492129017
20231128,033000,50800,50979,50656,50945,4473758.8959081555
20231129,033000,50942,51000,50611,50670,4428937.732021393
20231130,033000,50647,50797,50550,50700,4125098.068428412
20231201,033000,50720,50900,50650,50778,3283326.9276005053
20231202,033000,50740,50855,50555,50574,3311912.92194572
20231203,033000,50618,50700,50250,50271,4476167.323032821
20231204,033000,50271,50725,50246,50548,4060758.58151536
20231205,033000,50569,50690,50300,50618,5538434.671968229
20231206,033000,50669,50720,50350,50461,5587079.167696728
20231207,033000,50462,50658,50295,50506,5227469.984144661
20231208,033000,50506,50695,50311,50475,4372415.063623609
20231209,033000,50534,50597,50355,50390,3210549.30605349
20231210,033000,50399,50450,50203,50313,5612271.250545833
20231211,033000,50314,50683,50305,50587,4211556.504662606
20231212,033000,50587,50750,50400,50530,5539144.851464853
20231213,033000,50530,50900,50410,50810,4912159.598703012
20231214,033000,50811,51090,50700,50789,4759741.109874336
20231215,033000,50775,50900,50490,50640,4946557.003573741
20231216,033000,50640,50794,50371,50631,4005768.481260542
20231217,033000,50633,50983,50607,50673,4415078.651732069
20231218,033000,50673,50840,50581,50635,3605347.965026435
20231219,033000,50635,51049,50590,50655,6347236.050246522
20231220,033000,50669,50770,50400,50494,5086197.197059502
20231221,033000,50494,50689,50011,50081,5600798.670217187
20231222,033000,50081,50279,50000,50125,4429905.815858953
20231223,033000,50192,50256,49960,49980,4312542.857607339
20231224,033000,49971,50449,49800,50272,4889445.753610906
20231225,033000,50272,50458,50061,50297,4406995.458787896
20231226,033000,50296,50500,50210,50400,4877099.950410604
20231227,033000,50360,50896,50261,50836,6477424.922922449
20231228,033000,50830,50942,50514,50580,5274488.579083244
20231229,033000,50580,50945,50500,50943,4909534.3964867955
20231230,033000,50943,51102,50725,51065,4565840.398946135
20231231,033000,51065,51188,50850,50956,4719610.444662962
20240101,033000,50956,51259,50900,51000,4067756.0060983184
20240102,033000,50999,51401,50900,50960,4792369.150989825
20240103,033000,50960,51093,50701,51058,5449147.425738855
20240104,033000,51010,51850,50913,51693,8001349.391848483
20240105,033000,51700,51990,51459,51488,5726899.253571866
20240106,033000,51489,51993,51461,51653,4650960.397337378
20240107,033000,51653,51894,51310,51514,4809778.377258951
20240108,033000,51475,51630,51325,51469,4132504.952328783
20240109,033000,51431,51849,51410,51421,5415338.693264771
20240110,033000,51421,51835,51220,51675,5069904.650461177
20240111,033000,51675,52378,51511,52037,5490749.814022809
20240112,033000,52038,52296,51400,51850,8423076.567750758
20240113,033000,51850,52359,51804,52244,5049893.155583795
20240114,033000,52245,53350,52244,53053,6248920.236234762
20240115,033000,53080,53765,52802,53075,5589793.003518015
20240116,033000,53079,53379,52840,52997,5394269.756374123
20240117,033000,52995,53647,52946,53340,5308105.716039881
20240118,033000,53340,53996,53200,53899,5748022.832764482
20240119,033000,53870,54979,53823,54898,6260188.157121592
20240120,033000,54900,55300,54089,54119,6150284.232071417
20240121,033000,54100,54500,53500,53980,5738653.714054963
20240122,033000,53980,54130,53700,53831,4776349.795528168
20240123,033000,53831,54800,53830,54535,5019250.177718521
20240124,033000,54535,55849,54420,55488,6422749.053245533
20240125,033000,55488,56065,55340,55372,5126184.38827869
20240126,033000,55372,55946,55300,55572,3868691.279511657
20240127,033000,55567,55815,55303,55335,4164180.760798494
20240128,033000,55335,56000,54500,55750,7158394.52013547
20240129,033000,55735,56929,55550,56456,7020432.10060434
20240130,033000,56455,58000,56400,57484,9232406.915952208
20240131,033000,57484,58756,57050,58055,9880196.692787882
20240201,033000,58050,58600,57766,58336,7336986.435676148
20240202,033000,58439,58800,57980,58070,6438193.52925741
20240203,033000,58100,58400,57550,57961,5024031.107133533
20240204,033000,57999,58379,56210,56380,9071918.557567818
20240205,033000,56390,56796,54852,55397,8866564.971685018
20240206,033000,55394,55786,54705,55156,8638593.015070556
20240207,033000,55156,55539,54950,55250,6611851.759627687
20240208,033000,55177,55650,55171,55340,5226896.569755852
20240209,033000,55340,55542,55210,55316,4052934.0575311743
20240210,033000,55316,55480,54901,54903,5452612.185125386
20240211,033000,54918,55072,54500,54952,5692296.699762419
20240212,033000,54996,55095,54700,54990,3857810.668480247
20240213,033000,54990,55299,54702,54749,6786864.644740755
20240214,033000,54749,55200,54600,55141,6362664.127679821
20240215,033000,55141,55288,55011,55135,6287834.114956788
20240216,033000,55100,55800,55056,55594,8179337.381908622
20240217,033000,55561,55950,55500,55820,5940917.684386537
20240218,033000,55817,56000,55635,55800,6615137.859422592
20240219,033000,55801,56481,55800,56001,9614767.81168149
20240220,033000,56002,56498,55900,56012,8034818.340122176
20240221,033000,56011,56891,56011,56717,9291701.789751874
20240222,033000,56717,57456,56456,57052,9026807.991345717
20240223,033000,57052,57250,56800,57001,6857473.808125086
20240224,033000,57150,57500,57000,57101,6954957.067855478
20240225,033000,57100,57586,57100,57209,6614900.132287668
20240226,033000,57201,57385,57107,57190,5123888.906880474
20240227,033000,57190,57980,57175,57940,8026248.917568522
20240228,033000,57940,58398,57600,58370,11158361.405521762
20240229,033000,58370,58894,57273,58475,9871686.033076424
20240301,033000,58475,58798,58000,58649,9673200.760389095
20240302,033000,58644,59450,55850,58403,10763039.56697797
20240303,033000,58500,59400,58100,59210,14622806.71621064
20240304,033000,59200,59601,56000,59466,11832548.62231785
20240305,033000,59450,60550,59410,59803,15460874.016750086
20240306,033000,59849,62340,59500,59717,14577597.460103394
20240307,033000,59708,60619,59500,59791,13687958.170972219
20240308,033000,59750,60299,59576,60037,9811971.032070264
20240309,033000,60038,60246,59613,59730,8505362.847048102
20240310,033000,59714,59990,59545,59645,9361565.7426507
20240311,033000,59602,59977,59000,59345,11274148.63646152
20240312,033000,59345,59944,59307,59745,9466155.561942339
20240313,033000,59756,59930,59522,59644,9455826.730789745
20240314,033000,59610,59790,59306,59569,9845144.804788101
20240315,033000,59566,59860,59200,59765,11115582.291266447
20240316,033000,59752,60448,59620,60000,10800665.916181583
20240317,033000,59931,60132,59607,59701,9607390.866236804
20240318,033000,59701,60280,59690,60199,8723852.944151277
20240319,033000,60199,60849,59901,60740,10513378.494494114
20240320,033000,60740,62199,60716,61600,12621479.468232794
20240321,033000,61553,62765,61553,61722,7898437.859697816
20240322,033000,61730,62050,61066,62029,9632913.366515853
20240323,033000,62029,62500,61700,62410,7959623.722837019
20240324,033000,62407,62691,61700,61715,6531609.168963124
20240325,033000,61748,62107,61511,61823,7359226.480598241
20240326,033000,61823,61920,61148,61340,11238149.61392483
20240327,033000,61340,61689,61122,61503,10221030.499558076
20240328,033000,61503,61913,61235,61790,8252972.165375932
20240329,033000,61790,62000,61500,61835,6428400.915783193
20240330,033000,61838,62020,61726,61953,5764232.97111505
20240331,033000,61985,62200,61820,61960,6418235.197075759
20240401,033000,61960,62150,61906,62089,4345806.774249986
20240402,033000,62090,62994,62003,62994,9846455.065111954
20240403,033000,62993,64300,62900,63713,10887040.859635431
20240404,033000,63715,64299,63369,64200,9321970.207381213
20240405,033000,64200,64898,64150,64435,8985494.269756882
20240406,033000,64439,65500,64400,64728,8574992.074481469
20240407,033000,64795,65050,64500,64711,7854883.603920958
20240408,033000,64711,64845,63500,63667,9357121.590924714
20240409,033000,63666,63990,62822,63107,9023452.839518422
20240410,033000,63107,64583,63060,64440,9001257.153136969
20240411,033000,64440,65494,64440,64674,8437958.258674257
20240412,033000,64620,65400,64603,65295,6654543.560363023
20240413,033000,65317,67950,64911,66496,10942016.777813725
20240414,033000,66500,72850,65349,71999,14824827.335755572
20240415,033000,72000,72400,66532,67900,20766730.862019558
20240416,033000,67899,68489,65753,67714,15924306.302152548
20240417,033000,67696,68300,66403,66760,11463374.332717152
20240418,033000,66741,67369,66400,66830,8385470.592260153
20240419,033000,66830,67449,66816,67140,6886198.283122472
20240420,033000,67147,69000,66125,66328,10308833.45227353
20240421,033000,66324,66603,64387,64939,9916611.801583389
20240422,033000,64932,65485,64502,65215,6513740.728748112
20240423,033000,65215,65487,64895,65231,6764222.990284776
20240424,033000,65250,65480,64602,64846,7643099.543941055
20240425,033000,64751,64930,63800,63918,10375066.88426105
20240426,033000,63918,64398,63305,63580,7903367.687304273
20240427,033000,63550,63888,63000,63020,5668123.703371237
20240428,033000,63020,63246,61403,61407,8765836.563901154
20240429,033000,61420,61700,60300,60792,8476727.287081083
20240430,033000,60791,61989,60456,61403,7486657.268887933
20240501,033000,61403,62979,61350,62655,8515467.009229278
20240502,033000,62655,62950,61352,61643,8119008.916695554
20240503,033000,61643,61885,60590,61227,8864414.901081983
20240504,033000,61224,61449,60875,61137,3977542.2216909206
20240505,033000,61137,61364,61022,61068,4509146.221185936
20240506,033000,61068,61180,60555,60630,5876652.477855025
20240507,033000,60630,61689,60600,61214,7212817.246906098
20240508,033000,61214,61600,61013,61280,5615536.1529001985
20240509,033000,61297,61399,61064,61218,4407129.34906849
20240510,033000,61209,61350,61150,61219,3763160.611557858
20240511,033000,61178,61300,61050,61237,3789027.5295646894
20240512,033000,61237,61285,60600,60702,5290889.293390949
20240513,033000,60701,60898,60100,60220,5522921.284995671
20240514,033000,60220,60750,59250,59494,8047139.014515593
20240515,033000,59450,59748,59010,59285,5707957.882060979
20240516,033000,59285,59485,58900,58902,6404943.302569626
20240517,033000,58902,58998,58290,58518,6740050.688845552
20240518,033000,58454,58685,58002,58052,4137246.548657505
20240519,033000,58051,58174,56510,56566,8384851.159165746
20240520,033000,56565,59788,56550,58750,15376007.174802363
20240521,033000,58652,59700,56725,56847,11133902.102699412
20240522,033000,56831,57600,56041,56910,10630818.770590015
20240523,033000,56904,57299,56700,57225,5375546.614255319
20240524,033000,57160,58500,57100,58411,7900865.152888217
20240525,033000,58400,58560,57601,57696,5356468.852583547
20240526,033000,57664,57843,57080,57150,6577340.091679148
20240527,033000,57148,57385,56612,57150,7014341.966105646
20240528,033000,57150,57750,56803,57354,8584176.592735872
20240529,033000,57354,58712,57122,58276,9816277.915255655
20240530,033000,58266,58699,58010,58319,7573279.192482542
20240531,033000,58300,59320,58100,59039,8837465.938321842
20240601,033000,59006,59480,58812,58872,5232934.38239281
20240602,033000,58852,59090,58150,58280,5782952.463391333
20240603,033000,58280,59270,58016,58616,12462677.198104639
20240604,033000,58601,59300,58302,58365,7458899.773767813
20240605,033000,58360,58750,58006,58059,6004309.544769377
20240606,033000,58059,58388,57757,58198,8706769.915612826
20240607,033000,58156,58600,58100,58581,5516835.774113557
20240608,033000,58599,59195,58253,59180,6753820.229807986
20240609,033000,59066,59289,58736,58827,6293947.810020249
20240610,033000,58827,58999,58701,58911,5421235.61411806
20240611,033000,58865,59284,58850,59100,5593700.694167658
20240612,033000,59051,59600,58900,58998,6997117.493585893
20240613,033000,58950,59379,58902,59101,1471312.3085740781
20240614,033000,58750,59199,58707,59130,4955116.553183393
20240615,033000,59101,59282,58700,58926,5693702.232556973
20240616,033000,58988,59100,58150,58351,5756804.961394524
20240617,033000,58319,58777,58300,58685,4037332.101577844
20240618,033000,58685,59200,58681,59008,5095485.73059188
20240619,033000,59005,59500,58876,59134,7911528.420784547
20240620,033000,59130,59299,58950,59020,4713990.9415071355
20240621,033000,59004,59473,58948,59281,5028060.531152656
20240622,033000,59278,59498,59150,59258,3737671.898638383
20240623,033000,59235,59474,59177,59224,4576707.401389785
20240624,033000,59223,59977,59180,59962,0
20240625,033000,59962,61450,59945,61341,0
20240626,033000,61350,61675,60300,60381,0
20240627,033000,60381,60730,60152,60475,0
20240628,033000,60476,61490,60457,61400,0
20240629,033000,61365,61600,61071,61220,0
20240630,033000,61220,61950,61000,61721,0
20240701,033000,61722,62150,61537,61728,0
20240702,033000,61749,61950,61410,61700,0
20240703,033000,61690,62000,61452,61568,0
20240704,033000,61504,61890,61101,61580,0
20240705,033000,61544,61930,61499,61748,0
20240706,033000,61747,62100,61216,61301,0
20240707,033000,61302,61306,59051,60180,0
20240708,033000,60180,60529,59500,59594,0
20240709,033000,59566,59966,59352,59557,0
20240710,033000,59557,59810,58999,59056,0
20240711,033000,59042,59099,58512,58788,0
20240712,033000,58786,58947,58401,58518,0
20240713,033000,58586,58848,58300,58397,0
20240714,033000,58389,58525,58005,58214,0
20240715,033000,58215,58650,58000,58649,0
20240716,033000,58650,58785,58009,58077,0
20240717,033000,58034,58211,57520,57924,0
20240718,033000,57911,58087,57505,57807,0
20240719,033000,57802,58080,57651,57821,0
20240720,033000,57822,58000,57416,57441,0
20240721,033000,57441,57498,57010,57298,0
20240722,033000,57270,57850,57267,57556,0
20240723,033000,57589,57993,57411,57870,0
20240724,033000,57869,58666,57793,58276,0
20240725,033000,58291,58600,58107,58545,0
20240726,033000,58545,59187,58490,59018,0
20240727,033000,58957,59200,58258,58302,0
20240728,033000,58301,58955,58296,58906,0
20240729,033000,58900,58993,58606,58955,0
20240730,033000,58955,59195,58611,59089,0
20240731,033000,59090,59750,59021,59616,0
20240801,033000,59611,61270,59589,60641,0
20240802,033000,60630,61899,60490,61886,0
20240803,033000,61820,62900,61200,62799,0
20240804,033000,62799,62997,61630,61863,0
20240805,033000,61851,62049,61116,61345,0
20240806,033000,61344,62378,61316,61879,0
20240807,033000,61819,62200,60850,60921,0
20240808,033000,60922,61648,60856,61250,0
20240809,033000,61220,61700,61006,61089,0
20240810,033000,61167,61287,60511,60651,0
20240811,033000,60647,60907,60000,60103,0
20240812,033000,60101,60300,59525,60152,0
20240813,033000,60151,60598,60015,60498,0
20240814,033000,60498,60880,59611,59740,0
20240815,033000,59712,59938,58753,58828,0
20240816,033000,58828,59450,58800,59419,0
20240817,033000,59419,59527,58800,58818,0
20240818,033000,58818,58942,58020,58025,0
20240819,033000,58020,58200,57600,57880,0
20240820,033000,57887,59000,57501,58325,0
20240821,033000,58324,58569,58056,58370,0
20240822,033000,58378,58695,58187,58206,0
20240823,033000,58205,58950,58187,58810,0
20240824,033000,58810,58920,58100,58101,0
20240825,033000,58119,58698,58001,58470,0
20240826,033000,58470,59948,58302,59450,0
20240827,033000,59450,60150,59449,59940,0
20240828,033000,60000,60120,59300,59648,0
20240829,033000,59650,59900,59453,59600,0
20240830,033000,59580,60160,59550,60152,0
20240831,033000,60118,60400,60021,60101,0
20240901,033000,60100,60165,59702,59799,0
20240902,033000,59767,60500,59701,60364,0
20240903,033000,60306,60700,60021,60070,0
20240904,033000,60025,60298,59900,60243,0
20240905,033000,60101,60400,59830,59904,0
20240906,033000,59904,60060,59816,59928,0
20240907,033000,59906,60086,59800,59890,0
20240908,033000,59877,60267,59740,59740,0
20240909,033000,59740,59949,59612,59902,0
20240910,033000,59820,59936,59122,59130,0
20240911,033000,59113,59643,59010,59312,0
20240912,033000,59312,59844,59306,59695,0
20240913,033000,59610,59800,59363,59445,0
20240914,033000,59402,59749,58990,59099,0
20240915,033000,59031,59482,58757,59356,0
20240916,033000,59354,59500,59206,59349,0
20240917,033000,59349,59801,59330,59674,0
20240918,033000,59671,59950,59600,59752,0
20240919,033000,59741,59900,59541,59726,0
20240920,033000,59715,59827,59200,59221,0
20240921,033000,59222,59668,59150,59496,0
20240922,033000,59494,59668,59257,59310,0
20240923,033000,59310,59597,59200,59465,0
20240924,033000,59547,60350,59401,60297,0
20240925,033000,60340,60995,60201,60775,0
20240926,033000,60879,61000,60310,60552,0
20240927,033000,60552,60798,60400,60556,0
20240928,033000,60556,60700,59960,60587,0
20240929,033000,60587,61989,60400,60825,0
20240930,033000,60805,61100,60708,60995,0
20241001,033000,60988,61500,60910,61449,0
20241002,033000,61449,65000,61301,62523,0
20241003,033000,62534,62850,61800,62702,0
20241004,033000,62705,63680,62552,63228,0
20241005,033000,63260,63640,62150,62155,0
20241006,033000,62154,63350,62051,62988,0
20241007,033000,62988,63380,62752,62888,0
20241008,033000,62888,63163,62500,62917,0
20241009,033000,62925,63350,62900,63230,0
20241010,033000,63200,63677,63100,63579,0
20241011,033000,63579,64355,63556,64050,0
20241012,033000,64050,64198,62906,62951,0
20241013,033000,62940,63095,62550,62878,0
20241014,033000,62878,63300,62562,63250,0
20241015,033000,63249,63340,62710,62903,0
20241016,033000,62950,63213,62680,63190,0
20241017,033000,63189,63800,63051,63610,0
20241018,033000,63606,64100,63511,63875,0
20241019,033000,63875,63950,63450,63568,0
20241020,033000,63568,63900,63200,63798,0
20241021,033000,63798,64297,63722,64237,0
20241022,033000,64236,64950,64013,64941,0
20241023,033000,64941,66563,64857,66265,0
20241024,033000,66264,68950,66070,67620,0
20241025,033000,67602,68800,67602,68650,0
20241026,033000,68650,68888,67190,67790,0
20241027,033000,67790,69700,64500,66089,0
20241028,033000,66089,67000,66027,66914,0
20241029,033000,66902,67748,66900,67601,0
20241030,033000,67601,68480,66850,68019,0
20241031,033000,68018,69278,68010,68762,0
20241101,033000,68797,69195,68415,69193,0
20241102,033000,69193,69500,69012,69310,0
20241103,033000,69337,69960,69200,69832,0
20241104,033000,69890,71212,69832,70372,0
20241105,033000,70370,70750,69300,69960,0
20241106,033000,69959,70500,69416,69583,0
20241107,033000,69585,71500,69200,69976,0
20241108,033000,69999,70145,68100,69627,0
20241109,033000,69570,69995,68800,69821,0
20241110,033000,69821,70050,68840,69100,0
20241111,033000,69099,69495,67000,68443,0
20241112,033000,68446,69300,67201,67389,0
20241113,033000,67495,68687,67251,68686,0
20241114,033000,68676,69000,67900,68442,0
20241115,033000,68444,69472,68300,69453,0
20241116,033000,69401,70199,69315,69415,0
20241117,033000,69418,69620,68965,69365,0
20241118,033000,69367,69923,68328,69331,0
20241119,033000,69332,69498,68735,69153,0
20241120,033000,69153,69398,68850,69250,0
20241121,033000,69252,70233,69220,70158,0
20241122,033000,70151,70859,69808,70077,0
20241123,033000,70038,70569,69802,70411,0
20241124,033000,70411,70748,69803,70332,0
20241125,033000,70250,70700,69900,70140,0
20241126,033000,70140,70570,69900,70424,0
20241127,033000,70428,70777,70351,70490,0
20241128,033000,70450,70658,70200,70386,0
20241129,033000,70386,70750,70225,70695,0
20241130,033000,70695,70780,70188,70291,0
20241201,033000,70292,70720,70095,70587,0
20241202,033000,70587,71200,70574,71143,0
20241203,033000,71144,72238,70886,72055,0
20241204,033000,72050,72783,71809,72350,0
20241205,033000,72415,72840,72009,72794,0
20241206,033000,72797,73999,72526,72999,0
20241207,033000,73000,73400,70340,72760,0
20241208,033000,72715,72890,71619,72000,0
20241209,033000,72000,72700,71500,72454,0
20241210,033000,72453,73200,72380,73004,0
20241211,033000,73090,74100,72912,74100,0
20241212,033000,74100,75000,74099,74598,0
20241213,033000,74618,74860,73106,73364,0
20241214,033000,73275,74100,73275,73900,0
20241215,033000,73901,75500,73612,75415,0
20241216,033000,75415,75989,75211,75642,0
20241217,033000,75616,78408,75220,76638,0
20241218,033000,76639,77900,76600,77485,0
20241219,033000,77485,78699,75780,78499,0
20241220,033000,78450,79800,77506,77658,0
20241221,033000,77651,78900,77450,78346,0
20241222,033000,78346,78550,76177,76398,0
20241223,033000,76398,77455,75870,77452,0
20241224,033000,77451,78795,77100,78316,0
20241225,033000,78316,79375,78000,78271,0
20241226,033000,78271,79246,78041,79172,0
20241227,033000,79163,80800,79098,80498,0
20241228,033000,80498,80600,80015,80305,0
20241229,033000,80310,81535,80280,80583,0
20241230,033000,80580,81458,77150,77171,0
20241231,033000,77205,80330,77051,79692,0
20250101,033000,79693,80376,79200,79267,0
20250102,033000,79267,80909,79265,80012,0
20250103,033000,80013,80575,79500,79690,0
20250104,033000,79630,79770,78001,78002,0
20250105,033000,78020,79535,78001,79001,0
20250106,033000,79001,79685,78855,78996,0
20250107,033000,78989,79698,78930,79438,0
20250108,033000,79439,80488,79406,80194,0
20250109,033000,80194,81785,80147,81503,0
20250110,033000,81503,82800,81300,82640,0
20250111,033000,82610,82918,81751,81941,0
20250112,033000,81950,82301,81600,81764,0
20250113,033000,81765,81994,81341,81596,0
20250114,033000,81595,82994,81549,82680,0
20250115,033000,82646,82800,81447,81448,0
20250116,033000,81447,81880,80050,80400,0
20250117,033000,80400,80700,79716,80200,0
20250118,033000,80315,80870,79600,79658,0
20250119,033000,79698,81590,79500,81349,0
20250120,033000,81246,82500,81001,81851,0
20250121,033000,81850,83200,81570,82428,0
20250122,033000,82405,83300,82372,82494,0
20250123,033000,82494,83260,82407,82860,0
20250124,033000,82860,84447,82860,84000,0
20250125,033000,84000,84422,82700,83120,0
20250126,033000,83121,84000,83000,83635,0
20250127,033000,83689,84240,83300,83603,0
20250128,033000,83660,84788,83578,84422,0
20250129,033000,84423,84500,84045,84071,0
20250130,033000,84071,84278,83707,83805,0
20250131,033000,83805,83938,83559,83572,0
20250201,033000,83572,83700,83000,83182,0
20250202,033000,83182,84250,83100,84155,0
20250203,033000,84156,84900,84075,84551,0
20250204,033000,84552,86500,84368,84949,0
20250205,033000,84980,85233,84300,84900,0
20250206,033000,84900,85900,84896,85555,0
20250207,033000,85555,86700,85257,86620,0
20250208,033000,86620,87400,86330,87175,0
20250209,033000,87249,89497,86996,87924,0
20250210,033000,87949,91234,87700,91234,0
20250211,033000,91200,92498,89500,90011,0
20250212,033000,90100,91777,88000,88321,0
20250213,033000,88320,89700,88285,89007,0
20250214,033000,89007,89886,88510,89145,0
20250215,033000,89144,89157,88500,88665,0
20250216,033000,88665,90608,88621,90345,0
20250217,033000,90345,90801,89957,90600,0
20250218,033000,90541,91395,90202,91100,0
20250219,033000,91101,92200,90912,91881,0
20250220,033000,91881,92479,91791,92105,0
20250221,033000,92103,93210,91105,91105,0
20250222,033000,91150,91900,88291,91307,0
20250223,033000,91307,93190,90413,90442,0
20250224,033000,90444,92374,90400,91216,0
20250225,033000,91216,92490,91120,91150,0
20250226,033000,91150,92389,91130,92285,0
20250227,033000,92300,96910,92230,93791,0
20250228,033000,93800,93950,92500,92583,0
20250301,033000,92612,94000,92600,92628,0
20250302,033000,92630,93100,91742,91761,0
20250303,033000,91761,92146,89000,89135,0
20250304,033000,89135,91090,88500,89817,0
20250305,033000,89815,91997,89806,90531,0
20250306,033000,90536,91180,89101,89475,0
20250307,033000,89475,90100,88675,88728,0
20250308,033000,88729,90450,88729,89332,0
20250309,033000,89301,90797,89000,89873,0
20250310,033000,89873,91698,89801,90921,0
20250311,033000,90950,92785,90922,92466,0
20250312,033000,92466,92798,90000,90113,0
20250313,033000,90113,91788,90001,90765,0
20250314,033000,90769,91955,90741,91249,0
20250315,033000,91248,91715,88644,89263,0
20250316,033000,89160,90300,87202,87400,0
20250317,033000,87413,92100,87400,91901,0
20250318,033000,91901,95980,91901,93600,0
20250319,033000,93600,95810,93000,93034,0
20250320,033000,93034,94500,92555,92850,0
20250321,033000,92923,94500,92800,93014,0
20250322,033000,93019,94111,93013,93236,0
20250323,033000,93220,95490,93111,95351,0
20250324,033000,95351,98400,95050,96022,0
20250325,033000,96021,96766,94539,95074,0
20250326,033000,95059,97821,94527,96602,0
20250327,033000,96651,98900,96527,97188,0
20250328,033000,97203,98990,97188,98723,0
20250329,033000,98706,98956,96810,97005,0
20250330,033000,97001,102890,96900,102171,0
20250331,033000,102170,104504,102010,103335,0
20250401,033000,103402,104992,103111,104581,0
20250402,033000,104581,104780,103540,104230,0
20250403,033000,104230,104600,103840,103885,0
20250404,033000,103840,106599,103801,106380,0
20250405,033000,106289,106400,102500,102835,0
20250406,033000,102835,104579,102553,102755,0
20250407,033000,102800,104952,102111,104503,0
20250408,033000,104504,106400,102612,103600,0
20250409,033000,103600,103758,98262,100220,0
20250410,033000,100220,101360,98512,98512,0
20250411,033000,98512,100593,98505,100098,0
20250412,033000,100098,100351,96015,96249,0
20250413,033000,96201,97700,86008,86379,0
20250414,033000,86342,91743,84507,85165,0
20250415,033000,84961,89000,84500,88349,0
20250416,033000,88316,90313,86500,86993,0
20250417,033000,86993,88750,86703,87820,0
20250418,033000,87826,87990,85000,85389,0
20250419,033000,83719,85995,81500,82132,0
20250420,033000,82131,83720,81177,82700,0
20250421,033000,82698,83652,82121,82501,0
20250423,033000,80800,81197,80088,80812,0
20250424,033000,80812,81091,79852,79969,0
20250425,033000,79999,80288,79003,79075,0
20250426,033000,79100,82832,78123,81928,0
20250427,033000,81928,85300,81900,83989,0
20250428,033000,83963,84350,81200,81321,0
20250429,033000,81322,81900,80855,81372,0
20250430,033000,81372,82410,81309,81831,0
20250501,033000,81889,84709,81600,83801,0
20250502,033000,83801,85118,83620,84194,0
20250503,033000,84195,86600,82706,85125,0
20250504,033000,85125,86497,84724,86074,0
20250505,033000,86070,86300,83500,84450,0
20250506,033000,84449,84940,82122,82499,0
20250507,033000,82499,83695,81700,82390,0
20250508,033000,82390,83500,82351,82650,0
20250509,033000,82656,83000,80088,80801,0
20250510,033000,80801,82624,80500,82167,0
20250511,033000,82199,84792,81400,82328,0
20250512,033000,82258,83498,81752,82801,0
20250513,033000,82801,83799,82700,82979,0
20250514,033000,82990,83670,82900,83380,0
20250515,033000,83370,83800,83200,83613,0
20250516,033000,83613,83800,83350,83500,0
20250517,033000,83500,84000,82590,82628,0
20250518,033000,82628,83379,81722,82350,0
20250519,033000,82350,83296,82080,82205,0
20250520,033000,82205,86000,82200,83819,0
20250521,033000,83819,84390,82226,82700,0
20250522,033000,82740,82949,82301,82788,0
20250523,033000,82788,83950,82300,82960,0
20250524,033000,82960,83600,82905,82908,0
20250525,033000,82910,83489,82688,83072,0
20250526,033000,83072,83193,82335,82529,0
20250527,033000,82528,82789,82352,82414,0
20250528,033000,82414,82850,82400,82502,0
20250529,033000,82595,82672,82150,82329,0
20250530,033000,82425,82850,82276,82413,0
20250531,033000,82412,82850,82000,82018,0
20250601,033000,82018,82482,81845,81846,0
20250602,033000,81847,82200,81226,81388,0
20250603,033000,81340,82460,81300,82350,0
20250604,033000,82331,83400,82251,82926,0
20250605,033000,82927,83250,82851,83180,0
20250606,033000,83180,83712,82611,82700,0
20250607,033000,82700,83200,82267,82360,0
20250608,033000,82360,82722,82300,82541,0
20250609,033000,82542,83000,82321,82350,0
20250610,033000,82350,82499,81720,81800,0
20250611,033000,81742,82850,81600,82698,0
20250612,033000,82698,84900,82600,84180,0
20250613,033000,84179,97829,84123,91800,0
20250614,033000,91800,92000,87500,90500,0
20250615,033000,90500,93741,89919,91580,0
20250616,033000,91580,92506,89200,89733,0
20250617,033000,89733,91000,89733,89750,0
20250701,033000,93000,93000,85122,88200,191447.44
20250702,033000,88113,89500,87002,88305,1627833.76
20250703,033000,88302,89000,86700,87160,2081855.5
20250704,033000,87185,87500,86150,86779,1611395.89
20250705,033000,86779,87979,86700,87402,1493517.13
20250706,033000,87402,88534,86613,86903,1681065.58
20250707,033000,86903,87138,85707,85809,2796954.73
20250708,033000,85850,86500,85301,85380,2453352.41
20250709,033000,85320,85940,84918,84918,2995793.35
20250710,033000,84919,86000,84900,85393,2941687.302638707
20250711,033000,85399,85449,83700,83850,4394680.092200004
20250712,033000,83838,85300,83800,85045,3235198.841363427
20250713,033000,85045,87300,84913,86771,4172966.505396391
20250714,033000,86771,88250,86120,87500,4361952.987417273
20250715,033000,87500,88301,87400,87500,2879092.609510698
20250716,033000,87500,88000,87000,87000,3002875.86281498
20250717,033000,87001,87649,86870,87428,3035259.862982356
20250718,033000,87427,87580,86311,87078,3120705.373054347
20250719,033000,87078,87250,86650,86741,2343262.5730972793
20250720,033000,86790,86949,85000,85040,3536685.802222796
20250721,033000,85040,86350,85000,85902,3502983.2477326584
20250722,033000,85901,87197,85556,86870,2999840.2640649956
20250723,033000,86870,87850,86500,87406,3205632.3780391472
20250724,033000,87403,88000,87400,87800,2692770.5563366236
20250725,033000,87803,88300,87606,87923,2158428.5218258137
20250726,033000,87923,87950,87100,87293,2343298.792393198
20250727,033000,87250,87500,87011,87127,2420389.682848485
20250728,033000,87127,88450,87000,88400,3519568.397094711
20250729,033000,88400,89301,88270,88989,3129045.9270965625
20250730,033000,88878,89856,88808,89547,2403361.749552014
20250731,033000,89412,90800,89411,90561,2818042.0290265884
20250801,033000,90590,91650,90303,90321,2946027.2595866653
20250802,033000,90321,91478,90251,91297,2667819.21042864
20250803,033000,91297,92580,91200,92136,2791732.4967471235
20250804,033000,92136,93000,91701,92714,3104542.5593888024
20250805,033000,92714,93999,92400,92842,4081923.9285335713
20250806,033000,92900,93484,92450,92500,2584370.7911721244
20250807,033000,92500,92898,91501,91550,3002230.060275284
20250808,033000,91552,91731,90046,90401,3979816.1325199865
20250809,033000,90439,91000,89500,90240,4657120.904971055
20250810,033000,90222,91395,90195,91000,3188829.974662206
20250811,033000,91025,92150,90500,91898,3920315.5311518586
20250812,033000,91899,92500,91210,91320,4053885.8239195026
20250813,033000,91310,92260,91240,92156,4575098.536860365
20250814,033000,92156,92969,91650,92710,3965556.69320687
20250815,033000,92710,93250,92600,92929,2744473.180198827
20250816,033000,92929,93089,92216,92310,3232797.8912225375
20250817,033000,92320,92989,92290,92465,2488493.4550714944
20250818,033000,92465,93499,92465,93081,4022638.6392613426
20250819,033000,93081,93800,93000,93200,3703739.3651297507
20250820,033000,93200,94000,93190,93710,3402008.3444713037
20250821,033000,93710,95987,93570,95416,3594695.75427345
20250822,033000,95416,96494,93700,93712,5239753.854139459
20250823,033000,93701,94349,93105,93749,4898284.968665339
20250824,033000,93749,94800,93721,94290,2590091.8599610557
20250825,033000,94266,96855,94256,96831,5013610.052065212
20250826,033000,96725,98750,96201,97259,5910346.543741496
20250827,033000,97436,100250,97112,99510,7296326.143734048
20250828,033000,99550,102270,99255,101695,8057104.181141867
20250829,033000,101695,103900,101175,103755,4840441.712125026
20250830,033000,103701,104400,102351,102752,6573192.113394425
20250831,033000,102753,105000,102352,104691,5593920.77636903
20250901,033000,104697,106300,104499,105567,4706990.500477294
20250902,033000,105567,106398,103645,104120,6939618.705339633
20250903,033000,104043,104120,101625,101800,5054204.854836024
20250904,033000,101800,103200,101690,102290,4683760.796831521
20250905,033000,102328,102510,101215,101702,3017158.7705418207
20250906,033000,101702,103130,101500,101998,4398968.405940548
20250907,033000,101996,102500,101700,102050,3249895.07854582
20250908,033000,102050,102217,100156,100516,4888030.810745342
20250909,033000,100579,100950,97611,98598,7589906.730069195
20250910,033000,98599,99498,98400,99439,3375560.338574797
20250911,033000,99400,99998,99021,99486,3532133.6117902086
20250912,033000,99483,99500,98290,98335,2957067.967593883
20250913,033000,98335,98787,97016,97075,5282804.501849445
20250914,033000,97100,98298,97010,97994,4993155.715237784
20250915,033000,97994,99600,97831,99259,5476324.393916846
20250916,033000,99258,99950,98801,99300,4212594.473475162
20250917,033000,99303,99750,98836,98900,3746406.5093353204
20250918,033000,98944,100300,98122,99551,5357719.0582409995
20250919,033000,99553,102848,99520,102398,5856992.235014583
20250920,033000,102398,103450,102050,102874,5270539.679978384
20250921,033000,102874,105200,102205,104400,6564680.70303423
20250922,033000,104400,106310,104040,104057,8545181.587574525
20250923,033000,104057,106849,103101,106425,8738417.44658638
20250924,033000,106426,108000,106385,106829,7077125.601858111
20250925,033000,106829,110500,106702,109450,8771312.242104106
20250926,033000,109453,114000,108000,112840,9232855.261002798
20250927,033000,112840,113798,110602,112010,9519044.985536389
20250928,033000,112010,112500,108500,109026,9071262.629792796
20250929,033000,109090,112000,108550,110489,7774650.25470925
20250930,033000,110489,112850,110202,112299,7370035.356548416
20251001,033000,112337,114909,112102,113966,12467145.817320585
20251002,033000,113965,116770,113511,115588,10142786.29570169
20251003,033000,115587,115840,114403,114581,5643483.211653771
20251004,033000,114581,115700,114001,114932,6493210.948659357
20251005,033000,114945,115200,113550,114112,6861460.907331563
20251006,033000,114112,114789,111520,111995,8256594.683508814
20251007,033000,111995,115242,111550,114878,7785639.046657274
20251008,033000,114795,116999,114600,115074,7320882.311854659
20251009,033000,115074,116500,113727,114000,9446013.32575539
20251010,033000,114000,114898,113888,114600,5742708.5694746785
20251011,033000,114724,116500,114000,114439,12816589.917110967
20251012,033000,114251,114800,112129,113598,7377239.45280522
20251013,033000,113598,114150,111891,112112,6330254.857872226
20251014,033000,112147,112899,109505,109916,7844651.448876022
20251015,033000,109916,112650,109743,111398,5148368.4184371205
20251016,033000,111398,112797,111208,111621,4105148.908089783
20251017,033000,111621,112094,110287,110390,3328697.651965477
20251018,033000,110450,110997,107760,108920,7176923.02784753
20251019,033000,108920,110300,108336,109820,4453829.872868281
20251020,033000,109821,110249,107875,107950,6016433.515358937
20251021,033000,107940,108946,107600,107613,5551835.762457653
20251022,033000,107725,108898,107599,108693,3786531.722588904
20251023,033000,108690,109850,108426,109352,3210345.257099377
20251024,033000,109496,109699,108558,108710,2324573.4923598315
20251025,033000,108710,108800,107400,107808,4727033.574822738
20251026,033000,107808,108650,107700,108299,3951904.191854288
20251027,033000,108295,108879,108000,108225,3850874.4110341487
20251028,033000,108252,108700,108005,108460,3492178.057333722
20251029,033000,108460,108849,108211,108799,4303763.970034194
20251030,033000,108659,109500,108500,109255,4491758.369706358
20251031,033000,109256,109550,108606,108615,2869320.7770979656
20251101,033000,108635,109100,108234,108770,3656986.9335344126
20251102,033000,108769,109000,108600,108690,2987155.561096771
20251103,033000,108790,108963,108401,108694,3763539.3016266576
20251104,033000,108693,109000,108500,108502,3946399.5877082953
20251105,033000,108598,108899,108101,108443,3890368.6849785727
20251106,033000,108443,108999,108270,108612,2965430.4515304035
20251107,033000,108640,109120,108050,108188,3659880.6495906166
20251108,033000,108102,108751,108005,108499,3868133.953699976
20251109,033000,108500,108696,108160,108173,2966127.5797154345
20251110,033000,108173,108459,108100,108257,3254051.992458945
20251111,033000,108257,110970,108160,110678,4369270.152249441
20251112,033000,110679,113600,110501,113400,4717671.108794619
20251113,033000,113253,114497,113000,114248,4603561.109923578
20251114,033000,114248,114250,113102,113168,3552558.941714833
20251115,033000,113168,114299,113000,113587,3622635.3394356035
20251116,033000,113587,113915,112600,112800,4516685.018699831
20251117,033000,112801,113380,112590,113011,3201591.96350041
20251118,033000,113012,113495,111656,111790,3704021.997747031
20251119,033000,111782,113980,111718,113800,3884329.4368317896
20251120,033000,113750,114800,113000,114655,4875508.47471047
20251121,033000,114643,115500,114100,114131,4465604.8946251115
20251122,033000,114131,115188,113519,113780,4531294.13876373
20251123,033000,113703,115350,113550,115081,3893580.4871996823
20251124,033000,115081,115339,114085,114350,2814926.388669352
20251125,033000,114349,114980,114152,114691,3919667.006193391
20251126,033000,114690,115150,114401,114661,3691391.2491221307
20251127,033000,114822,115286,114602,115000,2744277.7373765367
20251128,033000,115000,115250,114800,114885,1910732.0338050127
20251129,033000,114884,116775,114858,116670,3733335.418190143
20251130,033000,116650,117996,116517,117700,3643617.1216333723
20251201,033000,117616,120000,117501,119798,5565937.085738954
20251202,033000,119798,120000,118112,118489,4786565.464504526
20251203,033000,118489,121700,118253,120695,5316011.751133959
20251204,033000,120604,121299,120215,120984,2981180.4750109734
20251205,033000,120984,121800,120700,121416,2633233.2332449374
20251206,033000,121428,123800,121311,123189,4579828.571773586
20251207,033000,123118,124750,122676,123980,4298561.416273526
20251208,033000,123999,126150,123957,125813,4766956.813738598
20251209,033000,125812,127474,123300,124675,7139825.978568951
20251210,033000,124675,126000,124600,125936,4349672.4197788825
20251211,033000,125760,127350,125676,126859,5053237.702296729
20251212,033000,126859,127646,126480,127498,2416307.7797902655
20251213,033000,127495,128990,127001,128221,4265115.664914055
20251214,033000,128218,130440,127350,130004,4641516.859470368
20251215,033000,130005,131750,129750,131196,6305934.449353766
20251216,033000,131197,131704,129300,130283,4190231.0362922023
20251217,033000,130283,132490,130084,132373,4611238.2546267845
20251218,033000,132320,133500,131500,132760,3971726.3582581403
20251219,033000,132967,133000,131501,131505,2553627.0267428523
20251220,033000,131502,132445,130300,130631,4221519.975442691
20251221,033000,130633,131500,129395,131219,3933216.6547883325
20251222,033000,131219,132380,130600,131890,4330904.468110434
20251223,033000,131880,134500,131861,134000,5629887.916905435
20251224,033000,134000,136890,133630,136104,5848382.030309097
20251225,033000,136104,136500,134716,135197,3623332.3718924015
20251226,033000,135119,136897,135080,136466,2955729.5827316223
20251227,033000,136465,139850,136300,139300,5698594.3397159465
20251228,033000,139270,144913,139051,140850,10092622.820531039
20251229,033000,140850,143445,135344,136999,10718645.275648657
20251230,033000,136901,139942,135701,139699,5902204.4734285725
20251231,033000,139740,139780,136000,136500,4817057.295608659
20260101,033000,136500,137200,134511,135573,4238213.898856668
20260102,033000,135600,137298,135001,135529,3702923.024789157
20260103,033000,135530,138300,135500,137015,4732208.102629386
20260104,033000,137015,138863,136824,138501,4491351.06964977
20260105,033000,138501,147000,138471,145012,8032432.955847218
20260106,033000,145013,148990,144000,148200,8508118.767309373
20260107,033000,148200,149900,146600,148699,5164673.593051924
20260108,033000,148769,148899,145502,145770,4838597.011397864
20260109,033000,145770,146840,140500,141500,2568972.48997856
20260110,033000,141500,145804,140802,143589,2350882.7926919786
20260111,033000,143588,145000,143280,144190,1633363.5717732748
20260112,033000,144193,144800,142800,143259,1591902.8108260345
20260113,033000,143262,143750,142000,142031,1867276.737051128
20260114,033000,142019,142970,141199,142401,2091966.9781505566
20260115,033000,142460,143998,142241,143690,2950122.6634920905
20260116,033000,143689,144599,143590,143700,2573366.748791101
20260117,033000,143700,143850,142850,143115,2207892.1970754066
20260118,033000,143114,143700,141601,141878,2422174.769102462
20260119,033000,141878,143000,138301,140066,4311927.02385671
20260120,033000,139989,140999,138333,140641,3984093.8732365845
20260121,033000,140641,142800,140029,141178,3215605.3025341863
20260122,033000,141225,141775,140381,141219,2503263.583200393
20260123,033000,141217,141439,140600,140785,2533711.218867855
20260124,033000,140671,142400,140624,141292,3632884.204884382
20260125,033000,141292,144000,141139,143025,3288055.381179472
20260126,033000,143061,147300,142650,146482,4314442.93318993
20260127,033000,146327,152899,145500,151202,5681348.177379068
20260128,033000,151202,161995,151000,161535,7845044.538236127
20260129,033000,161533,167500,151336,160603,12699270.487866033
20260130,033000,160606,163998,157505,159521,5021502.733752622
20260131,033000,159521,166120,157284,160160,8658226.741051417
20260201,033000,160160,162218,158800,160820,4529389.695581301
20260202,033000,160803,161808,154200,156860,6246408.270383257
20260203,033000,156860,163990,156195,161200,5192163.358596455
20260204,033000,161202,167750,158600,161199,6879822.337066077
20260205,033000,161101,165500,160600,164898,4825493.890333678
20260206,033000,164898,167000,160301,164070,6516261.126919272
20260207,033000,164198,164328,158222,158878,5042215.6299449075
20260208,033000,158877,163000,158500,162278,3656839.8062763694
20260209,033000,162277,164821,161800,162999,3988234.243437259
20260210,033000,162999,166000,162851,165500,3447148.3012778256
20260211,033000,165500,166600,164500,164802,3748660.6673929403
20260212,033000,164920,165005,162688,163582,3305460.020978508
20260213,033000,163582,164490,160798,161213,2863383.169650127
20260214,033000,161285,162500,159462,159883,4153254.560876067
20260215,033000,159819,161500,159500,161150,3360333.9876081385
20260216,033000,161079,162399,159800,160150,3290818.0647511887
20260217,033000,160088,163745,160080,161899,4489532.479082463
20260218,033000,161900,164217,161830,163952,3898046.269622844
20260219,033000,163952,165700,163584,165090,4229259.564370661
20260220,033000,165090,165888,164251,164550,2706998.532893712
20260221,033000,164550,165799,164500,165365,2891470.296401027
20260222,033000,165365,166701,164600,164600,4276126.737417015
20260223,033000,164600,166149,164520,165299,3973731.2831296297
20260224,033000,165101,166000,165010,165450,3020101.504647331
20260225,033000,165479,167301,165002,165008,4166988.842676048
20260226,033000,165008,166722,163350,165500,4538397.780981863
20260227,033000,165500,169000,165400,167900,3260758.9361130674
20260228,033000,167880,179112,164500,169260,8600850.240914846
20260301,033000,169302,171280,145000,158850,7680418.830734072
20260302,033000,158804,161000,156000,157385,1989004.309738035
20260303,033000,157000,158950,156145,157332,1965546.517679497
20260304,033000,157398,158225,153700,153838,2220382.0384402354
20260305,033000,153840,156900,153301,155535,1542806.6343343258
20260306,033000,155535,156500,155000,155718,1058587.4837734895
20260307,033000,155962,156100,150000,151403,2806804.31437831
20260308,033000,151551,153000,148505,151500,2217303.109879078
20260309,033000,151499,154990,149001,149011,2555362.657890269
20260310,033000,149009,149850,145300,146248,2249178.9359465656
20260311,033000,146247,147700,140666,142785,2147604.755042896
20260312,033000,142768,144222,141100,143493,2005498.4114917894
20260313,033000,143278,144222,142101,142912,1187639.475572825
20260314,033000,142912,147750,142800,145698,2150801.6427751915
20260315,033000,145700,145900,144005,144185,1799927.981854635
20260316,033000,144036,144400,142700,143671,2304512.7468042476
20260317,033000,143671,147000,143671,146581,2276686.7719436036
20260318,033000,146581,153570,146010,151152,3288787.2517174464
20260319,033000,151152,155000,149900,153726,2973482.165263296
20260320,033000,153951,156400,153311,155717,1535802.7579345405
20260321,033000,155586,156370,152600,154960,1790222.8342921596
20260322,033000,154923,159998,154290,159888,2099309.6968080103
20260323,033000,159888,163100,154200,155734,3974663.3447357235
20260324,033000,155734,157240,153088,154214,2182476.3795383875
20260325,033000,154214,154900,151101,154100,2607406.603021669
20260326,033000,154101,156500,153200,155155,2389952.15018943
20260327,033000,155155,156390,153800,155495,1654249.1816658564
20260328,033000,155479,156380,154505,154912,1479323.5027128304
20260329,033000,154912,156500,154800,156149,1373014.8364716468
20260330,033000,156000,157937,155891,156890,1622451.6873944504
20260331,033000,156673,157850,156551,157290,1535758.5968188278
20260401,033000,157290,157783,156100,156635,1604029.5432962028
20260402,033000,156635,159948,156538,159200,1862912.7982622066
20260403,033000,159199,159598,157500,158150,1103862.0843179633
20260404,033000,158278,158437,156800,156926,1961070.7055001962
20260405,033000,156926,157879,156557,157597,1651849.935662351
20260406,033000,157596,158384,156050,157502,2621895.6693493365
20260407,033000,157502,161448,157501,158690,3947413.124847535
20260408,033000,158691,158875,146484,155900,7432768.206235391
20260409,033000,155852,156998,154999,155076,2528500.2877374273
20260410,033000,155076,155940,152052,152310,2357344.403901539
20260411,033000,152100,153890,150506,151989,3610346.8846609914
20260412,033000,151990,158853,151000,157282,4506724.018767661
20260413,033000,157282,160573,156650,157488,4380770.936969156
20260414,033000,157488,157963,155032,155656,3085306.815129093
20260415,033000,155656,156750,153600,153971,3391090.594176617
20260416,033000,153902,154550,151770,152680,3077319.40587177
20260417,033000,152680,153750,148700,150860,4924201.278016889
20260418,033000,150860,153900,148250,153465,5508833.809679521
20260419,033000,153489,154050,150251,152998,4175083.511553092
20260420,033000,153000,154000,150898,151100,3547848.65386726
20260421,033000,151188,153998,150900,151289,3923201.657373056
20260422,033000,151261,154069,151098,153200,4266506.071233272
20260423,033000,153200,154988,153023,154125,2782175.380051741
20260424,033000,154174,154500,152485,152789,2563720.686568797
20260425,033000,152789,155440,152536,154805,3263209.4008392463
20260426,033000,154803,156247,154100,155414,3614150.92210038
20260427,033000,155496,161160,155200,158534,4962350.01540297
20260428,033000,158551,168000,158500,165416,9088719.548564984
20260429,033000,165416,179800,165411,176851,15283915.543549431
20260430,033000,176851,178990,175010,176598,4380903.62077269
20260501,033000,176598,177200,174700,175521,3620144.6500964654
20260502,033000,175521,185499,175505,183100,9191352.447459469
20260503,033000,183052,189877,183000,188780,8327875.881688022
20260504,033000,188780,189596,170000,179150,12775891.466519048
20260505,033000,179150,183800,178180,180055,6681065.388205962
20260506,033000,180053,182498,173000,176000,8922135.777541038
20260507,033000,176000,179777,173701,178900,5842346.064648407
20260508,033000,178899,182790,176800,177710,4669249.660244706
20260509,033000,177710,178900,177002,177460,3359427.809130378
20260510,033000,177500,178350,175333,177500,4587282.879316159
20260511,033000,177509,182000,177008,180455,6072148.525957138
20260512,033000,180455,184450,179860,180800,5511709.396312143
20260513,033000,180800,181389,179001,179835,4206829.215591035
20260514,033000,179883,180750,178700,179920,3323096.163830126
20260515,033000,179920,181300,178860,178883,3571947.3690645057
20260516,033000,178883,180179,178400,179995,3460326.975148471
20260517,033000,179995,180847,179258,180100,2711423.0345872664
20260518,033000,180100,181300,178610,178977,3868799.90082131
20260519,033000,178975,179049,177500,178300,3292413.296163461
20260520,033000,178300,179998,176050,176200,3910773.426783727
20260521,033000,176200,178425,176001,177808,2825041.2691822452
20260522,033000,177816,178454,176100,176200,2298854.920918673
20260523,033000,176200,178230,172112,174000,4633164.816335375
20260524,033000,174000,174500,165000,173777,8183620.37350093
20260525,033000,173776,175390,170600,170982,4418969.495598126
20260526,033000,170977,174630,170687,171899,3881419.004230686
20260527,033000,171897,172899,171200,171760,2286681.2017915905
20260528,033000,171786,174798,171510,173920,3613840.4943571673
20260529,033000,173890,173978,169400,170715,3395723.3366058585
20260530,033000,170725,171559,170100,170400,2895781.908890314
20260531,033000,170400,171333,169810,171078,3013546.7374158087
20260601,033000,171000,176500,170600,173052,5229206.634100363
20260602,033000,173054,175500,172500,172500,3892133.9741643565
20260603,033000,172500,173500,170349,172910,4440815.69449076
20260604,033000,172910,173900,172225,173699,2450163.2541718064
20260605,033000,173511,175000,173200,174185,3167280.4679432334
20260606,033000,174184,175889,174066,175040,3324508.883099617
20260607,033000,175045,180899,174100,176300,5535289.394912078
20260608,033000,176350,179400,176000,176722,3757196.403405073
20260609,033000,176722,177997,175506,176750,3162582.5043937527
20260610,033000,176750,179499,176351,179400,3342015.122389499
20260611,033000,179399,181665,175600,176787,4732140.074070722
20260612,033000,176789,177899,172501,172880,4000704.684247827
20260613,033000,172881,173989,168500,169022,4268480.733762358
20260614,033000,169022,173500,167500,171998,4409244.114782343
20260615,033000,171998,172000,158600,158600,8272572.691437068
20260616,033000,158600,162000,153500,153958,5949530.94686103
20260617,033000,153958,159490,153610,155495,4952947.61919782
20260618,033000,155495,157999,152245,157480,4212275.166971776
20260619,033000,157480,163500,156900,159192,4014530.162165526
20260620,033000,159186,162369,158344,158992,4046785.694664738
20260621,033000,158995,161480,158000,160448,2974457.752343211
20260622,033000,160448,160740,158610,159800,2958118.225460959
20260623,033000,159652,163330,159500,163299,2925921.1023092326
20260624,033000,163298,168772,162728,168000,3994469.4784405353
20260625,033000,167901,168600,165479,168449,2747601.940884785
20260626,033000,168380,168750,165071,166949,2407961.6498603243
20260627,033000,166950,168648,166000,168191,2699658.188515428
20260628,033000,168191,174800,167924,173013,5004737.562094636
20260629,033000,173071,173300,170000,170717,3921085.804247314
20260630,033000,170998,173400,170613,173400,2653493.1076194793
20260701,033000,173400,175698,172611,175306,4104993.1470235493
20260702,033000,175305,177589,174750,177000,3191759.601391556
20260703,033000,177000,177585,175251,175588,2194610.255925254
20260704,033000,175436,176110,173150,173302,3336748.9258782403
20260705,033000,173302,175000,173302,174610,1822890.0162041564
20260706,033000,174613,175750,174015,174304,2092270.2270829482
20260707,033000,174283,177490,173800,177250,3116970.2175115035
20260708,033000,177250,181000,177000,180353,5687937.713765137
20260709,033000,180353,182000,179500,180400,3111462.599612837
20260710,033000,180400,180900,177779,178030,2739829.5647700634
20260711,033000,178031,178700,176519,177776,3303456.6995331896
20260712,033000,177776,180823,177480,179402,3712981.259957629
20260713,033000,179401,182866,178950,182495,3618213.4435824906
20260714,033000,182301,184650,182200,183928,4281074.62805954
20260715,033000,183850,188845,182820,187700,5442086.520179035
20260716,033000,187700,188700,187031,188315,2810125.715018311
20260717,033000,188300,196000,188218,192400,4876221.537358995
20260718,033000,192400,195889,191850,195474,3891058.899100521
20260719,033000,195474,195850,189001,190750,5435210.642806757
20260720,033000,190730,192600,187500,188140,4555926.714361463
20260721,033000,188140,190700,187808,190399,3403442.414417537
20260722,033000,190399,193410,189620,193100,3273509.783296501
20260723,033000,192950,194990,191770,194870,3668622.5667989803
20260724,033000,194863,195000,191461,191800,3193556.294904654
20260725,033000,191799,193313,187501,187640,5650428.423703994
20260726,033000,187600,188888,185100,188499,4623404.966727677
20260727,033000,188499,191150,187125,189085,4410434.416729288
20260728,033000,189087,191621,188753,191297,3003804.7270438964
20260729,033000,191257,194761,190505,193700,3885818.5426288205
20260730,033000,193513,194649,192250,193616,2708414.7065524226
20260731,033000,193887,194390,192800,193352,1889343.420914948
20260801,033000,193369,195747,193300,195013,3308751.941357787
20260802,033000,195013,195743,189208,191430,4908649.571480078
20260803,033000,191430,192617,190501,192400,3156893.4157265
20260804,033000,192400,192650,188500,189894,3310521.766481913
20260805,033000,189895,190650,186809,187896,4640210.028214617
20260806,033000,187980,188999,186503,188980,3610570.1762517677
20260807,033000,188975,188999,186000,186930,3072957.4842163804
20260808,033000,186765,187276,185700,185903,3622970.5912243724
20260809,033000,185904,186850,185003,185299,4009885.699368679
20260810,033000,185299,186850,185000,186140,3793650.1926599005
20260811,033000,186036,188500,185800,187900,3669768.1499086902
20260812,033000,187900,188107,186480,187149,2614417.500091179
20260813,033000,187149,187300,186420,186684,1869633.7662972496
20260814,033000,186684,187850,186683,186900,1665002.8826282467
20260815,033000,186754,187084,186000,186685,2393571.1599498102
20260816,033000,186411,187000,185499,186160,2410887.4238144034
20260817,033000,186273,186899,185150,185805,3159169.059357497
20260818,033000,186000,188295,185502,188295,2750693.0037091076
20260819,033000,188210,189744,187250,187803,4880981.69309556
20260820,033000,187804,189500,187100,188400,4325302.952904431
20260821,033000,188400,189155,187500,187521,3330286.671432273
20260822,033000,187521,192230,186350,191550,6662167.517624673
20260823,033000,191550,198320,191051,196999,8495246.47134604
20260824,033000,196999,202000,196650,200650,7151682.558453629
20260825,033000,200750,204000,196055,198011,9402123.033887774
20260826,033000,198011,199898,196555,198799,4512465.058324406
20260827,033000,198800,201022,198008,199884,3515076.506662785
20260828,033000,200000,202000,199476,201763,3002635.0253701117
20260829,033000,201890,204896,201400,204571,5223179.628700512
20260830,033000,204571,206499,203901,206104,3988695.273759895
20260831,033000,206104,209650,205977,208975,6434785.6618543025
20260901,033000,208999,214709,205000,213200,8550644.079840826
20260902,033000,213200,219899,212501,218773,8504550.57453526
20260903,033000,218773,222458,218505,219848,6513448.710198952
20260904,033000,219860,221799,215555,219531,5893327.999062168
20260905,033000,219570,226000,218389,225502,7403334.96583235
20260906,033000,225501,229900,222100,225681,9900556.574505547
20260907,033000,225681,227998,223000,223798,5493313.574176601
20260908,033000,223800,229490,223458,228898,6083765.501593008
20260909,033000,228898,241185,228300,234839,10405396.423149806
20260910,033000,234869,237500,233300,235790,6552902.395662588
20260911,033000,235790,236850,234011,236199,2925961.0881674746
20260912,033000,236199,237980,230850,231050,6765488.674644367
20260913,033000,231050,233500,226000,232283,8770912.348040963
20260914,033000,232350,234899,227205,229950,5955531.1749124015
20260915,033000,229981,231700,228550,231240,3484992.315820672
20260916,033000,231240,232400,229151,230203,3785339.015206569
20260917,033000,230203,230699,226500,227854,4908148.846918698
20260918,033000,228082,228846,226510,226891,3491438.224788953
20260919,033000,226891,230000,226500,228097,5467422.142569616
20260920,033000,228050,231688,227601,229605,5960716.504546229
20260921,033000,229605,230388,228100,228845,3412806.9037670656
