date,open,high,low,close,volume
1994-08-31,5.36,5.45,5.36,5.43,0
1994-09-01,5.42,5.45,5.42,5.44,0
1994-09-02,5.47,5.5,5.41,5.41,0
1994-09-06,5.42,5.49,5.42,5.45,0
1994-09-07,5.53,5.53,5.5,5.5,0
1994-09-08,5.48,5.49,5.44,5.44,0
1994-09-09,5.45,5.51,5.45,5.51,0
1994-09-12,5.5,5.52,5.46,5.48,0
1994-09-13,5.46,5.49,5.44,5.47,0
1994-09-14,5.47,5.49,5.43,5.43,0
1994-09-15,5.37,5.41,5.37,5.38,0
1994-09-16,5.4,5.51,5.4,5.42,0
1994-09-19,5.4,5.43,5.4,5.41,0
1994-09-20,5.48,5.64,5.48,5.61,0
1994-09-21,5.63,5.64,5.6,5.6,0
1994-09-22,5.59,5.69,5.59,5.69,0
1994-09-23,5.67,5.73,5.67,5.69,0
1994-09-26,5.66,5.66,5.66,5.66,0
1994-09-27,5.66,5.66,5.66,5.66,0
1994-09-28,5.64,5.64,5.64,5.64,0
1994-09-29,5.64,5.64,5.64,5.64,0
1994-09-30,5.59,5.59,5.59,5.59,0
1994-10-03,5.66,5.66,5.66,5.66,0
1994-10-04,5.61,5.61,5.61,5.61,0
1994-10-05,5.6,5.6,5.6,5.6,0
1994-10-06,5.62,5.62,5.62,5.62,0
1994-10-07,5.6,5.6,5.6,5.6,0
1994-10-10,5.37,5.37,5.37,5.37,0
1994-10-11,5.5,5.5,5.5,5.5,0
1994-10-12,5.48,5.48,5.48,5.48,0
1994-10-13,5.35,5.35,5.35,5.35,0
1994-10-14,5.35,5.35,5.35,5.35,0
1994-10-17,5.4,5.4,5.4,5.4,0
1994-10-18,5.36,5.36,5.36,5.36,0
1994-10-19,5.38,5.38,5.38,5.38,0
1994-10-20,5.41,5.41,5.41,5.41,0
1994-10-21,5.29,5.29,5.29,5.29,0
1994-10-24,5.32,5.32,5.32,5.32,0
1994-10-25,5.3,5.3,5.3,5.3,0
1994-10-26,5.38,5.38,5.38,5.38,0
1994-10-27,5.43,5.43,5.43,5.43,0
1994-10-28,5.35,5.35,5.35,5.35,0
1994-10-31,5.25,5.25,5.25,5.25,0
1994-11-01,5.28,5.28,5.28,5.28,0
1994-11-02,5.32,5.32,5.32,5.32,0
1994-11-03,5.27,5.27,5.27,5.27,0
1994-11-04,5.24,5.24,5.24,5.24,0
1994-11-07,5.19,5.19,5.19,5.19,0
1994-11-08,5.21,5.21,5.21,5.21,0
1994-11-09,5.11,5.11,5.11,5.11,0
1994-11-10,5.17,5.17,5.17,5.17,0
1994-11-11,5.17,5.17,5.17,5.17,0
1994-11-14,5.18,5.18,5.18,5.18,0
1994-11-15,5.21,5.21,5.21,5.21,0
1994-11-16,5.22,5.22,5.22,5.22,0
1994-11-17,5.23,5.23,5.23,5.23,0
1994-11-18,5.14,5.14,5.14,5.14,0
1994-11-21,5.16,5.16,5.16,5.16,0
1994-11-22,5.15,5.15,5.15,5.15,0
1994-11-23,5.15,5.15,5.15,5.15,0
1994-11-24,5.18,5.18,5.15,5.15,0
1994-11-25,5.15,5.15,5.15,5.15,0
1994-11-28,5.1,5.1,5.1,5.1,0
1994-11-29,5.06,5.06,5.06,5.06,0
1994-11-30,4.9,4.9,4.9,4.9,0
1994-12-01,4.91,4.91,4.91,4.91,0
1994-12-02,4.7,4.7,4.7,4.7,0
1994-12-05,4.57,4.57,4.57,4.57,0
1994-12-06,4.65,4.65,4.65,4.65,0
1994-12-07,4.64,4.64,4.64,4.64,0
1994-12-08,4.67,4.67,4.67,4.67,0
1994-12-09,4.69,4.69,4.69,4.69,0
1994-12-12,4.78,4.78,4.78,4.78,0
1994-12-13,4.78,4.78,4.78,4.78,0
1994-12-14,4.78,4.78,4.78,4.78,0
1994-12-15,4.8,4.8,4.8,4.8,0
1994-12-16,4.78,4.78,4.78,4.78,0
1994-12-19,4.77,4.77,4.77,4.77,0
1994-12-20,4.83,4.83,4.83,4.83,0
1994-12-21,4.79,4.79,4.79,4.79,0
1994-12-22,4.77,4.77,4.77,4.77,0
1994-12-23,4.78,4.78,4.78,4.78,0
1994-12-27,4.8,4.8,4.8,4.8,0
1994-12-28,4.9,4.9,4.9,4.9,0
1994-12-29,4.87,4.87,4.87,4.87,0
1994-12-30,4.87,4.87,4.87,4.87,0
1995-01-03,4.73,4.73,4.73,4.73,0
1995-01-04,4.6,4.6,4.6,4.6,0
1995-01-05,4.71,4.71,4.71,4.71,0
1995-01-06,4.63,4.63,4.63,4.63,0
1995-01-09,4.67,4.67,4.67,4.67,0
1995-01-10,4.66,4.66,4.66,4.66,0
1995-01-11,4.71,4.71,4.71,4.71,0
1995-01-12,4.84,4.84,4.84,4.84,0
1995-01-13,4.81,4.81,4.81,4.81,0
1995-01-16,4.76,4.79,4.76,4.78,0
1995-01-17,4.86,4.86,4.86,4.86,0
1995-01-18,4.87,4.87,4.87,4.87,0
1995-01-19,4.89,4.89,4.89,4.89,0
1995-01-20,4.91,4.91,4.91,4.91,0
1995-01-23,4.81,4.81,4.81,4.81,0
1995-01-24,4.83,4.83,4.83,4.83,0
1995-01-25,4.78,4.78,4.78,4.78,0
1995-01-26,4.79,4.79,4.79,4.79,0
1995-01-27,4.66,4.66,4.66,4.66,0
1995-01-30,4.72,4.72,4.72,4.72,0
1995-01-31,4.66,4.66,4.66,4.66,0
1995-02-01,4.66,4.66,4.66,4.66,0
1995-02-02,4.71,4.71,4.71,4.71,0
1995-02-03,4.67,4.67,4.67,4.67,0
1995-02-06,4.69,4.69,4.69,4.69,0
1995-02-07,4.67,4.67,4.67,4.67,0
1995-02-08,4.72,4.72,4.72,4.72,0
1995-02-09,4.77,4.77,4.77,4.77,0
1995-02-10,4.76,4.76,4.76,4.76,0
1995-02-13,4.72,4.72,4.72,4.72,0
1995-02-14,4.75,4.75,4.75,4.75,0
1995-02-15,4.73,4.73,4.73,4.73,0
1995-02-16,4.73,4.73,4.73,4.73,0
1995-02-17,4.77,4.77,4.77,4.77,0
1995-02-20,4.77,4.78,4.77,4.77,0
1995-02-21,4.74,4.74,4.74,4.74,0
1995-02-22,4.83,4.83,4.83,4.83,0
1995-02-23,4.81,4.81,4.81,4.81,0
1995-02-24,4.63,4.63,4.63,4.63,0
1995-02-27,4.5,4.5,4.5,4.5,0
1995-02-28,4.53,4.53,4.53,4.53,0
1995-03-01,4.39,4.39,4.39,4.39,0
1995-03-02,4.42,4.42,4.42,4.42,0
1995-03-03,4.4,4.4,4.4,4.4,0
1995-03-06,4.47,4.47,4.47,4.47,0
1995-03-07,4.67,4.67,4.67,4.67,0
1995-03-08,4.54,4.54,4.54,4.54,0
1995-03-09,4.6,4.6,4.6,4.6,0
1995-03-10,4.56,4.56,4.56,4.56,0
1995-03-13,4.7,4.7,4.7,4.7,0
1995-03-14,4.68,4.68,4.68,4.68,0
1995-03-15,4.76,4.76,4.76,4.76,0
1995-03-16,4.73,4.73,4.73,4.73,0
1995-03-17,4.71,4.71,4.71,4.71,0
1995-03-20,4.67,4.67,4.67,4.67,0
1995-03-21,4.61,4.61,4.61,4.61,0
1995-03-22,4.65,4.65,4.65,4.65,0
1995-03-23,4.68,4.68,4.68,4.68,0
1995-03-24,4.61,4.61,4.61,4.61,0
1995-03-27,4.61,4.61,4.61,4.61,0
1995-03-28,4.74,4.74,4.74,4.74,0
1995-03-29,4.78,4.78,4.78,4.78,0
1995-03-30,5.23,5.23,5.23,5.23,0
1995-03-31,5.3,5.3,5.3,5.3,0
1995-04-03,5.29,5.29,5.29,5.29,0
1995-04-04,5.28,5.28,5.28,5.28,0
1995-04-05,5.39,5.39,5.39,5.39,0
1995-04-06,5.4,5.4,5.4,5.4,0
1995-04-07,5.39,5.39,5.39,5.39,0
1995-04-10,5.24,5.24,5.24,5.24,0
1995-04-11,5.33,5.33,5.33,5.33,0
1995-04-12,5.32,5.32,5.32,5.32,0
1995-04-13,5.37,5.37,5.37,5.37,0
1995-04-14,5.27,5.38,5.27,5.36,0
1995-04-17,5.72,5.72,5.72,5.72,0
1995-04-18,5.86,5.86,5.86,5.86,0
1995-04-19,5.79,5.79,5.79,5.79,0
1995-04-20,5.68,5.68,5.68,5.68,0
1995-04-21,5.66,5.66,5.66,5.66,0
1995-04-24,5.66,5.66,5.66,5.66,0
1995-04-25,5.71,5.71,5.71,5.71,0
1995-04-26,5.56,5.56,5.56,5.56,0
1995-04-27,5.76,5.76,5.76,5.76,0
1995-04-28,5.72,5.72,5.72,5.72,0
1995-05-01,5.85,5.85,5.85,5.85,0
1995-05-02,5.91,5.91,5.91,5.91,0
1995-05-03,5.96,5.96,5.96,5.96,0
1995-05-04,6.1,6.1,6.1,6.1,0
1995-05-05,6.05,6.05,6.05,6.05,0
1995-05-08,5.99,5.99,5.99,5.99,0
1995-05-09,5.46,5.46,5.46,5.46,0
1995-05-10,5.39,5.39,5.39,5.39,0
1995-05-11,5.33,5.33,5.33,5.33,0
1995-05-12,5.3,5.3,5.3,5.3,0
1995-05-15,5.43,5.43,5.43,5.43,0
1995-05-16,5.41,5.41,5.41,5.41,0
1995-05-17,5.37,5.37,5.37,5.37,0
1995-05-18,5.37,5.37,5.37,5.37,0
1995-05-19,5.35,5.35,5.35,5.35,0
1995-05-22,5.27,5.27,5.27,5.27,0
1995-05-23,5.39,5.39,5.39,5.39,0
1995-05-24,5.49,5.49,5.49,5.49,0
1995-05-25,5.45,5.45,5.45,5.45,0
1995-05-26,5.45,5.45,5.45,5.45,0
1995-05-29,5.48,5.51,5.45,5.45,0
1995-05-30,5.29,5.29,5.29,5.29,0
1995-05-31,5.3,5.3,5.3,5.3,0
1995-06-01,5.35,5.35,5.35,5.35,0
1995-06-02,5.24,5.24,5.24,5.24,0
1995-06-05,5.32,5.32,5.32,5.32,0
1995-06-06,5.3,5.3,5.3,5.3,0
1995-06-07,5.35,5.35,5.35,5.35,0
1995-06-08,5.31,5.31,5.31,5.31,0
1995-06-09,5.45,5.45,5.45,5.45,0
1995-06-12,5.38,5.38,5.38,5.38,0
1995-06-13,5.35,5.35,5.35,5.35,0
1995-06-14,5.31,5.31,5.31,5.31,0
1995-06-15,5.44,5.44,5.44,5.44,0
1995-06-16,5.41,5.41,5.41,5.41,0
1995-06-19,5.44,5.55,5.44,5.5,0
1995-06-20,5.47,5.47,5.47,5.47,0
1995-06-21,5.48,5.48,5.48,5.48,0
1995-06-22,5.36,5.36,5.36,5.36,0
1995-06-23,5.35,5.35,5.35,5.35,0
1995-06-26,5.33,5.33,5.33,5.33,0
1995-06-27,5.33,5.33,5.33,5.33,0
1995-06-28,5.25,5.25,5.25,5.25,0
1995-06-29,5.32,5.32,5.32,5.32,0
1995-06-30,5.06,5.06,5.06,5.06,0
1995-07-03,5.1,5.1,5.1,5.1,0
1995-07-04,5.09,5.09,5.09,5.09,0
1995-07-05,5.08,5.08,5.08,5.08,0
1995-07-06,5.09,5.09,5.09,5.09,0
1995-07-07,5.17,5.17,5.17,5.17,0
1995-07-10,5.15,5.15,5.15,5.15,0
1995-07-11,5.15,5.15,5.15,5.15,0
1995-07-12,5.26,5.26,5.26,5.26,0
1995-07-13,5.22,5.22,5.22,5.22,0
1995-07-14,5.24,5.24,5.24,5.24,0
1995-07-17,5.35,5.35,5.35,5.35,0
1995-07-18,5.33,5.33,5.33,5.33,0
1995-07-19,5.2,5.2,5.2,5.2,0
1995-07-20,5.14,5.14,5.14,5.14,0
1995-07-21,5.21,5.21,5.21,5.21,0
1995-07-24,5.19,5.19,5.19,5.19,0
1995-07-25,5.16,5.16,5.16,5.16,0
1995-07-26,5.19,5.19,5.19,5.19,0
1995-07-27,5.13,5.13,5.13,5.13,0
1995-07-28,5.08,5.08,5.08,5.08,0
1995-07-31,5.05,5.05,5.05,5.05,0
1995-08-01,5.31,5.31,5.31,5.31,0
1995-08-02,5.1,5.1,5.1,5.1,0
1995-08-03,5.16,5.16,5.16,5.16,0
1995-08-04,5.2,5.22,5.17,5.17,0
1995-08-07,5.2,5.2,5.2,5.2,0
1995-08-08,5.26,5.26,5.26,5.26,0
1995-08-09,5.26,5.26,5.26,5.26,0
1995-08-10,5.27,5.27,5.27,5.27,0
1995-08-11,5.25,5.25,5.25,5.25,0
1995-08-14,5.38,5.38,5.38,5.38,0
1995-08-15,5.37,5.37,5.37,5.37,0
1995-08-16,5.38,5.38,5.38,5.38,0
1995-08-17,5.59,5.59,5.59,5.59,0
1995-08-18,5.69,5.69,5.69,5.69,0
1995-08-21,5.8,5.8,5.8,5.8,0
1995-08-22,5.66,5.66,5.66,5.66,0
1995-08-23,5.57,5.65,5.57,5.64,0
1995-08-24,5.61,5.61,5.61,5.61,0
1995-08-25,5.6,5.6,5.6,5.6,0
1995-08-28,5.62,5.62,5.62,5.62,0
1995-08-29,5.25,5.25,5.25,5.25,0
1995-08-30,5.42,5.46,5.21,5.21,0
1995-08-31,5.35,5.35,5.35,5.35,0
1995-09-01,5.35,5.36,5.3,5.32,0
1995-09-04,5.31,5.33,5.31,5.31,0
1995-09-05,5.22,5.25,5.22,5.23,0
1995-09-06,5.32,5.32,5.32,5.32,0
1995-09-07,5.44,5.44,5.44,5.44,0
1995-09-08,5.45,5.45,5.45,5.45,0
1995-09-11,5.51,5.51,5.51,5.51,0
1995-09-12,5.53,5.53,5.53,5.53,0
1995-09-13,5.42,5.42,5.42,5.42,0
1995-09-14,5.51,5.51,5.51,5.51,0
1995-09-15,5.47,5.47,5.47,5.47,0
1995-09-18,5.55,5.55,5.55,5.55,0
1995-09-19,5.5,5.5,5.5,5.5,0
1995-09-20,5.43,5.43,5.43,5.43,0
1995-09-21,5.43,5.43,5.43,5.43,0
1995-09-22,5.44,5.44,5.44,5.44,0
1995-09-25,5.45,5.45,5.45,5.45,0
1995-09-26,5.48,5.48,5.48,5.48,0
1995-09-27,5.47,5.47,5.47,5.47,0
1995-09-28,5.5,5.5,5.5,5.5,0
1995-09-29,5.48,5.48,5.48,5.48,0
1995-10-02,5.3,5.3,5.3,5.3,0
1995-10-03,5.29,5.29,5.29,5.29,0
1995-10-04,5.33,5.33,5.33,5.33,0
1995-10-05,5.29,5.29,5.29,5.29,0
1995-10-06,5.37,5.37,5.37,5.37,0
1995-10-09,5.44,5.44,5.44,5.44,0
1995-10-10,5.44,5.44,5.44,5.44,0
1995-10-11,5.44,5.44,5.44,5.44,0
1995-10-12,5.39,5.39,5.39,5.39,0
1995-10-13,5.39,5.39,5.39,5.39,0
1995-10-16,5.36,5.36,5.36,5.36,0
1995-10-17,5.34,5.34,5.34,5.34,0
1995-10-18,5.36,5.36,5.36,5.36,0
1995-10-19,5.32,5.32,5.32,5.32,0
1995-10-20,5.34,5.37,5.34,5.36,0
1995-10-23,5.35,5.35,5.35,5.35,0
1995-10-24,5.36,5.36,5.36,5.36,0
1995-10-25,5.45,5.45,5.45,5.45,0
1995-10-26,5.45,5.45,5.45,5.45,0
1995-10-27,5.3,5.3,5.3,5.3,0
1995-10-30,5.34,5.34,5.34,5.34,0
1995-10-31,5.35,5.35,5.35,5.35,0
1995-11-01,5.31,5.31,5.31,5.31,0
1995-11-02,5.34,5.34,5.34,5.34,0
1995-11-03,5.3,5.3,5.3,5.3,0
1995-11-06,5.26,5.26,5.26,5.26,0
1995-11-07,5.36,5.36,5.36,5.36,0
1995-11-08,5.35,5.35,5.35,5.35,0
1995-11-09,5.38,5.38,5.38,5.38,0
1995-11-10,5.43,5.43,5.43,5.43,0
1995-11-13,5.4,5.4,5.4,5.4,0
1995-11-14,5.32,5.32,5.32,5.32,0
1995-11-15,5.33,5.33,5.33,5.33,0
1995-11-16,5.33,5.33,5.33,5.33,0
1995-11-17,5.36,5.36,5.36,5.36,0
1995-11-20,5.35,5.35,5.35,5.35,0
1995-11-21,5.35,5.35,5.35,5.35,0
1995-11-22,5.17,5.17,5.17,5.17,0
1995-11-23,5.19,5.2,5.17,5.17,0
1995-11-24,5.2,5.2,5.2,5.2,0
1995-11-27,5.23,5.23,5.23,5.23,0
1995-11-28,5.24,5.24,5.24,5.24,0
1995-11-29,5.2,5.2,5.2,5.2,0
1995-11-30,5.24,5.24,5.24,5.24,0
1995-12-01,5.22,5.22,5.22,5.22,0
1995-12-04,5.2,5.2,5.2,5.2,0
1995-12-05,5.23,5.23,5.23,5.23,0
1995-12-06,5.26,5.26,5.26,5.26,0
1995-12-07,5.24,5.24,5.24,5.24,0
1995-12-08,5.22,5.22,5.22,5.22,0
1995-12-11,5.23,5.23,5.23,5.23,0
1995-12-12,5.17,5.17,5.17,5.17,0
1995-12-13,5.11,5.11,5.11,5.11,0
1995-12-14,5.11,5.15,5.11,5.11,0
1995-12-15,5.12,5.12,5.12,5.12,0
1995-12-18,5.16,5.16,5.16,5.16,0
1995-12-19,5.14,5.14,5.14,5.14,0
1995-12-20,5.16,5.16,5.16,5.16,0
1995-12-21,5.17,5.17,5.17,5.17,0
1995-12-22,5.3,5.3,5.3,5.3,0
1995-12-25,5.14,5.17,5.14,5.16,0
1995-12-27,5.17,5.17,5.17,5.17,0
1995-12-28,5.17,5.17,5.17,5.17,0
1995-12-29,5.16,5.16,5.16,5.16,0
1996-01-02,5.4,5.4,5.4,5.4,0
1996-01-03,5.38,5.38,5.38,5.38,0
1996-01-04,5.38,5.38,5.38,5.38,0
1996-01-05,5.53,5.53,5.53,5.53,0
1996-01-08,5.55,5.55,5.55,5.55,0
1996-01-09,5.55,5.55,5.55,5.55,0
1996-01-10,5.61,5.61,5.61,5.61,0
1996-01-11,5.5,5.5,5.5,5.5,0
1996-01-12,5.44,5.44,5.44,5.44,0
1996-01-15,5.41,5.41,5.41,5.41,0
1996-01-16,5.45,5.45,5.45,5.45,0
1996-01-17,5.49,5.49,5.49,5.49,0
1996-01-18,5.44,5.44,5.44,5.44,0
1996-01-19,5.44,5.44,5.44,5.44,0
1996-01-22,5.6,5.6,5.6,5.6,0
1996-01-23,5.55,5.55,5.55,5.55,0
1996-01-24,5.51,5.51,5.51,5.51,0
1996-01-25,5.58,5.58,5.58,5.58,0
1996-01-26,5.53,5.53,5.53,5.53,0
1996-01-29,5.53,5.53,5.53,5.53,0
1996-01-30,5.54,5.54,5.54,5.54,0
1996-01-31,5.57,5.57,5.57,5.57,0
1996-02-01,5.78,5.78,5.78,5.78,0
1996-02-02,5.82,5.82,5.82,5.82,0
1996-02-05,5.82,5.86,5.81,5.85,0
1996-02-06,5.76,5.76,5.76,5.76,0
1996-02-07,5.71,5.71,5.71,5.71,0
1996-02-08,5.73,5.73,5.73,5.73,0
1996-02-09,5.7,5.71,5.63,5.65,0
1996-02-12,5.68,5.68,5.68,5.68,0
1996-02-13,5.72,5.72,5.72,5.72,0
1996-02-14,5.74,5.74,5.74,5.74,0
1996-02-15,5.65,5.65,5.65,5.65,0
1996-02-16,5.68,5.68,5.68,5.68,0
1996-02-20,5.53,5.53,5.53,5.53,0
1996-02-21,5.54,5.54,5.54,5.54,0
1996-02-22,5.55,5.55,5.55,5.55,0
1996-02-23,5.47,5.47,5.47,5.47,0
1996-02-26,5.51,5.51,5.51,5.51,0
1996-02-27,5.46,5.46,5.46,5.46,0
1996-02-28,5.49,5.49,5.49,5.49,0
1996-02-29,5.5,5.5,5.5,5.5,0
1996-03-01,5.5,5.5,5.5,5.5,0
1996-03-04,5.42,5.42,5.42,5.42,0
1996-03-05,5.39,5.39,5.39,5.39,0
1996-03-06,5.4,5.4,5.4,5.4,0
1996-03-07,5.42,5.42,5.42,5.42,0
1996-03-08,5.49,5.49,5.49,5.49,0
1996-03-11,5.51,5.51,5.51,5.51,0
1996-03-12,5.57,5.57,5.57,5.57,0
1996-03-13,5.6,5.6,5.6,5.6,0
1996-03-14,5.57,5.57,5.57,5.57,0
1996-03-15,5.63,5.63,5.63,5.63,0
1996-03-18,5.56,5.56,5.56,5.56,0
1996-03-19,5.53,5.53,5.53,5.53,0
1996-03-20,5.57,5.57,5.57,5.57,0
1996-03-21,5.61,5.61,5.61,5.61,0
1996-03-22,5.63,5.63,5.63,5.63,0
1996-03-25,5.63,5.63,5.63,5.63,0
1996-03-26,5.69,5.69,5.69,5.69,0
1996-03-27,5.52,5.52,5.52,5.52,0
1996-03-28,5.52,5.52,5.52,5.52,0
1996-03-29,5.53,5.53,5.53,5.53,0
1996-04-01,5.55,5.55,5.55,5.55,0
1996-04-02,5.51,5.51,5.51,5.51,0
1996-04-03,5.52,5.52,5.52,5.52,0
1996-04-04,5.43,5.43,5.43,5.43,0
1996-04-08,5.56,5.56,5.56,5.56,0
1996-04-09,5.46,5.46,5.46,5.46,0
1996-04-10,5.5,5.5,5.5,5.5,0
1996-04-11,5.56,5.56,5.56,5.56,0
1996-04-12,5.51,5.51,5.51,5.51,0
1996-04-15,5.47,5.47,5.47,5.47,0
1996-04-16,5.28,5.28,5.28,5.28,0
1996-04-17,5.3,5.3,5.3,5.3,0
1996-04-18,5.27,5.27,5.27,5.27,0
1996-04-19,5.26,5.26,5.26,5.26,0
1996-04-22,5.33,5.33,5.33,5.33,0
1996-04-23,5.32,5.32,5.32,5.32,0
1996-04-24,5.29,5.29,5.29,5.29,0
1996-04-25,5.4,5.4,5.4,5.4,0
1996-04-26,5.35,5.35,5.35,5.35,0
1996-04-29,5.3,5.3,5.3,5.3,0
1996-04-30,5.3,5.3,5.3,5.3,0
1996-05-01,5.39,5.39,5.39,5.39,0
1996-05-02,5.39,5.39,5.39,5.39,0
1996-05-03,5.45,5.45,5.45,5.45,0
1996-05-06,5.46,5.46,5.46,5.46,0
1996-05-07,5.49,5.49,5.49,5.49,0
1996-05-08,5.44,5.44,5.44,5.44,0
1996-05-09,5.42,5.42,5.42,5.42,0
1996-05-10,5.36,5.36,5.36,5.36,0
1996-05-13,5.37,5.37,5.37,5.37,0
1996-05-14,5.48,5.48,5.48,5.48,0
1996-05-15,5.39,5.39,5.39,5.39,0
1996-05-16,5.36,5.36,5.36,5.36,0
1996-05-17,5.32,5.32,5.32,5.32,0
1996-05-20,5.29,5.29,5.29,5.29,0
1996-05-21,5.29,5.29,5.29,5.29,0
1996-05-22,5.33,5.33,5.33,5.33,0
1996-05-23,5.35,5.35,5.35,5.35,0
1996-05-24,5.33,5.33,5.33,5.33,0
1996-05-27,5.32,5.32,5.32,5.32,0
1996-05-28,5.36,5.36,5.36,5.36,0
1996-05-29,5.33,5.33,5.33,5.33,0
1996-05-30,5.34,5.34,5.34,5.34,0
1996-05-31,5.33,5.33,5.33,5.33,0
1996-06-03,5.38,5.38,5.38,5.38,0
1996-06-04,5.19,5.19,5.19,5.19,0
1996-06-05,5.16,5.16,5.16,5.16,0
1996-06-06,5.19,5.19,5.19,5.19,0
1996-06-07,5.18,5.18,5.18,5.18,0
1996-06-10,5.18,5.18,5.18,5.18,0
1996-06-11,5.1,5.1,5.1,5.1,0
1996-06-12,5.09,5.09,5.09,5.09,0
1996-06-13,5.07,5.07,5.07,5.07,0
1996-06-14,5.2,5.2,5.2,5.2,0
1996-06-17,5.2,5.2,5.2,5.2,0
1996-06-18,5.2,5.2,5.2,5.2,0
1996-06-19,5.13,5.13,5.13,5.13,0
1996-06-20,5.15,5.15,5.15,5.15,0
1996-06-21,5.13,5.13,5.13,5.13,0
1996-06-24,5.16,5.16,5.16,5.16,0
1996-06-25,5.17,5.17,5.17,5.17,0
1996-06-26,5.13,5.15,5.08,5.08,0
1996-06-27,5.01,5.01,5.01,5.01,0
1996-06-28,5.02,5.02,5.02,5.02,0
1996-07-01,5.06,5.06,5.06,5.06,0
1996-07-02,5.1,5.1,5.1,5.1,0
1996-07-03,5.13,5.13,5.13,5.13,0
1996-07-08,5.06,5.06,5.06,5.06,0
1996-07-09,5.1,5.1,5.1,5.1,0
1996-07-10,5.1,5.1,5.1,5.1,0
1996-07-11,5.13,5.13,5.13,5.13,0
1996-07-12,5.14,5.14,5.14,5.14,0
1996-07-15,5.15,5.15,5.15,5.15,0
1996-07-16,4.94,4.94,4.94,4.94,0
1996-07-17,4.96,4.96,4.96,4.96,0
1996-07-18,5,5,5,5,0
1996-07-19,4.97,4.97,4.97,4.97,0
1996-07-22,5.02,5.02,5.02,5.02,0
1996-07-23,4.98,4.98,4.98,4.98,0
1996-07-24,5.02,5.02,5.02,5.02,0
1996-07-25,5,5,5,5,0
1996-07-26,5.11,5.11,5.11,5.11,0
1996-07-29,5.07,5.07,5.07,5.07,0
1996-07-30,5.08,5.08,5.08,5.08,0
1996-07-31,5.15,5.15,5.15,5.15,0
1996-08-01,5.11,5.11,5.11,5.11,0
1996-08-02,5.07,5.07,5.07,5.07,0
1996-08-05,5.09,5.09,5.09,5.09,0
1996-08-06,5.04,5.04,5.04,5.04,0
1996-08-07,5.05,5.05,5.05,5.05,0
1996-08-08,5.1,5.1,5.1,5.1,0
1996-08-09,5.04,5.04,5.04,5.04,0
1996-08-12,5.07,5.07,5.07,5.07,0
1996-08-13,5.09,5.09,5.09,5.09,0
1996-08-14,5.05,5.05,5.05,5.05,0
1996-08-15,5.09,5.09,5.09,5.09,0
1996-08-16,5.08,5.08,5.08,5.08,0
1996-08-19,5.1,5.24,5.1,5.21,0
1996-08-20,5.2,5.23,5.2,5.21,0
1996-08-21,5.18,5.18,5.18,5.18,0
1996-08-22,5.22,5.22,5.22,5.22,0
1996-08-23,5.22,5.22,5.22,5.22,0
1996-08-26,5.27,5.27,5.27,5.27,0
1996-08-27,5.26,5.26,5.26,5.26,0
1996-08-28,5.18,5.18,5.18,5.18,0
1996-08-29,5.19,5.19,5.19,5.19,0
1996-08-30,5.16,5.16,5.16,5.16,0
1996-09-02,5.16,5.16,5.16,5.16,0
1996-09-03,5.17,5.17,5.17,5.17,0
1996-09-04,5.17,5.17,5.17,5.17,0
1996-09-05,5.14,5.14,5.14,5.14,0
1996-09-06,5.11,5.11,5.11,5.11,0
1996-09-09,5.08,5.08,5.08,5.08,0
1996-09-10,5.08,5.08,5.08,5.08,0
1996-09-11,5.1,5.1,5.1,5.1,0
1996-09-12,5.03,5.03,5.03,5.03,0
1996-09-13,5.03,5.03,5.03,5.03,0
1996-09-16,5.05,5.05,5.05,5.05,0
1996-09-17,5.05,5.05,5.05,5.05,0
1996-09-18,5.07,5.07,5.07,5.07,0
1996-09-19,4.94,4.94,4.94,4.94,0
1996-09-20,4.85,4.85,4.85,4.85,0
1996-09-23,4.88,4.88,4.88,4.88,0
1996-09-24,4.91,4.91,4.91,4.91,0
1996-09-25,4.9,4.9,4.9,4.9,0
1996-09-26,4.87,4.87,4.87,4.87,0
1996-09-27,4.9,4.9,4.9,4.9,0
1996-09-30,4.87,4.87,4.87,4.87,0
1996-10-01,4.9,4.9,4.9,4.9,0
1996-10-02,4.92,4.92,4.92,4.92,0
1996-10-03,4.89,4.89,4.89,4.89,0
1996-10-04,4.86,4.86,4.86,4.86,0
1996-10-07,4.87,4.87,4.87,4.87,0
1996-10-08,4.88,4.88,4.88,4.88,0
1996-10-09,4.96,4.96,4.96,4.96,0
1996-10-10,5.04,5.04,5.04,5.04,0
1996-10-11,5.05,5.05,5.05,5.05,0
1996-10-14,5.02,5.02,5.02,5.02,0
1996-10-15,5.03,5.03,5.03,5.03,0
1996-10-16,5.01,5.01,5.01,5.01,0
1996-10-17,4.89,4.89,4.89,4.89,0
1996-10-18,4.89,4.89,4.89,4.89,0
1996-10-21,4.93,4.93,4.93,4.93,0
1996-10-22,4.98,4.98,4.98,4.98,0
1996-10-23,4.98,4.98,4.98,4.98,0
1996-10-24,4.91,4.91,4.91,4.91,0
1996-10-25,4.91,4.91,4.91,4.91,0
1996-10-28,4.92,4.92,4.92,4.92,0
1996-10-29,4.82,4.82,4.82,4.82,0
1996-10-30,4.82,4.82,4.82,4.82,0
1996-10-31,4.81,4.81,4.81,4.81,0
1996-11-01,4.8,4.8,4.8,4.8,0
1996-11-04,4.81,4.81,4.81,4.81,0
1996-11-05,4.79,4.79,4.79,4.79,0
1996-11-06,4.71,4.71,4.71,4.71,0
1996-11-07,4.84,4.84,4.84,4.84,0
1996-11-08,4.85,4.85,4.85,4.85,0
1996-11-11,4.9,4.9,4.9,4.9,0
1996-11-12,4.88,4.88,4.88,4.88,0
1996-11-13,4.91,4.91,4.91,4.91,0
1996-11-14,4.84,4.84,4.84,4.84,0
1996-11-15,4.95,4.95,4.95,4.95,0
1996-11-18,4.89,4.89,4.89,4.89,0
1996-11-19,4.89,4.89,4.89,4.89,0
1996-11-20,4.96,4.96,4.96,4.96,0
1996-11-21,4.85,4.85,4.85,4.85,0
1996-11-22,4.87,4.87,4.85,4.85,0
1996-11-25,4.76,4.76,4.76,4.76,0
1996-11-26,4.74,4.74,4.74,4.74,0
1996-11-27,4.74,4.74,4.74,4.74,0
1996-11-28,4.74,4.75,4.74,4.74,0
1996-11-29,4.74,4.74,4.74,4.74,0
1996-12-02,4.7,4.7,4.7,4.7,0
1996-12-03,4.8,4.8,4.8,4.8,0
1996-12-04,4.84,4.84,4.84,4.84,0
1996-12-05,4.86,4.86,4.86,4.86,0
1996-12-06,4.77,4.77,4.77,4.77,0
1996-12-09,4.78,4.78,4.78,4.78,0
1996-12-10,4.82,4.82,4.82,4.82,0
1996-12-11,4.82,4.82,4.82,4.82,0
1996-12-12,4.83,4.83,4.83,4.83,0
1996-12-13,4.8,4.84,4.8,4.82,0
1996-12-16,4.8,4.8,4.8,4.8,0
1996-12-17,4.86,4.86,4.86,4.86,0
1996-12-18,4.86,4.86,4.86,4.86,0
1996-12-19,4.85,4.85,4.85,4.85,0
1996-12-20,4.83,4.83,4.83,4.83,0
1996-12-23,4.84,4.84,4.84,4.84,0
1996-12-24,5.03,5.03,5.03,5.03,0
1996-12-26,4.89,4.89,4.89,4.89,0
1996-12-27,5.03,5.03,5.03,5.03,0
1996-12-30,4.79,4.79,4.79,4.79,0
1996-12-31,5.03,5.03,5.03,5.03,0
1997-01-01,4.75,4.77,4.75,4.77,0
1997-01-02,5.03,5.03,5.03,5.03,0
1997-01-03,4.67,4.67,4.67,4.67,0
1997-01-06,4.64,4.64,4.64,4.64,0
1997-01-07,4.7,4.7,4.7,4.7,0
1997-01-08,4.65,4.65,4.65,4.65,0
1997-01-09,4.72,4.72,4.72,4.72,0
1997-01-10,4.75,4.75,4.75,4.75,0
1997-01-13,4.7,4.7,4.7,4.7,0
1997-01-14,4.67,4.67,4.67,4.67,0
1997-01-15,4.68,4.68,4.68,4.68,0
1997-01-16,4.74,4.74,4.74,4.74,0
1997-01-17,4.76,4.76,4.76,4.76,0
1997-01-20,4.73,4.73,4.73,4.73,0
1997-01-21,4.76,4.78,4.71,4.71,0
1997-01-22,4.72,4.72,4.72,4.72,0
1997-01-23,4.87,4.87,4.87,4.87,0
1997-01-24,4.97,4.97,4.97,4.97,0
1997-01-27,5.04,5.04,5.04,5.04,0
1997-01-28,4.95,4.95,4.95,4.95,0
1997-01-29,4.93,4.93,4.93,4.93,0
1997-01-30,4.92,4.96,4.87,4.95,0
1997-01-31,4.92,4.92,4.92,4.92,0
1997-02-03,4.91,4.91,4.91,4.91,0
1997-02-04,4.86,4.86,4.86,4.86,0
1997-02-05,4.88,4.88,4.88,4.88,0
1997-02-06,4.85,4.85,4.85,4.85,0
1997-02-07,4.95,4.95,4.95,4.95,0
1997-02-10,4.96,4.96,4.96,4.96,0
1997-02-11,4.85,4.85,4.85,4.85,0
1997-02-12,4.85,5.22,4.85,5.14,0
1997-02-13,5.14,5.14,5.14,5.14,0
1997-02-14,5.26,5.26,5.26,5.26,0
1997-02-17,5.25,5.27,5.25,5.25,0
1997-02-18,5.23,5.23,5.23,5.23,0
1997-02-19,5.19,5.19,5.19,5.19,0
1997-02-20,5.24,5.24,5.24,5.24,0
1997-02-21,5.23,5.28,5.19,5.19,0
1997-02-24,5.21,5.21,5.21,5.21,0
1997-02-25,5.24,5.24,5.24,5.24,0
1997-02-26,5.21,5.21,5.21,5.21,0
1997-02-27,5.25,5.25,5.25,5.25,0
1997-02-28,5.33,5.33,5.33,5.33,0
1997-03-03,5.29,5.29,5.29,5.29,0
1997-03-04,5.24,5.24,5.24,5.24,0
1997-03-05,5.21,5.21,5.21,5.21,0
1997-03-06,5.2,5.2,5.2,5.2,0
1997-03-07,5.16,5.16,5.16,5.16,0
1997-03-10,5.24,5.24,5.24,5.24,0
1997-03-11,5.24,5.26,5.24,5.26,0
1997-03-12,5.2,5.2,5.2,5.2,0
1997-03-14,5.26,5.26,5.26,5.26,0
1997-03-17,5.25,5.25,5.21,5.21,0
1997-03-18,5.18,5.18,5.18,5.18,0
1997-03-19,5.2,5.26,5.2,5.24,0
1997-03-26,5.14,5.17,5.14,5.15,0
1997-03-27,5.15,5.17,5.13,5.15,0
1997-03-31,5.11,5.11,5.04,5.06,0
1997-04-01,5.03,5.04,4.98,4.99,0
1997-04-04,4.73,4.78,4.73,4.74,0
1997-04-07,4.78,4.81,4.78,4.79,0
1997-04-08,4.76,4.83,4.76,4.78,0
1997-04-09,4.77,4.81,4.77,4.78,0
1997-04-10,4.77,4.8,4.77,4.79,0
1997-04-11,4.78,4.79,4.72,4.73,0
1997-04-14,4.74,4.75,4.73,4.73,0
1997-04-15,4.69,4.73,4.69,4.72,0
1997-04-16,4.8,4.81,4.79,4.79,0
1997-04-18,4.75,4.78,4.71,4.73,0
1997-04-21,4.75,4.77,4.75,4.76,0
1997-04-22,4.76,4.77,4.73,4.73,0
1997-04-23,4.73,4.75,4.72,4.74,0
1997-04-24,4.72,4.74,4.71,4.71,0
1997-04-25,4.75,4.76,4.74,4.74,0
1997-04-28,4.71,4.72,4.61,4.66,0
1997-04-29,4.65,4.66,4.64,4.64,0
1997-04-30,4.7,4.71,4.67,4.67,0
1997-05-01,4.68,4.77,4.67,4.75,0
1997-05-02,4.71,4.73,4.7,4.7,0
1997-05-05,4.75,4.76,4.74,4.74,0
1997-05-06,4.76,4.76,4.71,4.71,0
1997-05-07,4.73,4.76,4.73,4.74,0
1997-05-08,4.81,4.86,4.81,4.84,0
1997-05-09,4.88,4.9,4.85,4.86,0
1997-05-12,4.86,4.91,4.82,4.82,0
1997-05-13,4.85,4.88,4.85,4.86,0
1997-05-14,4.86,4.87,4.82,4.82,0
1997-05-15,4.84,4.86,4.84,4.84,0
1997-05-16,4.74,4.74,4.68,4.68,0
1997-05-19,4.67,4.71,4.64,4.7,0
1997-05-20,4.7,4.72,4.69,4.7,0
1997-05-21,4.68,4.7,4.68,4.69,0
1997-05-22,4.67,4.69,4.67,4.67,0
1997-05-26,4.76,4.76,4.74,4.74,0
1997-05-27,4.74,4.75,4.74,4.75,0
1997-05-28,4.75,4.75,4.68,4.73,0
1997-05-29,4.71,4.93,4.71,4.84,0
1997-05-30,4.8,4.81,4.72,4.72,0
1997-06-02,4.74,4.74,4.71,4.71,0
1997-06-03,4.72,4.76,4.72,4.74,0
1997-06-04,4.73,4.75,4.72,4.72,0
1997-06-05,4.79,4.82,4.79,4.79,0
1997-06-06,4.87,4.9,4.79,4.79,0
1997-06-09,4.83,4.83,4.73,4.75,0
1997-06-10,4.75,4.8,4.75,4.76,0
1997-06-11,4.77,4.78,4.75,4.76,0
1997-06-12,4.73,4.75,4.72,4.72,0
1997-06-13,4.69,4.73,4.69,4.69,0
1997-06-16,4.71,4.72,4.71,4.71,0
1997-06-17,4.74,4.82,4.74,4.79,0
1997-06-18,4.72,4.74,4.72,4.72,0
1997-06-19,4.77,4.8,4.77,4.77,0
1997-06-20,4.73,4.74,4.73,4.73,0
1997-06-23,4.72,4.84,4.72,4.83,0
1997-06-24,4.78,4.8,4.77,4.77,0
1997-06-25,4.77,4.8,4.77,4.77,0
1997-06-26,4.78,4.8,4.72,4.76,0
1997-06-27,4.75,4.75,4.7,4.7,0
1997-06-30,4.7,4.7,4.63,4.63,0
1997-07-01,4.67,4.69,4.66,4.66,0
1997-07-02,4.65,4.68,4.62,4.62,0
1997-07-03,4.63,4.64,4.56,4.56,0
1997-07-04,4.56,4.56,4.55,4.55,0
1997-07-07,4.39,4.48,4.27,4.28,0
1997-07-08,4.33,4.38,4.33,4.34,0
1997-07-09,4.29,4.34,4.29,4.32,0
1997-07-10,4.37,4.39,4.33,4.38,0
1997-07-11,4.35,4.39,4.35,4.36,0
1997-07-14,4.33,4.35,4.28,4.28,0
1997-07-15,4.29,4.34,4.29,4.3,0
1997-07-16,4.32,4.32,4.19,4.19,0
1997-07-17,4.22,4.29,4.22,4.26,0
1997-07-18,4.26,4.35,4.26,4.28,0
1997-07-22,4.3,4.4,4.3,4.31,0
1997-07-23,4.32,4.34,4.3,4.31,0
1997-07-24,4.29,4.43,4.29,4.29,0
1997-07-25,4.32,4.36,4.32,4.33,0
1997-07-28,4.35,4.39,4.35,4.36,0
1997-07-29,4.35,4.36,4.32,4.34,0
1997-07-30,4.37,4.41,4.37,4.38,0
1997-07-31,4.43,4.5,4.43,4.48,0
1997-08-01,4.47,4.52,4.45,4.48,0
1997-08-04,4.51,4.54,4.5,4.52,0
1997-08-05,4.44,4.44,4.33,4.33,0
1997-08-06,4.34,4.37,4.34,4.34,0
1997-08-07,4.36,4.4,4.36,4.39,0
1997-08-08,4.39,4.57,4.38,4.39,0
1997-08-11,4.43,4.46,4.43,4.46,0
1997-08-12,4.41,4.44,4.41,4.44,0
1997-08-13,4.46,4.55,4.46,4.52,0
1997-08-14,4.5,4.53,4.4,4.42,0
1997-08-15,4.42,4.58,4.42,4.58,0
1997-08-18,4.45,4.56,4.45,4.51,0
1997-08-19,4.51,4.54,4.5,4.52,0
1997-08-20,4.53,4.53,4.47,4.51,0
1997-08-21,4.5,4.56,4.5,4.53,0
1997-08-22,4.52,4.72,4.5,4.68,0
1997-08-25,4.64,4.69,4.57,4.63,0
1997-08-26,4.63,4.75,4.63,4.67,0
1997-08-27,4.67,4.75,4.64,4.66,0
1997-08-28,4.65,4.82,4.65,4.68,0
1997-08-29,4.68,4.78,4.64,4.72,0
1997-09-12,4.76,4.76,4.76,4.76,0
1997-09-17,4.64,4.64,4.58,4.59,0
1997-09-24,4.69,4.76,4.69,4.75,0
1997-09-29,4.81,5.11,4.76,5.09,0
1997-10-15,5.07,5.12,5.01,5.07,0
1997-10-16,5.08,5.11,4.92,4.93,0
1997-10-17,4.92,5.05,4.89,4.96,0
1997-10-20,4.95,4.97,4.9,4.94,0
1997-10-21,4.92,4.99,4.92,4.98,0
1997-11-06,4.91,4.91,4.91,4.91,0
1997-11-18,5.11,5.11,5.11,5.11,0
1997-12-16,5.97,5.97,5.97,5.97,0
1997-12-24,6.27,6.39,6.19,6.38,0
1997-12-26,6.27,6.38,6.27,6.35,0
1997-12-30,6.15,6.15,6.15,6.15,0
1997-12-31,6.15,6.18,5.82,6,0
1998-01-05,5.92,5.92,5.92,5.92,0
1998-01-21,5.85,5.85,5.85,5.85,0
1998-02-03,6.76,6.76,6.76,6.76,0
1998-02-04,7.28,7.28,7.28,7.28,0
1998-02-09,7,7,7,7,0
1998-02-11,7.07,7.07,7.07,7.07,0
1998-02-25,6.02,6.02,6.02,6.02,0
1998-03-04,6.35,6.35,6.35,6.35,0
1998-03-17,5.88,5.88,5.88,5.88,0
1998-03-18,5.96,5.96,5.96,5.96,0
1998-03-19,5.97,5.97,5.97,5.97,0
1998-03-20,6.21,6.21,6.21,6.21,0
1998-03-23,6.45,6.45,6.45,6.45,0
1998-03-24,6.41,6.41,6.41,6.41,0
1998-04-01,6.36,6.36,6.36,6.36,0
1998-04-03,6.59,6.59,6.59,6.59,0
1998-04-06,6.58,6.67,6.33,6.39,0
1998-04-08,6.42,6.54,6.39,6.45,0
1998-04-21,6.24,6.4,6.21,6.31,0
1998-05-04,6.16,6.26,6.15,6.25,0
1998-05-15,5.57,5.69,5.57,5.57,0
1998-05-21,5.28,5.35,5.28,5.31,0
1998-05-22,5.27,5.27,5.27,5.27,0
1998-06-09,5.34,5.34,5.34,5.34,0
1998-06-11,5.17,5.17,5.17,5.17,0
1998-06-19,5.37,5.37,5.37,5.37,0
1998-06-24,5.26,5.26,5.26,5.26,0
1998-06-25,5.35,5.35,5.35,5.35,0
1998-06-29,5.32,5.32,5.32,5.32,0
1998-07-01,5.46,5.46,5.46,5.46,0
1998-07-02,5.33,5.33,5.33,5.33,0
1998-07-06,5.32,5.32,5.32,5.32,0
1998-07-22,5.65,5.65,5.65,5.65,0
1998-08-03,5.35,5.35,5.35,5.35,0
1998-08-05,5.4,5.4,5.4,5.4,0
1998-08-06,5.42,5.42,5.42,5.42,0
1998-08-10,5.33,5.33,5.33,5.33,0
1998-08-11,5.17,5.17,5.17,5.17,0
1998-08-12,5.16,5.16,5.16,5.16,0
1998-08-17,5.11,5.11,5.11,5.11,0
1998-08-19,5.08,5.08,5.08,5.08,0
1998-08-20,5.16,5.16,5.16,5.16,0
1998-08-24,5.13,5.13,5.13,5.13,0
1998-08-26,4.95,4.95,4.95,4.95,0
1998-08-27,4.86,4.86,4.86,4.86,0
1998-08-28,4.88,4.93,4.65,4.65,0
1998-08-31,4.67,4.67,4.67,4.67,0
1998-09-14,4.95,4.95,4.95,4.95,0
1998-09-23,5.04,5.04,5.04,5.04,0
1998-10-15,4.92,4.92,4.92,4.92,0
1998-10-16,4.93,4.97,4.84,4.93,0
1998-10-19,4.88,4.88,4.88,4.88,0
1998-10-20,4.88,4.88,4.88,4.88,0
1998-10-21,4.88,4.88,4.88,4.88,0
1998-10-26,4.98,4.98,4.98,4.98,0
1998-10-29,5.07,5.07,5.07,5.07,0
1998-11-04,4.95,4.95,4.95,4.95,0
1998-11-05,5.03,5.04,5.03,5.03,0
1998-11-06,5.01,5.01,5.01,5.01,0
1998-11-09,5.03,5.03,5.02,5.02,0
1998-11-10,4.98,4.98,4.98,4.98,0
1998-11-11,4.99,5,4.99,5,0
1998-11-12,5.14,5.14,5.14,5.14,0
1998-11-13,5.02,5.02,5.02,5.02,0
1998-11-16,4.92,4.93,4.91,4.91,0
1998-11-17,4.92,4.93,4.92,4.92,0
1998-11-18,4.9,5,4.9,4.99,0
1998-11-19,4.97,4.97,4.97,4.97,0
1998-11-20,4.89,4.89,4.89,4.89,0
1998-11-23,4.91,4.92,4.91,4.91,0
1998-11-24,4.88,4.91,4.88,4.91,0
1998-11-25,4.92,4.92,4.91,4.91,0
1998-11-27,4.92,4.92,4.92,4.92,0
1998-11-30,4.86,4.87,4.86,4.86,0
1998-12-01,4.87,4.87,4.87,4.87,0
1998-12-02,4.71,4.71,4.62,4.66,0
1998-12-03,4.76,4.78,4.76,4.78,0
1998-12-04,4.77,4.77,4.77,4.77,0
1998-12-07,4.76,4.84,4.76,4.81,0
1998-12-08,4.78,4.8,4.78,4.8,0
1998-12-09,4.8,4.81,4.79,4.79,0
1998-12-10,4.82,4.82,4.81,4.81,0
1998-12-11,4.79,4.79,4.79,4.79,0
1998-12-14,4.87,4.87,4.87,4.87,0
1998-12-15,4.88,4.91,4.88,4.9,0
1998-12-16,5.07,5.07,5.04,5.04,0
1998-12-17,4.94,4.94,4.94,4.94,0
1998-12-18,4.94,4.94,4.94,4.94,0
1998-12-21,4.89,4.89,4.89,4.89,0
1998-12-22,4.91,4.91,4.9,4.9,0
1998-12-23,4.92,4.92,4.9,4.9,0
1998-12-24,4.92,4.92,4.92,4.92,0
1998-12-28,4.92,4.92,4.91,4.91,0
1998-12-29,4.93,5.03,4.93,5.02,0
1998-12-30,5.02,5.02,5.02,5.02,0
1998-12-31,5.02,5.02,5.02,5.02,0
1999-01-04,4.92,4.93,4.92,4.92,0
1999-01-06,5.17,5.17,5.17,5.17,0
1999-01-07,5.14,5.36,5.14,5.22,0
1999-01-08,5.28,5.28,5.28,5.28,0
1999-01-11,5.35,5.35,5.35,5.35,0
1999-01-12,5.25,5.25,5.25,5.25,0
1999-01-13,5.19,5.19,5.19,5.19,0
1999-01-14,5.18,5.18,5.18,5.18,0
1999-01-15,5.12,5.12,5.12,5.12,0
1999-01-19,5.12,5.12,5.12,5.12,0
1999-01-20,5.15,5.15,5.15,5.15,0
1999-01-21,5.11,5.11,5.11,5.11,0
1999-01-22,5.1,5.1,5.1,5.1,0
1999-01-25,5.17,5.17,5.17,5.17,0
1999-01-26,5.1,5.1,5.09,5.09,0
1999-01-27,5.09,5.09,5.09,5.09,0
1999-01-28,5.24,5.24,5.24,5.24,0
1999-01-29,5.23,5.23,5.23,5.23,0
1999-02-01,5.32,5.32,5.32,5.32,0
1999-02-02,5.46,5.46,5.46,5.46,0
1999-02-03,5.52,5.52,5.52,5.52,0
1999-02-04,5.78,5.78,5.78,5.78,0
1999-02-05,5.65,5.65,5.65,5.65,0
1999-02-08,5.62,5.62,5.62,5.62,0
1999-02-09,5.51,5.51,5.51,5.51,0
1999-02-10,5.5,5.5,5.5,5.5,0
1999-02-11,5.53,5.53,5.53,5.53,0
1999-02-12,5.65,5.65,5.65,5.65,0
1999-02-16,5.42,5.42,5.42,5.42,0
1999-02-17,5.43,5.43,5.43,5.43,0
1999-02-18,5.54,5.54,5.54,5.54,0
1999-02-19,5.62,5.62,5.62,5.62,0
1999-02-22,5.49,5.49,5.49,5.49,0
1999-02-23,5.49,5.49,5.49,5.49,0
1999-02-24,5.4,5.4,5.4,5.4,0
1999-02-25,5.57,5.57,5.57,5.57,0
1999-02-26,5.63,5.63,5.63,5.63,0
1999-03-01,5.54,5.54,5.54,5.54,0
1999-03-02,5.32,5.32,5.32,5.32,0
1999-03-03,5.25,5.25,5.25,5.25,0
1999-03-04,5.29,5.29,5.29,5.29,0
1999-03-05,5.2,5.2,5.2,5.2,0
1999-03-08,5.28,5.28,5.28,5.28,0
1999-03-09,5.23,5.23,5.23,5.23,0
1999-03-10,5.28,5.28,5.28,5.28,0
1999-03-11,5.34,5.34,5.34,5.34,0
1999-03-12,5.31,5.31,5.31,5.31,0
1999-03-15,5.11,5.11,5.11,5.11,0
1999-03-16,5.04,5.04,5.04,5.04,0
1999-03-17,5.05,5.05,5.05,5.05,0
1999-03-18,5.01,5.01,5.01,5.01,0
1999-03-19,5.05,5.05,5.05,5.05,0
1999-03-22,5.04,5.16,5.04,5.11,0
1999-03-23,5.1,5.14,5.07,5.11,0
1999-03-24,5.09,5.13,5.08,5.08,0
1999-03-25,5.07,5.13,5.05,5.11,0
1999-03-26,5.12,5.12,5.06,5.08,0
1999-03-29,5.09,5.17,5.07,5.1,0
1999-03-30,5.1,5.12,4.99,4.99,0
1999-03-31,5,5.08,4.96,4.96,0
1999-04-01,4.98,5.04,4.98,5.02,0
1999-04-05,5.01,5.01,4.9,4.9,0
1999-04-06,4.95,4.97,4.92,4.96,0
1999-04-07,4.95,5,4.95,4.96,0
1999-04-08,4.9,4.9,4.9,4.9,0
1999-04-09,4.94,4.94,4.94,4.94,0
1999-04-12,4.89,4.89,4.89,4.89,0
1999-04-13,4.91,4.91,4.91,4.91,0
1999-04-14,4.87,4.87,4.87,4.87,0
1999-04-15,5.01,5.01,5.01,5.01,0
1999-04-16,5.04,5.04,5.04,5.04,0
1999-04-19,5.15,5.15,5.15,5.15,0
1999-04-20,5.13,5.13,5.13,5.13,0
1999-04-21,5.17,5.17,5.17,5.17,0
1999-04-22,5.19,5.19,5.19,5.19,0
1999-04-23,5.15,5.15,5.15,5.15,0
1999-04-26,5.11,5.11,5.11,5.11,0
1999-04-27,5.18,5.18,5.18,5.18,0
1999-04-28,5.26,5.26,5.26,5.26,0
1999-04-29,5.39,5.39,5.39,5.39,0
1999-04-30,5.4,5.4,5.4,5.4,0
1999-05-03,4.89,4.89,4.89,4.89,0
1999-05-04,5.31,5.31,5.29,5.29,0
1999-05-05,5.38,5.38,5.38,5.38,0
1999-05-06,5.37,5.37,5.37,5.37,0
1999-05-07,5.43,5.43,5.43,5.43,0
1999-05-10,5.42,5.42,5.42,5.42,0
1999-05-11,5.41,5.41,5.41,5.41,0
1999-05-12,5.37,5.37,5.37,5.37,0
1999-05-13,5.53,5.53,5.53,5.53,0
1999-05-14,5.37,5.37,5.37,5.37,0
1999-05-17,5.37,5.37,5.37,5.37,0
1999-05-18,5.31,5.31,5.31,5.31,0
1999-05-19,5.28,5.28,5.28,5.28,0
1999-05-20,5.29,5.29,5.29,5.29,0
1999-05-21,5.19,5.19,5.19,5.19,0
1999-05-24,5.06,5.06,5.06,5.06,0
1999-05-25,5.05,5.05,5.05,5.05,0
1999-05-26,5.04,5.04,5.04,5.04,0
1999-05-27,4.94,4.94,4.94,4.94,0
1999-05-28,4.88,4.88,4.88,4.88,0
1999-06-01,4.98,4.98,4.98,4.98,0
1999-06-02,4.97,4.97,4.97,4.97,0
1999-06-03,4.96,4.99,4.93,4.93,0
1999-06-04,4.93,4.95,4.87,4.88,0
1999-06-07,4.95,5.15,4.95,4.98,0
1999-06-08,4.97,4.99,4.94,4.94,0
1999-06-09,4.93,5.03,4.93,5.03,0
1999-06-10,5.01,5.13,5.01,5.09,0
1999-06-11,5.08,5.13,5.07,5.11,0
1999-06-14,5.09,5.15,5.09,5.1,0
1999-06-15,5.07,5.1,5.05,5.05,0
1999-06-16,5.02,5.04,5.02,5.03,0
1999-06-17,5.01,5.08,5.01,5.08,0
1999-06-18,5.07,5.09,4.95,4.95,0
1999-06-21,4.95,4.98,4.95,4.98,0
1999-06-22,5,5.06,5,5.04,0
1999-06-23,5.02,5.11,5.02,5.1,0
1999-06-24,5.11,5.14,5.11,5.12,0
1999-06-25,5.11,5.14,5.06,5.06,0
1999-06-28,5.05,5.15,5.05,5.14,0
1999-06-29,5.13,5.21,4.97,5.17,0
1999-06-30,5.18,5.24,5.18,5.22,0
1999-07-01,5.25,5.34,5.25,5.25,0
1999-07-02,5.23,5.29,5.23,5.25,0
1999-07-06,5.26,5.28,5.18,5.2,0
1999-07-07,5.17,5.3,5.17,5.21,0
1999-07-08,5.2,5.29,5.2,5.23,0
1999-07-09,5.2,5.25,5.2,5.22,0
1999-07-12,5.21,5.24,5.21,5.22,0
1999-07-13,5.17,5.19,5.12,5.12,0
1999-07-14,5.1,5.12,5.06,5.07,0
1999-07-15,5.05,5.11,5.05,5.09,0
1999-07-16,5.08,5.12,5.07,5.07,0
1999-07-19,5.05,5.08,5.04,5.04,0
1999-07-20,5.02,5.08,5.02,5.05,0
1999-07-21,5.1,5.1,5.1,5.1,0
1999-07-22,5.13,5.16,5.13,5.13,0
1999-07-23,5.13,5.17,5.13,5.14,0
1999-07-26,5.11,5.16,5.11,5.13,0
1999-07-27,5.14,5.18,5.14,5.17,0
1999-07-28,5.15,5.25,5.15,5.24,0
1999-07-29,5.22,5.43,5.22,5.4,0
1999-07-30,5.38,5.45,5.38,5.43,0
1999-08-02,5.43,5.43,5.36,5.4,0
1999-08-03,5.36,5.46,5.36,5.43,0
1999-08-04,5.43,5.55,5.43,5.48,0
1999-08-05,5.48,5.56,5.4,5.41,0
1999-08-06,5.37,5.42,5.35,5.39,0
1999-08-09,5.36,5.38,5.3,5.3,0
1999-08-10,5.29,5.33,5.28,5.31,0
1999-08-11,5.32,5.4,5.32,5.39,0
1999-08-12,5.38,5.42,5.34,5.34,0
1999-08-13,5.35,5.38,5.3,5.3,0
1999-08-16,5.26,5.32,5.22,5.22,0
1999-08-17,5.22,5.34,5.22,5.24,0
1999-08-18,5.25,5.34,5.21,5.21,0
1999-08-19,5.21,5.22,5.15,5.18,0
1999-08-20,5.19,5.3,5.19,5.22,0
1999-08-23,5.2,5.25,5.12,5.12,0
1999-08-24,5.12,5.16,5.12,5.12,0
1999-08-25,5.11,5.13,5.07,5.08,0
1999-08-26,5.07,5.14,5.07,5.12,0
1999-08-27,5.12,5.14,5.1,5.1,0
1999-08-30,5.11,5.12,5.07,5.1,0
1999-08-31,5.09,5.21,5.09,5.15,0
1999-09-01,5.17,5.2,5.14,5.14,0
1999-09-02,5.13,5.21,5.13,5.2,0
1999-09-03,5.2,5.28,5.13,5.15,0
1999-09-07,5.15,5.3,5.15,5.19,0
1999-09-08,5.17,5.2,5.12,5.19,0
1999-09-09,5.17,5.34,5.17,5.21,0
1999-09-10,5.22,5.28,5.18,5.19,0
1999-09-13,5.19,5.2,5.12,5.15,0
1999-09-14,5.14,5.18,5.11,5.11,0
1999-09-15,5.13,5.15,5.08,5.08,0
1999-09-16,5.08,5.13,5.08,5.09,0
1999-09-17,5.1,5.11,5.09,5.09,0
1999-09-20,5.09,5.12,5.08,5.08,0
1999-09-21,5.09,5.25,5.09,5.24,0
1999-09-22,5.24,5.3,5.24,5.26,0
1999-09-23,5.25,5.29,5.25,5.25,0
1999-09-24,5.25,5.29,5.23,5.23,0
1999-09-27,5.28,5.36,5.28,5.33,0
1999-09-28,5.36,5.93,5.36,5.74,0
1999-09-29,5.71,5.81,5.39,5.6,0
1999-09-30,5.55,5.64,5.55,5.62,0
1999-10-01,5.58,5.73,5.56,5.58,0
1999-10-04,5.57,5.66,5.57,5.62,0
1999-10-05,5.64,5.71,5.55,5.55,0
1999-10-06,5.52,5.6,5.48,5.51,0
1999-10-07,5.54,5.65,5.54,5.58,0
1999-10-08,5.56,5.64,5.5,5.53,0
1999-10-11,5.51,5.59,5.51,5.51,0
1999-10-12,5.5,5.63,5.5,5.57,0
1999-10-13,5.54,5.66,5.54,5.58,0
1999-10-14,5.58,5.69,5.34,5.38,0
1999-10-15,5.34,5.42,5.31,5.31,0
1999-10-18,5.32,5.51,5.22,5.22,0
1999-10-19,5.23,5.34,5.18,5.25,0
1999-10-20,5.21,5.33,5.18,5.18,0
1999-10-21,5.19,5.31,5.16,5.21,0
1999-10-22,5.21,5.33,5.21,5.23,0
1999-10-25,5.24,5.33,5.24,5.25,0
1999-10-26,5.23,5.29,5.19,5.19,0
1999-10-27,5.17,5.22,5.17,5.18,0
1999-10-28,5.21,5.33,5.21,5.28,0
1999-10-29,5.27,5.34,5.21,5.21,0
1999-11-01,5.38,5.38,5.17,5.21,0
1999-11-02,5.19,5.32,5.19,5.21,0
1999-11-03,5.2,5.33,5.2,5.25,0
1999-11-04,5.21,5.24,5.21,5.21,0
1999-11-05,5.2,5.22,5.07,5.07,0
1999-11-08,5.02,5.09,5.02,5.07,0
1999-11-09,5.06,5.14,5.06,5.08,0
1999-11-10,5.08,5.22,5.08,5.15,0
1999-11-11,5.12,5.14,5.1,5.1,0
1999-11-12,5.07,5.13,5.05,5.05,0
1999-11-15,5.05,5.13,5.05,5.12,0
1999-11-16,5.09,5.2,5.09,5.19,0
1999-11-17,5.14,5.17,5.03,5.12,0
1999-11-18,5.1,5.16,5.1,5.12,0
1999-11-19,5.12,5.19,5.12,5.15,0
1999-11-22,5.12,5.24,5.12,5.22,0
1999-11-23,5.18,5.34,5.16,5.31,0
1999-11-24,5.26,5.34,5.23,5.26,0
1999-11-26,5.19,5.2,5.18,5.18,0
1999-11-29,5.19,5.21,5.17,5.17,0
1999-11-30,5.17,5.27,5.17,5.2,0
1999-12-01,5.19,5.2,5.17,5.17,0
1999-12-02,5.16,5.26,5.09,5.09,0
1999-12-03,5.08,5.11,5.07,5.1,0
1999-12-06,5.08,5.11,5.03,5.11,0
1999-12-07,5.1,5.15,5.1,5.14,0
1999-12-08,5.14,5.17,5.11,5.12,0
1999-12-09,5.1,5.12,5.09,5.11,0
1999-12-10,5.09,5.14,5.09,5.12,0
1999-12-13,5.1,5.13,5.1,5.12,0
1999-12-14,5.12,5.21,5.12,5.19,0
1999-12-15,5.17,5.28,5.17,5.18,0
1999-12-16,5.18,5.21,5.17,5.2,0
1999-12-17,5.19,5.33,5.19,5.22,0
1999-12-20,5.21,5.29,5.19,5.19,0
1999-12-21,5.18,5.26,5.15,5.15,0
1999-12-22,5.16,5.23,5.16,5.22,0
1999-12-23,5.21,5.23,5.2,5.2,0
1999-12-27,5.21,5.24,5.2,5.2,0
1999-12-28,5.19,5.3,5.19,5.2,0
1999-12-29,5.19,5.39,5.19,5.37,0
1999-12-30,5.37,5.43,5.34,5.41,0
1999-12-31,5.32,5.4,5.32,5.4,0
2000-01-03,5.4,5.4,5.34,5.34,0
2000-01-04,5.33,5.35,5.29,5.33,0
2000-01-05,5.31,5.31,5.15,5.17,0
2000-01-06,5.15,5.29,5.12,5.12,0
2000-01-07,5.12,5.17,5.12,5.16,0
2000-01-10,5.13,5.18,5.13,5.15,0
2000-01-11,5.14,5.18,5.14,5.15,0
2000-01-12,5.14,5.18,5.09,5.09,0
2000-01-13,5.09,5.13,5.09,5.11,0
2000-01-14,5.1,5.14,5.1,5.11,0
2000-01-18,5.12,5.14,5.11,5.12,0
2000-01-19,5.11,5.15,5.11,5.14,0
2000-01-20,5.12,5.31,5.12,5.2,0
2000-01-21,5.2,5.24,5.2,5.2,0
2000-01-24,5.19,5.26,5.19,5.23,0
2000-01-25,5.22,5.3,5.22,5.25,0
2000-01-26,5.24,5.31,5.2,5.21,0
2000-01-27,5.21,5.36,5.21,5.35,0
2000-01-28,5.25,5.39,5.25,5.25,0
2000-01-31,5.24,5.37,5.21,5.23,0
2000-02-01,5.24,5.34,5.19,5.19,0
2000-02-02,5.18,5.25,5.17,5.17,0
2000-02-03,5.18,5.31,5.18,5.22,0
2000-02-04,5.23,5.53,5.23,5.51,0
2000-02-07,5.46,5.54,5.29,5.29,0
2000-02-08,5.25,5.29,5.23,5.27,0
2000-02-09,5.29,5.39,5.29,5.34,0
2000-02-10,5.34,5.39,5.3,5.34,0
2000-02-11,5.37,5.37,5.27,5.27,0
2000-02-14,5.27,5.37,5.21,5.21,0
2000-02-15,5.23,5.31,5.21,5.22,0
2000-02-16,5.21,5.35,5.21,5.25,0
2000-02-17,5.24,5.32,5.21,5.22,0
2000-02-18,5.22,5.28,5.22,5.23,0
2000-02-22,5.23,5.25,5.22,5.25,0
2000-02-23,5.24,5.33,5.22,5.22,0
2000-02-24,5.21,5.23,5.15,5.15,0
2000-02-25,5.14,5.2,5.04,5.05,0
2000-02-28,5.06,5.11,5.05,5.05,0
2000-02-29,5.04,5.1,5.04,5.06,0
2000-03-01,5.06,5.17,5.06,5.07,0
2000-03-02,5.1,5.12,5.03,5.03,0
2000-03-03,5.04,5.25,5.02,5.02,0
2000-03-06,5.1,5.1,5.06,5.06,0
2000-03-07,5.05,5.12,5.04,5.07,0
2000-03-08,5.07,5.09,5.06,5.08,0
2000-03-09,5.08,5.1,5.01,5.09,0
2000-03-10,5.09,5.11,5.07,5.07,0
2000-03-13,5.08,5.13,5.06,5.06,0
2000-03-14,5.06,5.11,5.06,5.08,0
2000-03-15,5.08,5.15,5.07,5.11,0
2000-03-16,5.11,5.13,5.06,5.08,0
2000-03-17,5.08,5.1,5.07,5.09,0
2000-03-20,5.09,5.09,5.03,5.03,0
2000-03-21,5.03,5.14,5.03,5.11,0
2000-03-22,5.09,5.17,5.09,5.11,0
2000-03-23,5.11,5.12,5.07,5.08,0
2000-03-24,5.08,5.18,5.08,5.1,0
2000-03-27,5.11,5.11,5.08,5.08,0
2000-03-28,5.09,5.1,5.04,5.05,0
2000-03-29,5.06,5.08,4.94,4.95,0
2000-03-30,4.93,5.06,4.91,4.95,0
2000-03-31,4.94,5.01,4.92,5,0
2000-04-03,5,5.04,4.98,5.02,0
2000-04-04,5.02,5.18,4.99,5.12,0
2000-04-05,5.14,5.15,5,5.09,0
2000-04-06,5.1,5.13,5.08,5.1,0
2000-04-07,5.09,5.11,5.06,5.08,0
2000-04-10,5.06,5.14,5.06,5.12,0
2000-04-11,5.11,5.14,5.1,5.1,0
2000-04-12,5.1,5.15,5.09,5.1,0
2000-04-13,5.1,5.15,5.1,5.15,0
2000-04-14,5.13,5.19,5.11,5.13,0
2000-04-17,5.13,5.15,5.09,5.09,0
2000-04-18,5.09,5.14,5.08,5.1,0
2000-04-19,5.1,5.12,5.09,5.09,0
2000-04-20,5.09,5.1,4.96,4.96,0
2000-04-24,4.97,5,4.93,4.93,0
2000-04-25,4.94,5.01,4.94,4.99,0
2000-04-26,4.98,4.99,4.93,4.93,0
2000-04-27,4.92,4.97,4.92,4.95,0
2000-04-28,5.09,5.09,4.94,4.95,0
2000-05-01,4.95,5.04,4.95,5.01,0
2000-05-02,5.01,5.03,4.98,5.01,0
2000-05-03,5.01,5.04,5,5,0
2000-05-04,5.01,5.12,5.01,5.09,0
2000-05-05,5.09,5.1,4.98,4.98,0
2000-05-08,5.01,5.06,5,5,0
2000-05-09,5,5.08,5,5.02,0
2000-05-10,5.02,5.05,5.01,5.01,0
2000-05-11,5.01,5.02,4.99,4.99,0
2000-05-12,4.99,5.03,4.97,4.99,0
2000-05-15,5,5.01,4.97,4.99,0
2000-05-16,4.99,5.12,4.99,5.08,0
2000-05-17,5.07,5.09,4.98,4.98,0
2000-05-18,4.99,5.03,4.97,4.98,0
2000-05-19,4.98,5,4.96,4.96,0
2000-05-22,4.96,5,4.96,4.98,0
2000-05-23,4.98,5,4.98,4.98,0
2000-05-24,4.99,4.99,4.96,4.96,0
2000-05-25,4.96,4.99,4.89,4.89,0
2000-05-26,4.9,4.96,4.9,4.91,0
2000-05-30,4.92,4.94,4.88,4.9,0
2000-05-31,4.9,4.94,4.9,4.91,0
2000-06-01,4.91,4.94,4.89,4.91,0
2000-06-02,4.91,5.04,4.91,4.98,0
2000-06-05,4.98,5.04,4.95,5.01,0
2000-06-06,5.01,5.11,5.01,5.05,0
2000-06-07,5.06,5.08,5.04,5.06,0
2000-06-08,5.06,5.08,5.05,5.05,0
2000-06-09,5.05,5.06,5.01,5.01,0
2000-06-12,5.02,5.13,5,5,0
2000-06-13,5,5.09,4.99,4.99,0
2000-06-14,4.99,5.07,4.99,5.05,0
2000-06-15,5.05,5.08,5.03,5.04,0
2000-06-16,5.04,5.09,5.04,5.05,0
2000-06-19,5.05,5.05,5,5,0
2000-06-20,5.01,5.03,5,5.01,0
2000-06-21,5,5.02,4.94,4.95,0
2000-06-22,4.93,4.98,4.93,4.95,0
2000-06-23,4.95,4.96,4.94,4.94,0
2000-06-26,4.94,4.97,4.94,4.96,0
2000-06-27,4.96,4.98,4.93,4.94,0
2000-06-28,4.94,4.98,4.94,4.96,0
2000-06-29,4.96,5.04,4.96,5,0
2000-06-30,4.99,5.02,4.99,5.02,0
2000-07-03,5.01,5.01,4.99,4.99,0
2000-07-05,4.98,5,4.96,4.97,0
2000-07-06,4.97,5.01,4.97,4.99,0
2000-07-07,4.97,5,4.96,4.96,0
2000-07-10,4.96,4.99,4.96,4.98,0
2000-07-11,4.98,4.99,4.94,4.94,0
2000-07-12,4.93,4.98,4.93,4.96,0
2000-07-13,4.96,4.98,4.95,4.97,0
2000-07-14,4.95,5.01,4.95,4.98,0
2000-07-17,4.99,5.02,4.99,5,0
2000-07-18,5,5.02,5,5.01,0
2000-07-19,4.99,5,4.96,4.96,0
2000-07-20,4.96,5,4.96,4.97,0
2000-07-21,4.97,4.99,4.9,4.92,0
2000-07-24,4.93,4.97,4.92,4.93,0
2000-07-25,4.93,4.99,4.93,4.97,0
2000-07-26,4.97,4.98,4.93,4.94,0
2000-07-27,4.94,5.01,4.94,4.96,0
2000-07-28,4.95,4.97,4.95,4.95,0
2000-07-31,4.94,4.98,4.94,4.98,0
2000-08-01,4.99,4.99,4.97,4.97,0
2000-08-02,4.95,4.98,4.95,4.97,0
2000-08-03,4.95,4.99,4.95,4.95,0
2000-08-04,4.95,4.96,4.9,4.9,0
2000-08-07,4.9,5.01,4.9,4.92,0
2000-08-08,4.93,4.94,4.89,4.89,0
2000-08-09,4.89,4.9,4.86,4.88,0
2000-08-10,4.85,4.89,4.85,4.88,0
2000-08-14,4.88,4.91,4.88,4.88,0
2000-08-16,4.88,4.88,4.82,4.82,0
2000-08-17,4.85,4.88,4.85,4.85,0
2000-08-18,4.85,4.86,4.83,4.83,0
2000-08-21,4.82,4.84,4.82,4.84,0
2000-08-22,4.84,4.84,4.81,4.82,0
2000-08-23,4.83,4.83,4.77,4.77,0
2000-08-24,4.77,4.83,4.77,4.83,0
2000-08-25,4.83,4.9,4.82,4.87,0
2000-08-28,4.86,4.92,4.86,4.89,0
2000-08-29,4.88,4.94,4.88,4.92,0
2000-08-30,4.92,4.92,4.89,4.89,0
2000-08-31,4.88,4.97,4.88,4.96,0
2000-09-01,4.96,4.96,4.93,4.96,0
2000-09-05,4.95,4.95,4.94,4.94,0
2000-09-06,4.94,4.95,4.94,4.94,0
2000-09-07,4.94,4.94,4.9,4.9,0
2000-09-08,4.9,4.91,4.88,4.89,0
2000-09-11,4.89,4.91,4.84,4.84,0
2000-09-12,4.86,4.89,4.84,4.84,0
2000-09-13,4.86,4.89,4.86,4.86,0
2000-09-14,4.86,4.89,4.86,4.87,0
2000-09-15,4.86,4.87,4.84,4.85,0
2000-09-18,4.85,4.88,4.85,4.85,0
2000-09-19,4.85,4.87,4.85,4.86,0
2000-09-20,4.85,4.87,4.82,4.82,0
2000-09-21,4.81,4.86,4.81,4.86,0
2000-09-22,4.86,4.93,4.85,4.89,0
2000-09-25,4.88,4.9,4.88,4.9,0
2000-09-26,4.89,4.92,4.89,4.91,0
2000-09-27,4.89,4.95,4.89,4.93,0
2000-09-28,4.92,4.95,4.91,4.93,0
2000-09-29,4.92,4.92,4.85,4.87,0
2000-10-02,4.87,4.89,4.87,4.87,0
2000-10-03,4.87,4.89,4.87,4.88,0
2000-10-04,4.88,4.88,4.85,4.85,0
2000-10-05,4.85,4.88,4.85,4.86,0
2000-10-06,4.87,4.89,4.84,4.86,0
2000-10-09,4.86,4.96,4.86,4.86,0
2000-10-10,4.86,4.92,4.86,4.86,0
2000-10-11,4.87,4.92,4.83,4.83,0
2000-10-12,4.86,4.91,4.85,4.9,0
2000-10-13,4.9,4.93,4.86,4.86,0
2000-10-16,4.87,4.88,4.86,4.87,0
2000-10-17,4.87,4.97,4.82,4.83,0
2000-10-18,4.83,4.88,4.83,4.83,0
2000-10-19,4.83,4.85,4.81,4.82,0
2000-10-20,4.83,4.84,4.8,4.81,0
2000-10-23,4.82,4.84,4.76,4.76,0
2000-10-24,4.77,4.81,4.77,4.78,0
2000-10-25,4.78,4.8,4.75,4.75,0
2000-10-26,4.75,4.77,4.72,4.73,0
2000-10-27,4.73,4.76,4.69,4.75,0
2000-10-30,4.75,4.77,4.72,4.73,0
2000-10-31,4.72,4.75,4.7,4.73,0
2000-11-01,4.75,4.77,4.73,4.75,0
2000-11-02,4.76,4.8,4.7,4.7,0
2000-11-03,4.69,4.78,4.69,4.73,0
2000-11-06,4.73,4.76,4.72,4.75,0
2000-11-07,4.74,4.82,4.71,4.71,0
2000-11-08,4.71,4.93,4.71,4.72,0
2000-11-09,4.72,4.75,4.71,4.73,0
2000-11-10,4.73,4.74,4.68,4.68,0
2000-11-13,4.69,4.76,4.66,4.66,0
2000-11-14,4.66,4.73,4.65,4.66,0
2000-11-15,4.67,4.76,4.65,4.66,0
2000-11-21,4.6,4.63,4.6,4.62,0
2000-11-22,4.6,4.65,4.6,4.62,0
2000-11-24,4.61,4.62,4.61,4.61,0
2000-11-27,4.61,4.72,4.61,4.67,0
2000-11-28,4.69,4.71,4.67,4.69,0
2000-11-29,4.69,4.7,4.62,4.62,0
2000-11-30,4.62,4.7,4.62,4.68,0
2000-12-01,4.68,4.71,4.64,4.64,0
2000-12-04,4.65,4.75,4.65,4.71,0
2000-12-05,4.7,4.73,4.69,4.71,0
2000-12-06,4.72,4.77,4.71,4.77,0
2000-12-07,4.76,4.76,4.72,4.73,0
2000-12-08,4.72,4.74,4.63,4.63,0
2000-12-11,4.66,4.71,4.65,4.66,0
2000-12-12,4.66,4.7,4.66,4.67,0
2000-12-13,4.64,4.68,4.63,4.63,0
2000-12-14,4.64,4.66,4.6,4.61,0
2000-12-15,4.62,4.64,4.55,4.55,0
2000-12-18,4.58,4.6,4.57,4.57,0
2000-12-19,4.58,4.6,4.57,4.59,0
2000-12-20,4.6,4.65,4.58,4.6,0
2000-12-21,4.6,4.62,4.59,4.59,0
2000-12-22,4.59,4.7,4.59,4.61,0
2000-12-26,4.61,4.65,4.61,4.63,0
2000-12-27,4.63,4.66,4.58,4.59,0
2000-12-28,4.58,4.62,4.58,4.58,0
2000-12-29,4.58,4.6,4.58,4.59,0
2001-01-02,4.6,4.6,4.56,4.56,0
2001-01-03,4.56,4.58,4.47,4.47,0
2001-01-04,4.51,4.55,4.5,4.54,0
2001-01-05,4.52,4.58,4.52,4.56,0
2001-01-08,4.56,4.58,4.55,4.56,0
2001-01-09,4.55,4.56,4.54,4.56,0
2001-01-10,4.55,4.58,4.52,4.54,0
2001-01-11,4.54,4.57,4.53,4.56,0
2001-01-12,4.58,4.64,4.54,4.62,0
2001-01-16,4.6,4.69,4.6,4.68,0
2001-01-17,4.67,4.92,4.65,4.71,0
2001-01-18,4.71,4.8,4.66,4.78,0
2001-01-19,4.78,4.88,4.74,4.74,0
2001-01-22,4.75,4.81,4.73,4.78,0
2001-01-23,4.79,4.8,4.77,4.78,0
2001-01-24,4.78,4.79,4.74,4.76,0
2001-01-25,4.77,4.83,4.74,4.79,0
2001-01-26,4.79,4.82,4.77,4.79,0
2001-01-29,4.79,4.81,4.78,4.78,0
2001-01-30,4.79,4.84,4.78,4.78,0
2001-01-31,4.8,4.82,4.77,4.77,0
2001-02-01,4.78,4.81,4.75,4.78,0
2001-02-02,4.78,4.8,4.76,4.76,0
2001-02-05,4.76,4.77,4.67,4.67,0
2001-02-06,4.66,4.75,4.65,4.65,0
2001-02-07,4.65,4.67,4.61,4.61,0
2001-02-08,4.61,4.69,4.49,4.55,0
2001-02-09,4.56,4.6,4.53,4.54,0
2001-02-12,4.54,4.57,4.54,4.55,0
2001-02-13,4.55,4.58,4.54,4.54,0
2001-02-14,4.56,4.57,4.51,4.51,0
2001-02-15,4.52,4.55,4.5,4.52,0
2001-02-16,4.52,4.52,4.48,4.48,0
2001-02-20,4.51,4.51,4.42,4.43,0
2001-02-21,4.44,4.47,4.41,4.41,0
2001-02-22,4.42,4.44,4.42,4.42,0
2001-02-23,4.42,4.46,4.39,4.43,0
2001-02-26,4.43,4.48,4.43,4.44,0
2001-02-27,4.46,4.55,4.42,4.42,0
2001-02-28,4.42,4.54,4.415,4.47,0
2001-03-01,4.48,4.52,4.4,4.4,0
2001-03-02,4.4,4.46,4.39,4.41,0
2001-03-05,4.42,4.46,4.4,4.42,0
2001-03-06,4.42,4.44,4.39,4.41,0
2001-03-07,4.41,4.46,4.41,4.43,0
2001-03-08,4.43,4.52,4.43,4.49,0
2001-03-09,4.49,4.54,4.44,4.5,0
2001-03-12,4.5,4.54,4.42,4.42,0
2001-03-13,4.42,4.47,4.4,4.43,0
2001-03-14,4.43,4.46,4.4,4.44,0
2001-03-15,4.45,4.45,4.34,4.34,0
2001-03-16,4.33,4.43,4.3,4.3,0
2001-03-19,4.3,4.41,4.3,4.32,0
2001-03-20,4.33,4.57,4.29,4.35,0
2001-03-21,4.35,4.37,4.33,4.33,0
2001-03-22,4.33,4.35,4.32,4.35,0
2001-03-23,4.35,4.38,4.33,4.35,0
2001-03-26,4.36,4.38,4.35,4.37,0
2001-03-27,4.38,4.45,4.35,4.43,0
2001-03-28,4.44,4.45,4.37,4.37,0
2001-03-29,4.37,4.41,4.32,4.32,0
2001-03-30,4.33,4.36,4.29,4.29,0
2001-04-02,4.29,4.33,4.28,4.32,0
2001-04-03,4.33,4.36,4.3,4.3,0
2001-04-04,4.3,4.41,4.3,4.31,0
2001-04-05,4.31,4.36,4.31,4.35,0
2001-04-06,4.35,4.37,4.29,4.29,0
2001-04-09,4.3,4.36,4.3,4.32,0
2001-04-10,4.31,4.34,4.31,4.32,0
2001-04-11,4.33,4.4,4.32,4.37,0
2001-04-12,4.37,4.41,4.34,4.37,0
2001-04-16,4.37,4.47,4.37,4.45,0
2001-04-17,4.45,4.45,4.37,4.37,0
2001-04-18,4.34,4.4,4.34,4.38,0
2001-04-19,4.39,4.452,4.34,4.43,0
2001-04-20,4.44,4.52,4.39,4.44,0
2001-04-23,4.45,4.46,4.41,4.43,0
2001-04-24,4.43,4.52,4.43,4.45,0
2001-04-25,4.45,4.46,4.37,4.37,0
2001-04-26,4.37,4.45,4.37,4.38,0
2001-04-27,4.38,4.44,4.36,4.36,0
2001-04-30,4.36,4.38,4.33,4.33,0
2001-05-01,4.33,4.37,4.33,4.36,0
2001-05-02,4.36,4.41,4.35,4.37,0
2001-05-03,4.37,4.42,4.33,4.33,0
2001-05-04,4.33,4.36,4.32,4.33,0
2001-05-07,4.35,4.35,4.31,4.31,0
2001-05-08,4.31,4.34,4.195,4.32,0
2001-05-09,4.32,4.41,4.225,4.39,0
2001-05-10,4.39,4.4,4.33,4.34,0
2001-05-11,4.34,4.38,4.34,4.35,0
2001-05-14,4.33,4.36,4.33,4.34,0
2001-05-15,4.34,4.35,4.31,4.31,0
2001-05-16,4.31,4.465,4.31,4.43,0
2001-05-17,4.43,4.5,4.39,4.48,0
2001-05-18,4.48,4.61,4.44,4.57,0
2001-05-21,4.57,4.64,4.53,4.54,0
2001-05-22,4.54,4.59,4.46,4.55,0
2001-05-23,4.55,4.59,4.51,4.55,0
2001-05-24,4.55,4.69,4.55,4.6,0
2001-05-25,4.6,4.61,4.54,4.55,0
2001-05-29,4.55,4.56,4.52,4.52,0
2001-05-30,4.52,4.53,4.42,4.42,0
2001-05-31,4.42,4.5,4.39,4.39,0
2001-06-01,4.39,4.45,4.38,4.41,0
2001-06-04,4.41,4.48,4.32,4.32,0
2001-06-05,4.32,4.41,4.32,4.34,0
2001-06-06,4.34,4.37,4.34,4.34,0
2001-06-07,4.34,4.355,4.33,4.34,0
2001-06-08,4.34,4.39,4.33,4.37,0
2001-06-11,4.37,4.37,4.34,4.34,0
2001-06-12,4.33,4.46,4.33,4.38,0
2001-06-13,4.38,4.43,4.37,4.41,0
2001-06-14,4.41,4.5,4.405,4.48,0
2001-06-15,4.47,4.53,4.4,4.4,0
2001-06-18,4.4,4.48,4.38,4.43,0
2001-06-19,4.43,4.45,4.39,4.41,0
2001-06-20,4.41,4.42,4.35,4.35,0
2001-06-21,4.36,4.365,4.3,4.33,0
2001-06-22,4.33,4.35,4.3,4.3,0
2001-06-25,4.3,4.35,4.3,4.3,0
2001-06-26,4.32,4.43,4.3,4.37,0
2001-06-27,4.37,4.37,4.29,4.31,0
2001-06-28,4.33,4.34,4.3,4.3,0
2001-06-29,4.3,4.35,4.3,4.31,0
2001-07-02,4.3,4.39,4.27,4.28,0
2001-07-03,4.28,4.35,4.22,4.26,0
2001-07-05,4.27,4.27,4.23,4.23,0
2001-07-06,4.23,4.33,4.22,4.25,0
2001-07-09,4.23,4.28,4.23,4.23,0
2001-07-10,4.23,4.27,4.23,4.25,0
2001-07-11,4.25,4.285,4.24,4.25,0
2001-07-12,4.25,4.31,4.25,4.26,0
2001-07-13,4.26,4.31,4.26,4.31,0
2001-07-16,4.3,4.32,4.2,4.2,0
2001-07-17,4.22,4.3,4.22,4.24,0
2001-07-18,4.24,4.29,4.2,4.27,0
2001-07-19,4.28,4.3,4.22,4.23,0
2001-07-20,4.23,4.28,4.22,4.23,0
2001-07-23,4.24,4.295,4.24,4.25,0
2001-07-24,4.25,4.27,4.25,4.25,0
2001-07-25,4.26,4.26,4.24,4.24,0
2001-07-26,4.24,4.275,4.24,4.25,0
2001-07-27,4.25,4.27,4.22,4.22,0
2001-07-30,4.22,4.26,4.21,4.21,0
2001-07-31,4.21,4.28,4.21,4.23,0
2001-08-01,4.23,4.25,4.23,4.23,0
2001-08-02,4.23,4.25,4.23,4.25,0
2001-08-03,4.25,4.27,4.23,4.23,0
2001-08-06,4.24,4.25,4.2,4.2,0
2001-08-07,4.2,4.25,4.13,4.18,0
2001-08-08,4.18,4.18,4.15,4.16,0
2001-08-09,4.16,4.24,4.16,4.21,0
2001-08-10,4.21,4.25,4.13,4.15,0
2001-08-13,4.14,4.25,4.14,4.16,0
2001-08-14,4.16,4.24,4.16,4.21,0
2001-08-15,4.21,4.25,4.15,4.16,0
2001-08-16,4.16,4.23,4.16,4.21,0
2001-08-17,4.21,4.29,4.2,4.27,0
2001-08-20,4.27,4.28,4.16,4.16,0
2001-08-21,4.16,4.24,4.16,4.19,0
2001-08-22,4.19,4.23,4.19,4.19,0
2001-08-23,4.21,4.24,4.2,4.22,0
2001-08-24,4.23,4.25,4.18,4.18,0
2001-08-27,4.19,4.21,4.19,4.2,0
2001-08-28,4.2,4.23,4.19,4.19,0
2001-08-29,4.19,4.25,4.19,4.19,0
2001-08-30,4.19,4.21,4.17,4.17,0
2001-08-31,4.185,4.2,4.18,4.18,0
2001-09-04,4.19,4.215,4.17,4.17,0
2001-09-05,4.17,4.19,4.17,4.17,0
2001-09-06,4.17,4.205,4.17,4.17,0
2001-09-07,4.17,4.2,4.16,4.17,0
2001-09-10,4.17,4.2,4.14,4.17,0
2001-09-11,4.17,4.35,4.17,4.25,0
2001-09-12,4.25,4.26,4.19,4.22,0
2001-09-13,4.22,4.24,4.2,4.21,0
2001-09-14,4.21,4.31,4.21,4.31,0
2001-09-17,4.28,4.4,4.28,4.37,0
2001-09-18,4.37,4.45,4.28,4.44,0
2001-09-19,4.44,4.74,4.43,4.67,0
2001-09-20,4.67,4.67,4.46,4.5,0
2001-09-21,4.5,4.63,4.49,4.59,0
2001-09-24,4.59,4.595,4.49,4.56,0
2001-09-25,4.56,4.56,4.51,4.51,0
2001-09-26,4.51,4.61,4.49,4.57,0
2001-09-27,4.58,4.63,4.53,4.58,0
2001-09-28,4.58,4.655,4.57,4.63,0
2001-10-01,4.63,4.66,4.59,4.65,0
2001-10-02,4.64,4.68,4.6,4.6,0
2001-10-03,4.6,4.65,4.59,4.59,0
2001-10-04,4.59,4.69,4.59,4.61,0
2001-10-05,4.61,4.67,4.61,4.65,0
2001-10-08,4.65,4.685,4.63,4.63,0
2001-10-09,4.63,4.66,4.51,4.51,0
2001-10-10,4.51,4.6,4.4,4.41,0
2001-10-11,4.42,4.47,4.38,4.4,0
2001-10-12,4.4,4.46,4.4,4.45,0
2001-10-15,4.44,4.45,4.36,4.38,0
2001-10-16,4.38,4.43,4.32,4.34,0
2001-10-17,4.34,4.38,4.33,4.35,0
2001-10-18,4.35,4.38,4.24,4.25,0
2001-10-19,4.25,4.36,4.24,4.25,0
2001-10-22,4.26,4.275,4.21,4.22,0
2001-10-23,4.24,4.26,4.22,4.22,0
2001-10-24,4.22,4.25,4.21,4.21,0
2001-10-25,4.21,4.23,4.19,4.2,0
2001-10-26,4.2,4.24,4.2,4.2,0
2001-10-29,4.22,4.26,4.22,4.23,0
2001-10-30,4.23,4.29,4.23,4.25,0
2001-10-31,4.25,4.28,4.2,4.21,0
2001-11-01,4.23,4.28,4.21,4.21,0
2001-11-02,4.22,4.23,4.125,4.13,0
2001-11-05,4.13,4.22,4.11,4.11,0
2001-11-06,4.11,4.22,4.11,4.14,0
2001-11-07,4.14,4.165,4.13,4.15,0
2001-11-08,4.16,4.16,4.09,4.09,0
2001-11-09,4.1,4.14,4.08,4.09,0
2001-11-12,4.09,4.23,4.09,4.14,0
2001-11-13,4.14,4.175,4.1,4.15,0
2001-11-14,4.15,4.195,4.15,4.16,0
2001-11-15,4.16,4.16,4.09,4.13,0
2001-11-16,4.14,4.15,4.11,4.11,0
2001-11-19,4.11,4.13,4.07,4.07,0
2001-11-20,4.07,4.12,4.07,4.07,0
2001-11-21,4.08,4.09,4.05,4.05,0
2001-11-23,4.05,4.1,4.05,4.09,0
2001-11-26,4.09,4.12,4.05,4.05,0
2001-11-27,4.05,4.11,4.05,4.06,0
2001-11-28,4.07,4.165,4.07,4.14,0
2001-11-29,4.13,4.19,4.1,4.1,0
2001-11-30,4.1,4.195,4.1,4.16,0
2001-12-03,4.16,4.255,4.14,4.23,0
2001-12-04,4.24,4.24,4.16,4.16,0
2001-12-05,4.18,4.23,4.15,4.21,0
2001-12-06,4.22,4.29,4.18,4.23,0
2001-12-07,4.24,4.305,4.24,4.28,0
2001-12-10,4.28,4.29,4.24,4.25,0
2001-12-11,4.25,4.31,4.25,4.29,0
2001-12-12,4.3,4.32,4.27,4.27,0
2001-12-13,4.28,4.31,4.27,4.3,0
2001-12-14,4.31,4.44,4.3,4.41,0
2001-12-17,4.41,4.42,4.32,4.4,0
2001-12-18,4.4,4.48,4.39,4.44,0
2001-12-19,4.45,4.5,4.36,4.36,0
2001-12-20,4.37,4.475,4.34,4.45,0
2001-12-21,4.45,4.57,4.36,4.51,0
2001-12-24,4.51,4.55,4.51,4.53,0
2001-12-26,4.53,4.63,4.53,4.55,0
2001-12-27,4.6,4.62,4.52,4.52,0
2001-12-28,4.52,4.543,4.455,4.53,0
2001-12-31,4.54,4.67,4.52,4.61,0
2002-01-02,4.61,4.62,4.57,4.57,0
2002-01-03,4.57,4.67,4.57,4.64,0
2002-01-04,4.65,4.72,4.56,4.69,0
2002-01-07,4.66,4.75,4.66,4.74,0
2002-01-08,4.74,4.77,4.67,4.72,0
2002-01-09,4.72,4.82,4.72,4.8,0
2002-01-10,4.79,4.87,4.76,4.76,0
2002-01-11,4.75,4.8,4.72,4.75,0
2002-01-14,4.75,4.75,4.55,4.55,0
2002-01-15,4.56,4.64,4.51,4.61,0
2002-01-16,4.62,4.67,4.56,4.61,0
2002-01-17,4.63,4.64,4.49,4.49,0
2002-01-18,4.49,4.54,4.36,4.36,0
2002-01-22,4.35,4.38,4.29,4.29,0
2002-01-23,4.29,4.32,4.26,4.26,0
2002-01-24,4.26,4.31,4.26,4.27,0
2002-01-25,4.27,4.35,4.27,4.31,0
2002-01-28,4.31,4.32,4.26,4.27,0
2002-01-29,4.26,4.32,4.24,4.3,0
2002-01-30,4.3,4.31,4.27,4.29,0
2002-01-31,4.29,4.305,4.23,4.23,0
2002-02-01,4.24,4.33,4.24,4.31,0
2002-02-04,4.3,4.32,4.28,4.29,0
2002-02-05,4.29,4.41,4.29,4.4,0
2002-02-06,4.39,4.48,4.37,4.38,0
2002-02-07,4.36,4.41,4.35,4.37,0
2002-02-08,4.37,4.495,4.36,4.45,0
2002-02-11,4.45,4.45,4.38,4.42,0
2002-02-12,4.42,4.505,4.38,4.47,0
2002-02-13,4.47,4.52,4.43,4.51,0
2002-02-14,4.5,4.58,4.45,4.55,0
2002-02-15,4.55,4.615,4.55,4.55,0
2002-02-18,4.55,4.59,4.52,4.52,0
2002-02-19,4.53,4.565,4.48,4.48,0
2002-02-20,4.48,4.51,4.4,4.41,0
2002-02-21,4.41,4.44,4.395,4.43,0
2002-02-22,4.42,4.44,4.4,4.4,0
2002-02-25,4.4,4.42,4.28,4.38,0
2002-02-26,4.38,4.44,4.38,4.43,0
2002-02-27,4.43,4.48,4.43,4.45,0
2002-02-28,4.45,4.51,4.43,4.5,0
2002-03-01,4.5,4.6,4.48,4.56,0
2002-03-04,4.56,4.64,4.56,4.6,0
2002-03-05,4.6,4.63,4.55,4.55,0
2002-03-06,4.56,4.62,4.5,4.52,0
2002-03-07,4.52,4.55,4.46,4.46,0
2002-03-08,4.46,4.57,4.46,4.5,0
2002-03-11,4.5,4.55,4.48,4.48,0
2002-03-12,4.48,4.54,4.48,4.48,0
2002-03-13,4.49,4.53,4.49,4.52,0
2002-03-14,4.52,4.55,4.49,4.5,0
2002-03-15,4.51,4.54,4.46,4.48,0
2002-03-18,4.48,4.52,4.45,4.48,0
2002-03-19,4.49,4.57,4.49,4.52,0
2002-03-20,4.52,4.54,4.5,4.52,0
2002-03-21,4.51,4.54,4.5,4.51,0
2002-03-22,4.5,4.56,4.5,4.53,0
2002-03-25,4.53,4.59,4.52,4.58,0
2002-03-26,4.57,4.59,4.56,4.59,0
2002-03-27,4.61,4.68,4.59,4.67,0
2002-03-28,4.66,4.695,4.63,4.63,0
2002-03-29,4.63,4.63,4.63,4.63,0
2002-04-01,4.63,4.695,4.63,4.67,0
2002-04-02,4.67,4.74,4.66,4.73,0
2002-04-03,4.73,4.74,4.6,4.66,0
2002-04-04,4.65,4.67,4.6,4.62,0
2002-04-05,4.62,4.635,4.51,4.57,0
2002-04-08,4.57,4.6,4.56,4.56,0
2002-04-09,4.56,4.575,4.53,4.53,0
2002-04-10,4.55,4.64,4.53,4.62,0
2002-04-11,4.62,4.625,4.57,4.57,0
2002-04-12,4.58,4.61,4.57,4.58,0
2002-04-15,4.58,4.62,4.46,4.46,0
2002-04-16,4.46,4.53,4.41,4.41,0
2002-04-17,4.41,4.48,4.41,4.45,0
2002-04-18,4.45,4.55,4.45,4.5,0
2002-04-19,4.5,4.52,4.49,4.49,0
2002-04-22,4.5,4.57,4.5,4.55,0
2002-04-23,4.55,4.59,4.52,4.57,0
2002-04-24,4.58,4.6,4.56,4.56,0
2002-04-25,4.56,4.65,4.555,4.61,0
2002-04-26,4.61,4.675,4.6,4.64,0
2002-04-29,4.65,4.65,4.62,4.62,0
2002-04-30,4.63,4.64,4.52,4.53,0
2002-05-01,4.53,4.56,4.52,4.53,0
2002-05-02,4.53,4.56,4.52,4.54,0
2002-05-03,4.54,4.615,4.54,4.6,0
2002-05-06,4.6,4.615,4.59,4.61,0
2002-05-07,4.61,4.64,4.61,4.62,0
2002-05-08,4.62,4.66,4.57,4.58,0
2002-05-09,4.58,4.63,4.555,4.62,0
2002-05-10,4.62,4.68,4.62,4.66,0
2002-05-13,4.66,4.71,4.6,4.61,0
2002-05-14,4.61,4.63,4.59,4.6,0
2002-05-15,4.6,4.645,4.6,4.63,0
2002-05-16,4.63,4.655,4.63,4.63,0
2002-05-17,4.64,4.68,4.63,4.66,0
2002-05-20,4.66,4.79,4.65,4.77,0
2002-05-21,4.77,4.85,4.68,4.81,0
2002-05-22,4.82,4.845,4.78,4.82,0
2002-05-23,4.82,4.9,4.77,4.88,0
2002-05-24,4.88,4.89,4.79,4.86,0
2002-05-27,4.86,4.89,4.78,4.79,0
2002-05-28,4.79,4.89,4.79,4.86,0
2002-05-29,4.87,4.96,4.85,4.92,0
2002-05-30,4.92,4.975,4.9,4.95,0
2002-05-31,4.96,5.06,4.9,5,0
2002-06-03,5,5.085,5,5.07,0
2002-06-04,5.08,5.135,5.06,5.06,0
2002-06-05,5.07,5.13,4.92,4.93,0
2002-06-06,4.94,5.005,4.92,4.98,0
2002-06-07,4.98,5.045,4.95,4.95,0
2002-06-10,4.96,4.98,4.9,4.91,0
2002-06-11,4.91,4.92,4.8,4.88,0
2002-06-12,4.88,4.94,4.875,4.89,0
2002-06-13,4.89,4.91,4.83,4.83,0
2002-06-14,4.83,4.89,4.83,4.85,0
2002-06-17,4.85,4.85,4.81,4.81,0
2002-06-18,4.82,4.86,4.66,4.85,0
2002-06-19,4.86,4.91,4.84,4.86,0
2002-06-20,4.87,4.875,4.86,4.87,0
2002-06-21,4.87,4.91,4.83,4.84,0
2002-06-24,4.84,4.91,4.84,4.85,0
2002-06-25,4.85,4.87,4.79,4.83,0
2002-06-26,4.83,4.89,4.83,4.83,0
2002-06-27,4.83,4.885,4.81,4.85,0
2002-06-28,4.86,4.89,4.82,4.82,0
2002-07-01,4.82,4.87,4.81,4.86,0
2002-07-02,4.86,4.99,4.85,4.93,0
2002-07-03,4.93,4.95,4.91,4.93,0
2002-07-04,4.93,4.93,4.9,4.9,0
2002-07-05,4.89,4.92,4.89,4.92,0
2002-07-08,4.92,4.98,4.915,4.96,0
2002-07-09,4.96,5.05,4.93,5.04,0
2002-07-10,5.04,5.08,5.03,5.04,0
2002-07-11,5.05,5.1,4.91,4.91,0
2002-07-12,5.04,5.09,5.03,5.04,0
2002-07-15,5.03,5.15,5.03,5.06,0
2002-07-16,5.06,5.1,5,5.01,0
2002-07-17,5.01,5.02,4.95,4.97,0
2002-07-18,4.97,5,4.97,4.97,0
2002-07-19,4.97,5.09,4.97,5.04,0
2002-07-22,5.04,5.08,5.01,5.01,0
2002-07-23,5.01,5.03,4.86,4.87,0
2002-07-24,4.87,4.94,4.81,4.83,0
2002-07-25,4.83,4.87,4.81,4.84,0
2002-07-26,4.84,4.86,4.59,4.66,0
2002-07-29,4.66,4.68,4.62,4.62,0
2002-07-30,4.62,4.68,4.62,4.65,0
2002-07-31,4.65,4.68,4.57,4.59,0
2002-08-01,4.59,4.61,4.55,4.57,0
2002-08-02,4.57,4.62,4.57,4.59,0
2002-08-05,4.59,4.665,4.59,4.62,0
2002-08-06,4.62,4.65,4.6,4.61,0
2002-08-07,4.61,4.7,4.61,4.66,0
2002-08-08,4.66,4.695,4.63,4.63,0
2002-08-09,4.63,4.67,4.62,4.66,0
2002-08-12,4.66,4.725,4.58,4.59,0
2002-08-13,4.59,4.68,4.58,4.59,0
2002-08-14,4.59,4.665,4.46,4.46,0
2002-08-15,4.46,4.515,4.46,4.48,0
2002-08-16,4.48,4.575,4.48,4.49,0
2002-08-19,4.49,4.54,4.4,4.4,0
2002-08-20,4.4,4.48,4.4,4.44,0
2002-08-21,4.44,4.46,4.42,4.42,0
2002-08-22,4.42,4.49,4.39,4.46,0
2002-08-23,4.46,4.48,4.39,4.41,0
2002-08-26,4.41,4.45,4.41,4.44,0
2002-08-27,4.44,4.52,4.32,4.5,0
2002-08-28,4.5,4.54,4.46,4.5,0
2002-08-29,4.5,4.56,4.46,4.55,0
2002-08-30,4.55,4.57,4.45,4.45,0
2002-09-02,4.45,4.5,4.45,4.47,0
2002-09-03,4.47,4.495,4.43,4.47,0
2002-09-04,4.47,4.48,4.45,4.47,0
2002-09-05,4.47,4.54,4.47,4.52,0
2002-09-06,4.52,4.555,4.51,4.51,0
2002-09-09,4.51,4.595,4.51,4.57,0
2002-09-10,4.57,4.58,4.52,4.55,0
2002-09-11,4.55,4.55,4.51,4.55,0
2002-09-12,4.55,4.615,4.54,4.58,0
2002-09-13,4.58,4.62,4.54,4.54,0
2002-09-16,4.54,4.57,4.52,4.55,0
2002-09-17,4.55,4.585,4.52,4.57,0
2002-09-18,4.57,4.63,4.565,4.61,0
2002-09-19,4.61,4.67,4.61,4.65,0
2002-09-20,4.65,4.66,4.62,4.63,0
2002-09-23,4.63,4.65,4.59,4.62,0
2002-09-24,4.61,4.69,4.61,4.64,0
2002-09-25,4.64,4.66,4.57,4.58,0
2002-09-26,4.58,4.64,4.5,4.51,0
2002-09-27,4.51,4.53,4.48,4.48,0
2002-09-30,4.48,4.56,4.48,4.52,0
2002-10-01,4.52,4.54,4.46,4.46,0
2002-10-02,4.46,4.5,4.46,4.49,0
2002-10-03,4.49,4.51,4.46,4.47,0
2002-10-04,4.47,4.485,4.44,4.48,0
2002-10-07,4.48,4.49,4.44,4.44,0
2002-10-08,4.44,4.46,4.37,4.37,0
2002-10-09,4.37,4.38,4.33,4.35,0
2002-10-10,4.35,4.37,4.27,4.27,0
2002-10-11,4.27,4.335,4.27,4.31,0
2002-10-14,4.31,4.34,4.3,4.3,0
2002-10-15,4.25,4.37,4.25,4.31,0
2002-10-16,4.31,4.42,4.28,4.36,0
2002-10-17,4.36,4.41,4.28,4.34,0
2002-10-18,4.34,4.4,4.3,4.35,0
2002-10-21,4.35,4.41,4.3,4.34,0
2002-10-22,4.34,4.47,4.32,4.42,0
2002-10-23,4.41,4.47,4.34,4.4,0
2002-10-24,4.4,4.44,4.31,4.36,0
2002-10-25,4.36,4.45,4.34,4.4,0
2002-10-28,4.4,4.46,4.38,4.4,0
2002-10-29,4.39,4.56,4.39,4.5,0
2002-10-30,4.49,4.57,4.43,4.48,0
2002-10-31,4.48,4.56,4.44,4.5,0
2002-11-01,4.5,4.6,4.46,4.48,0
2002-11-04,4.48,4.55,4.41,4.48,0
2002-11-05,4.48,4.56,4.43,4.49,0
2002-11-06,4.48,4.53,4.44,4.49,0
2002-11-07,4.48,4.6,4.46,4.54,0
2002-11-08,4.53,4.64,4.49,4.52,0
2002-11-11,4.52,4.61,4.49,4.56,0
2002-11-12,4.56,4.64,4.52,4.59,0
2002-11-13,4.56,4.67,4.5,4.55,0
2002-11-14,4.54,4.61,4.49,4.56,0
2002-11-15,4.55,4.61,4.51,4.56,0
2002-11-18,4.56,4.62,4.5,4.53,0
2002-11-19,4.53,4.6,4.51,4.54,0
2002-11-20,4.54,4.59,4.5,4.53,0
2002-11-21,4.53,4.58,4.42,4.46,0
2002-11-22,4.46,4.59,4.42,4.53,0
2002-11-25,4.53,4.57,4.43,4.47,0
2002-11-26,4.47,4.52,4.4,4.43,0
2002-11-27,4.43,4.5,4.39,4.42,0
2002-11-28,4.42,4.46,4.38,4.42,0
2002-11-29,4.42,4.5,4.39,4.43,0
2002-12-02,4.43,4.49,4.38,4.43,0
2002-12-03,4.43,4.58,4.4,4.51,0
2002-12-04,4.51,4.63,4.5,4.56,0
2002-12-05,4.56,4.69,4.53,4.6,0
2002-12-06,4.6,4.75,4.57,4.64,0
2002-12-09,4.64,4.68,4.52,4.6,0
2002-12-10,4.61,4.66,4.55,4.6,0
2002-12-11,4.57,4.69,4.57,4.63,0
2002-12-12,4.63,4.79,4.58,4.7,0
2002-12-13,4.7,4.83,4.63,4.67,0
2002-12-16,4.67,4.85,4.6,4.67,0
2002-12-17,4.67,4.79,4.57,4.61,0
2002-12-18,4.61,4.74,4.57,4.66,0
2002-12-19,4.66,4.79,4.61,4.65,0
2002-12-20,4.7,4.74,4.57,4.6,0
2002-12-23,4.6,4.7,4.57,4.65,0
2002-12-24,4.65,4.7,4.59,4.65,0
2002-12-26,4.65,4.74,4.62,4.67,0
2002-12-27,4.67,4.75,4.62,4.68,0
2002-12-30,4.68,4.78,4.62,4.65,0
2002-12-31,4.65,4.82,4.61,4.77,0
2003-01-02,4.77,4.855,4.71,4.78,0
2003-01-03,4.78,4.92,4.74,4.88,0
2003-01-06,4.88,4.96,4.84,4.87,0
2003-01-07,4.87,4.92,4.74,4.77,0
2003-01-08,4.77,4.9,4.73,4.84,0
2003-01-09,4.84,4.9,4.78,4.8,0
2003-01-10,4.81,4.9,4.78,4.83,0
2003-01-13,4.83,4.88,4.75,4.8,0
2003-01-14,4.8,4.86,4.7,4.74,0
2003-01-15,4.74,4.82,4.6,4.76,0
2003-01-16,4.76,4.87,4.72,4.81,0
2003-01-17,4.81,4.86,4.75,4.77,0
2003-01-20,4.77,4.85,4.75,4.79,0
2003-01-21,4.79,4.85,4.72,4.79,0
2003-01-22,4.79,4.88,4.74,4.82,0
2003-01-23,4.83,4.93,4.74,4.75,0
2003-01-24,4.76,4.97,4.74,4.86,0
2003-01-27,4.88,4.96,4.75,4.79,0
2003-01-28,4.79,4.9,4.76,4.84,0
2003-01-29,4.83,4.92,4.76,4.78,0
2003-01-30,4.78,4.94,4.74,4.84,0
2003-01-31,4.84,4.92,4.8,4.83,0
2003-02-03,4.83,4.89,4.79,4.82,0
2003-02-04,4.82,4.95,4.82,4.91,0
2003-02-05,4.91,4.98,4.71,4.72,0
2003-02-06,4.72,4.795,4.66,4.66,0
2003-02-07,4.66,4.725,4.63,4.63,0
2003-02-10,4.63,4.745,4.58,4.58,0
2003-02-11,4.57,4.61,4.53,4.57,0
2003-02-12,4.57,4.595,4.48,4.48,0
2003-02-13,4.48,4.55,4.48,4.52,0
2003-02-14,4.52,4.565,4.51,4.53,0
2003-02-17,4.53,4.53,4.49,4.49,0
2003-02-18,4.49,4.595,4.46,4.55,0
2003-02-19,4.55,4.62,4.55,4.61,0
2003-02-20,4.61,4.71,4.61,4.65,0
2003-02-21,4.65,4.675,4.62,4.66,0
2003-02-24,4.66,4.725,4.66,4.71,0
2003-02-25,4.71,4.76,4.62,4.63,0
2003-02-26,4.63,4.66,4.62,4.65,0
2003-02-27,4.65,4.68,4.56,4.56,0
2003-02-28,4.56,4.65,4.55,4.59,0
2003-03-03,4.59,4.665,4.58,4.65,0
2003-03-04,4.65,4.7,4.65,4.65,0
2003-03-05,4.65,4.685,4.61,4.63,0
2003-03-06,4.63,4.69,4.63,4.65,0
2003-03-07,4.65,4.685,4.6,4.66,0
2003-03-10,4.66,4.695,4.66,4.67,0
2003-03-11,4.67,4.7,4.64,4.68,0
2003-03-12,4.68,4.68,4.63,4.63,0
2003-03-13,4.63,4.635,4.51,4.53,0
2003-03-14,4.53,4.55,4.52,4.53,0
2003-03-17,4.53,4.585,4.44,4.45,0
2003-03-18,4.45,4.55,4.45,4.46,0
2003-03-19,4.46,4.5,4.41,4.41,0
2003-03-20,4.41,4.44,4.4,4.4,0
2003-03-21,4.4,4.42,4.34,4.34,0
2003-03-24,4.34,4.4,4.34,4.36,0
2003-03-25,4.36,4.43,4.36,4.38,0
2003-03-26,4.38,4.41,4.38,4.39,0
2003-03-27,4.39,4.42,4.37,4.38,0
2003-03-28,4.38,4.45,4.37,4.43,0
2003-03-31,4.43,4.49,4.41,4.45,0
2003-04-01,4.45,4.47,4.42,4.42,0
2003-04-02,4.43,4.445,4.36,4.39,0
2003-04-03,4.4,4.47,4.37,4.41,0
2003-04-04,4.42,4.43,4.4,4.41,0
2003-04-07,4.42,4.435,4.38,4.42,0
2003-04-08,4.42,4.525,4.41,4.47,0
2003-04-09,4.47,4.5,4.44,4.48,0
2003-04-10,4.48,4.505,4.46,4.48,0
2003-04-11,4.49,4.5,4.46,4.48,0
2003-04-14,4.48,4.545,4.48,4.53,0
2003-04-15,4.54,4.545,4.51,4.51,0
2003-04-16,4.51,4.52,4.46,4.48,0
2003-04-17,4.48,4.49,4.46,4.46,0
2003-04-18,4.46,4.49,4.46,4.48,0
2003-04-21,4.48,4.545,4.48,4.52,0
2003-04-22,4.52,4.6,4.51,4.55,0
2003-04-23,4.58,4.65,4.57,4.61,0
2003-04-24,4.61,4.65,4.59,4.63,0
2003-04-25,4.63,4.65,4.61,4.61,0
2003-04-28,4.62,4.64,4.54,4.57,0
2003-04-29,4.57,4.59,4.55,4.55,0
2003-04-30,4.55,4.66,4.55,4.64,0
2003-05-01,4.64,4.765,4.64,4.74,0
2003-05-02,4.74,4.805,4.73,4.77,0
2003-05-05,4.78,4.805,4.76,4.78,0
2003-05-06,4.78,4.81,4.76,4.77,0
2003-05-07,4.8,4.8,4.71,4.73,0
2003-05-08,4.73,4.795,4.71,4.77,0
2003-05-09,4.79,4.79,4.76,4.77,0
2003-05-12,4.78,4.88,4.775,4.83,0
2003-05-13,4.83,4.85,4.81,4.81,0
2003-05-14,4.81,4.87,4.81,4.85,0
2003-05-15,4.86,4.86,4.75,4.75,0
2003-05-16,4.75,4.82,4.75,4.77,0
2003-05-19,4.78,4.85,4.78,4.82,0
2003-05-20,4.82,4.85,4.75,4.75,0
2003-05-21,4.77,4.79,4.7,4.71,0
2003-05-22,4.71,4.75,4.64,4.64,0
2003-05-23,4.65,4.685,4.63,4.63,0
2003-05-26,4.63,4.67,4.63,4.66,0
2003-05-27,4.67,4.69,4.61,4.61,0
2003-05-28,4.61,4.66,4.59,4.63,0
2003-05-29,4.62,4.64,4.54,4.56,0
2003-05-30,4.56,4.6,4.51,4.52,0
2003-06-02,4.52,4.56,4.49,4.5,0
2003-06-03,4.5,4.53,4.5,4.5,0
2003-06-04,4.5,4.53,4.48,4.49,0
2003-06-05,4.49,4.51,4.48,4.49,0
2003-06-06,4.49,4.58,4.49,4.53,0
2003-06-09,4.53,4.55,4.49,4.51,0
2003-06-10,4.51,4.59,4.47,4.47,0
2003-06-11,4.47,4.51,4.43,4.49,0
2003-06-12,4.49,4.515,4.48,4.5,0
2003-06-13,4.5,4.58,4.5,4.57,0
2003-06-16,4.58,4.615,4.53,4.6,0
2003-06-17,4.6,4.64,4.6,4.61,0
2003-06-18,4.62,4.62,4.54,4.55,0
2003-06-19,4.55,4.58,4.52,4.56,0
2003-06-20,4.56,4.58,4.52,4.52,0
2003-06-23,4.52,4.57,4.52,4.55,0
2003-06-24,4.56,4.56,4.5,4.51,0
2003-06-25,4.51,4.575,4.505,4.55,0
2003-06-26,4.56,4.57,4.51,4.52,0
2003-06-27,4.53,4.56,4.51,4.56,0
2003-06-30,4.51,4.56,4.505,4.55,0
2003-07-01,4.55,4.6,4.54,4.56,0
2003-07-02,4.57,4.665,4.57,4.62,0
2003-07-03,4.62,4.685,4.62,4.67,0
2003-07-04,4.67,4.67,4.65,4.65,0
2003-07-07,4.65,4.73,4.65,4.72,0
2003-07-08,4.72,4.755,4.7,4.73,0
2003-07-09,4.73,4.815,4.73,4.8,0
2003-07-10,4.81,4.87,4.79,4.79,0
2003-07-11,4.79,4.82,4.76,4.78,0
2003-07-14,4.78,4.81,4.77,4.77,0
2003-07-15,4.77,4.78,4.63,4.63,0
2003-07-16,4.65,4.68,4.64,4.65,0
2003-07-17,4.65,4.69,4.65,4.66,0
2003-07-18,4.66,4.72,4.63,4.7,0
2003-07-21,4.69,4.77,4.63,4.75,0
2003-07-22,4.73,4.79,4.72,4.78,0
2003-07-23,4.78,5.08,4.78,5.03,0
2003-07-24,5.05,5.155,5.01,5.07,0
2003-07-25,5.08,5.09,5.02,5.06,0
2003-07-28,5.07,5.22,5.06,5.15,0
2003-07-29,5.17,5.18,5.03,5.14,0
2003-07-30,5.15,5.15,5.04,5.05,0
2003-07-31,5.06,5.215,5.04,5.13,0
2003-08-01,5.13,5.17,5.06,5.08,0
2003-08-04,5.09,5.11,4.96,5,0
2003-08-05,5.02,5.03,4.91,4.95,0
2003-08-06,4.95,4.98,4.91,4.96,0
2003-08-07,4.97,5.075,4.92,5.01,0
2003-08-08,5.01,5.06,4.96,4.98,0
2003-08-11,4.99,5.005,4.93,4.97,0
2003-08-12,4.99,5,4.83,4.86,0
2003-08-13,4.87,5.02,4.84,4.99,0
2003-08-14,5,5.05,4.99,5.01,0
2003-08-15,5.03,5.03,4.88,4.91,0
2003-08-18,4.92,4.96,4.88,4.92,0
2003-08-19,4.93,5.01,4.91,4.98,0
2003-08-20,4.96,5.02,4.96,5,0
2003-08-21,5.01,5.03,4.92,4.93,0
2003-08-22,4.93,5.01,4.93,4.98,0
2003-08-25,4.99,5.01,4.97,4.97,0
2003-08-26,4.97,4.99,4.94,4.98,0
2003-08-27,4.94,5.14,4.94,5.1,0
2003-08-28,5.12,5.135,5.07,5.1,0
2003-08-29,5.11,5.16,5.09,5.1,0
2003-09-01,5.1,5.17,5.1,5.14,0
2003-09-02,5.11,5.165,4.95,4.97,0
2003-09-03,4.99,5.05,4.98,5.04,0
2003-09-04,5.05,5.05,5,5.01,0
2003-09-05,5.02,5.155,4.99,5.1,0
2003-09-08,5.1,5.11,5.07,5.07,0
2003-09-09,5.08,5.27,5.08,5.235,0
2003-09-10,5.24,5.28,5.19,5.25,0
2003-09-11,5.25,5.32,5.22,5.3,0
2003-09-12,5.29,5.33,5.16,5.18,0
2003-09-15,5.18,5.22,5.09,5.15,0
2003-09-16,5.17,5.2,5.15,5.17,0
2003-09-17,5.19,5.25,5.17,5.25,0
2003-09-18,5.27,5.32,5.16,5.22,0
2003-09-19,5.23,5.28,5.2,5.22,0
2003-09-22,5.25,5.32,5.21,5.23,0
2003-09-23,5.25,5.27,5.16,5.18,0
2003-09-24,5.2,5.29,5.2,5.28,0
2003-09-25,5.29,5.35,5.18,5.18,0
2003-09-26,5.19,5.28,5.09,5.09,0
2003-09-29,5.11,5.185,5.04,5.04,0
2003-09-30,5.05,5.15,5.05,5.11,0
2003-10-01,5.1,5.16,5.05,5.08,0
2003-10-02,5.08,5.12,5.06,5.06,0
2003-10-03,5.08,5.1,4.8,4.8,0
2003-10-06,4.83,4.88,4.73,4.8,0
2003-10-07,4.78,4.87,4.78,4.85,0
2003-10-08,4.84,4.91,4.84,4.86,0
2003-10-09,4.87,4.9,4.77,4.82,0
2003-10-10,4.84,4.9,4.82,4.87,0
2003-10-13,4.86,4.96,4.86,4.92,0
2003-10-14,4.96,4.965,4.88,4.9,0
2003-10-15,4.91,4.95,4.86,4.92,0
2003-10-16,4.93,4.955,4.89,4.89,0
2003-10-17,4.9,4.96,4.89,4.92,0
2003-10-20,4.93,5.01,4.92,4.98,0
2003-10-21,4.99,5.06,4.97,5.03,0
2003-10-22,5.05,5.13,5.04,5.1,0
2003-10-23,5.11,5.165,5.1,5.13,0
2003-10-24,5.15,5.19,5.14,5.15,0
2003-10-27,5.16,5.195,5.1,5.17,0
2003-10-28,5.18,5.18,5.07,5.07,0
2003-10-29,5.08,5.165,5.07,5.12,0
2003-10-30,5.12,5.2,5.11,5.12,0
2003-10-31,5.11,5.18,5,5.04,0
2003-11-03,5.04,5.08,4.9,4.9,0
2003-11-04,4.93,5.04,4.93,5.01,0
2003-11-05,5.03,5.06,4.96,4.96,0
2003-11-06,4.96,5.09,4.91,4.91,0
2003-11-07,4.94,5.05,4.94,5.04,0
2003-11-10,5.05,5.09,4.96,5.07,0
2003-11-11,5.05,5.09,5.04,5.05,0
2003-11-12,5.05,5.33,5.05,5.3,0
2003-11-13,5.28,5.35,5.26,5.27,0
2003-11-14,5.27,5.405,5.27,5.38,0
2003-11-17,5.36,5.41,5.13,5.23,0
2003-11-18,5.22,5.36,5.21,5.36,0
2003-11-19,5.36,5.45,5.25,5.26,0
2003-11-20,5.26,5.33,5.22,5.25,0
2003-11-21,5.25,5.31,5.24,5.27,0
2003-11-24,5.27,5.31,5.19,5.23,0
2003-11-25,5.23,5.33,5.18,5.28,0
2003-11-26,5.28,5.38,5.28,5.34,0
2003-11-27,5.32,5.34,5.31,5.31,0
2003-11-28,5.3,5.35,5.3,5.34,0
2003-12-01,5.33,5.52,5.33,5.46,0
2003-12-02,5.45,5.505,5.41,5.48,0
2003-12-03,5.49,5.49,5.42,5.45,0
2003-12-04,5.44,5.47,5.36,5.44,0
2003-12-05,5.42,5.49,5.4,5.45,0
2003-12-08,5.42,5.54,5.42,5.54,0
2003-12-09,5.53,5.63,5.53,5.62,0
2003-12-10,5.6,5.69,5.56,5.56,0
2003-12-11,5.55,5.63,5.49,5.63,0
2003-12-12,5.57,5.62,5.56,5.6,0
2003-12-15,5.54,5.63,5.48,5.62,0
2003-12-16,5.61,5.68,5.6,5.6,0
2003-12-17,5.6,5.68,5.6,5.67,0
2003-12-18,5.66,5.72,5.61,5.69,0
2003-12-19,5.72,5.72,5.66,5.69,0
2003-12-22,5.7,5.74,5.67,5.68,0
2003-12-23,5.67,5.725,5.67,5.7,0
2003-12-24,5.73,5.76,5.7,5.75,0
2003-12-25,5.77,5.77,5.75,5.75,0
2003-12-26,5.75,5.77,5.75,5.75,0
2003-12-29,5.74,5.9,5.72,5.88,0
2003-12-30,5.88,5.96,5.79,5.95,0
2003-12-31,5.97,6,5.92,5.93,0
2004-01-02,5.93,5.98,5.93,5.96,0
2004-01-05,6,6.26,5.98,6.2,0
2004-01-06,6.19,6.4,6.18,6.28,0
2004-01-07,6.29,6.3,6.17,6.19,0
2004-01-08,6.2,6.26,6.14,6.18,0
2004-01-09,6.18,6.48,6.18,6.45,0
2004-01-12,6.46,6.74,6.2,6.55,0
2004-01-13,6.57,6.64,6.5,6.55,0
2004-01-14,6.56,6.6,6.33,6.34,0
2004-01-15,6.37,6.62,6.19,6.19,0
2004-01-16,6.17,6.35,6.17,6.3,0
2004-01-19,6.3,6.33,6.21,6.33,0
2004-01-20,6.33,6.4,6.27,6.3,0
2004-01-21,6.31,6.34,6.09,6.18,0
2004-01-22,6.2,6.395,6.16,6.33,0
2004-01-23,6.32,6.36,6.26,6.33,0
2004-01-26,6.33,6.35,6.22,6.255,0
2004-01-27,6.25,6.54,6.23,6.51,0
2004-01-28,6.53,6.62,6.27,6.5,0
2004-01-29,6.23,6.63,6.11,6.23,0
2004-01-30,6.23,6.27,6.18,6.23,0
2004-02-02,6.22,6.29,5.95,6.01,0
2004-02-03,6.04,6.27,6.04,6.09,0
2004-02-04,6.11,6.165,6.06,6.12,0
2004-02-05,6.13,6.23,6.08,6.09,0
2004-02-06,6.08,6.43,6.03,6.25,0
2004-02-09,6.23,6.41,6.12,6.37,0
2004-02-10,6.41,6.46,6.31,6.37,0
2004-02-11,6.37,6.58,6.29,6.54,0
2004-02-12,6.55,6.7,6.4,6.59,0
2004-02-13,6.58,6.715,6.46,6.55,0
2004-02-16,6.53,6.57,6.53,6.56,0
2004-02-17,6.55,6.765,6.54,6.73,0
2004-02-18,6.79,6.86,6.61,6.62,0
2004-02-19,6.62,6.8,6.55,6.65,0
2004-02-20,6.66,6.675,6.46,6.51,0
2004-02-23,6.52,6.66,6.39,6.46,0
2004-02-24,6.47,6.61,6.47,6.59,0
2004-02-25,6.61,6.79,6.51,6.51,0
2004-02-26,6.52,6.725,6.29,6.71,0
2004-02-27,6.66,6.76,6.56,6.68,0
2004-03-01,6.69,6.99,6.65,6.92,0
2004-03-02,6.93,6.95,6.68,6.7,0
2004-03-03,6.7,6.91,6.54,6.74,0
2004-03-04,6.75,6.82,6.7,6.73,0
2004-03-05,6.74,6.97,6.73,6.95,0
2004-03-08,6.95,7.03,6.78,6.95,0
2004-03-09,6.97,7.15,6.91,7.09,0
2004-03-10,7.09,7.24,7.07,7.11,0
2004-03-11,7.13,7.205,7.05,7.17,0
2004-03-12,7.08,7.25,6.92,7.02,0
2004-03-15,7.03,7.24,7.03,7.11,0
2004-03-16,7.11,7.175,7.09,7.15,0
2004-03-17,7.13,7.24,7.1,7.24,0
2004-03-18,7.24,7.44,7.18,7.43,0
2004-03-19,7.43,7.68,7.22,7.54,0
2004-03-22,7.53,7.72,7.43,7.59,0
2004-03-23,7.59,7.68,7.55,7.66,0
2004-03-24,7.66,7.74,7.56,7.6,0
2004-03-25,7.6,7.74,7.46,7.57,0
2004-03-26,7.57,7.77,7.51,7.69,0
2004-03-29,7.69,7.72,7.57,7.59,0
2004-03-30,7.59,7.76,7.59,7.74,0
2004-03-31,7.75,7.92,7.61,7.91,0
2004-04-01,7.9,8.18,7.81,8.11,0
2004-04-02,8.11,8.44,7.9,8.11,0
2004-04-05,8.12,8.32,8,8.11,0
2004-04-06,8.09,8.25,8.09,8.21,0
2004-04-07,8.23,8.26,8.06,8.16,0
2004-04-08,8.18,8.23,8.03,8.06,0
2004-04-12,8.08,8.19,7.82,7.99,0
2004-04-13,7.99,8.23,7.35,7.41,0
2004-04-14,7.39,7.42,6.83,7.02,0
2004-04-15,7.03,7.15,6.85,7.06,0
2004-04-16,7.07,7.22,7.04,7.1,0
2004-04-19,7.1,7.28,7.1,7.17,0
2004-04-20,7.16,7.21,6.8,6.8,0
2004-04-21,6.82,6.82,6.14,6.26,0
2004-04-22,6.19,6.5,6,6.02,0
2004-04-23,6.12,6.2,6.04,6.15,0
2004-04-26,6.14,6.24,6.14,6.14,0
2004-04-27,6.15,6.29,6.15,6.28,0
2004-04-28,6.26,6.29,5.83,5.85,0
2004-04-29,5.84,5.95,5.54,5.85,0
2004-04-30,5.86,6.12,5.65,6.06,0
2004-05-03,6.06,6.11,5.85,6.04,0
2004-05-04,6.03,6.14,6,6.03,0
2004-05-05,5.99,6.15,5.99,6.1,0
2004-05-06,6.1,6.1,5.77,5.8,0
2004-05-07,5.8,5.89,5.57,5.57,0
2004-05-10,5.56,5.77,5.45,5.56,0
2004-05-11,5.76,5.76,5.505,5.56,0
2004-05-12,5.55,5.74,5.54,5.54,0
2004-05-13,5.55,5.66,5.5,5.6,0
2004-05-14,5.6,5.73,5.56,5.69,0
2004-05-17,5.68,5.88,5.6,5.64,0
2004-05-18,5.66,5.78,5.63,5.66,0
2004-05-19,5.65,5.92,5.59,5.88,0
2004-05-20,5.68,5.91,5.68,5.8,0
2004-05-21,5.85,5.93,5.81,5.84,0
2004-05-24,5.83,6,5.79,5.93,0
2004-05-25,5.94,6.09,5.86,6.04,0
2004-05-26,6.03,6.16,5.96,6.05,0
2004-05-27,6.04,6.2,6.04,6.19,0
2004-05-28,6.11,6.23,6.04,6.08,0
2004-05-31,6.09,6.18,6.09,6.16,0
2004-06-01,6.16,6.18,6.04,6.04,0
2004-06-02,6.03,6.14,5.79,5.81,0
2004-06-03,5.8,5.87,5.7,5.71,0
2004-06-04,5.72,5.82,5.65,5.78,0
2004-06-07,5.72,5.9,5.72,5.87,0
2004-06-08,5.86,5.92,5.74,5.74,0
2004-06-09,5.76,5.89,5.61,5.66,0
2004-06-10,5.65,5.76,5.54,5.72,0
2004-06-11,5.73,5.76,5.61,5.7,0
2004-06-14,5.7,5.775,5.64,5.64,0
2004-06-15,5.65,5.75,5.64,5.71,0
2004-06-16,5.64,5.76,5.64,5.71,0
2004-06-17,5.7,5.91,5.7,5.9,0
2004-06-18,5.91,6.02,5.73,5.97,0
2004-06-21,5.96,6.04,5.75,5.84,0
2004-06-22,5.85,5.96,5.79,5.85,0
2004-06-23,5.85,5.92,5.81,5.84,0
2004-06-24,5.85,6.18,5.85,6.14,0
2004-06-25,6.14,6.18,5.9,6.08,0
2004-06-28,6.13,6.19,5.9,5.94,0
2004-06-29,5.94,6.14,5.79,5.82,0
2004-06-30,5.9,5.985,5.72,5.8,0
2004-07-01,5.79,5.94,5.79,5.94,0
2004-07-02,5.91,6.04,5.82,5.97,0
2004-07-05,5.93,6.03,5.93,5.99,0
2004-07-06,5.99,6.05,5.88,5.96,0
2004-07-07,5.97,6.12,5.97,6.09,0
2004-07-08,5.96,6.44,5.96,6.37,0
2004-07-09,6.4,6.53,6.38,6.44,0
2004-07-12,6.39,6.57,6.39,6.5,0
2004-07-13,6.5,6.51,6.26,6.32,0
2004-07-14,6.31,6.59,6.31,6.55,0
2004-07-15,6.59,6.66,6.45,6.63,0
2004-07-16,6.62,6.73,6.59,6.69,0
2004-07-19,6.68,6.745,6.55,6.56,0
2004-07-20,6.55,6.69,6.44,6.51,0
2004-07-21,6.62,6.62,6.33,6.37,0
2004-07-22,6.53,6.58,6.34,6.41,0
2004-07-23,6.41,6.41,6.22,6.31,0
2004-07-26,6.31,6.35,6.15,6.25,0
2004-07-27,6.31,6.31,6.15,6.21,0
2004-07-28,6.22,6.348,6.1,6.19,0
2004-07-29,6.19,6.38,6.19,6.32,0
2004-07-30,6.32,6.613,6.32,6.52,0
2004-08-02,6.55,6.67,6.38,6.6,0
2004-08-03,6.59,6.66,6.38,6.64,0
2004-08-04,6.58,6.8,6.56,6.67,0
2004-08-05,6.7,6.78,6.57,6.73,0
2004-08-06,6.71,6.86,6.65,6.74,0
2004-08-09,6.72,6.76,6.57,6.7,0
2004-08-10,6.69,6.79,6.66,6.66,0
2004-08-11,6.69,6.7,6.45,6.49,0
2004-08-12,6.5,6.62,6.48,6.51,0
2004-08-13,6.49,6.635,6.47,6.59,0
2004-08-16,6.48,6.74,6.48,6.69,0
2004-08-17,6.7,6.755,6.65,6.73,0
2004-08-18,6.72,6.85,6.62,6.8,0
2004-08-19,6.74,6.91,6.72,6.8,0
2004-08-20,6.8,6.98,6.76,6.85,0
2004-08-23,6.81,6.86,6.64,6.68,0
2004-08-24,6.72,6.84,6.53,6.54,0
2004-08-25,6.52,6.66,6.52,6.58,0
2004-08-26,6.57,6.67,6.57,6.65,0
2004-08-27,6.66,6.7,6.55,6.55,0
2004-08-30,6.67,6.805,6.57,6.69,0
2004-08-31,6.68,6.77,6.58,6.74,0
2004-09-01,6.73,6.79,6.7,6.76,0
2004-09-02,6.73,6.785,6.71,6.74,0
2004-09-03,6.78,6.78,6.46,6.52,0
2004-09-06,6.54,6.59,6.5,6.5,0
2004-09-07,6.5,6.64,6.17,6.21,0
2004-09-08,6.21,6.23,6.07,6.15,0
2004-09-09,6.17,6.22,6.08,6.14,0
2004-09-10,6.17,6.21,6.12,6.13,0
2004-09-13,6.17,6.21,6.04,6.165,0
2004-09-14,6.17,6.33,6.16,6.185,0
2004-09-15,6.185,6.27,6.13,6.24,0
2004-09-16,6.18,6.39,6.18,6.25,0
2004-09-17,6.26,6.39,6.18,6.22,0
2004-09-20,6.22,6.25,6.19,6.23,0
2004-09-21,6.24,6.35,6.24,6.34,0
2004-09-22,6.33,6.35,6.25,6.32,0
2004-09-23,6.33,6.44,6.32,6.39,0
2004-09-24,6.39,6.47,6.37,6.38,0
2004-09-27,6.36,6.52,6.36,6.48,0
2004-09-28,6.49,6.64,6.49,6.57,0
2004-09-29,6.57,6.7,6.54,6.65,0
2004-09-30,6.63,6.92,6.58,6.88,0
2004-10-01,6.9,6.94,6.77,6.89,0
2004-10-04,6.87,6.9,6.68,6.71,0
2004-10-05,6.7,7.08,6.66,7.05,0
2004-10-06,7.06,7.23,7.06,7.17,0
2004-10-07,7.16,7.25,7.13,7.16,0
2004-10-08,7.17,7.29,7.15,7.25,0
2004-10-11,7.16,7.27,7.15,7.19,0
2004-10-12,7.24,7.24,6.94,7,0
2004-10-13,7.2,7.2,6.74,6.95,0
2004-10-14,6.95,7.06,6.87,7.03,0
2004-10-15,7.03,7.17,6.97,7.05,0
2004-10-18,7.03,7.06,6.94,6.94,0
2004-10-19,7.01,7.16,6.88,7.14,0
2004-10-20,7.14,7.36,7.1,7.29,0
2004-10-21,7.09,7.37,7.09,7.24,0
2004-10-22,7.3,7.33,7.12,7.29,0
2004-10-25,7.27,7.48,7.27,7.33,0
2004-10-26,7.38,7.38,7.22,7.29,0
2004-10-27,7.3,7.4,7.15,7.15,0
2004-10-28,7.15,7.29,7.04,7.1,0
2004-10-29,7.13,7.29,7.1,7.24,0
2004-11-01,7.13,7.49,7.13,7.27,0
2004-11-02,7.27,7.32,6.9,7,0
2004-11-03,6.98,7.18,6.97,7.14,0
2004-11-04,7.11,7.46,7.04,7.32,0
2004-11-05,7.34,7.48,7.21,7.46,0
2004-11-08,7.31,7.54,7.31,7.43,0
2004-11-09,7.43,7.55,7.39,7.44,0
2004-11-10,7.48,7.52,7.34,7.38,0
2004-11-11,7.46,7.46,7.38,7.43,0
2004-11-12,7.43,7.63,7.42,7.55,0
2004-11-15,7.46,7.615,7.46,7.51,0
2004-11-16,7.53,7.59,7.46,7.52,0
2004-11-17,7.52,7.8,7.5,7.63,0
2004-11-18,7.55,7.72,7.5,7.52,0
2004-11-19,7.53,7.63,7.5,7.57,0
2004-11-22,7.52,7.63,7.52,7.54,0
2004-11-23,7.54,7.64,7.49,7.51,0
2004-11-24,7.52,7.6,7.52,7.58,0
2004-11-25,7.53,7.72,7.53,7.64,0
2004-11-26,7.58,7.77,7.58,7.64,0
2004-11-29,7.69,7.78,7.61,7.77,0
2004-11-30,7.77,7.795,7.65,7.69,0
2004-12-01,7.7,8.05,7.69,7.99,0
2004-12-02,8,8.155,7.74,7.88,0
2004-12-03,7.87,8.015,7.75,7.99,0
2004-12-06,7.99,8,7.87,7.87,0
2004-12-07,7.98,7.98,7.8,7.82,0
2004-12-08,7.76,7.82,6.98,7.08,0
2004-12-09,7.12,7.66,6.57,6.74,0
2004-12-10,6.75,7.01,6.57,6.67,0
2004-12-13,6.67,6.87,6.64,6.79,0
2004-12-14,6.79,6.84,6.64,6.7,0
2004-12-15,6.67,6.9,6.67,6.82,0
2004-12-16,6.83,6.91,6.66,6.66,0
2004-12-17,6.66,6.89,6.63,6.74,0
2004-12-20,6.74,6.895,6.74,6.8,0
2004-12-21,6.8,6.88,6.74,6.88,0
2004-12-22,6.87,6.91,6.79,6.8,0
2004-12-23,6.8,6.92,6.79,6.86,0
2004-12-24,6.79,6.92,6.79,6.9,0
2004-12-27,6.87,7.03,6.87,6.94,0
2004-12-28,6.94,7.025,6.93,6.98,0
2004-12-29,7,7.01,6.77,6.8,0
2004-12-30,6.98,6.98,6.75,6.79,0
2004-12-31,6.81,6.82,6.77,6.79,0
2005-01-03,6.79,6.79,6.47,6.48,0
2005-01-04,6.46,6.49,6.26,6.41,0
2005-01-05,6.41,6.555,6.39,6.51,0
2005-01-06,6.49,6.55,6.39,6.41,0
2005-01-07,6.39,6.55,6.37,6.41,0
2005-01-10,6.41,6.58,6.4,6.42,0
2005-01-11,6.42,6.63,6.42,6.6,0
2005-01-12,6.59,6.715,6.56,6.7,0
2005-01-13,6.7,6.84,6.62,6.73,0
2005-01-14,6.73,6.73,6.57,6.57,0
2005-01-17,6.57,6.61,6.57,6.57,0
2005-01-18,6.55,6.64,6.54,6.61,0
2005-01-19,6.62,6.71,6.49,6.59,0
2005-01-20,6.57,6.62,6.46,6.54,0
2005-01-21,6.55,6.86,6.53,6.78,0
2005-01-24,6.77,6.865,6.57,6.81,0
2005-01-25,6.82,6.85,6.67,6.68,0
2005-01-26,6.67,6.81,6.67,6.76,0
2005-01-27,6.76,6.805,6.71,6.78,0
2005-01-28,6.79,6.85,6.74,6.76,0
2005-01-31,6.76,6.81,6.61,6.71,0
2005-02-01,6.72,6.755,6.63,6.7,0
2005-02-02,6.69,6.79,6.69,6.74,0
2005-02-03,6.74,6.75,6.59,6.65,0
2005-02-04,6.74,6.74,6.6,6.64,0
2005-02-07,6.6,6.67,6.51,6.51,0
2005-02-08,6.52,6.6,6.47,6.53,0
2005-02-09,6.51,6.58,6.49,6.58,0
2005-02-10,6.53,6.96,6.53,6.94,0
2005-02-11,6.93,7.22,6.93,7.16,0
2005-02-14,7.17,7.31,7.04,7.26,0
2005-02-15,7.26,7.38,7.21,7.29,0
2005-02-16,7.29,7.32,7.09,7.21,0
2005-02-17,7.21,7.4,7.18,7.33,0
2005-02-18,7.34,7.43,7.23,7.39,0
2005-02-21,7.36,7.4,7.34,7.38,0
2005-02-22,7.38,7.72,7.36,7.52,0
2005-02-23,7.53,7.53,7.28,7.39,0
2005-02-24,7.39,7.49,7.29,7.31,0
2005-02-25,7.3,7.34,7.15,7.29,0
2005-02-28,7.3,7.44,7.28,7.28,0
2005-03-01,7.29,7.4,7.17,7.2,0
2005-03-02,7.2,7.32,7.08,7.29,0
2005-03-03,7.3,7.34,7.19,7.19,0
2005-03-04,7.2,7.37,7.16,7.32,0
2005-03-07,7.32,7.4,7.22,7.35,0
2005-03-08,7.35,7.54,7.22,7.49,0
2005-03-09,7.5,7.62,7.43,7.55,0
2005-03-10,7.55,7.61,7.47,7.48,0
2005-03-11,7.47,7.57,7.395,7.51,0
2005-03-14,7.46,7.53,7.35,7.37,0
2005-03-15,7.38,7.48,7.28,7.36,0
2005-03-16,7.36,7.45,7.36,7.41,0
2005-03-17,7.41,7.45,7.32,7.35,0
2005-03-18,7.37,7.45,7.27,7.35,0
2005-03-21,7.35,7.44,7.06,7.07,0
2005-03-22,7.08,7.125,6.92,6.92,0
2005-03-23,6.92,7.04,6.89,6.93,0
2005-03-24,6.93,6.98,6.9,6.9,0
2005-03-25,6.9,6.95,6.9,6.92,0
2005-03-28,6.92,6.93,6.82,6.87,0
2005-03-29,6.88,6.985,6.88,6.93,0
2005-03-30,6.95,7.135,6.95,7.11,0
2005-03-31,7.1,7.19,6.98,7.1,0
2005-04-01,7.11,7.16,6.95,6.99,0
2005-04-04,6.98,7.02,6.88,7.01,0
2005-04-05,7.02,7.06,6.92,7.03,0
2005-04-06,7.02,7.12,7.01,7.08,0
2005-04-07,7.07,7.14,7.02,7.02,0
2005-04-08,7.02,7.14,7.01,7.12,0
2005-04-11,7.01,7.27,7.01,7.23,0
2005-04-12,7.14,7.28,7.1,7.16,0
2005-04-13,7.15,7.24,7.065,7.18,0
2005-04-14,7.15,7.19,7.01,7.03,0
2005-04-15,7.02,7.17,6.98,6.99,0
2005-04-18,6.98,7.06,6.94,6.99,0
2005-04-19,7.01,7.24,6.96,7.22,0
2005-04-20,7.21,7.33,7.07,7.28,0
2005-04-21,7.28,7.32,7.19,7.2,0
2005-04-22,7.2,7.305,7.19,7.25,0
2005-04-25,7.26,7.28,7.19,7.24,0
2005-04-26,7.23,7.3,7.21,7.23,0
2005-04-27,7.22,7.26,7.09,7.1,0
2005-04-28,7.09,7.23,6.88,6.92,0
2005-04-29,6.93,7.12,6.87,6.89,0
2005-05-02,6.9,6.99,6.785,6.815,0
2005-05-03,6.828,6.89,6.8,6.88,0
2005-05-04,6.87,7.03,6.85,7.02,0
2005-05-05,7.02,7.08,6.93,7.05,0
2005-05-06,7.03,7.1,6.9,6.91,0
2005-05-09,6.92,7.09,6.92,7.03,0
2005-05-10,7.04,7.145,7.03,7.07,0
2005-05-11,7.08,7.1,6.99,7.04,0
2005-05-12,7.03,7.05,6.91,6.91,0
2005-05-13,6.9,7.01,6.85,6.9,0
2005-05-16,6.91,6.95,6.88,6.93,0
2005-05-17,6.89,7.055,6.89,7.01,0
2005-05-18,7.01,7.205,6.96,7.18,0
2005-05-19,7.19,7.21,7.03,7.09,0
2005-05-20,7.2,7.2,6.92,6.92,0
2005-05-23,7.2,7.2,6.92,6.95,0
2005-05-24,6.94,7.08,6.94,6.99,0
2005-05-25,6.98,7.2,6.98,7.16,0
2005-05-26,7.15,7.26,7.03,7.11,0
2005-05-27,7.1,7.285,7.1,7.23,0
2005-05-30,7.27,7.27,7.19,7.21,0
2005-05-31,7.21,7.45,7.13,7.37,0
2005-06-01,7.37,7.58,7.34,7.44,0
2005-06-02,7.43,7.6,7.43,7.49,0
2005-06-03,7.48,7.585,7.44,7.44,0
2005-06-06,7.43,7.64,7.43,7.49,0
2005-06-07,7.48,7.53,7.39,7.39,0
2005-06-08,7.39,7.48,7.37,7.37,0
2005-06-09,7.39,7.45,7.2,7.24,0
2005-06-10,7.25,7.27,7.14,7.25,0
2005-06-13,7.24,7.29,7.17,7.25,0
2005-06-14,7.23,7.28,7.17,7.24,0
2005-06-15,7.25,7.36,7.25,7.29,0
2005-06-16,7.3,7.4,7.28,7.33,0
2005-06-17,7.33,7.44,7.3,7.31,0
2005-06-20,7.34,7.43,7.24,7.24,0
2005-06-21,7.36,7.36,7.16,7.24,0
2005-06-22,7.25,7.29,7.195,7.22,0
2005-06-23,7.26,7.285,7.19,7.23,0
2005-06-24,7.22,7.3,7.22,7.26,0
2005-06-27,7.25,7.27,7.19,7.19,0
2005-06-28,7.2,7.22,7.06,7.06,0
2005-06-29,7.07,7.25,7.02,7.03,0
2005-06-30,7.06,7.25,7,7.02,0
2005-07-01,7.02,7.11,6.83,6.85,0
2005-07-04,7,7,6.84,6.91,0
2005-07-05,6.91,6.91,6.83,6.83,0
2005-07-06,6.87,6.95,6.84,6.92,0
2005-07-07,6.9,7.05,6.89,6.95,0
2005-07-08,6.95,7.03,6.9,6.99,0
2005-07-11,6.93,7.11,6.93,7.07,0
2005-07-12,7.07,7.13,7.02,7.05,0
2005-07-13,7.05,7.11,7,7,0
2005-07-14,7.01,7.08,6.9,6.95,0
2005-07-15,6.96,7.08,6.9,6.95,0
2005-07-18,6.96,7.01,6.95,6.99,0
2005-07-19,6.97,7.01,6.93,6.95,0
2005-07-20,6.94,7.09,6.94,7.08,0
2005-07-21,7.06,7.175,6.98,7.11,0
2005-07-22,7.11,7.14,7.07,7.09,0
2005-07-25,7.09,7.14,7.07,7.09,0
2005-07-26,7.09,7.1,6.98,6.98,0
2005-07-27,6.98,7.09,6.9,7.04,0
2005-07-28,7.02,7.19,7,7.17,0
2005-07-29,7.16,7.235,7.07,7.19,0
2005-08-01,7.21,7.293,7.21,7.27,0
2005-08-02,7.26,7.29,7.22,7.22,0
2005-08-03,7.21,7.32,7.21,7.27,0
2005-08-04,7.26,7.29,7.17,7.21,0
2005-08-05,7.21,7.26,7.12,7.12,0
2005-08-08,7.2,7.2,6.98,6.99,0
2005-08-09,7,7.03,6.89,7.03,0
2005-08-10,7.02,7.09,7.02,7.08,0
2005-08-11,7.08,7.19,7.07,7.15,0
2005-08-12,7.16,7.22,7.06,7.07,0
2005-08-15,7.06,7.17,6.93,6.95,0
2005-08-16,6.95,7.07,6.95,7.01,0
2005-08-17,7.01,7.03,6.9,6.97,0
2005-08-18,6.99,7.015,6.89,6.99,0
2005-08-19,6.98,7.01,6.95,7,0
2005-08-22,6.97,7.09,6.89,7.05,0
2005-08-23,7.03,7.08,6.93,6.98,0
2005-08-24,6.95,7,6.87,6.93,0
2005-08-25,6.91,6.96,6.79,6.81,0
2005-08-26,6.82,6.88,6.71,6.73,0
2005-08-29,6.74,6.87,6.73,6.79,0
2005-08-30,6.79,6.87,6.66,6.78,0
2005-08-31,6.72,6.84,6.71,6.82,0
2005-09-01,6.81,6.99,6.76,6.97,0
2005-09-02,6.96,7.05,6.89,6.99,0
2005-09-05,7.01,7.07,6.97,7.05,0
2005-09-06,7.01,7.06,6.95,7.03,0
2005-09-07,7.03,7.09,6.99,7.05,0
2005-09-08,7.02,7.11,6.93,6.97,0
2005-09-09,6.97,7.04,6.94,7,0
2005-09-12,6.96,7.07,6.96,7.01,0
2005-09-13,7.01,7.04,6.88,6.94,0
2005-09-14,6.95,7.05,6.95,7.03,0
2005-09-15,7.05,7.09,6.95,7.07,0
2005-09-16,7.07,7.27,7.03,7.22,0
2005-09-19,7.208,7.45,7.208,7.29,0
2005-09-20,7.29,7.41,7.27,7.27,0
2005-09-21,7.28,7.43,7.28,7.41,0
2005-09-22,7.42,7.47,7.32,7.33,0
2005-09-23,7.33,7.44,7.24,7.27,0
2005-09-26,7.26,7.35,7.19,7.32,0
2005-09-27,7.33,7.34,7.19,7.26,0
2005-09-28,7.267,7.37,7.25,7.34,0
2005-09-29,7.34,7.51,7.27,7.48,0
2005-09-30,7.46,7.59,7.44,7.45,0
2005-10-03,7.415,7.45,7.36,7.38,0
2005-10-04,7.38,7.45,7.357,7.36,0
2005-10-05,7.35,7.427,7.32,7.39,0
2005-10-06,7.39,7.62,7.39,7.54,0
2005-10-07,7.55,7.72,7.55,7.7,0
2005-10-10,7.71,7.83,7.71,7.78,0
2005-10-11,7.8,7.89,7.74,7.79,0
2005-10-12,7.79,7.877,7.72,7.73,0
2005-10-13,7.75,7.77,7.66,7.7,0
2005-10-14,7.69,7.83,7.61,7.78,0
2005-10-17,7.782,7.87,7.76,7.76,0
2005-10-18,7.76,7.84,7.75,7.77,0
2005-10-19,7.76,7.78,7.57,7.59,0
2005-10-20,7.6,7.65,7.495,7.59,0
2005-10-21,7.59,7.655,7.54,7.64,0
2005-10-24,7.62,7.707,7.6,7.66,0
2005-10-25,7.65,7.82,7.65,7.78,0
2005-10-26,7.78,7.872,7.76,7.76,0
2005-10-27,7.76,7.89,7.76,7.78,0
2005-10-28,7.78,7.83,7.7,7.79,0
2005-10-31,7.74,7.792,7.54,7.56,0
2005-11-01,7.55,7.575,7.38,7.425,0
2005-11-02,7.42,7.56,7.41,7.51,0
2005-11-03,7.5,7.58,7.48,7.51,0
2005-11-04,7.57,7.67,7.46,7.54,0
2005-11-07,7.52,7.59,7.43,7.57,0
2005-11-08,7.58,7.64,7.52,7.6,0
2005-11-09,7.62,7.7,7.59,7.67,0
2005-11-10,7.68,7.75,7.65,7.67,0
2005-11-11,7.68,7.75,7.67,7.735,0
2005-11-14,7.73,7.83,7.71,7.71,0
2005-11-15,7.7,7.81,7.68,7.75,0
2005-11-16,7.76,8.02,7.752,8.02,0
2005-11-17,8.02,8.115,7.99,8.06,0
2005-11-18,8.07,8.15,8.03,8.04,0
2005-11-21,8.04,8.15,8.02,8.15,0
2005-11-22,8.15,8.21,8.08,8.18,0
2005-11-23,8.17,8.18,8.03,8.07,0
2005-11-24,8.115,8.177,8.11,8.14,0
2005-11-25,8.15,8.22,8.15,8.2,0
2005-11-28,8.165,8.365,8.16,8.34,0
2005-11-29,8.33,8.355,8.25,8.28,0
2005-11-30,8.29,8.385,8.16,8.23,0
2005-12-01,8.24,8.54,8.19,8.49,0
2005-12-02,8.49,8.61,8.46,8.535,0
2005-12-05,8.535,8.64,8.52,8.63,0
2005-12-06,8.61,8.74,8.52,8.69,0
2005-12-07,8.7,8.86,8.7,8.81,0
2005-12-08,8.8,8.94,8.69,8.94,0
2005-12-09,8.92,9.04,8.9,8.98,0
2005-12-12,8.98,9.235,8.65,8.72,0
2005-12-13,8.7,8.845,8.45,8.46,0
2005-12-14,8.44,8.54,8.35,8.38,0
2005-12-15,8.38,8.625,8.29,8.52,0
2005-12-16,8.51,8.63,8.42,8.5,0
2005-12-19,8.52,8.66,8.45,8.52,0
2005-12-20,8.56,8.61,8.22,8.22,0
2005-12-21,8.24,8.4,8.21,8.37,0
2005-12-22,8.39,8.52,8.3,8.5,0
2005-12-23,8.52,8.605,8.49,8.56,0
2005-12-26,8.56,8.56,8.56,8.56,0
2005-12-27,8.56,8.745,8.56,8.73,0
2005-12-28,8.72,8.935,8.72,8.9,0
2005-12-29,8.9,8.94,8.675,8.83,0
2005-12-30,8.82,8.895,8.76,8.81,0
2006-01-02,8.81,8.815,8.81,8.815,0
2006-01-03,8.82,9.172,8.82,9.14,0
2006-01-04,9.15,9.22,8.95,9.11,0
2006-01-05,9.11,9.13,8.71,8.72,0
2006-01-06,8.72,9.165,8.72,9.08,0
2006-01-09,9.085,9.24,8.965,9.155,0
2006-01-10,9.15,9.22,8.86,8.89,0
2006-01-11,8.91,9.04,8.8,9,0
2006-01-12,8.99,9.04,8.88,8.94,0
2006-01-13,8.93,9.2,8.93,9.09,0
2006-01-16,9.11,9.25,9.11,9.23,0
2006-01-17,9.24,9.28,8.98,8.98,0
2006-01-18,9.01,9.06,8.75,8.79,0
2006-01-19,8.79,9.087,8.76,9.04,0
2006-01-20,9.04,9.21,8.815,8.87,0
2006-01-23,8.865,9.03,8.85,9.01,0
2006-01-24,9.02,9.205,8.9,9.17,0
2006-01-25,9.19,9.48,9.17,9.46,0
2006-01-26,9.48,9.625,9.405,9.58,0
2006-01-27,9.59,9.77,9.53,9.55,0
2006-01-30,9.54,9.83,9.54,9.8,0
2006-01-31,9.82,9.93,9.78,9.81,0
2006-02-01,9.83,9.85,9.635,9.75,0
2006-02-02,9.74,9.93,9.73,9.83,0
2006-02-03,9.85,9.89,9.69,9.71,0
2006-02-06,9.72,9.855,9.69,9.69,0
2006-02-07,9.7,9.8,9.29,9.29,0
2006-02-08,9.3,9.47,9.265,9.41,0
2006-02-09,9.43,9.67,9.43,9.62,0
2006-02-10,9.59,9.7,9.285,9.35,0
2006-02-13,9.37,9.45,9.1,9.13,0
2006-02-14,9.12,9.322,9.06,9.3,0
2006-02-15,9.29,9.39,9.085,9.19,0
2006-02-16,9.21,9.43,9.11,9.41,0
2006-02-17,9.42,9.505,9.34,9.41,0
2006-02-20,9.39,9.6,9.39,9.51,0
2006-02-21,9.52,9.58,9.48,9.57,0
2006-02-22,9.57,9.65,9.46,9.59,0
2006-02-23,9.6,9.63,9.5,9.5,0
2006-02-24,9.52,9.77,9.49,9.71,0
2006-02-27,9.77,9.77,9.58,9.6,0
2006-02-28,9.6,9.8,9.6,9.74,0
2006-03-01,9.74,9.84,9.73,9.73,0
2006-03-02,9.74,10.23,9.7,10.21,0
2006-03-03,10.19,10.31,10.125,10.19,0
2006-03-06,10.19,10.27,9.92,10.02,0
2006-03-07,10.03,10.105,9.97,10.07,0
2006-03-08,10.08,10.085,9.67,9.79,0
2006-03-09,9.81,10.06,9.73,9.91,0
2006-03-10,9.92,9.97,9.75,9.92,0
2006-03-13,9.93,10.15,9.93,10.12,0
2006-03-14,10.11,10.23,10.06,10.21,0
2006-03-15,10.2,10.365,10.2,10.29,0
2006-03-16,10.3,10.36,10.12,10.32,0
2006-03-17,10.31,10.435,10.3,10.35,0
2006-03-20,10.365,10.42,10.245,10.325,1446
2006-03-21,10.325,10.58,10.15,10.48,3359
2006-03-22,10.48,10.848,10.463,10.49,3029
2006-03-23,10.49,10.695,10.405,10.678,3228
2006-03-24,10.678,10.765,10.638,10.738,2582
2006-03-27,10.738,10.953,10.738,10.885,2973
2006-03-28,10.885,10.945,10.793,10.823,3067
2006-03-29,10.823,11.178,10.748,11.153,3289
2006-03-30,11.153,11.72,11.103,11.705,3526
2006-03-31,11.705,11.928,11.39,11.518,2870
2006-04-03,11.518,11.825,11.518,11.74,1779
2006-04-04,11.74,11.808,11.648,11.703,3313
2006-04-05,11.703,11.795,11.565,11.708,4115
2006-04-06,11.708,12.14,11.7,12.115,3994
2006-04-07,12.115,12.19,11.958,12.085,4541
2006-04-10,12.085,12.755,12.085,12.725,4439
2006-04-11,12.725,13.04,12.493,12.508,5379
2006-04-12,12.508,12.825,12.468,12.785,4691
2006-04-13,12.785,12.935,12.55,12.87,5250
2006-04-14,12.87,12.915,12.825,12.905,26
2006-04-17,12.905,13.713,12.885,13.613,2057
2006-04-18,13.613,14.11,13.39,14.055,4513
2006-04-19,14.055,14.75,13.855,14.695,5200
2006-04-20,14.695,14.745,11.92,11.98,4346
2006-04-21,11.98,13.08,11.615,13.08,1373
2006-04-24,13.08,13.295,11.79,12.005,2820
2006-04-25,12.005,12.675,11.97,12.54,956
2006-04-26,12.54,12.97,12.4,12.88,1559
2006-04-27,12.88,13.195,12.26,12.635,2000
2006-04-28,12.635,13.96,12.49,13.725,3561
2006-05-01,13.725,14.115,13.46,13.83,2485
2006-05-02,13.83,14.36,13.69,14.3,4543
2006-05-03,14.3,14.54,13.26,13.81,4251
2006-05-04,13.81,14.25,13.56,13.97,4089
2006-05-05,13.97,14.16,13.75,14.005,4287
2006-05-08,14.005,14.165,13.485,13.955,4512
2006-05-09,13.955,14.57,13.69,14.48,3438
2006-05-10,14.48,14.61,14.055,14.575,4501
2006-05-11,14.575,15.24,14.345,14.82,4908
2006-05-12,14.82,15.095,14.16,14.37,4888
2006-05-15,14.37,14.54,13.125,13.16,3928
2006-05-16,13.16,13.675,12.83,13.62,4066
2006-05-17,13.62,14.085,12.915,13.19,3851
2006-05-18,13.19,13.37,12.58,12.67,4408
2006-05-19,12.67,12.865,12.15,12.57,4381
2006-05-22,12.57,12.59,11.95,12.52,2777
2006-05-23,12.52,13.26,12.275,12.985,3565
2006-05-24,12.985,13.22,12.39,12.5,4143
2006-05-25,12.5,12.82,12.34,12.72,2982
2006-05-26,12.72,12.805,12.47,12.75,2521
2006-05-29,12.75,12.89,12.75,12.78,1156
2006-05-30,12.78,13.425,12.7,13.04,3440
2006-05-31,13.04,13.15,12.34,12.545,3758
2006-06-01,12.545,12.575,11.59,12.045,4460
2006-06-02,12.045,12.33,11.81,12.16,3465
2006-06-05,12.16,12.43,12.07,12.12,3660
2006-06-06,12.12,12.16,11.625,11.88,3037
2006-06-07,11.88,12.005,11.405,11.875,4254
2006-06-08,11.875,11.94,11.055,11.24,5282
2006-06-09,11.24,11.54,11.105,11.195,4702
2006-06-12,11.195,11.315,10.965,10.97,1410
2006-06-13,10.97,11.035,9.565,9.574,3708
2006-06-14,9.574,10.06,9.455,9.638,2095
2006-06-15,9.638,10.325,9.518,10.26,2431
2006-06-16,10.26,10.39,9.82,10.285,1368
2006-06-19,10.285,10.285,9.89,9.94,1603
2006-06-20,9.94,10.345,9.835,10.275,1174
2006-06-21,10.275,10.595,10.185,10.48,1368
2006-06-22,10.48,10.71,10.23,10.25,1462
2006-06-23,10.25,10.39,10.03,10.345,1395
2006-06-26,10.345,10.435,10.09,10.305,3970
2006-06-27,10.305,10.71,10.12,10.14,2460
2006-06-28,10.14,10.41,10.14,10.23,1018
2006-06-29,10.23,10.75,10.23,10.74,1057
2006-06-30,10.74,11.145,10.625,11.1,1618
2006-07-03,11.1,11.37,11.095,11.32,102
2006-07-04,11.32,11.32,11.12,11.285,108
2006-07-05,11.285,11.48,11.23,11.425,1274
2006-07-06,11.425,11.66,11.29,11.575,1150
2006-07-07,11.575,11.635,11.325,11.345,3173
2006-07-10,11.345,11.435,10.91,11.08,3217
2006-07-11,11.08,11.6,11.015,11.525,1273
2006-07-12,11.525,11.82,11.33,11.57,1451
2006-07-13,11.57,11.73,11.34,11.66,1609
2006-07-14,11.66,11.74,11.48,11.48,2711
2006-07-17,11.48,11.77,10.89,10.93,2634
2006-07-18,10.93,11.2,10.46,10.59,1549
2006-07-19,10.59,11.16,10.48,11.135,1576
2006-07-20,11.135,11.32,10.915,10.92,1469
2006-07-21,10.92,11.26,10.75,10.83,1567
2006-07-24,10.83,10.94,10.67,10.925,1812
2006-07-25,10.925,11.06,10.78,10.945,1280
2006-07-26,10.945,11.2,10.84,11.12,1136
2006-07-27,11.12,11.49,11.09,11.375,1408
2006-07-28,11.375,11.435,11.3,11.35,822
2006-07-31,11.35,11.505,11.22,11.435,1374
2006-08-01,11.435,11.76,11.3,11.76,1441
2006-08-02,11.76,12.235,11.71,12.155,1896
2006-08-03,12.155,12.235,11.975,12.105,1477
2006-08-04,12.105,12.635,12.06,12.385,1483
2006-08-07,12.385,12.51,12.155,12.285,3735
2006-08-08,12.285,12.365,12.08,12.185,3429
2006-08-09,12.185,12.645,12.015,12.505,2700
2006-08-10,12.505,12.67,12.03,12.18,3891
2006-08-11,12.18,12.37,11.75,11.94,3530
2006-08-14,11.94,12.24,11.725,12.08,4945
2006-08-15,12.08,12.17,11.84,12.165,3274
2006-08-16,12.165,12.43,12.1,12.325,3289
2006-08-17,12.325,12.415,11.9,11.96,3656
2006-08-18,11.96,12.14,11.86,12.055,2498
2006-08-21,12.055,12.44,12.04,12.398,2862
2006-08-22,12.398,12.435,12.03,12.273,3929
2006-08-23,12.273,12.693,12.2,12.495,3744
2006-08-24,12.495,12.623,12.29,12.36,3337
2006-08-25,12.36,12.47,12.2,12.4,3020
2006-08-28,12.4,12.45,11.975,12.07,2057
2006-08-29,12.07,12.304,11.855,12.304,4072
2006-08-30,12.304,12.706,12.105,12.54,1184
2006-08-31,12.54,12.92,12.475,12.849,1463
2006-09-01,12.849,13.135,12.665,12.92,1011
2006-09-04,12.92,13.095,12.89,12.96,1954
2006-09-05,12.96,13.275,12.905,12.97,3270
2006-09-06,12.97,13.228,12.93,13.018,5919
2006-09-07,13.018,13.135,12.425,12.56,5864
2006-09-08,12.56,12.68,11.995,12.14,6605
2006-09-11,12.14,12.14,11.07,11.11,8649
2006-09-12,11.11,11.405,10.995,11.01,7204
2006-09-13,11.01,11.293,10.88,11.185,7363
2006-09-14,11.185,11.395,10.665,10.7,7820
2006-09-15,10.7,10.958,10.47,10.81,7443
2006-09-18,10.81,11.21,10.76,11.183,7162
2006-09-19,11.183,11.22,10.765,10.803,7439
2006-09-20,10.803,11.163,10.74,10.895,5713
2006-09-21,10.895,11.215,10.29,11.165,3748
2006-09-22,11.165,11.388,11.07,11.16,1368
2006-09-25,11.16,11.3,11.05,11.245,3304
2006-09-26,11.245,11.49,11.085,11.395,6366
2006-09-27,11.395,11.72,11.34,11.65,8710
2006-09-28,11.65,11.795,11.52,11.55,3295
2006-09-29,11.55,11.635,11.23,11.438,4096
2006-10-02,11.438,11.735,11.438,11.5,4031
2006-10-03,11.5,11.555,10.8,10.8,4912
2006-10-04,10.8,10.98,10.57,10.805,5309
2006-10-05,10.805,11.15,10.705,11.075,4938
2006-10-06,11.075,11.14,10.8,11.13,4199
2006-10-09,11.13,11.48,11.13,11.298,3820
2006-10-10,11.298,11.425,11.085,11.18,4836
2006-10-11,11.18,11.458,11.078,11.228,6316
2006-10-12,11.228,11.395,11.135,11.37,6380
2006-10-13,11.37,11.655,11.285,11.643,6423
2006-10-16,11.643,11.865,11.57,11.85,6837
2006-10-17,11.85,11.915,11.595,11.725,7348
2006-10-18,11.725,11.91,11.675,11.79,6765
2006-10-19,11.79,12.103,11.585,12.09,7205
2006-10-20,12.09,12.1,11.82,11.903,6593
2006-10-23,11.903,11.905,11.595,11.69,7379
2006-10-24,11.69,11.83,11.28,11.81,8263
2006-10-25,11.81,11.928,11.675,11.91,7093
2006-10-26,11.91,12.225,11.895,12.158,7045
2006-10-27,12.158,12.2,11.975,12.06,5828
2006-10-30,12.06,12.275,12.035,12.135,7618
2006-10-31,12.135,12.29,11.95,12.285,7929
2006-11-01,12.285,12.54,12.265,12.465,7719
2006-11-02,12.465,12.64,12.34,12.59,6574
2006-11-03,12.59,12.68,12.315,12.58,6914
2006-11-06,12.58,12.76,12.48,12.64,6515
2006-11-07,12.64,12.745,12.535,12.62,6984
2006-11-08,12.62,12.705,12.41,12.44,6925
2006-11-09,12.44,13.06,12.435,13.045,7226
2006-11-10,13.045,13.2,12.86,13.025,8371
2006-11-13,13.025,13.135,12.69,12.92,6946
2006-11-14,12.92,13.02,12.725,12.808,7272
2006-11-15,12.808,12.95,12.495,12.915,8531
2006-11-16,12.915,13.155,12.768,12.795,7579
2006-11-17,12.795,12.86,12.565,12.795,7748
2006-11-20,12.795,12.985,12.72,12.77,6575
2006-11-21,12.77,13.105,12.72,13.03,6784
2006-11-22,13.03,13.235,12.98,13.075,6294
2006-11-23,13.075,13.14,13.055,13.11,1570
2006-11-24,13.11,13.49,13.11,13.465,4326
2006-11-27,13.465,13.595,13.44,13.51,6421
2006-11-28,13.51,13.79,13.425,13.76,6796
2006-11-29,13.76,13.81,13.525,13.55,8036
2006-11-30,13.55,13.995,13.545,13.945,7581
2006-12-01,13.945,14.07,13.845,14.018,7114
2006-12-04,14.018,14.115,13.945,14.1,6662
2006-12-05,14.1,14.185,13.79,13.818,8710
2006-12-06,13.818,13.84,13.54,13.605,10347
2006-12-07,13.605,13.945,13.45,13.915,9806
2006-12-08,13.915,14,13.675,13.718,8407
2006-12-11,13.718,13.99,13.625,13.825,6798
2006-12-12,13.825,13.915,13.785,13.885,5885
2006-12-13,13.885,13.895,13.585,13.805,6239
2006-12-14,13.805,13.895,13.74,13.78,6749
2006-12-15,13.78,13.84,12.785,12.873,7618
2006-12-18,12.873,13.02,12.293,12.48,7396
2006-12-19,12.48,12.72,12.328,12.665,8035
2006-12-20,12.665,12.79,12.41,12.525,9300
2006-12-21,12.525,12.625,12.35,12.435,8002
2006-12-22,12.435,12.62,12.385,12.58,6085
2006-12-25,12.58,12.58,12.58,12.58,1
2006-12-26,12.58,12.788,12.58,12.645,2373
2006-12-27,12.645,12.87,12.618,12.768,5362
2006-12-28,12.768,12.888,12.753,12.84,5176
2006-12-29,12.84,12.918,12.765,12.91,4811
2007-01-01,12.91,12.93,12.91,12.91,3
2007-01-02,12.91,13.17,12.89,13.163,3757
2007-01-03,13.163,13.17,12.54,12.583,8048
2007-01-04,12.583,12.825,12.413,12.583,7443
2007-01-05,12.583,12.738,12.063,12.198,8247
2007-01-08,12.198,12.35,12.048,12.315,6156
2007-01-09,12.315,12.518,12.198,12.495,7173
2007-01-10,12.495,12.508,12.188,12.35,7898
2007-01-11,12.35,12.528,12.303,12.335,6253
2007-01-12,12.335,12.893,12.305,12.88,6199
2007-01-15,12.88,12.93,12.815,12.855,3586
2007-01-16,12.855,12.923,12.555,12.558,7340
2007-01-17,12.558,12.928,12.37,12.808,7987
2007-01-18,12.808,12.968,12.595,12.635,7903
2007-01-19,12.635,12.865,12.633,12.853,7070
2007-01-22,12.863,13.145,12.77,12.928,6845
2007-01-23,12.928,13.275,12.885,13.238,6609
2007-01-24,13.238,13.283,13.043,13.235,7461
2007-01-25,13.235,13.538,13.193,13.318,8065
2007-01-26,13.318,13.42,13.158,13.355,7371
2007-01-29,13.365,13.443,13.165,13.18,6601
2007-01-30,13.18,13.388,13.083,13.363,6616
2007-01-31,13.363,13.648,13.228,13.505,6812
2007-02-01,13.505,13.795,13.505,13.65,6938
2007-02-02,13.65,13.71,13.233,13.4,7097
2007-02-05,13.39,13.543,13.295,13.478,6283
2007-02-06,13.478,13.848,13.425,13.63,6311
2007-02-07,13.63,13.765,13.603,13.62,6110
2007-02-08,13.62,13.858,13.475,13.783,6588
2007-02-09,13.783,13.938,13.73,13.873,6908
2007-02-12,13.873,13.925,13.498,13.675,6976
2007-02-13,13.675,13.968,13.65,13.88,6679
2007-02-14,13.88,14.095,13.84,14.035,6804
2007-02-15,14.035,14.065,13.823,13.975,6592
2007-02-16,13.975,14.038,13.835,13.975,6107
2007-02-19,13.975,14.06,13.97,14.005,2683
2007-02-20,14.005,14.045,13.68,13.83,5767
2007-02-21,13.83,14.358,13.713,14.215,8343
2007-02-22,14.215,14.345,14.145,14.21,9007
2007-02-23,14.21,14.64,14.185,14.575,11236
2007-02-26,14.575,14.725,14.478,14.705,7989
2007-02-27,14.705,14.728,14.068,14.208,12951
2007-02-28,14.208,14.433,14.015,14.115,12744
2007-03-01,14.115,14.335,13.415,13.633,12086
2007-03-02,13.633,13.738,12.74,12.878,14533
2007-03-05,12.888,12.965,12.41,12.65,14933
2007-03-06,12.65,12.98,12.58,12.913,12204
2007-03-07,12.913,13.055,12.808,12.973,9558
2007-03-08,12.973,13.15,12.928,12.985,8756
2007-03-09,12.985,13.145,12.808,12.908,8401
2007-03-12,12.908,13.08,12.87,13.01,8331
2007-03-13,13.01,13.05,12.76,12.79,9224
2007-03-14,12.79,12.875,12.615,12.875,9341
2007-03-15,12.875,13.098,12.83,12.99,4209
2007-03-16,12.99,13.175,12.965,13.118,7662
2007-03-19,13.118,13.205,13.015,13.15,5888
2007-03-20,13.15,13.41,13.13,13.315,6415
2007-03-21,13.315,13.4,13.19,13.36,7340
2007-03-22,13.36,13.495,13.333,13.415,7653
2007-03-23,13.415,13.425,13.15,13.158,8312
2007-03-26,13.158,13.395,13.158,13.375,7187
2007-03-27,13.375,13.41,13.208,13.31,7440
2007-03-28,13.31,13.483,13.273,13.33,7776
2007-03-29,13.33,13.38,13.153,13.35,9141
2007-03-30,13.35,13.435,13.285,13.383,8294
2007-04-02,13.383,13.44,13.013,13.265,6885
2007-04-03,13.265,13.473,13.228,13.375,9657
2007-04-04,13.375,13.625,13.375,13.58,7830
2007-04-05,13.58,13.715,13.525,13.705,6797
2007-04-06,13.705,13.705,13.64,13.685,688
2007-04-09,13.715,13.898,13.61,13.75,3850
2007-04-10,13.75,14.015,13.72,13.9,8288
2007-04-11,13.9,14.025,13.77,13.858,7227
2007-04-12,13.858,13.965,13.7,13.85,8886
2007-04-13,13.85,14.118,13.815,14.063,5884
2007-04-16,14.063,14.12,13.813,14.05,10336
2007-04-17,14.05,14.073,13.873,13.9,9761
2007-04-18,13.9,14.07,13.878,13.98,8399
2007-04-19,13.98,14.05,13.585,13.675,10381
2007-04-20,13.675,14,13.653,13.945,8194
2007-04-23,13.945,14.1,13.855,14.02,7298
2007-04-24,14.02,14.085,13.72,13.805,9700
2007-04-25,13.805,13.89,13.74,13.82,8195
2007-04-26,13.82,13.85,13.175,13.325,9307
2007-04-27,13.325,13.555,13.25,13.525,9169
2007-04-30,13.525,13.576,13.36,13.405,8539
2007-05-01,13.405,13.465,13.17,13.258,10324
2007-05-02,13.258,13.375,13.051,13.215,9916
2007-05-03,13.215,13.43,13.198,13.4,7977
2007-05-04,13.4,13.59,13.345,13.445,6314
2007-05-07,13.45,13.575,13.43,13.503,4700
2007-05-08,13.503,13.55,13.305,13.485,9289
2007-05-09,13.485,13.528,13.188,13.383,8483
2007-05-10,13.383,13.433,13.013,13.055,9148
2007-05-11,13.055,13.306,12.958,13.223,8625
2007-05-14,13.223,13.248,13.042,13.163,8283
2007-05-15,13.163,13.258,13.005,13.195,9002
2007-05-16,13.195,13.218,12.838,12.928,8852
2007-05-17,12.928,12.965,12.708,12.843,8329
2007-05-18,12.843,13.018,12.788,12.95,8875
2007-05-21,12.95,13.105,12.845,13.065,8332
2007-05-22,13.065,13.131,12.91,12.95,8479
2007-05-23,12.95,13.123,12.905,13.028,8512
2007-05-24,13.028,13.073,12.795,12.872,8580
2007-05-25,12.872,12.986,12.853,12.95,6667
2007-05-28,12.95,12.965,12.91,12.925,3372
2007-05-29,12.925,13.268,12.913,13.17,7345
2007-05-30,13.17,13.203,13.035,13.17,7876
2007-05-31,13.17,13.515,13.105,13.43,7981
2007-06-01,13.43,13.7,13.405,13.685,9218
2007-06-04,13.695,13.8,13.638,13.705,9465
2007-06-05,13.705,13.812,13.68,13.775,8922
2007-06-06,13.775,13.82,13.615,13.72,8764
2007-06-07,13.72,13.78,13.408,13.465,7952
2007-06-08,13.465,13.535,12.955,13.103,9393
2007-06-11,13.103,13.265,13.08,13.225,6367
2007-06-12,13.225,13.248,13.015,13.035,6539
2007-06-13,13.035,13.163,12.846,13.095,8792
2007-06-14,13.095,13.194,12.965,13.136,8052
2007-06-15,13.136,13.238,13.049,13.238,6988
2007-06-18,13.238,13.378,13.185,13.225,6686
2007-06-19,13.225,13.34,13.09,13.34,7526
2007-06-20,13.34,13.38,13.15,13.205,9070
2007-06-21,13.205,13.245,12.986,13.11,8161
2007-06-22,13.11,13.185,12.995,13.055,7911
2007-06-25,13.055,13.07,12.835,12.873,7928
2007-06-26,12.873,12.91,12.143,12.26,9105
2007-06-27,12.26,12.373,12.143,12.29,9894
2007-06-28,12.29,12.488,12.268,12.467,7198
2007-06-29,12.467,12.548,12.26,12.428,6831
2007-07-02,12.423,12.645,12.405,12.61,6743
2007-07-03,12.61,12.675,12.46,12.57,6051
2007-07-04,12.57,12.658,12.57,12.643,2831
2007-07-05,12.643,12.666,12.396,12.488,6844
2007-07-06,12.488,12.761,12.355,12.706,7434
2007-07-09,12.706,12.853,12.656,12.701,6097
2007-07-10,12.701,12.984,12.663,12.899,6155
2007-07-11,12.899,12.989,12.817,12.9,5983
2007-07-12,12.9,13.118,12.855,13.093,5173
2007-07-13,13.093,13.154,13.003,13.041,6492
2007-07-16,13.035,13.095,12.96,12.965,5222
2007-07-17,12.965,13.047,12.89,12.92,4958
2007-07-18,12.92,13.204,12.91,13.186,5177
2007-07-19,13.186,13.316,13.166,13.241,5801
2007-07-20,13.241,13.416,13.231,13.31,7903
2007-07-23,13.31,13.405,13.235,13.255,6638
2007-07-24,13.255,13.51,13.223,13.26,6885
2007-07-25,13.26,13.305,13.047,13.122,8044
2007-07-26,13.122,13.177,12.707,12.815,9160
2007-07-27,12.815,12.967,12.612,12.713,8910
2007-07-30,12.713,12.91,12.648,12.885,5417
2007-07-31,12.885,13.048,12.863,12.88,6810
2007-08-01,12.88,13.03,12.705,12.995,7668
2007-08-02,12.995,13.043,12.913,12.965,6599
2007-08-03,12.965,13.16,12.95,13.058,5959
2007-08-06,13.058,13.16,12.903,13,5966
2007-08-07,13,13.13,12.895,13.1,7569
2007-08-08,13.1,13.2,13.025,13.14,5415
2007-08-09,13.14,13.145,12.605,12.675,8137
2007-08-10,12.675,13.025,12.588,12.855,8473
2007-08-13,12.855,12.895,12.745,12.8,5726
2007-08-14,12.8,12.89,12.69,12.71,8386
2007-08-15,12.71,12.745,12.345,12.514,7936
2007-08-16,12.514,12.579,11.081,11.796,12038
2007-08-17,11.796,12.011,11.494,11.736,11186
2007-08-20,11.739,11.976,11.636,11.765,8656
2007-08-21,11.765,11.85,11.465,11.575,9161
2007-08-22,11.575,11.792,11.525,11.655,8526
2007-08-23,11.655,11.895,11.625,11.703,7948
2007-08-24,11.703,11.997,11.585,11.965,6968
2007-08-27,11.965,11.988,11.735,11.775,5529
2007-08-28,11.775,11.9,11.673,11.765,5690
2007-08-29,11.765,11.93,11.69,11.9,5044
2007-08-30,11.9,11.913,11.745,11.8,5979
2007-08-31,11.8,12.125,11.795,12.078,6105
2007-09-03,12.078,12.18,12.05,12.115,2071
2007-09-04,12.115,12.348,12.013,12.255,6037
2007-09-05,12.255,12.31,12.12,12.215,5664
2007-09-06,12.215,12.505,12.19,12.41,7041
2007-09-07,12.41,12.68,12.383,12.53,7403
2007-09-10,12.53,12.7,12.418,12.55,5829
2007-09-11,12.55,12.78,12.487,12.685,6337
2007-09-12,12.685,12.763,12.51,12.638,6880
2007-09-13,12.638,12.648,12.405,12.525,7457
2007-09-14,12.525,12.786,12.449,12.563,7832
2007-09-17,12.563,12.823,12.538,12.79,6941
2007-09-18,12.79,13.11,12.695,13.005,7485
2007-09-19,13.005,13.09,12.89,12.96,7325
2007-09-20,12.96,13.49,12.905,13.355,8946
2007-09-21,13.355,13.653,13.3,13.53,8515
2007-09-24,13.53,13.715,13.407,13.462,7317
2007-09-25,13.462,13.51,13.25,13.475,6575
2007-09-26,13.475,13.605,13.345,13.415,7186
2007-09-27,13.415,13.613,13.363,13.55,7105
2007-09-28,13.55,13.87,13.518,13.763,8654
2007-10-01,13.763,13.865,13.635,13.72,7284
2007-10-02,13.72,13.743,13.085,13.36,10606
2007-10-03,13.36,13.475,13.24,13.31,8321
2007-10-04,13.31,13.415,13.093,13.4,8970
2007-10-05,13.4,13.51,13.205,13.42,7775
2007-10-08,13.42,13.443,13.23,13.28,6020
2007-10-09,13.28,13.575,13.17,13.505,7749
2007-10-10,13.505,13.69,13.49,13.575,6893
2007-10-11,13.575,13.915,13.57,13.78,7461
2007-10-12,13.78,13.89,13.71,13.82,8046
2007-10-15,13.82,14.02,13.75,13.825,7729
2007-10-16,13.825,14,13.569,13.632,9991
2007-10-17,13.632,13.834,13.522,13.659,9428
2007-10-18,13.659,13.824,13.629,13.81,8497
2007-10-19,13.81,13.92,13.304,13.522,8998
2007-10-22,13.522,13.594,13.269,13.456,9852
2007-10-23,13.456,13.651,13.441,13.589,6502
2007-10-24,13.589,13.624,13.412,13.589,8105
2007-10-25,13.589,14.005,13.552,13.89,8707
2007-10-26,13.89,14.245,13.885,14.233,9384
2007-10-29,14.303,14.53,14.23,14.518,9843
2007-10-30,14.518,14.585,14.13,14.14,9300
2007-10-31,14.14,14.545,14.125,14.52,9102
2007-11-01,14.52,14.56,13.946,14.1,11569
2007-11-02,14.1,14.685,14.08,14.633,10922
2007-11-05,14.633,14.838,14.405,14.711,9397
2007-11-06,14.711,15.603,14.651,15.585,13596
2007-11-07,15.585,16.225,15.215,15.275,20373
2007-11-08,15.275,15.805,14.828,15.43,19506
2007-11-09,15.43,15.67,15.07,15.46,15564
2007-11-12,15.49,15.49,14.305,14.422,15216
2007-11-13,14.422,14.945,14.392,14.625,11617
2007-11-14,14.625,15.125,14.61,14.983,10416
2007-11-15,14.983,15.148,14.34,14.43,10229
2007-11-16,14.43,14.735,14.36,14.46,12041
2007-11-19,14.46,14.67,14.114,14.21,11138
2007-11-20,14.21,14.82,14.105,14.735,9931
2007-11-21,14.735,14.84,14.333,14.438,9938
2007-11-22,14.438,14.588,14.403,14.538,3420
2007-11-23,14.538,14.888,14.483,14.805,6902
2007-11-26,14.805,15.005,14.625,14.745,9000
2007-11-27,14.745,14.795,14.315,14.475,12827
2007-11-28,14.475,14.56,14.14,14.43,11070
2007-11-29,14.43,14.51,14.135,14.15,9518
2007-11-30,14.15,14.27,13.805,13.985,10427
2007-12-03,13.985,14.24,13.798,14.145,8270
2007-12-04,14.145,14.408,14.01,14.325,8313
2007-12-05,14.325,14.415,14.12,14.27,9202
2007-12-06,14.27,14.565,13.98,14.46,11891
2007-12-07,14.46,14.535,14.25,14.37,7924
2007-12-10,14.37,14.73,14.345,14.645,8129
2007-12-11,14.645,14.785,14.42,14.44,8412
2007-12-12,14.44,14.81,14.42,14.655,9108
2007-12-13,14.655,14.69,13.98,14.08,9862
2007-12-14,14.08,14.225,13.75,13.826,13472
2007-12-17,13.826,13.985,13.61,13.84,8093
2007-12-18,13.84,14.135,13.8,14.025,8577
2007-12-19,14.025,14.145,13.95,14.14,6875
2007-12-20,14.14,14.325,13.953,14.235,8200
2007-12-21,14.235,14.44,14.095,14.343,8041
2007-12-24,14.343,14.553,14.327,14.538,3958
2007-12-25,14.538,14.54,14.538,14.54,5
2007-12-26,14.54,14.768,14.45,14.684,6783
2007-12-27,14.684,14.767,14.522,14.628,7561
2007-12-28,14.628,14.848,14.606,14.783,9074
2007-12-31,14.783,14.914,14.709,14.803,5336
2008-01-01,14.803,14.803,14.793,14.8,29
2008-01-02,14.8,15.285,14.8,15.258,9762
2008-01-03,15.258,15.419,15.078,15.362,9536
2008-01-04,15.362,15.442,15.138,15.273,10200
2008-01-07,15.273,15.369,15.108,15.16,9865
2008-01-08,15.16,15.729,15.155,15.67,8997
2008-01-09,15.67,16.167,15.56,15.705,16079
2008-01-10,15.705,16.25,15.342,16.139,14148
2008-01-11,16.139,16.305,15.974,16.231,13016
2008-01-14,16.231,16.601,16.166,16.391,14386
2008-01-15,16.391,16.514,15.921,15.924,10594
2008-01-16,15.924,16.155,15.713,15.803,14127
2008-01-17,15.803,16.085,15.781,15.854,10264
2008-01-18,15.854,16.32,15.655,16.163,10270
2008-01-21,16.163,16.163,15.504,15.576,6928
2008-01-22,15.576,16.186,15.209,16.08,11891
2008-01-23,16.08,16.18,15.729,16.09,12247
2008-01-24,16.09,16.449,15.957,16.435,13135
2008-01-25,16.435,16.613,16.3125,16.493,10852
2008-01-28,16.493,16.75,16.36,16.723,8826
2008-01-29,16.723,16.833,16.517,16.718,9800
2008-01-30,16.718,16.895,16.59,16.835,9535
2008-01-31,16.835,17.0175,16.688,16.92,10325
2008-02-01,16.92,17.298,16.695,16.785,10532
2008-02-04,16.785,16.93,16.415,16.705,9457
2008-02-05,16.705,16.755,16.265,16.36,10828
2008-02-06,16.36,16.658,16.205,16.523,11046
2008-02-07,16.523,16.8375,16.47,16.818,11798
2008-02-08,16.818,17.203,16.745,17.193,11690
2008-02-11,17.193,17.563,17.095,17.505,11169
2008-02-12,17.505,17.623,17.13,17.185,11110
2008-02-13,17.185,17.373,16.92,17.288,11684
2008-02-14,17.288,17.49,17.125,17.248,10437
2008-02-15,17.248,17.493,16.953,17.098,11110
2008-02-18,17.098,17.245,16.955,17.105,5996
2008-02-19,17.105,17.58,17.09,17.54,9772
2008-02-20,17.54,17.85,17.2,17.82,13307
2008-02-21,17.82,18.06,17.75,17.865,13621
2008-02-22,17.865,18.15,17.73,18.028,11695
2008-02-25,18.028,18.17,17.87,18.105,11840
2008-02-26,18.105,18.885,17.94,18.78,13133
2008-02-27,18.78,19.48,18.778,19.305,18657
2008-02-28,19.305,19.858,19.075,19.755,14318
2008-02-29,19.755,19.95,19.36,19.815,15729
2008-03-03,19.815,20.639,19.785,20.339,15749
2008-03-04,20.339,20.579,19.545,19.773,18034
2008-03-05,19.773,20.86,19.403,20.815,16799
2008-03-06,20.815,21.228,19.843,20.18,18809
2008-03-07,20.18,20.753,19.845,20.158,19602
2008-03-10,20.158,20.413,19.21,19.655,18204
2008-03-11,19.655,20.315,19.325,19.687,18267
2008-03-12,19.687,20.198,19.39,20.1425,15907
2008-03-13,20.1425,20.885,20.103,20.533,18142
2008-03-14,20.533,20.91,20.267,20.675,14474
2008-03-17,20.675,21.355,19.81,20.23,20567
2008-03-18,20.23,20.4455,19.515,19.718,17588
2008-03-19,19.718,20.1055,18.2,18.37,25289
2008-03-20,18.37,18.385,16.67,16.79,25459
2008-03-21,16.79,17.052,16.65,17.052,91
2008-03-24,16.852,17.235,16.77,17.03,17588
2008-03-25,17.03,17.983,16.93,17.963,14760
2008-03-26,17.963,18.453,17.655,18.453,14942
2008-03-27,18.453,18.628,17.945,18.418,15884
2008-03-28,18.418,18.546,17.64,17.89,14462
2008-03-31,17.89,18.19,17.05,17.245,15904
2008-04-01,17.245,17.405,16.288,16.833,18200
2008-04-02,16.833,17.478,16.7005,17.35,19246
2008-04-03,17.35,17.555,16.928,17.343,15444
2008-04-04,17.343,17.813,17.248,17.748,14400
2008-04-07,17.748,18.263,17.695,18.038,12915
2008-04-08,18.038,18.203,17.423,17.68,16323
2008-04-09,17.68,18.402,17.387,18.202,15649
2008-04-10,18.202,18.422,17.815,17.965,13557
2008-04-11,17.965,18.165,17.48,17.775,12715
2008-04-14,17.775,17.895,17.27,17.738,14196
2008-04-15,17.738,18.06,17.655,17.85,13007
2008-04-16,17.85,18.54,17.743,18.33,12544
2008-04-17,18.33,18.76,18.173,18.255,16517
2008-04-18,18.255,18.48,17.4,17.88,16569
2008-04-21,17.88,17.978,17.29,17.48,15171
2008-04-22,17.48,17.965,17.305,17.683,14870
2008-04-23,17.683,17.86,16.995,17.147,17338
2008-04-24,17.147,17.242,16.664,16.769,15487
2008-04-25,16.769,16.919,16.419,16.882,13872
2008-04-28,16.882,17.14,16.787,17.03,10140
2008-04-29,17.03,17.058,16.448,16.56,12052
2008-04-30,16.56,16.895,16.385,16.88,14903
2008-05-01,16.88,17.038,16,16.212,15934
2008-05-02,16.212,16.522,16.072,16.412,10610
2008-05-05,16.412,16.827,16.412,16.72,9252
2008-05-06,16.72,17.003,16.645,16.86,14640
2008-05-07,16.86,16.918,16.485,16.645,27213
2008-05-08,16.645,16.963,16.455,16.83,31257
2008-05-09,16.83,17.078,16.495,16.818,29065
2008-05-12,16.818,17.32,16.673,17.163,23350
2008-05-13,17.163,17.27,16.535,16.725,29091
2008-05-14,16.725,16.898,16.533,16.565,29607
2008-05-15,16.565,16.978,16.513,16.705,26306
2008-05-16,16.705,17.07,16.69,16.971,28026
2008-05-19,16.971,17.253,16.836,16.981,16261
2008-05-20,16.981,17.716,16.938,17.638,22146
2008-05-21,17.638,18.108,17.573,17.985,30988
2008-05-22,17.985,18.2,17.738,17.993,33226
2008-05-23,17.993,18.313,17.86,18.195,26503
2008-05-26,18.195,18.335,18.15,18.32,8896
2008-05-27,18.32,18.343,17.4055,17.433,25693
2008-05-28,17.433,17.648,17.065,17.42,29152
2008-05-29,17.42,17.583,16.516,16.651,31275
2008-05-30,16.651,16.93,16.442,16.877,29848
2008-06-02,16.877,17.025,16.6045,16.834,27850
2008-06-03,16.834,16.929,16.448,16.778,25747
2008-06-04,16.778,16.93,16.595,16.838,29403
2008-06-05,16.838,17.2005,16.498,17.138,28575
2008-06-06,17.138,17.555,17.103,17.53,30163
2008-06-09,17.53,17.628,17.095,17.11,33486
2008-06-10,17.11,17.195,16.515,16.595,31209
2008-06-11,16.595,16.92,16.535,16.86,26932
2008-06-12,16.86,16.908,16.248,16.48,29926
2008-06-13,16.48,16.618,16.278,16.575,29045
2008-06-16,16.568,17.438,16.418,17.163,27292
2008-06-17,17.163,17.4,16.857,17.064,31193
2008-06-18,17.064,17.487,16.992,17.366,26645
2008-06-19,17.366,17.73,17.152,17.344,20473
2008-06-20,17.344,17.635,17.31,17.367,26287
2008-06-23,17.367,17.51,16.566,16.801,19043
2008-06-24,16.801,16.977,16.612,16.672,17727
2008-06-25,16.672,16.83,16.523,16.783,29991
2008-06-26,16.783,17.434,16.724,17.168,33730
2008-06-27,17.168,17.66,17.153,17.52,36321
2008-06-30,17.52,17.869,17.223,17.41,8003
2008-07-01,17.41,18.203,17.382,18.114,31366
2008-07-02,18.114,18.396,17.896,18.372,35130
2008-07-03,18.372,18.464,18,18.26,22324
2008-07-04,18.26,18.271,17.9935,18.117,10329
2008-07-07,18.117,18.117,17.583,17.778,51872
2008-07-08,17.778,17.961,17.476,17.779,29497
2008-07-09,17.779,18.148,17.715,18.136,46795
2008-07-10,18.136,18.33,18.08,18.288,45887
2008-07-11,18.288,18.885,18.255,18.808,45923
2008-07-14,18.838,19.248,18.517,19.098,62694
2008-07-15,19.098,19.478,18.591,18.918,71111
2008-07-16,18.918,19.1105,18.6265,18.781,76375
2008-07-17,18.781,19.143,18.341,18.52,68403
2008-07-18,18.52,18.656,18.0575,18.13,37742
2008-07-21,18.13,18.483,18.13,18.423,44174
2008-07-22,18.423,18.691,17.85,17.96,49886
2008-07-23,17.96,18.005,17.2825,17.368,54897
2008-07-24,17.368,17.643,17.11,17.442,55884
2008-07-25,17.442,17.63,17.012,17.415,46380
2008-07-28,17.415,17.53,17.215,17.515,51540
2008-07-29,17.515,17.631,17.07,17.36,45888
2008-07-30,17.36,17.6135,16.835,17.4805,46580
2008-07-31,17.4805,17.913,17.403,17.753,45628
2008-08-01,17.753,17.793,17.266,17.486,49037
2008-08-04,17.483,17.628,16.905,16.943,51298
2008-08-05,16.943,17.013,16.42,16.453,53052
2008-08-06,16.453,16.758,16.4255,16.558,49373
2008-08-07,16.558,16.69,16.0375,16.198,51023
2008-08-08,16.198,16.233,15.25,15.318,42076
2008-08-11,15.318,15.445,14.543,14.658,55922
2008-08-12,14.658,14.837,14.014,14.503,51896
2008-08-13,14.503,14.9275,14.363,14.905,37397
2008-08-14,14.905,15.123,14.128,14.178,22812
2008-08-15,14.178,14.213,12.125,12.765,15017
2008-08-18,12.765,13.348,12.765,13.0605,55858
2008-08-19,13.0605,13.361,12.428,13.242,34734
2008-08-20,13.242,13.425,12.8225,13.2595,37457
2008-08-21,13.2595,13.898,13.217,13.846,35943
2008-08-22,13.846,13.963,13.3275,13.368,31974
2008-08-25,13.368,13.5905,13.128,13.5025,40797
2008-08-26,13.5025,13.7455,12.9925,13.598,9124
2008-08-27,13.598,13.8645,13.41,13.485,50834
2008-08-28,13.485,14.0425,13.473,13.696,51717
2008-08-29,13.696,13.9025,13.545,13.605,48483
2008-09-01,13.605,13.771,13.3555,13.4455,39134
2008-09-02,13.4455,13.4525,12.5035,13.063,38183
2008-09-03,13.063,13.141,12.567,12.915,52698
2008-09-04,12.915,13.203,12.6505,12.82,9974
2008-09-05,12.82,13.122,12.089,12.28,60749
2008-09-08,12.308,12.74,11.9,12.093,75179
2008-09-09,12.093,12.2025,11.275,11.283,67731
2008-09-10,11.283,11.618,10.658,10.683,13073
2008-09-11,10.683,10.974,10.228,10.548,67681
2008-09-12,10.548,10.946,10.543,10.883,65773
2008-09-15,10.889,11.213,10.424,11.123,69718
2008-09-16,11.123,11.1855,10.435,10.498,35129
2008-09-17,10.498,12.098,10.413,11.955,72020
2008-09-18,11.955,12.993,11.688,11.945,42298
2008-09-19,11.945,12.648,11.768,12.61,12810
2008-09-22,12.61,13.595,12.503,13.45,66676
2008-09-23,13.45,13.675,12.994,13.28,35197
2008-09-24,13.28,13.65,13.063,13.265,19708
2008-09-25,13.265,13.793,13.0255,13.26,53690
2008-09-26,13.26,13.658,13.053,13.308,66978
2008-09-29,13.308,13.381,12.658,13.13,56584
2008-09-30,13.13,13.215,11.7415,12.03,36304
2008-10-01,12.03,12.966,11.978,12.555,63232
2008-10-02,12.555,12.58,10.818,10.84,60121
2008-10-03,10.84,11.716,10.793,11.143,69114
2008-10-06,11.119,11.518,10.887,11.043,38829
2008-10-07,11.043,11.855,10.993,11.575,42376
2008-10-08,11.575,12.085,11.425,11.73,28697
2008-10-09,11.73,12.155,11.503,12.113,30012
2008-10-10,12.113,12.328,9.3675,10.01,44381
2008-10-13,10.04,10.88,10.04,10.703,44755
2008-10-14,10.703,11.173,10.69,10.975,39964
2008-10-15,10.975,11.115,10.038,10.298,50003
2008-10-16,10.298,10.333,9.223,9.65,67679
2008-10-17,9.65,9.9025,9.115,9.375,43370
2008-10-20,9.375,9.9395,9.375,9.785,51435
2008-10-21,9.785,10.2205,9.5725,10.11,41378
2008-10-22,10.11,10.203,9.398,9.555,58333
2008-10-23,9.555,9.898,9.2,9.708,52405
2008-10-24,9.708,9.85,8.6875,9.363,34895
2008-10-27,9.363,9.55,8.748,9.07,19217
2008-10-28,9.07,9.303,8.458,9.215,42801
2008-10-29,9.215,10.18,9.045,9.88,40923
2008-10-30,9.88,10.653,9.598,9.798,36341
2008-10-31,9.798,9.993,9.245,9.85,25959
2008-11-03,9.85,10.27,9.709,9.84,34990
2008-11-04,9.84,10.55,9.718,10.183,46783
2008-11-05,10.183,10.6075,10.028,10.33,35642
2008-11-06,10.33,10.798,9.873,9.973,35252
2008-11-07,9.973,10.3125,9.923,10.058,30811
2008-11-10,10.058,10.56,10.048,10.188,43363
2008-11-11,10.188,10.25,9.57,9.733,36155
2008-11-12,9.733,9.9,9.285,9.345,40593
2008-11-13,9.345,9.528,8.81,9.435,70336
2008-11-14,9.435,9.718,9.228,9.533,64586
2008-11-17,9.533,9.6905,9.263,9.295,64851
2008-11-18,9.295,9.775,9.158,9.65,62857
2008-11-19,9.65,9.87,9.245,9.263,25966
2008-11-20,9.263,9.4775,8.8325,9.05,52290
2008-11-21,9.05,9.675,8.94,9.665,60485
2008-11-24,9.763,10.693,9.51,10.52,70250
2008-11-25,10.52,10.585,10.058,10.345,45399
2008-11-26,10.345,10.4875,10.18,10.312,46385
2008-11-27,10.312,10.407,10.202,10.352,22281
2008-11-28,10.352,10.385,10.12,10.308,26108
2008-12-01,10.3,10.318,9.1905,9.273,39496
2008-12-02,9.273,9.7425,9.1525,9.58,47442
2008-12-03,9.58,9.735,9.295,9.69,60788
2008-12-04,9.69,9.725,9.3575,9.485,38585
2008-12-05,9.485,9.573,9.15,9.52,41116
2008-12-08,9.52,10.3815,9.493,9.991,50921
2008-12-09,9.991,10.099,9.666,9.839,47106
2008-12-10,9.839,10.2955,9.826,10.24,52023
2008-12-11,10.24,10.5295,10.138,10.349,63197
2008-12-12,10.349,10.409,10.0165,10.292,38839
2008-12-15,10.292,10.7315,10.2615,10.679,36616
2008-12-16,10.679,11.289,10.4615,11.204,30569
2008-12-17,11.204,11.604,10.839,11.397,24178
2008-12-18,11.397,11.469,10.94,10.97,33707
2008-12-19,10.97,11.02,10.5605,10.835,48841
2008-12-22,10.835,11.085,10.753,10.843,27313
2008-12-23,10.843,10.865,10.13,10.25,28781
2008-12-24,10.25,10.458,10.23,10.375,32100
2008-12-25,10.375,10.375,10.3,10.32,52
2008-12-26,10.32,10.755,10.285,10.708,26400
2008-12-29,10.708,11.265,10.708,10.91,61760
2008-12-30,10.91,11.16,10.69,10.968,59743
2008-12-31,10.968,11.42,10.77,11.39,32278
2009-01-01,11.39,11.4,11.385,11.385,54
2009-01-02,11.385,11.598,11.045,11.575,56643
2009-01-05,11.575,11.73,10.583,11.263,29641
2009-01-06,11.263,11.5525,10.793,11.478,48840
2009-01-07,11.478,11.5975,10.8855,11.05,40782
2009-01-08,11.05,11.3455,10.8055,11.125,50110
2009-01-09,11.125,11.6175,10.9805,11.283,67105
2009-01-12,11.283,11.298,10.5625,10.673,67927
2009-01-13,10.673,10.86,10.44,10.76,68645
2009-01-14,10.76,10.893,10.3655,10.577,67733
2009-01-15,10.577,10.6825,10.3505,10.6305,70295
2009-01-16,10.6305,11.305,10.6,11.278,53254
2009-01-19,11.25,11.32,11.0905,11.18,42647
2009-01-20,11.18,11.398,10.918,11.183,60281
2009-01-21,11.183,11.5255,11.0825,11.345,7484
2009-01-22,11.345,11.5115,11.2335,11.4085,23829
2009-01-23,11.4085,12.104,11.279,11.981,36350
2009-01-26,11.949,12.294,11.831,12.071,37672
2009-01-27,12.071,12.239,11.879,12.108,35016
2009-01-28,12.108,12.193,11.855,12.015,25529
2009-01-29,12.015,12.4285,11.673,12.361,14194
2009-01-30,12.361,12.683,12.241,12.678,30871
2009-02-02,12.678,12.678,12.2225,12.443,21026
2009-02-03,12.443,12.5025,12.1855,12.445,39462
2009-02-04,12.445,12.628,12.34,12.535,38409
2009-02-05,12.535,12.953,12.323,12.863,52315
2009-02-06,12.863,13.2125,12.773,13.123,41540
2009-02-09,13.115,13.13,12.84,12.848,26952
2009-02-10,12.848,13.245,12.765,13.14,23836
2009-02-11,13.14,13.6905,13.103,13.5305,32198
2009-02-12,13.5305,13.76,13.337,13.487,36550
2009-02-13,13.487,13.7225,13.2595,13.695,32650
2009-02-16,13.672,13.7075,13.517,13.615,31867
2009-02-17,13.615,14.22,13.573,14.135,20756
2009-02-18,14.135,14.3955,13.993,14.34,30813
2009-02-19,14.34,14.403,13.8925,14.048,47520
2009-02-20,14.048,14.6245,14.015,14.44,28342
2009-02-23,14.432,14.64,14.117,14.448,38572
2009-02-24,14.448,14.608,13.733,13.745,32055
2009-02-25,13.745,14.15,13.584,13.71,29539
2009-02-26,13.71,13.76,12.9425,13.135,36048
2009-02-27,13.135,13.3975,12.868,13.133,43456
2009-03-02,13.145,13.398,12.73,12.955,41466
2009-03-03,12.955,12.975,12.4415,12.825,33468
2009-03-04,12.825,13.1625,12.7,12.948,41229
2009-03-05,12.948,13.3275,12.913,13.2425,37667
2009-03-06,13.2425,13.534,13.2425,13.376,48988
2009-03-09,13.326,13.4165,12.7935,12.956,60560
2009-03-10,12.956,13.016,12.4915,12.636,34283
2009-03-11,12.636,12.894,12.534,12.8065,43457
2009-03-12,12.8065,13.0955,12.6635,12.995,34266
2009-03-13,12.995,13.3055,12.92,13.223,43889
2009-03-16,13.235,13.235,12.8055,12.923,46060
2009-03-17,12.923,13.0105,12.6555,12.745,42159
2009-03-18,12.745,13.023,11.923,12.965,36156
2009-03-19,12.965,13.71,12.67,13.593,42527
2009-03-20,13.593,13.8675,13.4475,13.758,34589
2009-03-23,13.778,13.9075,13.64,13.69,30203
2009-03-24,13.69,13.768,13.293,13.453,43716
2009-03-25,13.453,13.6,12.9875,13.49,43088
2009-03-26,13.49,13.7675,13.428,13.515,40646
2009-03-27,13.515,13.5955,13.1075,13.325,41983
2009-03-30,13.35,13.3655,12.949,13.094,35883
2009-03-31,13.094,13.273,12.608,12.973,31455
2009-04-01,12.973,13.1955,12.8555,13.063,40287
2009-04-02,13.063,13.165,12.585,12.965,37558
2009-04-03,12.965,13.013,12.682,12.775,44403
2009-04-06,12.77,12.855,12.1,12.137,19896
2009-04-07,12.137,12.37,12.057,12.272,39501
2009-04-08,12.272,12.485,12.197,12.287,44580
2009-04-09,12.287,12.42,12.147,12.357,44480
2009-04-10,12.357,12.382,12.35,12.382,1224
2009-04-13,12.352,12.877,12.352,12.75,38195
2009-04-14,12.75,12.8245,12.5875,12.762,43795
2009-04-15,12.762,12.952,12.682,12.797,41112
2009-04-16,12.797,12.822,12.16,12.247,37589
2009-04-17,12.247,12.277,11.82,11.888,37422
2009-04-20,11.98,12.193,11.835,12.093,40694
2009-04-21,12.093,12.263,11.903,12.04,39878
2009-04-22,12.04,12.338,12.018,12.288,39547
2009-04-23,12.288,12.8605,12.285,12.765,58618
2009-04-24,12.765,12.958,12.683,12.883,38539
2009-04-27,12.88,13.228,12.8075,12.918,38029
2009-04-28,12.918,12.96,12.3775,12.503,47889
2009-04-29,12.503,12.838,12.42,12.77,33903
2009-04-30,12.77,12.83,12.21,12.383,50825
2009-05-01,12.383,12.6425,12.0655,12.523,27087
2009-05-04,12.523,13.17,12.463,13.048,47347
2009-05-05,13.048,13.616,13.0025,13.36,34545
2009-05-06,13.36,13.845,13.308,13.735,33277
2009-05-07,13.735,14.1605,13.68,13.84,32559
2009-05-08,13.84,14.061,13.798,14.006,41717
2009-05-11,14.006,14.0415,13.6885,13.96,30814
2009-05-12,13.96,14.3475,13.86,14.243,28660
2009-05-13,14.243,14.38,13.905,13.975,27420
2009-05-14,13.975,14.09,13.7405,14.058,33383
2009-05-15,14.058,14.19,13.863,13.99,33159
2009-05-18,13.983,14.1,13.6455,13.758,31069
2009-05-19,13.758,14.29,13.718,14.18,30337
2009-05-20,14.18,14.3905,14.098,14.29,38575
2009-05-21,14.29,14.568,14.0925,14.523,29747
2009-05-22,14.523,14.8405,14.43,14.678,32649
2009-05-25,14.678,14.773,14.568,14.755,16677
2009-05-26,14.755,14.758,14.3075,14.613,24996
2009-05-27,14.613,15.008,14.425,14.745,35658
2009-05-28,14.745,15.278,14.6575,15.15,40670
2009-05-29,15.15,15.748,15.133,15.74,45543
2009-06-01,15.77,15.973,15.545,15.603,35286
2009-06-02,15.603,16.016,15.458,15.971,34576
2009-06-03,15.971,16.241,15.2615,15.354,25004
2009-06-04,15.354,15.944,15.072,15.879,34619
2009-06-05,15.879,15.9695,15.1775,15.282,25295
2009-06-08,15.282,15.467,14.7445,14.957,21066
2009-06-09,14.957,15.346,14.8,15.24,6363
2009-06-10,15.24,15.5095,15.0445,15.189,9092
2009-06-11,15.189,15.548,14.956,15.405,7452
2009-06-12,15.405,15.449,14.798,14.843,8466
2009-06-15,14.843,14.865,14.0515,14.073,6629
2009-06-16,14.073,14.4195,14.058,14.202,5786
2009-06-17,14.202,14.3765,13.9565,14.339,5282
2009-06-18,14.339,14.406,14.156,14.211,5834
2009-06-19,14.211,14.3815,14.1435,14.228,6092
2009-06-22,14.228,14.228,13.705,13.737,4231
2009-06-23,13.737,13.9,13.632,13.854,4161
2009-06-24,13.854,14.1225,13.792,13.853,5376
2009-06-25,13.853,14.0685,13.8105,14.023,5625
2009-06-26,14.023,14.326,14.023,14.083,5042
2009-06-29,14.083,14.129,13.859,13.866,4827
2009-06-30,13.866,14.147,13.483,13.602,3997
2009-07-01,13.602,13.874,13.596,13.763,4240
2009-07-02,13.763,13.806,13.302,13.407,4349
2009-07-03,13.407,13.487,13.376,13.439,980
2009-07-06,13.439,13.448,13.015,13.28,3099
2009-07-07,13.28,13.389,13.095,13.123,2774
2009-07-08,13.123,13.166,12.755,12.885,4765
2009-07-09,12.885,12.9905,12.781,12.866,4437
2009-07-10,12.866,12.911,12.5385,12.682,3683
2009-07-13,12.682,12.861,12.4625,12.85,4125
2009-07-14,12.85,13.0075,12.814,12.913,3961
2009-07-15,12.913,13.386,12.906,13.286,4058
2009-07-16,13.286,13.3425,13.1665,13.305,3518
2009-07-17,13.305,13.4695,13.0885,13.421,3257
2009-07-20,13.42,13.7575,13.41,13.656,2314
2009-07-21,13.656,13.7035,13.4635,13.538,3323
2009-07-22,13.538,13.7555,13.3955,13.7,3960
2009-07-23,13.7,13.8835,13.6305,13.725,4993
2009-07-24,13.725,13.918,13.673,13.905,2427
2009-07-27,13.905,14.1095,13.763,14.038,3971
2009-07-28,14.038,14.092,13.6115,13.736,2673
2009-07-29,13.736,13.76,13.198,13.316,4811
2009-07-30,13.316,13.604,13.306,13.483,4369
2009-07-31,13.483,13.99,13.402,13.933,5164
2009-08-03,13.933,14.4815,13.915,14.268,4319
2009-08-04,14.268,14.7795,14.0515,14.631,5237
2009-08-05,14.631,14.849,14.571,14.702,5213
2009-08-06,14.702,15.043,14.4415,14.567,6847
2009-08-07,14.567,14.906,14.521,14.626,5072
2009-08-10,14.583,14.706,14.3035,14.372,6065
2009-08-11,14.372,14.4955,14.2585,14.327,4078
2009-08-12,14.327,14.6215,14.1385,14.541,5200
2009-08-13,14.541,15.1435,14.538,15.039,4629
2009-08-14,15.039,15.1945,14.608,14.725,5168
2009-08-17,14.725,14.725,13.8485,14.023,3767
2009-08-18,14.023,14.2045,13.8515,14.002,3749
2009-08-19,14.002,14.151,13.512,13.811,5937
2009-08-20,13.811,14.071,13.798,13.936,5065
2009-08-21,13.936,14.301,13.738,14.177,4739
2009-08-24,14.177,14.4875,14.0995,14.165,6136
2009-08-25,14.165,14.4365,14.086,14.285,6561
2009-08-26,14.285,14.4715,14.1815,14.347,5041
2009-08-27,14.347,14.3675,14.0795,14.305,4939
2009-08-28,14.305,14.8675,14.295,14.78,3195
2009-08-31,14.78,14.923,14.543,14.909,5856
2009-09-01,14.909,15.0915,14.6515,15.027,7032
2009-09-02,15.027,15.475,14.854,15.391,6757
2009-09-03,15.391,16.2785,15.346,16.118,7697
2009-09-04,16.118,16.3375,15.836,16.246,6899
2009-09-07,16.246,16.358,16.151,16.329,3747
2009-09-08,16.329,16.8335,16.291,16.43,8482
2009-09-09,16.43,16.724,16.2365,16.317,9594
2009-09-10,16.317,16.705,16.059,16.683,7011
2009-09-11,16.683,16.9965,16.629,16.769,9548
2009-09-14,16.769,16.845,16.315,16.558,9655
2009-09-15,16.558,17.057,16.426,17.047,5502
2009-09-16,17.047,17.482,17.016,17.412,6797
2009-09-17,17.412,17.66,17.201,17.263,6567
2009-09-18,17.263,17.37,16.962,17.022,6549
2009-09-21,17.03,17.03,16.513,16.844,9520
2009-09-22,16.844,17.3205,16.814,17.14,7395
2009-09-23,17.14,17.248,16.716,16.823,5732
2009-09-24,16.823,17.0115,16.1855,16.27,10079
2009-09-25,16.27,16.378,15.9485,16.045,9620
2009-09-28,16.045,16.3075,15.7485,16.18,8363
2009-09-29,16.18,16.2865,15.993,16.157,7169
2009-09-30,16.157,16.6845,16.15,16.648,6822
2009-10-01,16.648,16.758,16.33,16.362,7921
2009-10-02,16.362,16.4565,15.9135,16.171,6796
2009-10-05,16.171,16.654,16.141,16.631,5373
2009-10-06,16.631,17.41,16.606,17.351,8167
2009-10-07,17.351,17.567,17.2935,17.562,9786
2009-10-08,17.562,17.922,17.513,17.784,9265
2009-10-09,17.784,17.811,17.533,17.716,7264
2009-10-12,17.711,17.963,17.708,17.729,6025
2009-10-13,17.729,18.0395,17.5505,17.795,6313
2009-10-14,17.795,18.1005,17.7185,17.886,6349
2009-10-15,17.886,17.978,17.325,17.372,7268
2009-10-16,17.372,17.561,17.205,17.474,6056
2009-10-19,17.474,17.849,17.265,17.841,5976
2009-10-20,17.841,17.9255,17.4185,17.504,8081
2009-10-21,17.504,17.8085,17.2955,17.708,8568
2009-10-22,17.708,17.8105,17.3715,17.689,5879
2009-10-23,17.689,17.9565,17.4885,17.681,8461
2009-10-26,17.681,17.7745,17.0145,17.097,8628
2009-10-27,17.097,17.2255,16.497,16.718,10097
2009-10-28,16.718,16.7575,16.1185,16.149,7961
2009-10-29,16.149,16.7035,16.12,16.689,7185
2009-10-30,16.689,16.737,16.147,16.309,6533
2009-11-02,16.316,16.7115,16.269,16.457,6885
2009-11-03,16.457,17.3185,16.25,17.216,9033
2009-11-04,17.216,17.6165,17.0955,17.46,8217
2009-11-05,17.46,17.5205,17.2295,17.408,6890
2009-11-06,17.408,17.624,17.273,17.375,7388
2009-11-09,17.375,17.7795,17.375,17.592,4643
2009-11-10,17.592,17.6435,17.1635,17.345,7517
2009-11-11,17.345,17.7165,17.331,17.605,5854
2009-11-12,17.605,17.7575,17.1995,17.2235,5819
2009-11-13,17.2235,17.446,17.0355,17.438,5011
2009-11-16,17.438,18.4365,17.438,18.38,7365
2009-11-17,18.38,18.44,18.091,18.428,6519
2009-11-18,18.428,18.8435,18.3225,18.5745,6141
2009-11-19,18.5745,18.6255,18.159,18.539,7449
2009-11-20,18.539,18.582,18.038,18.507,6979
2009-11-23,18.507,18.932,18.507,18.618,6151
2009-11-24,18.618,18.6745,18.3335,18.525,7889
2009-11-25,18.525,18.856,18.496,18.852,5509
2009-11-26,18.852,18.8855,18.439,18.668,3951
2009-11-27,18.668,18.668,17.6825,18.303,8498
2009-11-30,18.301,18.509,18.119,18.496,8192
2009-12-01,18.496,19.2645,18.3965,19.106,9165
2009-12-02,19.106,19.434,19.073,19.238,11492
2009-12-03,19.238,19.4675,18.807,18.827,11639
2009-12-04,18.827,18.948,18.284,18.52,10663
2009-12-07,18.52,18.55,17.869,18.188,11402
2009-12-08,18.188,18.354,17.529,17.579,9317
2009-12-09,17.579,17.8795,17.1135,17.379,10726
2009-12-10,17.379,17.5455,17.1365,17.413,9009
2009-12-11,17.413,17.607,16.903,17.134,7037
2009-12-14,17.174,17.392,17.073,17.388,7911
2009-12-15,17.388,17.4815,17.1145,17.415,7574
2009-12-16,17.415,17.779,17.3255,17.71,7122
2009-12-17,17.71,17.783,17.0845,17.134,6802
2009-12-18,17.134,17.3585,17.0845,17.274,6356
2009-12-21,17.294,17.494,16.9655,17.027,7274
2009-12-22,17.027,17.165,16.763,16.984,7492
2009-12-23,16.984,17.215,16.8565,17.111,4626
2009-12-24,17.111,17.5095,17.105,17.482,3518
2009-12-25,17.482,17.482,17.478,17.478,15
2009-12-28,17.478,17.656,17.434,17.516,4359
2009-12-29,17.516,17.516,17.058,17.097,5685
2009-12-30,17.097,17.155,16.7425,16.808,4939
2009-12-31,16.808,17.084,16.781,16.861,2142
2010-01-01,16.861,16.878,16.861,16.874,2
2010-01-04,16.874,17.581,16.851,17.574,7256
2010-01-05,17.574,17.8645,17.4945,17.788,8553
2010-01-06,17.788,18.219,17.743,18.194,7163
2010-01-07,18.194,18.3595,18.042,18.228,6935
2010-01-08,18.228,18.498,18.04,18.483,6534
2010-01-11,18.483,18.891,18.479,18.561,6945
2010-01-12,18.561,18.791,18.152,18.253,8276
2010-01-13,18.253,18.635,18.1955,18.621,8290
2010-01-14,18.621,18.7195,18.4405,18.663,8109
2010-01-15,18.663,18.673,18.3875,18.408,5471
2010-01-18,18.408,18.674,18.3835,18.641,2587
2010-01-19,18.641,18.8395,18.465,18.748,7254
2010-01-20,18.748,18.8435,17.7975,17.871,8985
2010-01-21,17.871,18.048,17.327,17.397,10026
2010-01-22,17.397,17.504,16.877,17.037,8357
2010-01-25,17.047,17.2535,16.9865,17.137,8537
2010-01-26,17.137,17.247,16.349,16.745,7562
2010-01-27,16.745,16.9475,16.423,16.571,8806
2010-01-28,16.571,16.74,16.013,16.25,8507
2010-01-29,16.25,16.349,16.023,16.208,9511
2010-02-01,16.238,16.698,16.099,16.667,6909
2010-02-02,16.667,16.796,16.548,16.707,7707
2010-02-03,16.707,16.9365,16.2805,16.368,8023
2010-02-04,16.368,16.412,15.189,15.265,10388
2010-02-05,15.265,15.3705,14.6535,15.164,10818
2010-02-08,15.149,15.3065,14.9505,14.999,7865
2010-02-09,14.999,15.582,14.976,15.445,7875
2010-02-10,15.445,15.6335,15.1015,15.206,9496
2010-02-11,15.206,15.7115,15.181,15.645,9909
2010-02-12,15.645,15.728,15.2105,15.534,8795
2010-02-15,15.53,15.638,15.459,15.554,3388
2010-02-16,15.554,16.203,15.499,16.135,6042
2010-02-17,16.135,16.328,15.835,15.869,8208
2010-02-18,15.869,16.262,15.681,15.842,10236
2010-02-19,15.842,16.504,15.782,16.318,12033
2010-02-22,16.318,16.557,16.146,16.244,4892
2010-02-23,16.244,16.427,15.792,15.837,5738
2010-02-24,15.837,16.004,15.647,15.969,6021
2010-02-25,15.969,16.16,15.621,16.088,5481
2010-02-26,16.088,16.5245,16.027,16.47,6577
2010-03-01,16.47,16.749,16.424,16.462,6089
2010-03-02,16.462,17.0795,16.328,16.915,6046
2010-03-03,16.915,17.354,16.873,17.199,4776
2010-03-04,17.199,17.372,17.049,17.125,7289
2010-03-05,17.125,17.492,17.118,17.356,4912
2010-03-08,17.345,17.519,17.118,17.249,4189
2010-03-09,17.249,17.402,16.867,17.252,5720
2010-03-10,17.252,17.6385,16.9375,17.027,7205
2010-03-11,17.027,17.175,16.817,17.175,7118
2010-03-12,17.175,17.334,16.961,17.068,6786
2010-03-15,17.068,17.164,16.961,17.125,4163
2010-03-16,17.125,17.478,17.089,17.451,3914
2010-03-17,17.451,17.594,17.361,17.472,5152
2010-03-18,17.472,17.547,17.324,17.413,5379
2010-03-19,17.413,17.413,16.976,16.991,6608
2010-03-22,16.991,17.01,16.62,16.975,5445
2010-03-23,16.975,17.139,16.728,17.036,5564
2010-03-24,17.036,17.04,16.578,16.578,5339
2010-03-25,16.578,16.85,16.553,16.62,4716
2010-03-26,16.62,16.975,16.568,16.903,5761
2010-03-29,16.915,17.427,16.915,17.373,3852
2010-03-30,17.373,17.466,17.222,17.296,3703
2010-03-31,17.296,17.627,17.257,17.48,3927
2010-04-01,17.48,17.996,17.47,17.934,4534
2010-04-02,17.934,17.952,17.75,17.81,389
2010-04-05,17.81,18.124,17.799,18.084,3235
2010-04-06,18.084,18.087,17.8555,17.964,4307
2010-04-07,17.964,18.2495,17.908,18.164,4148
2010-04-08,18.164,18.179,17.92,18.103,4240
2010-04-09,18.103,18.4285,18.048,18.407,4522
2010-04-12,18.407,18.597,18.16,18.247,5458
2010-04-13,18.247,18.305,17.956,18.226,5048
2010-04-14,18.226,18.4885,18.189,18.446,3981
2010-04-15,18.446,18.5235,18.2105,18.405,3187
2010-04-16,18.405,18.416,17.6115,17.733,5363
2010-04-19,17.733,17.769,17.491,17.75,3358
2010-04-20,17.75,18.044,17.692,17.835,3897
2010-04-21,17.835,18.1355,17.7205,18.077,3868
2010-04-22,18.077,18.1515,17.7665,17.982,4016
2010-04-23,17.982,18.341,17.8455,18.321,4433
2010-04-26,18.321,18.409,18.239,18.294,3917
2010-04-27,18.294,18.4015,18.0595,18.163,5023
2010-04-28,18.163,18.2365,17.831,18.101,3151
2010-04-29,18.101,18.567,18.065,18.472,4101
2010-04-30,18.472,18.76,18.455,18.64,4302
2010-05-03,18.652,18.87,18.51,18.802,3533
2010-05-04,18.802,18.825,17.8155,17.867,3997
2010-05-05,17.867,17.892,17.0735,17.483,7785
2010-05-06,17.483,17.754,17.25,17.711,9749
2010-05-07,17.711,18.6525,17.471,18.357,10737
2010-05-10,18.39,18.648,18.204,18.524,7197
2010-05-11,18.524,19.393,18.391,19.31,8316
2010-05-12,19.31,19.714,19.083,19.534,9617
2010-05-13,19.534,19.8225,19.3285,19.426,8597
2010-05-14,19.426,19.716,18.9655,19.339,9826
2010-05-17,19.339,19.407,18.739,18.905,10027
2010-05-18,18.905,19.1285,18.6465,19.038,8801
2010-05-19,19.038,19.038,17.9405,18.229,9659
2010-05-20,18.229,18.3155,17.4945,17.666,11778
2010-05-21,17.666,17.877,17.4075,17.662,11131
2010-05-24,17.662,18.072,17.647,17.902,7176
2010-05-25,17.902,17.982,17.531,17.958,6662
2010-05-26,17.958,18.4,17.924,18.07,8169
2010-05-27,18.07,18.564,18.004,18.514,6527
2010-05-28,18.514,18.634,18.243,18.399,5892
2010-05-31,18.399,18.607,18.351,18.564,767
2010-06-01,18.564,18.707,18.266,18.435,7148
2010-06-02,18.435,18.508,18.091,18.361,8625
2010-06-03,18.361,18.455,17.8285,17.988,7633
2010-06-04,17.988,18.027,17.292,17.45,9208
2010-06-07,17.428,18.282,17.193,18.164,7616
2010-06-08,18.164,18.484,18.083,18.282,5751
2010-06-09,18.282,18.369,18.098,18.1535,6421
2010-06-10,18.1535,18.433,17.91,18.226,5440
2010-06-11,18.226,18.52,18.075,18.239,4090
2010-06-14,18.242,18.563,18.226,18.226,4376
2010-06-15,18.226,18.675,18.209,18.556,4479
2010-06-16,18.556,18.655,18.393,18.473,4522
2010-06-17,18.473,18.872,18.333,18.712,6559
2010-06-18,18.712,19.267,18.683,19.176,4738
2010-06-21,19.178,19.468,18.671,18.727,8520
2010-06-22,18.727,18.986,18.598,18.818,7080
2010-06-23,18.818,18.956,18.34,18.531,4781
2010-06-24,18.531,18.811,18.189,18.7,5976
2010-06-25,18.7,19.131,18.614,19.075,4951
2010-06-28,19.075,19.2375,18.6465,18.763,3615
2010-06-29,18.763,18.793,18.3925,18.498,4757
2010-06-30,18.498,18.7835,18.466,18.621,5001
2010-07-01,18.621,18.669,17.724,17.773,8574
2010-07-02,17.773,18.098,17.6235,17.863,6956
2010-07-05,17.863,17.908,17.7405,17.808,1478
2010-07-06,17.808,18.017,17.607,17.835,5987
2010-07-07,17.835,18.079,17.558,18.042,6102
2010-07-08,18.042,18.166,17.726,17.97,5628
2010-07-09,17.97,18.219,17.825,18.125,4748
2010-07-12,18.125,18.132,17.773,17.949,4790
2010-07-13,17.949,18.338,17.861,18.256,4471
2010-07-14,18.256,18.475,18.108,18.301,5909
2010-07-15,18.301,18.527,18.178,18.349,5393
2010-07-16,18.349,18.387,17.748,17.865,6016
2010-07-19,17.865,17.919,17.5,17.594,6302
2010-07-20,17.594,17.776,17.449,17.695,6149
2010-07-21,17.695,17.886,17.571,17.658,6444
2010-07-22,17.658,18.187,17.629,18.094,5881
2010-07-23,18.094,18.274,18.059,18.108,7214
2010-07-26,18.135,18.266,17.981,18.172,6374
2010-07-27,18.172,18.229,17.593,17.664,3007
2010-07-28,17.664,17.74,17.338,17.5,5266
2010-07-29,17.5,17.68,17.483,17.627,5306
2010-07-30,17.627,18.119,17.535,18.018,6719
2010-08-02,18.005,18.564,17.976,18.367,4650
2010-08-03,18.367,18.597,18.311,18.381,4262
2010-08-04,18.381,18.691,18.222,18.285,6284
2010-08-05,18.285,18.473,18.188,18.343,4990
2010-08-06,18.343,18.578,18.288,18.472,4992
2010-08-09,18.493,18.5745,18.2255,18.333,2134
2010-08-10,18.333,18.457,17.97,18.33,4949
2010-08-11,18.33,18.357,17.818,17.903,6476
2010-08-12,17.903,18.1125,17.847,18.067,4162
2010-08-13,18.067,18.187,17.976,18.149,4394
2010-08-16,18.125,18.492,18.098,18.402,3695
2010-08-17,18.402,18.622,18.368,18.527,3797
2010-08-18,18.527,18.569,18.178,18.373,4843
2010-08-19,18.373,18.587,18.232,18.3,5115
2010-08-20,18.3,18.344,17.863,18.01,4008
2010-08-23,18,18.079,17.909,17.99,3689
2010-08-24,17.99,18.472,17.758,18.367,4194
2010-08-25,18.367,19.0325,18.346,18.926,5258
2010-08-26,18.926,19.17,18.913,18.94,5763
2010-08-27,18.94,19.329,18.907,19.094,4656
2010-08-30,19.096,19.222,18.99,19.019,3094
2010-08-31,19.019,19.408,18.836,19.369,5022
2010-09-01,19.369,19.4985,19.294,19.363,4619
2010-09-02,19.363,19.705,19.321,19.647,4736
2010-09-03,19.647,19.932,19.486,19.845,4860
2010-09-06,19.868,19.9455,19.785,19.943,1287
2010-09-07,19.943,20.009,19.559,19.786,5644
2010-09-08,19.786,20.148,19.772,19.906,4956
2010-09-09,19.906,20.063,19.673,19.694,6331
2010-09-10,19.694,20.03,19.68,19.878,5674
2010-09-13,19.868,20.234,19.798,20.046,6180
2010-09-14,20.046,20.52,20.01,20.468,6943
2010-09-15,20.468,20.629,20.323,20.578,5671
2010-09-16,20.578,20.823,20.454,20.785,5861
2010-09-17,20.785,20.998,20.605,20.755,6948
2010-09-20,20.73,20.975,20.708,20.739,4870
2010-09-21,20.739,21.087,20.506,20.962,8078
2010-09-22,20.962,21.165,20.907,21.143,6947
2010-09-23,21.143,21.232,20.876,21.123,5296
2010-09-24,21.123,21.468,21.101,21.465,5105
2010-09-27,21.45,21.621,21.352,21.439,3754
2010-09-28,21.439,21.778,21.031,21.734,7787
2010-09-29,21.734,22.04,21.69,21.917,6354
2010-09-30,21.917,22.084,21.56,21.754,8422
2010-10-01,21.754,22.153,21.715,22.106,5589
2010-10-04,22.09,22.21,21.893,21.946,5381
2010-10-05,21.946,22.889,21.815,22.835,7055
2010-10-06,22.835,23.18,22.755,23.18,8519
2010-10-07,23.18,23.509,22.463,22.515,12278
2010-10-08,22.515,23.3035,22.333,23.208,13888
2010-10-11,23.211,23.66,23.0405,23.289,9429
2010-10-12,23.289,23.47,22.933,23.321,12126
2010-10-13,23.321,24.081,23.266,24.002,8159
2010-10-14,24.002,24.917,23.983,24.643,15838
2010-10-15,24.643,24.848,24.0705,24.321,16773
2010-10-18,24.276,24.505,23.708,24.323,12862
2010-10-19,24.323,24.493,23.2785,23.358,19547
2010-10-20,23.358,23.967,23.296,23.946,15777
2010-10-21,23.946,24.055,23.03,23.199,18320
2010-10-22,23.199,23.394,22.84,23.286,15268
2010-10-25,23.286,23.85,23.258,23.647,14167
2010-10-26,23.647,23.943,23.165,23.872,15186
2010-10-27,23.872,24.228,23.36,23.59,17503
2010-10-28,23.59,24.04,23.505,23.987,15517
2010-10-29,23.987,24.754,23.761,24.748,14365
2010-11-01,24.725,25.053,24.521,24.69,13323
2010-11-02,24.69,24.932,24.622,24.927,11008
2010-11-03,24.927,25.045,23.941,24.856,22139
2010-11-04,24.856,26.32,24.763,26.307,19044
2010-11-05,26.307,26.923,25.886,26.743,22238
2010-11-08,26.75,27.747,26.525,27.735,20293
2010-11-09,27.735,29.345,26.4345,26.918,39078
2010-11-10,26.918,28.188,26.496,27.256,42975
2010-11-11,27.256,27.85,26.9175,27.685,30124
2010-11-12,27.685,27.702,25.781,26.048,39154
2010-11-15,26.028,26.475,25.424,25.473,32081
2010-11-16,25.473,25.86,25.0065,25.468,35748
2010-11-17,25.468,25.917,25.047,25.635,34081
2010-11-18,25.635,27.0585,25.63,26.969,25757
2010-11-19,26.969,27.413,26.3735,27.313,30313
2010-11-22,27.313,27.923,27.106,27.868,25670
2010-11-23,27.868,27.915,27.056,27.515,30058
2010-11-24,27.515,27.7075,27.131,27.584,17307
2010-11-25,27.584,27.597,27.345,27.579,8785
2010-11-26,27.579,27.582,26.438,26.707,15728
2010-11-29,26.742,27.2655,26.486,27.143,24040
2010-11-30,27.143,28.3365,26.911,28.088,22542
2010-12-01,28.088,28.833,27.986,28.457,25712
2010-12-02,28.457,29.017,28.296,28.528,31800
2010-12-03,28.528,29.396,28.528,29.396,23708
2010-12-06,29.35,30.2985,29.35,30.168,29118
2010-12-07,30.168,30.704,28.487,28.686,35220
2010-12-08,28.686,29.2515,27.977,28.38,33093
2010-12-09,28.38,29.0065,28.165,28.742,26942
2010-12-10,28.742,28.986,28.0435,28.682,25916
2010-12-13,28.675,29.7,28.454,29.525,20811
2010-12-14,29.525,29.95,29.1925,29.469,25966
2010-12-15,29.469,29.602,28.7045,28.798,21506
2010-12-16,28.798,29.2185,28.318,28.876,27305
2010-12-17,28.876,29.3095,28.6585,29.152,19298
2010-12-20,29.172,29.5195,28.7785,29.36,17011
2010-12-21,29.36,29.57,29.0205,29.35,16411
2010-12-22,29.35,29.448,29.202,29.218,11158
2010-12-23,29.218,29.3865,28.9255,29.308,9451
2010-12-24,29.308,29.354,29.256,29.256,133
2010-12-27,29.313,29.313,28.793,29.263,6191
2010-12-28,29.263,30.323,29.223,30.28,8262
2010-12-29,30.28,30.6825,30.1265,30.594,9789
2010-12-30,30.594,30.906,30.3415,30.446,9566
2010-12-31,30.446,30.948,30.429,30.91,5741
2011-01-03,30.91,31.251,30.4835,30.704,15612
2011-01-04,30.704,30.868,29.32,29.754,22630
2011-01-05,29.754,29.882,28.551,29.249,25293
2011-01-06,29.249,29.577,28.799,29.082,24143
2011-01-07,29.082,29.353,28.3395,28.676,23678
2011-01-10,28.701,29.112,28.644,29.094,17944
2011-01-11,29.094,29.689,29.044,29.523,14695
2011-01-12,29.523,29.827,29.388,29.665,18401
2011-01-13,29.665,29.798,28.52,28.683,20026
2011-01-14,28.683,28.9585,28.1,28.472,22795
2011-01-17,28.472,28.673,28.0525,28.315,7662
2011-01-18,28.315,29.0675,28.2265,28.867,15375
2011-01-19,28.867,29.4975,28.6585,28.778,19539
2011-01-20,28.778,28.809,27.4115,27.4945,27408
2011-01-21,27.4945,27.664,27.121,27.513,20783
2011-01-24,27.527,27.981,26.8575,26.945,19888
2011-01-25,26.945,27.065,26.585,26.845,19173
2011-01-26,26.845,27.675,26.69,27.617,16399
2011-01-27,27.617,27.819,26.7795,26.933,20670
2011-01-28,26.933,28.0495,26.398,27.987,21922
2011-01-31,27.987,28.449,27.551,28.07,22161
2011-02-01,28.07,28.655,27.879,28.547,21792
2011-02-02,28.547,28.747,28.1335,28.354,19504
2011-02-03,28.354,29.0075,27.9975,28.928,17998
2011-02-04,28.928,29.3115,28.752,29.138,16105
2011-02-07,29.155,29.477,29.038,29.394,15439
2011-02-08,29.394,30.367,29.294,30.324,13585
2011-02-09,30.324,30.529,30.085,30.212,14658
2011-02-10,30.212,30.294,29.674,30.213,15024
2011-02-11,30.213,30.3025,29.712,29.921,16460
2011-02-14,29.898,30.7335,29.8225,30.62,13772
2011-02-15,30.62,30.931,30.504,30.791,12636
2011-02-16,30.791,30.9715,30.2955,30.642,14585
2011-02-17,30.642,31.788,30.5635,31.756,11633
2011-02-18,31.756,32.8855,31.626,32.65,16624
2011-02-21,32.648,34.0095,32.612,33.898,11524
2011-02-22,33.898,34.338,32.414,33.09,28427
2011-02-23,33.09,33.7835,32.7045,33.556,22533
2011-02-24,33.556,33.769,31.7365,32.157,27747
2011-02-25,32.157,33.415,32.075,33.414,21911
2011-02-28,33.365,33.9945,33.2935,33.889,27167
2011-03-01,33.889,34.717,33.815,34.679,22356
2011-03-02,34.679,34.984,34.236,34.666,21325
2011-03-03,34.666,34.9695,34.0445,34.221,26631
2011-03-04,34.221,35.627,34.193,35.617,21567
2011-03-07,35.655,36.7455,35.622,35.904,36920
2011-03-08,35.904,36.545,35.517,36.04,30422
2011-03-09,36.04,36.445,35.625,36.122,24380
2011-03-10,36.122,36.1875,34.6775,35.268,33689
2011-03-11,35.268,36.166,34.0595,35.915,44216
2011-03-14,35.898,36.497,35.511,35.919,31792
2011-03-15,35.919,35.934,33.5755,34.241,49477
2011-03-16,34.241,35.07,33.853,34.223,41089
2011-03-17,34.223,34.673,33.6645,34.247,32863
2011-03-18,34.247,35.409,34.233,35.267,28056
2011-03-21,35.27,36.2135,35.27,36.111,22211
2011-03-22,36.111,36.46,35.7615,36.361,19305
2011-03-23,36.361,37.3845,36.1602,37.3657,18144
2011-03-24,37.3657,38.1618,36.8548,37.157,24709
2011-03-25,37.157,37.7832,36.8734,37.3325,27810
2011-03-28,37.3375,37.4091,36.4355,37.1427,21158
2011-03-29,37.1427,37.2373,36.5335,37.0672,18832
2011-03-30,37.0672,37.7491,36.8973,37.4474,19428
2011-03-31,37.4474,37.9642,37.3649,37.6552,16174
2011-04-01,37.6552,37.8498,37.0767,37.8055,25003
2011-04-04,37.813,38.6055,37.79,38.5855,14780
2011-04-05,38.5855,39.3096,38.0684,39.3096,19854
2011-04-06,39.3096,39.7638,39.1104,39.5506,18435
2011-04-07,39.5506,39.6977,39.2208,39.6336,19268
2011-04-08,39.6336,40.9504,39.5051,40.9413,17609
2011-04-11,40.9485,41.9597,39.773,40.2533,36947
2011-04-12,40.2533,40.895,39.7238,40.094,36663
2011-04-13,40.094,40.7655,40.0372,40.6319,29202
2011-04-14,40.6319,42.1958,40.4508,42.1417,32660
2011-04-15,42.1417,42.9948,41.8212,42.9948,36597
2011-04-18,42.9948,43.5587,42.2028,43.4227,49108
2011-04-19,43.4227,44.1709,42.758,43.965,31934
2011-04-20,43.965,45.3981,43.8358,45.2631,42152
2011-04-21,45.2631,46.684,45.0551,46.6108,38371
2011-04-22,46.6108,47.7175,46.5641,46.9425,223
2011-04-25,46.8525,49.8143,45.6654,46.9078,91893
2011-04-26,46.9078,47.1466,44.6322,45.486,73573
2011-04-27,45.486,48.3193,44.8804,47.8493,69177
2011-04-28,47.8493,49.5241,47.2711,48.4607,88904
2011-04-29,48.4607,49.2098,47.5584,47.905,76616
2011-05-02,47.995,48.1728,42.504,43.8061,167757
2011-05-03,43.8061,45.5852,40.6261,41.5512,125352
2011-05-04,41.5512,42.3495,38.9749,39.3429,118985
2011-05-05,39.3429,39.5733,34.2892,34.7138,127506
2011-05-06,34.7138,36.4426,33.1077,35.6275,130116
2011-05-09,35.635,37.9873,35.245,37.8687,69268
2011-05-10,37.8687,38.8456,37.331,38.5132,55194
2011-05-11,38.5132,39.5061,35.0463,35.1753,81382
2011-05-12,35.1753,35.9383,32.343,34.7009,109696
2011-05-13,34.7009,36.4599,33.9579,35.4036,86447
2011-05-16,35.335,35.4337,33.5244,33.5822,75867
2011-05-17,33.5822,34.4047,33.0065,33.9693,70506
2011-05-18,33.9693,35.5601,33.8913,35.1048,49032
2011-05-19,35.1048,35.7721,34.5669,35.0123,53155
2011-05-20,35.0123,35.5893,34.2349,35.0725,52490
2011-05-23,35.0625,35.4362,34.3753,35.0854,49929
2011-05-24,35.0854,36.7531,34.9103,36.6737,50178
2011-05-25,36.6737,37.9851,36.2741,37.9237,47860
2011-05-26,37.9237,38.8686,36.2993,37.3018,59491
2011-05-27,37.3018,38.2164,37.2393,38.0073,47700
2011-05-30,38.0073,38.4063,37.8038,38.1098,12089
2011-05-31,38.1098,38.7727,37.9684,38.5179,37220
2011-06-01,38.5179,38.521,36.4025,36.855,47246
2011-06-02,36.855,37.438,35.6073,36.1845,53586
2011-06-03,36.1845,36.4483,35.1016,36.2427,59431
2011-06-06,36.2575,37.2974,36.2393,36.7963,39846
2011-06-07,36.7963,37.5147,36.4817,37.1692,38102
2011-06-08,37.1692,37.263,36.0778,36.8219,38545
2011-06-09,36.8219,37.6374,36.5794,37.5596,30245
2011-06-10,37.5596,37.8698,36.0959,36.18,41778
2011-06-13,36.18,36.3133,34.5689,34.7759,41856
2011-06-14,34.7759,35.6004,34.4205,35.4222,46106
2011-06-15,35.4222,35.9749,34.8165,35.7958,47489
2011-06-16,35.7958,35.8178,35.1709,35.5532,38044
2011-06-17,35.5532,35.9198,34.9359,35.875,37957
2011-06-20,35.875,36.1657,35.2711,36.0627,32844
2011-06-21,36.0627,36.5664,35.6892,36.3531,36682
2011-06-22,36.3531,36.7753,35.9007,36.3626,39429
2011-06-23,36.3626,36.3626,34.6942,35.3024,55095
2011-06-24,35.3024,35.387,34.1666,34.3154,43828
2011-06-27,34.35,34.35,33.3876,33.5687,29834
2011-06-28,33.5687,34.1296,33.5251,33.9494,20771
2011-06-29,33.9494,34.9333,33.8586,34.8937,23722
2011-06-30,34.8937,35.1364,34.4534,34.6893,25673
2011-07-01,34.6893,34.8302,33.4672,33.8825,26174
2011-07-04,33.8825,34.1924,33.8001,34.1503,7157
2011-07-05,34.1503,35.6745,33.8666,35.4921,22927
2011-07-06,35.4921,36.268,35.0627,35.9028,33080
2011-07-07,35.9028,36.6355,35.7102,36.442,28585
2011-07-08,36.442,36.8636,36.0035,36.71,26018
2011-07-11,36.71,36.9333,35.5356,35.8092,29558
2011-07-12,35.8092,36.4338,34.805,36.1067,37370
2011-07-13,36.1067,38.3217,36.0403,38.1522,40624
2011-07-14,38.1522,39.3708,37.9959,38.33,48736
2011-07-15,38.33,39.2975,37.8852,39.29,37432
2011-07-18,39.29,40.716,39.27,40.5485,39911
2011-07-19,40.5485,40.8635,38.6013,39.0552,42984
2011-07-20,39.0552,40.1281,38.2124,40.0303,41777
2011-07-21,40.0303,40.3587,38.8564,39.3925,53777
2011-07-22,39.3925,40.2831,38.8748,40.0825,34521
2011-07-25,40.18,41.0767,39.8623,40.3459,38749
2011-07-26,40.3459,40.9694,40.0117,40.8894,30274
2011-07-27,40.8894,41.4529,40.1087,40.277,41621
2011-07-28,40.277,40.5798,39.3278,39.7713,36944
2011-07-29,39.7713,40.3915,39.3137,39.895,37074
2011-08-01,39.8625,40.0458,39.0416,39.3017,39642
2011-08-02,39.3017,40.8679,39.2035,40.803,34518
2011-08-03,40.803,42.0305,40.5622,41.6929,45540
2011-08-04,41.6929,42.2572,38.4881,38.9012,68314
2011-08-05,38.9012,39.8362,37.5419,38.3525,66266
2011-08-08,38.3825,40.3893,38.3405,39.0267,67476
2011-08-09,39.0267,39.5926,37.0066,37.5569,82361
2011-08-10,37.5569,39.5355,37.5569,39.2675,59623
2011-08-11,39.2675,39.8417,37.9532,38.705,58462
2011-08-12,38.705,39.2091,38.2028,39.0966,36850
2011-08-15,39.0825,39.9691,38.7194,39.8691,27706
2011-08-16,39.8691,40.1481,39.2928,39.8852,29270
2011-08-17,39.8852,40.5957,39.7865,40.3429,25879
2011-08-18,40.3429,40.9246,40.0572,40.6059,29840
2011-08-19,40.6059,42.9234,40.5397,42.9175,49464
2011-08-22,42.9925,44.0572,42.4896,43.7485,44789
2011-08-23,43.7485,44.2183,41.5006,41.9112,70290
2011-08-24,41.9112,42.4507,39.0866,39.7196,58522
2011-08-25,39.7196,41.1824,38.7528,41.0883,62624
2011-08-26,41.0883,41.4759,40.1125,41.3575,50718
2011-08-29,41.3575,41.71,40.3053,40.8726,36093
2011-08-30,40.8726,41.6613,40.4176,41.3237,37874
2011-08-31,41.3237,42.0395,41.0859,41.5621,37362
2011-09-01,41.5621,41.8261,41.22,41.5752,26050
2011-09-02,41.5752,43.3788,41.475,43.2575,36147
2011-09-05,43.25,43.3952,42.3355,43.025,19959
2011-09-06,43.025,43.264,41.551,42.0281,63454
2011-09-07,42.0281,42.2226,40.4235,41.5732,50351
2011-09-08,41.5732,42.6621,41.3438,42.3264,38621
2011-09-09,42.3264,42.704,41.1944,41.4475,53073
2011-09-12,41.4275,41.495,39.704,40.2995,46265
2011-09-13,40.2995,41.2996,40.0265,40.995,42590
2011-09-14,40.995,41.3237,40.2725,40.7049,39206
2011-09-15,40.7049,40.7737,39.3342,39.8378,42614
2011-09-16,39.8378,40.9143,39.3919,40.6839,33768
2011-09-19,40.6939,40.8365,38.9788,39.662,40321
2011-09-20,39.662,40.3034,39.1672,39.794,41536
2011-09-21,39.794,40.6936,39.3884,39.6863,43397
2011-09-22,39.6863,39.7808,35.4955,35.8717,73430
2011-09-23,35.8717,36.621,29.8123,31.1375,116485
2011-09-26,31.0175,31.0775,26.1017,30.7488,78864
2011-09-27,30.7488,33.546,30.2359,31.9208,51507
2011-09-28,31.9208,32.8448,29.4883,29.8825,60413
2011-09-29,29.8825,31.5212,29.0875,30.6266,55405
2011-09-30,30.6266,31.308,29.6588,29.9213,51462
2011-10-03,29.975,31.4112,29.655,30.4073,34844
2011-10-04,30.4073,31.3321,28.666,30.1046,61551
2011-10-05,30.1046,30.6321,28.4353,30.4433,55971
2011-10-06,30.4433,32.2053,30.2623,31.9905,46117
2011-10-07,31.9905,32.8293,30.7173,31.1575,35142
2011-10-10,31.2375,32.3493,31.2375,32.1009,34054
2011-10-11,32.1009,32.5454,31.3592,32.0637,36247
2011-10-12,32.0637,33.066,31.8656,32.609,30882
2011-10-13,32.609,32.7839,31.4676,31.886,33721
2011-10-14,31.886,32.5536,31.271,32.2025,31119
2011-10-17,32.2465,32.6703,31.489,31.8019,32671
2011-10-18,31.8019,32.3513,30.3849,32.0525,41721
2011-10-19,32.0525,32.1441,30.9118,31.1641,48868
2011-10-20,31.1641,31.3766,29.9606,30.5991,53260
2011-10-21,30.5991,31.5349,30.2846,31.384,31463
2011-10-24,31.3715,32.0475,31.2255,31.7486,30198
2011-10-25,31.7486,33.3881,31.3688,33.2675,40171
2011-10-26,33.2675,33.9536,32.9285,33.4058,40223
2011-10-27,33.4058,35.379,33.163,35.1086,38498
2011-10-28,35.1086,35.6755,34.7302,35.3025,33283
2011-10-31,35.295,35.466,34.1243,34.2949,31246
2011-11-01,34.2949,34.7275,32.1325,33.3293,55923
2011-11-02,33.3293,34.4336,33.1198,34.27,40336
2011-11-03,34.27,34.8956,33.2789,34.5288,42424
2011-11-04,34.5288,34.7266,33.8125,34.1297,32780
2011-11-07,34.1897,34.9993,33.8529,34.9582,32693
2011-11-08,34.9582,35.3387,34.5036,34.9713,31874
2011-11-09,34.9713,35.2476,33.8249,34.0534,38606
2011-11-10,34.0534,34.3372,33.1478,34.0617,42854
2011-11-11,34.0617,34.8495,33.7015,34.6975,25124
2011-11-14,34.655,34.9186,33.9628,34.2405,25559
2011-11-15,34.2405,34.8209,33.7546,34.537,28775
2011-11-16,34.537,34.6262,33.6174,33.7469,36247
2011-11-17,33.7469,33.9855,31.0658,31.693,45321
2011-11-18,31.693,32.6078,30.96,32.375,38068
2011-11-21,32.375,32.43,30.6826,31.6282,36626
2011-11-22,31.6282,33.0662,31.1886,32.7277,27434
2011-11-23,32.7277,32.8955,31.2542,31.7282,34956
2011-11-24,31.7282,32.2419,31.5087,31.8472,13856
2011-11-25,31.8472,31.8737,30.9757,31.0125,21351
2011-11-28,31.0225,32.3211,31.0225,32.1086,21249
2011-11-29,32.1086,32.2039,31.5032,31.9374,20308
2011-11-30,31.9374,32.9484,31.1318,32.8167,28366
2011-12-01,32.8167,33.4482,32.4912,32.7498,19063
2011-12-02,32.7498,33.6904,32.3571,32.595,22808
2011-12-05,32.675,33.0355,31.8835,32.1003,22261
2011-12-06,32.1003,32.8952,31.6184,32.7603,22013
2011-12-07,32.7603,32.8041,32.2263,32.5096,18938
2011-12-08,32.5096,33.2362,31.4077,31.7071,35735
2011-12-09,31.7071,32.3475,31.4783,32.203,25426
2011-12-12,32.203,32.2448,30.8902,31.3192,26156
2011-12-13,31.3192,31.9893,30.4258,30.7715,27939
2011-12-14,30.7715,31.0293,28.5314,28.9204,38243
2011-12-15,28.9204,29.2918,28.126,29.1571,39337
2011-12-16,29.1571,29.9293,29.1248,29.74,25467
2011-12-19,29.74,29.7993,28.6998,28.8043,26655
2011-12-20,28.8043,29.62,28.714,29.5835,15927
2011-12-21,29.5835,30.2151,29.1478,29.3851,22991
2011-12-22,29.3851,29.7004,29.0203,29.12,17318
2011-12-23,29.12,29.4613,29.0528,29.1125,10356
2011-12-27,29.1125,29.1783,28.646,28.6865,10767
2011-12-28,28.6865,28.8028,26.8756,27.1101,20729
2011-12-29,27.1101,27.8782,26.1756,27.7545,21249
2011-12-30,27.7545,28.4855,27.3072,27.8452,16831
2012-01-03,27.8452,29.7519,27.8452,29.6993,19719
2012-01-04,29.6993,29.7578,28.9434,29.187,23774
2012-01-05,29.187,29.6547,28.7258,29.3545,27356
2012-01-06,29.3545,29.491,28.6213,28.7455,22458
2012-01-09,28.7455,29.2428,28.6055,29.0189,24877
2012-01-10,29.0189,30.3373,28.9528,29.9621,23954
2012-01-11,29.9621,30.266,29.5755,29.9771,19938
2012-01-12,29.9771,30.6883,29.9066,30.2751,19539
2012-01-13,30.2751,30.2751,29.4554,29.7475,25329
2012-01-16,29.7475,30.0611,29.495,29.9925,9479
2012-01-17,29.9925,30.5966,29.8244,30.0852,18570
2012-01-18,30.0852,30.6078,29.7755,30.557,23816
2012-01-19,30.557,30.9061,30.3608,30.6333,18986
2012-01-20,30.6333,32.1937,30.3191,32.1805,20547
2012-01-23,32.1805,32.785,31.8155,32.3365,25770
2012-01-24,32.3365,32.4932,31.8784,32.0509,20312
2012-01-25,32.0509,33.4126,31.5555,33.1859,31498
2012-01-26,33.1859,33.8073,33.0113,33.4609,30731
2012-01-27,33.4609,33.9461,33.2803,33.9111,25723
2012-01-30,33.9111,34.0291,33.0666,33.492,20802
2012-01-31,33.492,34.1282,32.9631,33.1642,27979
2012-02-01,33.1642,33.9977,33.0957,33.6967,22574
2012-02-02,33.6967,34.4051,33.4734,34.3088,23026
2012-02-03,34.3088,34.395,33.3238,33.6622,29935
2012-02-06,33.6622,33.8633,32.9979,33.659,25154
2012-02-07,33.659,34.3528,33.1717,34.1562,23808
2012-02-08,34.1562,34.5219,33.6713,33.9768,24738
2012-02-09,33.9768,34.4347,33.684,33.9116,28521
2012-02-10,33.9116,34.0581,33.1735,33.5815,26980
2012-02-13,33.6115,34.029,33.4687,33.7217,18224
2012-02-14,33.7217,33.8344,33.2693,33.5842,24037
2012-02-15,33.5842,33.968,33.1177,33.4488,22806
2012-02-16,33.4488,33.56,32.6551,33.4917,24141
2012-02-17,33.4917,33.6927,33.0741,33.276,16203
2012-02-20,33.326,33.6842,33.326,33.5936,6895
2012-02-21,33.5936,34.4569,33.4572,34.3118,16922
2012-02-22,34.3118,34.5094,33.9127,34.3006,19055
2012-02-23,34.3006,35.6174,34.2323,35.358,20228
2012-02-24,35.358,35.7229,35.2089,35.3952,21074
2012-02-27,35.3952,35.635,35.077,35.391,16077
2012-02-28,35.391,37.2242,35.3326,36.9344,20883
2012-02-29,36.9344,37.5088,34.0694,34.6571,53321
2012-03-01,34.6571,35.6517,34.415,35.4921,39020
2012-03-02,35.4921,35.503,34.3537,34.7755,29118
2012-03-05,34.7355,34.9092,33.5312,33.9865,32828
2012-03-06,33.9865,34.1826,32.4748,32.9438,43619
2012-03-07,32.9438,33.5819,32.7296,33.4292,28544
2012-03-08,33.4292,34.1587,33.3373,33.8704,27428
2012-03-09,33.8704,34.4169,33.1279,34.295,35156
2012-03-12,34.295,34.3882,33.3679,33.6591,27341
2012-03-13,33.6591,33.8226,33.0091,33.4189,33374
2012-03-14,33.4189,33.4541,31.6277,32.1738,41357
2012-03-15,32.1738,32.871,31.9532,32.4964,33246
2012-03-16,32.4964,32.749,32.1466,32.533,25339
2012-03-19,32.533,33.0819,32.3427,32.9475,19391
2012-03-20,32.9475,32.9666,31.7748,32.1607,22760
2012-03-21,32.1607,32.3976,31.8768,32.172,20549
2012-03-22,32.172,32.3548,31.108,31.5744,25824
2012-03-23,31.5744,32.2976,31.4491,32.2335,21902
2012-03-26,32.2335,32.9357,32.0356,32.8313,19035
2012-03-27,32.8313,33.189,32.4931,32.5876,16994
2012-03-28,32.5876,32.6861,31.7883,32.056,21034
2012-03-29,32.056,32.3134,31.6467,32.2544,19939
2012-03-30,32.2544,32.6355,32.1707,32.2427,16982
2012-04-02,32.2437,33.2378,32.2437,32.9842,16479
2012-04-03,32.9842,33.3006,32.4888,32.6414,24909
2012-04-04,32.6414,32.6974,31.0139,31.3679,27146
2012-04-05,31.3679,31.8291,31.2234,31.712,19981
2012-04-06,31.712,31.835,31.7107,31.775,62
2012-04-09,31.8,32.1187,31.3355,31.5383,16202
2012-04-10,31.5383,31.9429,31.1689,31.7955,23571
2012-04-11,31.7955,31.8306,31.3954,31.5784,19007
2012-04-12,31.5784,32.5824,31.4394,32.3625,16573
2012-04-13,32.3625,32.4411,31.3228,31.5206,21019
2012-04-16,31.5206,31.7084,31.2087,31.5006,20310
2012-04-17,31.5006,31.9185,31.3376,31.7024,16508
2012-04-18,31.7024,31.9,31.3688,31.6182,15022
2012-04-19,31.6182,32.0395,31.3353,31.7698,23210
2012-04-20,31.7698,31.9241,31.5739,31.6966,14953
2012-04-23,31.6915,31.7154,30.49,30.8695,18187
2012-04-24,30.8695,31.1457,30.6871,30.8372,13678
2012-04-25,30.8372,30.999,29.9821,30.727,18642
2012-04-26,30.727,31.3078,30.6445,31.1114,12175
2012-04-27,31.1114,31.4406,30.9217,31.278,10100
2012-04-30,31.278,31.4105,30.5853,31.027,12678
2012-05-01,31.027,31.3434,30.7828,30.9611,10137
2012-05-02,30.9611,31.0434,30.4098,30.6526,14169
2012-05-03,30.6526,30.6653,29.877,30.0884,15771
2012-05-04,30.0884,30.4667,29.7872,30.3814,17717
2012-05-07,30.3814,30.3881,29.6905,30.0716,11153
2012-05-08,30.0716,30.1203,29.1469,29.4555,16195
2012-05-09,29.4555,29.5087,28.6265,29.2275,21589
2012-05-10,29.2275,29.4707,28.9628,29.0787,15158
2012-05-11,29.0787,29.1186,28.459,28.9122,16054
2012-05-14,28.9025,29.0134,28.1165,28.1623,16464
2012-05-15,28.1623,28.4603,27.5992,27.7271,17258
2012-05-16,27.7271,27.9981,26.7703,27.2177,27834
2012-05-17,27.2177,28.327,27.1772,28.0461,24316
2012-05-18,28.0461,28.9313,27.8262,28.7391,22625
2012-05-21,28.7391,28.8823,28.0795,28.4794,19565
2012-05-22,28.4794,28.8116,27.9647,28.1849,18422
2012-05-23,28.1849,28.2109,27.1309,27.8122,33218
2012-05-24,27.8122,28.5628,27.6451,28.3148,26167
2012-05-25,28.3148,28.6117,27.9357,28.5244,20514
2012-05-28,28.5544,28.7916,28.3282,28.4305,9350
2012-05-29,28.4305,28.7023,27.7656,27.8587,20831
2012-05-30,27.8587,28.1843,27.3995,27.8982,25567
2012-05-31,27.8982,28.2283,27.56,27.7148,24445
2012-06-01,27.7148,28.72,27.2318,28.5239,29586
2012-06-04,28.5239,28.6992,28.0084,28.2478,23113
2012-06-05,28.2478,28.5846,28.1268,28.5299,20054
2012-06-06,28.5299,29.9047,28.4624,29.4398,25021
2012-06-07,29.4398,29.7104,28.4115,28.603,32475
2012-06-08,28.603,28.6964,27.965,28.5023,24155
2012-06-11,28.5723,29.0414,28.308,28.5675,24580
2012-06-12,28.5675,29.0651,28.3642,28.9683,21025
2012-06-13,28.9683,29.1323,28.7478,28.8352,20037
2012-06-14,28.8352,29.1164,28.2015,28.641,20958
2012-06-15,28.641,28.8619,28.5421,28.6966,14755
2012-06-18,28.6966,29.06,28.3014,28.732,20579
2012-06-19,28.732,28.9461,28.343,28.4271,16872
2012-06-20,28.4271,28.6404,27.7195,28.1571,24844
2012-06-21,28.1571,28.1571,26.8728,26.8908,23065
2012-06-22,26.8908,27.0624,26.6025,26.9118,17620
2012-06-25,26.9118,27.6522,26.6631,27.5325,14963
2012-06-26,27.5325,27.5696,26.8243,27.111,14001
2012-06-27,27.111,27.3518,26.6843,26.9274,18112
2012-06-28,26.9274,27.1401,26.1385,26.374,20429
2012-06-29,26.374,27.9397,26.3003,27.4941,23768
2012-07-02,27.4941,27.6341,27.217,27.4914,13645
2012-07-03,27.4914,28.4691,27.4291,28.291,16101
2012-07-04,28.291,28.3536,28.0606,28.1566,8432
2012-07-05,28.1566,28.4106,27.5336,27.6832,19334
2012-07-06,27.6832,27.8257,26.9511,27.1089,19731
2012-07-09,27.1089,27.5153,26.9318,27.3518,12888
2012-07-10,27.3518,27.5946,26.7525,26.8156,17525
2012-07-11,26.8156,27.2697,26.7985,27.119,16466
2012-07-12,27.119,27.3864,26.4833,27.185,19159
2012-07-13,27.185,27.5822,27.1077,27.324,15817
2012-07-16,27.324,27.4573,26.9073,27.3283,16579
2012-07-17,27.3283,27.633,26.8144,27.3172,20186
2012-07-18,27.3172,27.3909,26.9163,27.1765,14813
2012-07-19,27.1765,27.6136,27.1493,27.2537,16260
2012-07-20,27.2537,27.453,26.8241,27.3201,19112
2012-07-23,27.3201,27.3439,26.6776,27.0233,17343
2012-07-24,27.0233,27.203,26.6405,26.9796,17839
2012-07-25,26.9796,27.5808,26.8465,27.3523,18810
2012-07-26,27.3523,27.8357,27.2721,27.5461,20010
2012-07-27,27.5461,27.8664,27.3871,27.7433,20140
2012-07-30,27.7433,28.247,27.5733,28.1764,11600
2012-07-31,28.1764,28.3849,27.928,27.9853,15337
2012-08-01,27.9853,28.0769,27.1263,27.4114,20456
2012-08-02,27.4114,27.8266,27.0008,27.1343,20868
2012-08-03,27.1343,27.9137,27.06,27.8047,18412
2012-08-06,27.8047,28.0066,27.6252,27.8921,14889
2012-08-07,27.8921,28.2377,27.7931,28.1343,12187
2012-08-08,28.1343,28.2629,27.7232,28.0443,11638
2012-08-09,28.0443,28.2424,27.9012,28.1443,10515
2012-08-10,28.1443,28.3446,27.624,28.1209,12419
2012-08-13,28.1209,28.2068,27.7514,27.8284,12014
2012-08-14,27.8284,28.0354,27.641,27.8156,11924
2012-08-15,27.8156,28.0149,27.5142,27.8359,12963
2012-08-16,27.8359,28.3003,27.7483,28.2043,8921
2012-08-17,28.2043,28.3441,28.0287,28.082,8068
2012-08-20,28.082,28.8444,27.943,28.7978,8641
2012-08-21,28.7978,29.5157,28.6782,29.3135,12158
2012-08-22,29.3135,29.9255,29.2364,29.8311,13706
2012-08-23,29.8311,30.829,29.8161,30.5641,15642
2012-08-24,30.5641,30.7987,30.243,30.7802,12339
2012-08-27,30.7802,31.2681,30.6529,30.7179,13482
2012-08-28,30.7179,31.006,30.5422,30.8784,12647
2012-08-29,30.8784,30.9775,30.5641,30.7242,11544
2012-08-30,30.7242,30.9148,30.2232,30.441,14786
2012-08-31,30.441,31.7717,30.2594,31.7222,20196
2012-09-03,31.7222,32.3254,31.5379,32.238,9410
2012-09-04,32.238,32.4251,31.9292,32.3373,17128
2012-09-05,32.3373,32.3821,31.9641,32.2656,17930
2012-09-06,32.2656,33.0044,32.2175,32.6381,22631
2012-09-07,32.6381,33.7307,31.9734,33.673,23834
2012-09-10,33.673,33.98,33.262,33.3578,17757
2012-09-11,33.3578,33.8315,33.3373,33.4909,14661
2012-09-12,33.4909,34.1031,32.4806,33.2486,28380
2012-09-13,33.2486,34.8273,32.6937,34.6656,31907
2012-09-14,34.6656,34.9463,34.3013,34.6637,26472
2012-09-17,34.6637,34.874,33.814,34.1994,18201
2012-09-18,34.1994,35.0594,33.9897,34.8176,23252
2012-09-19,34.8176,34.9838,34.2873,34.6043,20139
2012-09-20,34.6043,34.7576,34.0862,34.6659,20589
2012-09-21,34.6659,35.1968,34.3419,34.5311,24740
2012-09-24,34.5311,34.539,33.5637,33.9814,22608
2012-09-25,33.9814,34.4947,33.6729,33.761,22648
2012-09-26,33.761,34.0625,33.3324,33.9444,21372
2012-09-27,33.9444,34.7584,33.8653,34.627,20845
2012-09-28,34.627,34.879,34.2891,34.4898,23450
2012-10-01,34.4898,35.3992,34.1796,34.6586,26178
2012-10-02,34.6586,35.0642,34.4042,34.6165,19880
2012-10-03,34.6165,34.8822,34.4727,34.5988,17403
2012-10-04,34.5988,35.1182,34.5988,35.0016,16187
2012-10-05,35.0016,35.1012,34.2117,34.523,16497
2012-10-08,34.523,34.5638,33.6676,33.9825,16094
2012-10-09,33.9825,34.2283,33.555,33.9059,15803
2012-10-10,33.9059,34.1494,33.7215,33.977,14501
2012-10-11,33.977,34.3386,33.7896,34.0012,13274
2012-10-12,34.0012,34.1375,33.4452,33.464,13640
2012-10-15,33.464,33.466,32.5552,32.7246,15600
2012-10-16,32.7246,33.0508,32.6388,32.9505,11542
2012-10-17,32.9505,33.2724,32.8672,33.2211,11090
2012-10-18,33.2211,33.2945,32.6957,32.7978,12003
2012-10-19,32.7978,32.8981,31.9367,32.0792,16326
2012-10-22,32.0792,32.456,31.7212,32.4251,14353
2012-10-23,32.4251,32.4781,31.5648,31.6798,17816
2012-10-24,31.6798,32.0432,31.5289,31.7571,17855
2012-10-25,31.7571,32.2493,31.7282,32.1354,14362
2012-10-26,32.1354,32.3544,31.6047,32.0828,16913
2012-10-29,32.0828,32.2139,31.6825,31.7732,9137
2012-10-30,31.7732,32.1354,31.7155,31.7866,8302
2012-10-31,31.7866,32.4234,31.7596,32.2499,13356
2012-11-01,32.2499,32.673,32.1826,32.2726,12196
2012-11-02,32.2726,32.3561,30.8198,30.9321,19563
2012-11-05,30.9321,31.2466,30.6646,31.183,13783
2012-11-06,31.183,32.2668,31.0777,31.9867,16742
2012-11-07,31.9867,32.4091,31.2282,31.8215,26685
2012-11-08,31.8215,32.4436,31.6453,32.3333,18233
2012-11-09,32.3333,32.7909,32.0772,32.6001,18489
2012-11-12,32.6001,32.7581,32.2053,32.4122,13216
2012-11-13,32.4122,32.8457,32.1321,32.4963,17569
2012-11-14,32.4963,32.9411,32.383,32.6776,16029
2012-11-15,32.6776,32.7902,32.1727,32.62,18779
2012-11-16,32.62,32.6942,32.0384,32.3198,17091
2012-11-19,32.3198,33.229,32.3198,33.115,13384
2012-11-20,33.115,33.2584,32.8801,33.1668,13409
2012-11-21,33.1668,33.4101,32.8482,33.3527,11952
2012-11-22,33.3527,33.4542,33.2822,33.3518,4813
2012-11-23,33.3518,34.1644,33.2579,34.0731,11116
2012-11-26,34.0731,34.2352,33.8983,34.1568,14187
2012-11-27,34.1568,34.2879,33.9235,34.0496,13738
2012-11-28,34.0496,34.0583,32.9237,33.7569,18575
2012-11-29,33.7569,34.4072,33.5472,34.2465,15663
2012-11-30,34.2465,34.3523,33.1477,33.4216,18451
2012-12-03,33.4216,33.8503,33.4127,33.6574,12713
2012-12-04,33.6574,33.6801,32.6938,32.9317,17512
2012-12-05,32.9317,33.2391,32.5321,32.8791,14422
2012-12-06,32.8791,33.2732,32.5473,33.0251,16839
2012-12-07,33.0251,33.2642,32.6305,33.0739,17014
2012-12-10,33.0739,33.4286,33.042,33.2522,9279
2012-12-11,33.2522,33.2757,32.7753,32.9828,9348
2012-12-12,32.9828,33.8062,32.9329,33.4737,16237
2012-12-13,33.4737,33.475,32.2269,32.5416,24048
2012-12-14,32.5416,32.7335,32.1944,32.273,29289
2012-12-17,32.273,32.4158,32.0228,32.2802,17662
2012-12-18,32.2802,32.539,31.3526,31.6252,33746
2012-12-19,31.6252,31.8109,30.9938,31.0362,33269
2012-12-20,31.0362,31.2295,29.6015,29.9464,42457
2012-12-21,29.9464,30.2866,29.6343,30.0075,41203
2012-12-24,30.0075,30.358,29.8307,29.8967,19244
2012-12-26,29.8967,30.2204,29.8421,30.0054,10205
2012-12-27,30.0054,30.4851,29.7029,30.1654,26426
2012-12-28,30.1654,30.3378,29.8855,30.0213,23021
2012-12-31,30.0213,30.4316,29.8971,30.2877,18534
2013-01-02,30.2877,31.4943,30.2623,31.032,27457
2013-01-03,31.032,31.2,29.9973,30.1724,29658
2013-01-04,30.1724,30.2845,29.2315,30.2211,45690
2013-01-07,30.2211,30.4619,29.8663,30.1599,29414
2013-01-08,30.1599,30.559,30.0846,30.3801,31618
2013-01-09,30.3801,30.5737,30.0663,30.3591,27116
2013-01-10,30.3591,30.9432,30.2562,30.8604,32069
2013-01-11,30.8604,30.9324,30.1805,30.4619,32235
2013-01-14,30.4619,31.1669,30.3908,31.0467,30328
2013-01-15,31.0467,31.5859,30.9669,31.378,34003
2013-01-16,31.378,31.5641,31.0916,31.4748,25346
2013-01-17,31.4748,31.9221,31.0545,31.7477,35515
2013-01-18,31.7477,32.1353,31.6694,31.8616,28140
2013-01-21,31.8616,32.1123,31.8616,32.0025,17208
2013-01-22,32.0025,32.3594,31.8181,32.237,33334
2013-01-23,32.237,32.4773,32.1015,32.2534,26681
2013-01-24,32.2534,32.264,31.6054,31.6553,40672
2013-01-25,31.6553,31.7931,31.1297,31.185,33766
2013-01-28,31.185,31.3197,30.7487,30.871,24723
2013-01-29,30.871,31.4694,30.8479,31.4007,30725
2013-01-30,31.4007,32.2774,31.2566,32.0317,36601
2013-01-31,32.0317,32.1222,31.1198,31.4515,33769
2013-02-01,31.4515,32.1511,31.3013,31.827,34046
2013-02-04,31.827,31.917,31.3874,31.7495,29236
2013-02-05,31.7495,32.1091,31.6201,31.825,33241
2013-02-06,31.825,31.8982,31.6108,31.8397,25630
2013-02-07,31.8397,31.9281,31.2937,31.4743,40594
2013-02-08,31.4743,31.6923,31.3344,31.416,27859
2013-02-11,31.416,31.5401,30.8297,30.9507,38914
2013-02-12,30.9507,31.1581,30.5879,31.1152,44558
2013-02-13,31.1152,31.2312,30.7468,30.7804,37069
2013-02-14,30.7804,31.0717,30.244,30.406,43983
2013-02-15,30.406,30.482,29.6966,29.7936,70789
2013-02-18,29.7936,30.1715,29.7936,29.9505,9210
2013-02-19,29.9505,30.148,29.2407,29.4697,23136
2013-02-20,29.4697,29.6557,28.285,28.5676,79396
2013-02-21,28.5676,28.9053,28.33,28.6737,88640
2013-02-22,28.6737,28.9354,28.3812,28.7206,35153
2013-02-25,28.7206,29.2574,28.5812,29.0064,42864
2013-02-26,29.0064,29.4689,28.5982,29.4009,62990
2013-02-27,29.4009,29.431,28.8621,29.0087,38748
2013-02-28,29.0087,29.1839,28.4087,28.5386,42396
2013-03-01,28.5386,28.7959,27.9537,28.5996,57950
2013-03-04,28.5996,28.8241,28.4459,28.5634,35477
2013-03-05,28.5634,29.0951,28.5354,28.7006,29774
2013-03-06,28.7006,29.0863,28.5482,29.041,47198
2013-03-07,29.041,29.0941,28.7611,28.8989,41557
2013-03-08,28.8989,29.27,28.3521,28.9823,50475
2013-03-11,28.9823,29.11,28.7276,28.9871,28767
2013-03-12,28.9871,29.3647,28.8986,29.1516,27556
2013-03-13,29.1516,29.2931,28.8655,28.9201,26021
2013-03-14,28.9201,28.9807,28.5615,28.8065,26350
2013-03-15,28.8065,29.0392,28.7334,28.7796,21376
2013-03-18,28.7796,29.1377,28.6212,28.8888,55608
2013-03-19,28.8888,29.1104,28.6656,28.9029,44227
2013-03-20,28.9029,29.0201,28.4776,28.8269,39206
2013-03-21,28.8269,29.3389,28.747,29.1714,31858
2013-03-22,29.1714,29.1976,28.546,28.7426,39095
2013-03-25,28.7426,28.9227,28.5035,28.8445,43852
2013-03-26,28.8445,28.8803,28.6487,28.7659,30959
2013-03-27,28.7659,28.8245,28.1273,28.6852,43974
2013-03-28,28.6852,28.8479,28.2251,28.3532,48980
2013-03-29,28.3532,28.3698,28.3405,28.3444,91
2013-04-01,28.3444,28.3963,27.8694,28.0331,53729
2013-04-02,28.0331,28.1916,27.2135,27.2791,61570
2013-04-03,27.2791,27.3663,26.7432,27.0028,65213
2013-04-04,27.0028,27.081,26.6482,26.9508,82514
2013-04-05,26.9508,27.3596,26.7999,27.3301,74098
2013-04-08,27.3301,27.453,27.1496,27.3066,34016
2013-04-09,27.3066,28.0846,27.2138,27.9903,61616
2013-04-10,27.9903,28.0316,27.5234,27.6279,56654
2013-04-11,27.6279,27.8609,27.4172,27.6532,57079
2013-04-12,27.6532,27.7156,25.9398,25.999,145139
2013-04-15,25.999,26.1176,22.5914,22.775,472990
2013-04-16,22.775,23.9909,22.0609,23.4011,311998
2013-04-17,23.4011,23.7541,22.8758,23.3294,199073
2013-04-18,23.3294,23.6925,22.4833,23.2593,183770
2013-04-19,23.2593,23.8597,22.9243,23.25,108242
2013-04-22,23.25,23.7059,23.1382,23.4422,66389
2013-04-23,23.4422,23.4722,22.6231,22.9631,80782
2013-04-24,22.9631,23.3798,22.871,23.1853,79616
2013-04-25,23.1853,24.4033,23.0865,24.3964,78668
2013-04-26,24.3964,24.8419,23.6469,24.0095,134423
2013-04-29,24.0095,24.6037,23.9686,24.567,68475
2013-04-30,24.567,24.5859,24.0505,24.3407,71846
2013-05-01,24.3407,24.3703,23.2613,23.6419,93904
2013-05-02,23.6419,24.2274,23.4121,23.848,87028
2013-05-03,23.848,24.4106,23.453,24.1169,116981
2013-05-06,24.1169,24.4451,23.8613,24.0144,56528
2013-05-07,24.0144,24.0759,23.4489,23.9674,82586
2013-05-08,23.9674,24.1196,23.6889,23.9732,61586
2013-05-09,23.9732,24.1994,23.5577,23.7384,49538
2013-05-10,23.7384,23.9128,23.1994,23.8792,94771
2013-05-13,23.8792,23.8834,23.5132,23.6766,44577
2013-05-14,23.6766,23.801,23.1405,23.4219,56924
2013-05-15,23.4219,23.4998,22.5076,22.6027,96547
2013-05-16,22.6027,22.8311,22.1268,22.6905,78991
2013-05-17,22.6905,22.803,22.1794,22.261,85215
2013-05-20,22.261,23.2572,20.27,22.9078,162207
2013-05-21,22.9078,22.9663,22.0803,22.4476,125102
2013-05-22,22.4476,23.3441,22.2126,22.2974,144236
2013-05-23,22.2974,22.6994,21.9802,22.6057,94988
2013-05-24,22.6057,22.6589,22.3353,22.4024,41045
2013-05-27,22.4024,22.7695,22.3391,22.6716,15357
2013-05-28,22.6716,22.6716,22.1777,22.3447,73282
2013-05-29,22.3447,22.5368,22.2007,22.4926,51510
2013-05-30,22.4926,23.1244,22.3791,22.7829,87816
2013-05-31,22.7829,22.92,22.1757,22.267,93287
2013-06-03,22.267,22.9824,22.267,22.7358,67733
2013-06-04,22.7358,22.7978,22.2979,22.5494,42079
2013-06-05,22.5494,22.7795,22.3636,22.5666,57948
2013-06-06,22.5666,22.9119,22.3336,22.6569,78097
2013-06-07,22.6569,22.8268,21.5912,21.6662,115591
2013-06-10,21.6662,22.1066,21.4172,21.9276,59167
2013-06-11,21.9276,22.0345,21.4903,21.6724,77023
2013-06-12,21.6724,22.0348,21.5674,21.7944,62970
2013-06-13,21.7944,21.9948,21.5884,21.8654,65095
2013-06-14,21.8654,22.5691,21.7085,22.0823,74549
2013-06-17,22.0823,22.1424,21.6859,21.8758,31216
2013-06-18,21.8758,21.9598,21.5343,21.6803,51111
2013-06-19,21.6803,21.855,21.2778,21.4113,78597
2013-06-20,21.4113,21.4113,19.6282,19.7099,208179
2013-06-21,19.7099,20.1466,19.3995,20.118,104769
2013-06-24,20.118,20.2382,19.47,19.6864,86359
2013-06-25,19.6864,19.8654,19.4804,19.6469,75065
2013-06-26,19.6469,19.664,18.4391,18.5389,150181
2013-06-27,18.5389,18.9954,18.397,18.4945,120660
2013-06-28,18.4945,19.6843,18.2187,19.6718,152925
2013-07-01,19.6718,20.1105,19.4034,19.6348,117706
2013-07-02,19.6348,19.8304,19.2699,19.408,85551
2013-07-03,19.408,19.9342,19.3599,19.7806,93551
2013-07-04,19.7806,19.8799,19.4273,19.5687,54571
2013-07-05,19.5687,19.6304,18.7133,18.9126,107334
2013-07-08,18.9126,19.3122,18.7221,19.108,71917
2013-07-09,19.108,19.5303,19.0086,19.31,64395
2013-07-10,19.31,19.4475,19.0349,19.3903,103794
2013-07-11,19.3903,20.2945,19.3894,20.163,128118
2013-07-12,20.163,20.2305,19.66,19.9394,60106
2013-07-15,19.9394,20.1771,19.5885,19.9771,64083
2013-07-16,19.9771,20.0769,19.7072,20.0211,65248
2013-07-17,20.0211,20.1796,19.2881,19.3391,124357
2013-07-18,19.3391,19.5899,19.2589,19.4042,82812
2013-07-19,19.4042,19.6344,19.3303,19.5107,50023
2013-07-22,19.5107,20.6127,19.51,20.5579,79261
2013-07-23,20.5579,20.6126,20.122,20.4912,55566
2013-07-24,20.4912,20.5302,20.0144,20.1766,69208
2013-07-25,20.1766,20.3359,19.7998,20.2562,57100
2013-07-26,20.2562,20.3638,19.6728,20.0048,56806
2013-07-29,20.0048,20.2431,19.7115,19.8691,47891
2013-07-30,19.8691,19.9176,19.5492,19.7438,40268
2013-07-31,19.7438,20.1399,19.4096,19.8502,100214
2013-08-01,19.8502,20.0002,19.5645,19.6248,78326
2013-08-02,19.6248,20.3081,19.2302,19.8994,91061
2013-08-05,19.8994,20.0329,19.5726,19.7168,41274
2013-08-06,19.7168,19.8208,19.5003,19.5268,51544
2013-08-07,19.5268,19.6458,19.1661,19.5905,48143
2013-08-08,19.5905,20.3482,19.535,20.2653,68563
2013-08-09,20.2653,20.59,20.1071,20.552,70125
2013-08-12,20.552,21.4704,20.552,21.4059,104589
2013-08-13,21.4059,21.7785,21.1485,21.4699,105798
2013-08-14,21.4699,21.8799,21.2935,21.8767,95592
2013-08-15,21.8767,23.2159,21.7376,22.9906,187762
2013-08-16,22.9906,23.4204,22.7822,23.2552,165833
2013-08-19,23.2552,23.6259,22.9952,23.1737,99764
2013-08-20,23.1737,23.3239,22.3029,23.0187,106960
2013-08-21,23.0187,23.3718,22.7792,22.8828,116854
2013-08-22,22.8828,23.3398,22.4721,23.124,97221
2013-08-23,23.124,24.1109,22.8989,24.0705,130037
2013-08-26,24.0705,24.4278,23.8137,24.3182,94073
2013-08-27,24.3182,24.7118,23.9867,24.4699,112552
2013-08-28,24.4699,25.1193,24.2469,24.3591,152351
2013-08-29,24.3591,24.4309,23.6689,23.8784,152468
2013-08-30,23.8784,24.0223,23.3903,23.5241,125806
2013-09-02,23.5241,24.3866,23.0879,24.1731,101215
2013-09-03,24.1731,24.4957,23.9958,24.2754,117325
2013-09-04,24.2754,24.4005,23.3504,23.5022,93973
2013-09-05,23.5022,23.6521,23.0171,23.1872,125707
2013-09-06,23.1872,23.9449,23.0596,23.8597,108486
2013-09-09,23.8597,24.1539,23.4196,23.7122,46895
2013-09-10,23.7122,23.7929,22.8153,22.9826,74201
2013-09-11,22.9826,23.2279,22.7704,23.1984,69941
2013-09-12,23.1984,23.2312,21.7915,21.796,99202
2013-09-13,21.796,22.2525,21.4038,22.2201,110204
2013-09-16,22.2201,22.3699,21.6678,21.8205,101421
2013-09-17,21.8205,22.1147,21.6221,21.752,70675
2013-09-18,21.752,23.2257,21.206,22.9594,167018
2013-09-19,22.9594,23.4193,22.83,23.0687,118988
2013-09-20,23.0687,23.155,21.7401,21.7835,111729
2013-09-23,21.7835,21.9378,21.2879,21.659,95708
2013-09-24,21.659,22.013,21.3141,21.7067,93653
2013-09-25,21.7067,21.9393,21.4725,21.7985,77132
2013-09-26,21.7985,22.0988,21.6456,21.7336,78476
2013-09-27,21.7336,22.1276,21.4645,21.7859,70764
2013-09-30,21.7859,22.0875,21.4248,21.7,64262
2013-10-01,21.7,21.9503,20.6237,21.1828,121252
2013-10-02,21.1828,22.0184,20.9766,21.7253,92083
2013-10-03,21.7253,21.8416,21.4334,21.6652,56721
2013-10-04,21.6652,21.9116,21.4917,21.7415,47547
2013-10-07,21.7415,22.4666,21.6359,22.3716,51503
2013-10-08,22.3716,22.4926,22.125,22.306,67294
2013-10-09,22.306,22.3941,21.7632,21.8671,80330
2013-10-10,21.8671,22.2197,21.5439,21.6889,65722
2013-10-11,21.6889,21.8501,20.9584,21.3384,82198
2013-10-14,21.3384,21.6761,21.1075,21.2586,63582
2013-10-15,21.2586,21.5223,20.5084,21.3642,116451
2013-10-16,21.3642,21.4332,21.1243,21.4038,95235
2013-10-17,21.4038,22.193,21.1038,21.8759,136604
2013-10-18,21.8759,22.0364,21.7377,21.93,52027
2013-10-21,21.93,22.3217,21.844,22.2252,40908
2013-10-22,22.2252,22.8193,21.9845,22.7021,58695
2013-10-23,22.7021,22.814,22.4988,22.5497,26078
2013-10-24,22.5497,22.8771,22.5036,22.7052,33277
2013-10-25,22.7052,22.745,22.2547,22.5437,34435
2013-10-28,22.5437,22.7084,22.3712,22.5068,49123
2013-10-29,22.5068,22.6205,22.3016,22.5303,48482
2013-10-30,22.5303,23.089,22.3858,22.7591,94069
2013-10-31,22.7591,22.7591,21.7637,21.9119,53561
2013-11-01,21.9119,22.0004,21.7102,21.8813,30349
2013-11-04,21.8813,21.9351,21.6002,21.6547,25464
2013-11-05,21.6547,21.7913,21.5631,21.7071,30158
2013-11-06,21.7071,22.0712,21.6266,21.8169,20143
2013-11-07,21.8169,22.0188,21.3985,21.6642,70759
2013-11-08,21.6642,21.9108,21.2734,21.512,61099
2013-11-11,21.512,21.512,21.2518,21.3634,27565
2013-11-12,21.3634,21.372,20.5878,20.7329,53695
2013-11-13,20.7329,20.8788,20.4454,20.6209,57461
2013-11-14,20.6209,20.9098,20.5989,20.7872,65309
2013-11-15,20.7872,20.8473,20.579,20.8105,26703
2013-11-18,20.8105,20.8178,20.3193,20.4194,27276
2013-11-19,20.4194,20.5005,20.2228,20.3738,21511
2013-11-20,20.3738,20.5102,19.801,19.871,78077
2013-11-21,19.871,20.0649,19.7324,19.9656,36974
2013-11-22,19.9656,20.066,19.8377,19.8614,15254
2013-11-25,19.8614,20.3189,19.5969,20.2415,37884
2013-11-26,20.2415,20.3121,19.8099,19.8666,25117
2013-11-27,19.8666,20.1216,19.6402,19.656,18009
2013-11-28,19.656,19.7981,19.6385,19.7228,9592
2013-11-29,19.7228,20.0894,19.6878,19.9904,15180
2013-12-02,19.9904,19.9904,19.118,19.158,32926
2013-12-03,19.158,19.3401,18.9887,19.1256,15024
2013-12-04,19.1256,19.8977,18.8982,19.6894,41654
2013-12-05,19.6894,19.7351,19.2475,19.4001,23021
2013-12-06,19.4001,19.7878,19.1962,19.5082,57384
2013-12-09,19.5082,19.9991,19.4537,19.8625,19347
2013-12-10,19.8625,20.441,19.7608,20.4039,32431
2013-12-11,20.4039,20.4906,20.2367,20.2996,22470
2013-12-12,20.2996,20.3572,19.4307,19.504,34232
2013-12-13,19.504,19.7581,19.3031,19.7072,27827
2013-12-16,19.7072,20.3063,19.4656,19.9896,32835
2013-12-17,19.9896,20.2459,19.6976,19.9089,59372
2013-12-18,19.9089,20.2803,19.6426,19.7351,101794
2013-12-19,19.7351,19.9206,19.1315,19.2495,68602
2013-12-20,19.2495,19.5405,19.1515,19.407,37217
2013-12-23,19.407,19.5435,19.2919,19.4583,31459
2013-12-24,19.4583,19.5917,19.335,19.5075,18947
2013-12-26,19.5075,20.0529,19.4397,19.7702,37813
2013-12-27,19.7702,20.1233,19.7681,20.0844,31133
2013-12-30,20.0844,20.1915,19.4827,19.5778,28701
2013-12-31,19.5778,19.8342,18.6413,19.4536,74000
2014-01-02,19.4536,20.4424,19.4536,20.0202,85527
2014-01-03,20.0202,20.3196,20.0007,20.1597,46369
2014-01-06,20.1597,20.3575,19.9606,20.1859,43227
2014-01-07,20.1859,20.2863,19.6421,19.8735,23229
2014-01-08,19.8735,19.8773,19.3254,19.5375,39947
2014-01-09,19.5375,19.7229,19.4127,19.5849,23755
2014-01-10,19.5849,20.2581,19.5622,20.1579,43709
2014-01-13,20.1579,20.4687,19.9654,20.4024,24114
2014-01-14,20.4024,20.6245,20.1542,20.2496,33301
2014-01-15,20.2496,20.274,19.9418,20.1931,23941
2014-01-16,20.1931,20.2541,19.9803,20.1003,12005
2014-01-17,20.1003,20.4287,19.9753,20.3011,16378
2014-01-20,20.3011,20.4312,20.2837,20.322,15467
2014-01-21,20.322,20.3361,19.6767,19.8872,20366
2014-01-22,19.8872,19.9472,19.7597,19.7953,10680
2014-01-23,19.7953,20.3157,19.6553,20.0399,23448
2014-01-24,20.0399,20.2931,19.73,19.9167,30840
2014-01-27,19.9167,20.0949,19.5684,19.6991,24042
2014-01-28,19.6991,19.8472,19.4721,19.5829,19445
2014-01-29,19.5829,19.9773,19.4776,19.7579,44612
2014-01-30,19.7579,19.7599,19.0083,19.1613,41011
2014-01-31,19.1613,19.4818,19.0911,19.179,31470
2014-02-03,19.179,19.6453,19.0883,19.339,35196
2014-02-04,19.339,19.5324,19.2867,19.4984,23241
2014-02-05,19.4984,20.3181,19.4627,19.8915,39448
2014-02-06,19.8915,20.1891,19.8543,19.9678,25508
2014-02-07,19.9678,20.108,19.779,20.0229,38956
2014-02-10,20.0229,20.2992,19.9855,20.08,17805
2014-02-11,20.08,20.2994,19.9376,20.2345,42740
2014-02-12,20.2345,20.4087,20.1025,20.2428,30793
2014-02-13,20.2428,20.5357,20.1445,20.497,25366
2014-02-14,20.497,21.4963,20.4642,21.4782,42822
2014-02-17,21.4782,21.9804,21.4782,21.8324,28664
2014-02-18,21.8324,21.9799,21.3263,21.9375,28188
2014-02-19,21.9375,21.9546,21.381,21.5296,42637
2014-02-20,21.5296,21.9,21.4031,21.8283,41112
2014-02-21,21.8283,21.9735,21.5822,21.8504,31473
2014-02-24,21.8504,22.1799,21.5203,21.9758,37114
2014-02-25,21.9758,22.0274,21.6828,21.8572,31235
2014-02-26,21.8572,22.0401,21.0995,21.2362,44865
2014-02-27,21.2362,21.4925,21.001,21.2718,43965
2014-02-28,21.2718,21.4116,21.0884,21.224,40355
2014-03-03,21.224,21.7244,21.224,21.4238,55268
2014-03-04,21.4238,21.5204,21.0322,21.1724,36541
2014-03-05,21.1724,21.3229,21.1467,21.1709,29888
2014-03-06,21.1709,21.637,21.0897,21.4738,28764
2014-03-07,21.4738,21.5905,20.7598,20.9086,47633
2014-03-10,20.9086,21.039,20.6085,20.8177,35435
2014-03-11,20.8177,21.312,20.666,20.8489,45882
2014-03-12,20.8489,21.4216,20.8177,21.3037,57117
2014-03-13,21.3037,21.4683,21.1037,21.1787,42003
2014-03-14,21.1787,21.7858,21.1308,21.4475,60902
2014-03-17,21.4475,21.64,21.1258,21.1878,45239
2014-03-18,21.1878,21.2396,20.6294,20.8309,42105
2014-03-19,20.8309,20.9602,20.5034,20.6162,61633
2014-03-20,20.6162,20.7209,20.1425,20.2634,38291
2014-03-21,20.2634,20.5827,20.2526,20.3211,28641
2014-03-24,20.3211,20.3211,19.9271,19.949,34801
2014-03-25,19.949,20.2156,19.9064,19.9878,33626
2014-03-26,19.9878,20.1401,19.6866,19.7698,23867
2014-03-27,19.7698,19.8622,19.5793,19.7046,37969
2014-03-28,19.7046,19.9281,19.6335,19.8312,24659
2014-03-31,19.8312,20.0093,19.7367,19.773,24668
2014-04-01,19.773,19.9132,19.645,19.7644,23243
2014-04-02,19.7644,20.15,19.746,19.9799,13542
2014-04-03,19.9799,20.0875,19.673,19.8498,16765
2014-04-04,19.8498,20.2365,19.7972,19.9648,24885
2014-04-07,19.9648,20.0208,19.7912,19.8778,10872
2014-04-08,19.8778,20.1821,19.8685,20.0421,18195
2014-04-09,20.0421,20.1038,19.6185,19.8863,31100
2014-04-10,19.8863,20.3981,19.8637,20.0475,26757
2014-04-11,20.0475,20.1372,19.92,20.0019,24004
2014-04-14,20.0019,20.1482,19.7351,19.9884,22815
2014-04-15,19.9884,20.0061,19.2376,19.616,45713
2014-04-16,19.616,19.8254,19.3501,19.6632,27150
2014-04-17,19.6632,19.7327,19.5096,19.6416,27265
2014-04-18,19.6416,19.6564,19.6416,19.6564,11
2014-04-21,19.6564,19.7245,19.249,19.4466,46952
2014-04-22,19.4466,19.5425,19.3085,19.4248,29653
2014-04-23,19.4248,19.5583,19.3956,19.4562,16486
2014-04-24,19.4562,19.9228,18.952,19.6612,40126
2014-04-25,19.6612,19.8164,19.5268,19.7326,26436
2014-04-28,19.7326,19.7606,19.4969,19.6003,22148
2014-04-29,19.6003,19.6119,19.3255,19.4644,19491
2014-04-30,19.4644,19.4912,19.0568,19.199,35303
2014-05-01,19.199,19.2428,18.5881,19.0404,46323
2014-05-02,19.0404,19.6937,18.9307,19.4903,62926
2014-05-05,19.4903,19.7375,19.4714,19.6094,47821
2014-05-06,19.6094,19.7102,19.4942,19.5934,38298
2014-05-07,19.5934,19.7603,19.2885,19.3228,53526
2014-05-08,19.3228,19.3877,19.1196,19.1897,47534
2014-05-09,19.1897,19.3189,19.0479,19.1671,35820
2014-05-12,19.1671,19.668,19.0389,19.5383,49209
2014-05-13,19.5383,19.6123,19.3638,19.5406,44787
2014-05-14,19.5406,19.9938,19.504,19.7805,44809
2014-05-15,19.7805,19.8385,19.4219,19.5056,58462
2014-05-16,19.5056,19.5375,19.2639,19.3728,37574
2014-05-19,19.3728,19.693,19.3167,19.3584,40761
2014-05-20,19.3584,19.4622,19.2419,19.4151,43146
2014-05-21,19.4151,19.504,19.2817,19.4161,34272
2014-05-22,19.4161,19.8239,19.3638,19.5087,40626
2014-05-23,19.5087,19.5289,19.2954,19.4602,24176
2014-05-26,19.4602,19.5051,19.3875,19.4577,15716
2014-05-27,19.4577,19.4577,19.0384,19.0771,58627
2014-05-28,19.0771,19.1669,18.9846,19.0328,40062
2014-05-29,19.0328,19.108,18.7989,19.034,39089
2014-05-30,19.034,19.1054,18.633,18.8223,43327
2014-06-02,18.8223,18.8888,18.6714,18.7549,24418
2014-06-03,18.7549,18.9426,18.7398,18.8192,10265
2014-06-04,18.8192,18.9013,18.7539,18.8136,10743
2014-06-05,18.8136,19.1593,18.7106,19.057,20079
2014-06-06,19.057,19.2209,18.8934,19.0345,20799
2014-06-09,19.0345,19.2073,19.007,19.0704,8446
2014-06-10,19.0704,19.2654,18.9979,19.2102,8247
2014-06-11,19.2102,19.3554,19.1685,19.2042,7137
2014-06-12,19.2042,19.5852,19.1714,19.522,15407
2014-06-13,19.522,19.747,19.4864,19.7105,13067
2014-06-16,19.7105,19.8804,19.5926,19.6687,18256
2014-06-17,19.6687,19.7555,19.4789,19.733,13269
2014-06-18,19.733,19.9302,19.6708,19.8896,14269
2014-06-19,19.8896,20.9291,19.8408,20.8051,32267
2014-06-20,20.8051,20.9862,20.5865,20.8699,34302
2014-06-23,20.8699,20.9431,20.7393,20.8818,17635
2014-06-24,20.8818,21.1676,20.811,20.9181,18949
2014-06-25,20.9181,21.1671,20.7127,21.0343,17952
2014-06-26,21.0343,21.1258,20.8043,21.1076,16572
2014-06-27,21.1076,21.2061,20.9191,20.9658,12371
2014-06-30,20.9658,21.1206,20.7691,21.0325,13628
2014-07-01,21.0325,21.2274,21.0119,21.033,14155
2014-07-02,21.033,21.2903,20.922,21.1612,10891
2014-07-03,21.1612,21.1782,20.797,21.1434,20285
2014-07-04,21.1434,21.2372,21.086,21.1544,5550
2014-07-07,21.1544,21.1596,20.8271,21.0508,11082
2014-07-08,21.0508,21.1974,20.9159,21.0372,9182
2014-07-09,21.0372,21.2336,20.999,21.1241,13821
2014-07-10,21.1241,21.5783,21.0787,21.4045,12607
2014-07-11,21.4045,21.5069,21.3667,21.4456,4500
2014-07-14,21.4456,21.4655,20.8555,20.914,15756
2014-07-15,20.914,21.0795,20.671,20.6869,18319
2014-07-16,20.6869,20.8305,20.5877,20.7702,6708
2014-07-17,20.7702,21.2451,20.7187,21.1546,17732
2014-07-18,21.1546,21.2613,20.736,20.8753,10857
2014-07-21,20.8753,21.1141,20.8119,20.9261,6039
2014-07-22,20.9261,21.0748,20.7439,20.9493,13943
2014-07-23,20.9493,21.0551,20.899,20.9134,5153
2014-07-24,20.9134,20.9254,20.3134,20.3806,15341
2014-07-25,20.3806,20.7678,20.3137,20.7401,7699
2014-07-28,20.7401,20.7401,20.517,20.5854,7112
2014-07-29,20.5854,20.8079,20.4688,20.5796,8556
2014-07-30,20.5796,20.7225,20.4618,20.6108,12910
2014-07-31,20.6108,20.7401,20.342,20.3936,7893
2014-08-01,20.3936,20.5492,20.258,20.3331,16593
2014-08-04,20.3331,20.4603,20.156,20.1655,5081
2014-08-05,20.1655,20.275,19.7534,19.7761,8008
2014-08-06,19.7761,20.1225,19.7573,20.041,6309
2014-08-07,20.041,20.117,19.8886,19.966,7672
2014-08-08,19.966,20.1775,19.836,19.897,9019
2014-08-11,19.897,20.1093,19.8414,20.0177,5050
2014-08-12,20.0177,20.1519,19.874,19.9234,5087
2014-08-13,19.9234,20.0822,19.7127,19.8316,8045
2014-08-14,19.8316,19.9897,19.8051,19.8873,6987
2014-08-15,19.8873,19.9569,19.522,19.5635,20499
2014-08-18,19.5635,19.7029,19.4841,19.6327,3086
2014-08-19,19.6327,19.7169,19.3903,19.438,3300
2014-08-20,19.438,19.6053,19.4252,19.4854,3902
2014-08-21,19.4854,19.5023,19.3213,19.4432,4256
2014-08-22,19.4432,19.5831,19.3222,19.4228,4003
2014-08-25,19.4228,19.507,19.3363,19.3585,1881
2014-08-26,19.3585,19.6961,19.3447,19.3736,3364
2014-08-27,19.3736,19.5113,19.3283,19.4621,2375
2014-08-28,19.4621,19.9052,19.4451,19.5067,4527
2014-08-29,19.5067,19.6383,19.4466,19.4631,3349
2014-09-01,19.4631,19.5385,19.4152,19.4902,1216
2014-09-02,19.4902,19.5004,19.0952,19.1722,4576
2014-09-03,19.1722,19.2586,19.1174,19.1841,3734
2014-09-04,19.1841,19.367,19.0318,19.0481,5389
2014-09-05,19.0481,19.2449,19.0074,19.1949,4089
2014-09-08,19.1949,19.3288,18.9215,19.0331,3602
2014-09-09,19.0331,19.1438,18.8781,19.0582,4364
2014-09-10,19.0582,19.1134,18.8929,18.9701,4521
2014-09-11,18.9701,18.9751,18.5821,18.7085,5948
2014-09-12,18.7085,18.7226,18.4646,18.6384,5088
2014-09-15,18.6384,18.7092,18.561,18.6823,3749
2014-09-16,18.6823,18.8888,18.6138,18.719,4677
2014-09-17,18.719,18.7982,18.4974,18.5432,6402
2014-09-18,18.5432,18.6276,18.2904,18.541,5857
2014-09-19,18.541,18.597,17.8015,17.8305,7780
2014-09-22,17.8305,17.879,17.3489,17.7486,9468
2014-09-23,17.7486,18.0092,17.6401,17.8003,7408
2014-09-24,17.8003,17.8848,17.538,17.7003,6873
2014-09-25,17.7003,17.711,17.3345,17.5292,7891
2014-09-26,17.5292,17.7427,17.4651,17.6444,6579
2014-09-29,17.6444,17.6481,17.4504,17.4963,5400
2014-09-30,17.4963,17.5913,16.8725,16.9761,9904
2014-10-01,16.9761,17.4472,16.8871,17.181,8821
2014-10-02,17.181,17.3564,16.9485,17.1111,9428
2014-10-03,17.1111,17.1699,16.7338,16.8445,8789
2014-10-06,16.8445,17.3711,16.6825,17.3418,7681
2014-10-07,17.3418,17.6309,17.1069,17.1884,8767
2014-10-08,17.1884,17.479,17.066,17.3764,9516
2014-10-09,17.3764,17.7245,17.3347,17.3697,9297
2014-10-10,17.3697,17.4046,17.2131,17.3953,6920
2014-10-13,17.3953,17.6018,17.2907,17.4876,6903
2014-10-14,17.4876,17.5718,17.3321,17.3941,5545
2014-10-15,17.3941,17.8246,17.0349,17.4709,13758
2014-10-16,17.4709,17.5491,17.2116,17.3909,10879
2014-10-17,17.3909,17.4446,17.2311,17.2697,6244
2014-10-20,17.2697,17.53,17.2664,17.4395,4362
2014-10-21,17.4395,17.663,17.3671,17.515,6089
2014-10-22,17.515,17.5354,17.13,17.1622,5178
2014-10-23,17.1622,17.2558,17.0474,17.1966,5421
2014-10-24,17.1966,17.3638,17.1438,17.2034,3783
2014-10-27,17.2034,17.24,17.1015,17.1313,3231
2014-10-28,17.1313,17.4127,17.081,17.2135,4345
2014-10-29,17.2135,17.337,17.0386,17.0879,4538
2014-10-30,17.0879,17.2255,16.3611,16.5031,9430
2014-10-31,16.5031,16.544,15.7664,16.1593,14570
2014-11-03,16.1593,16.2413,15.7754,16.1552,7205
2014-11-04,16.1552,16.1905,15.934,16.0328,6348
2014-11-05,16.0328,16.0631,15.1456,15.3387,11996
2014-11-06,15.3387,15.477,15.2366,15.4181,9502
2014-11-07,15.4181,15.8031,15.0691,15.787,13607
2014-11-10,15.787,15.9032,15.5058,15.61,7616
2014-11-11,15.61,15.8967,15.4715,15.7187,8709
2014-11-12,15.7187,15.7881,15.5752,15.6887,7462
2014-11-13,15.6887,15.7994,15.5632,15.6661,7357
2014-11-14,15.6661,16.3955,15.272,16.3157,48556
2014-11-17,16.3157,16.4837,16.0377,16.1566,29535
2014-11-18,16.1566,16.4309,16.0047,16.2056,12551
2014-11-19,16.2056,16.5498,15.9018,16.1484,72752
2014-11-20,16.1484,16.356,15.9751,16.2859,22812
2014-11-21,16.2859,16.628,16.1234,16.4386,32983
2014-11-24,16.4386,16.5026,16.2764,16.4866,7040
2014-11-25,16.4866,16.7289,16.4794,16.6911,11508
2014-11-26,16.6911,16.695,16.4973,16.5167,5179
2014-11-27,16.5167,16.5645,16.1641,16.2461,9107
2014-11-28,16.2461,16.2894,15.4181,15.4514,15174
2014-12-01,15.4514,16.8071,14.3295,16.4637,56166
2014-12-02,16.4637,16.528,16.0772,16.4807,18593
2014-12-03,16.4807,16.5892,16.2288,16.4184,11194
2014-12-04,16.4184,16.6716,16.375,16.4564,13875
2014-12-05,16.4564,16.5508,16.2185,16.2933,15221
2014-12-08,16.2933,16.4357,16.1571,16.3623,9002
2014-12-09,16.3623,17.2145,16.2865,17.0883,18851
2014-12-10,17.0883,17.3221,16.9247,17.0587,17594
2014-12-11,17.0587,17.2183,16.9309,17.0922,15100
2014-12-12,17.0922,17.2121,16.9933,17.0388,23883
2014-12-15,17.0388,17.0622,16.1269,16.1596,33645
2014-12-16,16.1596,16.6537,15.5363,15.7286,65558
2014-12-17,15.7286,16.0622,15.6147,15.7581,65579
2014-12-18,15.7581,16.228,15.7317,15.8907,30459
2014-12-19,15.8907,16.1094,15.836,16.0736,14685
2014-12-22,16.0736,16.1715,15.5298,15.6825,26680
2014-12-23,15.6825,15.9067,15.563,15.7638,22694
2014-12-24,15.7638,15.8745,15.6876,15.7727,10085
2014-12-26,15.7727,16.3152,15.7645,16.083,18807
2014-12-29,16.083,16.2649,15.7267,15.8035,24972
2014-12-30,15.8035,16.4817,15.7568,16.3046,22664
2014-12-31,16.3046,16.3217,15.5572,15.5997,6655
2015-01-02,15.5997,16.0731,15.5416,15.7638,9610
2015-01-05,15.7638,16.2729,15.6511,16.1881,21172
2015-01-06,16.1881,16.72,16.1201,16.536,24121
2015-01-07,16.536,16.6566,16.3024,16.5303,21901
2015-01-08,16.5303,16.6601,16.305,16.3613,15159
2015-01-09,16.3613,16.6276,16.2048,16.5026,25095
2015-01-12,16.5026,16.6828,16.4306,16.5846,14759
2015-01-13,16.5846,17.2017,16.5659,17.055,25341
2015-01-14,17.055,17.0867,16.5502,16.8484,35715
2015-01-15,16.8484,17.2311,16.6993,16.9555,52696
2015-01-16,16.9555,17.8434,16.8918,17.7977,55627
2015-01-19,17.7977,18.0134,17.6149,17.7013,21533
2015-01-20,17.7013,18.0272,17.6281,18.0014,24002
2015-01-21,18.0014,18.49,17.903,18.1292,47236
2015-01-22,18.1292,18.4771,17.904,18.3316,48496
2015-01-23,18.3316,18.4015,18.1073,18.2918,30093
2015-01-26,18.2918,18.4799,17.8571,17.9174,26406
2015-01-27,17.9174,18.2126,17.4933,18.0669,23353
2015-01-28,18.0669,18.162,17.9341,17.9951,20173
2015-01-29,17.9951,18.0437,16.7445,16.9533,43126
2015-01-30,16.9533,17.3236,16.8196,17.2431,28249
2015-02-02,17.2431,17.3412,17.001,17.2116,20798
2015-02-03,17.2116,17.751,17.0781,17.301,28049
2015-02-04,17.301,17.6652,17.1767,17.3761,27119
2015-02-05,17.3761,17.4974,16.931,17.269,19804
2015-02-06,17.269,17.3831,16.5609,16.7299,32553
2015-02-09,16.7299,17.1697,16.7049,17,13592
2015-02-10,17,17.1145,16.7388,16.9254,12694
2015-02-11,16.9254,17.1017,16.7357,16.8091,11172
2015-02-12,16.8091,17.067,16.6327,16.8514,14226
2015-02-13,16.8514,17.4525,16.848,17.3548,12982
2015-02-16,17.3548,17.4231,17.2761,17.3108,5185
2015-02-17,17.3108,17.3438,16.3007,16.5256,21787
2015-02-18,16.5256,16.6141,16.2657,16.502,17069
2015-02-19,16.502,16.8022,16.3604,16.3898,16926
2015-02-20,16.3898,16.5861,16.1971,16.2416,14419
2015-02-23,16.2416,16.6208,16.1023,16.3344,15832
2015-02-24,16.3344,16.499,16.0897,16.2934,17497
2015-02-25,16.2934,16.7434,16.2763,16.57,11214
2015-02-26,16.57,16.9019,16.5234,16.5599,9118
2015-02-27,16.5599,16.7048,16.4247,16.5991,10209
2015-03-02,16.5991,16.7952,16.3575,16.3983,8954
2015-03-03,16.3983,16.5929,16.0841,16.281,13533
2015-03-04,16.281,16.3818,16.0828,16.2474,8743
2015-03-05,16.2474,16.3789,16.1604,16.2131,6936
2015-03-06,16.2131,16.2605,15.7772,15.9047,15140
2015-03-09,15.9047,15.9878,15.7393,15.7759,7468
2015-03-10,15.7759,15.8549,15.6204,15.6763,9327
2015-03-11,15.6763,15.7734,15.2941,15.5026,10103
2015-03-12,15.5026,15.7185,15.416,15.595,8741
2015-03-13,15.595,15.6884,15.4837,15.6545,6805
2015-03-16,15.6545,15.7836,15.5174,15.6553,6481
2015-03-17,15.6553,15.7533,15.3975,15.571,10157
2015-03-18,15.571,16.1213,15.4671,15.9426,19300
2015-03-19,15.9426,16.2109,15.8308,16.1314,14622
2015-03-20,16.1314,16.9105,16.1022,16.7491,12092
2015-03-23,16.7491,17.1089,16.6306,16.9867,11844
2015-03-24,16.9867,17.057,16.8219,16.9682,8456
2015-03-25,16.9682,17.1522,16.8569,16.9716,8270
2015-03-26,16.9716,17.4169,16.9301,17.1157,12189
2015-03-27,17.1157,17.2095,16.8637,16.9533,11669
2015-03-30,16.9533,17.0045,16.6443,16.7291,6392
2015-03-31,16.7291,16.8459,16.4521,16.661,8539
2015-04-01,16.661,17.0947,16.5278,16.9616,8975
2015-04-02,16.9616,17.0199,16.5995,16.771,10171
2015-04-03,16.771,16.7886,16.7586,16.7733,12
2015-04-06,16.7733,17.325,16.7733,16.9949,10825
2015-04-07,16.9949,17.0026,16.7422,16.8555,6441
2015-04-08,16.8555,16.9211,16.3962,16.5234,11107
2015-04-09,16.5234,16.5485,16.1391,16.1871,9015
2015-04-10,16.1871,16.6866,16.1791,16.4703,10465
2015-04-13,16.4703,16.5462,16.2584,16.2803,7679
2015-04-14,16.2803,16.3812,16.0014,16.173,10471
2015-04-15,16.173,16.4143,16.0833,16.348,7563
2015-04-16,16.348,16.5179,16.1434,16.2931,8457
2015-04-17,16.2931,16.5311,16.2303,16.2753,7885
2015-04-20,16.2753,16.3882,15.872,15.9728,8621
2015-04-21,15.9728,16.2083,15.9127,16.0223,5438
2015-04-22,16.0223,16.119,15.7025,15.8014,7697
2015-04-23,15.8014,15.9669,15.7594,15.8859,6018
2015-04-24,15.8859,15.932,15.6042,15.7352,8953
2015-04-27,15.7352,16.4941,15.733,16.4041,10386
2015-04-28,16.4041,16.6993,16.3207,16.6396,10947
2015-04-29,16.6396,16.7265,16.4282,16.5616,12745
2015-04-30,16.5616,16.7366,15.8196,16.1534,13934
2015-05-01,16.1534,16.2795,15.9173,16.1589,10084
2015-05-04,16.1589,16.7754,16.1518,16.4134,11448
2015-05-05,16.4134,16.7173,16.3527,16.5516,7271
2015-05-06,16.5516,16.6631,16.3957,16.5151,9276
2015-05-07,16.5151,16.5659,16.1816,16.3303,7475
2015-05-08,16.3303,16.5654,16.2742,16.4665,15130
2015-05-11,16.4665,16.5638,16.2201,16.3075,5707
2015-05-12,16.3075,16.6065,16.1535,16.5428,6942
2015-05-13,16.5428,17.232,16.4993,17.126,12546
2015-05-14,17.126,17.5877,17.0746,17.4621,11284
2015-05-15,17.4621,17.581,17.2121,17.4985,8600
2015-05-18,17.4985,17.7788,17.4792,17.7262,6961
2015-05-19,17.7262,17.7414,16.8821,17.1146,11927
2015-05-20,17.1146,17.2939,16.9522,17.1244,9412
2015-05-21,17.1244,17.2586,17.0153,17.1611,7788
2015-05-22,17.1611,17.3418,16.9516,17.1127,7889
2015-05-25,17.1127,17.192,17.0145,17.1291,3327
2015-05-26,17.1291,17.1466,16.6559,16.7523,10737
2015-05-27,16.7523,16.8268,16.6022,16.6982,6229
2015-05-28,16.6982,16.7925,16.5552,16.7014,7029
2015-05-29,16.7014,16.8467,16.6644,16.7466,6592
2015-06-01,16.7466,17.1881,16.6135,16.7623,12398
2015-06-02,16.7623,16.8696,16.641,16.8001,8046
2015-06-03,16.8001,16.8271,16.4118,16.5394,8299
2015-06-04,16.5394,16.5413,16.1316,16.1483,10156
2015-06-05,16.1483,16.214,15.9884,16.117,11499
2015-06-08,16.117,16.1638,15.942,15.9898,6501
2015-06-09,15.9898,16.195,15.9585,15.9774,5930
2015-06-10,15.9774,16.2481,15.9616,16.0358,7111
2015-06-11,16.0358,16.0877,15.8316,16.0456,7892
2015-06-12,16.0456,16.0638,15.8472,15.9771,4399
2015-06-15,15.9771,16.2844,15.8694,16.0903,6871
2015-06-16,16.0903,16.1582,15.9031,16.0343,3461
2015-06-17,16.0343,16.2861,15.9354,16.137,9651
2015-06-18,16.137,16.4711,16.0747,16.1771,8037
2015-06-19,16.1771,16.237,15.9135,16.1141,4284
2015-06-22,16.1141,16.2803,16.0356,16.2229,5008
2015-06-23,16.2229,16.2352,15.7575,15.8679,6206
2015-06-24,15.8679,15.9436,15.7861,15.9043,5221
2015-06-25,15.9043,15.9747,15.7907,15.8633,3552
2015-06-26,15.8633,15.9231,15.5324,15.8043,5611
2015-06-29,15.8043,16.0733,15.6968,15.7731,7695
2015-06-30,15.7731,15.8954,15.4907,15.7321,10434
2015-07-01,15.7321,15.7447,15.5544,15.5854,4871
2015-07-02,15.5854,15.8122,15.5087,15.6991,7292
2015-07-03,15.6991,15.7419,15.6168,15.7072,2619
2015-07-06,15.7072,15.8691,15.5506,15.7572,6766
2015-07-07,15.7572,15.7694,14.6865,15.0788,16114
2015-07-08,15.0788,15.285,14.7804,15.1468,13575
2015-07-09,15.1468,15.5843,15.0391,15.4174,10264
2015-07-10,15.4174,15.6783,15.3912,15.584,6078
2015-07-13,15.584,15.9421,15.3197,15.5134,7931
2015-07-14,15.5134,15.5364,15.2859,15.3781,5539
2015-07-15,15.3781,15.4015,15.0133,15.1019,5746
2015-07-16,15.1019,15.1898,14.9045,15.0177,5719
2015-07-17,15.0177,15.058,14.8566,14.8885,4314
2015-07-20,14.8885,15.0299,14.5463,14.7048,16706
2015-07-21,14.7048,14.9756,14.6649,14.8382,6709
2015-07-22,14.8382,14.9142,14.6433,14.8078,6072
2015-07-23,14.8078,15.0043,14.5951,14.6718,5333
2015-07-24,14.6718,14.7431,14.3792,14.6843,10565
2015-07-27,14.6843,14.7878,14.5484,14.5648,6645
2015-07-28,14.5648,14.7265,14.5591,14.6918,4332
2015-07-29,14.6918,14.9275,14.6239,14.8188,7560
2015-07-30,14.8188,14.8633,14.6254,14.7529,6000
2015-07-31,14.7529,15.011,14.5567,14.7843,6843
2015-08-03,14.7843,14.8101,14.4399,14.523,5246
2015-08-04,14.523,14.6767,14.3897,14.6108,4992
2015-08-05,14.6108,14.7173,14.5082,14.5964,5174
2015-08-06,14.5964,14.7794,14.5406,14.6697,3386
2015-08-07,14.6697,15.0371,14.6125,14.8248,8315
2015-08-10,14.8248,15.4086,14.7521,15.2512,7364
2015-08-11,15.2512,15.423,15.1055,15.3691,10575
2015-08-12,15.3691,15.6052,15.1702,15.5418,8646
2015-08-13,15.5418,15.5929,15.3009,15.4425,7154
2015-08-14,15.4425,15.625,15.183,15.2557,5878
2015-08-17,15.2557,15.4179,15.2235,15.3393,4339
2015-08-18,15.3393,15.3678,14.7349,14.8855,7530
2015-08-19,14.8855,15.3605,14.8452,15.324,7493
2015-08-20,15.324,15.5938,15.2938,15.5636,7238
2015-08-21,15.5636,15.6804,15.1409,15.3269,9525
2015-08-24,15.3269,15.4209,14.6017,14.7696,33166
2015-08-25,14.7696,14.9766,14.5749,14.6939,21616
2015-08-26,14.6939,14.7643,13.9837,14.132,19801
2015-08-27,14.132,14.6187,14.1169,14.4913,10202
2015-08-28,14.4913,14.698,14.3876,14.6019,10098
2015-08-31,14.6019,14.6985,14.4207,14.6335,5815
2015-09-01,14.6335,14.7915,14.5262,14.6149,7468
2015-09-02,14.6149,14.8415,14.4518,14.6757,7310
2015-09-03,14.6757,14.975,14.5773,14.7134,7006
2015-09-04,14.7134,14.8357,14.5052,14.583,8199
2015-09-07,14.583,14.6909,14.4862,14.516,3116
2015-09-08,14.516,14.909,14.469,14.7919,6000
2015-09-09,14.7919,14.9539,14.5891,14.6228,6510
2015-09-10,14.6228,14.8799,14.5691,14.686,5874
2015-09-11,14.686,14.7772,14.2939,14.6184,7187
2015-09-14,14.6184,14.6319,14.3625,14.4411,5184
2015-09-15,14.4411,14.4566,14.2878,14.425,3787
2015-09-16,14.425,14.977,14.3559,14.9143,7588
2015-09-17,14.9143,15.2874,14.7967,15.1501,12938
2015-09-18,15.1501,15.4467,15.0411,15.1751,8320
2015-09-21,15.1751,15.2668,15.1038,15.2057,4021
2015-09-22,15.2057,15.2457,14.7229,14.7802,5148
2015-09-23,14.7802,14.9436,14.7232,14.7902,4311
2015-09-24,14.7902,15.208,14.7794,15.1454,6049
2015-09-25,15.1454,15.2087,14.971,15.113,5619
2015-09-28,15.113,15.1359,14.5049,14.5963,6725
2015-09-29,14.5963,14.7354,14.4985,14.6452,4960
2015-09-30,14.6452,14.759,14.4788,14.5178,6119
2015-10-01,14.5178,14.7115,14.4777,14.5341,3683
2015-10-02,14.5341,15.3158,14.401,15.2583,10610
2015-10-05,15.2583,15.7335,15.121,15.6476,8093
2015-10-06,15.6476,16.096,15.5883,15.8908,7009
2015-10-07,15.8908,16.1247,15.8409,16.0593,5610
2015-10-08,16.0593,16.0882,15.3948,15.6988,9088
2015-10-09,15.6988,16.0244,15.6104,15.849,6274
2015-10-12,15.849,16.0856,15.7893,15.837,5150
2015-10-13,15.837,15.9952,15.6363,15.9173,5778
2015-10-14,15.9173,16.2028,15.8054,16.1327,7257
2015-10-15,16.1327,16.2015,15.9175,16.1299,6257
2015-10-16,16.1299,16.1689,15.9484,16.0476,4774
2015-10-19,16.0476,16.0524,15.7498,15.8445,5196
2015-10-20,15.8445,15.981,15.7487,15.905,5198
2015-10-21,15.905,15.9551,15.6369,15.7034,4844
2015-10-22,15.7034,15.9214,15.6594,15.8363,4967
2015-10-23,15.8363,16.1057,15.7186,15.8296,6648
2015-10-26,15.8296,15.9884,15.7781,15.8535,4371
2015-10-27,15.8535,15.9556,15.7857,15.8864,3398
2015-10-28,15.8864,16.362,15.7322,15.9413,11625
2015-10-29,15.9413,16.0126,15.5535,15.5916,7949
2015-10-30,15.5916,15.6756,15.4954,15.5561,5299
2015-11-02,15.5561,15.5666,15.2709,15.4208,4243
2015-11-03,15.4208,15.4747,15.2226,15.2852,3116
2015-11-04,15.2852,15.3501,15.0604,15.0899,4485
2015-11-05,15.0899,15.1219,14.9431,14.9795,3765
2015-11-06,14.9795,15.082,14.7292,14.7819,8574
2015-11-09,14.7819,14.8031,14.4483,14.5705,3888
2015-11-10,14.5705,14.597,14.3175,14.4369,4487
2015-11-11,14.4369,14.5395,14.2731,14.3331,3386
2015-11-12,14.3331,14.5038,14.2009,14.3087,5801
2015-11-13,14.3087,14.3926,14.1867,14.2628,5186
2015-11-16,14.2628,14.4619,14.2195,14.2447,4943
2015-11-17,14.2447,14.2988,14.1257,14.1896,5258
2015-11-18,14.1896,14.2621,14.0419,14.1855,5864
2015-11-19,14.1855,14.4181,14.1418,14.2624,4971
2015-11-20,14.2624,14.4172,14.0939,14.1838,4541
2015-11-23,14.1838,14.2098,13.9184,14.1425,5348
2015-11-24,14.1425,14.3113,14.0683,14.1976,4180
2015-11-25,14.1976,14.2811,14.0445,14.1958,3759
2015-11-26,14.1958,14.3925,14.14,14.2872,2785
2015-11-27,14.2872,14.3117,13.9617,14.0955,4417
2015-11-30,14.0955,14.2028,14.0105,14.0846,3353
2015-12-01,14.0846,14.2548,14.0617,14.2002,3768
2015-12-02,14.2002,14.2373,13.9336,14.0079,4150
2015-12-03,14.0079,14.1703,13.8326,14.1147,9018
2015-12-04,14.1147,14.6245,14.0518,14.5489,9182
2015-12-07,14.5489,14.6465,14.2268,14.2506,5262
2015-12-08,14.2506,14.3325,14.0914,14.1659,5352
2015-12-09,14.1659,14.3567,14.1307,14.1672,5420
2015-12-10,14.1672,14.2505,14.1138,14.123,2705
2015-12-11,14.123,14.1605,13.7774,13.9198,7090
2015-12-14,13.9198,13.9926,13.6495,13.6904,4600
2015-12-15,13.6904,13.833,13.6735,13.7785,4407
2015-12-16,13.7785,14.3213,13.7785,14.1763,10584
2015-12-17,14.1763,14.2348,13.6874,13.7173,5460
2015-12-18,13.7173,14.2161,13.7151,14.1031,5652
2015-12-21,14.1031,14.335,14.0587,14.264,6861
2015-12-22,14.264,14.4021,14.2264,14.2589,5631
2015-12-23,14.2589,14.3554,14.2166,14.3096,3506
2015-12-24,14.3096,14.403,14.2724,14.3874,3190
2015-12-28,14.3874,14.4257,13.8742,13.9436,5302
2015-12-29,13.9436,14.0773,13.9286,13.9535,3403
2015-12-30,13.9535,14.0052,13.783,13.9027,3360
2015-12-31,13.9027,13.981,13.7963,13.8369,2647
2016-01-01,13.8369,13.8505,13.8369,13.8467,6
2016-01-04,13.8467,14.2012,13.8259,13.875,5375
2016-01-05,13.875,14.0823,13.869,13.9829,3999
2016-01-06,13.9829,14.1515,13.8832,14.0074,4855
2016-01-07,14.0074,14.387,13.936,14.3064,8858
2016-01-08,14.3064,14.3357,13.8853,13.9401,7916
2016-01-11,13.9401,14.0877,13.8447,13.8627,5485
2016-01-12,13.8627,13.9283,13.7498,13.7868,4899
2016-01-13,13.7868,14.2034,13.766,14.1566,4965
2016-01-14,14.1566,14.1837,13.756,13.8417,4480
2016-01-15,13.8417,14.1376,13.7857,13.9228,5092
2016-01-18,13.9228,13.9992,13.8436,13.943,2021
2016-01-19,13.943,14.187,13.8872,14.023,4377
2016-01-20,14.023,14.214,14.0044,14.1521,4630
2016-01-21,14.1521,14.2009,13.8886,14.0881,4219
2016-01-22,14.0881,14.3481,14.0197,14.0197,3800
2016-01-25,14.0197,14.3075,14.0197,14.2395,3394
2016-01-26,14.2395,14.56,14.2158,14.5072,4695
2016-01-27,14.5072,14.5741,14.3519,14.4786,5559
2016-01-28,14.4786,14.531,14.0564,14.2432,5139
2016-01-29,14.2432,14.3119,14.1645,14.2704,4372
2016-02-01,14.2704,14.4183,14.203,14.3439,2708
2016-02-02,14.3439,14.4022,14.2306,14.306,2779
2016-02-03,14.306,14.8077,14.2699,14.6761,6595
2016-02-04,14.6761,14.9188,14.6385,14.8732,7031
2016-02-05,14.8732,15.0536,14.6572,15.01,9735
2016-02-08,15.01,15.4611,14.8911,15.3155,8789
2016-02-09,15.3155,15.4489,15.1936,15.2391,7668
2016-02-10,15.2391,15.3039,15.0877,15.2702,8251
2016-02-11,15.2702,15.955,15.2657,15.7559,20425
2016-02-12,15.7559,15.8082,15.6192,15.7485,8132
2016-02-15,15.7485,15.7485,15.2047,15.3346,7441
2016-02-16,15.3346,15.433,15.1373,15.2233,7368
2016-02-17,15.2233,15.3871,15.1631,15.2927,8159
2016-02-18,15.2927,15.5519,15.2023,15.392,5434
2016-02-19,15.392,15.4787,15.2786,15.3459,6810
2016-02-22,15.3459,15.3554,14.933,15.1823,6544
2016-02-23,15.1823,15.3144,15.164,15.3049,6512
2016-02-24,15.3049,15.5825,15.1805,15.2322,7719
2016-02-25,15.2322,15.3219,15.0324,15.1527,7857
2016-02-26,15.1527,15.2264,14.6794,14.6996,7098
2016-02-29,14.6996,14.9219,14.6091,14.9147,6602
2016-03-01,14.9147,15.0804,14.7254,14.8242,6392
2016-03-02,14.8242,15.0225,14.7566,14.9536,5880
2016-03-03,14.9536,15.318,14.8508,15.2249,6309
2016-03-04,15.2249,15.8006,15.1298,15.5165,18448
2016-03-07,15.5165,15.8018,15.4601,15.6443,8583
2016-03-08,15.6443,15.7338,15.3307,15.3437,8517
2016-03-09,15.3437,15.4408,15.1896,15.2997,6765
2016-03-10,15.2997,15.6463,15.1511,15.6034,12668
2016-03-11,15.6034,15.7379,15.4587,15.4892,9505
2016-03-14,15.4892,15.8237,15.2893,15.3574,7536
2016-03-15,15.3574,15.398,15.1887,15.2829,6510
2016-03-16,15.2829,15.6581,15.1947,15.6159,8834
2016-03-17,15.6159,16.0455,15.5446,15.9109,11090
2016-03-18,15.9109,16.1406,15.7358,15.8039,6447
2016-03-21,15.8039,15.8984,15.7014,15.84,5939
2016-03-22,15.84,16.0135,15.7683,15.8794,5605
2016-03-23,15.8794,15.913,15.2335,15.2523,9351
2016-03-24,15.2523,15.3363,15.1248,15.2001,5157
2016-03-28,15.2001,15.3725,15.1414,15.2448,3965
2016-03-29,15.2448,15.3727,15.0588,15.3608,6839
2016-03-30,15.3608,15.4504,15.1733,15.2178,5042
2016-03-31,15.2178,15.5379,15.1991,15.4391,5616
2016-04-01,15.4391,15.4718,14.7904,15.0552,10658
2016-04-04,15.0552,15.1055,14.8968,14.9138,4019
2016-04-05,14.9138,15.2155,14.9138,15.1449,5461
2016-04-06,15.1449,15.1989,14.9256,15.0677,5560
2016-04-07,15.0677,15.3648,15.0656,15.2273,5810
2016-04-08,15.2273,15.3865,15.1272,15.3728,4724
2016-04-11,15.3728,15.9768,15.3656,15.921,7107
2016-04-12,15.921,16.2162,15.7922,16.1946,7924
2016-04-13,16.1946,16.3224,15.9946,16.2154,7287
2016-04-14,16.2154,16.2543,15.9039,16.1618,8298
2016-04-15,16.1618,16.3742,16.0941,16.235,5660
2016-04-18,16.235,16.3291,16.114,16.2352,6563
2016-04-19,16.2352,17.0827,16.167,16.934,11362
2016-04-20,16.934,17.2354,16.8404,16.968,11364
2016-04-21,16.968,17.7009,16.7465,17.0022,22516
2016-04-22,17.0022,17.3484,16.8466,16.9682,14795
2016-04-25,16.9682,17.1281,16.8054,16.9953,10125
2016-04-26,16.9953,17.169,16.8308,17.1586,7869
2016-04-27,17.1586,17.4273,17.0649,17.233,14181
2016-04-28,17.233,17.6446,17.1485,17.5676,9521
2016-04-29,17.5676,17.9613,17.5652,17.8399,12680
2016-05-02,17.8399,18.0149,17.4914,17.5428,11267
2016-05-03,17.5428,17.7246,17.3295,17.4312,11819
2016-05-04,17.4312,17.4754,17.1819,17.3872,9683
2016-05-05,17.3872,17.6443,17.2447,17.3458,11142
2016-05-06,17.3458,17.5976,17.2277,17.4763,12388
2016-05-09,17.4763,17.4763,16.9324,17.0226,8821
2016-05-10,17.0226,17.1626,16.8943,17.118,7203
2016-05-11,17.118,17.5802,17.0944,17.4109,8085
2016-05-12,17.4109,17.4534,16.9803,16.9854,8854
2016-05-13,16.9854,17.177,16.8347,17.1183,8964
2016-05-16,17.1183,17.3925,17.0611,17.1364,7907
2016-05-17,17.1364,17.3474,17.0311,17.2456,7411
2016-05-18,17.2456,17.2898,16.7157,16.9125,11491
2016-05-19,16.9125,16.9272,16.3352,16.4876,10805
2016-05-20,16.4876,16.6532,16.4179,16.5325,6343
2016-05-23,16.5325,16.5652,16.3119,16.3794,6332
2016-05-24,16.3794,16.4432,16.1981,16.2175,6116
2016-05-25,16.2175,16.3624,16.169,16.3141,5040
2016-05-26,16.3141,16.5629,16.2342,16.3294,7052
2016-05-27,16.3294,16.3704,16.1294,16.2279,6435
2016-05-30,16.2279,16.2321,15.9051,15.9951,5357
2016-05-31,15.9951,16.1623,15.9557,15.9938,6323
2016-06-01,15.9938,16.0869,15.8222,15.9526,5481
2016-06-02,15.9526,16.0511,15.9182,15.9931,5037
2016-06-03,15.9931,16.4564,15.9606,16.4203,11263
2016-06-06,16.4203,16.5359,16.3548,16.4775,5838
2016-06-07,16.4775,16.4831,16.2419,16.3923,4729
2016-06-08,16.3923,17.1006,16.3873,17.0394,7180
2016-06-09,17.0394,17.3353,16.9424,17.2861,7178
2016-06-10,17.2861,17.3739,17.16,17.3338,6018
2016-06-13,17.3338,17.4562,17.1067,17.451,9245
2016-06-14,17.451,17.4888,17.2257,17.3934,5907
2016-06-15,17.3934,17.6158,17.3461,17.5225,10381
2016-06-16,17.5225,17.8662,17.1626,17.1759,13569
2016-06-17,17.1759,17.5191,17.1759,17.5036,7660
2016-06-20,17.5036,17.6448,17.2841,17.5005,8369
2016-06-21,17.5005,17.5878,17.1836,17.2882,8346
2016-06-22,17.2882,17.3448,17.1111,17.2614,5956
2016-06-23,17.2614,17.4871,17.2089,17.2974,8223
2016-06-24,17.2974,18.3248,17.1153,17.7392,50830
2016-06-27,17.7392,17.9196,17.6348,17.7423,14091
2016-06-28,17.7423,17.8465,17.5326,17.7791,7792
2016-06-29,17.7791,18.4866,17.7692,18.2992,10415
2016-06-30,18.2992,18.8131,18.1958,18.7144,9985
2016-07-01,18.7144,19.8991,18.7144,19.7818,17329
2016-07-04,19.7818,21.1453,19.6764,20.3278,63394
2016-07-05,20.3278,20.468,19.535,19.9388,42530
2016-07-06,19.9388,20.5155,19.8612,20.0969,31173
2016-07-07,20.0969,20.2744,19.4636,19.6881,19708
2016-07-08,19.6881,20.3253,19.2257,20.2676,38465
2016-07-11,20.2676,20.6841,20.1082,20.2764,23863
2016-07-12,20.2764,20.5298,19.9637,20.1687,17465
2016-07-13,20.1687,20.4841,19.9005,20.3539,16117
2016-07-14,20.3539,20.5542,20.0105,20.3145,18739
2016-07-15,20.3145,20.3427,20.0023,20.2321,13311
2016-07-18,20.2321,20.2377,19.7185,20.0477,18821
2016-07-19,20.0477,20.072,19.8131,19.917,9914
2016-07-20,19.917,19.9909,19.3366,19.4054,11236
2016-07-21,19.4054,19.8821,19.2201,19.7909,13175
2016-07-22,19.7909,19.95,19.5694,19.6337,9444
2016-07-25,19.6337,19.7133,19.3108,19.5707,8500
2016-07-26,19.5707,19.7463,19.4394,19.6483,7269
2016-07-27,19.6483,20.4113,19.5253,20.3652,13673
2016-07-28,20.3652,20.5209,20.1075,20.1674,10774
2016-07-29,20.1674,20.409,19.9656,20.3369,17765
2016-08-01,20.3369,20.6487,20.3002,20.4429,10357
2016-08-02,20.4429,20.7844,20.3403,20.6235,8473
2016-08-03,20.6235,20.7288,20.3766,20.4122,7541
2016-08-04,20.4122,20.5194,20.052,20.3546,10915
2016-08-05,20.3546,20.4382,19.6978,19.7115,12793
2016-08-08,19.7115,19.8691,19.5047,19.7359,8058
2016-08-09,19.7359,19.8837,19.5936,19.8603,4766
2016-08-10,19.8603,20.4922,19.8603,20.1472,8261
2016-08-11,20.1472,20.3236,19.8922,19.9708,11224
2016-08-12,19.9708,20.2277,19.6596,19.7185,13764
2016-08-15,19.7185,20.0477,19.7044,19.8184,8116
2016-08-16,19.8184,20.1121,19.7155,19.7986,11053
2016-08-17,19.7986,19.8966,19.3763,19.6989,12914
2016-08-18,19.6989,19.9397,19.6275,19.7485,8779
2016-08-19,19.7485,19.7882,19.2349,19.3245,10491
2016-08-22,19.3245,19.3245,18.7326,18.9223,12756
2016-08-23,18.9223,19.1239,18.8497,18.8512,6847
2016-08-24,18.8512,18.9999,18.5397,18.5471,7795
2016-08-25,18.5471,18.6674,18.486,18.546,7192
2016-08-26,18.546,19.0827,18.5202,18.6569,18802
2016-08-29,18.6569,18.8981,18.396,18.8757,9093
2016-08-30,18.8757,18.9684,18.5846,18.5996,7323
2016-08-31,18.5996,18.8697,18.5471,18.6603,7831
2016-09-01,18.6603,18.9348,18.5954,18.8947,7077
2016-09-02,18.8947,19.4596,18.7548,19.4478,20191
2016-09-05,19.4478,19.5576,19.3037,19.5208,5130
2016-09-06,19.5208,20.1355,19.4741,20.0586,8466
2016-09-07,20.0586,20.1372,19.7312,19.8068,7321
2016-09-08,19.8068,19.9411,19.5554,19.6225,8841
2016-09-09,19.6225,19.6598,19.0219,19.0546,8588
2016-09-12,19.0546,19.1836,18.7186,19.1009,16027
2016-09-13,19.1009,19.2922,18.7958,18.8644,10432
2016-09-14,18.8644,19.1246,18.7964,18.9577,8993
2016-09-15,18.9577,19.217,18.8235,18.9811,10260
2016-09-16,18.9811,19.0299,18.6623,18.7851,7611
2016-09-19,18.7851,19.3128,18.7843,19.1755,6506
2016-09-20,19.1755,19.2971,19.0861,19.2461,3996
2016-09-21,19.2461,19.8715,19.0334,19.8369,19952
2016-09-22,19.8369,20.0704,19.7043,19.8778,9421
2016-09-23,19.8778,19.9427,19.5898,19.6927,7079
2016-09-26,19.6927,19.7484,19.3621,19.4398,6861
2016-09-27,19.4398,19.5424,18.9841,19.1511,6812
2016-09-28,19.1511,19.2118,18.9224,19.1896,6778
2016-09-29,19.1896,19.3915,18.9924,19.113,6893
2016-09-30,19.113,19.7011,19.0673,19.1811,10013
2016-10-03,19.1811,19.3186,18.7126,18.8207,7800
2016-10-04,18.8207,18.9016,17.723,17.8145,15369
2016-10-05,17.8145,18.0139,17.555,17.7365,11017
2016-10-06,17.7365,17.8457,17.1115,17.3193,7783
2016-10-07,17.3193,17.6572,17.0971,17.5545,22536
2016-10-10,17.5545,17.8105,17.5545,17.6427,8905
2016-10-11,17.6427,17.8306,17.4454,17.4551,7819
2016-10-12,17.4551,17.6157,17.3624,17.4846,7341
2016-10-13,17.4846,17.6808,17.4194,17.4913,6319
2016-10-14,17.4913,17.5869,17.3011,17.4191,8391
2016-10-17,17.4191,17.5052,17.3499,17.4761,4945
2016-10-18,17.4761,17.7178,17.451,17.6237,5879
2016-10-19,17.6237,17.7812,17.5657,17.681,4848
2016-10-20,17.681,17.7436,17.4522,17.544,6581
2016-10-21,17.544,17.561,17.3977,17.5421,3821
2016-10-24,17.5421,17.8907,17.4679,17.5973,5368
2016-10-25,17.5973,17.8241,17.515,17.7604,5265
2016-10-26,17.7604,17.8698,17.5749,17.627,6057
2016-10-27,17.627,17.7286,17.5549,17.6245,5305
2016-10-28,17.6245,17.9187,17.5542,17.7608,8330
2016-10-31,17.7608,17.9207,17.75,17.8981,6387
2016-11-01,17.8981,18.4993,17.852,18.36,8936
2016-11-02,18.36,18.744,18.3565,18.4773,10388
2016-11-03,18.4773,18.6483,18.0064,18.3549,9021
2016-11-04,18.3549,18.48,18.1909,18.4312,9105
2016-11-07,18.4312,18.4312,18.012,18.1982,9715
2016-11-08,18.1982,18.7375,18.1807,18.3758,10586
2016-11-09,18.3758,19.0058,18.2823,18.4657,76907
2016-11-10,18.4657,18.9882,18.3995,18.6163,25890
2016-11-11,18.6163,18.8462,17.1974,17.3855,49299
2016-11-14,17.3855,17.5127,16.6402,16.9256,48226
2016-11-15,16.9256,17.1453,16.8297,17.0802,16816
2016-11-16,17.0802,17.2446,16.868,16.9725,11800
2016-11-17,16.9725,17.0954,16.591,16.6658,11113
2016-11-18,16.6658,16.7659,16.4463,16.5738,15401
2016-11-21,16.5738,16.7676,16.5264,16.5985,8585
2016-11-22,16.5985,16.8954,16.5404,16.6444,11623
2016-11-23,16.6444,16.7453,16.1771,16.363,14317
2016-11-24,16.363,16.4128,16.2316,16.3274,8545
2016-11-25,16.3274,16.5896,16.1743,16.5348,13802
2016-11-28,16.5348,16.8663,16.4789,16.615,12630
2016-11-29,16.615,16.7262,16.423,16.6231,9725
2016-11-30,16.6231,16.7768,16.42,16.5111,12129
2016-12-01,16.5111,16.6825,16.2619,16.5204,15449
2016-12-02,16.5204,16.8073,16.3284,16.7432,12290
2016-12-05,16.7432,16.9898,16.4921,16.7507,14152
2016-12-06,16.7507,16.8938,16.6906,16.7154,8324
2016-12-07,16.7154,17.2341,16.6617,17.1274,7575
2016-12-08,17.1274,17.2231,16.967,17.0134,9901
2016-12-09,17.0134,17.1246,16.7951,16.8736,7731
2016-12-12,16.8736,17.2027,16.6759,17.0806,10320
2016-12-13,17.0806,17.1634,16.7717,16.9055,8083
2016-12-14,16.9055,17.2203,16.7482,16.8436,16205
2016-12-15,16.8436,16.9535,15.8819,15.9665,19143
2016-12-16,15.9665,16.2854,15.9369,16.0944,10523
2016-12-19,16.0944,16.216,15.9094,15.9646,7649
2016-12-20,15.9646,16.0979,15.6344,16.0918,9138
2016-12-21,16.0918,16.1825,15.8986,15.9267,6984
2016-12-22,15.9267,16.0374,15.7684,15.8024,7286
2016-12-23,15.8024,15.8634,15.6941,15.7512,5539
2016-12-27,15.7512,16.0579,15.7146,15.9712,6441
2016-12-28,15.9712,16.0874,15.8176,16.0144,6210
2016-12-29,16.0144,16.2599,15.9913,16.1599,7946
2016-12-30,16.1599,16.2872,15.8458,15.9431,12118
2017-01-03,15.9431,16.4986,15.9076,16.2966,13454
2017-01-04,16.2966,16.527,16.2609,16.426,10310
2017-01-05,16.426,16.7206,16.4241,16.5837,13705
2017-01-06,16.5837,16.6731,16.2481,16.4859,14253
2017-01-09,16.4859,16.7003,16.424,16.5573,8571
2017-01-10,16.5573,16.915,16.5345,16.7954,9709
2017-01-11,16.7954,16.8748,16.5351,16.7341,14033
2017-01-12,16.7341,16.9913,16.7312,16.7785,11333
2017-01-13,16.7785,16.8432,16.5958,16.8201,9896
2017-01-16,16.8201,16.9333,16.7864,16.8049,5214
2017-01-17,16.8049,17.2165,16.8035,17.1947,11998
2017-01-18,17.1947,17.3347,17.0382,17.0576,8305
2017-01-19,17.0576,17.1145,16.7386,17.0092,11886
2017-01-20,17.0092,17.1808,16.828,17.0937,10949
2017-01-23,17.0937,17.2594,17.0597,17.2255,9367
2017-01-24,17.2255,17.2885,17.0277,17.104,6323
2017-01-25,17.104,17.1171,16.7785,16.9892,8783
2017-01-26,16.9892,17.0423,16.6864,16.801,7962
2017-01-27,16.801,17.2569,16.6369,17.1397,9036
2017-01-30,17.1397,17.281,17.0647,17.1206,8399
2017-01-31,17.1206,17.6172,17.0983,17.5662,10319
2017-02-01,17.5662,17.6436,17.3634,17.5445,10902
2017-02-02,17.5445,17.7369,17.4205,17.4823,7133
2017-02-03,17.4823,17.5443,17.2682,17.5155,8167
2017-02-06,17.5155,17.755,17.4637,17.7362,4972
2017-02-07,17.7362,17.7955,17.563,17.7081,4834
2017-02-08,17.7081,17.8733,17.6306,17.7846,5321
2017-02-09,17.7846,17.8491,17.6199,17.6552,4672
2017-02-10,17.6552,18.0087,17.5594,17.9543,7523
2017-02-13,17.9543,18.0081,17.7612,17.8194,5963
2017-02-14,17.8194,18.0783,17.7444,17.9584,7699
2017-02-15,17.9584,17.9932,17.7618,17.9843,6529
2017-02-16,17.9843,18.1418,17.9434,18.0981,7764
2017-02-17,18.0981,18.1004,17.9806,17.9937,5417
2017-02-20,17.9937,18.0744,17.9254,18.0621,2586
2017-02-21,18.0621,18.0888,17.8427,17.9764,4865
2017-02-22,17.9764,18.0586,17.9269,18.0326,5690
2017-02-23,18.0326,18.2253,17.9476,18.1853,5234
2017-02-24,18.1853,18.4108,18.167,18.3814,5401
2017-02-27,18.3814,18.4888,18.2307,18.268,5481
2017-02-28,18.268,18.4649,18.2458,18.3098,4953
2017-03-01,18.3098,18.4692,18.2383,18.4185,7108
2017-03-02,18.4185,18.4391,17.6865,17.7624,6525
2017-03-03,17.7624,17.9935,17.6401,17.9589,7958
2017-03-06,17.9589,17.9589,17.7094,17.7851,4137
2017-03-07,17.7851,17.7926,17.4721,17.4931,3489
2017-03-08,17.4931,17.5517,17.224,17.2359,4541
2017-03-09,17.2359,17.2935,16.9407,16.9597,4323
2017-03-10,16.9597,17.0913,16.8407,17.0329,8069
2017-03-13,17.0329,17.155,16.955,16.9781,4048
2017-03-14,16.9781,17.0569,16.8663,16.8713,4752
2017-03-15,16.8713,17.3562,16.8296,17.3426,12313
2017-03-16,17.3426,17.572,17.2459,17.3195,6874
2017-03-17,17.3195,17.4194,17.2325,17.4012,4449
2017-03-20,17.4012,17.4655,17.3562,17.432,3294
2017-03-21,17.432,17.6009,17.3268,17.5359,5374
2017-03-22,17.5359,17.5975,17.4492,17.5423,4944
2017-03-23,17.5423,17.6941,17.5131,17.5879,5488
2017-03-24,17.5879,17.7864,17.5352,17.7632,4486
2017-03-27,17.7632,18.1379,17.7632,18.1071,4554
2017-03-28,18.1071,18.2426,17.9984,18.194,4692
2017-03-29,18.194,18.2603,18.0332,18.2501,4570
2017-03-30,18.2501,18.2993,18.0599,18.1234,4856
2017-03-31,18.1234,18.2874,18.0469,18.2601,4288
2017-04-03,18.2601,18.305,18.0843,18.2696,3376
2017-04-04,18.2696,18.4195,18.2043,18.3071,3523
2017-04-05,18.3071,18.3264,18.1349,18.2986,6143
2017-04-06,18.2986,18.3527,18.1606,18.2636,3495
2017-04-07,18.2636,18.4814,17.8731,17.9986,10524
2017-04-10,17.9986,18.039,17.7448,17.9475,5410
2017-04-11,17.9475,18.345,17.9149,18.3398,6114
2017-04-12,18.3398,18.5553,18.2491,18.4903,6538
2017-04-13,18.4903,18.6094,18.4163,18.537,6676
2017-04-17,18.537,18.6793,18.3715,18.422,5062
2017-04-18,18.422,18.4439,18.0767,18.2938,8002
2017-04-19,18.2938,18.3413,18.1033,18.1539,5704
2017-04-20,18.1539,18.2406,17.876,18.0341,8254
2017-04-21,18.0341,18.0505,17.8135,17.9404,6682
2017-04-24,17.9404,17.946,17.6412,17.9368,8913
2017-04-25,17.9368,18.0139,17.5615,17.5986,5571
2017-04-26,17.5986,17.6595,17.324,17.4974,7101
2017-04-27,17.4974,17.5121,17.2459,17.2607,5872
2017-04-28,17.2607,17.4277,17.1671,17.2068,5131
2017-05-01,17.2068,17.2747,16.8036,16.8532,5856
2017-05-02,16.8532,17.0098,16.7878,16.8367,4134
2017-05-03,16.8367,16.8897,16.4098,16.4703,7754
2017-05-04,16.4703,16.6417,16.2092,16.3225,8600
2017-05-05,16.3225,16.5205,16.2247,16.3445,9551
2017-05-08,16.3445,16.4559,16.2341,16.2341,5584
2017-05-09,16.2341,16.3198,16.0619,16.1958,5635
2017-05-10,16.1958,16.3467,16.1455,16.1976,5424
2017-05-11,16.1976,16.3948,16.172,16.3413,4615
2017-05-12,16.3413,16.5032,16.313,16.4672,4266
2017-05-15,16.4672,16.8265,16.4227,16.6304,6078
2017-05-16,16.6304,16.8745,16.62,16.855,4833
2017-05-17,16.855,17.0448,16.7713,16.8985,8141
2017-05-18,16.8985,16.9656,16.4477,16.5783,10218
2017-05-19,16.5783,16.9143,16.5783,16.8744,7126
2017-05-22,16.8744,17.2145,16.848,17.1599,8096
2017-05-23,17.1599,17.3163,17.0339,17.0725,7318
2017-05-24,17.0725,17.2404,16.9053,17.233,7579
2017-05-25,17.233,17.2731,17.1375,17.1602,4837
2017-05-26,17.1602,17.3954,17.1053,17.353,6000
2017-05-29,17.353,17.4523,17.3291,17.4068,1376
2017-05-30,17.4068,17.4802,17.2159,17.4038,6194
2017-05-31,17.4038,17.4351,17.237,17.3299,6382
2017-06-01,17.3299,17.3864,17.0063,17.2973,7094
2017-06-02,17.2973,17.5865,17.131,17.5865,8575
2017-06-05,17.5865,17.6563,17.5001,17.5559,5002
2017-06-06,17.5559,17.7524,17.5248,17.7134,5198
2017-06-07,17.7134,17.7351,17.5223,17.5836,5366
2017-06-08,17.5836,17.6924,17.2972,17.449,7388
2017-06-09,17.449,17.5018,17.1748,17.2019,6473
2017-06-12,17.2019,17.2589,16.9123,16.9646,6034
2017-06-13,16.9646,16.9792,16.7312,16.8407,5255
2017-06-14,16.8407,17.3953,16.8152,16.9022,14458
2017-06-15,16.9022,17.0901,16.6634,16.747,8816
2017-06-16,16.747,16.8393,16.6546,16.6973,4840
2017-06-19,16.6973,16.7152,16.4841,16.4987,4507
2017-06-20,16.4987,16.6506,16.3996,16.4724,5047
2017-06-21,16.4724,16.5442,16.3622,16.4682,4579
2017-06-22,16.4682,16.6881,16.4409,16.5662,5342
2017-06-23,16.5662,16.8029,16.546,16.7142,4311
2017-06-26,16.7142,16.785,16.2742,16.6028,9099
2017-06-27,16.6028,16.7625,16.5351,16.6763,5501
2017-06-28,16.6763,16.878,16.6622,16.8095,5395
2017-06-29,16.8095,16.9091,16.6035,16.617,6942
2017-06-30,16.617,16.7049,16.507,16.6212,7334
2017-07-03,16.6212,16.6559,16.1076,16.1358,6989
2017-07-04,16.1358,16.2157,16.0459,16.0813,5911
2017-07-05,16.0813,16.2299,15.8883,16.0844,13645
2017-07-06,16.0844,16.1127,15.942,16.056,9072
2017-07-07,16.056,16.2171,15.3649,15.6178,16182
2017-07-10,15.6178,15.7443,15.1897,15.6721,8711
2017-07-11,15.6721,15.8636,15.4678,15.8636,6687
2017-07-12,15.8636,16.0286,15.75,15.9172,8353
2017-07-13,15.9172,15.9875,15.6983,15.7016,5815
2017-07-14,15.7016,16.0895,15.6143,16.0005,7180
2017-07-17,16.0005,16.2038,15.9741,16.1117,5375
2017-07-18,16.1117,16.337,16.0989,16.2914,5139
2017-07-19,16.2914,16.3676,16.161,16.2862,3884
2017-07-20,16.2862,16.4234,16.1445,16.3325,5551
2017-07-21,16.3325,16.5271,16.3084,16.5224,3663
2017-07-24,16.5224,16.5946,16.4299,16.4824,3883
2017-07-25,16.4824,16.6224,16.2522,16.4962,4907
2017-07-26,16.4962,16.7002,16.309,16.6547,6030
2017-07-27,16.6547,16.8218,16.5601,16.5785,5454
2017-07-28,16.5785,16.7597,16.5259,16.7597,4604
2017-07-31,16.7597,16.8819,16.6817,16.8327,3831
2017-08-01,16.8327,16.8565,16.6123,16.711,4261
2017-08-02,16.711,16.9475,16.4776,16.5834,6748
2017-08-03,16.5834,16.6988,16.4423,16.6644,4982
2017-08-04,16.6644,16.757,16.2013,16.2677,6336
2017-08-07,16.2677,16.3031,16.1332,16.2835,3835
2017-08-08,16.2835,16.481,16.2374,16.455,4831
2017-08-09,16.455,16.9639,16.455,16.9493,7412
2017-08-10,16.9493,17.2468,16.8662,17.1239,7205
2017-08-11,17.1239,17.2038,16.8983,17.1163,8038
2017-08-14,17.1163,17.2229,16.9397,17.0742,6826
2017-08-15,17.0742,17.0742,16.5853,16.6358,7035
2017-08-16,16.6358,17.1373,16.6293,17.1227,7359
2017-08-17,17.1227,17.1803,16.9804,17.0373,8562
2017-08-18,17.0373,17.3211,16.9007,16.9722,10490
2017-08-21,16.9722,17.1288,16.8488,17.0164,6051
2017-08-22,17.0164,17.1229,16.8855,16.9916,5713
2017-08-23,16.9916,17.11,16.9241,17.097,4915
2017-08-24,17.097,17.1046,16.8331,16.9768,5709
2017-08-25,16.9768,17.1892,16.7349,17.068,10173
2017-08-28,17.068,17.4831,17.0302,17.4504,5507
2017-08-29,17.4504,17.6674,17.2799,17.3846,9565
2017-08-30,17.3846,17.4851,17.3117,17.4233,6792
2017-08-31,17.4233,17.6246,17.2799,17.5705,7000
2017-09-01,17.5705,17.7531,17.4444,17.73,9266
2017-09-04,17.73,17.9464,17.73,17.8876,5164
2017-09-05,17.8876,18.0079,17.787,17.8898,8071
2017-09-06,17.8898,17.9949,17.8195,17.8767,6304
2017-09-07,17.8767,18.1506,17.8005,18.1186,7586
2017-09-08,18.1186,18.2154,17.9026,17.9707,7905
2017-09-11,17.9707,17.9707,17.7123,17.8047,6262
2017-09-12,17.8047,17.908,17.7245,17.9076,5271
2017-09-13,17.9076,18.019,17.6692,17.7721,5376
2017-09-14,17.7721,17.8037,17.6086,17.7939,7090
2017-09-15,17.7939,17.8511,17.5842,17.5897,6743
2017-09-18,17.5897,17.6281,17.0644,17.2169,5458
2017-09-19,17.2169,17.3306,17.1204,17.3183,5429
2017-09-20,17.3183,17.3978,16.9739,17.1758,7953
2017-09-21,17.1758,17.1806,16.8376,16.9657,7914
2017-09-22,16.9657,17.066,16.9125,16.9971,5754
2017-09-25,16.9971,17.1795,16.8439,17.1795,7271
2017-09-26,17.1795,17.2501,16.7898,16.8153,6979
2017-09-27,16.8153,16.9138,16.7257,16.7657,6602
2017-09-28,16.7657,16.9026,16.6861,16.883,5609
2017-09-29,16.883,16.883,16.6262,16.6541,5944
2017-10-02,16.6541,16.7331,16.5504,16.5867,5180
2017-10-03,16.5867,16.6694,16.5595,16.641,3371
2017-10-04,16.641,16.8923,16.5459,16.5846,4860
2017-10-05,16.5846,16.7472,16.5727,16.5995,3935
2017-10-06,16.5995,16.8661,16.3354,16.8296,7696
2017-10-09,16.8296,16.9955,16.7946,16.9637,3789
2017-10-10,16.9637,17.2516,16.9419,17.1167,5140
2017-10-11,17.1167,17.2392,17.0644,17.1724,4840
2017-10-12,17.1724,17.265,17.1178,17.2464,3863
2017-10-13,17.2464,17.4227,17.1836,17.4227,4750
2017-10-16,17.4227,17.468,17.1109,17.2313,5323
2017-10-17,17.2313,17.2554,16.9709,17.0301,5343
2017-10-18,17.0301,17.1078,16.9103,17.0034,4669
2017-10-19,17.0034,17.2941,16.9189,17.25,6781
2017-10-20,17.25,17.2902,16.9332,17.0347,6532
2017-10-23,17.0347,17.111,16.8648,17.0899,5651
2017-10-24,17.0899,17.1486,16.8869,16.9517,5058
2017-10-25,16.9517,17.0382,16.8149,16.9561,6183
2017-10-26,16.9561,17.036,16.7482,16.79,5405
2017-10-27,16.79,16.8657,16.6091,16.8596,6705
2017-10-30,16.8596,16.8997,16.6916,16.8582,4178
2017-10-31,16.8582,16.9015,16.6432,16.7134,3769
2017-11-01,16.7134,17.198,16.6727,17.1346,8361
2017-11-02,17.1346,17.2438,17.046,17.119,8190
2017-11-03,17.119,17.1839,16.7844,16.8419,6061
2017-11-06,16.8419,17.2627,16.8054,17.2311,5719
2017-11-07,17.2311,17.2311,16.9261,16.9415,4980
2017-11-08,16.9415,17.2543,16.9415,17.0368,5171
2017-11-09,17.0368,17.1451,16.9187,16.9923,6125
2017-11-10,16.9923,17.1016,16.7982,16.883,5570
2017-11-13,16.883,17.0762,16.8342,17.0517,3821
2017-11-14,17.0517,17.0999,16.8749,17.0285,4773
2017-11-15,17.0285,17.2052,16.9517,16.9949,6704
2017-11-16,16.9949,17.1294,16.9614,17.0835,4622
2017-11-17,17.0835,17.3845,17.0337,17.3092,5387
2017-11-20,17.3092,17.3095,16.8487,16.9138,6142
2017-11-21,16.9138,17.0616,16.9138,16.9671,4548
2017-11-22,16.9671,17.169,16.9537,17.1516,4293
2017-11-23,17.1516,17.1598,17.0667,17.09,2379
2017-11-24,17.09,17.1596,16.9767,17.04,3083
2017-11-27,17.04,17.1976,17.0147,17.0498,3646
2017-11-28,17.0498,17.1177,16.7746,16.8573,3890
2017-11-29,16.8573,16.9233,16.5251,16.531,4724
2017-11-30,16.531,16.595,16.3212,16.4418,4745
2017-12-01,16.4418,16.5567,16.2476,16.4308,7351
2017-12-04,16.4308,16.432,16.2539,16.3276,4488
2017-12-05,16.3276,16.3633,16.0314,16.1009,4414
2017-12-06,16.1009,16.1485,15.9216,15.9604,3795
2017-12-07,15.9604,15.9919,15.6461,15.7268,4158
2017-12-08,15.7268,15.8973,15.7138,15.8615,3779
2017-12-11,15.8615,15.8876,15.6963,15.7131,2314
2017-12-12,15.7131,15.8179,15.6229,15.7309,2631
2017-12-13,15.7309,16.1525,15.6753,16.0757,5348
2017-12-14,16.0757,16.1288,15.8335,15.8918,3378
2017-12-15,15.8918,16.0842,15.8918,16.0413,3013
2017-12-18,16.0413,16.1742,16.0135,16.1478,2364
2017-12-19,16.1478,16.2268,16.0564,16.1399,2333
2017-12-20,16.1399,16.2653,16.1061,16.1707,2232
2017-12-21,16.1707,16.2504,16.0911,16.1296,2202
2017-12-22,16.1296,16.4242,16.1147,16.3873,2612
2017-12-26,16.3873,16.569,16.2993,16.5414,2257
2017-12-27,16.5414,16.7261,16.4868,16.6881,2526
2017-12-28,16.6881,16.8859,16.6648,16.8628,3012
2017-12-29,16.8628,17.1137,16.8207,16.9357,3966
2018-01-02,16.9357,17.2073,16.9357,17.1851,3543
2018-01-03,17.1851,17.2426,17.0288,17.134,4584
2018-01-04,17.134,17.2768,16.9904,17.2275,4826
2018-01-05,17.2275,17.2885,17.1031,17.2176,4654
2018-01-08,17.2176,17.2643,17.0448,17.1353,3856
2018-01-09,17.1353,17.1425,16.9166,16.975,3431
2018-01-10,16.975,17.1925,16.9113,16.9721,5223
2018-01-11,16.9721,17.0494,16.8761,16.9928,4053
2018-01-12,16.9928,17.287,16.9882,17.2353,5177
2018-01-15,17.2353,17.4277,17.2153,17.3584,3541
2018-01-16,17.3584,17.3766,16.7972,17.1946,5600
2018-01-17,17.1946,17.2944,16.9966,17.0001,5366
2018-01-18,17.0001,17.1325,16.9169,16.9489,4409
2018-01-19,16.9489,17.1305,16.9489,17.0245,3154
2018-01-22,17.0245,17.0988,16.9505,17.0122,3111
2018-01-23,17.0122,17.098,16.7518,17.0523,4461
2018-01-24,17.0523,17.6251,16.9965,17.559,5723
2018-01-25,17.559,17.7047,17.1436,17.303,10919
2018-01-26,17.303,17.5457,17.2511,17.4039,9014
2018-01-29,17.4039,17.4845,17.1129,17.1669,5819
2018-01-30,17.1669,17.3367,17.08,17.1341,6623
2018-01-31,17.1341,17.3942,17.101,17.3392,9135
2018-02-01,17.3392,17.3997,17.1062,17.2292,6368
2018-02-02,17.2292,17.2547,16.5652,16.6083,9236
2018-02-05,16.6083,16.9084,16.5593,16.7296,9367
2018-02-06,16.7296,16.9935,16.587,16.6416,10568
2018-02-07,16.6416,16.7797,16.2717,16.3872,8035
2018-02-08,16.3872,16.4747,16.2536,16.4228,8086
2018-02-09,16.4228,16.4542,16.1913,16.3598,8121
2018-02-12,16.3598,16.6248,16.3323,16.5515,5205
2018-02-13,16.5515,16.6912,16.4589,16.5762,5203
2018-02-14,16.5762,16.9339,16.3798,16.8577,9632
2018-02-15,16.8577,16.9833,16.6477,16.8642,7558
2018-02-16,16.8642,16.9495,16.6231,16.649,6921
2018-02-19,16.649,16.7324,16.6174,16.6636,3103
2018-02-20,16.6636,16.7041,16.4329,16.4552,6537
2018-02-21,16.4552,16.7744,16.3941,16.5066,8523
2018-02-22,16.5066,16.6888,16.4083,16.6184,5345
2018-02-23,16.6184,16.639,16.505,16.5348,3678
2018-02-26,16.5348,16.7682,16.4915,16.6638,4082
2018-02-27,16.6638,16.7013,16.3393,16.4261,5841
2018-02-28,16.4261,16.51,16.3596,16.4132,4261
2018-03-01,16.4132,16.5515,16.1679,16.4712,8191
2018-03-02,16.4712,16.5794,16.3924,16.5152,5802
2018-03-05,16.5152,16.6023,16.3603,16.4392,4040
2018-03-06,16.4392,16.865,16.3977,16.7601,5317
2018-03-07,16.7601,16.8372,16.4308,16.4977,6131
2018-03-08,16.4977,16.5727,16.431,16.495,5039
2018-03-09,16.495,16.6937,16.3555,16.6016,6338
2018-03-12,16.6016,16.6168,16.4319,16.534,3330
2018-03-13,16.534,16.6696,16.4614,16.589,4839
2018-03-14,16.589,16.6586,16.5161,16.5426,3937
2018-03-15,16.5426,16.5756,16.3799,16.4007,3707
2018-03-16,16.4007,16.4999,16.2153,16.347,3583
2018-03-19,16.347,16.3592,16.2235,16.3261,4009
2018-03-20,16.3261,16.3536,16.1241,16.199,3781
2018-03-21,16.199,16.6595,16.1841,16.5656,7960
2018-03-22,16.5656,16.6131,16.3471,16.3884,5175
2018-03-23,16.3884,16.6732,16.3873,16.5682,5958
2018-03-26,16.5682,16.7926,16.5341,16.7059,4273
2018-03-27,16.7059,16.8059,16.4784,16.5255,4686
2018-03-28,16.5255,16.5691,16.2535,16.2972,4691
2018-03-29,16.2972,16.3684,16.2256,16.3666,3618
2018-04-02,16.3666,16.6815,16.3572,16.5966,4041
2018-04-03,16.5966,16.62,16.3625,16.4199,3755
2018-04-04,16.4199,16.5343,16.2556,16.3215,5210
2018-04-05,16.3215,16.4268,16.1908,16.3959,4400
2018-04-06,16.3959,16.499,16.2723,16.3816,6465
2018-04-09,16.3816,16.5581,16.3278,16.4944,3788
2018-04-10,16.4944,16.6503,16.4371,16.5741,4044
2018-04-11,16.5741,16.877,16.5357,16.6747,6311
2018-04-12,16.6747,16.7002,16.4547,16.4679,5385
2018-04-13,16.4679,16.6914,16.4679,16.6625,3398
2018-04-16,16.6625,16.7758,16.5579,16.6701,3749
2018-04-17,16.6701,16.8067,16.5934,16.7793,3533
2018-04-18,16.7793,17.264,16.7319,17.1968,5228
2018-04-19,17.1968,17.356,17.1012,17.2561,6392
2018-04-20,17.2561,17.2572,17.0467,17.1217,3969
2018-04-23,17.1217,17.1309,16.6003,16.6202,4856
2018-04-24,16.6202,16.7563,16.5613,16.7271,4147
2018-04-25,16.7271,16.7475,16.5087,16.5588,3418
2018-04-26,16.5588,16.6197,16.4294,16.5227,3820
2018-04-27,16.5227,16.57,16.4454,16.5148,3612
2018-04-30,16.5148,16.5443,16.2045,16.3311,4099
2018-05-01,16.3311,16.3438,16.0566,16.1652,3764
2018-05-02,16.1652,16.5305,16.1638,16.3774,5093
2018-05-03,16.3774,16.5892,16.3629,16.4354,4373
2018-05-04,16.4354,16.532,16.3713,16.532,3754
2018-05-07,16.532,16.5716,16.4098,16.4807,2752
2018-05-08,16.4807,16.5246,16.3189,16.4796,4584
2018-05-09,16.4796,16.6204,16.3555,16.4953,4002
2018-05-10,16.4953,16.7546,16.4798,16.7194,4542
2018-05-11,16.7194,16.8341,16.6525,16.6642,2881
2018-05-14,16.6642,16.7368,16.5057,16.5205,2707
2018-05-15,16.5205,16.5548,16.2065,16.2702,3628
2018-05-16,16.2702,16.4269,16.1911,16.3841,3175
2018-05-17,16.3841,16.4936,16.3298,16.4302,3028
2018-05-18,16.4302,16.4701,16.3653,16.4445,2536
2018-05-21,16.4445,16.5219,16.2755,16.5124,3200
2018-05-22,16.5124,16.6714,16.453,16.5443,3086
2018-05-23,16.5443,16.5846,16.3243,16.4543,4794
2018-05-24,16.4543,16.6927,16.4107,16.6713,3637
2018-05-25,16.6713,16.7182,16.4891,16.5101,3295
2018-05-28,16.5101,16.5118,16.4353,16.4744,1816
2018-05-29,16.4744,16.509,16.3169,16.3963,5700
2018-05-30,16.3963,16.56,16.3219,16.5073,4255
2018-05-31,16.5073,16.5968,16.4067,16.4269,4720
2018-06-01,16.4269,16.5064,16.3393,16.4052,3912
2018-06-04,16.4052,16.547,16.3756,16.4145,2774
2018-06-05,16.4145,16.5351,16.3668,16.4922,2888
2018-06-06,16.4922,16.7353,16.4922,16.675,3056
2018-06-07,16.675,16.9006,16.6479,16.7043,4041
2018-06-08,16.7043,16.831,16.6256,16.7895,3650
2018-06-11,16.7895,16.9488,16.7461,16.9323,3194
2018-06-12,16.9323,16.9541,16.7551,16.8576,3631
2018-06-13,16.8576,17.1132,16.8044,17.0333,4426
2018-06-14,17.0333,17.3174,16.9403,17.1764,5643
2018-06-15,17.1764,17.2532,16.4565,16.5644,7239
2018-06-18,16.5644,16.631,16.4221,16.4771,4202
2018-06-19,16.4771,16.5493,16.2435,16.3013,4680
2018-06-20,16.3013,16.3708,16.2565,16.2852,3524
2018-06-21,16.2852,16.3603,16.1993,16.3189,3788
2018-06-22,16.3189,16.4881,16.3156,16.4569,3241
2018-06-25,16.4569,16.4926,16.2929,16.3258,3249
2018-06-26,16.3258,16.3599,16.1516,16.2947,3367
2018-06-27,16.2947,16.3071,15.9742,16.0413,4066
2018-06-28,16.0413,16.1333,15.9239,16.0092,4020
2018-06-29,16.0092,16.1666,15.9649,16.1108,3987
2018-07-02,16.1108,16.1282,15.774,15.8516,3455
2018-07-03,15.8516,16.0466,15.7848,16.0262,3375
2018-07-04,16.0262,16.152,15.9975,16.0803,2623
2018-07-05,16.0803,16.1022,15.933,16.0467,3384
2018-07-06,16.0467,16.1142,15.953,16.0377,3299
2018-07-09,16.0377,16.2161,16.0372,16.1124,2526
2018-07-10,16.1124,16.1628,15.9055,16.0593,3146
2018-07-11,16.0593,16.0732,15.7856,15.799,4191
2018-07-12,15.799,15.9929,15.7642,15.9425,2838
2018-07-13,15.9425,15.9879,15.6869,15.8143,3454
2018-07-16,15.8143,15.8791,15.7448,15.7937,2489
2018-07-17,15.7937,15.8627,15.5518,15.5717,3489
2018-07-18,15.5717,15.6132,15.3996,15.5576,3246
2018-07-19,15.5576,15.5768,15.1804,15.308,5733
2018-07-20,15.308,15.5423,15.2439,15.5114,4724
2018-07-23,15.5114,15.5591,15.3456,15.3826,3892
2018-07-24,15.3826,15.6044,15.3304,15.4576,3895
2018-07-25,15.4576,15.6332,15.4484,15.6118,3361
2018-07-26,15.6118,15.6699,15.3815,15.3815,3184
2018-07-27,15.3815,15.5393,15.3299,15.4919,3134
2018-07-30,15.4919,15.545,15.4027,15.4897,1846
2018-07-31,15.4897,15.6121,15.3649,15.5159,3434
2018-08-01,15.5159,15.5367,15.3862,15.393,3036
2018-08-02,15.393,15.4783,15.2929,15.3149,3109
2018-08-03,15.3149,15.5554,15.249,15.4123,3809
2018-08-06,15.4123,15.4921,15.2866,15.2887,2441
2018-08-07,15.2887,15.49,15.2887,15.3837,2207
2018-08-08,15.3837,15.4663,15.2856,15.4266,2387
2018-08-09,15.4266,15.5103,15.3692,15.4427,2100
2018-08-10,15.4427,15.4491,15.2915,15.3129,3643
2018-08-13,15.3129,15.3427,14.9799,14.9969,4583
2018-08-14,14.9969,15.1124,14.9878,15.0612,2714
2018-08-15,15.0612,15.0768,14.3689,14.437,5973
2018-08-16,14.437,14.8368,14.3392,14.6497,5879
2018-08-17,14.6497,14.8153,14.5961,14.8024,4401
2018-08-20,14.8024,14.8493,14.6493,14.7635,3548
2018-08-21,14.7635,14.8488,14.7228,14.7819,2555
2018-08-22,14.7819,14.8788,14.6931,14.7565,3402
2018-08-23,14.7565,14.7721,14.4847,14.4965,3484
2018-08-24,14.4965,14.8768,14.4879,14.8191,3813
2018-08-27,14.8191,14.9225,14.7529,14.8987,2563
2018-08-28,14.8987,14.9993,14.6737,14.707,3358
2018-08-29,14.707,14.7934,14.6679,14.7582,3204
2018-08-30,14.7582,14.7763,14.5127,14.5469,3911
2018-08-31,14.5469,14.715,14.4908,14.5365,3826
2018-09-03,14.5365,14.5539,14.3996,14.5001,2226
2018-09-04,14.5001,14.5159,14.0118,14.1605,5118
2018-09-05,14.1605,14.2335,14.0934,14.1915,2839
2018-09-06,14.1915,14.309,14.1166,14.1524,3662
2018-09-07,14.1524,14.2583,14.0813,14.1723,4898
2018-09-10,14.1723,14.2529,14.0797,14.1782,3416
2018-09-11,14.1782,14.2332,13.9448,14.1455,3608
2018-09-12,14.1455,14.2817,14.0749,14.2536,4608
2018-09-13,14.2536,14.3522,14.1751,14.1779,4244
2018-09-14,14.1779,14.2863,14.0502,14.0593,3597
2018-09-17,14.0593,14.2514,14.0507,14.1835,2966
2018-09-18,14.1835,14.2346,14.0763,14.1502,3935
2018-09-19,14.1502,14.3433,14.1502,14.2452,3256
2018-09-20,14.2452,14.3547,14.185,14.3198,3729
2018-09-21,14.3198,14.4329,14.1554,14.2878,4864
2018-09-24,14.2878,14.3925,14.1972,14.2571,3469
2018-09-25,14.2571,14.5586,14.2257,14.4615,3510
2018-09-26,14.4615,14.5142,14.3171,14.324,4345
2018-09-27,14.324,14.4597,14.1804,14.2487,4053
2018-09-28,14.2487,14.7193,14.2368,14.6547,4584
2018-10-01,14.6547,14.6868,14.3737,14.4869,4024
2018-10-02,14.4869,14.911,14.4468,14.6791,5771
2018-10-03,14.6791,14.8269,14.6263,14.636,4737
2018-10-04,14.636,14.7736,14.5356,14.5915,4666
2018-10-05,14.5915,14.7187,14.5213,14.6413,4424
2018-10-08,14.6413,14.6644,14.2701,14.367,3989
2018-10-09,14.367,14.4418,14.2719,14.3875,3266
2018-10-10,14.3875,14.4338,14.2452,14.3005,3094
2018-10-11,14.3005,14.6228,14.2631,14.5862,5799
2018-10-12,14.5862,14.7045,14.5174,14.6008,4125
2018-10-15,14.6008,14.7756,14.5924,14.6927,3283
2018-10-16,14.6927,14.8475,14.6221,14.6617,3190
2018-10-17,14.6617,14.7279,14.6009,14.6111,3351
2018-10-18,14.6111,14.6603,14.458,14.577,3395
2018-10-19,14.577,14.7177,14.564,14.6226,3007
2018-10-22,14.6226,14.6935,14.521,14.5628,2625
2018-10-23,14.5628,14.8096,14.5196,14.7354,3054
2018-10-24,14.7354,14.8056,14.6505,14.6851,2935
2018-10-25,14.6851,14.7804,14.6009,14.6461,3173
2018-10-26,14.6461,14.7768,14.5818,14.6903,3393
2018-10-29,14.6903,14.7639,14.4097,14.4563,3105
2018-10-30,14.4563,14.5314,14.3793,14.4705,2903
2018-10-31,14.4705,14.4847,14.2448,14.2488,3083
2018-11-01,14.2488,14.8226,14.2488,14.734,3556
2018-11-02,14.734,14.9145,14.6521,14.7436,5053
2018-11-05,14.7436,14.7696,14.6035,14.6474,2884
2018-11-06,14.6474,14.7161,14.4912,14.5347,2557
2018-11-07,14.5347,14.7245,14.4832,14.5738,3697
2018-11-08,14.5738,14.592,14.3875,14.435,3432
2018-11-09,14.435,14.4443,14.1097,14.1579,3437
2018-11-12,14.1579,14.211,13.9894,13.9936,2433
2018-11-13,13.9936,14.1297,13.9611,13.9933,3648
2018-11-14,13.9933,14.1983,13.8997,14.1348,4000
2018-11-15,14.1348,14.3529,14.103,14.2936,3949
2018-11-16,14.2936,14.4303,14.243,14.425,3184
2018-11-19,14.425,14.4419,14.3549,14.4306,2346
2018-11-20,14.4306,14.4927,14.236,14.3199,3561
2018-11-21,14.3199,14.5559,14.2827,14.5,2884
2018-11-22,14.5,14.5415,14.4531,14.4885,1305
2018-11-23,14.4885,14.5056,14.1944,14.2809,3012
2018-11-26,14.2809,14.4399,14.2229,14.2334,2534
2018-11-27,14.2334,14.3109,14.1003,14.1452,3024
2018-11-28,14.1452,14.3996,14.1237,14.3279,3392
2018-11-29,14.3279,14.3942,14.274,14.3144,3584
2018-11-30,14.3144,14.3424,14.0579,14.1832,2894
2018-12-03,14.1832,14.5673,14.1832,14.389,3903
2018-12-04,14.389,14.6648,14.389,14.5293,3528
2018-12-05,14.5293,14.5448,14.4258,14.5017,1681
2018-12-06,14.5017,14.5146,14.348,14.4754,3284
2018-12-07,14.4754,14.6483,14.4426,14.623,3422
2018-12-10,14.623,14.6497,14.4839,14.5295,2840
2018-12-11,14.5295,14.7212,14.5154,14.5614,2857
2018-12-12,14.5614,14.7967,14.5463,14.7451,2582
2018-12-13,14.7451,14.8078,14.6884,14.7498,2492
2018-12-14,14.7498,14.7608,14.4959,14.5732,2543
2018-12-17,14.5732,14.7053,14.549,14.6635,1789
2018-12-18,14.6635,14.7224,14.6143,14.6356,2056
2018-12-19,14.6356,14.8244,14.5528,14.5991,3887
2018-12-20,14.5991,14.8435,14.5606,14.7624,4015
2018-12-21,14.7624,14.7961,14.6097,14.6304,2946
2018-12-24,14.6304,14.8096,14.6304,14.7752,2103
2018-12-25,14.7752,14.7752,14.7726,14.7726,3
2018-12-26,14.7726,15.1706,14.7197,15.033,3595
2018-12-27,15.033,15.2716,14.9466,15.2313,4063
2018-12-28,15.2313,15.3977,15.2269,15.3883,3454
2018-12-31,15.3883,15.5093,15.3292,15.4952,3344
2019-01-02,15.4952,15.6138,15.3323,15.5218,4549
2019-01-03,15.5218,15.7528,15.4884,15.74,4953
2019-01-04,15.74,15.8781,15.5881,15.6978,4947
2019-01-07,15.6978,15.8183,15.6213,15.6516,3200
2019-01-08,15.6516,15.6875,15.5065,15.6557,2581
2019-01-09,15.6557,15.7776,15.5858,15.7503,3665
2019-01-10,15.7503,15.7871,15.5568,15.5614,2888
2019-01-11,15.5614,15.7393,15.5584,15.5998,2954
2019-01-14,15.5998,15.6641,15.5505,15.651,2333
2019-01-15,15.651,15.6996,15.5471,15.5818,2743
2019-01-16,15.5818,15.6479,15.4975,15.5919,2055
2019-01-17,15.5919,15.6169,15.4609,15.5294,2109
2019-01-18,15.5294,15.5811,15.3306,15.3394,2484
2019-01-21,15.3394,15.3636,15.1943,15.2697,1377
2019-01-22,15.2697,15.3536,15.186,15.3372,2026
2019-01-23,15.3372,15.435,15.2737,15.3657,2061
2019-01-24,15.3657,15.395,15.2473,15.3196,2192
2019-01-25,15.3196,15.7543,15.2959,15.7463,2931
2019-01-28,15.7463,15.8163,15.6082,15.7407,2297
2019-01-29,15.7407,15.9168,15.7244,15.8367,2616
2019-01-30,15.8367,16.1081,15.8246,16.0669,4580
2019-01-31,16.0669,16.1856,15.9961,16.0679,3303
2019-02-01,16.0679,16.0786,15.8981,15.908,3238
2019-02-04,15.908,15.9297,15.6949,15.8679,2190
2019-02-05,15.8679,15.9262,15.8165,15.8574,2403
2019-02-06,15.8574,15.8654,15.6478,15.6742,2066
2019-02-07,15.6742,15.7575,15.6478,15.7385,2190
2019-02-08,15.7385,15.8675,15.6635,15.8334,2331
2019-02-11,15.8334,15.8414,15.6708,15.703,2127
2019-02-12,15.703,15.832,15.673,15.7067,2052
2019-02-13,15.7067,15.8158,15.5472,15.5731,2491
2019-02-14,15.5731,15.6897,15.4929,15.6181,3196
2019-02-15,15.6181,15.8048,15.5647,15.7858,2397
2019-02-18,15.7858,15.8575,15.7653,15.8084,1322
2019-02-19,15.8084,16.0079,15.7459,15.9964,2514
2019-02-20,15.9964,16.2151,15.9633,16.0569,3377
2019-02-21,16.0569,16.1053,15.7977,15.8096,3224
2019-02-22,15.8096,15.9782,15.8096,15.9235,2699
2019-02-25,15.9235,16.0054,15.8529,15.8926,2720
2019-02-26,15.8926,15.9386,15.7948,15.9306,2823
2019-02-27,15.9306,16.2526,15.7043,15.7448,2746
2019-02-28,15.7448,15.8234,15.5794,15.6122,2769
2019-03-01,15.6122,15.6387,15.1458,15.2326,3498
2019-03-04,15.2326,15.2759,15.0652,15.0862,2949
2019-03-05,15.0862,15.1681,15.05,15.1298,2297
2019-03-06,15.1298,15.1578,15.0495,15.0739,2051
2019-03-07,15.0739,15.1219,14.9813,15.0212,2317
2019-03-08,15.0212,15.3705,15.0103,15.3345,2526
2019-03-11,15.3345,15.3556,15.2166,15.3148,1961
2019-03-12,15.3148,15.4765,15.3049,15.4414,1939
2019-03-13,15.4414,15.5358,15.4274,15.4443,1765
2019-03-14,15.4443,15.4641,15.1403,15.1929,2353
2019-03-15,15.1929,15.3922,15.1731,15.2903,2154
2019-03-18,15.2903,15.4245,15.2281,15.3498,1890
2019-03-19,15.3498,15.447,15.2965,15.3736,1603
2019-03-20,15.3736,15.5572,15.2763,15.4793,3076
2019-03-21,15.4793,15.637,15.384,15.4667,2613
2019-03-22,15.4667,15.5486,15.3691,15.4381,2903
2019-03-25,15.4381,15.583,15.3905,15.5399,1915
2019-03-26,15.5399,15.5578,15.3958,15.4313,2020
2019-03-27,15.4313,15.4809,15.2693,15.2929,2426
2019-03-28,15.2929,15.3365,14.9806,15.0147,2681
2019-03-29,15.0147,15.2029,14.9875,15.1252,2379
2019-04-01,15.1252,15.2168,15.0618,15.1086,2580
2019-04-02,15.1086,15.1215,14.9449,15.1215,2220
2019-04-03,15.1215,15.1952,15.0434,15.1349,2189
2019-04-04,15.1349,15.1796,14.9042,15.1505,2669
2019-04-05,15.1505,15.2105,15.0731,15.1081,2801
2019-04-08,15.1081,15.3026,15.1081,15.2481,1849
2019-04-09,15.2481,15.344,15.2169,15.2203,1830
2019-04-10,15.2203,15.295,15.1548,15.2301,2374
2019-04-11,15.2301,15.2532,14.9011,14.9727,2222
2019-04-12,14.9727,15.1167,14.9584,14.9718,2011
2019-04-15,14.9718,15.0386,14.8562,14.9983,2230
2019-04-16,14.9983,15.0238,14.8864,15.0037,2505
2019-04-17,15.0037,15.1002,14.9293,14.9875,2412
2019-04-18,14.9875,15.0323,14.9377,15.006,2089
2019-04-22,15.006,15.0818,14.9971,15.0101,1280
2019-04-23,15.0101,15.0379,14.7554,14.8426,1723
2019-04-24,14.8426,14.9904,14.7921,14.9455,2296
2019-04-25,14.9455,15.0169,14.8649,14.9469,2128
2019-04-26,14.9469,15.0824,14.8953,15.0654,2407
2019-04-29,15.0654,15.0784,14.8857,14.9128,1808
2019-04-30,14.9128,15.013,14.8218,14.9533,2331
2019-05-01,14.9533,14.9603,14.6088,14.6749,3756
2019-05-02,14.6749,14.7264,14.5676,14.6257,2466
2019-05-03,14.6257,14.9775,14.6001,14.9329,2744
2019-05-06,14.9329,14.9731,14.7638,14.9006,2905
2019-05-07,14.9006,14.9429,14.8035,14.9116,2328
2019-05-08,14.9116,14.9702,14.8284,14.8375,2219
2019-05-09,14.8375,14.8665,14.7018,14.7599,2398
2019-05-10,14.7599,14.8461,14.7396,14.7727,2125
2019-05-13,14.7727,14.8083,14.6185,14.7664,2223
2019-05-14,14.7664,14.8571,14.7401,14.7901,2120
2019-05-15,14.7901,14.8565,14.7654,14.7992,1972
2019-05-16,14.7992,14.8224,14.5282,14.5609,1931
2019-05-17,14.5609,14.5662,14.4003,14.4042,1742
2019-05-20,14.4042,14.4801,14.3904,14.4651,1572
2019-05-21,14.4651,14.4802,14.3803,14.4547,1525
2019-05-22,14.4547,14.4997,14.4022,14.4461,1207
2019-05-23,14.4461,14.647,14.4232,14.5927,2257
2019-05-24,14.5927,14.6134,14.5385,14.5662,1700
2019-05-27,14.5662,14.6294,14.5583,14.5872,625
2019-05-28,14.5872,14.606,14.2972,14.3536,2208
2019-05-29,14.3536,14.4818,14.3529,14.4311,1922
2019-05-30,14.4311,14.5774,14.3723,14.5223,1804
2019-05-31,14.5223,14.689,14.4847,14.5917,2783
2019-06-03,14.5917,14.8348,14.5846,14.7793,3232
2019-06-04,14.7793,14.8605,14.6653,14.8162,3023
2019-06-05,14.8162,15.0441,14.7714,14.8061,4405
2019-06-06,14.8061,15.0024,14.7516,14.8922,3082
2019-06-07,14.8922,15.1524,14.859,15.0122,3547
2019-06-10,15.0122,15.0122,14.6496,14.7044,2760
2019-06-11,14.7044,14.8007,14.6558,14.7477,1935
2019-06-12,14.7477,14.8786,14.7314,14.7804,2720
2019-06-13,14.7804,14.9356,14.7442,14.9051,2174
2019-06-14,14.9051,15.1231,14.7993,14.8716,3832
2019-06-17,14.8716,14.9066,14.7812,14.842,2771
2019-06-18,14.842,15.0891,14.8194,15.011,3970
2019-06-19,15.011,15.1776,14.9219,15.1476,4969
2019-06-20,15.1476,15.518,15.1271,15.4228,7050
2019-06-21,15.4228,15.5559,15.1677,15.3467,7798
2019-06-24,15.3467,15.4706,15.2992,15.4436,4723
2019-06-25,15.4436,15.5153,15.2809,15.3662,7744
2019-06-26,15.3662,15.3766,15.1824,15.269,6111
2019-06-27,15.269,15.3036,15.1641,15.26,3794
2019-06-28,15.26,15.3414,15.2127,15.317,3717
2019-07-01,15.317,15.317,15.1263,15.1434,4406
2019-07-02,15.1434,15.3272,15.0479,15.3169,3341
2019-07-03,15.3169,15.4634,15.2032,15.3072,4985
2019-07-04,15.3072,15.3357,15.225,15.2809,1869
2019-07-05,15.2809,15.3382,14.8999,14.9987,4247
2019-07-08,14.9987,15.1256,14.966,15.0321,2512
2019-07-09,15.0321,15.1364,14.9476,15.1114,2644
2019-07-10,15.1114,15.2892,15.0464,15.2404,3931
2019-07-11,15.2404,15.3188,15.1055,15.1186,3506
2019-07-12,15.1186,15.2527,15.0572,15.2316,2449
2019-07-15,15.2316,15.4072,15.167,15.3801,2618
2019-07-16,15.3801,15.6983,15.3169,15.5548,4424
2019-07-17,15.5548,15.9913,15.5256,15.9625,3861
2019-07-18,15.9625,16.351,15.9265,16.3405,5747
2019-07-19,16.3405,16.5886,16.0638,16.207,8085
2019-07-22,16.2375,16.4316,16.176,16.3601,4810
2019-07-23,16.3601,16.5409,16.1816,16.3979,5402
2019-07-24,16.3979,16.6522,16.3322,16.6008,4084
2019-07-25,16.6008,16.6516,16.3273,16.4105,5278
2019-07-26,16.4105,16.5195,16.3379,16.3918,3601
2019-07-29,16.3918,16.4732,16.3374,16.4583,2661
2019-07-30,16.4583,16.6086,16.4032,16.5686,2859
2019-07-31,16.5686,16.5727,16.2025,16.262,7245
2019-08-01,16.262,16.3854,15.9239,16.325,8638
2019-08-02,16.325,16.3533,16.0212,16.2035,9860
2019-08-05,16.2035,16.5708,16.122,16.3992,8699
2019-08-06,16.3992,16.5145,16.361,16.447,5508
2019-08-07,16.447,17.246,16.4443,17.1079,11268
2019-08-08,17.1079,17.2117,16.813,16.9332,7643
2019-08-09,16.9332,17.1401,16.8684,16.9655,7227
2019-08-12,16.976,17.1615,16.8164,17.063,5426
2019-08-13,17.063,17.5092,16.5396,16.9615,14328
2019-08-14,16.9615,17.3246,16.8771,17.2127,9254
2019-08-15,17.2127,17.3934,17.1041,17.2656,9240
2019-08-16,17.2656,17.3347,17.0573,17.1131,6064
2019-08-19,17.1131,17.1579,16.8566,16.8725,5238
2019-08-20,16.8725,17.192,16.862,17.1642,4061
2019-08-21,17.1642,17.2038,17.0013,17.1204,3966
2019-08-22,17.1204,17.1523,16.9471,17.0413,3718
2019-08-23,17.0413,17.4826,16.9867,17.403,6432
2019-08-26,17.403,17.7781,17.403,17.6666,9217
2019-08-27,17.6666,18.2125,17.6406,18.195,6028
2019-08-28,18.195,18.5116,18.0718,18.3666,7622
2019-08-29,18.3666,18.6545,18.0522,18.2643,10595
2019-08-30,18.2643,18.477,18.0697,18.374,9150
2019-09-02,18.374,18.5745,18.2708,18.4677,5824
2019-09-03,18.4677,19.2895,18.3377,19.2639,10042
2019-09-04,19.2639,19.6505,19.1921,19.5909,13168
2019-09-05,19.5909,19.5909,18.4852,18.6551,16123
2019-09-06,18.6551,18.7994,17.9696,18.1812,25952
2019-09-09,18.1346,18.3133,17.9317,18.0027,13720
2019-09-10,18.0027,18.1803,17.7841,18.0013,11027
2019-09-11,18.0013,18.2475,17.8963,18.1164,7762
2019-09-12,18.1164,18.4706,18.0123,18.0994,12128
2019-09-13,18.0994,18.1918,17.4049,17.442,9913
2019-09-16,17.442,18.0058,17.442,17.8511,11261
2019-09-17,17.8511,18.0925,17.7579,18.0216,7623
2019-09-18,18.0216,18.0446,17.5203,17.7552,12969
2019-09-19,17.7552,17.9415,17.597,17.7901,7440
2019-09-20,17.7901,17.9948,17.7539,17.9941,5292
2019-09-23,17.9941,18.7088,17.9444,18.6438,9906
2019-09-24,18.6438,18.7409,18.2538,18.6111,11051
2019-09-25,18.6111,18.6866,17.8203,17.9067,12050
2019-09-26,17.9067,18.0523,17.7323,17.8219,11267
2019-09-27,17.8219,17.9029,17.2985,17.5429,13047
2019-09-30,17.5133,17.6042,16.9311,17.0027,11755
2019-10-01,17.0027,17.3268,16.8987,17.2377,9778
2019-10-02,17.2377,17.6746,17.1939,17.5642,9046
2019-10-03,17.5642,17.7988,17.4725,17.5566,10385
2019-10-04,17.5566,17.6982,17.2992,17.5545,10384
2019-10-07,17.6348,17.6489,17.394,17.4317,5818
2019-10-08,17.4317,17.8078,17.2724,17.731,10196
2019-10-09,17.731,17.9555,17.6723,17.7347,8164
2019-10-10,17.7347,17.8962,17.4264,17.502,10198
2019-10-11,17.502,17.7539,17.3451,17.5562,11947
2019-10-14,17.5595,17.7028,17.4306,17.6562,6093
2019-10-15,17.6562,17.7354,17.3533,17.4136,6482
2019-10-16,17.4136,17.4711,17.169,17.3915,7860
2019-10-17,17.3915,17.6432,17.3193,17.5471,5843
2019-10-18,17.5471,17.6023,17.4084,17.5498,4371
2019-10-21,17.5498,17.8752,17.5119,17.5667,5990
2019-10-22,17.5667,17.6691,17.4355,17.5231,5377
2019-10-23,17.5231,17.6228,17.5086,17.55,3755
2019-10-24,17.55,17.8461,17.4822,17.8088,4798
2019-10-25,17.8088,18.3325,17.7928,18.0359,8073
2019-10-28,18.0359,18.137,17.7877,17.8502,6562
2019-10-29,17.8502,17.8991,17.6123,17.8071,6566
2019-10-30,17.8071,17.9622,17.5919,17.8641,8015
2019-10-31,17.8641,18.1757,17.7961,18.1076,7247
2019-11-01,18.1076,18.152,17.9412,18.1113,5858
2019-11-04,18.1113,18.2233,17.9685,18.0574,4662
2019-11-05,18.0574,18.0921,17.5398,17.5816,7194
2019-11-06,17.5816,17.6499,17.3895,17.6327,6081
2019-11-07,17.6327,17.6717,16.9598,17.1171,8732
2019-11-08,17.1171,17.1241,16.6977,16.7974,8547
2019-11-11,16.7974,16.9417,16.668,16.8594,5055
2019-11-12,16.8594,16.9027,16.6499,16.7712,6390
2019-11-13,16.7712,17.0299,16.7698,16.975,6119
2019-11-14,16.975,17.1061,16.883,17.0264,5050
2019-11-15,17.0264,17.0347,16.8233,16.9669,4351
2019-11-18,16.9669,17.0588,16.7456,17.0409,4625
2019-11-19,17.0409,17.1859,16.9719,17.1492,4837
2019-11-20,17.1492,17.2071,17.0344,17.15,5657
2019-11-21,17.15,17.1925,17.0444,17.1036,5140
2019-11-22,17.1036,17.2352,16.9889,16.9958,4098
2019-11-25,16.9958,16.9987,16.8606,16.8927,3743
2019-11-26,16.8927,17.1161,16.8172,17.075,3733
2019-11-27,17.075,17.0931,16.9349,16.9534,2811
2019-11-28,16.9534,17.0172,16.9183,16.9474,1383
2019-11-29,16.9474,17.0458,16.861,17.0173,2809
2019-12-02,17.0173,17.0183,16.829,16.9109,3661
2019-12-03,16.9109,17.2037,16.8767,17.173,4480
2019-12-04,17.173,17.3275,16.8054,16.8529,6125
2019-12-05,16.8529,17.0165,16.8225,16.9592,3601
2019-12-06,16.9592,17.0462,16.533,16.5715,5586
2019-12-09,16.5715,16.688,16.5312,16.6074,2854
2019-12-10,16.6074,16.7181,16.5832,16.669,2712
2019-12-11,16.669,16.9636,16.6047,16.8604,3765
2019-12-12,16.8604,17.1216,16.7711,16.9281,6815
2019-12-13,16.9281,17.037,16.8463,16.948,6588
2019-12-16,16.948,17.0882,16.9066,17.0449,3042
2019-12-17,17.0449,17.113,16.963,17.0109,2637
2019-12-18,17.0109,17.069,16.887,17.017,2397
2019-12-19,17.017,17.1258,16.9051,17.0663,2120
2019-12-20,17.0663,17.2588,17.0337,17.2074,2817
2019-12-23,17.2074,17.4575,17.1811,17.4399,3028
2019-12-24,17.4399,17.7853,17.376,17.7719,4127
2019-12-26,17.7719,18.0542,17.7344,17.8971,6571
2019-12-27,17.8971,17.973,17.7479,17.7652,4258
2019-12-30,17.7652,17.9625,17.7652,17.9267,3290
2019-12-31,17.9267,18.1464,17.8263,17.8522,5164
2020-01-02,17.8522,18.1013,17.7925,18.0254,5355
2020-01-03,18.0254,18.2734,17.9996,18.0514,8173
2020-01-06,18.0514,18.5055,18.018,18.149,10729
2020-01-07,18.149,18.439,17.9525,18.3918,7964
2020-01-08,18.3918,18.8592,18.0597,18.1068,19869
2020-01-09,18.1068,18.2061,17.8017,17.8986,8328
2020-01-10,17.8986,18.1542,17.8496,18.1185,5666
2020-01-13,18.1185,18.1185,17.9245,17.9605,3828
2020-01-14,17.9605,17.9704,17.6839,17.7985,5491
2020-01-15,17.7985,18.0423,17.7518,18.0067,5066
2020-01-16,18.0067,18.0492,17.8756,17.9416,3975
2020-01-17,17.9416,18.1743,17.9061,18.0359,4276
2020-01-20,18.0359,18.1316,18.0009,18.0664,1951
2020-01-21,18.0664,18.1558,17.6384,17.789,6523
2020-01-22,17.789,17.9306,17.6883,17.8404,3891
2020-01-23,17.8404,17.9137,17.6072,17.7744,5354
2020-01-24,17.7744,18.1478,17.7512,18.1099,5421
2020-01-27,18.1099,18.3688,18.0472,18.0983,7106
2020-01-28,18.0983,18.1209,17.4424,17.4767,7452
2020-01-29,17.4767,17.5952,17.3397,17.5659,4499
2020-01-30,17.5659,18.0425,17.5429,17.8371,7756
2020-01-31,17.8371,18.0953,17.7914,18.042,5668
2020-02-03,18.042,18.1007,17.601,17.6809,7967
2020-02-04,17.6809,17.7854,17.5326,17.591,4962
2020-02-05,17.591,17.7281,17.4896,17.6113,5999
2020-02-06,17.6113,17.8865,17.6037,17.8195,4475
2020-02-07,17.8195,17.8657,17.6351,17.6999,5113
2020-02-10,17.6999,17.8413,17.685,17.7659,3134
2020-02-11,17.7659,17.8124,17.5759,17.6452,3279
2020-02-12,17.6452,17.6742,17.4702,17.4836,3408
2020-02-13,17.4836,17.7375,17.4749,17.647,3256
2020-02-14,17.647,17.8099,17.6246,17.7384,2611
2020-02-17,17.7384,17.8927,17.7,17.7848,1848
2020-02-18,17.7848,18.2351,17.7848,18.1704,4387
2020-02-19,18.1704,18.4675,18.1541,18.4315,5615
2020-02-20,18.4315,18.4486,18.2313,18.3645,6284
2020-02-21,18.3645,18.6333,18.3598,18.4856,7260
2020-02-24,18.4856,18.9478,18.4856,18.6303,14107
2020-02-25,18.6303,18.6677,17.8623,18.002,14962
2020-02-26,18.002,18.211,17.7984,17.9221,12987
2020-02-27,17.9221,18.1406,17.6239,17.7785,13035
2020-02-28,17.7785,17.8684,16.3966,16.6732,29895
2020-03-02,16.6732,17.0606,16.4417,16.7348,18627
2020-03-03,16.7348,17.4729,16.7152,17.2265,19607
2020-03-04,17.2265,17.3394,17.0856,17.2164,11325
2020-03-05,17.2164,17.4642,17.152,17.4299,7405
2020-03-06,17.4299,17.6071,17.0474,17.3514,17967
2020-03-09,17.3514,17.6094,16.5695,17.0093,32793
2020-03-10,17.0093,17.1969,16.8133,16.8938,16212
2020-03-11,16.8938,17.1118,16.6768,16.764,9755
2020-03-12,16.764,16.9229,15.5259,15.8129,28921
2020-03-13,15.8129,15.8674,14.4482,14.7209,35330
2020-03-16,14.7209,15.2614,11.803,12.9179,53331
2020-03-17,12.9179,13.2474,12.1259,12.621,42123
2020-03-18,12.621,12.9004,11.6412,11.9856,52834
2020-03-19,11.9856,12.3144,11.7779,12.1014,31900
2020-03-20,12.1014,13.0289,11.9955,12.6292,28512
2020-03-23,12.6292,13.2806,12.2847,13.2603,25479
2020-03-24,13.2603,14.3476,13.1748,14.2927,36348
2020-03-25,14.2927,14.7286,14.0174,14.4491,56370
2020-03-26,14.4491,14.6825,14.1642,14.4074,35086
2020-03-27,14.4074,14.6357,14.1816,14.485,17024
2020-03-30,14.485,14.5606,13.8149,14.0595,26767
2020-03-31,14.0595,14.2583,13.8612,13.974,13024
2020-04-01,13.974,14.1414,13.8228,13.966,10836
2020-04-02,13.966,14.5563,13.906,14.4857,14364
2020-04-03,14.4857,14.5494,14.2778,14.4009,11379
2020-04-06,14.4009,15.0887,14.2496,15.0099,20427
2020-04-07,15.0099,15.4755,14.8857,15.0248,29040
2020-04-08,15.0248,15.14,14.8628,14.9481,11278
2020-04-09,14.9481,15.5846,14.9031,15.4052,28276
2020-04-13,15.4052,15.5007,15.1426,15.3958,28976
2020-04-14,15.3958,15.8453,15.3489,15.7782,31533
2020-04-15,15.7782,15.7896,15.2819,15.4679,22047
2020-04-16,15.4679,15.6002,15.2211,15.5336,14328
2020-04-17,15.5336,15.5552,15.0262,15.1845,25125
2020-04-20,15.1845,15.4412,15.0607,15.3237,18885
2020-04-21,15.3237,15.3339,14.5429,14.8791,33309
2020-04-22,14.8791,15.1608,14.6871,15.1078,14987
2020-04-23,15.1078,15.445,14.9727,15.2556,18260
2020-04-24,15.2556,15.3911,15.0294,15.2616,11019
2020-04-27,15.2616,15.3304,15.0208,15.2071,9446
2020-04-28,15.2071,15.2395,14.9167,15.1654,10948
2020-04-29,15.1654,15.4018,15.0983,15.2953,11660
2020-04-30,15.2953,15.513,14.629,14.9649,27505
2020-05-01,14.9649,15.0511,14.7481,14.979,12781
2020-05-04,14.979,15.0701,14.7131,14.7822,14241
2020-05-05,14.7822,15.0422,14.7235,14.9658,9756
2020-05-06,14.9658,15.1691,14.81,14.8467,12156
2020-05-07,14.8467,15.4403,14.8239,15.3593,17685
2020-05-08,15.3593,15.6433,15.2205,15.4639,15225
2020-05-11,15.4639,15.6208,15.2809,15.4924,10487
2020-05-12,15.4924,15.6295,15.3426,15.4449,9258
2020-05-13,15.4449,15.6554,15.3198,15.582,10124
2020-05-14,15.582,15.8983,15.4515,15.8866,10196
2020-05-15,15.8866,16.7303,15.7819,16.6427,19403
2020-05-18,16.6427,17.5701,16.6427,16.9751,26667
2020-05-19,16.9751,17.492,16.9751,17.3466,21818
2020-05-20,17.3466,17.6317,17.2703,17.5593,20533
2020-05-21,17.5593,17.5593,16.8773,17.1101,24496
2020-05-22,17.1101,17.2508,16.7288,17.2104,22609
2020-05-25,17.2104,17.2104,16.9037,17.1084,11061
2020-05-26,17.1084,17.4557,17.0239,17.1214,22137
2020-05-27,17.1214,17.3601,16.8543,17.2678,15459
2020-05-28,17.2678,17.5225,17.1804,17.3752,18554
2020-05-29,17.3752,17.9173,17.2625,17.8706,17232
2020-06-01,17.8706,18.3896,17.8706,18.2993,15480
2020-06-02,18.2993,18.3719,17.7816,18.0791,14132
2020-06-03,18.0791,18.0859,17.4668,17.6559,18866
2020-06-04,17.6559,17.8506,17.4725,17.7076,12308
2020-06-05,17.7076,17.7715,17.2214,17.4341,18658
2020-06-08,17.4341,17.801,17.3273,17.7701,12229
2020-06-09,17.7701,17.7751,17.4717,17.5332,10186
2020-06-10,17.5332,18.1922,17.5328,18.0792,11734
2020-06-11,18.0792,18.1644,17.4827,17.6446,16174
2020-06-12,17.6446,17.7526,17.3912,17.4935,14460
2020-06-15,17.4935,17.5533,16.9506,17.3755,13756
2020-06-16,17.3755,17.5732,17.2921,17.4594,12208
2020-06-17,17.4594,17.6085,17.3404,17.504,7385
2020-06-18,17.504,17.682,17.3138,17.3759,7389
2020-06-19,17.3759,17.8064,17.3742,17.6134,6803
2020-06-22,17.6134,18.0349,17.6134,17.7069,10404
2020-06-23,17.7069,18.0183,17.6652,17.9461,9789
2020-06-24,17.9461,18.0856,17.3768,17.4985,13428
2020-06-25,17.4985,17.8151,17.4489,17.8066,8115
2020-06-26,17.8066,17.9481,17.4966,17.8003,8330
2020-06-29,17.8003,17.9649,17.6925,17.8418,7126
2020-06-30,17.8418,18.2411,17.7776,18.1877,8706
2020-07-01,18.1877,18.4452,17.8354,18.0151,12489
2020-07-02,18.0151,18.1329,17.7669,17.9472,9070
2020-07-03,17.9472,18.0675,17.9472,18.0442,3089
2020-07-06,18.0442,18.3984,17.9488,18.2719,8424
2020-07-07,18.2719,18.3621,17.9955,18.2616,7857
2020-07-08,18.2616,18.7686,18.2496,18.7227,10955
2020-07-09,18.7227,19.0397,18.4887,18.6563,13318
2020-07-10,18.6563,18.8093,18.4862,18.7234,8420
2020-07-13,18.7234,19.3797,18.7234,19.0674,11634
2020-07-14,19.0674,19.2967,18.8769,19.2205,13282
2020-07-15,19.2205,19.4794,19.1361,19.4122,10573
2020-07-16,19.4122,19.465,19.1019,19.1605,8447
2020-07-17,19.1605,19.3981,18.9311,19.3266,7341
2020-07-20,19.3266,19.9205,19.2573,19.9125,11602
2020-07-21,19.9125,21.3322,19.8562,21.2947,23172
2020-07-22,21.2947,23.0714,21.2919,23.0194,67162
2020-07-23,23.0194,23.2526,22.2552,22.5987,51702
2020-07-24,22.5987,22.9224,22.3991,22.7652,29445
2020-07-27,22.7652,24.6024,22.7257,24.6024,54405
2020-07-28,24.6024,26.2037,22.3091,24.3868,112154
2020-07-29,24.3868,24.9569,23.3195,24.2844,50316
2020-07-30,24.2844,24.4123,22.9171,23.4886,51831
2020-07-31,23.4886,24.4894,23.2857,24.4126,43291
2020-08-03,24.4126,24.9703,24.0395,24.3288,31217
2020-08-04,24.3288,26.0432,24.135,26.0011,40537
2020-08-05,26.0011,27.1454,25.3732,26.9447,73574
2020-08-06,26.9447,29.0862,26.8046,28.9023,66522
2020-08-07,28.9023,29.8588,27.3718,28.3065,109130
2020-08-10,28.3065,29.4121,27.8318,29.1389,67616
2020-08-11,29.1389,29.2685,24.39,24.8168,135272
2020-08-12,24.8168,26.2879,23.4452,25.5331,127755
2020-08-13,25.5331,27.7251,25.2831,27.4811,90762
2020-08-14,27.4811,27.7406,25.7453,26.4478,95343
2020-08-17,26.4478,27.574,25.8239,27.4849,68817
2020-08-18,27.4849,28.4677,27.1032,27.6684,72070
2020-08-19,27.6684,28.0323,26.4937,26.7184,91492
2020-08-20,26.7184,27.5314,26.606,27.2354,67990
2020-08-21,27.2354,27.5478,26.046,26.8002,50826
2020-08-24,26.8002,27.2427,26.267,26.6086,39056
2020-08-25,26.6086,26.8064,26.0638,26.5315,30375
2020-08-26,26.5315,27.4967,26.0929,27.4876,33049
2020-08-27,27.4876,27.9322,26.5141,26.9972,53071
2020-08-28,26.9972,27.7196,26.8379,27.5007,35599
2020-08-31,27.5007,28.3622,27.5007,28.1374,33021
2020-09-01,28.1374,28.9023,27.5827,28.1221,34403
2020-09-02,28.1221,28.3147,27.0717,27.4368,39157
2020-09-03,27.4368,27.7145,26.4847,26.5998,44846
2020-09-04,26.5998,27.0626,26.3039,26.9192,45668
2020-09-07,26.9192,27.1767,26.628,26.8628,19477
2020-09-08,26.8628,27.0997,25.8467,26.6693,39351
2020-09-09,26.6693,27.1261,26.4154,26.9783,26123
2020-09-10,26.9783,27.4902,26.6933,26.8867,29249
2020-09-11,26.8867,27.0339,26.5723,26.739,22975
2020-09-14,26.739,27.3061,26.6841,27.1296,15765
2020-09-15,27.1296,27.6276,27.0099,27.1425,19389
2020-09-16,27.1425,27.4432,26.8788,27.1628,25269
2020-09-17,27.1628,27.202,26.2902,27.0407,29154
2020-09-18,27.0407,27.2673,26.6929,26.7694,18808
2020-09-21,26.7694,26.9638,23.6996,24.7185,58683
2020-09-22,24.7185,25.2413,23.832,24.4038,49055
2020-09-23,24.4038,24.4791,22.5962,22.774,58189
2020-09-24,22.774,23.3526,21.6626,23.1485,62905
2020-09-25,23.1485,23.3054,22.4335,22.8853,37475
2020-09-28,22.8853,23.7292,22.5227,23.676,33610
2020-09-29,23.676,24.4059,23.3764,24.1716,27704
2020-09-30,24.1716,24.3159,23.1382,23.2332,35249
2020-10-01,23.2332,24.1694,23.2292,23.7872,31918
2020-10-02,23.7872,24.2071,23.4805,23.7269,38217
2020-10-05,23.7269,24.5191,23.6884,24.3809,23339
2020-10-06,24.3809,24.5066,22.8745,23.065,33115
2020-10-07,23.065,23.9835,23.0259,23.818,28536
2020-10-08,23.818,24.2187,23.6565,23.8342,19603
2020-10-09,23.8342,25.1803,23.8342,25.1598,21683
2020-10-12,25.1598,25.5632,24.7825,25.1005,30193
2020-10-13,25.1005,25.1953,23.9364,24.1273,33031
2020-10-14,24.1273,24.6384,23.878,24.2611,25798
2020-10-15,24.2611,24.3129,23.5769,24.2977,30847
2020-10-16,24.2977,24.5226,24.0624,24.1594,20528
2020-10-19,24.1594,24.9765,24.1198,24.3938,25920
2020-10-20,24.3938,24.9254,24.3231,24.6298,21384
2020-10-21,24.6298,25.2865,24.6298,25.0461,25902
2020-10-22,25.0461,25.0888,24.3769,24.7134,24395
2020-10-23,24.7134,24.8574,24.4139,24.6113,16500
2020-10-26,24.6113,24.6637,24.0979,24.2801,24560
2020-10-27,24.2801,24.6209,24.2008,24.3631,16720
2020-10-28,24.3631,24.5728,23.029,23.3824,34063
2020-10-29,23.3824,23.585,22.5912,23.2549,35610
2020-10-30,23.2549,23.8178,23.1784,23.6509,28852
2020-11-02,23.6509,24.1664,23.3974,24.0999,25711
2020-11-03,24.0999,24.3901,23.9124,24.2375,20913
2020-11-04,24.2375,24.5048,23.2296,23.8978,60115
2020-11-05,23.8978,25.4703,23.8971,25.3646,34434
2020-11-06,25.3646,25.8445,24.8966,25.6155,42137
2020-11-09,25.6155,26.0118,23.5755,24.0789,65989
2020-11-10,24.0789,24.4969,23.9066,24.2265,32501
2020-11-11,24.2265,24.4339,23.7811,24.2804,24123
2020-11-12,24.2804,24.4015,24.0439,24.2872,18955
2020-11-13,24.2872,24.8191,24.1586,24.6646,15863
2020-11-16,24.6646,25.0729,24.2205,24.7711,26623
2020-11-17,24.7711,24.8096,24.3684,24.4823,17672
2020-11-18,24.4823,24.7076,24.2022,24.3364,18517
2020-11-19,24.3364,24.3764,23.6415,24.0441,21043
2020-11-20,24.0441,24.5283,23.9096,24.1768,15962
2020-11-23,24.1768,24.397,23.4263,23.6013,21193
2020-11-24,23.6013,23.6376,22.9319,23.2705,24261
2020-11-25,23.2705,23.5245,23.1046,23.3403,15248
2020-11-26,23.3403,23.4831,23.1874,23.3329,7975
2020-11-27,23.3329,23.3329,22.3415,22.6952,15890
2020-11-30,22.6952,22.7563,21.8996,22.6265,24724
2020-12-01,22.6265,24.0532,22.5894,24.0022,19622
2020-12-02,24.0022,24.3238,23.5508,24.0913,21592
2020-12-03,24.0913,24.2835,23.7428,24.0625,20998
2020-12-04,24.0625,24.4177,23.9323,24.1886,19969
2020-12-07,24.1886,24.7815,23.527,24.4857,23452
2020-12-08,24.4857,24.8684,24.2225,24.5543,16238
2020-12-09,24.5543,24.5934,23.5885,23.9579,23780
2020-12-10,23.9579,24.2873,23.7209,23.9947,19589
2020-12-11,23.9947,24.1184,23.5999,23.9347,16636
2020-12-14,23.9347,24.2373,23.6666,23.8292,16539
2020-12-15,23.8292,24.5628,23.8292,24.5037,16289
2020-12-16,24.5037,25.4989,24.4466,25.3499,27299
2020-12-17,25.3499,26.1028,25.1591,26.0698,23397
2020-12-18,26.0698,26.1298,25.6584,25.8075,19502
2020-12-21,25.8075,27.4119,24.9596,26.174,67434
2020-12-22,26.174,26.5813,25.0791,25.1871,42097
2020-12-23,25.1871,25.7939,25.0601,25.5486,27984
2020-12-24,25.5486,25.9096,25.4208,25.8166,15970
2020-12-28,25.8166,26.7728,25.8166,26.2464,31647
2020-12-29,26.2464,26.6123,25.9507,26.2111,23777
2020-12-30,26.2111,26.6784,26.1485,26.6754,17576
2020-12-31,26.6754,26.7088,26.2167,26.3997,17961
2021-01-04,26.3997,27.5707,26.3997,27.2335,34331
2021-01-05,27.2335,27.6908,26.9905,27.5561,25368
2021-01-06,27.5561,27.9272,26.6034,27.3025,46370
2021-01-07,27.3025,27.3664,26.9226,27.1364,29024
2021-01-08,27.1364,27.2141,24.4753,25.4368,60346
2021-01-11,25.4368,25.5137,24.3401,24.9087,49404
2021-01-12,24.9087,25.6414,24.9087,25.5509,28899
2021-01-13,25.5509,25.6872,25.1303,25.213,23493
2021-01-14,25.213,25.8957,25.043,25.5084,27033
2021-01-15,25.5084,25.796,24.5842,24.7779,33223
2021-01-18,24.7779,25.1615,24.018,24.973,34261
2021-01-19,24.973,25.4165,24.9509,25.2195,31967
2021-01-20,25.2195,25.885,25.036,25.838,33801
2021-01-21,25.838,26.0532,25.6395,25.9325,32175
2021-01-22,25.9325,25.9685,25.029,25.5105,37811
2021-01-25,25.5105,25.769,25.1655,25.341,33098
2021-01-26,25.341,25.654,25.193,25.4735,22505
2021-01-27,25.4735,25.4975,24.7005,25.27,43548
2021-01-28,25.27,26.9755,24.864,26.4743,85952
2021-01-29,26.4743,27.658,26.0485,26.991,96035
2021-02-01,26.991,30.1365,26.991,29.028,181101
2021-02-02,29.028,29.028,26.2815,26.691,109566
2021-02-03,26.691,27.195,26.4915,26.8945,56637
2021-02-04,26.8945,26.9315,25.903,26.353,60380
2021-02-05,26.353,27.046,26.2015,26.9285,42271
2021-02-08,26.9285,27.585,26.8485,27.281,36263
2021-02-09,27.281,27.81,27.063,27.271,37331
2021-02-10,27.271,27.535,26.8255,27.022,37511
2021-02-11,27.022,27.295,26.7075,26.978,26972
2021-02-12,26.978,27.438,26.859,27.3605,22750
2021-02-15,27.3605,27.7065,27.3605,27.6,14041
2021-02-16,27.6,27.9567,26.8365,27.2395,43077
2021-02-17,27.2395,27.424,26.8635,27.3831,39103
2021-02-18,27.3831,27.5255,26.8715,27.0366,34589
2021-02-19,27.0366,27.611,26.482,27.291,44247
2021-02-22,27.291,28.2857,27.2755,28.1435,45091
2021-02-23,28.1435,28.3286,27.2473,27.688,49988
2021-02-24,27.688,28.0325,27.3255,27.945,39543
2021-02-25,27.945,28.2085,27.2795,27.4335,69768
2021-02-26,27.4335,27.5995,26.138,26.6715,84332
2021-03-01,26.6715,27.081,26.4425,26.572,40290
2021-03-02,26.572,26.9045,25.8425,26.7565,52193
2021-03-03,26.7565,26.829,25.8379,26.089,46155
2021-03-04,26.089,26.3035,25.06,25.357,76972
2021-03-05,25.357,25.4615,24.831,25.239,57700
2021-03-08,25.239,25.9275,24.9545,25.1255,49223
2021-03-09,25.1255,26.1344,25.0405,25.929,39062
2021-03-10,25.929,26.223,25.5545,26.218,30934
2021-03-11,26.218,26.458,25.84,26.128,30071
2021-03-12,26.128,26.1715,25.385,25.924,31800
2021-03-15,25.924,26.305,25.804,26.2415,26860
2021-03-16,26.2415,26.3095,25.8364,25.9398,21673
2021-03-17,25.9398,26.519,25.7614,26.3155,28999
2021-03-18,26.3155,26.637,25.8325,26.0695,36402
2021-03-19,26.0695,26.3213,25.8782,26.2555,25730
2021-03-22,26.2555,26.2555,25.4135,25.7525,29628
2021-03-23,25.7525,25.8286,25.014,25.054,22675
2021-03-24,25.054,25.3605,24.9845,25.092,19687
2021-03-25,25.092,25.1885,24.4105,25.057,31489
2021-03-26,25.057,25.258,24.87,25.0615,17769
2021-03-29,25.0615,25.1045,24.4495,24.6515,23615
2021-03-30,24.6515,24.7329,23.8565,24.019,25776
2021-03-31,24.019,24.5292,23.7805,24.414,21789
2021-04-01,24.414,24.9815,24.2545,24.957,19523
2021-04-05,24.957,25.0811,24.6115,24.8785,14987
2021-04-06,24.8785,25.3,24.7721,25.1585,17876
2021-04-07,25.1585,25.2759,24.858,25.1525,14759
2021-04-08,25.1525,25.6185,24.9692,25.4535,16104
2021-04-09,25.4535,25.503,24.9879,25.2655,16752
2021-04-12,25.2655,25.277,24.7101,24.817,16995
2021-04-13,24.817,25.4849,24.6845,25.342,17592
2021-04-14,25.342,25.536,25.197,25.4205,16361
2021-04-15,25.4205,25.988,25.3245,25.847,19824
2021-04-16,25.847,26.3043,25.75,25.964,17202
2021-04-19,25.964,26.2316,25.6352,25.827,23482
2021-04-20,25.827,26.0925,25.6935,25.8375,23191
2021-04-21,25.8375,26.6463,25.7651,26.549,22071
2021-04-22,26.549,26.5908,25.982,26.1492,22957
2021-04-23,26.1492,26.4085,25.8516,26.0035,21169
2021-04-26,26.0035,26.2216,25.857,26.2203,18411
2021-04-27,26.2203,26.4615,26.0537,26.2675,17685
2021-04-28,26.2675,26.3011,25.8345,26.201,25071
2021-04-29,26.201,26.4789,25.7135,26.099,22110
2021-04-30,26.099,26.1955,25.8025,25.929,20837
2021-05-03,25.929,26.9945,25.8088,26.8964,17205
2021-05-04,26.8964,27.1179,26.094,26.5075,25597
2021-05-05,26.5075,26.6291,26.105,26.483,17697
2021-05-06,26.483,27.4597,26.176,27.3083,26979
2021-05-07,27.3083,27.679,27.141,27.453,35503
2021-05-10,27.453,27.8849,27.2371,27.3015,39995
2021-05-11,27.3015,27.667,27.1055,27.613,34379
2021-05-12,27.613,27.696,26.957,27.0225,32993
2021-05-13,27.0225,27.245,26.7225,27.093,25079
2021-05-14,27.093,27.4855,26.8182,27.422,20378
2021-05-17,27.422,28.2877,27.3498,28.1765,22692
2021-05-18,28.1765,28.7515,28.0105,28.18,26141
2021-05-19,28.18,28.2366,27.3723,27.7357,42225
2021-05-20,27.7357,28.0033,27.3985,27.76,23726
2021-05-21,27.76,28.071,27.2035,27.565,26224
2021-05-24,27.565,27.9075,27.4624,27.773,20369
2021-05-25,27.773,28.037,27.4659,27.999,23457
2021-05-26,27.999,28.232,27.6055,27.6815,22644
2021-05-27,27.6815,27.8893,27.4969,27.845,18894
2021-05-28,27.845,27.9773,27.4015,27.9335,20824
2021-05-31,27.9335,28.1381,27.8793,28.0405,10603
2021-06-01,28.0405,28.5585,27.826,27.8975,23756
2021-06-02,27.8975,28.1905,27.6929,28.173,16008
2021-06-03,28.173,28.2385,27.0359,27.425,25484
2021-06-04,27.425,27.8498,27.2295,27.7925,21839
2021-06-07,27.7925,27.9522,27.479,27.8865,15089
2021-06-08,27.8865,27.9785,27.5077,27.6175,17871
2021-06-09,27.6175,28.003,27.52,27.7705,16438
2021-06-10,27.7705,28.0315,27.3955,27.993,23544
2021-06-11,27.993,28.286,27.8955,27.9235,21345
2021-06-14,27.9235,28.0214,27.4725,27.8547,20317
2021-06-15,27.8547,27.892,27.3935,27.657,20342
2021-06-16,27.657,27.832,26.6042,26.98,28880
2021-06-17,26.98,27.248,25.7758,25.9105,40780
2021-06-18,25.9105,26.4998,25.756,25.7803,37106
2021-06-21,25.7803,26.0835,25.5545,25.9485,28831
2021-06-22,25.9485,26.038,25.6926,25.771,19556
2021-06-23,25.771,26.2944,25.758,25.8895,17775
2021-06-24,25.8895,26.1703,25.8175,25.939,15435
2021-06-25,25.939,26.299,25.9158,26.092,15402
2021-06-28,26.092,26.2305,25.7945,26.099,17046
2021-06-29,26.099,26.123,25.525,25.7595,19392
2021-06-30,25.7595,26.147,25.7045,26.1291,14408
2021-07-01,26.1291,26.403,25.9509,26.032,17456
2021-07-02,26.032,26.564,25.9865,26.4645,17265
2021-07-05,26.4645,26.6201,26.3792,26.4865,8088
2021-07-06,26.4865,26.774,26.0106,26.158,20673
2021-07-07,26.158,26.4405,25.9825,26.145,16317
2021-07-08,26.145,26.2168,25.807,25.9315,19927
2021-07-09,25.9315,26.2125,25.7632,26.091,13061
2021-07-12,26.091,26.2845,25.8734,26.199,12249
2021-07-13,26.199,26.3509,25.9365,25.9855,14556
2021-07-14,25.9855,26.4648,25.945,26.2505,14142
2021-07-15,26.2505,26.3987,26.161,26.345,11131
2021-07-16,26.345,26.451,25.6003,25.674,17215
2021-07-19,25.674,25.7606,24.9975,25.182,22018
2021-07-20,25.182,25.2757,24.8145,24.939,15985
2021-07-21,24.939,25.3095,24.758,25.2655,14046
2021-07-22,25.2655,25.4623,25.016,25.4295,12127
2021-07-23,25.4295,25.4766,25.0047,25.1745,10439
2021-07-26,25.1745,25.4375,25.1245,25.191,10973
2021-07-27,25.191,25.2655,24.4954,24.6885,15930
2021-07-28,24.6885,25.015,24.613,24.9644,15830
2021-07-29,24.9644,25.8005,24.9644,25.5115,13840
2021-07-30,25.5115,25.6405,25.3455,25.4915,11939
2021-08-02,25.4915,25.6387,25.303,25.408,13745
2021-08-03,25.408,25.6014,25.2457,25.5195,9866
2021-08-04,25.5195,26.0055,25.3299,25.3867,14497
2021-08-05,25.3867,25.5108,25.0847,25.156,10766
2021-08-06,25.156,25.2055,24.2005,24.346,17963
2021-08-09,24.346,24.375,22.102,23.4505,42726
2021-08-10,23.4505,23.6776,23.238,23.3435,14331
2021-08-11,23.3435,23.593,23.2115,23.541,16049
2021-08-12,23.541,23.5515,23.009,23.1835,15379
2021-08-13,23.1835,23.832,23.1715,23.7595,12461
2021-08-16,23.7595,23.8985,23.4285,23.843,10744
2021-08-17,23.843,23.9585,23.5715,23.657,14196
2021-08-18,23.657,23.828,23.293,23.506,15836
2021-08-19,23.506,23.5414,23.0965,23.244,18515
2021-08-20,23.244,23.3255,22.8786,23.032,15538
2021-08-23,23.032,23.6922,22.9786,23.6414,15744
2021-08-24,23.6414,23.954,23.5358,23.865,13139
2021-08-25,23.865,23.891,23.579,23.8393,14390
2021-08-26,23.8393,23.872,23.4364,23.5575,16859
2021-08-27,23.5575,24.1175,23.3465,24.027,19473
2021-08-30,24.027,24.2185,23.915,24.0355,12348
2021-08-31,24.0355,24.2075,23.8065,23.8945,12776
2021-09-01,23.8945,24.2675,23.7568,24.153,13546
2021-09-02,24.153,24.219,23.7904,23.9055,10600
2021-09-03,23.9055,24.8715,23.8825,24.716,16953
2021-09-06,24.716,24.8225,24.642,24.692,6040
2021-09-07,24.692,24.828,24.1676,24.315,14047
2021-09-08,24.315,24.4152,23.91,23.9481,15135
2021-09-09,23.9481,24.292,23.848,24.0409,14402
2021-09-10,24.0409,24.3002,23.729,23.7475,13057
2021-09-13,23.7475,23.859,23.3795,23.7385,14915
2021-09-14,23.7385,23.9625,23.4343,23.8585,15979
2021-09-15,23.8585,23.9125,23.6669,23.8425,11874
2021-09-16,23.8425,23.968,22.604,22.905,25321
2021-09-17,22.905,23.138,22.334,22.404,16610
2021-09-20,22.404,22.515,22.039,22.268,17034
2021-09-21,22.268,22.7245,22.2435,22.4945,13593
2021-09-22,22.4945,23.1465,22.4696,22.695,24281
2021-09-23,22.695,22.8815,22.4745,22.5105,16323
2021-09-24,22.5105,22.8015,22.11,22.421,13800
2021-09-27,22.421,22.8515,22.4026,22.632,13939
2021-09-28,22.632,22.6715,22.105,22.459,21782
2021-09-29,22.459,22.552,21.4238,21.5353,20247
2021-09-30,21.5353,22.2355,21.473,22.1765,19187
2021-10-01,22.1765,22.5865,21.9923,22.539,17668
2021-10-04,22.539,22.7835,22.2842,22.681,15836
2021-10-05,22.681,22.7055,22.374,22.62,12346
2021-10-06,22.62,22.68,22.2105,22.624,17120
2021-10-07,22.624,22.8085,22.3885,22.5905,13842
2021-10-08,22.5905,23.191,22.4363,22.671,21802
2021-10-11,22.671,22.822,22.4965,22.579,11534
2021-10-12,22.579,22.769,22.347,22.564,14276
2021-10-13,22.564,23.248,22.4705,23.0893,18850
2021-10-14,23.0893,23.5835,22.9013,23.5173,14187
2021-10-15,23.5173,23.5914,23.071,23.3085,14824
2021-10-18,23.3085,23.4525,23.013,23.1932,17735
2021-10-19,23.1932,24.1237,23.1883,23.6645,17825
2021-10-20,23.6645,24.4223,23.5775,24.2992,15609
2021-10-21,24.2992,24.4864,24.009,24.1536,19008
2021-10-22,24.1536,24.8285,24.1255,24.326,22878
2021-10-25,24.326,24.6215,24.282,24.5695,14140
2021-10-26,24.5695,24.5849,23.8785,24.1545,15705
2021-10-27,24.1545,24.2523,23.8365,24.066,16339
2021-10-28,24.066,24.249,23.964,24.0755,18778
2021-10-29,24.0755,24.098,23.6578,23.894,20691
2021-11-01,23.894,24.0975,23.751,24.044,12657
2021-11-02,24.044,24.0653,23.3913,23.534,14054
2021-11-03,23.534,23.623,23.0203,23.5208,20129
2021-11-04,23.5208,24.0436,23.444,23.7905,16304
2021-11-05,23.7905,24.1695,23.6245,24.1685,19422
2021-11-08,24.1685,24.513,24.0577,24.46,14700
2021-11-09,24.46,24.4775,24.0278,24.307,14467
2021-11-10,24.307,25.129,24.051,24.6385,25253
2021-11-11,24.6385,25.2648,24.592,25.259,18395
2021-11-12,25.259,25.3898,24.8491,25.3155,17445
2021-11-15,25.3155,25.3828,24.9095,25.0651,15745
2021-11-16,25.0651,25.4055,24.7717,24.8307,20187
2021-11-17,24.8307,25.2083,24.8105,25.0805,14384
2021-11-18,25.0805,25.1599,24.682,24.806,16135
2021-11-19,24.806,24.9815,24.556,24.629,21708
2021-11-22,24.629,24.8871,24.1066,24.1815,21647
2021-11-23,24.1815,24.324,23.2765,23.6623,24426
2021-11-24,23.6623,23.688,23.399,23.553,18583
2021-11-25,23.553,23.728,23.52,23.6035,5552
2021-11-26,23.6035,23.73,22.9206,23.1715,21770
2021-11-29,23.1715,23.4435,22.7555,22.9045,20814
2021-11-30,22.9045,23.312,22.6935,22.838,28148
2021-12-01,22.838,23.0325,22.188,22.337,24760
2021-12-02,22.337,22.5045,22.219,22.387,19929
2021-12-03,22.387,22.5911,22.0385,22.552,20800
2021-12-06,22.552,22.603,22.128,22.388,12782
2021-12-07,22.388,22.601,22.235,22.4965,10324
2021-12-08,22.4965,22.5646,22.31,22.426,9927
2021-12-09,22.426,22.478,21.8675,21.9645,13201
2021-12-10,21.9645,22.234,21.8305,22.188,11332
2021-12-13,22.188,22.42,22.1485,22.329,8389
2021-12-14,22.329,22.3395,21.6935,21.9505,12042
2021-12-15,21.9505,22.1295,21.427,22.0915,18132
2021-12-16,22.0915,22.5375,21.917,22.481,14620
2021-12-17,22.481,22.681,22.3645,22.374,10675
2021-12-20,22.374,22.446,22.195,22.2645,8767
2021-12-21,22.2645,22.791,22.1815,22.5085,11212
2021-12-22,22.5085,22.835,22.4455,22.798,7758
2021-12-23,22.798,22.936,22.656,22.882,8001
2021-12-27,22.882,23.1166,22.6495,23.0645,8416
2021-12-28,23.0645,23.4355,22.9655,23.015,8487
2021-12-29,23.015,23.158,22.591,22.826,10022
2021-12-30,22.826,23.115,22.605,23.0465,8243
2021-12-31,23.0465,23.338,23.037,23.306,9486
2022-01-03,23.306,23.407,22.678,22.8935,14871
2022-01-04,22.8935,23.1015,22.6445,23.0485,13331
2022-01-05,23.0485,23.2585,22.7246,22.793,12316
2022-01-06,22.793,22.8325,22.007,22.195,20161
2022-01-07,22.195,22.441,21.9475,22.3675,15943
2022-01-10,22.3675,22.5192,22.1945,22.472,14002
2022-01-11,22.472,22.8075,22.4499,22.783,11740
2022-01-12,22.783,23.2235,22.65,23.1485,12661
2022-01-13,23.1485,23.272,22.999,23.089,12345
2022-01-14,23.089,23.3115,22.8298,22.965,12148
2022-01-17,22.965,23.116,22.8375,23.0285,4994
2022-01-18,23.0285,23.6375,22.8105,23.4785,16890
2022-01-19,23.4785,24.211,23.3925,24.149,14480
2022-01-20,24.149,24.7025,24.0791,24.469,16119
2022-01-21,24.469,24.5805,24.1712,24.3035,19499
2022-01-24,24.3035,24.312,23.565,23.986,21912
2022-01-25,23.986,23.986,23.603,23.813,16391
2022-01-26,23.813,23.975,23.4365,23.523,23652
2022-01-27,23.523,23.5985,22.58,22.765,26272
2022-01-28,22.765,22.823,22.1527,22.4735,23859
2022-01-31,22.4735,22.6452,22.2525,22.4675,15314
2022-02-01,22.4675,23.0435,22.408,22.64,18000
2022-02-02,22.64,22.865,22.47,22.652,14065
2022-02-03,22.652,22.6605,22.0069,22.42,18857
2022-02-04,22.42,22.6725,22.1146,22.524,21612
2022-02-07,22.524,23.1015,22.524,23.01,15411
2022-02-08,23.01,23.258,22.778,23.191,10821
2022-02-09,23.191,23.3555,23.0935,23.314,9853
2022-02-10,23.314,23.715,23.135,23.1935,19745
2022-02-11,23.1935,23.6908,22.8626,23.603,25219
2022-02-14,23.603,23.941,23.5245,23.8535,37483
2022-02-15,23.8535,23.9902,23.08,23.368,34654
2022-02-16,23.368,23.6695,23.2815,23.584,24020
2022-02-17,23.584,23.9209,23.427,23.833,37371
2022-02-18,23.833,24.091,23.6859,23.8935,27409
2022-02-21,23.8935,24.042,23.6992,23.956,29665
2022-02-22,23.956,24.368,23.9075,24.1005,49409
2022-02-23,24.1005,24.5903,24.0316,24.5567,24818
2022-02-24,24.5567,25.6218,23.836,24.2209,217141
2022-02-25,24.2209,24.499,23.8787,24.2745,82131
2022-02-28,24.2745,24.6785,24.0942,24.46,124818
2022-03-01,24.46,25.543,24.2827,25.386,57702
2022-03-02,25.386,25.3935,24.8595,25.2965,111587
2022-03-03,25.2965,25.478,24.9729,25.1866,83255
2022-03-04,25.1866,25.7414,25.047,25.701,132840
2022-03-07,25.701,26.144,25.2952,25.6765,253913
2022-03-08,25.6765,26.9487,25.358,26.4085,543476
2022-03-09,26.4085,26.7805,25.4021,25.787,419172
2022-03-10,25.787,26.0674,25.314,25.915,230238
2022-03-11,25.915,26.0008,25.4159,25.8785,177405
2022-03-14,25.8785,25.8785,24.9335,25.0475,142479
2022-03-15,25.0475,25.1203,24.537,24.8945,136047
2022-03-16,24.8945,25.1126,24.472,25.0918,133153
2022-03-17,25.0918,25.543,25.0105,25.375,104132
2022-03-18,25.375,25.4549,24.834,24.9655,84857
2022-03-21,24.9655,25.3092,24.887,25.2007,56395
2022-03-22,25.2007,25.3832,24.5775,24.774,59054
2022-03-23,24.774,25.2057,24.6775,25.1255,46640
2022-03-24,25.1255,25.8515,24.9729,25.5405,86594
2022-03-25,25.5405,25.7245,25.261,25.528,71236
2022-03-28,25.528,25.5874,24.799,24.869,85381
2022-03-29,24.869,25.0125,23.973,24.7828,88194
2022-03-30,24.7828,25.0674,24.7011,24.8665,68126
2022-03-31,24.8665,25.0895,24.571,24.7875,56182
2022-04-01,24.7875,24.864,24.4263,24.631,81375
2022-04-04,24.631,24.846,24.2819,24.5355,58026
2022-04-05,24.5355,24.9485,24.225,24.3255,56035
2022-04-06,24.3255,24.5685,24.1285,24.458,50979
2022-04-07,24.458,24.6635,24.244,24.594,31237
2022-04-08,24.594,24.8088,24.375,24.766,28288
2022-04-11,24.766,25.375,24.676,25.1015,54152
2022-04-12,25.1015,25.6135,24.8745,25.3695,45772
2022-04-13,25.3695,25.8332,25.3506,25.738,40975
2022-04-14,25.738,25.8734,25.2935,25.645,40691
2022-04-18,25.645,26.2225,25.632,25.8654,64122
2022-04-19,25.8654,26.002,25.0569,25.1723,58024
2022-04-20,25.1723,25.2935,24.8955,25.1993,36153
2022-04-21,25.1993,25.1993,24.4217,24.654,48963
2022-04-22,24.654,24.6696,24.05,24.1655,59414
2022-04-25,24.1655,24.1805,23.403,23.615,73311
2022-04-26,23.615,23.927,23.4025,23.513,52399
2022-04-27,23.513,23.6962,23.2462,23.305,67468
2022-04-28,23.305,23.4035,22.892,23.1465,69238
2022-04-29,23.1465,23.5653,22.6839,22.7675,63470
2022-05-02,22.7675,22.8594,22.1219,22.6465,68520
2022-05-03,22.6465,22.8409,22.4225,22.5756,59667
2022-05-04,22.5756,23.0924,22.2163,22.9864,89150
2022-05-05,22.9864,23.2824,22.323,22.5135,85813
2022-05-06,22.5135,22.6435,22.103,22.3625,78279
2022-05-09,22.3625,22.3705,21.6925,21.788,74420
2022-05-10,21.788,22.1038,21.1853,21.2717,76742
2022-05-11,21.2717,21.9629,21.2441,21.5685,105869
2022-05-12,21.5685,21.6604,20.6177,20.672,87854
2022-05-13,20.672,21.1215,20.4577,21.111,69263
2022-05-16,21.111,21.6877,20.8454,21.623,56437
2022-05-17,21.623,21.9159,21.5115,21.6245,46716
2022-05-18,21.6245,21.7571,21.3747,21.4117,42791
2022-05-19,21.4117,21.9971,21.2828,21.9245,48819
2022-05-20,21.9245,22.0799,21.6086,21.759,43071
2022-05-23,21.759,22.1915,21.6731,21.8015,52796
2022-05-24,21.8015,22.2055,21.6723,22.109,42935
2022-05-25,22.109,22.1464,21.7429,21.9925,49140
2022-05-26,21.9925,22.0735,21.7275,22.019,28495
2022-05-27,22.019,22.446,21.9409,22.102,35976
2022-05-30,22.102,22.2835,21.9145,21.975,31900
2022-05-31,21.975,22.0045,21.4779,21.556,48406
2022-06-01,21.556,21.9747,21.4385,21.832,41852
2022-06-02,21.832,22.3325,21.764,22.312,42006
2022-06-03,22.312,22.4859,21.85,21.924,54459
2022-06-06,21.924,22.5175,21.8988,22.077,48115
2022-06-07,22.077,22.2855,21.8634,22.227,35519
2022-06-08,22.227,22.2476,21.8105,22.0525,28901
2022-06-09,22.0525,22.147,21.554,21.6875,34876
2022-06-10,21.6875,21.9955,21.278,21.8985,78082
2022-06-13,21.8985,22.003,20.964,21.0805,76084
2022-06-14,21.0805,21.3809,20.897,21.038,57834
2022-06-15,21.038,21.8479,21.0105,21.6805,38378
2022-06-16,21.6805,21.9655,21.349,21.959,26515
2022-06-17,21.959,21.959,21.58,21.682,21851
2022-06-20,21.682,21.7645,21.474,21.6074,16368
2022-06-21,21.6074,21.94,21.495,21.693,17757
2022-06-22,21.693,21.693,21.2376,21.4195,25640
2022-06-23,21.4195,21.509,20.9205,20.95,21633
2022-06-24,20.95,21.2229,20.6157,21.1405,24081
2022-06-27,21.1405,21.5399,21.0966,21.1498,21820
2022-06-28,21.1498,21.3625,20.797,20.855,16631
2022-06-29,20.855,21.0621,20.633,20.748,20619
2022-06-30,20.748,20.8229,20.2142,20.284,25918
2022-07-01,20.284,20.2977,19.387,19.8635,35617
2022-07-04,19.8635,19.9882,19.7719,19.9785,16959
2022-07-05,19.9785,20.2021,19.101,19.2265,32616
2022-07-06,19.2265,19.394,18.92,19.202,39689
2022-07-07,19.202,19.4882,19.1046,19.2315,24612
2022-07-08,19.2315,19.4519,19.0207,19.3155,25156
2022-07-11,19.3155,19.3735,19.0695,19.1135,16906
2022-07-12,19.1135,19.2059,18.7477,18.937,25805
2022-07-13,18.937,19.41,18.862,19.207,23816
2022-07-14,19.207,19.2365,18.1423,18.426,28628
2022-07-15,18.426,18.78,18.1915,18.7055,22454
2022-07-18,18.7055,19.0185,18.6425,18.7015,19604
2022-07-19,18.7015,18.9103,18.5857,18.749,17413
2022-07-20,18.749,19.0966,18.65,18.6785,13106
2022-07-21,18.6785,18.881,18.2452,18.8669,27039
2022-07-22,18.8669,18.9503,18.5125,18.6045,19762
2022-07-25,18.6045,18.7906,18.3187,18.4355,18284
2022-07-26,18.4355,18.7261,18.3907,18.6255,16128
2022-07-27,18.6255,19.134,18.455,19.087,22099
2022-07-28,19.087,20.0265,19.059,20.0145,27935
2022-07-29,20.0145,20.368,19.849,20.358,25186
2022-08-01,20.358,20.5105,20.0845,20.3625,25498
2022-08-02,20.3625,20.5097,19.954,19.9845,27702
2022-08-03,19.9845,20.175,19.784,20.063,21546
2022-08-04,20.063,20.389,19.9673,20.1795,18280
2022-08-05,20.1795,20.3167,19.5519,19.9015,22932
2022-08-08,19.9015,20.743,19.801,20.678,13711
2022-08-09,20.678,20.741,20.4175,20.5325,13656
2022-08-10,20.5325,20.8435,20.352,20.5955,16355
2022-08-11,20.5955,20.6345,20.247,20.306,13767
2022-08-12,20.306,20.834,20.2419,20.817,12045
2022-08-15,20.817,20.8732,20.0915,20.267,14262
2022-08-16,20.267,20.2977,19.915,20.1415,13205
2022-08-17,20.1415,20.2786,19.6985,19.796,14517
2022-08-18,19.796,19.937,19.4855,19.54,13035
2022-08-19,19.54,19.568,19.027,19.056,13322
2022-08-22,19.056,19.1565,18.7205,18.9895,20473
2022-08-23,18.9895,19.2803,18.7981,19.1115,18866
2022-08-24,19.1115,19.2295,18.9555,19.1225,12612
2022-08-25,19.1225,19.4035,19.1078,19.25,12317
2022-08-26,19.25,19.4315,18.8285,18.9025,19792
2022-08-29,18.9025,18.9145,18.5189,18.784,20368
2022-08-30,18.784,18.8444,18.3524,18.4345,16728
2022-08-31,18.4345,18.5445,17.9385,17.9925,18307
2022-09-01,17.9925,18.002,17.559,17.8065,20670
2022-09-02,17.8065,18.288,17.7808,18.061,19798
2022-09-05,18.061,18.2527,17.9503,18.1715,10426
2022-09-06,18.1715,18.5886,17.945,18.007,20172
2022-09-07,18.007,18.4765,17.8485,18.46,19952
2022-09-08,18.46,18.7407,18.3234,18.5395,21322
2022-09-09,18.5395,18.9475,18.5306,18.843,17336
2022-09-12,18.843,20.014,18.843,19.801,18803
2022-09-13,19.801,19.9467,19.334,19.347,27819
2022-09-14,19.347,19.6975,19.2373,19.64,23784
2022-09-15,19.64,19.6676,19.1135,19.1725,19158
2022-09-16,19.1725,19.6225,18.7835,19.578,23966
2022-09-19,19.578,19.6575,19.2215,19.5535,17279
2022-09-20,19.5535,19.5792,19.065,19.278,17243
2022-09-21,19.278,19.921,19.2413,19.561,33302
2022-09-22,19.561,19.8592,19.2491,19.6355,35463
2022-09-23,19.6355,19.7132,18.777,18.873,31600
2022-09-26,18.873,19.0326,18.3295,18.357,42380
2022-09-27,18.357,18.7874,18.3211,18.3945,28506
2022-09-28,18.3945,18.9761,17.966,18.8925,40137
2022-09-29,18.8925,18.9125,18.4955,18.8245,32336
2022-09-30,18.8245,19.293,18.7778,19.036,32880
2022-10-03,19.036,20.7167,19.036,20.7085,30240
2022-10-04,20.7085,21.2401,20.6105,21.072,29788
2022-10-05,21.072,21.072,19.9395,20.6445,28764
2022-10-06,20.6445,20.8696,20.36,20.6575,28194
2022-10-07,20.6575,20.8276,19.9987,20.139,34134
2022-10-10,20.139,20.1925,19.519,19.6085,29638
2022-10-11,19.6085,19.7243,19.0641,19.1535,33929
2022-10-12,19.1535,19.3151,18.8657,19.023,32078
2022-10-13,19.023,19.3114,18.4045,18.886,34794
2022-10-14,18.886,19.0743,18.091,18.2815,29840
2022-10-17,18.2815,18.9432,18.2815,18.673,22973
2022-10-18,18.673,18.9255,18.5462,18.7335,25365
2022-10-19,18.7335,18.8143,18.3677,18.45,23718
2022-10-20,18.45,19.0035,18.2317,18.671,26205
2022-10-21,18.671,19.4145,18.285,19.4045,40136
2022-10-24,19.4045,19.6862,19.0195,19.222,36921
2022-10-25,19.222,19.4323,18.791,19.346,26392
2022-10-26,19.346,19.7796,19.217,19.5905,27036
2022-10-27,19.5905,19.6706,19.2937,19.604,33911
2022-10-28,19.604,19.6398,18.9993,19.2555,28820
2022-10-31,19.2555,19.2579,18.9041,19.166,19782
2022-11-01,19.166,20.0301,19.1262,19.6295,30645
2022-11-02,19.6295,20.08,19.2145,19.226,35897
2022-11-03,19.226,19.5435,18.836,19.469,27185
2022-11-04,19.469,20.9068,19.4184,20.842,35259
2022-11-07,20.842,21.0085,20.3875,20.7995,27009
2022-11-08,20.7995,21.627,20.4945,21.356,24966
2022-11-09,21.356,21.6095,20.9965,21.0585,31744
2022-11-10,21.0585,21.8309,20.9586,21.6835,37497
2022-11-11,21.6835,22.0639,21.2775,21.71,34212
2022-11-14,21.71,22.0885,21.2977,21.9855,28639
2022-11-15,21.9855,22.2496,21.3865,21.5655,42999
2022-11-16,21.5655,22.0494,21.3977,21.4645,34575
2022-11-17,21.4645,21.4703,20.756,20.9555,28750
2022-11-18,20.9555,21.2969,20.842,20.949,24504
2022-11-21,20.949,21.0058,20.584,20.855,25316
2022-11-22,20.855,21.3372,20.8362,21.0835,22941
2022-11-23,21.0835,21.6055,20.912,21.536,25293
2022-11-24,21.536,21.679,21.4618,21.5104,13027
2022-11-25,21.5104,21.5557,21.1615,21.4564,18893
2022-11-28,21.4564,21.619,20.8682,20.944,25346
2022-11-29,20.944,21.4498,20.9035,21.259,25660
2022-11-30,21.259,22.2032,21.198,22.1955,31169
2022-12-01,22.1955,22.7848,22.0474,22.7535,30809
2022-12-02,22.7535,23.235,22.28,23.1475,36758
2022-12-05,23.1475,23.5185,22.1678,22.252,34098
2022-12-06,22.252,22.6069,22.0229,22.1905,29011
2022-12-07,22.1905,22.8198,22.094,22.7305,31926
2022-12-08,22.7305,23.2237,22.5475,23.0705,25340
2022-12-09,23.0705,23.6826,22.956,23.475,30624
2022-12-12,23.475,23.535,23.1115,23.315,21694
2022-12-13,23.315,24.1312,23.2954,23.735,36337
2022-12-14,23.735,24.0495,23.3864,23.9445,34634
2022-12-15,23.9445,23.9445,22.963,23.09,35712
2022-12-16,23.09,23.2532,22.5575,23.2325,28986
2022-12-19,23.2325,23.412,22.8365,22.9945,21712
2022-12-20,22.9945,24.2503,22.8842,24.1485,33702
2022-12-21,24.1485,24.3008,23.8298,23.9725,25018
2022-12-22,23.9725,24.0911,23.3807,23.5745,24103
2022-12-23,23.5745,23.8986,23.5136,23.739,21690
2022-12-27,23.739,24.286,23.739,24.048,20894
2022-12-28,24.048,24.0734,23.466,23.5435,21069
2022-12-29,23.5435,24.0624,23.5228,23.905,18513
2022-12-30,23.905,24.1515,23.5265,23.967,23050
2023-01-03,23.967,24.55,23.8871,24.0011,39824
2023-01-04,24.0011,24.463,23.5895,23.7645,31862
2023-01-05,23.7645,23.9177,23.1165,23.239,29414
2023-01-06,23.239,23.913,23.2035,23.8445,28298
2023-01-09,23.8445,24.102,23.5845,23.654,24326
2023-01-10,23.654,23.7695,23.431,23.6055,27115
2023-01-11,23.6055,24.0405,23.2167,23.419,23082
2023-01-12,23.419,24.1845,23.3763,23.77,36243
2023-01-13,23.77,24.295,23.4957,24.2695,27061
2023-01-16,24.2695,24.5071,23.9345,24.278,17586
2023-01-17,24.278,24.3703,23.8305,23.934,26072
2023-01-18,23.934,24.3465,23.4261,23.47,33462
2023-01-19,23.47,23.94,23.168,23.8465,31313
2023-01-20,23.8465,24.077,23.7081,23.919,25644
2023-01-23,23.919,24.16,22.7598,23.4655,26060
2023-01-24,23.4655,23.74,23.2141,23.675,24483
2023-01-25,23.675,23.9395,23.3352,23.901,24503
2023-01-26,23.901,24.291,23.6004,23.92,29656
2023-01-27,23.92,24.0065,23.2995,23.602,22599
2023-01-30,23.602,23.8085,23.5429,23.605,22655
2023-01-31,23.605,23.7655,22.9745,23.732,25564
2023-02-01,23.732,24.0375,23.3681,23.978,33228
2023-02-02,23.978,24.637,23.4235,23.4725,35792
2023-02-03,23.4725,23.6063,22.289,22.3525,39169
2023-02-06,22.3525,22.6136,22.1495,22.2855,26633
2023-02-07,22.2855,22.461,22.0481,22.162,33779
2023-02-08,22.162,22.537,22.162,22.3205,24155
2023-02-09,22.3205,22.594,21.9132,21.9765,25498
2023-02-10,21.9765,22.3081,21.8324,22.01,32118
2023-02-13,22.01,22.083,21.7945,21.9965,20962
2023-02-14,21.9965,22.0418,21.604,21.862,36698
2023-02-15,21.862,21.8834,21.4278,21.6275,24767
2023-02-16,21.6275,21.8156,21.4325,21.5805,25490
2023-02-17,21.5805,21.809,21.1791,21.738,25608
2023-02-20,21.738,21.9076,21.5535,21.8175,14675
2023-02-21,21.8175,21.9775,21.6478,21.836,23220
2023-02-22,21.836,21.9815,21.4445,21.5195,23496
2023-02-23,21.5195,21.6812,21.2647,21.312,21506
2023-02-24,21.312,21.4,20.7401,20.7595,19907
2023-02-27,20.7595,20.8468,20.5605,20.6315,21013
2023-02-28,20.6315,21.0065,20.4214,20.9005,19876
2023-03-01,20.9005,21.1802,20.8321,20.9895,22995
2023-03-02,20.9895,21.0158,20.6748,20.9015,21595
2023-03-03,20.9015,21.277,20.845,21.277,17644
2023-03-06,21.277,21.3063,20.982,21.047,18569
2023-03-07,21.047,21.1412,20.0278,20.0625,23098
2023-03-08,20.0625,20.2275,19.9142,20.024,22496
2023-03-09,20.024,20.2945,19.979,20.066,16840
2023-03-10,20.066,20.7947,19.9021,20.532,31752
2023-03-13,20.532,21.9275,20.532,21.798,54983
2023-03-14,21.798,21.9765,21.486,21.684,37612
2023-03-15,21.684,22.386,21.5425,21.7815,46496
2023-03-16,21.7815,22.0901,21.4692,21.6885,38862
2023-03-17,21.6885,22.607,21.6628,22.599,28981
2023-03-20,22.599,22.7169,22.221,22.5455,38676
2023-03-21,22.5455,22.655,22.155,22.3985,22396
2023-03-22,22.3985,23.0746,22.2726,22.9915,31096
2023-03-23,22.9915,23.2242,22.7612,23.102,27819
2023-03-24,23.102,23.5255,22.9682,23.2315,28144
2023-03-27,23.2315,23.2469,22.8495,23.0735,19624
2023-03-28,23.0735,23.378,22.826,23.3285,17116
2023-03-29,23.3285,23.4155,23.0484,23.343,13855
2023-03-30,23.343,23.9342,23.237,23.911,20304
2023-03-31,23.911,24.1625,23.6952,24.1,17016
2023-04-03,24.1,24.1935,23.5715,23.9815,24784
2023-04-04,23.9815,25.0235,23.8276,25.0065,25091
2023-04-05,25.0065,25.1387,24.6445,24.943,21619
2023-04-06,24.943,25.013,24.5664,24.968,19858
2023-04-10,24.968,25.0763,24.7195,24.8775,15991
2023-04-11,24.8775,25.1345,24.8375,25.05,15732
2023-04-12,25.05,25.6703,25.04,25.4985,26410
2023-04-13,25.4985,25.975,25.392,25.8315,21192
2023-04-14,25.8315,26.086,25.153,25.38,29700
2023-04-17,25.38,25.608,24.809,25.0355,21358
2023-04-18,25.0355,25.3215,24.9315,25.192,16680
2023-04-19,25.192,25.374,24.644,25.2875,23914
2023-04-20,25.2875,25.496,25.0575,25.29,22921
2023-04-21,25.29,25.3869,24.9005,25.0915,24397
2023-04-24,25.0915,25.238,24.7909,25.165,21120
2023-04-25,25.165,25.3616,24.4954,25.016,27695
2023-04-26,25.016,25.2309,24.728,24.88,24589
2023-04-27,24.88,25.1425,24.5105,24.9285,24456
2023-04-28,24.9285,25.0705,24.7295,25.0555,26859
2023-05-01,25.0555,25.9123,24.8845,24.994,25703
2023-05-02,24.994,25.4845,24.5815,25.3805,26776
2023-05-03,25.3805,25.6105,25.0905,25.5785,29451
2023-05-04,25.5785,26.0635,25.4405,26.049,39267
2023-05-05,26.049,26.1354,25.1709,25.6625,26676
2023-05-08,25.6625,25.7355,25.5083,25.5525,18745
2023-05-09,25.5525,25.6731,25.324,25.6045,18064
2023-05-10,25.6045,25.9197,25.2253,25.39,28366
2023-05-11,25.39,25.4775,24.1415,24.187,32626
2023-05-12,24.187,24.2107,23.7411,23.974,22698
2023-05-15,23.974,24.2111,23.8781,24.0915,19315
2023-05-16,24.0915,24.107,23.634,23.7475,24061
2023-05-17,23.7475,23.8833,23.5425,23.7505,22469
2023-05-18,23.7505,23.7827,23.328,23.499,19609
2023-05-19,23.499,24.0185,23.3975,23.8405,23657
2023-05-22,23.8405,23.921,23.6075,23.6315,22065
2023-05-23,23.6315,23.6557,23.1115,23.4495,22660
2023-05-24,23.4495,23.5359,23.027,23.06,22158
2023-05-25,23.06,23.15,22.699,22.7325,21500
2023-05-26,22.7325,23.3351,22.6778,23.3165,18632
2023-05-29,23.3165,23.3764,23.1562,23.1675,10923
2023-05-30,23.1675,23.3418,22.9269,23.193,19489
2023-05-31,23.193,23.6169,23.1012,23.515,22511
2023-06-01,23.515,23.922,23.2796,23.88,23616
2023-06-02,23.88,24.0211,23.583,23.6225,21911
2023-06-05,23.6225,23.6895,23.2505,23.571,18795
2023-06-06,23.571,23.7775,23.3391,23.5965,16736
2023-06-07,23.5965,24.0575,23.4045,23.4425,20211
2023-06-08,23.4425,24.356,23.4303,24.2684,18215
2023-06-09,24.2684,24.5265,24.1948,24.2825,16387
2023-06-12,24.2825,24.305,23.8809,24.0655,16452
2023-06-13,24.0655,24.4095,23.599,23.668,23544
2023-06-14,23.668,24.0808,23.6545,23.9165,22537
2023-06-15,23.9165,23.935,23.2208,23.8865,25596
2023-06-16,23.8865,24.2095,23.8367,24.197,19483
2023-06-19,24.197,24.197,23.889,23.9555,13189
2023-06-20,23.9555,24.0255,23.059,23.1525,19712
2023-06-21,23.1525,23.1754,22.4965,22.6555,22864
2023-06-22,22.6555,22.7297,22.177,22.2595,18412
2023-06-23,22.2595,22.687,22.1124,22.4355,18746
2023-06-26,22.4355,22.8921,22.425,22.793,16612
2023-06-27,22.793,23.0978,22.7524,22.8565,15365
2023-06-28,22.8565,22.963,22.5605,22.6935,13713
2023-06-29,22.6935,22.8807,22.2807,22.5715,17699
2023-06-30,22.5715,22.844,22.3474,22.769,18599
2023-07-03,22.769,23.0715,22.7071,22.906,15582
2023-07-04,22.906,23.0593,22.6217,22.962,8700
2023-07-05,22.962,23.3081,22.7724,23.124,16341
2023-07-06,23.124,23.2556,22.525,22.7205,21949
2023-07-07,22.7205,23.1545,22.6165,23.0855,17023
2023-07-10,23.0855,23.155,22.751,23.146,14394
2023-07-11,23.146,23.389,23.019,23.1265,13943
2023-07-12,23.1265,24.153,23.1155,24.129,18580
2023-07-13,24.129,24.882,24.1062,24.882,20484
2023-07-14,24.882,25.0235,24.68,24.9405,82615
2023-07-17,24.9405,24.944,24.6025,24.8445,55767
2023-07-18,24.8445,25.1765,24.7675,25.0595,71945
2023-07-19,25.0595,25.2365,24.944,25.1615,55941
2023-07-20,25.1615,25.269,24.711,24.7585,62747
2023-07-21,24.7585,24.922,24.5915,24.6195,58006
2023-07-24,24.6195,24.7275,24.2645,24.346,58073
2023-07-25,24.346,24.727,24.295,24.683,40963
2023-07-26,24.683,25.0385,24.518,24.93,69589
2023-07-27,24.93,25.1465,24.043,24.1265,80254
2023-07-28,24.1265,24.4115,24.111,24.3445,49616
2023-07-31,24.3445,24.84,24.197,24.753,43857
2023-08-01,24.753,24.7605,24.129,24.3,49341
2023-08-02,24.3,24.4915,23.6415,23.716,58177
2023-08-03,23.716,23.8475,23.406,23.5755,64121
2023-08-04,23.5755,23.7985,23.2275,23.628,95525
2023-08-07,23.628,23.6835,23.0715,23.1335,65554
2023-08-08,23.1335,23.1895,22.6665,22.7775,76191
2023-08-09,22.7775,22.942,22.618,22.6715,56143
2023-08-10,22.6715,23.004,22.6255,22.7005,92733
2023-08-11,22.7005,22.845,22.5765,22.6895,65844
2023-08-14,22.6895,22.7655,22.367,22.6015,89781
2023-08-15,22.6015,22.712,22.2245,22.5225,70677
2023-08-16,22.5225,22.7875,22.403,22.4185,58941
2023-08-17,22.4185,23.0125,22.351,22.6845,99690
2023-08-18,22.6845,22.886,22.6345,22.7555,90954
2023-08-21,22.7555,23.319,22.67,23.3105,101358
2023-08-22,23.3105,23.4565,23.2105,23.4085,88746
2023-08-23,23.4085,24.359,23.4085,24.3135,74426
2023-08-24,24.3135,24.3528,24.056,24.1205,92580
2023-08-25,24.1205,24.385,23.9205,24.223,69458
2023-08-28,24.223,24.356,24.0495,24.236,40051
2023-08-29,24.236,24.796,24.1735,24.7085,102624
2023-08-30,24.7085,25.0145,24.5315,24.6145,97706
2023-08-31,24.6145,24.6805,24.3718,24.4375,92338
2023-09-01,24.4375,24.8297,24.155,24.1805,92347
2023-09-04,24.1805,24.297,23.9616,23.9825,40845
2023-09-05,23.9825,24.0064,23.478,23.5385,56634
2023-09-06,23.5385,23.5975,23.0045,23.17,79689
2023-09-07,23.17,23.18,22.8359,22.9705,64005
2023-09-08,22.9705,23.1751,22.8565,22.929,63938
2023-09-11,22.929,23.225,22.9065,23.078,62582
2023-09-12,23.078,23.1853,22.835,23.0705,58623
2023-09-13,23.0705,23.095,22.7447,22.833,67145
2023-09-14,22.833,22.9779,22.299,22.649,86644
2023-09-15,22.649,23.293,22.6257,23.037,80354
2023-09-18,23.037,23.263,22.9615,23.2495,63197
2023-09-19,23.2495,23.424,23.098,23.202,45335
2023-09-20,23.202,23.594,23.0545,23.246,59196
2023-09-21,23.246,23.4745,22.8115,23.3985,86664
2023-09-22,23.3985,23.7764,23.396,23.5565,93823
2023-09-25,23.5565,23.649,23.0405,23.1285,69915
2023-09-26,23.1285,23.14,22.8465,22.8535,69218
2023-09-27,22.8535,22.8772,22.4055,22.5355,61988
2023-09-28,22.5355,22.7365,22.3975,22.6155,95165
2023-09-29,22.6155,23.56,22.114,22.19,96572
2023-10-02,22.19,22.1945,21.028,21.042,93554
2023-10-03,21.042,21.3976,20.687,21.1635,137261
2023-10-04,21.1635,21.4041,20.6914,21.004,84941
2023-10-05,21.004,21.2995,20.713,20.975,64709
2023-10-06,20.975,21.62,20.8062,21.59,78592
2023-10-09,21.59,22.0166,21.574,21.8875,63637
2023-10-10,21.8875,21.9581,21.6346,21.834,57929
2023-10-11,21.834,22.1245,21.7995,22.0325,56403
2023-10-12,22.0325,22.242,21.754,21.828,55016
2023-10-13,21.828,22.8195,21.8094,22.701,69696
2023-10-16,22.701,22.727,22.4765,22.613,54130
2023-10-17,22.613,23.01,22.3725,22.801,57470
2023-10-18,22.801,23.3225,22.682,22.8505,66822
2023-10-19,22.8505,23.0853,22.6391,23.034,83383
2023-10-20,23.034,23.701,22.8775,23.3655,77117
2023-10-23,23.3655,23.3655,22.9185,22.983,65450
2023-10-24,22.983,23.208,22.6614,22.9185,65151
2023-10-25,22.9185,23.0235,22.554,22.868,54900
2023-10-26,22.868,23.1405,22.444,22.8045,72269
2023-10-27,22.8045,23.1235,22.6615,23.1005,59476
2023-10-30,23.1005,23.6064,23.0285,23.3205,56863
2023-10-31,23.3205,23.3235,22.739,22.859,65633
2023-11-01,22.859,23.014,22.54,22.952,78001
2023-11-02,22.952,23.1265,22.6572,22.767,66662
2023-11-03,22.767,23.307,22.593,23.2045,79997
2023-11-06,23.2045,23.2565,22.9929,23.033,50778
2023-11-07,23.033,23.076,22.4295,22.6315,48335
2023-11-08,22.6315,22.8455,22.303,22.5425,44772
2023-11-09,22.5425,22.9935,22.3629,22.635,58206
2023-11-10,22.635,22.7405,22.1935,22.254,50175
2023-11-13,22.254,22.3623,21.883,22.3125,52067
2023-11-14,22.3125,23.1862,22.2976,23.091,57465
2023-11-15,23.091,23.6228,23.031,23.442,61542
2023-11-16,23.442,24.077,23.2825,23.7435,61417
2023-11-17,23.7435,24.146,23.667,23.7205,56575
2023-11-20,23.7205,23.813,23.2465,23.4365,59409
2023-11-21,23.4365,24.0185,23.4365,23.746,67715
2023-11-22,23.746,23.9462,23.538,23.637,70877
2023-11-23,23.637,23.792,23.6015,23.697,35922
2023-11-24,23.697,24.3405,23.566,24.334,43034
2023-11-27,24.334,24.8795,24.2635,24.6425,72873
2023-11-28,24.6425,25.033,24.5445,25.0255,62977
2023-11-29,25.0255,25.2605,24.847,25.023,84195
2023-11-30,25.023,25.2895,24.933,25.27,71415
2023-12-01,25.27,25.523,25.0885,25.472,81602
2023-12-04,25.472,25.9052,24.4175,24.4975,116880
2023-12-05,24.4975,24.6364,23.9665,24.1625,77292
2023-12-06,24.1625,24.3605,23.8745,23.902,66285
2023-12-07,23.902,24.0284,23.583,23.8075,66437
2023-12-08,23.8075,23.8965,22.943,22.998,85132
2023-12-11,22.998,23.104,22.7219,22.822,63574
2023-12-12,22.822,23.1555,22.6905,22.771,55163
2023-12-13,22.771,23.812,22.512,23.812,76922
2023-12-14,23.812,24.2185,23.7675,24.17,99127
2023-12-15,24.17,24.2925,23.7565,23.844,84133
2023-12-18,23.844,24.056,23.663,23.804,61878
2023-12-19,23.804,24.1722,23.7708,24.052,58410
2023-12-20,24.052,24.4405,23.9555,24.148,61563
2023-12-21,24.148,24.489,24.1385,24.4125,56886
2023-12-22,24.4125,24.606,24.092,24.1925,58495
2023-12-26,24.1925,24.4175,24.064,24.2255,31480
2023-12-27,24.2255,24.4585,23.9505,24.267,52615
2023-12-28,24.267,24.4905,23.952,23.973,48527
2023-12-29,23.973,23.984,23.5395,23.789,44433
2024-01-02,23.789,24.095,23.643,23.6565,64708
2024-01-03,23.6565,23.7305,22.839,22.9895,75591
2024-01-04,22.9895,23.073,22.6885,23.0085,50904
2024-01-05,23.0085,23.5175,22.7765,23.191,80471
2024-01-08,23.191,23.2125,22.8392,23.103,56135
2024-01-09,23.103,23.3764,22.8965,22.9755,52835
2024-01-10,22.9755,23.1075,22.772,22.896,49570
2024-01-11,22.896,23.1545,22.4765,22.7545,80427
2024-01-12,22.7545,23.534,22.7545,23.1915,67430
2024-01-15,23.1915,23.3345,23.11,23.221,30615
2024-01-16,23.221,23.223,22.8595,22.922,68722
2024-01-17,22.922,22.9495,22.5115,22.5545,60964
2024-01-18,22.5545,22.761,22.427,22.7495,53879
2024-01-19,22.7495,22.845,22.4645,22.619,55446
2024-01-22,22.619,22.6633,21.9275,22.0875,57487
2024-01-23,22.0875,22.4565,22.0575,22.441,54318
2024-01-24,22.441,22.962,22.3405,22.671,63978
2024-01-25,22.671,23.025,22.6505,22.913,63326
2024-01-26,22.913,22.9825,22.702,22.8005,47469
2024-01-29,22.8005,23.2215,22.77,23.199,50198
2024-01-30,23.199,23.305,22.9405,23.1625,48747
2024-01-31,23.1625,23.327,22.78,22.941,79589
2024-02-01,22.941,23.2555,22.5117,23.1725,78874
2024-02-02,23.1725,23.2505,22.401,22.689,69622
2024-02-05,22.689,22.718,22.2455,22.3535,57132
2024-02-06,22.3535,22.4885,22.2625,22.4275,43428
2024-02-07,22.4275,22.4485,22.1974,22.2155,43626
2024-02-08,22.2155,22.636,22.144,22.584,48196
2024-02-09,22.584,22.723,22.3625,22.6065,39813
2024-02-12,22.6065,23.076,22.518,22.6915,37559
2024-02-13,22.6915,22.963,21.9875,22.12,54614
2024-02-14,22.12,22.4599,21.934,22.3725,49062
2024-02-15,22.3725,23.0405,22.352,22.926,53574
2024-02-16,22.926,23.501,22.7916,23.416,51440
2024-02-19,23.416,23.4591,22.9385,22.9895,33277
2024-02-20,22.9895,23.1935,22.919,23.0135,46290
2024-02-21,23.0135,23.1832,22.7555,22.89,51831
2024-02-22,22.89,23.1645,22.74,22.7525,52917
2024-02-23,22.7525,23.001,22.5625,22.9495,50720
2024-02-26,22.9495,22.9495,22.449,22.5219,48065
2024-02-27,22.5219,22.7145,22.4235,22.457,42837
2024-02-28,22.457,22.5181,22.277,22.462,33699
2024-02-29,22.462,22.7889,22.3125,22.6705,41436
2024-03-01,22.6705,23.269,22.509,23.128,49188
2024-03-04,23.128,23.9445,23.0215,23.8878,51664
2024-03-05,23.8878,24.229,23.626,23.6724,72512
2024-03-06,23.6724,24.305,23.573,24.1715,63586
2024-03-07,24.1715,24.5045,24.0105,24.326,68169
2024-03-08,24.326,24.6355,24.1763,24.31,74896
2024-03-11,24.31,24.5245,24.241,24.4705,50834
2024-03-12,24.4705,24.6844,24.0085,24.1395,73138
2024-03-13,24.1395,25.0325,24.0735,25.0119,54153
2024-03-14,25.0119,25.1594,24.74,24.8135,63489
2024-03-15,24.8135,25.4485,24.8005,25.184,63177
2024-03-18,25.184,25.3303,24.9465,25.0341,52180
2024-03-19,25.0341,25.156,24.7325,24.9155,50582
2024-03-20,24.9155,25.642,24.746,25.5826,66393
2024-03-21,25.5826,25.7785,24.6445,24.744,89264
2024-03-22,24.744,24.9485,24.406,24.6745,66434
2024-03-25,24.6745,24.891,24.5567,24.6815,51554
2024-03-26,24.6815,24.8941,24.368,24.4585,58053
2024-03-27,24.4585,24.663,24.3275,24.653,48923
2024-03-28,24.653,25.0105,24.393,24.9665,71284
2024-04-01,24.9665,25.3875,24.7465,25.085,66899
2024-04-02,25.085,26.173,25.079,26.14,81017
2024-04-03,26.14,27.191,26.1125,27.188,91955
2024-04-04,27.188,27.3395,26.6765,26.914,78361
2024-04-05,26.914,27.498,26.2845,27.4935,105106
2024-04-08,27.4935,28.0885,26.8615,27.858,122829
2024-04-09,27.858,28.326,27.621,28.149,110451
2024-04-10,28.149,28.5235,27.5325,27.929,134967
2024-04-11,27.929,28.4997,27.754,28.4437,111589
2024-04-12,28.4437,29.798,27.855,27.89,149278
2024-04-15,27.89,28.892,27.5897,28.8775,144084
2024-04-16,28.8775,29.0205,27.953,28.1035,133676
2024-04-17,28.1035,28.8065,28.0695,28.2209,110597
2024-04-18,28.2209,28.66,28.1385,28.2425,105482
2024-04-19,28.2425,28.944,28.068,28.686,123585
2024-04-22,28.686,28.686,27.114,27.193,103245
2024-04-23,27.193,27.3827,26.668,27.3085,110864
2024-04-24,27.3085,27.4905,27.035,27.1665,80371
2024-04-25,27.1665,27.5805,26.9825,27.443,102215
2024-04-26,27.443,27.734,27.086,27.2225,92190
2024-04-29,27.2225,27.4375,26.9432,27.1435,88888
2024-04-30,27.1435,27.144,26.246,26.2926,99056
2024-05-01,26.2926,26.9715,26.2805,26.6455,103765
2024-05-02,26.6455,26.82,26.0185,26.681,78305
2024-05-03,26.681,26.8853,26.1215,26.5595,86068
2024-05-06,26.5595,27.4875,26.4355,27.4459,66291
2024-05-07,27.4459,27.5245,27.157,27.2435,63284
2024-05-08,27.2435,27.4812,27.0105,27.337,62146
2024-05-09,27.337,28.3425,27.289,28.3347,70090
2024-05-10,28.3347,28.7685,28.0415,28.176,81470
2024-05-13,28.176,28.3865,27.967,28.2024,71277
2024-05-14,28.2024,28.747,28.0875,28.6135,76875
2024-05-15,28.6135,29.7405,28.4375,29.671,107263
2024-05-16,29.671,29.8505,29.33,29.5871,98431
2024-05-17,29.5871,31.5985,29.4626,31.4995,115321
2024-05-20,31.4995,32.5185,30.95,31.8225,131926
2024-05-21,31.8225,32.5054,31.0695,31.983,110780
2024-05-22,31.983,32.2058,30.758,30.796,124634
2024-05-23,30.796,30.986,30.0665,30.1257,131414
2024-05-24,30.1257,30.624,30.045,30.363,82763
2024-05-27,30.363,31.852,30.363,31.642,66337
2024-05-28,31.642,32.2485,31.246,32.1015,109118
2024-05-29,32.1015,32.301,31.606,31.9757,105067
2024-05-30,31.9757,32.0965,31.009,31.174,119961
2024-05-31,31.174,31.774,30.1925,30.4065,124273
2024-06-03,30.4065,30.8075,29.782,30.7295,115576
2024-06-04,30.7295,30.89,29.381,29.4965,120050
2024-06-05,29.4965,30.0495,29.3915,30.0071,95955
2024-06-06,30.0071,31.3475,29.9705,31.3255,99242
2024-06-07,31.3255,31.5486,29.1194,29.1795,127234
2024-06-10,29.1795,29.822,29.136,29.747,70933
2024-06-11,29.747,29.808,29.0325,29.2825,86779
2024-06-12,29.2825,30.256,29.184,29.727,110710
2024-06-13,29.727,29.727,28.658,28.9675,104106
2024-06-14,28.9675,29.5825,28.8338,29.5555,103649
2024-06-17,29.5555,29.561,29.026,29.4696,81966
2024-06-18,29.49,29.6815,28.9265,29.537,95619
2024-06-19,29.5255,29.7917,29.3439,29.762,57364
2024-06-20,29.7828,30.7935,29.75,30.741,103844
2024-06-21,30.7285,30.8545,29.4688,29.5495,109673
2024-06-24,29.524,29.7285,29.346,29.5759,73885
2024-06-25,29.5809,29.6665,28.8425,28.912,80056
2024-06-26,28.9428,29.0738,28.5722,28.771,90776
2024-06-27,28.755,29.254,28.6845,28.9791,74211
2024-06-28,28.9495,29.6285,28.7745,29.1435,79321
2024-07-01,29.1005,29.4825,28.9595,29.4495,79538
2024-07-02,29.4645,29.8235,29.2016,29.522,78979
2024-07-03,29.5426,30.673,29.4785,30.4991,86712
2024-07-04,30.4674,30.59,30.2064,30.4055,54228
2024-07-05,30.3792,31.493,30.126,31.2235,105659
2024-07-08,31.2275,31.3725,30.436,30.7615,84657
2024-07-09,30.7745,31.15,30.5133,30.7985,96136
2024-07-10,30.7895,31.1655,30.6515,30.8171,87761
2024-07-11,30.821,31.755,30.8135,31.457,107342
2024-07-12,31.4035,31.4105,30.3895,30.786,108195
2024-07-15,30.785,31.099,30.5255,30.679,97133
2024-07-16,30.6645,31.406,30.488,31.2509,92543
2024-07-17,31.248,31.4305,30.0455,30.3052,111261
2024-07-18,30.31,30.5959,29.7453,29.8291,98693
2024-07-19,29.8185,29.8445,28.8725,29.2225,106669
2024-07-22,29.268,29.431,28.7495,29.129,89593
2024-07-23,29.132,29.3042,28.667,29.2346,88934
2024-07-24,29.214,29.454,28.8915,28.901,92031
2024-07-25,28.8899,28.919,27.4185,27.8494,136373
2024-07-26,27.85,28.0765,27.5885,27.931,93097
2024-07-29,27.992,28.1965,27.308,27.861,96492
2024-07-30,27.8605,28.4175,27.6315,28.3855,98935
2024-07-31,28.4055,29.0394,28.242,29.005,112467
2024-08-01,29.0409,29.159,28.22,28.5215,121362
2024-08-02,28.546,29.2285,27.946,28.565,156896
2024-08-05,28.514,28.6745,26.5025,27.243,216949
2024-08-06,27.261,27.5755,26.6005,26.9695,141088
2024-08-07,26.935,27.269,26.5755,26.6076,103079
2024-08-08,26.476,27.608,26.471,27.5421,109173
2024-08-09,27.5265,27.763,27.26,27.4555,83981
2024-08-12,27.4265,28.042,27.2225,27.9585,68234
2024-08-13,27.9515,28.056,27.455,27.854,67610
2024-08-14,27.8604,28.048,27.178,27.5655,82470
2024-08-15,27.5575,28.5205,27.4815,28.3602,87502
2024-08-16,28.333,29.039,28.043,29.039,87228
2024-08-19,29.0435,29.4855,28.724,29.4475,84081
2024-08-20,29.486,29.9705,29.2055,29.4405,90429
2024-08-21,29.467,29.739,29.2106,29.6075,81677
2024-08-22,29.5483,29.6845,28.7885,28.984,87109
2024-08-23,28.9685,29.889,28.947,29.831,91300
2024-08-26,29.882,30.1915,29.6545,29.91,78647
2024-08-27,29.9095,30.0895,29.7015,29.972,77867
2024-08-28,30.012,30.106,29.0805,29.128,75273
2024-08-29,29.1365,29.6855,29.1365,29.4245,79297
2024-08-30,29.4038,29.5885,28.6895,28.8655,91447
2024-09-02,28.8055,28.9745,28.3265,28.557,47659
2024-09-03,28.53,28.572,27.7075,28.045,90473
2024-09-04,28.0335,28.357,27.7725,28.2695,78154
2024-09-05,28.227,29.1795,28.212,28.823,85896
2024-09-06,28.8295,29.118,27.6865,27.9375,115993
2024-09-09,27.9695,28.3675,27.7035,28.3505,72569
2024-09-10,28.355,28.556,28.033,28.4005,74933
2024-09-11,28.4025,28.8745,28.0705,28.675,97951
2024-09-12,28.7115,29.914,28.5355,29.8755,97461
2024-09-13,29.8985,30.9242,29.8515,30.72,87047
2024-09-16,30.7675,31.097,30.5925,30.735,63298
2024-09-17,30.7375,30.99,30.516,30.703,67953
2024-09-18,30.701,31.239,29.7085,30.0767,114028
2024-09-19,30.0767,31.302,29.908,30.7845,126654
2024-09-20,30.78,31.4335,30.734,31.1785,110977
2024-09-23,31.1715,31.189,30.358,30.6977,90085
2024-09-24,30.702,32.268,30.653,32.099,117228
2024-09-25,32.1355,32.286,31.569,31.8115,107181
2024-09-26,31.82,32.715,31.7415,32.0125,123752
2024-09-27,32.0335,32.299,31.355,31.627,121027
2024-09-30,31.7425,31.8595,30.885,31.1575,102830
2024-10-01,31.1305,31.852,31.114,31.435,94904
2024-10-02,31.401,32.3075,30.9985,31.833,88120
2024-10-03,31.8325,32.2145,31.413,32.0295,88490
2024-10-04,32.0445,32.9625,31.5025,32.2025,98113
2024-10-07,32.276,32.3465,31.412,31.6845,80070
2024-10-08,31.6845,31.777,30.12,30.6695,127103
2024-10-09,30.6705,30.7805,30.2185,30.4955,88264
2024-10-10,30.497,31.1885,30.3595,31.1615,102363
2024-10-11,31.1205,31.636,31.06,31.537,70525
2024-10-14,31.0385,31.552,30.9055,31.201,68560
2024-10-15,31.232,31.6925,30.762,31.507,89309
2024-10-16,31.494,32.1795,31.414,31.683,84878
2024-10-17,31.7025,32.023,31.313,31.694,103169
2024-10-18,31.7055,33.759,31.6915,33.7165,109684
2024-10-21,33.8875,34.273,33.461,33.784,118906
2024-10-22,33.8055,34.869,33.797,34.86,101829
2024-10-23,34.8135,34.8405,33.4275,33.6995,116027
2024-10-24,33.683,34.299,33.2395,33.676,104185
2024-10-25,33.666,34.0195,33.0875,33.721,105773
2024-10-28,33.433,33.9905,33.229,33.6765,88794
2024-10-29,33.6825,34.5475,33.6065,34.4595,109021
2024-10-30,34.429,34.5275,33.411,33.779,103682
2024-10-31,33.7225,33.9005,32.5045,32.663,108977
2024-11-01,32.6645,33.124,32.333,32.4495,93724
2024-11-04,32.3004,32.878,32.2891,32.451,86767
2024-11-05,32.449,32.9225,32.251,32.654,79993
2024-11-06,32.6575,32.7305,30.8315,31.178,180587
2024-11-07,31.1995,32.16,30.875,32.037,118863
2024-11-08,32.0432,32.068,31.193,31.307,113969
2024-11-11,31.31,31.5605,30.423,30.686,100291
2024-11-12,30.672,30.821,30.188,30.7175,110436
2024-11-13,30.6835,31.151,30.285,30.31,108106
2024-11-14,30.3345,30.6545,29.6785,30.4425,123631
2024-11-15,30.4445,30.8195,30.1805,30.2555,106761
2024-11-18,30.2875,31.272,30.2875,31.1775,85159
2024-11-19,31.153,31.5365,31.048,31.2135,96479
2024-11-20,31.224,31.3365,30.7765,30.8615,83987
2024-11-21,30.8555,31.311,30.645,30.791,93620
2024-11-22,30.7865,31.408,30.7385,31.347,100098
2024-11-25,31.3355,31.478,30.0665,30.304,115448
2024-11-26,30.3145,30.6965,29.988,30.4415,94772
2024-11-27,30.444,30.7065,29.9765,30.1015,69829
2024-11-28,30.1115,30.2975,29.643,30.227,48816
2024-11-29,30.2395,30.8985,30.1865,30.6225,62266
2024-12-02,30.523,30.681,30.0575,30.51,75126
2024-12-03,30.5125,31.0915,30.462,31.0305,75592
2024-12-04,31.019,31.4775,30.486,31.299,77560
2024-12-05,31.306,31.4248,31.0135,31.3355,69001
2024-12-06,31.3525,31.439,30.827,30.97,85813
2024-12-09,31.009,32.2845,30.865,31.829,83902
2024-12-10,31.846,32.097,31.709,31.901,68368
2024-12-11,31.933,32.189,31.512,31.9115,79137
2024-12-12,31.869,32.333,30.883,30.976,87180
2024-12-13,30.9411,31.108,30.292,30.5575,73738
2024-12-16,30.549,30.753,30.468,30.5305,45938
2024-12-17,30.5035,30.61,30.1515,30.5348,53647
2024-12-18,30.5035,30.577,29.308,29.3635,72769
2024-12-19,29.3665,29.712,28.7465,29.0405,75898
2024-12-20,29.0085,29.696,28.808,29.514,69556
2024-12-23,29.622,29.879,29.419,29.654,49415
2024-12-24,29.684,29.7886,29.481,29.6225,30350
2024-12-26,29.6745,29.875,29.5055,29.8215,37365
2024-12-27,29.8215,29.895,29.3285,29.387,53607
2024-12-30,29.4415,29.5305,28.7995,28.9555,49769
2024-12-31,28.9585,29.0325,28.7785,28.9015,38346
2025-01-02,28.9575,29.601,28.9425,29.566,59002
2025-01-03,29.554,29.8995,29.4955,29.615,56525
2025-01-06,29.662,30.3455,29.411,29.945,80668
2025-01-07,29.953,30.388,29.881,30.0505,74847
2025-01-08,30.057,30.3515,29.81,30.116,71947
2025-01-09,30.1125,30.4835,30.006,30.13,52654
2025-01-10,30.123,30.6645,29.962,30.4075,91018
2025-01-13,30.4225,30.5102,29.5045,29.621,85032
2025-01-14,29.625,29.976,29.516,29.9055,69149
2025-01-15,29.8995,30.7555,29.7395,30.669,77126
2025-01-16,30.6825,30.9765,30.5232,30.816,89229
2025-01-17,30.8,30.8425,30.1323,30.355,88719
2025-01-20,30.3097,30.626,29.991,30.5367,68837
2025-01-21,30.5329,30.858,30.1994,30.837,79985
2025-01-22,30.8133,30.9549,30.563,30.8195,67378
2025-01-23,30.801,30.8641,30.0915,30.4425,73680
2025-01-24,30.439,31.026,30.435,30.598,73407
2025-01-27,30.5056,30.6209,29.7015,30.206,83824
2025-01-28,30.2225,30.4905,29.8819,30.4035,55962
2025-01-29,30.4215,30.9865,30.2868,30.8375,80025
2025-01-30,30.8571,31.7385,30.8051,31.6515,78899
2025-01-31,31.6301,31.709,31.1345,31.324,88921
2025-02-03,31.3635,31.6785,30.6864,31.5845,124028
2025-02-04,31.5765,32.3825,31.359,32.1382,73227
2025-02-05,32.1545,32.5485,31.9395,32.3122,81601
2025-02-06,32.3315,32.4252,31.748,32.2155,71780
2025-02-07,32.2065,32.6515,31.7855,31.8085,93351
2025-02-10,31.723,32.3345,31.714,32.0485,65147
2025-02-11,32.0725,32.2486,31.25,31.825,74603
2025-02-12,31.8456,32.3652,31.5142,32.2345,72077
2025-02-13,32.2395,32.4245,31.9968,32.3417,72974
2025-02-14,32.326,33.3945,32.072,32.1475,105048
2025-02-17,32.205,32.4962,31.9155,32.3995,48102
2025-02-18,32.406,32.911,32.0795,32.8875,72729
2025-02-19,32.8897,33.077,32.446,32.703,76033
2025-02-20,32.7245,33.209,32.6232,32.9475,68548
2025-02-21,32.9735,33.0785,32.453,32.4625,78713
2025-02-24,32.662,32.7628,32.095,32.352,80885
2025-02-25,32.372,32.4849,31.291,31.7426,96740
2025-02-26,31.7791,31.9585,31.4927,31.8579,78035
2025-02-27,31.8845,31.9452,31.1787,31.2635,75708
2025-02-28,31.259,31.4008,30.8148,31.1505,75887
2025-03-03,31.2105,31.8416,31.1225,31.692,79971
2025-03-04,31.6675,32.016,31.467,31.987,79233
2025-03-05,31.984,32.713,31.7798,32.6564,88020
2025-03-06,32.7004,32.766,32.2656,32.644,80981
2025-03-07,32.6905,32.705,32.107,32.527,97399
2025-03-10,32.5195,32.6695,31.935,32.1085,95447
2025-03-11,32.123,32.9795,31.8092,32.9455,85203
2025-03-12,32.9835,33.325,32.705,33.2336,76237
2025-03-13,33.261,33.9612,32.9385,33.865,78178
2025-03-14,33.8455,34.0812,33.53,33.8045,71916
2025-03-17,33.8495,33.8972,33.434,33.864,54826
2025-03-18,33.8665,34.2405,33.747,34.0125,68799
2025-03-19,33.9885,34.096,33.4665,33.79,66580
2025-03-20,33.8308,33.9515,33.104,33.581,67500
2025-03-21,33.5425,33.581,32.6595,33.03,65773
2025-03-24,33.0415,33.3055,32.8945,33.0208,50864
2025-03-25,33.0195,33.8025,32.927,33.728,44317
2025-03-26,33.7355,33.9285,33.51,33.6406,43428
2025-03-27,33.6495,34.4745,33.5955,34.408,65714
2025-03-28,34.404,34.588,33.927,34.1305,84494
2025-03-31,34.129,34.47,33.507,34.0894,78182
2025-04-01,34.0765,34.217,33.4675,33.6946,78330
2025-04-02,33.6946,34.1545,33.6045,33.8868,79296
2025-04-03,33.8868,33.9654,31.7215,31.857,134096
2025-04-04,31.8525,31.995,29.193,29.5885,122325
2025-04-07,29.0485,30.8215,28.315,30.0804,177762
2025-04-08,30.0822,30.534,29.6255,29.814,114953
2025-04-09,29.7874,31.043,29.333,31.0226,146632
2025-04-10,30.9381,31.318,30.572,31.2246,129063
2025-04-11,31.2261,32.308,30.921,32.3055,123832
2025-04-14,32.1805,32.3915,31.7385,32.3524,86759
2025-04-15,32.374,32.4055,32.0935,32.3227,63039
2025-04-16,32.2848,33.114,32.2728,32.7623,89573
2025-04-17,32.8105,32.939,32.0847,32.5159,86568
2025-04-21,32.4975,33.062,32.4285,32.681,72682
2025-04-22,32.681,33.151,32.284,32.502,106362
2025-04-23,32.407,33.6755,32.095,33.574,116723
2025-04-24,33.613,33.6895,33.173,33.5793,78609
2025-04-25,33.6298,33.6955,32.7785,33.1,83440
2025-04-28,33.0595,33.1965,32.6575,33.158,90558
2025-04-29,33.1615,33.538,32.8015,32.9406,74736
2025-04-30,32.9096,33.1125,32.1855,32.6205,89149
2025-05-01,32.645,32.6765,31.6665,32.4155,75807
2025-05-02,32.441,32.7225,31.9375,32.014,70474
2025-05-05,32.0225,32.6778,31.9955,32.4895,60427
2025-05-06,32.491,33.2481,32.4395,33.2174,87200
2025-05-07,33.1615,33.1875,32.246,32.4578,91826
2025-05-08,32.4365,32.9445,32.221,32.4657,87761
2025-05-09,32.476,32.8735,32.226,32.729,71744
2025-05-12,32.5725,32.9935,31.887,32.6015,103694
2025-05-13,32.606,33.2365,32.5205,32.9055,72472
2025-05-14,32.9395,32.979,32.0855,32.234,87183
2025-05-15,32.241,32.654,31.6525,32.636,75986
2025-05-16,32.6565,32.694,31.866,32.297,76912
2025-05-19,32.3095,32.626,32.235,32.3585,60020
2025-05-20,32.344,33.1375,32.128,33.0865,63249
2025-05-21,33.116,33.574,32.9285,33.3925,79926
2025-05-22,33.454,33.702,32.61,33.0575,79825
2025-05-23,33.0645,33.5425,32.896,33.4835,68656
2025-05-26,33.4405,33.569,33.24,33.493,39386
2025-05-27,33.4845,33.529,32.7645,33.264,68297
2025-05-28,33.2665,33.4385,32.9165,32.9744,52925
2025-05-29,32.9781,33.499,32.6945,33.323,67761
2025-05-30,33.3395,33.3405,32.768,32.9862,65829
2025-06-02,33.045,34.7895,32.9595,34.7605,79661
2025-06-03,34.725,34.765,33.9625,34.523,75882
2025-06-04,34.5445,34.65,34.186,34.5005,62356
2025-06-05,34.5295,36.071,34.432,35.656,112470
2025-06-06,35.6555,36.338,35.6475,35.976,94179
2025-06-09,36.059,36.89,35.9145,36.7585,78162
2025-06-10,36.765,36.832,36.3075,36.534,89783
2025-06-11,36.525,36.644,36.0225,36.2505,104160
2025-06-12,36.2375,36.4535,35.4585,36.3557,104652
2025-06-13,36.346,36.641,35.976,36.309,110928
2025-06-16,36.358,36.5425,36.076,36.3155,81546
2025-06-17,36.323,37.2585,36.1364,37.1305,92140
2025-06-18,37.164,37.318,36.5275,36.753,83793
2025-06-19,36.7642,36.786,36.21,36.3975,56201
2025-06-20,36.4301,36.432,35.511,36.0075,73566
2025-06-23,35.934,36.3655,35.8855,36.109,75244
2025-06-24,36.08,36.2045,35.2825,35.922,85820
2025-06-25,35.941,36.3255,35.675,36.2645,54084
2025-06-26,36.2595,36.836,36.238,36.652,83191
2025-06-27,36.653,36.727,35.7905,35.988,101925
2025-06-30,36.0195,36.234,35.42,36.1144,71695
2025-07-01,36.114,36.621,35.8045,36.034,78504
2025-07-02,36.0435,36.5845,35.874,36.5553,67569
2025-07-03,36.5685,37.0755,36.3435,36.8455,75266
2025-07-04,36.8535,36.9595,36.626,36.9342,40594
2025-07-07,37.148,37.229,36.157,36.7735,83565
2025-07-08,36.811,36.879,36.2905,36.7593,77032
2025-07-09,36.7535,36.7535,36.2745,36.379,65393
2025-07-10,36.4035,37.125,36.3525,37.0228,90357
2025-07-11,37.0597,38.5355,36.9145,38.4039,155199
2025-07-14,38.4375,39.1328,38.0815,38.1351,134825
2025-07-15,38.1505,38.3856,37.588,37.7098,93769
2025-07-16,37.7295,38.0921,37.5014,37.9071,101348
2025-07-17,37.9335,38.167,37.5361,38.1412,71116
2025-07-18,38.155,38.4385,38.0565,38.165,72349
2025-07-21,38.128,39.0546,38.0995,38.9295,92196
2025-07-22,38.948,39.316,38.72,39.294,89585
2025-07-23,39.3243,39.5277,39.0493,39.2743,121933
2025-07-24,39.288,39.3608,38.695,39.0625,99975
2025-07-25,39.0859,39.1979,37.951,38.1635,101530
2025-07-28,38.138,38.3413,37.906,38.165,78305
2025-07-29,38.188,38.297,37.9102,38.2105,72413
2025-07-30,38.2225,38.2525,36.7875,37.1332,111496
2025-07-31,37.1461,37.2735,36.2127,36.7148,111025
2025-08-01,36.7272,37.1835,36.3618,37.023,117795
2025-08-04,37.0345,37.4805,36.676,37.411,73781
2025-08-05,37.409,37.8828,37.309,37.816,68800
2025-08-06,37.8045,37.9512,37.6155,37.828,67657
2025-08-07,37.904,38.5104,37.825,38.2767,120549
2025-08-08,38.2981,38.479,37.993,38.326,146893
2025-08-11,38.3432,38.357,37.5555,37.6118,98865
2025-08-12,37.6075,38.0249,37.5095,37.9114,85027
2025-08-13,37.926,38.6449,37.8473,38.503,62253
2025-08-14,38.538,38.738,37.841,38.0204,97603
2025-08-15,38.0111,38.11,37.6868,38.0083,68154
2025-08-18,38.0083,38.2695,37.8149,38.0179,72520
2025-08-19,38.0436,38.1553,37.2792,37.3878,75438
2025-08-20,37.4245,37.9409,36.9629,37.9019,81088
2025-08-21,37.9188,38.2082,37.5389,38.1529,81575
2025-08-22,38.1465,39.0645,37.7016,38.8655,100633
2025-08-25,38.887,38.9975,38.543,38.5685,69208
2025-08-26,38.5797,38.8583,38.3421,38.6118,90400
2025-08-27,38.6648,38.7031,38.0868,38.6044,84666
2025-08-28,38.611,39.1264,38.5816,39.0496,85738
2025-08-29,39.0108,39.9712,38.7293,39.6915,108389
2025-09-01,39.7275,40.7576,39.5475,40.7224,157283
2025-09-02,40.685,40.9323,40.1435,40.904,198197
2025-09-03,40.817,41.473,40.6323,41.2235,194299
2025-09-04,41.1663,41.2281,40.4074,40.673,196495
2025-09-05,40.642,41.416,40.5619,40.9905,185674
2025-09-08,40.9435,41.6728,40.5364,41.3533,170361
2025-09-09,41.3365,41.4844,40.7875,40.8755,183505
2025-09-10,40.7985,41.2895,40.7255,41.1656,132629
2025-09-11,41.1876,41.7659,40.8985,41.5662,142337
2025-09-12,41.5465,42.4648,41.4035,42.1935,134753
2025-09-15,42.1853,42.747,42.0083,42.6845,112464
2025-09-16,42.6541,42.972,42.2616,42.5525,133905
2025-09-17,42.584,42.6347,41.141,41.6748,182207
2025-09-18,41.6564,41.9785,41.2007,41.8222,148576
2025-09-19,41.7997,43.104,41.6527,43.091,128364
2025-09-22,43.1376,44.1155,43.0305,44.0627,143763
2025-09-23,44.0429,44.4675,43.6456,44.0427,164414
2025-09-24,44.0805,44.3225,43.6699,43.907,148565
2025-09-25,43.9139,45.2289,43.7756,45.1893,174277
2025-09-26,45.1542,46.6322,44.606,46.053,189212
2025-09-29,46.2023,47.1815,45.9481,46.9295,229112
2025-09-30,46.928,47.1737,45.8158,46.6419,203935
2025-10-01,46.6693,47.828,46.6281,47.3186,204051
2025-10-02,47.297,48.0595,45.911,46.9815,195837
2025-10-03,46.9437,48.3755,46.6468,47.99,187913
2025-10-06,48.0955,48.7715,47.955,48.5132,190684
2025-10-07,48.5006,48.6543,47.331,47.8267,212412
2025-10-08,47.8255,49.5541,47.7445,48.877,228562
2025-10-09,48.707,51.2425,48.4888,49.3923,228449
2025-10-10,49.3923,51.1332,48.9892,50.2803,318665
2025-10-13,50.329,52.405,50.1365,52.3205,170287
2025-10-14,52.3205,53.6235,50.4751,51.4746,240061
2025-10-15,51.5012,53.272,51.4047,53.0429,276469
2025-10-16,53.0549,54.2422,52.484,54.2422,325427
2025-10-17,54.1369,54.4853,50.6193,51.9143,497838
2025-10-20,51.81,52.7818,51.2772,52.3783,379613
2025-10-21,52.5305,52.6324,47.8525,48.6969,455734
2025-10-22,48.5493,49.3115,47.5346,48.4978,444496
2025-10-23,48.5162,49.4587,47.9239,48.9179,308292
2025-10-24,48.9079,49.0199,47.836,48.6662,286093
2025-10-27,48.5279,48.703,46.0945,46.9009,255363
2025-10-28,47.0151,47.2652,45.5505,47.0734,287765
2025-10-29,47.0544,48.4637,46.7876,47.5626,278752
2025-10-30,47.5869,48.9894,47.2647,48.9156,255614
2025-10-31,48.8202,49.3763,48.3734,48.7037,217493
2025-11-03,48.6318,49.1073,48.0213,48.0819,224091
2025-11-04,48.0793,48.2272,46.88,47.166,250967
2025-11-05,47.1737,48.2794,46.8852,48.0248,218524
2025-11-06,47.9032,48.797,47.6585,48.0377,177919
2025-11-07,48.0217,48.8795,47.9905,48.321,205670
2025-11-10,48.487,50.6084,48.3933,50.5042,233455
2025-11-11,50.5609,51.2533,50.2874,51.2236,223903
2025-11-12,51.2236,53.6692,50.8642,53.2649,251194
2025-11-13,53.3028,54.3935,52.0649,52.2875,337903
2025-11-14,52.2933,53.5618,50.0626,50.5845,357062
2025-11-17,50.3665,51.3122,49.5737,50.2149,279817
2025-11-18,50.2313,51.1828,49.3597,50.7017,244087
2025-11-19,50.6942,52.4682,50.38,51.3616,300434
2025-11-20,51.5189,51.8753,50.2289,50.6722,346738
2025-11-21,50.6788,50.8654,48.6367,50.023,345239
2025-11-24,50.226,51.4134,49.7225,51.3432,215811
2025-11-25,51.3888,51.7632,50.6981,51.4825,243638
2025-11-26,51.4815,53.3939,51.3031,53.341,235726
2025-11-27,53.3329,53.921,52.6949,53.3885,145052
2025-11-28,53.4086,56.5421,53.3455,56.3935,87350
2025-12-01,56.7891,58.855,56.1872,58.0071,297233
2025-12-02,57.9227,58.6494,56.5861,58.4533,240985
2025-12-03,58.2026,58.9836,57.5506,58.5031,242273
2025-12-04,58.5031,58.7557,56.459,57.1448,213649
2025-12-05,57.1445,59.3387,56.8782,58.36,210618
2025-12-08,58.456,58.6247,57.5185,58.1628,204144
2025-12-09,58.1743,60.8312,57.5969,60.6662,241887
2025-12-10,60.568,61.9534,60.0968,61.8098,266010
2025-12-11,61.8099,64.3198,61.4531,63.5699,269581
2025-12-12,63.611,64.6656,60.7996,61.915,315386
2025-12-15,62.012,64.1744,61.751,64.097,272094
2025-12-16,64.129,64.1607,62.1588,63.7533,312288
2025-12-17,63.7376,66.8973,63.6786,66.2133,342640
2025-12-18,66.1886,66.63,64.6329,65.4962,327734
2025-12-19,65.5605,67.4642,64.4969,67.1675,282306
2025-12-22,67.3934,69.4577,67.3334,69.0601,258661
2025-12-23,69.1181,71.5789,68.8448,71.4764,275837
2025-12-24,71.4577,72.7023,70.1998,71.848,280116
2025-12-26,71.848,79.4347,71.848,79.3106,437541
2025-12-29,81.7173,84.0302,70.5226,72.1377,519238
2025-12-30,72.4475,78.0738,71.1694,76.2476,415367
2025-12-31,76.068,76.1493,70.075,71.6445,444983
2026-01-02,71.8367,74.566,71.429,72.8214,346714
2026-01-05,73.3445,77.895,72.938,76.5925,405020
2026-01-06,76.6322,81.4464,75.8946,81.2469,371497
2026-01-07,81.4106,82.7707,76.378,78.1795,432953
2026-01-08,78.4003,79.0397,73.8424,76.9907,444523
2026-01-09,76.9449,80.5229,75.504,79.934,360964
2026-01-12,80.396,86.2665,80.3085,85.1673,459949
2026-01-13,85.0978,89.133,83.427,86.9333,452544
2026-01-14,87.1013,93.5141,87.0894,93.2832,477860
2026-01-15,93.0255,93.0681,86.4272,92.3929,555344
2026-01-16,92.7188,92.7752,86.8586,90.12,476364
2026-01-19,91.8902,94.6794,91.7092,94.3586,270293
2026-01-20,94.0944,95.8824,92.6064,94.5733,460341
2026-01-21,94.6531,95.5703,90.3354,93.0928,495469
2026-01-22,92.4893,96.6025,90.8056,96.1884,404758
2026-01-23,96.4545,103.451,96.3371,103.383,402025
2026-01-26,104.732,117.754,102.517,103.727,710186
2026-01-27,104.759,113.495,104.355,111.913,709403
2026-01-28,111.395,117.458,110.53,116.85,637665
2026-01-29,116.668,121.672,106.776,115.575,803640
2026-01-30,117.115,118.499,73.3081,85.1885,901873
2026-02-02,81.8283,87.9613,71.3157,79.3069,816500
2026-02-03,80.6427,89.1767,79.9675,85.3265,819077
2026-02-04,85.3304,92.2049,83.2521,88.1933,630056
2026-02-05,88.6859,90.4156,70.6916,70.9356,715812
2026-02-06,71.1034,78.163,64.0626,77.947,550279
2026-02-09,79.5425,84.0335,78.5139,83.3136,460220
2026-02-10,83.5343,83.7792,79.9718,80.7827,414755
2026-02-11,81.0671,86.3218,80.9694,84.3152,457454
2026-02-12,84.6706,84.6706,74.4407,75.3256,449899
2026-02-13,74.2906,79.3592,73.9829,77.4556,398030
2026-02-16,75.3811,77.4848,74.727,76.6507,149362
2026-02-17,76.509,76.9156,71.9774,73.5353,484346
2026-02-18,73.323,78.3455,72.3276,77.1839,337114
2026-02-19,77.6744,79.4956,76.488,78.5177,286388
2026-02-20,78.6242,84.751,77.4715,84.6275,353477
2026-02-23,85.4292,89.0473,85.1787,88.1869,342276
2026-02-24,88.5569,88.9317,84.9389,87.1789,456713
2026-02-25,86.84,91.2915,86.562,89.2275,378104
2026-02-26,89.1835,90.3662,85.2474,88.2986,480419
2026-02-27,88.1394,94.1576,87.8417,93.797,455020
2026-03-02,95.6973,96.4256,86.5062,89.3494,657466
2026-03-03,90.0365,91.3525,77.9611,82.0368,686608
2026-03-04,82.2395,86.8393,81.8393,83.5434,533197
2026-03-05,83.8197,85.5525,80.4999,82.246,582236
2026-03-06,82.3845,84.982,81.6875,84.449,543846
2026-03-09,84.1618,87.0401,79.6506,86.9633,604924
2026-03-10,86.9385,90.0207,86.6046,88.3378,463978
2026-03-11,88.388,89.447,84.449,85.7572,422493
2026-03-12,85.746,87.4595,83.0376,83.8628,421168
2026-03-13,83.6078,85.4621,79.4389,80.6165,489926
2026-03-16,79.9888,81.6437,77.0829,80.7578,499937
2026-03-17,81.0205,82.5542,78.2652,79.284,344768
2026-03-18,79.107,80.2004,75.0247,75.3921,450990
2026-03-19,75.4108,76.701,65.4891,72.8072,693107
2026-03-20,73.2665,74.5626,67.693,67.915,657340
2026-03-23,67.2559,70.7835,61.0065,69.1204,907179
2026-03-24,68.8953,71.2733,66.0059,71.2336,739486
2026-03-25,71.4917,74.572,70.9121,71.2484,588327
2026-03-26,71.4399,72.2178,66.7216,67.9806,603483
2026-03-27,68.5178,71.643,67.4035,69.7235,526942
2026-03-30,69.4116,71.7639,67.683,70.1247,555967
2026-03-31,70.316,75.3775,69.0286,75.137,546111
2026-04-01,75.3669,76.1375,73.7715,75.1095,523742
2026-04-02,74.934,76.4196,69.5645,72.997,599573
2026-04-06,72.0836,73.5765,71.1783,72.799,424339
2026-04-07,73.1341,73.3665,69.812,72.9484,505499
2026-04-08,73.7575,77.6525,73.3814,74.0712,521340
2026-04-09,74.1602,76.6335,72.882,75.2882,398571
2026-04-10,75.5537,76.8375,74.8246,75.9315,375083
2026-04-13,73.5866,75.8732,72.5945,75.5729,438331
2026-04-14,75.5705,79.681,75.386,79.5713,365263
2026-04-15,79.5836,81.0239,78.2401,78.9644,426326
2026-04-16,79.2458,80.865,78.0517,78.432,386004
2026-04-17,78.7248,83.0555,77.778,80.7995,419391
2026-04-20,79.3994,80.681,78.6355,79.718,410447
2026-04-21,79.8696,80.2125,75.4018,76.7094,400217
2026-04-22,76.9488,78.6815,76.7001,77.7285,335160
2026-04-23,77.6946,78.3835,74.2425,75.4459,500811
2026-04-24,75.5916,76.6786,73.959,75.6945,452281
2026-04-27,75.5169,76.5857,74.6586,75.5025,317880
2026-04-28,75.5156,76.16,72.0438,73.1085,400733
2026-04-29,73.1664,73.959,70.8656,71.3174,383882
2026-04-30,71.2292,73.922,71.2247,73.748,380421
2026-05-01,74.208,76.9801,72.983,75.357,313788
2026-05-04,75.7917,75.997,72.2045,72.7246,423862
2026-05-05,72.7762,74.1955,72.4085,72.817,164332
2026-05-06,72.8025,77.8195,72.6507,77.3524,368835
2026-05-07,77.3195,82.132,77.0003,78.5281,426012
2026-05-08,78.6646,81.5743,78.3239,80.3405,384332
2026-05-11,79.3798,86.2345,79.0644,86.1083,400046
2026-05-12,86.2344,87.2161,83.0558,86.547,488525
2026-05-13,86.8701,89.3797,85.615,87.4924,404459
2026-05-14,87.7475,88.4537,83.1123,83.5219,330088
2026-05-15,83.5252,83.8804,75.7365,75.998,520293
2026-05-18,75.9724,78.2005,73.8634,77.6679,493949
2026-05-19,77.686,78.8949,73.0919,73.7069,374207
2026-05-20,73.9326,76.6172,73.129,75.8515,303064
2026-05-21,75.724,77.123,74.4159,76.6702,422020
2026-05-22,76.7924,77.0425,74.9768,75.5178,351148
2026-05-25,77.1045,78.826,76.7555,78.086,287519
2026-05-26,78.1413,78.3952,75.4935,76.9625,286182
2026-05-27,77.1334,77.5415,73.4372,74.6435,278072
2026-05-28,74.6687,76.0335,71.792,75.6535,318136
2026-05-29,75.761,76.677,74.5954,75.286,323479
2026-06-01,74.4596,76.296,73.849,74.8535,345302
2026-06-02,74.814,77.0131,74.481,75.1255,326396
2026-06-03,75.1655,75.3355,72.6185,72.7355,393253
2026-06-04,72.7405,75.0703,72.457,73.8925,377659
2026-06-05,73.9055,74.1345,67.5705,67.7525,544133
2026-06-08,67.7917,68.9424,66.1635,68.1855,550883
2026-06-09,68.0972,69.0382,64.374,65.3481,536529
2026-06-10,65.348,65.7586,63.3154,63.4323,664797
2026-06-11,62.8967,67.5609,61.505,67.346,671653
2026-06-12,67.33,68.36,65.896,68.036,548133
2026-06-15,69.4595,71.3265,69.3795,69.971,359509
2026-06-16,70.0454,71.206,69.0705,70.0205,362855
2026-06-17,70.0085,71.5641,66.7988,67.936,433230
2026-06-18,67.8952,69.8545,65.071,65.7185,475718
2026-06-19,65.6611,65.7575,63.287,64.881,286542
2026-06-22,64.5757,67.1685,64.2445,65.095,352025
2026-06-23,65.1251,65.1972,61.3455,61.56,433975
2026-06-24,61.641,62.3845,55.5967,57.441,474609
2026-06-25,57.6041,59.026,56.3525,57.864,492847
2026-06-26,57.8321,59.5828,55.7035,59.1905,423755
2026-06-29,59.1499,59.3645,57.4126,58.3075,397127
2026-06-30,58.3185,60.4405,56.6045,58.586,307015
2026-07-01,58.811,61.0073,57.1695,59.1195,302209
2026-07-02,59.344,62.079,58.9295,60.973,315031
2026-07-03,61.017,62.897,60.9175,62.403,194448
2026-07-06,62.876,63.2765,61.363,62.041,237139
2026-07-07,62.056,62.162,59.4465,59.9775,325093
2026-07-08,59.96,61.0295,57.2155,58.2993,416912
2026-07-09,58.365,60.6184,57.5885,59.9705,338914
2026-07-10,59.983,60.77,58.8787,59.864,266305
2026-07-13,58.983,59.3825,57.265,57.6516,352582
2026-07-14,57.614,59.6805,56.8685,58.697,357784
2026-07-15,58.749,59.0755,56.6185,57.7825,369181
2026-07-16,57.8085,57.8875,55.3305,55.518,356227
2026-07-17,55.641,56.207,54.776,55.9,384363
2026-07-20,55.6312,57.4856,55.5179,56.4194,355352
2026-07-21,56.3927,59.251,56.1098,58.8006,305105
2026-07-22,58.8075,60.9365,58.7305,59.7052,278677
2026-07-23,59.5723,60.0774,57.0575,57.66,293537
2026-07-24,57.5995,58.9883,57.09,58.203,256655
2026-07-27,59.4487,60.0955,58.167,58.3914,280456
2026-07-28,58.5198,58.5346,56.6405,57.1135,309380
2026-07-29,57.1295,59.2615,56.7475,57.6265,374772
2026-07-30,58.0566,59.316,56.9395,58.9894,385118
2026-07-31,59.0331,59.174,57.03,57.6325,247116
2026-08-03,58.5901,58.6335,56.564,58.187,299792
2026-08-04,58.084,60.0485,57.995,59.5214,247416
2026-08-05,59.553,62.776,59.4035,62.0485,273013
2026-08-06,62.1048,62.9095,60.8755,61.5322,311310
2026-08-07,61.4375,65.158,61.1595,63.5594,321521
2026-08-10,63.6388,66.07,62.991,65.7378,248436
2026-08-11,65.7117,66.4843,64.234,64.6825,267568
2026-08-12,64.7762,66.8025,64.7105,65.3245,289513
2026-08-13,65.291,66.3145,64.22,64.4755,268876
2026-08-14,64.3823,65.7055,63.505,64.688,237363
2026-08-17,64.7602,66.5585,64.691,65.782,232279
2026-08-18,65.821,66.5635,63.1795,63.3275,258004
2026-08-19,63.332,67.0185,62.5645,66.9955,292678
2026-08-20,66.916,68.9945,65.641,68.093,317627
2026-08-21,68.1673,70.023,67.9075,68.9705,292624
2026-08-24,68.9848,69.92,68.3115,68.9715,322921
2026-08-25,68.963,69.945,67.445,68.6693,318843
2026-08-26,68.8616,69.7365,67.516,68.1268,308450
2026-08-27,68.5416,69.7325,67.6294,69.272,270331
2026-08-28,69.2392,71.1766,66.1135,66.355,415115
2026-08-31,65.996,67.4712,65.6715,66.5585,290813
2026-09-01,66.6081,67.078,64.022,64.0785,332622
2026-09-02,64.0595,65.5747,63.3093,65.329,283660
2026-09-03,65.3941,67.471,65.212,66.9785,278052
2026-09-04,67.0384,67.202,64.7445,66.2115,239277
2026-09-07,66.0475,66.739,65.4005,66.1695,147017
2026-09-08,66.3275,67.1895,65.533,65.754,263265
2026-09-09,65.752,68.3265,65.5175,67.2885,303372
2026-09-10,67.3735,67.95,63.4885,63.5805,340345
2026-09-11,63.592,65.283,62.846,64.5,328748
2026-09-14,64.0546,64.4785,62.3325,63.247,320818
2026-09-15,63.267,63.946,62.555,63.6845,269089
2026-09-16,63.69,64.935,62.31,62.985,357043
2026-09-17,62.9355,66.1595,62.851,65.222,299335
2026-09-18,65.2985,67.3375,65.257,66.2555,287507
2026-09-21,66.2785,67.0515,65.73,66.1615,223934
