date,open,high,low,close,volume
1979-03-18,100,140,100,140,1
1980-03-18,140,200,140,200,1
1981-03-18,200,270,200,270,1
1982-03-18,270,350,270,350,1
1983-03-18,350,450,350,450,1
1984-03-18,450,580,450,580,1
1985-03-18,580,610,580,610,1
1986-03-18,610,740,610,740,1
1987-03-18,740,960,740,960,1
1988-03-18,990,990,960,960,1
1989-03-18,960,1200,960,1200,1
1990-03-18,1200,1410,1200,1410,1
1991-03-18,1410,1420,1410,1420,1
1992-03-18,1420,1490,1420,1490,1
1993-03-18,1490,1800,1490,1800,1
1994-03-18,1800,2630,1800,2630,1
1995-03-18,2630,4030,2630,4030,1
1996-03-18,4030,4440,4030,4440,1
1997-03-19,4440,4780,4440,4780,1
1998-03-19,4780,6460,4780,6460,1
1999-03-19,6460,8630,6460,8630,1
2000-03-18,8630,8630,8130,8130,1
2001-03-19,8130,8130,7990,7990,1
2002-03-19,7920,7990,7920,7990,1
2003-03-19,7990,8320,7990,8320,1
2004-03-19,8320,8740,8320,8740,1
2005-03-19,8740,9040,8740,9040,1
2006-03-19,9040,9220,9040,9220,1
2007-03-19,9220,9430,9220,9430,1
2007-12-12,9400,9430,9400,9430,1
2007-12-15,9470,9500,9470,9500,1
2007-12-22,9500,9500,9470,9470,1
2007-12-29,9480,9480,9340,9340,1
2008-01-05,9330,9350,9330,9350,1
2008-01-12,9310,9400,9300,9400,1
2008-01-19,9390,9470,9370,9370,1
2008-01-26,9370,9370,9300,9340,1
2008-02-02,9350,9470,9350,9470,1
2008-02-09,9460,9460,9400,9400,1
2008-02-16,9410,9430,9360,9360,1
2008-02-23,9360,9380,9260,9260,1
2008-03-01,9250,9320,9250,9250,1
2008-03-08,9250,9250,9150,9150,1
2008-03-15,9150,9150,9070,9110,1
2008-03-23,9300,9300,9180,9210,1
2008-03-29,9210,9250,9200,9200,1
2008-04-05,9150,9150,9070,9070,1
2008-04-12,9070,9140,9050,9100,1
2008-04-19,9200,9340,9150,9340,1
2008-04-26,9300,9370,9270,9370,1
2008-05-03,9350,9450,9330,9350,1
2008-05-10,9370,9380,9320,9350,1
2008-05-17,9350,9370,9210,9220,1
2008-05-24,9220,9340,9210,9340,1
2008-05-31,9380,9400,9380,9400,1
2008-06-07,9280,9470,9280,9470,1
2008-06-14,9450,9450,9380,9380,1
2008-06-21,9380,9400,9310,9310,1
2008-06-28,9310,9350,9250,9350,1
2008-07-05,9350,9380,9260,9260,1
2008-07-12,9260,9300,9260,9300,1
2008-07-19,9300,9350,9250,9330,1
2008-07-26,9330,9410,9330,9410,1
2008-08-02,9400,9650,9400,9650,1
2008-08-09,9550,9700,9550,9700,1
2008-08-17,9650,9650,9630,9640,1
2008-08-23,9650,9700,9650,9700,1
2008-08-30,9700,9750,9700,9750,1
2008-09-06,9750,9900,9700,9850,1
2008-09-13,9850,9850,9720,9720,1
2008-09-20,9720,9720,9620,9700,1
2008-09-27,9700,9950,9700,9900,1
2008-10-04,9900,9970,9900,9960,1
2008-10-11,9950,9950,9890,9930,1
2008-10-18,9930,10050,9930,10050,1
2008-10-25,10050,10180,10050,10150,1
2008-11-01,10150,10180,10120,10180,1
2008-11-08,10150,10250,10150,10250,1
2008-11-15,10250,10340,10250,10340,1
2008-11-22,10360,10360,10240,10240,1
2008-11-29,10240,10240,10220,10240,1
2008-12-06,10250,10250,10070,10070,1
2008-12-13,10080,10080,9950,10000,1
2008-12-20,10000,10000,9950,9950,1
2008-12-27,9950,9950,9890,9950,1
2009-01-03,9950,10040,9950,10040,1
2009-01-10,10040,10100,10040,10060,1
2009-01-17,10060,10060,9950,9950,1
2009-01-24,9950,9950,9780,9800,1
2009-01-31,9800,9800,9680,9680,1
2009-02-07,9660,9670,9650,9650,1
2009-02-14,9650,9730,9650,9730,1
2009-02-21,9730,9890,9730,9890,1
2009-02-28,9890,10000,9890,9980,1
2009-03-07,9980,9980,9880,9880,1
2009-03-15,9880,9880,9860,9870,1
2009-03-24,9880,9970,9880,9970,1
2009-03-28,9970,10020,9970,9970,1
2009-04-04,9940,10040,9900,10000,1
2009-04-11,10000,10070,9990,10070,1
2009-04-18,10070,10120,10050,10050,1
2009-04-25,10040,10070,9950,9950,1
2009-05-02,9960,9960,9880,9880,1
2009-05-09,9880,9890,9830,9890,1
2009-05-16,9870,9890,9750,9750,1
2009-05-23,9740,9750,9720,9720,1
2009-05-30,9670,9780,9670,9780,1
2009-06-06,9800,9860,9800,9860,1
2009-06-13,9900,9900,9900,9900,1
2009-06-20,9960,9990,9940,9950,1
2009-06-27,9950,10000,9950,10000,1
2009-07-04,10010,10070,10010,10050,1
2009-07-11,10040,10040,10000,10000,1
2009-07-18,10000,10000,9990,9990,1
2009-07-25,10000,10040,10000,10000,1
2009-08-01,10000,10030,9980,10030,1
2009-08-08,10030,10030,10010,10010,1
2009-08-15,10010,10020,9970,9970,1
2009-08-22,9970,9980,9970,9970,1
2009-08-29,9970,9990,9970,9970,1
2009-09-05,9970,9970,9940,9940,1
2009-09-12,9930,9950,9920,9920,1
2009-09-19,9920,9920,9890,9920,1
2009-09-26,9910,9960,9910,9960,1
2009-10-03,9950,9950,9940,9940,1
2009-10-10,9930,9940,9930,9940,1
2009-10-17,9940,9940,9920,9920,1
2009-10-24,9920,9990,9910,9990,1
2009-10-31,9990,9990,9960,9970,1
2009-11-07,9960,9960,9930,9950,1
2009-11-14,9940,9970,9940,9970,1
2009-11-21,9970,9980,9950,9960,1
2009-11-28,9980,10010,9970,10000,1
2009-12-05,10000,10040,10000,10040,1
2009-12-12,10030,10050,10020,10050,1
2009-12-19,10030,10080,10030,10080,1
2009-12-26,10050,10050,10030,10030,1
2010-01-02,10030,10050,10030,10030,1
2010-01-09,10020,10030,10010,10030,1
2010-01-16,10020,10080,10020,10070,1
2010-01-23,10120,10200,10110,10120,1
2010-01-30,10110,10110,10080,10090,1
2010-02-06,10090,10100,10090,10100,1
2010-02-13,10100,10100,10080,10080,1
2010-02-20,10080,10120,10080,10080,1
2010-02-27,10060,10060,10060,10060,1
2010-03-06,10060,10070,9980,9980,1
2010-03-13,9980,10050,9980,10050,1
2010-03-27,10040,10050,10020,10050,1
2010-04-03,10010,10070,10000,10030,1
2010-04-10,10030,10070,10020,10070,1
2010-04-17,10060,10120,10060,10120,1
2010-04-24,10120,10200,10120,10160,1
2010-05-01,10150,10280,10150,10280,1
2010-05-08,10270,10390,10250,10390,1
2010-05-15,10410,10440,10380,10380,1
2010-05-22,10350,10450,10350,10430,1
2010-05-29,10420,10470,10420,10460,1
2010-06-05,10650,10650,10530,10530,1
2010-06-12,10510,10510,10440,10440,1
2010-06-19,10440,10490,10420,10490,1
2010-06-26,10480,10560,10460,10460,1
2010-07-03,10460,10490,10460,10460,1
2010-07-10,10450,10460,10450,10460,1
2010-07-17,10410,10500,10410,10470,1
2010-07-24,10480,10500,10480,10480,1
2010-07-31,10480,10500,10470,10490,1
2010-08-07,10480,10720,10480,10720,1
2010-08-14,10670,10670,10590,10590,1
2010-08-21,10550,10570,10540,10550,1
2010-08-28,10530,10540,10520,10520,1
2010-09-04,10510,10600,10500,10590,1
2010-09-11,10570,10580,10520,10560,1
2010-09-18,10580,10650,10560,10650,1
2010-09-25,10850,11300,10850,11300,1
2010-10-02,10900,11100,10900,11000,1
2010-10-09,10800,11000,10700,10900,1
2010-10-16,10950,11000,10650,10650,1
2010-10-23,10690,10950,10690,10850,1
2010-10-30,10750,10750,10690,10690,1
2010-11-06,10680,10680,10590,10670,1
2010-11-13,10650,10650,10570,10570,1
2010-11-20,10570,10600,10550,10600,1
2010-11-27,10580,10650,10580,10620,1
2010-12-04,10600,10630,10600,10630,1
2010-12-11,10650,10650,10650,10650,1
2010-12-18,10680,10730,10680,10730,1
2010-12-25,10770,10800,10730,10730,1
2011-01-01,10730,10850,10730,10850,1
2011-01-08,10850,11000,10850,10890,1
2011-01-15,10930,10930,10820,10820,1
2011-01-22,10820,10920,10750,10920,1
2011-01-29,10920,11050,10920,11000,1
2011-02-05,10960,10970,10910,10970,1
2011-02-12,10980,10980,10900,10900,1
2011-02-19,10900,11070,10900,11070,1
2011-02-26,11150,11400,11150,11150,1
2011-03-05,11100,11100,11050,11050,1
2011-03-12,10980,11200,10980,11200,1
2011-03-19,11100,11100,11100,11100,1
2011-03-26,11100,11180,11100,11180,1
2011-04-02,11120,11300,11120,11250,1
2011-04-09,11260,11350,11250,11350,1
2011-04-16,11250,11250,11200,11250,1
2011-04-23,11250,11280,11250,11280,1
2011-04-30,11350,11480,11350,11480,1
2011-05-07,11520,12000,11520,11700,1
2011-05-14,11800,11870,11780,11870,1
2011-05-21,11900,12080,11900,11950,1
2011-05-28,11600,11800,11550,11800,1
2011-06-04,11850,12150,11850,12150,1
2011-06-11,12350,12500,12150,12150,1
2011-06-18,12000,12000,11480,11480,1
2011-06-25,11420,11720,11420,11720,1
2011-07-02,11800,11900,11550,11550,1
2011-07-09,11520,11520,11370,11400,1
2011-07-16,11490,11540,11340,11360,1
2011-07-23,11320,11350,11300,11350,1
2011-07-30,11240,11500,11240,11450,1
2011-08-06,11460,11900,11460,11770,1
2011-08-13,11700,11870,11650,11870,1
2011-08-20,11890,12280,11890,12080,1
2011-08-27,12000,12100,12000,12100,1
2011-09-03,12220,12500,12220,12350,1
2011-09-10,12350,12750,12350,12750,1
2011-09-17,12650,12650,12550,12550,1
2011-09-24,12700,13020,12700,12730,1
2011-10-01,12400,12580,12050,12420,1
2011-10-08,12400,12400,12240,12300,1
2011-10-15,12400,12750,12400,12740,1
2011-10-22,12780,13030,12780,13030,1
2011-10-29,13000,13350,13000,13100,1
2011-11-05,13100,13400,13100,13400,1
2011-11-12,13350,13400,13330,13330,1
2011-11-19,13280,13630,13130,13630,1
2011-11-26,13700,13700,13350,13650,1
2011-12-03,13610,13650,13450,13450,1
2011-12-10,13450,13840,13450,13840,1
2011-12-17,14080,15300,14080,14350,1
2011-12-24,14800,15550,14800,15550,1
2011-12-31,15900,17400,15800,15970,1
2012-01-07,16550,16950,16550,16950,1
2012-01-14,16900,19000,16900,19000,1
2012-01-21,21000,21000,17000,17700,1
2012-01-28,18300,18300,17750,17750,1
2012-02-04,18500,19200,18500,19200,1
2012-02-11,19400,19600,19000,19400,1
2012-02-18,19200,19450,19200,19350,1
2012-02-25,19300,19300,18500,19250,1
2012-03-03,19000,19100,18800,18800,1
2012-03-10,18700,19250,18500,19250,1
2012-03-17,19150,19150,19150,19150,1
2012-03-24,18900,19200,18900,19200,1
2012-03-31,19120,19120,18950,19100,1
2012-04-07,19010,19010,18650,18800,1
2012-04-14,17300,18240,17300,18030,1
2012-04-21,17950,17950,16650,16650,1
2012-04-28,17340,17340,16780,16780,1
2012-05-05,16720,16720,15890,15890,1
2012-05-12,15750,16850,15750,16850,1
2012-05-19,16760,17670,16690,17670,1
2012-05-26,17200,17770,17200,17770,1
2012-06-02,17680,18250,17680,18250,1
2012-06-09,18210,18210,17600,17850,1
2012-06-16,18000,18800,18000,18800,1
2012-06-23,19050,20150,18950,19940,1
2012-06-30,19890,19890,19280,19460,1
2012-07-07,19390,19460,18810,19150,1
2012-07-14,19130,19280,18900,19090,1
2012-07-21,19070,19740,18960,19700,1
2012-07-28,19650,20250,19420,20080,1
2012-08-04,20040,22100,20040,21300,1
2012-08-11,21390,21520,21060,21200,1
2012-08-18,21210,22100,21180,21940,1
2012-08-25,22000,22000,21650,21800,1
2012-09-01,21780,23020,21330,23020,1
2012-09-08,23140,26300,23140,24480,1
2012-09-15,24350,25240,23990,24690,1
2012-09-22,24660,28500,24510,28440,1
2012-09-29,29600,36300,28500,30300,1
2012-10-06,29800,34500,28500,33950,1
2012-10-13,33700,36000,33350,36000,1
2012-10-20,35500,36000,32700,33400,1
2012-10-27,32900,33400,32900,32900,1
2012-11-03,31000,32000,29500,31000,1
2012-11-10,30700,30700,29400,29400,1
2012-11-17,28500,29000,26500,29000,1
2012-11-24,29000,29500,28000,29500,1
2012-12-01,29300,30500,29100,30500,1
2012-12-08,29000,30200,29000,29700,1
2012-12-15,30000,31700,30000,31700,1
2012-12-22,31800,34200,31800,32100,1
2012-12-29,31950,32900,31600,32350,1
2013-01-05,32400,33250,32300,32800,1
2013-01-12,32700,33400,32700,33400,1
2013-01-19,33300,36500,33300,35500,1
2013-01-26,35600,39700,35600,38200,1
2013-02-02,38100,38900,37150,38500,1
2013-02-09,38300,38300,35900,37300,1
2013-02-16,37000,37500,36600,36800,1
2013-02-23,36650,37900,36450,36450,1
2013-03-02,36100,36400,32850,34800,1
2013-03-09,34850,35500,33300,33320,1
2013-03-16,33400,34200,33400,34050,1
2013-03-30,34500,35400,34500,35100,1
2013-04-06,36000,36400,35050,35150,1
2013-04-13,35100,35500,35000,35200,1
2013-04-20,35150,36400,35150,35850,1
2013-04-27,35700,36100,35400,35600,1
2013-05-04,35800,36000,34650,34650,1
2013-05-11,34850,35300,34700,35050,1
2013-05-18,34800,35800,34500,35700,1
2013-05-25,35850,36900,35850,36450,1
2013-06-01,36480,36700,36280,36700,1
2013-06-08,36650,36650,34500,34800,1
2013-06-15,34400,35200,32000,32000,1
2013-06-22,30700,34000,29800,33200,1
2013-06-29,33600,34100,33200,33200,1
2013-07-06,33200,33500,32850,32850,1
2013-07-13,32700,32750,30850,31000,1
2013-07-20,30800,31850,30700,31700,1
2013-07-27,31900,32900,31600,32850,1
2013-08-03,32650,32800,31750,32150,1
2013-08-10,32150,32400,31600,31700,1
2013-08-17,31650,31700,30800,31250,1
2013-08-24,31300,33000,31150,32700,1
2013-08-31,32550,33300,32350,32800,1
2013-09-07,32700,32950,31650,31700,1
2013-09-14,31800,31800,29000,29000,1
2013-09-21,29300,31250,29000,30400,1
2013-09-28,30700,31000,30250,30550,1
2013-10-05,30800,30800,30350,30350,1
2013-10-12,30400,30450,30150,30200,1
2013-10-19,30150,30200,29950,30150,1
2013-10-26,30150,30150,30050,30120,1
2013-11-02,30200,30400,29950,29950,1
2013-11-09,30050,30250,30050,30130,1
2013-11-16,30120,30120,29950,30050,1
2013-11-23,29850,29950,28900,29600,1
2013-11-30,29600,29600,29400,29480,1
2013-12-07,29450,29560,29350,29560,1
2013-12-14,29600,29600,29410,29450,1
2013-12-21,29420,30010,29420,29950,1
2013-12-28,29960,30230,29740,29760,1
2014-01-04,29770,29920,29660,29800,1
2014-01-11,29840,29840,29380,29390,1
2014-01-18,29360,29650,28880,29520,1
2014-01-25,29540,29550,29320,29420,1
2014-02-01,29410,29630,29400,29540,1
2014-02-08,29530,29610,29420,29580,1
2014-02-15,29570,29580,29440,29560,1
2014-02-22,29580,30500,29560,30450,1
2014-03-01,30430,31270,30060,30060,1
2014-03-08,29970,30910,29970,30080,1
2014-03-15,30060,30250,29800,30170,1
2014-03-22,30250,30690,30180,30470,1
2014-03-29,30480,30650,30410,30480,1
2014-04-05,30490,31160,30260,31140,1
2014-04-12,31150,32000,31030,31790,1
2014-04-19,31820,33470,31820,32800,1
2014-04-26,32780,33600,32590,33150,1
2014-05-03,33100,33300,32580,32580,1
2014-05-10,32570,33200,32270,32990,1
2014-05-17,33000,33080,32680,32740,1
2014-05-24,32760,32890,32620,32760,1
2014-05-31,32770,32850,32610,32620,1
2014-06-07,32600,32600,32060,32190,1
2014-06-14,32160,32340,31770,32070,1
2014-06-21,32050,32050,31390,31390,1
2014-06-28,31380,31500,30900,30960,1
2014-07-05,30920,31500,30770,31220,1
2014-07-12,31200,31640,31110,31340,1
2014-07-19,31300,31410,31210,31390,1
2014-07-26,31380,31410,31200,31290,1
2014-08-02,31330,31490,31260,31300,1
2014-08-09,31290,31300,31090,31090,1
2014-08-16,31080,31230,30890,31210,1
2014-08-23,31190,31680,31120,31590,1
2014-08-30,31580,31860,31390,31570,1
2014-09-06,31550,32030,31510,31760,1
2014-09-13,31750,32180,31730,31780,1
2014-09-20,31790,32480,31650,32480,1
2014-09-27,32550,32680,32230,32410,1
2014-10-04,32400,32610,32250,32430,1
2014-10-11,32450,32570,32350,32380,1
2014-10-18,32370,32390,32090,32100,1
2014-10-25,32110,32550,32080,32460,1
2014-11-01,32480,32650,32410,32570,1
2014-11-08,32580,32600,32400,32440,1
2014-11-15,32460,32580,32370,32370,1
2014-11-22,32360,34310,32320,34210,1
2014-11-29,34180,35300,33370,33430,1
2014-12-06,33500,34640,33470,34240,1
2014-12-13,34230,35230,33800,35100,1
2014-12-20,35130,35870,35060,35580,1
2014-12-27,35560,35740,34770,35090,1
2015-01-03,35080,35440,34880,34940,1
2015-01-10,34930,34960,34380,34460,1
2015-01-17,34490,35210,34420,34430,1
2015-01-22,34660,34660,34540,34570,1
2015-01-24,34600,34600,34430,34430,1
2015-01-25,34480,34700,34480,34650,1
2015-01-26,34640,34900,34610,34690,1
2015-01-27,34700,34730,34600,34600,1
2015-01-28,34590,34670,34560,34560,1
2015-01-29,34570,34640,34530,34560,1
2015-01-31,34620,34620,34510,34570,1
2015-02-01,34590,34620,34520,34550,1
2015-02-02,34570,34580,34540,34560,1
2015-02-03,34570,34570,34540,34560,1
2015-02-04,34550,34560,34400,34430,1
2015-02-05,34410,34410,34270,34320,1
2015-02-07,34330,34330,34160,34190,1
2015-02-08,34160,34160,33880,34090,1
2015-02-09,34080,34370,34080,34310,1
2015-02-10,34280,34320,34210,34300,1
2015-02-12,34320,34320,34250,34290,1
2015-02-14,34320,34350,34260,34320,1
2015-02-15,34310,34320,34260,34300,1
2015-02-16,34310,34310,34190,34220,1
2015-02-17,34200,34200,33980,34020,1
2015-02-18,34040,34150,34010,34140,1
2015-02-19,34180,34210,34120,34140,1
2015-02-21,34130,34150,34040,34070,1
2015-02-22,34080,34220,34060,34220,1
2015-02-23,34200,34410,34200,34350,1
2015-02-24,34370,34370,34290,34340,1
2015-02-25,34350,34450,34330,34360,1
2015-02-26,34390,34410,34300,34350,1
2015-02-27,34310,34310,34310,34310,1
2015-02-28,34290,34330,34160,34240,1
2015-03-01,34260,34280,34190,34260,1
2015-03-02,34250,34290,34240,34250,1
2015-03-03,34260,34260,34070,34170,1
2015-03-04,34180,34200,34110,34200,1
2015-03-05,34160,34180,34130,34130,1
2015-03-07,34120,34120,33940,33990,1
2015-03-08,34020,34060,33930,34060,1
2015-03-09,34050,34060,33960,33960,1
2015-03-10,33980,33980,33820,33840,1
2015-03-11,33800,33800,33330,33360,1
2015-03-12,33410,33410,32960,33240,1
2015-03-13,33170,33170,32950,32990,1
2015-03-14,32960,32960,32200,32200,1
2015-03-15,32180,32670,31600,32410,1
2015-03-16,32440,33150,32400,32810,1
2015-03-17,32870,33860,32870,33530,1
2015-03-18,33530,33760,33350,33490,1
2015-03-19,33580,33700,32950,33380,1
2015-03-23,33560,33560,33560,33560,1
2015-03-24,33600,33600,33600,33600,1
2015-03-25,33560,34280,33560,33930,1
2015-03-26,33980,34030,33890,33930,1
2015-03-28,33810,33810,32730,32960,1
2015-03-29,32970,33180,32610,33100,1
2015-03-30,33110,33340,32990,33240,1
2015-03-31,33190,33390,32880,33070,1
2015-04-01,32890,33300,32890,33300,1
2015-04-02,33230,33230,32250,32350,1
2015-04-03,32340,32340,31710,31880,1
2015-04-04,31850,32700,31710,32690,1
2015-04-05,32760,32990,32670,32840,1
2015-04-06,32820,32890,32600,32860,1
2015-04-07,32840,33170,32840,33140,1
2015-04-08,33170,33330,32930,32930,1
2015-04-09,32910,33090,32860,32900,1
2015-04-11,32950,33560,32950,33520,1
2015-04-12,33570,33850,33390,33390,1
2015-04-13,33420,33580,33340,33380,1
2015-04-14,33480,33530,33270,33450,1
2015-04-15,33440,33710,33440,33580,1
2015-04-16,33590,33620,33450,33480,1
2015-04-17,33490,33490,33420,33420,1
2015-04-18,33440,33450,33330,33360,1
2015-04-19,33340,33440,33310,33390,1
2015-04-20,33450,33450,33350,33390,1
2015-04-21,33400,33450,33370,33390,1
2015-04-22,33380,33390,33310,33360,1
2015-04-23,33370,33390,33310,33330,1
2015-04-24,33340,33340,33330,33330,1
2015-04-25,33320,33340,33210,33220,1
2015-04-26,33200,33350,33190,33300,1
2015-04-27,33340,33430,33340,33350,1
2015-04-28,33360,33390,33310,33380,1
2015-04-29,33390,33410,33340,33360,1
2015-04-30,33370,33400,33330,33390,1
2015-05-01,33400,33400,33390,33390,1
2015-05-03,33410,33430,33350,33390,1
2015-05-04,33400,33400,33250,33250,1
2015-05-05,33230,33270,33170,33270,1
2015-05-06,33250,33320,33190,33300,1
2015-05-07,33310,33320,33280,33290,1
2015-05-08,33300,33300,33300,33300,1
2015-05-09,33290,33300,33210,33210,1
2015-05-10,33220,33220,33140,33180,1
2015-05-11,33170,33190,33110,33160,1
2015-05-12,33120,33170,33070,33160,1
2015-05-13,33180,33270,33150,33190,1
2015-05-14,33180,33200,33170,33200,1
2015-05-15,33190,33190,33190,33190,1
2015-05-16,33200,33200,33190,33190,1
2015-05-17,33150,33160,33090,33100,1
2015-05-18,33040,33080,33040,33070,1
2015-05-19,33060,33080,32980,32980,1
2015-05-20,32990,33020,32770,32830,1
2015-05-21,32940,33050,32850,32850,1
2015-05-23,32960,33100,32960,32970,1
2015-05-24,33000,33050,32950,32950,1
2015-05-25,33070,33130,32930,32930,1
2015-05-26,33110,33150,33000,33000,1
2015-05-27,33070,33150,33000,33000,1
2015-05-28,33100,33220,32980,32980,1
2015-05-30,33100,33320,33080,33080,1
2015-05-31,33200,33320,33160,33190,1
2015-06-01,33200,33210,33100,33130,1
2015-06-02,33160,33220,33100,33130,1
2015-06-06,33180,33230,33110,33110,1
2015-06-07,33130,33130,33070,33080,1
2015-06-08,33140,33160,33100,33100,1
2015-06-09,33110,33160,33080,33080,1
2015-06-10,33120,33170,33080,33080,1
2015-06-11,33100,33110,33050,33050,1
2015-06-13,33080,33100,33040,33040,1
2015-06-14,33020,33020,32920,32920,1
2015-06-15,32910,32910,32820,32820,1
2015-06-16,32750,32850,32690,32850,1
2015-06-17,32860,32920,32820,32850,1
2015-06-18,32840,32840,32780,32780,1
2015-06-20,32790,32790,32700,32710,1
2015-06-21,32730,32770,32680,32720,1
2015-06-22,32650,32670,32600,32620,1
2015-06-23,32630,32660,32580,32660,1
2015-06-24,32680,32850,32660,32750,1
2015-06-25,32850,32880,32750,32750,1
2015-06-27,32860,33070,32860,33030,1
2015-06-28,33080,33380,33000,33000,1
2015-06-29,33170,33330,33000,33000,1
2015-06-30,32980,33110,32870,32990,1
2015-07-01,33230,33330,33090,33090,1
2015-07-02,33040,33060,32940,32950,1
2015-07-04,33020,33180,33000,33120,1
2015-07-05,33080,33080,32905,33005,1
2015-07-06,32850,32870,32420,32430,1
2015-07-07,32470,32710,32400,32620,1
2015-07-08,32590,32590,32490,32520,1
2015-07-09,32510,32630,32200,32590,1
2015-07-10,32580,32840,32520,32600,1
2015-07-11,32450,32700,32400,32650,1
2015-07-12,32500,32530,32110,32205,1
2015-07-13,32050,32220,32040,32170,1
2015-07-14,32170,32310,31750,32270,1
2015-07-15,32310,32670,32280,32430,1
2015-07-16,32380,32410,32260,32275,1
2015-07-17,32275,32280,32210,32270,1
2015-07-18,32260,32350,32260,32330,1
2015-07-19,32330,32330,32260,32290,1
2015-07-20,32250,32360,32190,32195,1
2015-07-21,32215,32560,32190,32540,1
2015-07-22,32610,32670,32500,32580,1
2015-07-23,32580,32720,32560,32700,1
2015-07-24,32730,32850,32730,32790,1
2015-07-25,32790,33040,32790,33035,1
2015-07-26,33140,33195,32935,32960,1
2015-07-27,32920,33120,32880,33100,1
2015-07-28,33085,33160,33020,33110,1
2015-07-29,33080,33140,33030,33050,1
2015-07-30,33030,33150,33030,33115,1
2015-07-31,33140,33165,33105,33110,1
2015-08-01,33080,33200,33060,33140,1
2015-08-02,33220,33270,33120,33150,1
2015-08-03,33200,33220,33130,33160,1
2015-08-04,33250,33330,33220,33240,1
2015-08-05,33250,33320,33250,33270,1
2015-08-06,33300,33435,33290,33400,1
2015-08-07,33380,33435,33380,33425,1
2015-08-08,33475,33610,33475,33520,1
2015-08-09,33500,33525,33395,33415,1
2015-08-10,33385,33535,33380,33465,1
2015-08-11,33470,33500,33450,33500,1
2015-08-12,33500,33685,33500,33680,1
2015-08-13,33690,33735,33590,33615,1
2015-08-14,33615,33645,33610,33620,1
2015-08-15,33620,33655,33450,33450,1
2015-08-16,33440,33550,33430,33530,1
2015-08-17,33540,33675,33535,33655,1
2015-08-18,33700,33755,33575,33580,1
2015-08-19,33600,33650,33580,33610,1
2015-08-20,33600,33645,33510,33530,1
2015-08-21,33510,33600,33510,33600,1
2015-08-22,33630,33740,33620,33730,1
2015-08-23,33765,33810,33675,33725,1
2015-08-24,33740,33805,33735,33770,1
2015-08-25,33825,34020,33820,34020,1
2015-08-26,34060,34160,33980,34050,1
2015-08-27,34050,34050,33940,33960,1
2015-08-28,33940,34015,33935,33940,1
2015-08-29,33915,33945,33800,33825,1
2015-08-30,33840,34095,33840,34090,1
2015-08-31,34130,34190,34060,34105,1
2015-09-01,34030,34130,33950,33990,1
2015-09-02,34160,34220,33800,33800,1
2015-09-03,34000,34080,33850,33850,1
2015-09-05,34120,34160,33830,33830,1
2015-09-06,33920,34315,33900,34295,1
2015-09-07,34310,34330,34230,34285,1
2015-09-08,34300,34390,34270,34330,1
2015-09-09,34300,34380,34255,34370,1
2015-09-10,34400,34460,34370,34380,1
2015-09-11,34380,34460,34295,34460,1
2015-09-12,34460,34620,34450,34615,1
2015-09-13,34590,34710,34520,34710,1
2015-09-14,34760,34910,34730,34890,1
2015-09-15,34910,34925,34535,34600,1
2015-09-16,34500,34530,34100,34170,1
2015-09-17,34130,34280,34090,34115,1
2015-09-18,34140,34260,34140,34210,1
2015-09-19,34180,34250,34075,34105,1
2015-09-20,34095,34115,33870,33875,1
2015-09-21,33860,34170,33800,34145,1
2015-09-22,34140,34255,33910,33990,1
2015-09-23,34065,34085,33970,34045,1
2015-09-24,34045,34045,33970,34000,1
2015-09-25,34010,34040,34005,34015,1
2015-09-26,34035,34295,34035,34290,1
2015-09-27,34330,34410,34175,34290,1
2015-09-28,34320,34465,34320,34420,1
2015-09-29,34490,34750,34485,34750,1
2015-09-30,34780,34840,34570,34630,1
2015-10-01,34590,34700,34580,34700,1
2015-10-02,34700,34760,34650,34710,1
2015-10-03,34730,34750,34510,34525,1
2015-10-04,34520,34650,34465,34650,1
2015-10-05,34650,34865,34630,34840,1
2015-10-06,34835,34900,34750,34875,1
2015-10-07,34920,35045,34840,35020,1
2015-10-08,34400,35050,34400,34990,1
2015-10-09,34965,35020,34960,35010,1
2015-10-10,34990,34990,34770,34830,1
2015-10-11,34770,35000,34720,34945,1
2015-10-12,34955,34955,34700,34715,1
2015-10-13,34750,34825,34650,34805,1
2015-10-14,34780,34810,34725,34755,1
2015-10-15,34760,34780,34700,34705,1
2015-10-16,34720,34750,34705,34750,1
2015-10-17,34725,34725,34530,34555,1
2015-10-18,34535,34660,34515,34565,1
2015-10-19,34520,34520,34355,34425,1
2015-10-20,34425,34550,34380,34535,1
2015-10-21,34570,34660,34550,34645,1
2015-10-22,34650,34690,34630,34660,1
2015-10-25,34650,34685,34630,34670,1
2015-10-26,34690,34825,34690,34800,1
2015-10-27,34805,35000,34805,34990,1
2015-10-28,35000,35040,34850,34930,1
2015-10-29,34945,34975,34855,34960,1
2015-10-30,34955,34965,34910,34930,1
2015-10-31,34925,35105,34880,35090,1
2015-11-01,35090,35150,35060,35075,1
2015-11-02,35080,35125,34985,35035,1
2015-11-03,35030,35120,35005,35075,1
2015-11-04,35130,35150,35050,35075,1
2015-11-05,35070,35085,35045,35060,1
2015-11-06,35060,35090,35050,35050,1
2015-11-07,35090,35230,35085,35205,1
2015-11-08,35240,35330,35240,35330,1
2015-11-09,35370,35630,35370,35630,1
2015-11-10,35650,35670,35390,35430,1
2015-11-11,35410,35615,35325,35585,1
2015-11-12,35585,35700,35560,35670,1
2015-11-13,35660,35690,35640,35690,1
2015-11-14,35720,35925,35720,35810,1
2015-11-15,35805,35845,35585,35710,1
2015-11-16,35635,35690,35515,35645,1
2015-11-17,35660,35735,35560,35710,1
2015-11-18,35685,35795,35640,35750,1
2015-11-19,35755,35845,35740,35830,1
2015-11-20,35830,35840,35660,35690,1
2015-11-21,35710,35875,35675,35855,1
2015-11-22,35900,35965,35840,35875,1
2015-11-23,35870,35935,35820,35935,1
2015-11-24,35950,35990,35915,35985,1
2015-11-25,36015,36170,36015,36170,1
2015-11-26,36190,36235,36150,36205,1
2015-11-27,36215,36340,36205,36325,1
2015-11-28,36330,36520,36330,36515,1
2015-11-29,36670,36700,36410,36450,1
2015-11-30,36370,36550,36310,36550,1
2015-12-01,36580,36580,36440,36470,1
2015-12-02,36530,36595,36525,36540,1
2015-12-03,36430,36475,36350,36385,1
2015-12-05,36290,36290,36120,36150,1
2015-12-06,36335,36415,36090,36415,1
2015-12-07,36420,36540,36330,36340,1
2015-12-08,36300,36535,36300,36510,1
2015-12-14,36320,36320,36130,36225,1
2015-12-15,36110,36385,36100,36370,1
2015-12-16,36340,36550,36320,36540,1
2015-12-17,36560,36610,36460,36525,1
2015-12-18,36480,36510,36450,36510,1
2015-12-19,36420,36460,36285,36285,1
2015-12-20,36280,36480,36275,36440,1
2015-12-21,36430,36515,36425,36445,1
2015-12-22,36500,36600,36490,36580,1
2015-12-23,36655,36770,36650,36760,1
2015-12-24,36770,36795,36750,36750,1
2015-12-26,36795,36840,36695,36740,1
2015-12-27,36770,36810,36605,36630,1
2015-12-28,36650,36720,36540,36690,1
2015-12-29,36670,36670,36630,36630,1
2015-12-30,36675,36800,36660,36800,1
2015-12-31,36880,36880,36810,36820,1
2016-01-02,36840,36875,36675,36680,1
2016-01-03,36710,36770,36675,36750,1
2016-01-04,36780,36930,36770,36900,1
2016-01-05,36935,37050,36935,37050,1
2016-01-06,37100,37100,36955,36970,1
2016-01-07,36990,37055,36960,37055,1
2016-01-09,37050,37315,37050,37310,1
2016-01-10,37300,37305,37120,37125,1
2016-01-11,37090,37090,36800,36800,1
2016-01-12,36805,36885,36560,36765,1
2016-01-13,36770,36805,36470,36535,1
2016-01-14,36460,36460,36100,36100,1
2016-01-15,36190,36260,36150,36220,1
2016-01-16,36215,36215,35540,35580,1
2016-01-17,35570,36470,35420,36290,1
2016-01-18,36160,36215,36040,36070,1
2016-01-19,36000,36030,35820,35990,1
2016-01-20,36020,36160,35945,36130,1
2016-01-21,36170,36315,36160,36285,1
2016-01-22,36280,36380,36260,36340,1
2016-01-23,36390,36570,36345,36545,1
2016-01-24,36600,36615,36380,36420,1
2016-01-25,36350,36530,36320,36500,1
2016-01-26,36480,36615,36450,36595,1
2016-01-27,36630,36640,36250,36315,1
2016-01-28,36280,36390,36190,36240,1
2016-01-29,36260,36340,36260,36340,1
2016-01-30,36330,36335,36130,36150,1
2016-01-31,36125,36395,36100,36375,1
2016-02-01,36360,36380,36245,36285,1
2016-02-02,36230,36275,36195,36275,1
2016-02-03,36260,36280,36080,36090,1
2016-02-04,36060,36075,35990,36005,1
2016-02-05,36015,36090,36005,36010,1
2016-02-06,35920,35950,35835,35865,1
2016-02-07,35770,35775,35420,35450,1
2016-02-08,35400,35720,35400,35520,1
2016-02-09,35500,35510,35130,35145,1
2016-02-10,35170,35300,35085,35195,1
2016-02-11,35135,35150,34985,35025,1
2016-02-12,35040,35090,34975,35055,1
2016-02-13,35030,35185,34835,34865,1
2016-02-14,34845,34910,34540,34610,1
2016-02-15,34750,34920,34560,34560,1
2016-02-16,34510,34750,34375,34740,1
2016-02-17,34760,35025,34660,35025,1
2016-02-18,35070,35075,34810,34840,1
2016-02-19,34860,34880,34760,34820,1
2016-02-20,34770,34780,34430,34450,1
2016-02-21,34440,34790,34400,34720,1
2016-02-22,34800,34880,34590,34705,1
2016-02-23,34710,34910,34635,34840,1
2016-02-24,34860,35060,34765,34995,1
2016-02-25,35010,35045,34910,34935,1
2016-02-26,34920,35025,34880,35010,1
2016-02-27,35030,35165,34865,34880,1
2016-02-28,34850,34940,34700,34760,1
2016-02-29,34770,34805,34650,34715,1
2016-03-01,34670,34780,34655,34770,1
2016-03-02,34800,34855,34650,34670,1
2016-03-03,34650,34650,34525,34530,1
2016-03-04,34520,34530,34430,34435,1
2016-03-05,34495,34510,34230,34260,1
2016-03-06,34255,34430,34225,34350,1
2016-03-07,34340,34340,34180,34205,1
2016-03-08,34150,34150,33990,34070,1
2016-03-09,34120,34490,34075,34445,1
2016-03-10,34500,34545,34275,34290,1
2016-03-11,34270,34335,34250,34285,1
2016-03-12,34300,34390,34190,34230,1
2016-03-13,34220,34240,34190,34220,1
2016-03-14,34180,34280,34130,34210,1
2016-03-28,34850,35060,34850,35030,1
2016-03-29,35180,35330,35170,35210,1
2016-03-30,35160,35160,35010,35080,1
2016-03-31,35140,35140,35030,35030,1
2016-04-01,35030,35105,35030,35085,1
2016-04-02,35020,35110,34790,34795,1
2016-04-03,34760,34795,34600,34635,1
2016-04-04,34680,34800,34565,34790,1
2016-04-05,34765,35055,34765,34990,1
2016-04-06,34960,35010,34830,34870,1
2016-04-07,34840,34850,34760,34770,1
2016-04-08,34775,34795,34725,34735,1
2016-04-09,34710,34895,34690,34825,1
2016-04-10,34855,34960,34820,34835,1
2016-04-11,34800,34850,34760,34835,1
2016-04-12,34885,34930,34740,34740,1
2016-04-13,34720,34770,34650,34675,1
2016-04-14,34710,34800,34700,34780,1
2016-04-15,34760,34780,34755,34780,1
2016-04-16,34830,34855,34695,34720,1
2016-04-17,34705,34735,34635,34670,1
2016-04-18,34690,34690,34610,34615,1
2016-04-19,34635,34770,34615,34735,1
2016-04-20,34755,34785,34680,34690,1
2016-04-21,34675,34680,34655,34670,1
2016-04-22,34680,34710,34670,34710,1
2016-04-23,34730,34755,34640,34725,1
2016-04-24,34740,34805,34730,34780,1
2016-04-25,34790,34810,34705,34715,1
2016-04-26,34725,34725,34665,34680,1
2016-04-27,34685,34710,34660,34690,1
2016-04-28,34680,34685,34665,34675,1
2016-04-29,34665,34665,34590,34600,1
2016-04-30,34595,34625,34495,34510,1
2016-05-01,34525,34640,34495,34625,1
2016-05-02,34620,34630,34530,34570,1
2016-05-03,34560,34560,34460,34475,1
2016-05-04,34465,34475,34340,34360,1
2016-05-05,34335,34350,34325,34345,1
2016-05-06,34340,34345,34305,34335,1
2016-05-07,34330,34460,34270,34445,1
2016-05-08,34425,34530,34380,34395,1
2016-05-09,34370,34545,34350,34505,1
2016-05-10,34510,34625,34480,34620,1
2016-05-11,34580,34600,34440,34445,1
2016-05-12,34440,34460,34410,34445,1
2016-05-13,34440,34470,34430,34440,1
2016-05-14,34430,34470,34355,34365,1
2016-05-15,34360,34455,34345,34435,1
2016-05-16,34415,34465,34370,34415,1
2016-05-17,34420,34420,34335,34345,1
2016-05-18,34350,34435,34345,34400,1
2016-05-19,34445,34460,34430,34430,1
2016-05-20,34425,34430,34410,34425,1
2016-05-21,34420,34440,34410,34430,1
2016-05-22,34440,34440,34425,34435,1
2016-05-23,34440,34565,34435,34540,1
2016-05-24,34565,34660,34565,34630,1
2016-05-25,34650,34670,34570,34635,1
2016-05-26,34630,34750,34615,34735,1
2016-05-27,34740,34750,34720,34735,1
2016-05-28,34760,34960,34760,34885,1
2016-05-29,34925,34970,34700,34730,1
2016-05-30,34770,34795,34615,34780,1
2016-05-31,34790,34830,34660,34680,1
2016-06-01,34685,34810,34645,34785,1
2016-06-02,34790,34840,34775,34810,1
2016-06-03,34815,34820,34715,34745,1
2016-06-04,34725,34740,34710,34730,1
2016-06-05,34720,34765,34635,34645,1
2016-06-06,34660,34665,34565,34605,1
2016-06-07,34610,34660,34570,34585,1
2016-06-08,34555,34650,34540,34635,1
2016-06-09,34640,34680,34635,34670,1
2016-06-10,34700,34720,34685,34705,1
2016-06-11,34710,34710,34605,34615,1
2016-06-12,34600,34640,34590,34625,1
2016-06-13,34590,34605,34545,34565,1
2016-06-14,34585,34635,34570,34620,1
2016-06-15,34630,34660,34630,34635,1
2016-06-16,34585,34595,34560,34590,1
2016-06-17,34635,34640,34585,34585,1
2016-06-18,34560,34580,34540,34565,1
2016-06-19,34580,34585,34545,34550,1
2016-06-20,34590,34620,34585,34595,1
2016-06-21,34610,34655,34610,34655,1
2016-06-22,34690,34690,34645,34650,1
2016-06-23,34645,34680,34645,34665,1
2016-06-24,34565,34580,34530,34545,1
2016-06-25,34540,34770,34540,34765,1
2016-06-26,34760,34910,34745,34895,1
2016-06-27,34970,34970,34925,34935,1
2016-06-28,34945,35045,34885,35035,1
2016-06-29,34995,35315,34965,35280,1
2016-06-30,35320,35400,35190,35275,1
2016-07-01,35280,35430,35255,35430,1
2016-07-02,35435,35465,35040,35080,1
2016-07-03,35050,35050,34885,34910,1
2016-07-04,34890,34960,34805,34810,1
2016-07-05,34830,34945,34820,34920,1
2016-07-06,34880,34935,34880,34930,1
2016-07-07,34925,34935,34915,34915,1
2016-07-08,34925,34945,34880,34885,1
2016-07-09,34890,35050,34790,35035,1
2016-07-10,35030,35185,34990,35015,1
2016-07-11,35025,35195,35025,35170,1
2016-07-12,35235,35280,35070,35090,1
2016-07-13,35105,35110,35030,35065,1
2016-07-14,35075,35135,35055,35105,1
2016-07-15,35105,35120,35070,35080,1
2016-07-16,35170,35235,34990,34990,1
2016-07-17,35005,35070,34945,35020,1
2016-07-18,35040,35090,35030,35060,1
2016-07-19,35080,35105,35035,35050,1
2016-07-20,35080,35155,35065,35145,1
2016-07-21,35155,35175,35110,35120,1
2016-07-22,35125,35140,35120,35120,1
2016-07-23,35145,35190,35135,35170,1
2016-07-24,35190,35225,35140,35145,1
2016-07-25,35170,35235,35155,35230,1
2016-07-26,35250,35320,35245,35310,1
2016-07-27,35330,35415,35315,35400,1
2016-07-28,35390,35435,35355,35415,1
2016-07-29,35410,35420,35360,35370,1
2016-07-30,35360,35380,35335,35370,1
2016-07-31,35365,35420,35325,35355,1
2016-08-01,35330,35390,35280,35370,1
2016-08-02,35390,35445,35385,35430,1
2016-08-03,35425,35445,35270,35275,1
2016-08-04,35260,35275,35205,35230,1
2016-08-05,35215,35255,35210,35220,1
2016-08-06,35215,35355,35205,35350,1
2016-08-07,35370,35435,35365,35430,1
2016-08-08,35425,35475,35325,35345,1
2016-08-09,35365,35395,35320,35380,1
2016-08-10,35345,35410,35345,35405,1
2016-08-11,35400,35425,35390,35400,1
2016-08-12,35405,35410,35370,35395,1
2016-08-13,35400,35415,35355,35355,1
2016-08-14,35350,35375,35305,35310,1
2016-08-15,35305,35320,35265,35300,1
2016-08-16,35290,35350,35290,35335,1
2016-08-17,35360,35395,35355,35365,1
2016-08-18,35355,35365,35345,35360,1
2016-08-19,35365,35375,35360,35360,1
2016-08-20,35370,35370,35325,35335,1
2016-08-21,35350,35380,35335,35365,1
2016-08-22,35385,35410,35383,35400,1
2016-08-23,35415,35433,35385,35395,1
2016-08-24,35405,35420,35384,35420,1
2016-08-25,35437,35470,35420,35460,1
2016-08-26,35450,35465,35440,35465,1
2016-08-27,35475,35580,35475,35580,1
2016-08-28,35575,35575,35485,35525,1
2016-08-29,35510,35555,35478,35515,1
2016-08-30,35505,35540,35495,35535,1
2016-08-31,35560,35590,35550,35580,1
2016-09-01,35585,35605,35580,35585,1
2016-09-02,35580,35585,35565,35580,1
2016-09-03,35590,35626,35569,35610,1
2016-09-04,35600,35613,35525,35530,1
2016-09-05,35520,35523,35488,35505,1
2016-09-06,35510,35550,35505,35505,1
2016-09-07,35495,35520,35480,35499,1
2016-09-08,35495,35507,35485,35507,1
2016-09-09,35505,35510,35500,35505,1
2016-09-10,35507,35507,35440,35445,1
2016-09-11,35460,35500,35457,35495,1
2016-09-12,35496,35505,35495,35500,1
2016-09-13,35495,35495,35482,35490,1
2016-09-14,35500,35555,35500,35550,1
2016-09-15,35545,35570,35545,35560,1
2016-09-16,35565,35580,35555,35580,1
2016-09-17,35587,35615,35580,35590,1
2016-09-18,35595,35610,35578,35603,1
2016-09-19,35600,35660,35600,35655,1
2016-09-20,35650,35665,35635,35640,1
2016-09-21,35655,35679,35640,35660,1
2016-09-22,35655,35661,35635,35645,1
2016-09-23,35650,35650,35635,35645,1
2016-09-24,35647,35686,35645,35675,1
2016-09-25,35700,35730,35698,35720,1
2016-09-26,35697,35745,35675,35745,1
2016-09-27,35760,35768,35725,35725,1
2016-09-28,35720,35776,35709,35765,1
2016-09-29,35780,35810,35780,35800,1
2016-09-30,35795,35870,35795,35865,1
2016-10-01,35855,35880,35807,35825,1
2016-10-02,35815,35857,35791,35845,1
2016-10-03,35850,35940,35850,35895,1
2016-10-04,35920,35955,35852,35950,1
2016-10-05,35960,36005,35948,35985,1
2016-10-06,35970,35970,35930,35935,1
2016-10-07,35930,35955,35920,35935,1
2016-10-08,35950,36030,35950,35965,1
2016-10-09,35935,35970,35925,35960,1
2016-10-10,35990,36050,35985,36040,1
2016-10-13,36080,36095,36065,36075,1
2016-10-14,36080,36080,36040,36040,1
2016-10-15,36075,36107,36030,36035,1
2016-10-16,36045,36070,35985,35995,1
2016-10-17,36020,36020,35900,35900,1
2016-10-18,35910,35960,35877,35925,1
2016-10-19,35970,35982,35910,35920,1
2016-10-20,35918,35955,35908,35940,1
2016-10-21,35955,35955,35930,35930,1
2016-10-22,35950,35998,35915,35920,1
2016-10-23,35940,36015,35940,36010,1
2016-10-24,36030,36165,36030,36150,1
2016-10-25,36170,36265,36135,36145,1
2016-10-26,36165,36285,36148,36275,1
2016-10-27,36260,36285,36200,36210,1
2016-10-28,36215,36230,36180,36190,1
2016-10-29,36225,36265,36125,36135,1
2016-10-30,36160,36222,36143,36195,1
2016-10-31,36240,36302,36240,36290,1
2016-11-01,36320,36345,36262,36280,1
2016-11-02,36295,36300,36230,36240,1
2016-11-03,36225,36250,36192,36230,1
2016-11-04,36220,36228,36200,36210,1
2016-11-05,36245,36290,36243,36285,1
2016-11-06,36330,36345,36265,36285,1
2016-11-07,36325,36365,36280,36335,1
2016-11-08,36365,36430,36345,36420,1
2016-11-09,36500,36605,36480,36605,1
2016-11-10,36610,36620,36575,36590,1
2016-11-11,36595,36650,36595,36650,1
2016-11-12,36675,36680,36535,36545,1
2016-11-13,36540,36690,36500,36690,1
2016-11-14,36695,36775,36663,36745,1
2016-11-15,36735,36815,36720,36805,1
2016-11-16,36825,37000,36795,36980,1
2016-11-17,37020,37025,36860,36935,1
2016-11-18,36970,37000,36905,36915,1
2016-11-19,36885,36885,36768,36795,1
2016-11-20,36805,36810,36765,36775,1
2016-11-21,36765,36875,36725,36850,1
2016-11-22,36870,37115,36870,37080,1
2016-11-23,37150,37450,37145,37370,1
2016-11-24,37380,37465,37270,37405,1
2016-11-25,37410,37415,37390,37395,1
2016-11-26,37430,37725,37415,37685,1
2016-11-27,37745,38370,37745,38310,1
2016-11-28,38270,38415,38270,38415,1
2016-11-29,38700,38900,38700,38870,1
2016-11-30,38500,38730,38400,38640,1
2016-12-01,38420,38420,38010,38175,1
2016-12-02,38250,38250,37930,37980,1
2016-12-03,37890,38810,37810,38790,1
2016-12-04,38920,39500,38765,38920,1
2016-12-05,38870,39280,38850,39165,1
2016-12-06,39110,39120,38750,38780,1
2016-12-07,38800,39065,38725,38950,1
2016-12-08,39000,39195,38990,39140,1
2016-12-09,39145,39240,39115,39210,1
2016-12-10,39320,39460,39025,39060,1
2016-12-11,39010,39190,38910,39030,1
2016-12-12,39090,39155,38930,39115,1
2016-12-13,39230,39320,39080,39285,1
2016-12-14,39410,39500,39310,39390,1
2016-12-15,39470,39590,39430,39580,1
2016-12-16,39560,39565,39490,39490,1
2016-12-17,39485,39500,39420,39445,1
2016-12-18,39540,39550,39240,39290,1
2016-12-19,39270,39470,39200,39470,1
2016-12-20,39600,39805,39580,39805,1
2016-12-21,39850,40160,39850,39895,1
2016-12-22,39920,40030,39835,39945,1
2016-12-23,39940,39970,39860,39930,1
2016-12-24,39820,40270,39800,40255,1
2016-12-25,40370,40940,40335,40930,1
2016-12-26,40810,41400,40700,41280,1
2016-12-27,41050,41380,41000,41260,1
2016-12-28,41200,41200,40470,40630,1
2016-12-29,40400,40440,40110,40115,1
2016-12-30,40030,40180,39890,40110,1
2017-01-01,38700,39110,38380,38840,1
2017-01-02,38600,39370,38600,39270,1
2017-01-03,39500,39850,39100,39200,1
2017-01-04,39130,39390,38840,39270,1
2017-01-05,39260,39420,39170,39400,1
2017-01-07,39220,39540,39160,39480,1
2017-01-08,39400,39460,39300,39340,1
2017-01-09,39390,39645,39310,39645,1
2017-01-11,39520,39675,39380,39660,1
2017-01-12,39570,39710,39560,39640,1
2017-01-14,39570,39635,39140,39210,1
2017-01-15,39070,39385,38990,39365,1
2017-01-16,39320,39330,38990,39010,1
2017-01-17,38900,38980,38750,38830,1
2017-01-18,38750,38830,38630,38630,1
2017-01-19,38620,38640,38430,38520,1
2017-01-21,38430,38450,38035,38050,1
2017-01-22,38040,38440,37960,38370,1
2017-01-23,38390,38650,38320,38545,1
2017-01-24,38590,38850,38380,38440,1
2017-01-25,38425,38640,38330,38635,1
2017-01-26,38600,38745,38590,38645,1
2017-01-27,38670,38705,38630,38665,1
2017-01-28,38610,38670,38460,38590,1
2017-01-29,38490,38610,38460,38510,1
2017-01-30,38430,38440,38210,38230,1
2017-01-31,38235,38500,38210,38360,1
2017-02-01,38380,38560,38360,38390,1
2017-02-02,38385,38400,38330,38365,1
2017-02-03,38460,38490,38410,38430,1
2017-02-04,38470,38580,38435,38560,1
2017-02-05,38645,38715,38550,38555,1
2017-02-06,38570,38630,38485,38520,1
2017-02-07,38510,38535,38365,38375,1
2017-02-08,38400,38450,38275,38280,1
2017-02-09,38290,38415,38285,38395,1
2017-02-10,38430,38445,38375,38380,1
2017-02-11,38420,38440,38305,38325,1
2017-02-12,38335,38360,38200,38215,1
2017-02-13,38210,38230,38105,38150,1
2017-02-14,38120,38240,38070,38225,1
2017-02-15,38260,38315,38195,38225,1
2017-02-16,38195,38195,38150,38165,1
2017-02-17,38180,38180,38135,38145,1
2017-02-18,38140,38155,37920,37920,1
2017-02-19,37950,38000,37835,37855,1
2017-02-20,37845,37980,37825,37980,1
2017-02-21,37985,38000,37800,37815,1
2017-02-22,37840,37840,37745,37795,1
2017-02-23,37785,37835,37760,37770,1
2017-02-24,37740,37745,37715,37735,1
2017-02-25,37745,37790,37735,37755,1
2017-02-26,37780,37865,37780,37845,1
2017-02-27,37900,37910,37670,37675,1
2017-02-28,37690,37815,37670,37795,1
2017-03-01,37825,37855,37770,37785,1
2017-03-02,37790,37795,37775,37785,1
2017-03-03,37810,37820,37795,37820,1
2017-03-04,37785,37815,37745,37755,1
2017-03-05,37740,37740,37650,37685,1
2017-03-06,37625,37625,37520,37530,1
2017-03-07,37485,37510,37370,37385,1
2017-03-08,37320,37320,37190,37290,1
2017-03-09,37365,37830,37365,37780,1
2017-03-10,37840,37850,37550,37600,1
2017-03-11,37650,37785,37540,37625,1
2017-03-12,37620,37660,37540,37550,1
2017-03-13,37490,37620,37455,37595,1
2017-03-14,37660,37850,37630,37810,1
2017-04-03,37800,37880,37675,37690,1
2017-04-04,37660,37670,37535,37625,1
2017-04-05,37670,37750,37660,37705,1
2017-04-06,37690,37715,37645,37665,1
2017-04-07,37740,37740,37670,37680,1
2017-04-08,37710,37710,37580,37590,1
2017-04-09,37585,37690,37580,37680,1
2017-04-10,37700,37735,37675,37690,1
2017-04-11,37675,37695,37625,37625,1
2017-04-12,37635,37697,37610,37650,1
2017-04-13,37620,37650,37600,37635,1
2017-04-14,37625,37645,37605,37610,1
2017-04-15,37630,37665,37565,37570,1
2017-04-16,37595,37615,37540,37560,1
2017-04-17,37590,37600,37515,37530,1
2017-04-18,37550,37552,37465,37495,1
2017-04-19,37515,37535,37500,37525,1
2017-04-20,37520,37523,37505,37510,1
2017-04-21,37505,37505,37440,37445,1
2017-04-22,37455,37555,37450,37545,1
2017-04-23,37560,37600,37485,37490,1
2017-04-24,37525,37600,37505,37565,1
2017-04-25,37570,37585,37560,37580,1
2017-04-26,37610,37640,37590,37635,1
2017-04-27,37638,37665,37630,37650,1
2017-04-28,37655,37655,37635,37645,1
2017-04-29,37660,37815,37660,37805,1
2017-04-30,37835,37883,37723,37735,1
2017-05-01,37760,37770,37663,37700,1
2017-05-02,37705,37715,37615,37620,1
2017-05-03,37635,37720,37618,37695,1
2017-05-04,37740,37757,37723,37730,1
2017-05-05,37725,37740,37715,37740,1
2017-05-06,37770,37795,37605,37615,1
2017-05-07,37610,37640,37552,37570,1
2017-05-08,37600,37610,37565,37590,1
2017-05-09,37610,37630,37593,37625,1
2017-05-10,37640,37695,37630,37680,1
2017-05-11,37675,37695,37670,37680,1
2017-05-12,37675,37675,37630,37635,1
2017-05-13,37640,37665,37580,37615,1
2017-05-14,37640,37667,37595,37595,1
2017-05-15,37600,37600,37550,37585,1
2017-05-16,37600,37940,37570,37835,1
2017-05-17,37920,38075,37880,38060,1
2017-05-18,37960,38010,37820,37835,1
2017-05-19,37870,37870,37720,37765,1
2017-05-20,37730,37730,37350,37355,1
2017-05-21,37380,37550,37305,37350,1
2017-05-22,37390,37480,37310,37465,1
2017-05-23,37515,37515,37400,37430,1
2017-05-24,37455,37465,37375,37385,1
2017-05-25,37380,37440,37380,37430,1
2017-05-26,37420,37420,37370,37375,1
2017-05-27,37380,37415,37305,37320,1
2017-05-28,37340,37380,37280,37350,1
2017-05-29,37380,37415,37275,37285,1
2017-05-30,37290,37367,37255,37345,1
2017-05-31,37400,37420,37305,37325,1
2017-06-01,37310,37330,37300,37310,1
2017-06-02,37315,37320,37280,37285,1
2017-06-03,37280,37290,37275,37285,1
2017-06-04,37290,37305,37290,37295,1
2017-06-05,37285,37290,37260,37270,1
2017-06-06,37275,37320,37265,37270,1
2017-06-07,37340,37415,37320,37380,1
2017-06-08,37385,37395,37340,37350,1
2017-06-09,37345,37345,37325,37330,1
2017-06-10,37355,37360,37300,37320,1
2017-06-11,37340,37358,37320,37325,1
2017-06-12,37330,37332,37265,37280,1
2017-06-13,37275,37290,37220,37280,1
2017-06-14,37290,37290,37240,37245,1
2017-06-15,37260,37260,37235,37255,1
2017-06-16,37250,37250,37235,37250,1
2017-06-17,37275,37395,37260,37370,1
2017-06-18,37395,37535,37395,37460,1
2017-06-19,37525,37625,37460,37500,1
2017-06-20,37530,37555,37425,37425,1
2017-06-21,37430,37450,37385,37415,1
2017-06-22,37420,37545,37420,37525,1
2017-06-23,37540,37545,37500,37520,1
2017-06-24,37550,37630,37515,37535,1
2017-06-25,37570,37637,37565,37615,1
2017-06-26,37605,37630,37600,37605,1
2017-06-27,37600,37610,37585,37600,1
2017-06-28,37605,37645,37605,37630,1
2017-06-29,37660,37720,37660,37705,1
2017-06-30,37665,37665,37640,37665,1
2017-07-01,37700,37870,37700,37820,1
2017-07-02,37855,37860,37727,37775,1
2017-07-03,37778,37830,37735,37825,1
2017-07-04,37855,37865,37800,37810,1
2017-07-05,37830,37945,37825,37925,1
2017-07-06,37930,37935,37890,37910,1
2017-07-07,37915,37915,37875,37900,1
2017-07-08,37930,37945,37857,37860,1
2017-07-09,37870,37870,37825,37835,1
2017-07-10,37875,37945,37870,37945,1
2017-07-11,37970,37970,37890,37895,1
2017-07-12,37910,37920,37835,37840,1
2017-07-13,37835,37840,37810,37830,1
2017-07-14,37825,37835,37815,37820,1
2017-07-15,37850,37857,37815,37820,1
2017-07-16,37835,37835,37768,37775,1
2017-07-17,37780,37810,37775,37790,1
2017-07-18,37800,37800,37735,37740,1
2017-07-19,37765,37790,37757,37780,1
2017-07-20,37775,37780,37755,37760,1
2017-07-21,37755,37755,37745,37750,1
2017-07-22,37760,37768,37690,37690,1
2017-07-23,37695,37730,37685,37705,1
2017-07-24,37730,37730,37695,37705,1
2017-07-25,37723,37840,37723,37830,1
2017-07-26,37880,38055,37880,38025,1
2017-07-27,38010,38010,37890,37945,1
2017-07-28,37955,37970,37925,37960,1
2017-07-29,37980,38100,37940,38065,1
2017-07-30,38095,38140,38057,38075,1
2017-07-31,38085,38205,38075,38190,1
2017-08-01,38225,38250,38165,38190,1
2017-08-02,38220,38285,38200,38285,1
2017-08-03,38310,38385,38295,38340,1
2017-08-04,38335,38355,38325,38345,1
2017-08-05,38340,38345,38240,38245,1
2017-08-06,38280,38285,38107,38150,1
2017-08-07,38145,38150,38060,38080,1
2017-08-08,38075,38120,38050,38090,1
2017-08-09,38095,38110,38065,38080,1
2017-08-10,38060,38105,38060,38085,1
2017-08-11,38090,38140,38085,38110,1
2017-08-12,38125,38130,38095,38100,1
2017-08-13,38115,38115,38070,38105,1
2017-08-14,38107,38120,38087,38100,1
2017-08-15,38105,38175,38098,38155,1
2017-08-16,38170,38200,38160,38165,1
2017-08-17,38140,38170,38137,38160,1
2017-08-18,38155,38160,38145,38160,1
2017-08-19,38175,38260,38175,38225,1
2017-08-20,38240,38265,38220,38250,1
2017-08-21,38260,38297,38257,38270,1
2017-08-22,38288,38310,38270,38275,1
2017-08-23,38295,38365,38295,38365,1
2017-08-24,38370,38400,38360,38390,1
2017-08-25,38385,38390,38380,38380,1
2017-08-26,38415,38565,38415,38555,1
2017-08-27,38590,38775,38560,38580,1
2017-08-28,38590,38630,38535,38555,1
2017-08-29,38560,38810,38555,38795,1
2017-08-30,38800,38830,38725,38770,1
2017-08-31,38760,38780,38758,38770,1
2017-09-01,38775,38775,38765,38775,1
2017-09-02,38810,38980,38810,38875,1
2017-09-03,38895,38995,38895,38930,1
2017-09-04,38965,38980,38800,38800,1
2017-09-05,38830,38895,38780,38865,1
2017-09-06,38945,39058,38930,39040,1
2017-09-07,39070,39140,39070,39085,1
2017-09-08,39080,39105,39075,39075,1
2017-09-09,39070,39095,39065,39080,1
2017-09-10,39120,39135,38955,38960,1
2017-09-11,38980,39050,38945,39025,1
2017-09-12,39060,39210,39050,39205,1
2017-09-13,39285,39295,39150,39180,1
2017-09-14,39180,39185,39115,39125,1
2017-09-15,39120,39125,39105,39125,1
2017-09-16,39150,39170,39065,39075,1
2017-09-17,39100,39115,39005,39020,1
2017-09-18,39055,39075,38995,39010,1
2017-09-19,39050,39055,38945,38995,1
2017-09-20,39040,39135,38988,39080,1
2017-09-21,39085,39085,38975,38985,1
2017-09-22,38980,38990,38960,38960,1
2017-09-23,39040,39085,38940,38950,1
2017-09-24,38985,39025,38910,38945,1
2017-09-25,38990,39090,38975,39070,1
2017-09-26,39125,39170,39010,39010,1
2017-09-27,39150,39230,39120,39210,1
2017-09-28,39250,39270,39215,39230,1
2017-10-02,39260,39260,39200,39235,1
2017-10-03,39240,39325,39235,39310,1
2017-10-04,39380,39513,39375,39470,1
2017-10-05,39505,39580,39465,39580,1
2017-10-06,39600,39650,39550,39565,1
2017-10-07,39595,39900,39535,39895,1
2017-10-08,39900,40180,39840,40180,1
2017-10-09,40175,41000,40095,40830,1
2017-10-10,40780,40780,40195,40305,1
2017-10-11,40240,40550,40185,40435,1
2017-10-12,40460,40600,40410,40465,1
2017-10-13,40460,40480,40280,40310,1
2017-10-14,40220,40220,39955,39965,1
2017-10-15,39950,40230,39945,40150,1
2017-10-16,40250,40280,40120,40120,1
2017-10-17,40155,40255,40130,40245,1
2017-10-18,40315,40440,40300,40360,1
2017-10-19,40320,40330,40235,40260,1
2017-10-20,40250,40270,40215,40235,1
2017-10-21,40250,40285,40165,40185,1
2017-10-22,40230,40290,40190,40200,1
2017-10-23,40300,40360,40250,40320,1
2017-10-24,40405,40455,40360,40390,1
2017-10-25,40485,40490,40360,40370,1
2017-10-26,40380,40430,40355,40385,1
2017-10-27,40390,40390,40365,40385,1
2017-10-28,40510,40760,40500,40760,1
2017-10-29,40840,40960,40710,40775,1
2017-10-30,40850,40850,40580,40610,1
2017-10-31,40630,40700,40570,40665,1
2017-11-01,40750,40760,40660,40665,1
2017-11-02,40630,40635,40585,40595,1
2017-11-03,40600,40625,40595,40605,1
2017-11-04,40660,40660,40553,40555,1
2017-11-05,40580,40805,40570,40770,1
2017-11-06,40810,40900,40765,40770,1
2017-11-07,40840,40870,40690,40710,1
2017-11-08,40775,40805,40715,40755,1
2017-11-10,40775,40790,40755,40775,1
2017-11-11,40840,40935,40785,40885,1
2017-11-12,40930,41070,40930,41070,1
2017-11-13,41100,41450,41100,41320,1
2017-11-14,41355,41395,41115,41140,1
2017-11-15,41095,41125,41050,41075,1
2017-11-16,41050,41110,41030,41080,1
2017-11-17,41075,41095,41075,41090,1
2017-11-18,41070,41115,41030,41070,1
2017-11-19,41080,41080,41055,41070,1
2017-11-20,41080,41115,40980,40985,1
2017-11-21,41015,41135,40995,41135,1
2017-11-22,41250,41410,41220,41275,1
2017-11-23,41280,41305,41190,41220,1
2017-11-24,41230,41235,41205,41210,1
2017-11-25,41260,41345,41235,41245,1
2017-11-26,41250,41250,41155,41185,1
2017-11-27,41190,41195,41170,41175,1
2017-11-28,41235,41340,41195,41335,1
2017-11-29,41430,41555,41420,41470,1
2017-11-30,41475,41525,41435,41465,1
2017-12-01,41460,41475,41445,41450,1
2017-12-02,41490,41620,41485,41585,1
2017-12-03,41580,41710,41545,41625,1
2017-12-04,41680,41970,41680,41950,1
2017-12-05,42100,42190,41975,42040,1
2017-12-06,42030,42040,41930,41950,1
2017-12-07,41945,41970,41910,41945,1
2017-12-08,41940,41945,41855,41855,1
2017-12-09,41850,42130,41835,42070,1
2017-12-10,42000,42235,42000,42105,1
2017-12-11,42185,42275,42125,42210,1
2017-12-12,42275,42310,42140,42165,1
2017-12-13,42220,42295,42045,42070,1
2017-12-14,42050,42080,41995,42030,1
2017-12-15,42040,42120,42035,42115,1
2017-12-16,42075,42090,41770,41795,1
2017-12-17,41740,41845,41685,41705,1
2017-12-18,41720,41870,41720,41840,1
2017-12-19,41870,41960,41765,41780,1
2017-12-20,41805,41845,41690,41750,1
2017-12-21,41760,41825,41740,41775,1
2017-12-22,41770,41820,41765,41815,1
2017-12-23,41840,41905,41770,41875,1
2017-12-24,41880,41905,41780,41800,1
2017-12-25,41780,41795,41700,41765,1
2017-12-26,41740,41845,41710,41845,1
2017-12-27,41840,41955,41815,41875,1
2017-12-28,41885,42090,41885,42050,1
2017-12-29,42010,42050,41940,42030,1
2017-12-30,42095,42490,42055,42490,1
2017-12-31,42290,42910,42230,42670,1
2018-01-01,42500,43270,42500,42930,1
2018-01-02,42850,43320,42720,43280,1
2018-01-03,43170,43910,43170,43815,1
2018-01-04,43600,43620,43110,43135,1
2018-01-06,42900,43275,42770,43185,1
2018-01-07,43160,43740,43150,43695,1
2018-01-08,43680,44150,43600,43780,1
2018-01-09,43410,43840,43380,43775,1
2018-01-10,43810,44150,43810,44135,1
2018-01-11,44150,44310,44040,44100,1
2018-01-12,44090,44090,43940,43970,1
2018-01-13,43630,44290,43630,44290,1
2018-01-14,44350,44520,43930,43985,1
2018-01-15,43950,44240,43850,44210,1
2018-01-16,44260,44480,44200,44290,1
2018-01-17,44350,44550,44335,44530,1
2018-01-18,44660,44760,44560,44575,1
2018-01-19,44540,44655,44500,44650,1
2018-01-20,44770,45390,44680,45305,1
2018-01-21,45470,46130,45300,46070,1
2018-01-22,45770,46330,45620,45840,1
2018-01-23,45600,46150,45600,45780,1
2018-01-24,45600,45660,45480,45500,1
2018-01-25,45430,45480,45190,45230,1
2018-01-27,45000,45165,44900,45165,1
2018-01-28,45230,45800,45230,45800,1
2018-01-29,45900,46120,45455,45455,1
2018-01-30,45330,45750,45300,45750,1
2018-01-31,45870,46280,45710,46280,1
2018-02-01,46290,46490,46210,46340,1
2018-02-02,46380,46620,46330,46580,1
2018-02-03,46560,47150,46340,47100,1
2018-02-04,47180,47500,47180,47400,1
2018-02-05,47100,47370,46640,46750,1
2018-02-06,46600,46980,46400,46870,1
2018-02-07,47120,47720,46750,46800,1
2018-02-08,46000,46600,45900,46450,1
2018-02-09,46480,46490,46250,46320,1
2018-02-10,46550,47300,46550,47220,1
2018-02-11,47300,47400,47225,47250,1
2018-02-12,47470,48460,47410,48420,1
2018-02-13,48870,48900,48300,48490,1
2018-02-14,48390,49000,48260,48500,1
2018-02-15,48300,48300,47800,47800,1
2018-02-16,48000,48000,47900,47900,1
2018-02-17,47600,47600,47000,47000,1
2018-02-18,47000,47630,47000,47630,1
2018-02-19,45900,46300,45900,46300,1
2018-02-20,46200,46200,46000,46000,1
2018-02-21,45800,46200,45800,46200,1
2018-02-22,45800,46000,45800,46000,1
2018-02-23,46000,46000,45900,45900,1
2018-02-24,45900,46450,45900,46450,1
2018-02-25,46500,47300,46500,47300,1
2018-02-26,47700,48000,47700,48000,1
2018-02-27,47700,47700,47400,47400,1
2018-02-28,47000,47000,47000,47000,1
2018-03-01,47450,47600,47300,47600,1
2018-03-03,47700,47800,47400,47400,1
2018-03-04,47300,47550,47300,47500,1
2018-03-05,47600,47750,47600,47700,1
2018-03-06,47800,47900,47500,47800,1
2018-03-07,47900,48150,47900,48100,1
2018-03-08,48300,48300,48000,48000,1
2018-03-10,48100,48200,47850,48050,1
2018-03-11,48000,48000,47600,47850,1
2018-03-12,48000,48900,47900,48350,1
2018-03-13,48600,48800,48600,48750,1
2018-03-14,48700,48900,48500,48500,1
2018-03-15,48900,48900,48400,48500,1
2018-03-17,48450,48450,48300,48350,1
2018-03-18,48500,48800,48250,48750,1
2018-03-19,48800,49200,48800,49100,1
2018-03-25,49710,50400,49700,50350,1
2018-03-26,50630,51050,50630,51000,1
2018-03-27,50800,51100,50800,51050,1
2018-03-28,50800,51020,50800,51020,1
2018-04-03,50600,50600,50300,50350,1
2018-04-04,50300,50650,50300,50600,1
2018-04-05,50700,51100,50700,51100,1
2018-04-07,51200,52450,51200,52450,1
2018-04-08,53200,56500,53200,56500,1
2018-04-09,57100,61200,57100,58500,1
2018-04-10,55000,55000,52000,52000,1
2018-04-11,52500,54550,52500,54550,1
2018-04-12,54000,54400,53500,54000,1
2018-04-15,55350,55500,54500,55000,1
2018-04-16,55500,56300,55500,55920,1
2018-04-17,55900,56050,55300,55300,1
2018-04-18,54600,55200,54000,54000,1
2018-04-19,54200,54500,53950,54300,1
2018-04-21,54900,55200,54500,54700,1
2018-04-22,54500,54600,54400,54400,1
2018-04-23,54650,54900,54600,54900,1
2018-04-24,55150,55150,54900,55050,1
2018-04-25,55200,55600,55200,55600,1
2018-04-26,55650,55750,55650,55650,1
2018-04-28,55750,55800,55700,55800,1
2018-04-29,56700,56900,56700,56900,1
2018-04-30,57300,58400,57300,58400,1
2018-05-01,59000,60200,59000,60050,1
2018-05-03,61100,61500,61000,61400,1
2018-05-05,61800,65400,61800,65100,1
2018-05-06,68600,70300,65500,66500,1
2018-05-07,66000,66000,62000,62200,1
2018-05-08,64000,65000,62800,63000,1
2018-05-09,71200,71200,65800,66500,1
2018-05-10,66600,67000,66300,67000,1
2018-05-11,67500,67500,67500,67500,1
2018-05-12,67000,67000,66200,66350,1
2018-05-13,66000,66000,64300,64400,1
2018-05-14,64000,64000,61900,61900,1
2018-05-15,61800,62000,61000,62000,1
2018-05-16,61800,62000,61200,62000,1
2018-05-17,62100,62300,61900,62100,1
2018-05-19,61800,61800,60900,60900,1
2018-05-20,60750,61500,60400,61200,1
2018-05-21,61700,63100,61700,63100,1
2018-05-22,63200,63300,62600,62600,1
2018-05-23,62500,62800,62400,62800,1
2018-05-24,63100,63100,62800,62800,1
2018-05-26,62900,62900,62350,62450,1
2018-05-27,62600,62800,62350,62800,1
2018-05-28,62900,63500,62900,63500,1
2018-05-29,63700,64800,63700,64800,1
2018-05-30,65000,65200,64600,64600,1
2018-05-31,64500,64500,64450,64450,1
2018-06-02,64400,64400,64000,64000,1
2018-06-03,63900,64250,63900,64250,1
2018-06-06,65300,65300,65150,65150,1
2018-06-07,65100,65100,65000,65000,1
2018-06-09,64900,65400,64750,65400,1
2018-06-10,65650,67500,65650,67200,1
2018-06-11,67300,69000,67300,68600,1
2018-06-12,69100,70700,69100,70600,1
2018-06-13,71000,72300,71000,71000,1
2018-06-14,70300,70300,69200,69200,1
2018-06-17,69000,70250,68400,70000,1
2018-06-18,70500,71000,70500,70800,1
2018-06-19,70850,72400,70800,72400,1
2018-06-20,73000,73600,72500,73500,1
2018-06-21,74000,75100,74000,74800,1
2018-06-23,75500,80900,75500,80900,1
2018-06-24,80800,89500,80800,88000,1
2018-06-25,85000,85600,81000,81000,1
2018-06-26,81500,82400,79000,80000,1
2018-06-27,79000,81100,78000,81100,1
2018-06-28,80500,83500,80500,82500,1
2018-06-30,82400,82400,80000,80000,1
2018-07-01,80200,83700,80200,83700,1
2018-07-02,84000,84500,82200,83200,1
2018-07-03,83100,83100,81500,81900,1
2018-07-04,81800,81800,79600,79600,1
2018-07-05,79500,79500,78000,78800,1
2018-07-07,80500,80500,78800,79600,1
2018-07-08,79400,80500,79350,80100,28
2018-07-09,80000,80000,79500,79500,3
2018-07-10,79300,79300,77800,77800,26
2018-07-11,77500,77800,76800,77200,40
2018-07-12,77400,78200,77400,77950,15
2018-07-14,77900,80300,77900,80300,37
2018-07-15,81000,82600,80500,80500,45
2018-07-16,81000,81200,79000,79300,34
2018-07-17,79200,81400,79000,81400,41
2018-07-18,81700,81800,80800,81700,34
2018-07-19,81500,82700,81300,82700,23
2018-07-20,83000,83000,83000,83000,1
2018-07-21,82700,86000,82700,86000,62
2018-07-22,86500,89700,86500,89300,37
2018-07-23,90000,94600,90000,94050,52
2018-07-24,93800,95400,91000,92500,56
2018-07-25,92600,93500,91200,92000,40
2018-07-26,92100,93500,92100,93500,34
2018-07-27,94000,94000,93500,93500,5
2018-07-28,93700,99500,93500,99200,74
2018-07-29,100000,114000,100000,114000,86
2018-07-30,112000,120000,106000,115000,64
2018-07-31,114000,114000,103500,106000,38
2018-08-01,106500,109500,105500,106300,24
2018-08-02,106000,108500,105500,108500,22
2018-08-04,107000,107000,100500,100800,44
2018-08-05,101000,101000,97000,100000,47
2018-08-06,99800,99800,94500,94500,32
2018-08-07,92000,95500,91000,92700,35
2018-08-08,93200,101000,93200,101000,45
2018-08-09,101500,108000,101500,104000,29
2018-08-10,104500,110400,104500,109150,25
2018-08-11,109500,109500,104300,104300,42
2018-08-12,104000,105000,102500,102800,30
2018-08-13,103500,106400,103500,106400,31
2018-08-14,107500,108800,106000,106000,34
2018-08-15,105900,106300,104600,104600,11
2018-08-16,105500,105500,104800,104900,19
2018-08-17,106300,106300,105200,105200,8
2018-08-18,105000,105100,103450,103500,23
2018-08-19,103300,104500,102400,103700,43
2018-08-20,104200,105200,103900,105000,24
2018-08-21,105300,106400,105300,105800,24
2018-08-22,105700,105700,105700,105700,1
2018-08-23,105600,105600,105300,105500,7
2018-08-24,105300,105300,104500,104500,6
2018-08-25,104300,105000,103800,104600,31
2018-08-26,105000,105800,104800,105400,23
2018-08-27,105900,108600,105900,108200,51
2018-08-28,109000,111500,109000,109000,36
2018-08-29,108800,111000,108200,111000,24
2018-08-30,110300,110300,109800,109800,9
2018-08-31,109600,109600,109500,109500,2
2018-09-01,109400,113000,109400,113000,33
2018-09-02,114000,120000,114000,118900,51
2018-09-03,119700,130500,119600,127200,43
2018-09-04,129000,139500,129000,137300,40
2018-09-05,140000,150000,138000,141000,61
2018-09-06,139000,139000,136000,136000,24
2018-09-07,132100,134000,132000,134000,3
2018-09-08,136000,136000,128000,129000,35
2018-09-09,128500,129500,123500,129200,53
2018-09-10,131000,141000,131000,140500,53
2018-09-11,143000,145800,135600,135800,73
2018-09-12,136500,138000,135000,137300,46
2018-09-13,138000,139300,137700,137900,33
2018-09-14,137500,137500,137500,137500,1
2018-09-15,137300,140600,136200,140600,63
2018-09-16,144000,144500,139500,142000,84
2018-09-17,141500,143600,140800,143300,53
2018-09-18,144000,146400,143300,146400,43
2018-09-21,144000,144000,142300,143000,5
2018-09-22,144700,145700,143700,145400,46
2018-09-23,145200,150700,144600,149500,96
2018-09-24,149700,163600,149700,163600,118
2018-09-25,161000,172500,155500,169500,146
2018-09-26,170500,189500,168000,185500,118
2018-09-27,183000,183000,169300,175000,94
2018-09-28,176500,176500,174000,174000,5
2018-09-29,171500,177500,168000,174500,111
2018-09-30,173000,175000,169000,169000,61
2018-10-01,170000,171800,145000,145000,117
2018-10-02,138000,157000,129000,147000,110
2018-10-03,145000,150000,141000,143000,61
2018-10-04,140000,143500,137500,138600,62
2018-10-06,139500,139500,129500,133500,84
2018-10-07,128000,136500,120500,135500,96
2018-10-08,132500,142500,132500,139500,95
2018-10-09,141500,151000,141500,151000,65
2018-10-10,150000,150700,144000,145500,72
2018-10-11,145300,145500,143500,145500,24
2018-10-12,144500,144500,143800,143800,4
2018-10-13,142000,144500,140300,140900,78
2018-10-14,141200,141200,135300,135300,94
2018-10-15,135500,142500,135500,142100,48
2018-10-16,143500,144500,139500,141000,26
2018-10-17,142000,142000,138800,139000,24
2018-10-18,138000,139300,137500,138300,20
2018-10-20,137500,137500,134200,134700,38
2018-10-21,134500,139500,134500,138500,64
2018-10-22,140000,140000,137000,138200,41
2018-10-23,138500,138500,136100,137100,38
2018-10-27,137000,140000,137000,139500,9
2018-10-28,140500,144300,140500,144000,13
2018-10-29,144800,146700,144800,146700,5
2018-10-31,150000,151500,150000,150000,5
2018-11-01,147500,147500,144500,144500,5
2018-11-02,143800,145000,143800,145000,2
2018-11-03,144500,144500,140000,142200,18
2018-11-04,143000,147500,143000,147500,19
2018-11-05,147200,147200,145800,145800,13
2018-11-06,145000,145000,144000,144500,7
2018-11-10,144200,144200,142500,142500,9
2018-11-11,141500,141500,138400,138400,16
2018-11-12,136800,137600,136000,136800,16
2018-11-13,135200,136200,133000,134000,21
2018-11-14,134500,134500,126300,126300,27
2018-11-15,121500,122100,121500,121700,3
2018-11-16,121000,121000,119700,119700,2
2018-11-17,119500,129200,118800,127800,33
2018-11-18,127500,136000,127300,132300,33
2018-11-19,130800,132000,128200,129800,26
2018-11-20,130000,130500,128800,129000,18
2018-11-21,128500,129000,128000,129000,5
2018-11-22,127500,127500,124000,124000,9
2018-11-23,122700,122700,122700,122700,1
2018-11-24,124600,125000,123000,125000,20
2018-11-25,125000,125000,124400,124900,3
2018-11-26,124600,124600,121500,121500,8
2018-11-27,121000,121200,118400,118700,23
2018-11-28,118000,118400,110000,110600,24
2018-11-29,109700,115000,109200,113300,17
2018-11-30,111500,112000,111500,112000,2
2018-12-01,111000,113500,110200,113500,25
2018-12-02,116000,120200,114800,117500,33
2018-12-03,119000,119000,112700,112700,9
2018-12-04,111500,114000,111500,113500,8
2018-12-06,114000,116000,114000,115300,9
2018-12-08,114700,115400,113500,114000,12
2018-12-09,113500,113500,110400,110400,14
2018-12-10,109200,110500,106200,106200,17
2018-12-11,105500,105500,99500,100000,19
2018-12-12,98000,102600,98000,102500,14
2018-12-13,106000,106000,102500,103000,14
2018-12-14,102000,102000,102000,102000,1
2018-12-15,102000,102000,98700,99000,19
2018-12-16,98500,100200,98500,100200,15
2018-12-17,100500,101300,99200,99200,12
2018-12-18,100000,101600,99600,101600,13
2018-12-19,102000,102000,99700,100300,31
2018-12-20,99900,100600,99900,100200,12
2018-12-22,100500,101000,100400,101000,15
2018-12-23,101400,102800,101200,102700,31
2018-12-24,102500,105000,102500,105000,29
2018-12-25,106300,118500,106300,114500,40
2018-12-26,118000,120500,109000,111500,47
2018-12-27,111000,111000,105600,106000,19
2018-12-28,105500,105800,104000,104000,6
2018-12-29,103200,106800,102600,106800,36
2018-12-30,107400,109300,106800,108500,35
2018-12-31,108500,109400,107800,108200,26
2019-01-01,106000,107500,104000,104900,69
2019-01-02,104800,106700,104800,106700,28
2019-01-03,107700,107700,106600,107000,28
2019-01-04,107200,107200,106900,107200,4
2019-01-05,107700,107700,106300,106700,45
2019-01-06,106900,108800,106700,108800,36
2019-01-07,109000,110400,108000,110000,34
2019-01-08,109200,110000,108800,109300,34
2019-01-09,109500,110500,109500,110300,16
2019-01-10,111500,112600,111000,111800,48
2019-01-12,112700,117500,112700,117500,68
2019-01-13,118000,118100,110800,111700,68
2019-01-14,111700,113700,111000,113500,24
2019-01-15,113700,114900,113300,114500,24
2019-01-16,114000,115500,113800,115500,21
2019-01-17,116000,116000,114800,114800,16
2019-01-18,114600,115000,114500,115000,5
2019-01-19,114600,115900,114600,115800,24
2019-01-20,115700,117700,115700,117400,22
2019-01-21,117200,118700,117200,118000,21
2019-01-22,118500,118800,116400,116600,26
2019-01-23,117100,118000,117100,117550,18
2019-01-24,117600,117800,117200,117500,14
2019-01-26,118800,118800,118200,118700,17
2019-01-27,118700,120000,118700,119000,26
2019-01-28,118700,120100,118700,119800,24
2019-01-29,121000,123300,120900,122300,31
2019-01-30,122500,122900,119900,120000,38
2019-01-31,119700,119700,117200,117800,32
2019-02-02,116500,116500,110700,110700,47
2019-02-03,112400,116100,112400,115650,49
2019-02-04,115900,118100,115900,118100,42
2019-02-05,118000,120400,117800,119600,51
2019-02-06,119600,120300,119300,119700,38
2019-02-07,118000,119400,118000,118900,26
2019-02-10,119700,121500,119700,120800,33
2019-02-11,119800,119800,119700,119700,2
2019-02-12,120400,121500,120400,121400,20
2019-02-13,122500,122800,121300,122200,50
2019-02-14,122400,122700,121200,121500,37
2019-02-16,121500,123100,121500,123100,27
2019-02-17,124500,126000,124000,126000,30
2019-02-18,127500,134000,127500,130000,62
2019-02-19,130000,132600,130000,132300,24
2019-02-20,135300,137500,135100,137500,21
2019-02-21,136000,136000,133000,133000,24
2019-02-22,129000,129000,128700,128700,2
2019-02-23,131200,137500,131000,137500,25
2019-02-24,138800,139100,137000,137300,14
2019-02-25,136800,138000,133100,133100,35
2019-02-26,136500,136500,134700,135000,13
2019-02-27,135000,135000,134400,134700,28
2019-02-28,134300,134400,133500,133800,11
2019-03-01,135200,135200,135200,135200,1
2019-03-02,136800,137800,135000,135200,38
2019-03-03,133400,133400,131100,131500,35
2019-03-04,129800,129800,126500,127700,36
2019-03-05,129000,132900,129000,132900,32
2019-03-06,134600,134600,130300,131300,39
2019-03-07,131700,131800,130200,131000,18
2019-03-08,132000,132200,131700,131900,11
2019-03-09,132300,132400,131400,132300,38
2019-03-10,131700,132000,130000,130000,43
2019-03-11,130000,130000,129300,129800,32
2019-03-12,128800,129400,128700,129000,40
2019-03-13,130500,132100,129600,131650,37
2019-03-14,132300,132500,131500,131500,38
2019-03-16,130600,130800,130000,130800,35
2019-03-17,130400,130400,129400,129650,36
2019-03-18,130300,131700,130300,131400,19
2019-03-19,131400,132000,131400,131700,16
2019-03-25,132000,132000,132000,132000,1
2019-04-06,134300,135000,134000,134800,38
2019-04-07,135900,138400,135800,138100,46
2019-04-08,138200,144500,138200,143800,78
2019-04-09,143600,145600,140000,141700,65
2019-04-10,141000,141000,137400,138500,48
2019-04-11,139200,139300,138300,138900,28
2019-04-12,138700,138700,138700,138700,1
2019-04-13,137800,138300,135400,136700,57
2019-04-14,137100,138000,136800,137600,27
2019-04-15,138800,138900,137500,137500,57
2019-04-16,136000,136800,134500,134500,28
2019-04-17,135200,136300,135100,136100,17
2019-04-18,136000,136300,135700,135900,12
2019-04-20,136500,136500,136300,136300,6
2019-04-22,137600,139800,137600,139400,34
2019-04-23,139500,139500,138700,138900,36
2019-04-24,138800,140700,138800,140400,9
2019-04-25,140400,140800,140200,140200,18
2019-04-26,140100,140100,139800,140000,5
2019-04-27,140600,142900,140600,142500,31
2019-04-28,143200,143600,142500,143600,21
2019-04-29,143200,143400,142200,142200,23
2019-04-30,142300,143000,142200,143000,20
2019-05-01,144300,145200,144300,145100,35
2019-05-02,146200,146200,145900,145900,18
2019-05-03,146800,146800,146500,146500,2
2019-05-04,146800,148700,146800,148200,29
2019-05-05,149500,149500,147000,147000,26
2019-05-06,147600,150500,147600,150200,32
2019-05-07,151100,153000,150900,151900,31
2019-05-08,151500,154300,151500,153500,29
2019-05-09,154300,156300,154200,155800,26
2019-05-11,155200,155400,149400,149800,40
2019-05-12,148200,149100,146900,148500,46
2019-05-13,149300,150500,149200,149900,20
2019-05-14,151200,151200,150500,151200,29
2019-05-15,149300,149600,147700,148500,34
2019-05-16,146500,146900,145900,146750,31
2019-05-18,146900,147700,145600,145800,42
2019-05-19,146000,146000,143100,143100,30
2019-05-20,140500,140700,138200,139800,35
2019-05-21,138500,142800,137500,141600,41
2019-05-22,143500,144300,142300,143700,25
2019-05-23,142600,142600,140500,140500,24
2019-05-25,142700,142700,140200,140900,31
2019-05-26,139800,141100,139800,141100,6
2019-05-28,139200,139200,136000,136400,19
2019-05-29,133200,136600,133200,135600,39
2019-05-30,136900,138100,136500,137600,21
2019-05-31,137100,137100,137100,137100,1
2019-06-01,137300,137300,134900,135100,18
2019-06-02,134000,134200,131200,132200,32
2019-06-03,131900,133200,131900,132700,13
2019-06-04,132800,132800,132600,132600,2
2019-06-05,132800,132800,132500,132500,2
2019-06-06,130800,130800,130800,130800,1
2019-06-07,130500,132700,130500,132400,10
2019-06-08,131600,132000,129200,129200,42
2019-06-09,128250,128300,126400,128100,41
2019-06-10,127500,132700,127000,132700,58
2019-06-11,130900,131000,129200,129200,44
2019-06-12,130500,131500,130200,131500,27
2019-06-13,132900,136800,132800,136300,44
2019-06-14,135200,135600,134400,134400,9
2019-06-15,134500,135600,133100,135200,35
2019-06-16,136000,137400,136000,136600,50
2019-06-17,135500,136000,133300,133700,31
2019-06-18,133000,133100,131200,132000,35
2019-06-19,131200,133300,131100,132500,31
2019-06-20,133900,134200,133900,134200,3
2019-06-21,133700,133800,132000,132200,24
2019-06-22,131700,132900,131100,131100,32
2019-06-23,132500,133300,132000,133300,34
2019-06-24,133800,133800,133000,133200,29
2019-06-25,132000,132800,131500,131500,28
2019-06-26,131100,131900,130700,131500,23
2019-06-27,131700,131800,131200,131300,23
2019-06-28,131300,131400,131300,131400,2
2019-06-29,130400,130700,130400,130700,5
2019-06-30,131100,131100,128400,128700,48
2019-07-01,127700,130100,127300,128800,49
2019-07-02,129600,129600,128500,129000,40
2019-07-03,129200,129500,129100,129300,26
2019-07-04,129400,130500,129300,130400,34
2019-07-05,130300,130300,129800,130300,10
2019-07-06,131000,132400,131000,131900,47
2019-07-07,131600,131700,129700,129800,45
2019-07-08,129400,129600,128300,128300,41
2019-07-09,128700,129100,128400,129000,43
2019-07-10,129100,129300,127900,128900,29
2019-07-11,129100,129200,128300,128300,21
2019-07-12,128300,128300,128200,128200,4
2019-07-13,127600,127600,125300,125300,40
2019-07-14,125300,125700,123700,124200,50
2019-07-15,124400,124400,120000,120500,70
2019-07-16,119700,120200,115800,116000,69
2019-07-17,112100,119000,111200,116800,79
2019-07-18,117700,120500,117700,119000,22
2019-07-20,116800,119600,116800,119600,37
2019-07-21,121000,122500,120500,121100,71
2019-07-22,121100,123000,120600,122900,60
2019-07-23,123900,126500,123900,124500,49
2019-07-24,123000,123000,120000,120000,48
2019-07-25,118800,119200,117000,118000,56
2019-07-27,120000,124000,119900,124000,70
2019-07-28,122900,123100,119700,120000,70
2019-07-29,121000,121400,120400,121000,58
2019-07-30,121000,121100,119800,120200,62
2019-07-31,118800,119500,118500,118900,57
2019-08-01,119300,120300,119200,120100,31
2019-08-02,120300,120700,120300,120700,4
2019-08-03,121000,121000,119000,119000,47
2019-08-04,119300,119300,118300,118900,42
2019-08-05,119900,120200,119000,119600,57
2019-08-06,119300,119300,118800,119100,43
2019-08-07,119300,119500,119100,119400,45
2019-08-08,119200,119200,118900,119100,14
2019-08-10,118700,118700,117600,117600,26
2019-08-11,117000,117000,116000,116700,29
2019-08-13,117000,117100,116600,116900,38
2019-08-14,116800,116800,116200,116500,44
2019-08-15,116400,116700,116300,116600,21
2019-08-16,116500,116600,116400,116600,4
2019-08-17,116900,117900,116700,117600,82
2019-08-18,118000,118000,116600,116800,66
2019-08-19,116500,116600,116000,116400,40
2019-08-20,116800,116800,116600,116700,8
2019-08-21,116800,116800,116200,116300,45
2019-08-22,116000,116300,115900,116100,25
2019-08-23,116200,116500,116200,116500,4
2019-08-24,116400,116500,114800,114800,69
2019-08-25,114500,114900,112000,112900,55
2019-08-26,113100,113200,109200,109600,69
2019-08-27,109800,112000,109300,111700,104
2019-08-28,111500,112100,111300,111800,50
2019-08-29,112000,113000,112000,112500,56
2019-08-30,112600,112900,112400,112700,13
2019-08-31,113200,115100,113200,115100,80
2019-09-01,115300,115600,112500,113200,91
2019-09-02,112000,113800,111700,113600,70
2019-09-03,113400,114800,113000,113500,91
2019-09-04,113300,114700,113300,114700,43
2019-09-05,114600,114700,114300,114600,52
2019-09-06,114500,114700,114500,114600,6
2019-09-07,114400,116700,114300,116700,61
2019-09-08,116800,117400,116200,116700,84
2019-09-09,116800,116800,116800,116800,1
2019-09-10,116700,116700,116000,116000,8
2019-09-11,115700,116100,114200,114200,44
2019-09-12,113800,114200,113400,113800,53
2019-09-13,113900,114600,113900,114500,10
2019-09-14,114700,114900,112600,112700,81
2019-09-15,112800,113400,112400,113400,42
2019-09-16,113700,114700,113400,114500,40
2019-09-17,114300,114500,113600,114500,26
2019-09-18,114300,115200,114200,115000,19
2019-09-19,114600,115300,114600,115000,20
2019-09-20,115000,115500,115000,115500,3
2019-09-21,115200,115600,114400,114400,32
2019-09-22,114400,114400,113800,114000,21
2019-09-23,113500,113700,113200,113600,51
2019-09-24,113800,114300,113800,113900,43
2019-09-25,113800,114100,113800,114100,29
2019-09-26,114200,114400,114100,114400,22
2019-09-27,114500,114700,114400,114600,10
2019-09-28,114800,114800,114300,114300,26
2019-09-29,114500,114900,114400,114800,25
2019-09-30,114900,115600,114900,115200,41
2019-10-01,114900,115100,114500,114600,50
2019-10-02,114700,115300,114700,115200,24
2019-10-03,115500,115500,115100,115200,21
2019-10-04,115300,115300,115200,115200,2
2019-10-05,115300,115400,114600,114600,42
2019-10-06,114700,114700,114200,114400,28
2019-10-07,114600,114600,114350,114500,17
2019-10-08,114550,114800,114500,114700,22
2019-10-09,114700,114800,114650,114700,24
2019-10-10,114750,114750,114600,114650,9
2019-10-11,114700,114700,114700,114700,4
2019-10-12,114800,114850,114600,114600,13
2019-10-13,114600,114600,113800,113900,27
2019-10-14,113800,113800,113450,113700,21
2019-10-15,113900,114150,113900,113950,18
2019-10-16,114200,114200,114000,114100,14
2019-10-17,114200,114200,114000,114000,17
2019-10-18,114000,114000,113900,113900,3
2019-10-19,113800,113900,113750,113900,5
2019-10-20,113850,113850,113450,113500,18
2019-10-21,113400,113450,113000,113000,32
2019-10-22,113200,113250,112750,112750,25
2019-10-23,112500,112500,111700,111700,37
2019-10-24,111200,111700,110800,111450,47
2019-10-25,111600,111600,111400,111400,5
2019-10-26,110950,112100,110950,112000,29
2019-10-27,112000,112050,111900,112050,10
2019-10-28,112300,112500,112200,112350,26
2019-10-29,112400,112400,112200,112200,9
2019-10-30,111800,112200,111600,112100,26
2019-10-31,112500,112750,112400,112500,20
2019-11-01,112600,112700,112600,112700,4
2019-11-02,112700,113100,112600,113100,21
2019-11-03,113600,113850,113000,113100,38
2019-11-04,113200,113350,112900,113350,27
2019-11-05,113450,114500,113400,114500,38
2019-11-06,114800,114800,114300,114300,18
2019-11-07,114000,114200,113900,114000,11
2019-11-08,114050,114050,113850,113950,7
2019-11-09,113900,114000,113500,114000,25
2019-11-10,114000,114450,113950,114450,33
2019-11-11,114700,115000,114500,115000,44
2019-11-12,115150,116000,114750,116000,42
2019-11-13,116000,118700,116000,117700,75
2019-11-14,117500,118500,117500,118100,54
2019-11-15,119200,119600,118500,119200,19
2019-11-16,120000,123500,119700,122800,71
2019-11-17,123500,125500,123000,124500,12
2019-11-18,124000,124000,121000,123000,9
2019-11-19,123000,123200,120200,120400,9
2019-11-20,119500,119500,118300,118300,2
2019-11-21,119000,119000,119000,119000,1
2019-11-23,118900,120000,118700,120000,23
2019-11-24,121000,122500,121000,121500,13
2019-11-25,123000,124500,123000,124300,13
2019-11-26,124000,124000,122000,122200,22
2019-11-27,122200,125500,122000,125500,39
2019-11-28,126500,127000,125200,126000,40
2019-11-29,125800,126500,125800,126500,19
2019-11-30,127300,127300,124500,124700,76
2019-12-01,124200,127500,124200,126800,63
2019-12-02,126800,127700,126000,126300,51
2019-12-03,126500,128100,126400,128000,41
2019-12-04,127900,129800,127900,129500,54
2019-12-05,130000,131600,129900,131500,51
2019-12-06,131500,132500,129700,130000,31
2019-12-07,130600,132800,130000,132500,79
2019-12-08,132800,136000,132800,136000,72
2019-12-09,136100,139200,135000,138500,82
2019-12-10,139300,141500,133000,133800,95
2019-12-11,136000,136000,129500,130000,84
2019-12-12,130500,130500,126800,127200,46
2019-12-13,128200,129400,127300,128600,26
2019-12-14,130000,130300,125800,126400,80
2019-12-15,126300,128200,124900,128200,102
2019-12-16,127500,129500,126400,128300,79
2019-12-17,128700,130900,128700,130700,68
2019-12-18,131200,131800,128700,129100,75
2019-12-19,129500,129900,129200,129700,29
2019-12-20,129500,130500,129400,130300,10
2019-12-21,131200,133000,131000,132800,73
2019-12-22,133800,134200,130600,131500,73
2019-12-23,131600,132200,129500,132200,59
2019-12-24,132000,132900,130700,130700,56
2019-12-25,131200,132200,130800,132200,44
2019-12-26,132000,132300,131600,131600,37
2019-12-27,132000,132300,131800,132100,15
2019-12-28,131800,132300,131500,131500,76
2019-12-29,131700,132000,131000,131200,39
2019-12-30,131400,131600,131100,131600,35
2019-12-31,132000,133100,132000,133000,39
2020-01-01,132600,133200,132400,132700,17
2020-01-02,132700,133100,132700,133100,12
2020-01-03,137200,142200,137200,139700,32
2020-01-04,137500,137800,135400,136500,29
2020-01-05,137600,141000,136700,140800,47
2020-01-06,139700,140300,138000,138000,23
2020-01-07,138400,139900,137500,139600,30
2020-01-08,140900,141400,137000,137000,52
2020-01-09,135600,135600,132700,133800,39
2020-01-10,133800,134700,133500,133500,7
2020-01-11,134000,134900,131500,133200,39
2020-01-12,133200,134300,133200,134300,27
2020-01-13,134000,134500,133500,133500,36
2020-01-14,132800,135300,132600,135300,34
2020-01-15,135300,136200,134800,134800,28
2020-01-16,135200,135400,134800,135400,32
2020-01-17,135600,135600,134700,134900,24
2020-01-18,134500,135300,134000,134100,29
2020-01-19,134300,134500,133800,134500,34
2020-01-20,135000,135100,134600,134800,27
2020-01-21,134700,134800,134300,134300,16
2020-01-22,134100,135000,134100,134900,43
2020-01-23,135200,135700,135200,135700,23
2020-01-24,135700,135700,135100,135300,11
2020-01-25,135600,135600,135000,135300,32
2020-01-26,135200,135900,135200,135900,25
2020-01-27,136200,136800,136200,136700,35
2020-01-28,136800,137300,136800,137000,25
2020-01-29,136800,137000,136800,136900,8
2020-01-30,137200,137300,137100,137300,19
2020-01-31,137300,137300,137000,137000,8
2020-02-01,137200,137300,135100,135200,52
2020-02-02,135200,135500,134600,135500,52
2020-02-03,135400,136200,135100,136050,46
2020-02-04,136300,136500,135600,135700,37
2020-02-05,136000,136500,135700,136500,41
2020-02-06,136800,136800,136400,136700,29
2020-02-07,136700,136800,136600,136700,8
2020-02-08,136600,137900,136600,137900,52
2020-02-09,138300,139100,138100,138800,50
2020-02-10,139100,139800,139100,139500,39
2020-02-11,139400,139400,138700,138900,18
2020-02-12,139100,140700,138900,140700,87
2020-02-13,141000,141400,138900,139400,81
2020-02-14,139300,139600,139200,139200,15
2020-02-15,138700,141200,138700,141000,97
2020-02-16,141600,142000,140400,141600,91
2020-02-17,141700,143300,141300,143000,70
2020-02-18,142700,144400,142500,143850,94
2020-02-19,144000,144850,142600,144000,89
2020-02-20,144200,144300,143700,144000,45
2020-02-21,144200,146500,144200,146500,46
2020-02-22,146200,158500,146100,153600,137
2020-02-23,154500,156600,151800,153600,120
2020-02-24,153500,158000,153500,156800,90
2020-02-25,157200,158500,156000,158400,33
2020-02-26,156800,158800,156800,158400,12
2020-02-27,157800,157800,153500,153800,54
2020-02-28,153200,154200,151700,151900,37
2020-02-29,152700,152700,147000,150000,129
2020-03-01,149800,156000,149800,156000,110
2020-03-02,156500,157500,153200,154000,100
2020-03-03,152500,155000,152500,154500,67
2020-03-04,155000,155200,153500,153800,55
2020-03-05,153200,153200,149500,151900,55
2020-03-06,152200,152200,151900,152200,7
2020-03-07,153500,153600,152800,153400,27
2020-03-08,153300,154000,153300,154000,11
2020-03-09,154300,155200,154200,154700,36
2020-03-10,154400,154400,153300,153900,25
2020-03-11,153900,154200,153000,153200,30
2020-03-12,153000,154100,153000,153600,27
2020-03-13,153600,153600,153300,153300,6
2020-03-14,153400,154800,153400,154600,22
2020-03-15,155200,158300,155200,158300,31
2020-03-16,158400,160000,158100,160000,40
2020-03-17,161000,161000,159800,160800,39
2020-03-18,161600,161600,161600,161600,1
2020-03-24,159200,159500,159200,159500,2
2020-03-25,159000,159000,159000,159000,1
2020-03-27,159400,159400,159400,159400,1
2020-03-29,162200,164600,162200,164600,9
2020-03-30,165000,166000,165000,166000,3
2020-03-31,166500,166500,166400,166400,4
2020-04-01,165800,165800,164700,164700,3
2020-04-02,165500,165500,165500,165500,1
2020-04-03,165300,165500,165000,165000,15
2020-04-04,163300,164500,162800,164300,15
2020-04-05,164400,164400,163800,163800,12
2020-04-06,164100,164300,162200,162700,35
2020-04-07,162900,163200,161300,161300,24
2020-04-08,161900,161900,159500,159800,18
2020-04-09,160300,161400,160300,161000,21
2020-04-10,160600,160600,159800,160400,12
2020-04-11,160200,162000,159900,161400,63
2020-04-12,161600,162500,161600,162200,42
2020-04-13,162000,162000,160700,161100,61
2020-04-14,161200,161200,159400,160000,45
2020-04-15,159400,160000,158800,158800,28
2020-04-16,158400,158800,157500,158300,32
2020-04-17,158200,158300,158100,158100,6
2020-04-18,158500,158500,155600,155700,53
2020-04-19,155400,156700,153500,155800,72
2020-04-20,155500,157400,155200,156700,72
2020-04-21,157000,161700,157000,161600,73
2020-04-22,162000,163600,161800,163300,37
2020-04-23,164000,164000,161800,161800,30
2020-04-24,162000,162200,160900,161300,15
2020-04-25,161400,161700,159700,161300,64
2020-04-26,161400,161400,159500,159600,35
2020-04-27,159200,160200,158700,159000,42
2020-04-28,159000,161000,159000,161000,35
2020-04-29,161300,162800,161300,162400,34
2020-04-30,162100,162200,160800,161000,43
2020-05-01,160700,160800,160500,160700,7
2020-05-02,160800,161500,160000,160700,33
2020-05-03,160500,161300,159800,161300,49
2020-05-04,161300,162000,160900,160900,55
2020-05-05,161000,161700,160900,161700,56
2020-05-06,162200,162900,162100,162600,48
2020-05-07,162100,163500,162100,163400,27
2020-05-08,163500,163500,163300,163300,2
2020-05-09,163100,164500,162300,164200,61
2020-05-10,164400,165900,164400,165400,57
2020-05-11,165700,169100,165500,169000,69
2020-05-12,169300,171900,169300,170500,107
2020-05-13,171500,172500,169800,169900,56
2020-05-14,170000,170300,168400,168500,70
2020-05-15,168400,169500,168400,169500,16
2020-05-16,169700,172700,169700,172400,95
2020-05-17,173200,176200,173200,176000,119
2020-05-18,176700,178500,174000,174500,117
2020-05-19,174800,177500,174100,176900,99
2020-05-20,177500,179100,177400,178500,61
2020-05-21,177800,177800,176000,177500,64
2020-05-22,177700,177800,177400,177400,6
2020-05-23,177500,177800,176400,176600,35
2020-05-24,175500,175500,175500,175500,1
2020-05-25,176500,176500,176500,176500,1
2020-05-26,177400,177400,174200,174900,72
2020-05-27,174900,175100,173000,174400,76
2020-05-28,174700,175900,174300,175600,59
2020-05-29,175500,176500,175500,176500,5
2020-05-30,177500,177500,176000,176000,88
2020-05-31,176200,176500,175400,176200,67
2020-06-01,176400,177000,176200,176800,68
2020-06-02,176900,177200,176000,177200,59
2020-06-03,177800,178400,177500,178200,38
2020-06-04,178200,178200,177500,178000,27
2020-06-05,177000,177200,177000,177200,14
2020-06-06,176800,177100,175800,177000,92
2020-06-07,176700,177300,176300,176300,64
2020-06-08,176800,177000,175700,177000,92
2020-06-09,177500,178400,177000,178400,102
2020-06-10,178900,180200,178900,179800,99
2020-06-11,180000,180200,179400,179600,60
2020-06-12,179600,179800,179000,179000,13
2020-06-13,179400,179900,179000,179200,60
2020-06-14,179500,181600,179400,181600,73
2020-06-15,181600,183200,181600,183000,62
2020-06-16,183700,186300,183500,186000,56
2020-06-17,186600,186800,186000,186700,26
2020-06-18,186200,188200,186200,187700,35
2020-06-19,187600,189200,187600,189200,21
2020-06-20,189700,193500,189500,193500,85
2020-06-21,192600,197700,192500,195600,121
2020-06-22,196500,201200,196500,201000,98
2020-06-23,202000,205100,197300,200200,158
2020-06-24,200800,203500,193600,194800,138
2020-06-25,194500,194500,189700,192000,126
2020-06-26,193400,197000,192700,195900,48
2020-06-27,194600,202700,193700,202500,127
2020-06-28,204500,207300,199500,201400,187
2020-06-29,202000,203100,200200,202900,114
2020-06-30,204000,205900,201500,202500,131
2020-07-01,202000,206200,200700,206100,84
2020-07-02,206800,210200,206600,208600,88
2020-07-03,210000,210000,206400,206400,22
2020-07-04,207800,215600,206000,215600,120
2020-07-05,217000,223200,217000,221500,81
2020-07-06,220500,221500,214500,217000,93
2020-07-07,218500,221800,217000,221800,98
2020-07-08,223800,226200,223500,225900,108
2020-07-09,225800,225800,222500,223500,85
2020-07-10,224000,224100,223200,223200,4
2020-07-11,223100,227000,223100,226600,101
2020-07-12,227200,228600,226600,228600,107
2020-07-13,230500,235900,229800,233200,127
2020-07-14,232500,237700,231500,236300,156
2020-07-15,238000,239500,237500,238700,121
2020-07-16,239000,242200,239000,241600,75
2020-07-17,241500,245000,241400,244400,18
2020-07-18,245900,255500,245900,253200,125
2020-07-19,258800,259500,244000,246900,191
2020-07-20,247000,247000,216000,218000,200
2020-07-21,213000,228000,210000,216000,211
2020-07-22,215000,223500,215000,218600,148
2020-07-23,220000,220800,217000,219000,83
2020-07-24,218500,218900,218500,218800,5
2020-07-25,218800,233300,218600,233200,122
2020-07-26,237000,241500,226000,231200,193
2020-07-27,233000,235200,230000,234500,139
2020-07-28,236500,237000,232500,233500,129
2020-07-29,234000,235700,233000,234000,82
2020-07-30,235000,235700,235000,235300,9
2020-08-01,235000,235800,230000,230000,57
2020-08-02,230700,233000,225600,232100,91
2020-08-03,232500,233500,231800,231800,81
2020-08-04,233200,233300,232500,233000,58
2020-08-05,234300,235900,234300,235700,63
2020-08-06,236500,237000,235700,235700,42
2020-08-07,233300,233300,225500,226500,46
2020-08-08,225500,226000,221000,222500,41
2020-08-09,223000,224700,207500,210000,170
2020-08-10,209000,224000,209000,224000,185
2020-08-11,224500,227800,218500,220000,158
2020-08-12,218500,223500,218500,223500,100
2020-08-13,225500,226300,224000,225300,72
2020-08-14,224800,225200,222500,225000,23
2020-08-15,222500,224500,219700,221000,154
2020-08-16,222000,229300,220300,229300,160
2020-08-17,228500,233300,228400,230400,142
2020-08-18,231300,231800,227400,228500,83
2020-08-19,229200,230200,226500,230200,97
2020-08-20,230500,232000,230000,232000,50
2020-08-21,231500,231500,227500,228900,22
2020-08-22,228800,231000,227800,230000,101
2020-08-23,230400,231500,228800,229800,96
2020-08-24,230300,231300,229000,230800,90
2020-08-25,231400,234600,230700,234200,99
2020-08-26,235500,236900,234500,235200,73
2020-08-27,234600,235000,234000,234400,18
2020-08-28,235500,235500,235500,235500,2
2020-08-31,236000,239600,236000,239600,84
2020-09-01,243000,246000,240000,246000,121
2020-09-02,246500,246500,244000,244600,70
2020-09-03,244000,244000,241700,242800,81
2020-09-04,243500,243500,243000,243200,3
2020-09-05,244100,247300,244000,247000,93
2020-09-06,247800,248900,245800,245800,87
2020-09-07,245500,248900,244800,248900,48
2020-09-08,250000,255800,250000,255300,54
2020-09-09,257000,257000,255000,255000,50
2020-09-10,256000,257400,255500,256100,29
2020-09-11,257000,257500,256400,257500,17
2020-09-12,259000,264100,259000,263800,109
2020-09-13,264000,269200,263600,266700,117
2020-09-14,266400,271800,259000,261000,179
2020-09-15,259000,270000,258500,268900,158
2020-09-16,270100,273100,267600,270100,126
2020-09-17,269500,270000,267800,269100,66
2020-09-18,269900,269900,268800,269300,13
2020-09-19,267500,268500,264500,268000,91
2020-09-20,268500,273800,268500,272800,120
2020-09-21,272700,274500,271300,271500,126
2020-09-22,271800,276800,271300,276800,136
2020-09-23,276500,282300,276500,282000,132
2020-09-24,282000,290000,282000,289200,107
2020-09-25,288200,291200,288200,290800,28
2020-09-26,290600,293000,286500,287300,219
2020-09-27,287800,293300,287800,293300,113
2020-09-28,294500,297000,292700,293800,135
2020-09-29,294000,295000,289800,294200,127
2020-09-30,293900,298500,293700,298500,130
2020-10-01,299000,300000,297500,299200,78
2020-10-02,297000,298000,293000,298000,35
2020-10-03,297000,297700,288500,289700,152
2020-10-04,292000,292000,278000,289000,203
2020-10-05,290500,295300,290500,293700,127
2020-10-06,296500,297800,294800,294800,122
2020-10-07,295100,298600,294300,296800,105
2020-10-08,300000,303300,300000,302200,56
2020-10-09,302000,303400,301500,302400,38
2020-10-10,303400,310500,303400,310500,97
2020-10-11,313000,317500,307300,307300,180
2020-10-12,307000,318500,307000,318000,154
2020-10-13,318500,318600,312500,316800,138
2020-10-14,317500,318100,315300,317900,99
2020-10-15,317400,323500,317400,323000,80
2020-10-16,324000,324800,323300,324800,16
2020-10-17,323000,323600,322500,322600,37
2020-10-18,324000,324000,313500,316300,140
2020-10-19,318500,319400,300000,300000,210
2020-10-20,298000,298000,262000,275000,140
2020-10-21,274000,297000,273000,296000,168
2020-10-22,297000,300500,287000,290000,102
2020-10-23,292500,293000,287300,291800,15
2020-10-24,292000,295500,289000,290500,55
2020-10-25,289500,289500,282500,284400,42
2020-10-26,284000,286200,278500,286200,84
2020-10-27,287500,288300,280500,282600,104
2020-10-28,279300,282400,277100,280800,49
2020-10-29,280000,281700,280000,280000,9
2020-10-31,273800,274500,263500,266500,64
2020-11-01,269000,286000,268500,280000,66
2020-11-02,284000,293200,284000,289000,47
2020-11-03,290000,294000,289000,289800,28
2020-11-05,266000,272500,266000,269000,9
2020-11-06,255000,255500,240000,255000,63
2020-11-07,256000,260000,237000,240000,187
2020-11-08,237500,265000,237500,264500,152
2020-11-09,264000,278000,261500,278000,156
2020-11-10,279000,281000,273000,276000,147
2020-11-11,272200,276500,271000,272900,105
2020-11-12,271500,272200,269000,269500,12
2020-11-16,259000,264500,258500,264000,23
2020-11-17,264500,265000,261500,262700,29
2020-11-18,259500,261300,258500,258500,22
2020-11-19,259800,259800,259800,259800,1
2020-11-21,263000,266500,258800,258800,32
2020-11-22,258500,258500,254200,257500,21
2020-11-23,256500,258300,256500,256800,5
2020-11-24,250500,253500,250000,253500,23
2020-11-25,253500,253500,247700,247700,15
2020-11-26,246000,247400,245500,245500,9
2020-11-28,251800,252000,246200,247500,46
2020-11-29,246000,252000,245800,251400,37
2020-11-30,250500,255000,249800,255000,49
2020-12-01,257000,264500,256700,262000,58
2020-12-02,260300,261300,254500,257500,57
2020-12-03,258500,261000,257500,259800,31
2020-12-04,260500,260500,260200,260200,3
2020-12-05,261600,262700,256400,257200,86
2020-12-06,257300,258800,256500,258400,77
2020-12-07,258700,258900,257200,258200,53
2020-12-08,257500,261000,257300,260500,65
2020-12-09,261200,264000,261200,262800,76
2020-12-10,262000,262500,260500,260500,38
2020-12-11,261500,262500,261500,262500,5
2020-12-12,261700,262500,258800,259300,70
2020-12-13,259300,260300,257900,259000,52
2020-12-14,257600,259000,256500,256500,65
2020-12-15,258500,261500,258500,259500,65
2020-12-16,261000,261500,257500,257800,54
2020-12-17,258800,259200,258200,258500,18
2020-12-18,257800,257800,257500,257500,2
2020-12-19,257100,257400,252800,252800,50
2020-12-20,254300,256000,253600,255400,56
2020-12-21,255200,258300,255000,256200,51
2020-12-22,256300,256800,255800,256600,24
2020-12-23,258200,259800,258200,259300,39
2020-12-24,259200,259400,258800,259200,24
2020-12-25,259000,259200,258900,259000,6
2020-12-26,258600,258600,256000,256000,32
2020-12-27,256700,258300,256700,257700,39
2020-12-28,258300,258500,256800,257500,53
2020-12-29,257500,257600,256600,257400,36
2020-12-30,257500,257700,257200,257400,29
2020-12-31,257000,257300,256900,257100,14
2021-01-01,257000,257000,256400,256600,6
2021-01-02,256700,256800,255200,255700,46
2021-01-03,255600,258000,255500,257800,51
2021-01-04,257600,259500,257300,259500,37
2021-01-05,259000,261000,258500,260600,40
2021-01-06,260200,260200,257800,258200,47
2021-01-07,257300,257300,254200,254800,43
2021-01-08,253500,254000,253300,253500,14
2021-01-09,254500,254500,247000,247000,49
2021-01-10,245700,250000,245700,249400,48
2021-01-11,250500,251600,248000,250000,57
2021-01-12,249700,250000,248500,248500,52
2021-01-13,247300,247500,242900,243300,47
2021-01-14,242300,242700,237800,238900,62
2021-01-15,238800,238800,236000,236400,28
2021-01-16,235000,236800,224900,225200,102
2021-01-17,224500,227500,218700,221000,85
2021-01-18,222800,224500,211000,212800,110
2021-01-19,211000,223500,210800,222000,115
2021-01-20,223000,233000,223000,231400,88
2021-01-21,235000,237500,227200,229000,73
2021-01-22,228000,229200,225500,226000,37
2021-01-23,223000,233000,222000,232800,91
2021-01-24,233300,238000,231100,235000,83
2021-01-25,235500,236500,231700,231700,64
2021-01-26,232500,236500,228500,236500,74
2021-01-27,239500,242500,233500,236800,94
2021-01-28,237500,242000,236300,241500,58
2021-01-29,241500,246200,241500,246200,31
2021-01-30,247500,248000,240800,245500,107
2021-01-31,246500,246800,243800,245000,74
2021-02-01,243000,244000,240500,242000,53
2021-02-02,244300,244800,241500,241500,56
2021-02-03,242300,242300,238800,239000,47
2021-02-04,240500,240500,238300,239200,22
2021-02-05,240500,242500,240500,242000,6
2021-02-06,242000,243300,241300,243000,41
2021-02-07,242800,248500,242000,247200,31
2021-02-08,246900,251500,246500,250000,36
2021-02-09,250300,251500,249000,250500,36
2021-02-10,251200,252300,250500,252300,14
2021-02-11,253500,260500,253400,258800,48
2021-02-12,259500,263000,258500,262500,16
2021-02-13,262300,263000,259500,261700,54
2021-02-14,262200,262200,257500,257500,51
2021-02-15,257000,257800,253500,256500,62
2021-02-16,257800,261500,256800,259700,60
2021-02-17,260500,260500,258000,260200,42
2021-02-18,259500,260300,258000,258100,25
2021-02-19,253000,258000,250000,257000,44
2021-02-20,257000,257000,250500,251000,75
2021-02-21,251500,251500,245000,247500,78
2021-02-22,247500,249000,244800,247500,59
2021-02-23,248000,252000,247100,251500,50
2021-02-24,251200,254200,251200,253000,48
2021-02-25,253000,253500,252300,252400,21
2021-02-26,253500,255000,253500,255000,20
2021-02-27,256500,256700,254200,254800,35
2021-02-28,254400,254500,251500,254200,41
2021-03-01,253800,255100,252500,253300,31
2021-03-02,253000,253000,251300,252500,41
2021-03-03,252800,253500,252500,253000,22
2021-03-04,252700,252700,248700,249500,38
2021-03-05,248500,250500,248500,250500,19
2021-03-06,250500,250500,246300,247200,38
2021-03-07,247000,248800,245800,248800,41
2021-03-08,248800,249500,246800,247200,52
2021-03-09,247500,247500,244800,247500,47
2021-03-10,247500,247700,245700,247000,35
2021-03-11,247100,247500,246800,247200,17
2021-03-12,247500,249500,247500,249500,12
2021-03-13,249200,249400,246800,247400,43
2021-03-14,247500,247500,246500,246800,20
2021-03-15,246500,247300,245000,246800,32
2021-03-16,246800,249400,246800,248200,35
2021-03-17,248800,250000,248500,250000,10
2021-03-18,250500,251500,250500,251200,8
2021-03-25,249800,252000,249800,251800,25
2021-03-26,252000,252000,251400,251500,8
2021-03-27,251800,253300,251500,253300,22
2021-03-28,253800,257000,253800,257000,37
2021-03-29,258500,261500,258500,259000,52
2021-03-30,259000,259500,257500,257800,47
2021-03-31,256800,258000,256200,257500,38
2021-04-01,257300,257800,256000,256000,13
2021-04-03,252500,252500,245100,246000,66
2021-04-04,245700,250000,245700,248800,69
2021-04-05,249000,251000,247500,248500,51
2021-04-06,251000,253200,250000,252500,60
2021-04-07,252300,252300,250000,250000,36
2021-04-08,248500,250200,247500,249500,50
2021-04-09,250500,251200,249000,249000,20
2021-04-10,249700,250500,247300,248400,94
2021-04-11,247800,248800,247300,248500,86
2021-04-12,249000,250600,249000,249200,117
2021-04-13,249600,250500,248200,249800,63
2021-04-14,249500,249500,248300,248700,72
2021-04-15,248400,250800,248400,249200,42
2021-04-16,249900,250400,249300,249500,24
2021-04-17,249200,249300,246000,246000,47
2021-04-18,246700,246900,244800,245800,40
2021-04-19,246100,246100,237500,238000,63
2021-04-20,238500,242800,236500,241800,75
2021-04-21,242000,242000,238800,239300,44
2021-04-22,238500,239400,237000,237200,39
2021-04-23,238000,239000,237500,238500,27
2021-04-24,237900,239200,237500,239000,44
2021-04-25,238500,239500,236700,236800,42
2021-04-26,237500,238300,236000,238300,56
2021-04-27,238500,238800,236500,237500,48
2021-04-28,236800,237500,236500,237000,24
2021-04-29,236500,236500,233000,233000,35
2021-04-30,234000,234800,232300,234800,29
2021-05-01,234100,234400,227500,227500,70
2021-05-02,227500,228200,218000,221800,138
2021-05-03,222500,222800,218500,220200,54
2021-05-04,218800,219000,214500,216000,72
2021-05-05,216200,216500,204500,210500,90
2021-05-06,210000,220200,210000,215800,84
2021-05-07,215500,218100,215000,217800,34
2021-05-08,216900,217000,213000,213500,112
2021-05-09,214300,217500,213800,217000,31
2021-05-10,219800,221800,219300,221800,32
2021-05-11,225500,226000,223000,224000,30
2021-05-12,224200,226800,223700,225500,33
2021-05-14,226500,226500,226500,226500,1
2021-05-15,226500,229400,226200,229400,27
2021-05-16,230000,233500,230000,231400,73
2021-05-17,231500,231700,228000,228000,45
2021-05-18,228500,232300,226500,228600,68
2021-05-19,228000,232500,226000,232100,77
2021-05-20,231000,231000,229000,229500,40
2021-05-21,229400,230000,229400,230000,6
2021-05-22,229800,229800,228500,229000,31
2021-05-23,229000,230800,228900,230800,37
2021-05-24,233000,233300,231500,231600,44
2021-05-25,231200,232000,230200,232000,33
2021-05-26,232500,234000,232000,232200,46
2021-05-27,232000,232800,232000,232400,25
2021-05-28,233000,237000,233000,237000,36
2021-05-29,237800,246700,237800,245500,68
2021-05-30,246000,248000,240500,241500,75
2021-05-31,239000,242800,237200,241400,76
2021-06-01,241600,242000,237800,238000,74
2021-06-02,238500,240500,237900,239000,55
2021-06-03,238300,238800,236500,237200,38
2021-06-04,237000,237400,237000,237000,8
2021-06-05,237000,237900,237000,237900,14
2021-06-06,237800,241500,237800,241200,34
2021-06-07,240700,241300,239100,239200,48
2021-06-08,239800,241400,239200,241200,51
2021-06-09,241000,242100,239300,239300,49
2021-06-10,240000,240300,237000,237000,41
2021-06-11,238000,238100,235500,236800,39
2021-06-12,236300,238800,236100,238800,71
2021-06-13,240000,241000,239800,240500,57
2021-06-14,240400,240400,238600,239800,55
2021-06-15,240000,241100,239500,239500,69
2021-06-16,240200,242100,240200,241800,51
2021-06-17,242500,245300,242500,243200,75
2021-06-18,244200,244300,242800,243100,27
2021-06-19,244000,244000,234000,234500,90
2021-06-20,235200,240000,235200,239700,72
2021-06-21,239400,241200,239000,241100,49
2021-06-22,242400,243200,242000,243200,28
2021-06-23,242500,242500,240800,242300,48
2021-06-24,241500,242800,241200,242800,39
2021-06-25,242800,244600,242800,244600,26
2021-06-26,244500,245600,242800,243400,58
2021-06-27,244800,246700,244000,246200,48
2021-06-28,247000,248800,246600,248800,59
2021-06-29,250800,251800,249100,249800,92
2021-06-30,250200,254000,250200,253200,71
2021-07-01,253000,253000,250500,251400,47
2021-07-02,251500,251800,250500,251300,23
2021-07-03,251800,254500,251400,254500,50
2021-07-04,254400,254400,250800,251000,57
2021-07-05,250500,251500,249500,250800,58
2021-07-06,251400,251500,250500,250500,38
2021-07-07,250000,251400,249000,250800,57
2021-07-08,250000,250500,249500,250000,36
2021-07-09,249500,250000,249500,249900,15
2021-07-10,249500,249900,249000,249200,54
2021-07-11,249400,250200,249200,250000,47
2021-07-12,249800,249800,249200,249500,32
2021-07-13,249000,249000,247000,248200,52
2021-07-14,245000,246200,244600,246200,61
2021-07-15,247500,248000,246400,247000,45
2021-07-16,247200,247500,246600,247400,12
2021-07-17,248000,248000,246800,246800,34
2021-07-18,247300,247300,245200,245500,35
2021-07-19,245000,245000,243900,244500,26
2021-07-20,244800,246000,244800,246000,6
2021-07-22,246000,246000,246000,246000,1
2021-07-23,245900,245900,245700,245700,4
2021-07-24,246700,247500,246100,247500,81
2021-07-25,247600,249300,247600,248300,100
2021-07-26,248300,251200,247800,250500,80
2021-07-27,251300,252000,251100,251600,34
2021-07-28,252400,258000,252400,258000,68
2021-07-29,259000,261600,258800,261300,66
2021-07-30,258900,259200,257900,258700,24
2021-07-31,257200,260500,256900,257000,82
2021-08-01,257500,257600,254200,255600,59
2021-08-02,255500,256300,254400,255800,69
2021-08-03,255000,257800,255000,256800,91
2021-08-04,255200,256200,254700,256000,62
2021-08-05,256900,257200,254500,254700,41
2021-08-06,254700,254700,253200,254300,20
2021-08-07,254000,256800,253600,256500,90
2021-08-08,256800,257500,256300,256500,99
2021-08-09,256900,259400,256900,259300,79
2021-08-10,259600,263800,259600,263800,89
2021-08-11,264800,267500,264200,265700,98
2021-08-12,266000,266800,261600,264000,78
2021-08-13,263600,263700,262700,263000,20
2021-08-14,263700,266700,263500,264500,69
2021-08-15,265800,269400,265800,268800,67
2021-08-16,269300,271500,268300,270800,58
2021-08-17,271300,271300,269800,269800,32
2021-08-20,270700,273000,270700,273000,29
2021-08-21,273800,274600,272700,273600,80
2021-08-22,273900,275200,273500,274300,91
2021-08-23,274300,277400,273700,277000,83
2021-08-24,278500,278700,275600,277400,73
2021-08-25,276600,280500,276600,278800,76
2021-08-26,279400,280000,277900,279000,69
2021-08-27,279400,282400,279400,282400,47
2021-08-28,282900,283400,281200,281800,90
2021-08-29,281000,281000,273800,273800,89
2021-08-30,272500,272800,269500,271000,86
2021-08-31,273500,274000,272400,273200,95
2021-09-01,273300,273300,270000,270800,80
2021-09-02,272400,273000,272000,272000,67
2021-09-03,271900,272000,271200,271600,26
2021-09-04,271900,272400,270100,270100,65
2021-09-05,271900,272700,270500,271000,127
2021-09-06,270800,272300,269700,271800,126
2021-09-07,271800,275200,270800,275200,133
2021-09-08,276000,277200,275300,277100,136
2021-09-09,276800,279000,276500,278200,77
2021-09-10,278000,278800,277900,278600,33
2021-09-11,278100,278600,276600,277100,112
2021-09-12,276300,276300,270500,270500,194
2021-09-13,269800,274300,269000,274300,137
2021-09-14,274200,277300,272000,272200,137
2021-09-15,272800,274000,272500,273500,103
2021-09-16,272300,275200,272000,274200,75
2021-09-17,274500,276100,274500,276000,31
2021-09-18,274800,276200,272600,273000,108
2021-09-19,273000,274700,272900,274100,101
2021-09-20,274100,274300,273400,273700,89
2021-09-21,274300,276200,273700,274500,140
2021-09-22,275200,276000,275000,275100,114
2021-09-23,275300,277400,275200,276800,101
2021-09-24,277500,277500,276000,276300,56
2021-09-25,276500,276600,275000,275400,105
2021-09-26,276200,277200,275600,276900,100
2021-09-27,277300,277900,276700,277600,59
2021-09-28,278300,281500,277900,281500,111
2021-09-29,282000,283500,281600,282500,35
2021-09-30,282900,285000,282900,283500,47
2021-10-01,283000,283100,282300,282800,39
2021-10-02,283000,283300,281200,281500,120
2021-10-03,280900,281100,279500,280000,108
2021-10-04,280500,281700,279700,281000,94
2021-10-05,281400,281400,280900,281200,25
2021-10-06,281300,281500,278400,278400,95
2021-10-07,278400,279400,278400,279100,43
2021-10-08,279400,279400,278200,278700,41
2021-10-09,278700,278900,275400,275600,83
2021-10-10,275400,276000,274700,275700,98
2021-10-11,275700,275900,272700,273300,114
2021-10-12,273300,273500,270000,270600,144
2021-10-13,270200,272500,270100,271700,116
2021-10-14,271900,272300,270400,272200,95
2021-10-15,273300,273400,272700,272700,41
2021-10-16,272700,273100,271900,272800,95
2021-10-17,272400,272600,271200,271400,121
2021-10-18,271200,273200,271200,273200,59
2021-10-19,273700,275000,273500,274000,77
2021-10-20,273700,273900,272600,273400,87
2021-10-21,273400,274500,273400,273800,76
2021-10-22,274100,274200,273600,274200,26
2021-10-23,274300,275900,274300,275800,88
2021-10-24,276000,276500,276000,276100,34
2021-10-25,276200,276600,274800,275000,86
2021-10-26,275000,275700,274300,275600,93
2021-10-27,275400,277700,275300,277100,101
2021-10-28,277000,277100,274800,275100,51
2021-10-29,274700,276200,274700,275900,31
2021-10-30,275800,276500,275100,275200,71
2021-10-31,274400,275900,274300,275900,57
2021-11-01,275500,276200,274800,275100,88
2021-11-02,275500,276000,275200,275900,69
2021-11-03,276100,279100,276000,277500,107
2021-11-04,276900,277200,276300,277200,69
2021-11-05,277300,277700,277200,277400,38
2021-11-06,277600,278500,277400,278000,86
2021-11-07,277800,279900,277200,279800,106
2021-11-08,279900,281290,279800,280200,67
2021-11-09,280700,281600,280300,281600,84
2021-11-10,281800,284000,281400,283600,80
2021-11-11,283000,284300,283000,284000,87
2021-11-12,284000,284100,283300,284100,29
2021-11-13,284900,287500,284900,286500,139
2021-11-14,286900,287390,284900,285100,119
2021-11-15,284300,284300,280400,280500,112
2021-11-16,281100,283400,280900,283300,134
2021-11-17,283500,283800,282700,283000,98
2021-11-18,283100,283100,281300,281800,58
2021-11-19,281600,282000,281400,281500,35
2021-11-20,281800,282000,280600,280700,82
2021-11-21,280800,283700,280800,282900,78
2021-11-22,282900,284400,282400,284400,115
2021-11-23,285500,286700,285300,286500,102
2021-11-24,287200,292800,287200,291200,166
2021-11-25,290200,290500,289500,290300,83
2021-11-26,290300,292200,290300,292200,38
2021-11-27,292100,292500,290000,290700,107
2021-11-28,290800,294900,290600,294700,94
2021-11-29,294400,294600,290700,291200,109
2021-11-30,291200,292000,288800,291400,86
2021-12-01,292000,292800,291300,292400,129
2021-12-02,292300,293700,291900,293700,87
2021-12-03,294500,297000,294500,297000,47
2021-12-04,298600,303700,298600,303700,118
2021-12-05,304900,305400,302300,305400,71
2021-12-06,305200,311000,304600,310500,151
2021-12-07,310500,311800,307200,309000,100
2021-12-08,309000,309000,306900,307500,45
2021-12-09,307800,308200,306800,307200,35
2021-12-10,308500,308900,307600,307800,14
2021-12-11,308200,308200,302400,305000,71
2021-12-12,305500,305500,300500,300800,75
2021-12-13,301500,301500,293800,294500,94
2021-12-14,295300,302600,295300,302300,60
2021-12-15,305200,305300,300500,300500,63
2021-12-16,301500,302000,299000,299900,43
2021-12-17,303000,303200,302000,302300,22
2021-12-18,303300,303300,298300,298500,49
2021-12-19,298000,300200,298000,298900,44
2021-12-20,300000,302500,300000,301800,52
2021-12-21,302200,303000,302100,302400,38
2021-12-22,304000,304000,301700,302500,32
2021-12-23,302500,302800,300400,300600,29
2021-12-24,301000,302100,301000,302000,18
2021-12-25,301500,301500,298400,298500,33
2021-12-26,299000,300500,298600,300200,32
2021-12-27,300200,300300,299500,299500,21
2021-12-28,298000,298000,295300,297200,44
2021-12-29,297500,298300,296600,298300,41
2021-12-30,299000,300400,298800,300000,31
2021-12-31,299600,299800,298800,299100,19
2022-01-01,298500,298600,296600,296800,38
2022-01-02,297000,297000,294000,295400,48
2022-01-03,295000,295000,292200,292500,36
2022-01-04,293500,293700,290000,290800,60
2022-01-05,289500,289500,285500,287600,84
2022-01-06,288500,290500,288500,289700,39
2022-01-07,289400,289600,288300,288300,18
2022-01-08,288700,288800,280000,280000,63
2022-01-09,281500,282500,274400,275500,92
2022-01-10,275500,281300,275200,281300,64
2022-01-11,283000,285000,280500,282000,72
2022-01-12,283000,283000,277900,278800,74
2022-01-13,279000,281600,278800,281500,41
2022-01-14,281500,281800,279800,280000,41
2022-01-15,278500,279000,275000,278600,80
2022-01-16,279400,279400,277000,277200,47
2022-01-17,275000,276000,272500,272800,57
2022-01-18,273000,278000,273000,277600,53
2022-01-19,278500,280000,278200,279000,45
2022-01-20,279000,282300,279000,281000,50
2022-01-21,280500,281200,279700,279800,17
2022-01-22,280500,280500,278500,278800,38
2022-01-23,278800,280700,278800,280300,28
2022-01-24,281000,282600,281000,281500,36
2022-01-25,281200,281800,280300,281000,36
2022-01-26,283000,283800,279500,279500,47
2022-01-27,280500,281200,279100,280000,35
2022-01-28,280200,283500,280000,283500,28
2022-01-29,283500,283800,280600,281200,58
2022-01-30,280000,281600,280000,281300,57
2022-01-31,281200,281200,278800,278800,39
2022-02-01,279300,279400,277000,277800,37
2022-02-02,277000,277000,274500,275400,42
2022-02-03,275500,276200,274200,274300,49
2022-02-04,275000,275300,274600,275300,11
2022-02-05,271500,271600,264200,264400,69
2022-02-06,262500,270800,262500,270400,85
2022-02-07,270000,270000,265200,266100,81
2022-02-08,265000,266500,262300,266500,80
2022-02-09,266500,266600,264200,265800,57
2022-02-10,265500,265500,264300,265000,36
2022-02-11,265500,267000,265500,266800,29
2022-02-12,267500,269000,266700,269000,41
2022-02-13,269000,272900,269000,272500,49
2022-02-14,273500,274000,272100,272500,53
2022-02-15,272000,272000,269000,269300,26
2022-02-16,270000,271200,268300,268400,37
2022-02-17,267500,267700,261800,261800,50
2022-02-18,260800,261500,260600,261500,14
2022-02-19,261800,263000,261300,262000,44
2022-02-20,260500,260500,255700,257200,52
2022-02-21,258300,261600,258000,260800,47
2022-02-22,261500,264700,261500,263000,50
2022-02-23,264000,264500,262100,262400,42
2022-02-24,263400,264500,262800,263400,37
2022-02-25,262000,263300,262000,263000,17
2022-02-26,263000,263300,262400,263200,27
2022-02-27,263100,263200,262600,263200,22
2022-02-28,263000,263000,260500,260500,24
2022-03-01,260500,261800,257500,261800,51
2022-03-02,261500,263200,260600,261200,43
2022-03-03,261200,263100,260000,260500,42
2022-03-04,260500,261800,260200,261800,28
2022-03-05,261600,261600,257000,257000,46
2022-03-06,256500,256500,254400,255800,46
2022-03-07,256500,260100,256500,260000,39
2022-03-08,261000,263800,260500,260800,53
2022-03-09,261000,261000,257400,257800,61
2022-03-10,257600,258500,257000,258500,20
2022-03-11,258500,264000,258500,264000,34
2022-03-12,264000,264000,259300,259500,41
2022-03-13,261500,265100,261500,264200,38
2022-03-14,262400,264200,261600,264200,57
2022-03-15,263800,266500,263800,265000,50
2022-03-16,264400,264500,262200,262200,21
2022-03-17,263000,263000,262000,262800,10
2022-03-19,263000,263000,262800,262800,2
2022-03-26,263500,263700,262100,262200,21
2022-03-27,262500,264200,262400,264200,23
2022-03-28,264800,267300,264600,265800,33
2022-03-29,267500,271500,267500,271200,32
2022-03-30,272000,272000,268500,269000,42
2022-03-31,269300,270800,269300,270500,28
2022-04-02,270800,270800,270800,270800,1
2022-04-03,270500,270600,268200,269300,31
2022-04-04,270000,272500,270000,272500,29
2022-04-05,272400,277200,272400,277200,53
2022-04-06,274500,275500,273200,275100,40
2022-04-07,277000,277800,275600,276500,34
2022-04-08,276700,276700,276000,276000,8
2022-04-09,277200,278000,276800,277500,23
2022-04-10,277300,280000,276800,279800,31
2022-04-11,280000,281700,280000,280800,34
2022-04-12,282500,282600,281000,281100,28
2022-04-13,280000,280200,277800,277800,40
2022-04-14,278000,278200,274700,274800,26
2022-04-15,275500,276000,275100,275500,13
2022-04-16,275500,279500,275400,279000,73
2022-04-17,281000,281300,278400,278400,29
2022-04-18,279000,279800,276200,276500,62
2022-04-19,278000,278000,275500,275600,33
2022-04-20,276000,278000,275800,277400,38
2022-04-21,278500,279000,278500,278600,15
2022-04-22,278300,278300,277900,277900,8
2022-04-23,277500,278500,277500,278500,12
2022-04-24,279000,279200,277900,277900,18
2022-04-25,278500,278500,277100,278500,21
2022-04-26,278600,280500,278600,279400,31
2022-04-27,279500,281800,279500,280800,31
2022-04-28,280000,281700,279800,281200,26
2022-04-29,280800,280900,280800,280800,3
2022-04-30,281000,282200,281000,281000,27
2022-05-01,280900,281800,280900,281600,5
2022-05-02,281600,282700,281600,282700,15
2022-05-03,283000,283300,283000,283200,5
2022-05-04,283400,283400,283200,283300,7
2022-05-05,283400,284200,283300,284200,34
2022-05-06,284300,284400,284300,284400,9
2022-05-07,287500,287600,283800,283800,54
2022-05-08,283800,284500,283500,284000,23
2022-05-09,285500,286800,285400,286800,27
2022-05-10,287500,294000,287500,294000,47
2022-05-11,296000,300000,296000,298500,58
2022-05-12,302000,308700,302000,308000,60
2022-05-13,303500,304700,300800,304700,52
2022-05-14,305000,305000,300400,302000,39
2022-05-15,301000,306400,300800,306400,64
2022-05-16,305000,306500,304100,305600,53
2022-05-17,305500,305600,301600,301800,41
2022-05-18,301500,301500,300000,300000,29
2022-05-19,300000,301800,300000,301800,17
2022-05-20,302000,302200,301400,301500,11
2022-05-21,303000,304800,303000,303500,20
2022-05-22,305000,305300,302700,303000,45
2022-05-23,301800,303500,301700,303500,29
2022-05-24,304000,304000,301500,301500,40
2022-05-25,302000,302700,301100,302400,43
2022-05-26,304500,305100,304400,304400,20
2022-05-27,304500,308100,304500,308000,27
2022-05-28,308000,308000,305300,305500,39
2022-05-29,306000,308200,306000,308200,27
2022-05-30,308500,311200,308000,311000,31
2022-05-31,311400,312800,311000,311400,42
2022-06-01,311500,318600,311500,318500,58
2022-06-02,318000,318000,315800,316000,49
2022-06-03,316200,317000,316200,317000,13
2022-06-04,316500,316800,316500,316600,10
2022-06-05,316900,317200,316700,317000,9
2022-06-06,316000,316000,313800,315800,33
2022-06-07,315500,319800,314800,319400,42
2022-06-08,319500,321000,317800,317800,43
2022-06-09,318200,322700,318200,322200,35
2022-06-10,322000,322200,321600,322200,10
2022-06-11,323500,328600,323500,328500,45
2022-06-12,327800,332000,327800,331000,50
2022-06-13,331500,331500,328600,328600,35
2022-06-14,326500,326600,320200,320500,42
2022-06-15,320500,321700,317500,317800,46
2022-06-16,318000,322000,315900,322000,47
2022-06-17,321800,321800,320200,320500,10
2022-06-18,321500,323300,320700,320800,36
2022-06-19,320000,320000,317500,317500,15
2022-06-20,318000,318500,317300,317800,13
2022-06-21,318000,319500,316500,319500,34
2022-06-22,320500,321000,319000,321000,24
2022-06-23,321300,321300,318300,318800,22
2022-06-24,318500,318800,318500,318800,3
2022-06-25,318600,318600,317400,317800,15
2022-06-26,317800,317800,312000,312000,26
2022-06-27,310000,310000,302200,302700,41
2022-06-28,303500,307600,303500,307200,39
2022-06-29,308500,312500,307700,312500,49
2022-06-30,315500,321200,315500,321200,37
2022-07-01,320800,320800,319000,320800,19
2022-07-02,323500,328500,323500,327500,43
2022-07-03,325500,326200,317500,317500,59
2022-07-04,313000,317000,309700,317000,54
2022-07-05,315500,315800,312200,312800,37
2022-07-06,313500,313700,313300,313500,8
2022-07-07,313700,314800,313000,314800,16
2022-07-09,313300,313400,313200,313200,1
2022-07-11,313400,314000,313400,313700,1
2022-07-12,313700,314500,313500,314500,8
2022-07-13,314700,317600,314700,317500,21
2022-07-14,318300,319400,318300,319300,25
2022-07-15,320200,320800,319600,320000,9
2022-07-16,322500,323400,320500,320500,32
2022-07-17,320500,320500,318000,320000,22
2022-07-18,319500,319500,318700,319000,11
2022-07-19,318800,318800,317500,317500,19
2022-07-20,318000,318400,317500,317500,12
2022-07-21,318200,319200,317600,319200,17
2022-07-22,319500,319600,319500,319600,2
2022-07-23,320500,321800,320000,320000,21
2022-07-24,320000,320400,319500,319500,17
2022-07-25,319400,319400,318300,318300,14
2022-07-26,318700,319800,318700,319200,13
2022-07-27,319300,319800,319200,319200,12
2022-07-28,319200,319200,318600,319000,10
2022-07-29,319200,319200,319200,319200,1
2022-07-30,319200,319500,319200,319400,7
2022-07-31,319500,319500,317000,317000,14
2022-08-01,317300,317800,316800,317800,17
2022-08-02,317700,317700,316000,316000,17
2022-08-03,314500,314500,311000,312000,38
2022-08-04,312500,314700,312500,314400,27
2022-08-05,313600,314400,313600,314400,12
2022-08-06,315500,316800,315300,315600,25
2022-08-07,315500,317800,315500,317400,22
2022-08-09,318500,318500,314000,314400,32
2022-08-10,312500,312500,308700,310000,63
2022-08-11,310500,311900,310200,311800,24
2022-08-12,311600,311600,310700,310700,9
2022-08-13,309500,309500,302500,302500,43
2022-08-14,301500,304800,301000,304800,52
2022-08-15,303000,303000,299800,302000,42
2022-08-16,302500,303700,301000,301000,45
2022-08-17,299500,299500,296400,299200,38
2022-08-18,299500,299500,298000,298200,24
2022-08-19,298400,298400,298000,298100,7
2022-08-20,292000,292000,284000,284000,50
2022-08-21,282600,290200,282200,289600,67
2022-08-22,293500,298200,292400,293500,88
2022-08-23,294000,295500,290800,292500,54
2022-08-24,292200,294000,288500,293600,65
2022-08-25,293300,297300,293300,296800,40
2022-08-26,296500,299800,296500,299300,25
2022-08-27,302000,302000,297200,297800,44
2022-08-28,297500,298100,295200,295800,41
2022-08-29,295000,298000,295000,298000,38
2022-08-30,296000,299000,295500,299000,37
2022-08-31,300500,302300,299300,299500,36
2022-09-01,298500,298500,297600,297600,15
2022-09-02,299500,300800,299500,300500,15
2022-09-03,299500,300800,299500,300800,31
2022-09-04,301500,303000,301500,302300,29
2022-09-05,301500,302000,299100,301800,48
2022-09-06,302500,302800,301000,301200,33
2022-09-07,301300,302400,300800,301400,29
2022-09-08,302500,302500,302400,302500,11
2022-09-09,303500,304300,303000,304300,15
2022-09-10,305800,305800,303700,303800,22
2022-09-11,306000,309000,305800,309000,37
2022-09-12,308500,310000,307800,310000,30
2022-09-13,310000,317300,310000,315700,56
2022-09-14,314500,315000,312100,315000,52
2022-09-15,316000,317500,315700,316500,42
2022-09-16,316200,316200,315400,315400,8
2022-09-17,314500,319000,314400,319000,35
2022-09-18,319000,319000,315300,315300,46
2022-09-19,315500,317200,315200,317200,32
2022-09-20,317300,317300,316500,316500,19
2022-09-21,316500,317000,316000,317000,39
2022-09-22,317300,317300,316700,317300,9
2022-09-24,318400,318400,317000,317000,10
2022-09-25,316800,316800,316000,316000,10
2022-09-26,316600,317400,316600,316700,16
2022-09-27,316500,317200,316500,317200,15
2022-09-28,318000,318500,317800,318400,11
2022-09-29,320000,321500,319300,321500,21
2022-09-30,321800,322300,321200,321400,13
2022-10-01,323000,332300,323000,332300,49
2022-10-02,327000,332500,327000,331200,48
2022-10-03,335000,335000,331500,333500,51
2022-10-04,333200,333200,330500,330800,30
2022-10-05,330000,330000,327700,327700,27
2022-10-06,327000,329000,326500,329000,19
2022-10-07,328500,329000,328200,329000,10
2022-10-08,328500,328500,325800,325800,29
2022-10-09,326000,326200,323600,323700,32
2022-10-10,323000,326000,322200,325300,40
2022-10-11,326200,328200,326200,327000,38
2022-10-12,327000,327400,325700,326200,24
2022-10-13,328500,329800,328500,329300,20
2022-10-14,329500,329500,329000,329000,10
2022-10-15,328500,328500,327500,327500,24
2022-10-16,329800,331300,329800,330500,23
2022-10-17,329600,329600,328400,328500,29
2022-10-18,327500,328500,326800,328300,23
2022-10-19,329000,329300,327000,327000,23
2022-10-20,326500,326800,326200,326200,9
2022-10-21,326100,326500,326000,326500,5
2022-10-22,328000,328500,327600,327800,22
2022-10-23,328200,328800,327200,327200,24
2022-10-24,327000,327700,326800,327600,19
2022-10-25,328000,329000,328000,328500,20
2022-10-26,329000,330000,327900,330000,31
2022-10-27,330500,330600,330000,330000,16
2022-10-28,330400,330400,330000,330000,4
2022-10-29,330400,330500,329000,329000,14
2022-10-30,329000,330000,328700,329800,20
2022-10-31,331000,333500,331000,333500,21
2022-11-01,333500,337800,333500,337700,36
2022-11-02,338500,347000,338500,347000,56
2022-11-03,346000,350500,346000,350500,33
2022-11-04,351000,352300,350500,352300,24
2022-11-05,353800,364000,353800,360500,88
2022-11-06,358500,362500,357800,361500,52
2022-11-07,361500,368800,361500,368800,82
2022-11-08,367500,367500,360500,361000,57
2022-11-09,361500,362500,355000,355000,58
2022-11-10,353500,353500,349200,351400,47
2022-11-11,351500,353200,351500,352800,17
2022-11-12,351500,351500,349700,350800,36
2022-11-13,349500,355800,349500,354800,57
2022-11-14,354000,359300,354000,358600,55
2022-11-15,358000,361300,358000,358200,50
2022-11-16,358500,358500,355500,355500,28
2022-11-17,354500,354500,352500,352500,34
2022-11-18,353300,353800,351800,352200,20
2022-11-19,351700,354500,351700,353500,47
2022-11-20,354500,354800,353100,353100,26
2022-11-21,354000,355500,353500,353500,28
2022-11-22,353800,354800,353200,354800,31
2022-11-23,354500,354500,352400,352500,33
2022-11-24,353500,353800,352400,353000,23
2022-11-25,353200,354000,353200,353500,8
2022-11-26,353200,356500,353200,356500,31
2022-11-27,356800,360300,356800,360000,34
2022-11-28,361000,362000,360300,360500,23
2022-11-29,360500,360800,358200,359000,32
2022-11-30,359000,363500,359000,363500,38
2022-12-01,363800,363800,361500,361500,20
2022-12-02,361600,362400,361600,361800,12
2022-12-03,361500,361500,361000,361200,18
2022-12-04,361800,363300,361800,363000,28
2022-12-05,363800,364500,363000,363000,29
2022-12-06,363500,363600,361500,361800,26
2022-12-07,361500,362800,361000,362500,31
2022-12-08,363500,364600,363500,364600,21
2022-12-09,365000,366800,365000,366700,17
2022-12-10,367500,370400,367500,369900,40
2022-12-11,370500,374000,370000,374000,45
2022-12-12,374000,380300,374000,380000,60
2022-12-13,381000,385500,380200,385400,82
2022-12-14,385500,388100,379300,381700,113
2022-12-15,381500,384800,379000,384300,79
2022-12-16,385500,387800,385200,387400,24
2022-12-17,387500,395400,387500,394600,90
2022-12-18,395500,395800,391400,393400,86
2022-12-19,393000,398800,393000,398200,71
2022-12-20,397000,397700,388400,389000,105
2022-12-21,390000,397500,390000,396000,83
2022-12-22,398500,401500,397500,401500,51
2022-12-23,400000,401800,399000,401800,37
2022-12-24,402500,406200,402200,405800,78
2022-12-25,405800,411600,405800,410000,91
2022-12-26,415000,418800,412000,415200,111
2022-12-27,417000,423200,416500,423200,81
2022-12-28,427000,443500,427000,440000,138
2022-12-29,438000,442000,427500,427800,119
2022-12-30,425000,425000,414000,415500,87
2022-12-31,413500,414000,394000,399500,125
2023-01-01,399500,412700,397200,409500,115
2023-01-02,409500,411500,398000,399800,91
2023-01-03,400000,403900,394600,401000,102
2023-01-04,400000,400500,395000,397400,100
2023-01-05,395500,401100,395400,400500,35
2023-01-06,400000,403300,399700,403200,18
2023-01-07,403000,414500,402700,414500,82
2023-01-08,418500,419000,408700,410000,96
2023-01-09,413000,413000,404200,409000,106
2023-01-10,408500,411800,407900,408500,54
2023-01-11,408000,411800,408000,411500,29
2023-01-12,411800,412400,411500,411500,17
2023-01-13,411200,411400,409200,409300,21
2023-01-14,409500,409700,408000,408500,48
2023-01-15,408500,410000,408400,409500,19
2023-01-16,410300,413000,409500,413000,27
2023-01-17,415500,419500,415000,419500,48
2023-01-18,420500,432000,420500,429800,76
2023-01-19,428500,430600,426000,428500,45
2023-01-20,430000,430800,430000,430800,4
2023-01-21,430500,449800,430500,449800,63
2023-01-22,450500,454200,446400,448500,70
2023-01-23,446200,451000,445200,447800,92
2023-01-24,447000,448200,430300,430500,80
2023-01-25,428000,441300,428000,436500,106
2023-01-26,440000,446700,440000,444500,72
2023-01-27,446500,451000,446500,449000,46
2023-01-28,446000,446000,437500,438500,84
2023-01-29,438000,449200,437600,448500,84
2023-01-30,448500,450000,444000,445500,57
2023-01-31,445000,447100,444500,446800,33
2023-02-01,446000,448000,445700,446700,31
2023-02-02,448500,450300,448500,449800,24
2023-02-03,449500,449500,448900,448900,8
2023-02-04,448500,449600,448300,448500,12
2023-02-05,448500,448500,445000,447500,46
2023-02-06,448000,449500,446000,446200,36
2023-02-07,446000,447300,442500,443000,38
2023-02-08,443500,446500,442700,446500,41
2023-02-09,449500,451400,449300,451400,30
2023-02-10,451000,451400,450000,451400,7
2023-02-11,451000,453000,449800,453000,23
2023-02-12,455000,460300,454800,459200,47
2023-02-13,456500,458000,456000,457000,40
2023-02-14,457500,462500,457500,462500,37
2023-02-15,462500,472800,462500,472600,60
2023-02-16,475000,477300,474200,475500,28
2023-02-17,475500,478300,475400,478300,14
2023-02-18,480500,480500,475000,476500,73
2023-02-19,481000,494000,481000,494000,93
2023-02-20,496500,501500,493000,498500,83
2023-02-21,492000,500800,492000,500000,92
2023-02-22,508000,514800,504500,512500,93
2023-02-23,515000,526000,512300,525000,95
2023-02-24,527000,542500,527000,542000,49
2023-02-25,540000,577000,537800,573000,131
2023-02-26,580000,600500,556000,574500,201
2023-02-27,568000,587000,566800,584500,124
2023-02-28,582000,583500,553500,556500,111
2023-03-01,550000,552700,525500,536500,182
2023-03-02,538500,542000,532500,542000,85
2023-03-03,541500,548000,541500,542700,36
2023-03-04,541200,550500,537500,537500,91
2023-03-05,538000,540500,505500,506000,135
2023-03-06,513000,513500,484000,491000,140
2023-03-07,495000,514500,486000,513000,120
2023-03-08,509000,516500,504000,506000,89
2023-03-09,506000,506000,497000,498000,77
2023-03-10,496000,496000,474000,476500,90
2023-03-11,468500,470000,438000,438500,203
2023-03-12,440500,461000,424000,437000,105
2023-03-13,451000,457500,447500,453000,71
2023-03-14,460000,474500,460000,474500,35
2023-03-15,475000,475000,458000,461500,97
2023-03-16,461000,466500,459500,465000,28
2023-03-17,470000,473200,470000,471000,15
2023-03-18,469500,473500,469000,470000,33
2023-03-19,477000,481000,477000,481000,7
2023-03-20,490000,495000,490000,495000,2
2023-03-25,510000,518500,507000,507000,47
2023-03-26,507500,510500,506500,508500,30
2023-03-27,515000,517000,510500,511000,39
2023-03-28,512500,524000,511800,524000,46
2023-03-29,532000,538500,529500,538000,48
2023-03-30,548000,550000,545500,549500,23
2023-03-31,545500,545500,544500,544500,5
2023-04-01,546000,548500,539000,539000,45
2023-04-02,538500,538500,528200,533500,51
2023-04-03,535000,539500,512500,512500,72
2023-04-04,508000,511000,499000,511000,57
2023-04-05,514000,515500,503500,503500,43
2023-04-06,505000,508000,500500,508000,24
2023-04-07,505500,505500,505000,505000,2
2023-04-08,510000,514000,507000,510000,69
2023-04-09,512000,512000,503000,503000,25
2023-04-10,501500,506500,497000,504000,41
2023-04-11,508000,514000,507000,508500,47
2023-04-12,510000,513000,509000,510000,32
2023-04-13,511500,511500,507500,507500,24
2023-04-14,508000,509500,508000,509500,4
2023-04-15,511500,513500,508500,509500,31
2023-04-16,506500,514000,504200,513000,38
2023-04-17,512500,519000,512500,513500,45
2023-04-18,513500,517500,511500,517000,29
2023-04-19,519000,519300,517000,517000,13
2023-04-20,516500,517000,514000,514000,9
2023-04-21,516500,516500,516500,516500,1
2023-04-22,517000,517500,517000,517500,2
2023-04-23,518000,518000,517500,517500,2
2023-04-24,518000,518000,514500,516000,3
2023-04-25,516500,517000,516500,516500,11
2023-04-26,517000,523500,517000,523000,40
2023-04-27,523000,535000,523000,535000,28
2023-04-28,536500,537500,536500,537000,4
2023-04-29,542000,548500,542000,546700,32
2023-04-30,545000,549000,545000,548500,23
2023-05-01,552000,558000,552000,557000,29
2023-05-02,556500,556500,544500,544500,45
2023-05-03,544500,544500,539000,540500,41
2023-05-04,544000,544800,540600,540700,26
2023-05-05,541000,541400,541000,541000,3
2023-05-06,541500,541800,531500,531500,34
2023-05-07,532500,532500,526500,526500,42
2023-05-08,527000,536000,527000,535700,34
2023-05-09,533500,535800,531500,532000,40
2023-05-10,532000,532500,525500,530000,44
2023-05-11,530000,531500,529500,530500,34
2023-05-12,530000,530000,526500,526500,11
2023-05-13,522000,522500,519500,522500,36
2023-05-14,524000,525000,513500,513500,48
2023-05-15,515000,521200,514600,520500,37
2023-05-16,519500,520000,516500,516500,42
2023-05-17,516500,516500,511000,512000,36
2023-05-18,512500,514500,510700,514000,24
2023-05-19,515500,515500,513000,513000,11
2023-05-20,514000,515300,510000,514000,34
2023-05-21,514500,522000,514500,518000,42
2023-05-22,521000,525700,521000,523300,37
2023-05-23,524000,525500,521500,522000,31
2023-05-24,522500,523000,515200,515500,37
2023-05-25,514500,516300,514500,516300,18
2023-05-26,515500,516500,515300,516500,8
2023-05-27,517000,520500,517000,519700,28
2023-05-28,519500,519700,514600,514800,29
2023-05-29,513500,519000,512500,517500,40
2023-05-30,515000,515300,513300,513800,31
2023-05-31,509500,511000,508700,509000,35
2023-06-01,512500,514300,512000,513000,31
2023-06-02,513000,513500,512500,512500,7
2023-06-03,512000,512000,506500,506500,26
2023-06-04,507000,509200,506200,508800,24
2023-06-05,510000,512300,508200,510800,30
2023-06-06,510000,511200,507500,508500,22
2023-06-07,508500,508500,497300,497500,47
2023-06-08,497500,498200,491500,493400,33
2023-06-09,496500,496500,496000,496000,9
2023-06-10,496800,497100,493200,493500,30
2023-06-11,491000,491800,469000,471000,71
2023-06-12,471500,482500,471000,481500,62
2023-06-13,483000,500000,483000,497500,87
2023-06-14,495000,498800,485500,488500,66
2023-06-15,485000,488200,485000,487700,23
2023-06-16,488000,494000,488000,494000,15
2023-06-17,494000,499500,492000,493800,58
2023-06-18,493500,496000,492200,492500,37
2023-06-19,492500,492500,485700,487500,35
2023-06-20,486500,490000,485800,488200,27
2023-06-21,488000,488500,486000,487500,43
2023-06-22,486500,497200,486000,493500,42
2023-06-23,495000,495000,494000,494000,5
2023-06-24,502000,512500,498300,508500,62
2023-06-25,507000,507000,499500,499500,27
2023-06-26,499500,499500,496000,498000,25
2023-06-27,495000,496000,493500,493500,24
2023-06-28,492300,493500,492300,493500,4
2023-06-29,497000,497000,497000,497000,2
2023-07-01,499000,499500,497000,498000,37
2023-07-02,500000,501200,499500,500500,16
2023-07-03,502000,504000,502000,502500,16
2023-07-04,502000,502700,499500,502000,36
2023-07-05,500000,503500,500000,503500,27
2023-07-06,504000,508500,504000,506500,24
2023-07-07,505000,505000,503500,503500,8
2023-07-08,504000,505000,498500,498500,33
2023-07-09,497500,500300,495500,499500,36
2023-07-10,499300,499300,497000,497500,25
2023-07-11,495000,495000,490800,491500,31
2023-07-12,491500,493200,490000,492500,25
2023-07-13,492500,492800,492000,492800,12
2023-07-14,492500,492800,492500,492800,2
2023-07-15,492000,493500,488300,488500,28
2023-07-16,488000,488200,483500,485000,33
2023-07-17,485000,488500,484000,488300,39
2023-07-18,489500,490500,488000,488300,22
2023-07-19,488500,488500,485000,485000,20
2023-07-20,485000,487200,483000,486500,28
2023-07-21,486500,486500,486200,486500,5
2023-07-22,487500,487800,484600,486200,19
2023-07-23,485500,485500,482000,483100,27
2023-07-24,481500,486000,480500,485500,26
2023-07-25,485500,489000,484300,489000,28
2023-07-26,491000,491300,489000,489000,21
2023-07-29,490500,491400,489000,490500,20
2023-07-30,491000,491500,487600,488200,23
2023-07-31,487500,493500,487500,493500,27
2023-08-01,496500,503000,496500,502500,28
2023-08-02,501500,501500,500000,500800,18
2023-08-03,500000,502200,499500,502000,19
2023-08-04,501600,501800,499500,499500,8
2023-08-05,499500,499500,494000,494000,29
2023-08-06,497000,497500,494800,497000,32
2023-08-07,496800,497000,495500,495500,19
2023-08-08,495000,495000,493000,493300,24
2023-08-09,493500,496000,493000,495500,21
2023-08-10,496000,496500,491000,491500,27
2023-08-11,488500,488500,485400,486500,21
2023-08-12,484000,487200,483800,487200,35
2023-08-13,490000,492500,489300,491800,35
2023-08-14,491500,493800,491500,492800,28
2023-08-15,492500,493200,491200,492800,24
2023-08-16,494000,494300,489200,489200,35
2023-08-17,489000,489300,487800,489200,19
2023-08-18,489300,490200,489300,490200,6
2023-08-19,490000,490200,487800,488800,27
2023-08-20,488500,489500,487500,487500,24
2023-08-21,487500,487700,486500,487000,20
2023-08-22,490000,493300,490000,493000,24
2023-08-23,493000,493000,490500,490500,23
2023-08-24,491500,491700,489700,491000,24
2023-08-25,491000,491800,491000,491200,7
2023-08-26,490500,491000,488800,489300,46
2023-08-27,489500,492500,488800,491500,37
2023-08-28,490500,491000,489700,490300,23
2023-08-29,491500,491500,490400,491000,24
2023-08-30,491000,492500,491000,491200,18
2023-08-31,491000,491000,489500,490500,22
2023-09-01,490000,490300,490000,490200,3
2023-09-02,490500,494500,489800,494500,32
2023-09-03,496500,498300,496400,496500,31
2023-09-04,496000,497800,495700,496000,27
2023-09-05,496500,497500,496200,496300,24
2023-09-06,496000,496000,495200,495200,14
2023-09-07,495500,496400,494800,496300,20
2023-09-08,496500,497500,496500,497500,8
2023-09-09,499000,500000,497200,497700,23
2023-09-10,497800,497800,496500,496600,26
2023-09-11,496800,498200,496000,496000,24
2023-09-12,494500,497300,494500,496500,30
2023-09-13,499500,500200,497300,499200,31
2023-09-14,498500,498700,496500,496500,16
2023-09-15,497500,498000,497400,498000,6
2023-09-16,498200,498200,496900,497500,16
2023-09-17,497000,497500,496100,496100,19
2023-09-18,496000,496100,494000,495500,29
2023-09-19,495000,496500,494500,495800,20
2023-09-20,495300,495400,490600,491000,25
2023-09-21,491500,494200,491500,494000,25
2023-09-22,494200,494200,493800,493800,5
2023-09-23,494300,494500,493200,493300,20
2023-09-24,493200,494300,493200,493800,14
2023-09-25,493800,495300,493800,495000,25
2023-09-26,494000,494200,493600,493600,15
2023-09-27,493000,494600,492300,494600,16
2023-09-28,495500,497600,495500,497300,19
2023-09-29,497000,497000,496500,496500,4
2023-09-30,496500,497300,495800,495800,24
2023-10-01,495500,496800,495500,495500,18
2023-10-02,497300,497300,495800,496300,20
2023-10-03,496200,496600,495800,496000,14
2023-10-04,495500,496500,495500,496300,16
2023-10-05,496800,499800,496800,499800,19
2023-10-06,499500,499500,499200,499200,5
2023-10-07,500000,506800,500000,506800,33
2023-10-08,513000,525000,513000,524500,57
2023-10-09,530000,536500,527000,529500,49
2023-10-10,530000,531200,520500,522500,53
2023-10-11,521000,521000,516500,516500,14
2023-10-12,516500,517000,514000,515500,14
2023-10-13,515000,515000,513000,513000,5
2023-10-14,514500,514500,509500,510000,16
2023-10-15,510000,510000,508400,508500,13
2023-10-16,506500,506500,502800,503300,15
2023-10-17,503500,510000,503500,510000,21
2023-10-18,513000,514500,513000,513000,17
2023-10-19,513500,513500,511800,511800,11
2023-10-20,510000,510000,509500,509500,4
2023-10-21,508000,508000,502000,502000,29
2023-10-22,501500,506500,500500,506200,24
2023-10-23,511500,512000,506500,507500,29
2023-10-24,507500,509000,506000,508000,19
2023-10-25,508500,512000,508500,511500,24
2023-10-26,511500,517000,511500,517000,16
2023-10-27,516500,517500,516500,517000,6
2023-10-28,519000,522200,519000,521500,30
2023-10-29,520000,520000,513500,513500,27
2023-10-30,511500,515500,511000,515500,32
2023-10-31,516500,517500,515800,515800,22
2023-11-01,515000,517500,513800,517500,33
2023-11-02,518000,521700,518000,521500,19
2023-11-03,521500,521600,520000,520000,8
2023-11-04,518500,518500,510500,511200,30
2023-11-05,513500,515500,512800,513000,22
2023-11-06,514000,514000,512500,513500,21
2023-11-07,513500,513500,511500,511500,23
2023-11-08,511500,514200,510300,511500,31
2023-11-09,513500,514000,513500,513800,15
2023-11-10,513000,513000,512500,512500,4
2023-11-11,513500,515500,513300,513300,17
2023-11-12,514500,514500,512700,513500,18
2023-11-13,513500,513600,511500,511500,14
2023-11-14,511000,511800,509800,510700,22
2023-11-15,511000,511000,508500,508500,18
2023-11-16,509500,509500,508300,508800,15
2023-11-17,508500,508500,507800,508000,6
2023-11-18,506000,506300,505500,506300,10
2023-11-19,506500,506500,501500,501500,22
2023-11-20,501500,503500,500800,503300,17
2023-11-21,505000,505000,501200,501700,19
2023-11-22,503500,503500,501200,501500,13
2023-11-23,502000,503300,501200,503000,18
2023-11-24,503500,503500,503300,503500,4
2023-11-25,503500,505500,503500,504200,19
2023-11-26,505000,505000,502000,502500,16
2023-11-27,502500,504000,502200,503000,10
2023-11-28,502500,503000,502000,502000,13
2023-11-29,501500,505000,501500,504700,16
2023-11-30,505500,506300,505000,505000,14
2023-12-01,505000,505000,504500,504500,7
2023-12-02,503000,504500,503000,504200,13
2023-12-03,504400,505000,503800,504500,15
2023-12-04,504500,505500,504300,505500,21
2023-12-05,504500,504500,503200,503500,14
2023-12-06,503500,503500,501400,503000,18
2023-12-07,503500,503800,502500,502500,17
2023-12-08,502500,502800,502500,502800,5
2023-12-09,503500,504500,503200,504000,14
2023-12-10,504000,504800,503200,503200,15
2023-12-11,504000,504500,504000,504500,17
2023-12-12,504500,504800,503500,503500,17
2023-12-13,503500,503800,503300,503600,13
2023-12-14,503800,504000,503500,503700,8
2023-12-15,503600,503800,503600,503800,3
2023-12-16,504000,504200,503000,503000,13
2023-12-17,503500,503700,503500,503500,8
2023-12-18,503000,503000,501500,501800,14
2023-12-19,500500,500500,499800,500000,11
2023-12-20,499500,499500,497000,497500,16
2023-12-21,499000,499800,498800,499200,9
2023-12-22,499500,499500,499400,499400,2
2023-12-23,501500,502500,501100,501100,19
2023-12-24,501000,501000,498600,498800,15
2023-12-25,499000,500500,498000,500500,14
2023-12-26,501500,501500,499500,499500,15
2023-12-27,499500,501300,499500,501000,19
2023-12-28,501000,501200,500500,501000,11
2023-12-29,501000,502800,501000,502800,14
2023-12-30,503500,506200,503500,505500,19
2023-12-31,504500,505000,504200,505000,18
2024-01-01,505500,505500,504400,505500,17
2024-01-02,505000,505500,504500,505500,13
2024-01-03,505500,508000,505200,507700,20
2024-01-04,510000,514000,510000,512500,26
2024-01-05,511500,511500,511000,511500,6
2024-01-06,512500,512500,508500,509300,19
2024-01-07,508500,509500,508200,509200,16
2024-01-08,509000,509500,508700,509300,13
2024-01-09,510000,514500,510000,514000,29
2024-01-10,515000,519000,515000,519000,27
2024-01-11,520500,520500,513000,514500,31
2024-01-12,517500,519000,517500,519000,7
2024-01-13,516500,523800,516500,523500,40
2024-01-14,528000,530000,519500,520500,48
2024-01-15,521000,525000,521000,525000,27
2024-01-16,526000,529000,526000,529000,35
2024-01-17,529000,537000,529000,537000,42
2024-01-18,535000,542000,534000,540500,48
2024-01-19,540000,540300,538000,538000,12
2024-01-20,536500,541500,536000,541500,28
2024-01-21,540500,541500,537800,538500,45
2024-01-22,536000,541300,536000,539800,44
2024-01-23,540500,549300,540500,548500,39
2024-01-24,549000,555500,549000,554300,52
2024-01-25,558500,562000,550500,551000,30
2024-01-26,551500,552500,551000,552500,7
2024-01-27,553000,561700,553000,559200,39
2024-01-28,558500,560500,554500,560500,45
2024-01-29,567000,582300,567000,582000,65
2024-01-30,588000,592000,572500,583500,115
2024-01-31,581500,585500,580800,585000,57
2024-02-01,585500,588000,577500,579000,43
2024-02-02,577000,581500,577000,580500,18
2024-02-03,581500,581500,563500,564000,49
2024-02-04,562500,562500,550500,551000,48
2024-02-05,551500,553000,544500,553000,52
2024-02-06,551000,558000,550800,552500,52
2024-02-07,553500,559000,552500,559000,35
2024-02-08,556800,557000,556000,557000,15
2024-02-09,555500,555500,552800,552800,9
2024-02-10,550500,550500,548800,549500,22
2024-02-11,549500,552000,549500,551500,18
2024-02-12,551500,554500,551300,551500,30
2024-02-13,551500,555200,551500,555200,36
2024-02-14,556500,556500,554000,556000,25
2024-02-15,556500,560200,556500,559500,24
2024-02-16,560000,562000,560000,562000,6
2024-02-17,561500,565000,559500,565000,32
2024-02-18,565500,571500,565500,569500,22
2024-02-19,569500,571500,569000,570000,16
2024-02-20,569500,569500,563200,564700,30
2024-02-21,566500,571000,566500,569800,22
2024-02-22,570500,573300,570200,572000,18
2024-02-23,571500,572000,571500,572000,4
2024-02-24,573000,574000,572200,572400,20
2024-02-25,573000,575300,572300,575000,19
2024-02-26,575000,580000,575000,580000,18
2024-02-27,580000,586200,580000,586000,25
2024-02-28,587500,588000,579500,581500,41
2024-02-29,583000,584800,583000,584800,20
2024-03-01,589500,592500,589500,592500,15
2024-03-02,594000,600500,592000,593000,55
2024-03-03,591000,595500,591000,595500,43
2024-03-04,598500,605000,598300,603000,53
2024-03-05,603500,610500,603500,609200,47
2024-03-06,606500,608800,604000,605300,35
2024-03-07,605500,610000,605500,609000,25
2024-03-08,608500,608800,608400,608800,4
2024-03-09,608500,609000,603000,603000,32
2024-03-10,600000,600000,592500,593500,35
2024-03-11,593300,599800,592800,599000,25
2024-03-12,596500,599500,595800,597000,25
2024-03-13,595500,596000,592500,596000,29
2024-03-14,592800,595000,592800,594000,16
2024-03-15,594500,595500,594500,595500,4
2024-03-16,593500,601000,593200,600500,29
2024-03-17,603000,603000,600000,600000,14
2024-03-18,603500,604500,603000,604500,9
2024-03-19,610000,612000,609500,612000,7
2024-03-24,618500,618700,618000,618000,13
2024-03-25,616500,616500,612200,612200,24
2024-03-26,612300,612300,608000,608000,22
2024-03-27,610500,613900,610000,613200,31
2024-03-28,616500,617000,616000,616500,12
2024-03-29,618000,618000,618000,618000,2
2024-03-30,617900,618000,614000,614000,14
2024-03-31,616500,618200,616000,617500,17
2024-04-01,617300,623500,617000,623500,21
2024-04-02,628500,632500,628500,631000,38
2024-04-03,628500,636000,628500,636000,27
2024-04-04,638800,645500,637500,644000,40
2024-04-05,642500,643000,639000,642500,16
2024-04-06,647000,655000,645800,655000,46
2024-04-07,655000,655000,640500,641000,36
2024-04-08,640000,640000,635000,635000,15
2024-04-09,634000,640500,634000,640500,17
2024-04-10,643500,648000,643500,648000,6
2024-04-11,646500,646500,645000,645000,2
2024-04-13,655500,666000,655500,664000,31
2024-04-14,697000,699000,674000,676500,31
2024-04-15,678500,678500,663000,668000,44
2024-04-16,660000,660000,657300,658000,30
2024-04-17,658000,665500,658000,664500,29
2024-04-18,664500,669200,664000,669000,22
2024-04-19,665000,665000,664000,664000,5
2024-04-20,663500,663500,651000,651700,29
2024-04-21,647500,651000,645500,649500,38
2024-04-22,650500,651500,648000,651500,23
2024-04-23,650500,651300,647500,648500,20
2024-04-24,650000,650000,640000,641500,32
2024-04-25,640000,640000,634500,634500,23
2024-04-26,632500,632500,632500,632500,1
2024-04-27,628000,629500,615500,616500,57
2024-04-28,613500,613500,605000,606500,48
2024-04-29,605000,620000,605000,618500,53
2024-04-30,619000,629500,618500,626500,52
2024-05-01,624500,624500,617500,619000,45
2024-05-02,617500,620000,616000,616000,24
2024-05-03,613500,614000,612500,612500,10
2024-05-04,612500,615000,609500,613000,35
2024-05-05,610500,611700,605500,606500,31
2024-05-06,608000,614000,608000,610500,36
2024-05-07,612500,615000,612500,613500,28
2024-05-08,614000,614000,610000,611500,23
2024-05-09,612500,614000,612500,612500,18
2024-05-10,611500,611500,611200,611200,2
2024-05-11,610500,610500,607500,607500,21
2024-05-12,606000,606500,601300,601800,30
2024-05-13,603500,603700,596000,596000,35
2024-05-14,593500,595000,591400,592500,30
2024-05-15,592500,593500,589000,589000,23
2024-05-16,585500,585500,584000,584000,22
2024-05-17,583500,583800,583500,583800,3
2024-05-18,576000,576000,569000,569000,33
2024-05-19,568500,602000,568500,600000,96
2024-05-20,582500,582500,574000,574000,29
2024-05-21,570500,577500,569000,577000,31
2024-05-22,573500,573500,571500,573200,10
2024-05-23,576500,582500,576500,582500,30
2024-05-24,580000,580000,578800,579000,6
2024-05-25,578000,579500,573000,574000,29
2024-05-26,574500,576500,573500,575800,27
2024-05-27,576500,585500,576000,584500,40
2024-05-28,584500,592000,584500,586500,40
2024-05-29,588000,589500,580500,582000,45
2024-05-30,586500,591000,586500,591000,34
2024-05-31,591000,591500,590000,590000,9
2024-06-01,589000,589000,587500,588000,17
2024-06-02,588500,597300,588500,596500,40
2024-06-03,595000,595000,589000,589500,23
2024-06-04,588500,588500,585000,586500,18
2024-06-05,587500,590500,586800,586800,37
2024-06-06,587000,588000,586800,587000,43
2024-06-07,587000,587500,586500,587300,24
2024-06-08,592000,594500,592000,592500,82
2024-06-09,592000,593500,589500,589700,159
2024-06-10,588500,590000,587500,589500,148
2024-06-11,591500,593000,589500,590500,144
2024-06-12,590000,590500,587500,589000,143
2024-06-13,590500,591500,589500,591000,72
2024-06-14,590500,590500,590000,590500,7
2024-06-15,589000,590000,588000,588000,50
2024-06-16,588500,589500,587500,589000,26
2024-06-17,590500,593500,590500,593500,53
2024-06-18,593500,595500,593500,594000,57
2024-06-19,593500,594500,592500,592800,52
2024-06-20,593000,594500,592000,594500,52
2024-06-21,594500,595500,594000,594500,31
2024-06-22,594000,594000,591500,593500,111
2024-06-23,594500,601500,594500,600800,185
2024-06-24,605000,611500,605000,611500,223
2024-06-25,611000,611500,609000,609500,149
2024-06-26,608000,608000,604500,607500,190
2024-06-27,610500,614500,610500,611800,156
2024-06-28,611500,613000,611200,612500,37
2024-06-29,613000,618500,612500,618500,192
2024-06-30,620000,622500,619500,620300,233
2024-07-01,619500,620500,618500,619000,165
2024-07-02,619500,620500,612500,613000,226
2024-07-03,610000,611500,605000,608800,229
2024-07-04,610500,616500,610500,615500,174
2024-07-05,616500,617000,612500,612800,85
2024-07-06,600000,605500,596500,602500,292
2024-07-07,604000,606000,601000,601200,218
2024-07-08,599500,601500,597000,597000,191
2024-07-09,597000,597500,591000,591200,204
2024-07-10,589500,591000,585000,585500,223
2024-07-11,585000,585500,582000,583000,166
2024-07-12,584000,584500,580500,580900,83
2024-07-13,581500,582000,579000,581500,200
2024-07-14,581500,582500,580000,581500,160
2024-07-15,583500,588000,581000,581500,160
2024-07-17,579000,579500,574000,574800,212
2024-07-18,574500,575000,571700,574500,139
2024-07-19,573000,573500,572500,573000,28
2024-07-20,574500,579000,573500,579000,195
2024-07-21,578500,579000,575000,578500,175
2024-07-22,578000,578500,574000,578000,176
2024-07-23,579000,583500,579000,583000,168
2024-07-24,582500,585000,582000,582500,184
2024-07-25,586500,589000,586500,588000,133
2024-07-26,586500,587500,586500,587300,25
2024-07-27,587500,588000,585500,587500,185
2024-07-28,587500,592000,587500,587500,158
2024-07-29,588000,593500,588000,588500,168
2024-07-30,592000,597000,592000,596500,159
2024-07-31,608000,608000,602000,603000,240
2024-08-01,605500,611000,605000,610500,179
2024-08-02,615000,617000,615000,617000,47
2024-08-03,615500,620000,615000,619000,286
2024-08-04,616000,616000,611500,611500,239
2024-08-05,618000,620500,615500,616000,216
2024-08-06,618500,620500,613000,613500,161
2024-08-07,612500,620000,612000,619500,198
2024-08-08,613500,617500,613000,614000,171
2024-08-09,609500,609500,608000,608500,39
2024-08-10,607000,607000,601000,602000,199
2024-08-11,599500,600000,596000,597500,179
2024-08-12,599500,605000,599500,602500,180
2024-08-13,601500,601500,598500,598500,137
2024-08-14,596000,597000,591500,592000,139
2024-08-15,590500,593000,588500,590000,153
2024-08-16,590500,591000,587000,587500,52
2024-08-17,585500,586500,579000,580000,182
2024-08-18,579000,584000,578000,582000,180
2024-08-19,584000,589000,583500,584000,214
2024-08-20,588000,588500,583000,584500,168
2024-08-21,584000,589000,582500,585500,185
2024-08-22,586500,589500,586500,589500,151
2024-08-23,587000,587500,586000,586000,32
2024-08-24,585500,587500,584500,587500,144
2024-08-25,590500,595000,590500,595000,160
2024-08-26,598500,600500,596000,597000,151
2024-08-27,595500,595500,592500,593000,143
2024-08-28,595500,599500,595500,599000,140
2024-08-29,599000,599500,597500,599000,131
2024-08-30,599500,601500,599500,601500,38
2024-08-31,601000,601500,598300,598500,156
2024-09-01,599000,604200,599000,604200,188
2024-09-02,606000,607500,602700,603000,146
2024-09-03,601500,603500,601000,601500,149
2024-09-04,602000,603000,600500,601000,109
2024-09-05,600500,601500,599500,600500,96
2024-09-06,599500,600500,599500,600500,34
2024-09-07,600000,600500,596500,597000,130
2024-09-08,597000,598800,597000,597500,135
2024-09-09,599000,601500,598000,599500,186
2024-09-10,596500,598000,595500,596500,141
2024-09-11,597000,599000,596500,597000,142
2024-09-12,597500,597500,596000,597500,95
2024-09-13,596000,596000,595000,596000,32
2024-09-14,595000,596000,594000,595000,129
2024-09-15,594300,594500,591500,594500,135
2024-09-16,592500,594000,592000,592500,125
2024-09-17,595000,599000,595000,598000,149
2024-09-18,597500,598000,594500,594500,133
2024-09-19,593500,595000,593500,593500,106
2024-09-20,596000,596000,595000,595000,26
2024-09-21,596000,596500,594500,594500,123
2024-09-22,593000,595500,592500,595300,119
2024-09-23,596500,601500,596500,601500,144
2024-09-24,602000,608000,602000,606000,197
2024-09-25,605500,606000,601000,602300,168
2024-09-26,604000,606500,604000,606300,101
2024-09-27,603500,604000,603000,604000,28
2024-09-28,608500,615500,608500,611000,267
2024-09-29,610500,610500,606500,610500,172
2024-09-30,609500,612500,608500,612500,137
2024-10-01,613500,631500,613500,629000,244
2024-10-02,627000,630500,622500,629000,254
2024-10-03,632000,639000,632000,636000,201
2024-10-04,630000,630000,626000,627000,45
2024-10-05,624000,629000,623000,629000,292
2024-10-06,629000,639500,629000,639000,251
2024-10-07,635000,635000,631500,632000,236
2024-10-08,630500,632500,628500,628500,170
2024-10-09,631000,634500,631000,634000,143
2024-10-10,638000,640500,637000,640200,141
2024-10-11,637500,638000,635000,635000,36
2024-10-12,632000,632000,626000,626500,166
2024-10-13,628500,632000,628500,631800,205
2024-10-14,631300,636500,631300,634000,168
2024-10-15,632000,632000,629000,630000,155
2024-10-16,634000,636500,634000,635000,137
2024-10-17,638000,640500,638000,638000,145
2024-10-18,636000,637000,635500,636700,52
2024-10-19,637500,640500,636500,639000,159
2024-10-20,643500,644500,641000,643500,180
2024-10-21,645000,649000,644500,648800,174
2024-10-22,651000,664000,651000,664000,243
2024-10-23,668000,684000,665000,682500,420
2024-10-24,684500,688500,680500,683000,266
2024-10-25,684500,689000,684500,689000,102
2024-10-26,665000,665000,655000,657000,268
2024-10-27,665000,668500,663500,665000,273
2024-10-28,668000,676500,668000,675500,281
2024-10-29,683500,688500,683500,686000,187
2024-10-30,692500,696500,689500,689800,298
2024-10-31,686500,688000,682500,683500,258
2024-11-01,686000,686500,685500,686000,51
2024-11-02,687500,696500,686500,695800,253
2024-11-03,698000,705000,694000,696000,292
2024-11-04,693000,693500,688500,691000,219
2024-11-05,688000,690500,686000,689000,212
2024-11-06,705000,706000,698000,698000,285
2024-11-07,692000,694000,691000,694000,164
2024-11-08,694000,696500,693500,696500,41
2024-11-09,694500,695000,692500,692500,223
2024-11-10,691500,693500,682500,683200,239
2024-11-11,675000,676500,669500,669500,212
2024-11-12,674500,681000,674000,680500,270
2024-11-13,688000,688500,683300,683300,179
2024-11-14,680000,685500,680000,685000,166
2024-11-15,685300,685500,684000,684500,34
2024-11-16,684500,686500,683000,683800,133
2024-11-17,688000,688500,683500,683500,135
2024-11-18,684000,685500,683500,684500,153
2024-11-19,684500,691500,684500,691500,222
2024-11-20,693500,695500,690500,691800,193
2024-11-21,693500,695000,692500,693500,153
2024-11-22,694000,698000,694000,698000,81
2024-11-23,703000,705000,701500,703000,184
2024-11-24,702000,702500,687000,689000,275
2024-11-25,687000,694500,687000,693500,190
2024-11-26,696000,699500,695000,696000,196
2024-11-27,698000,699500,697000,699500,163
2024-11-28,698500,703500,698500,702000,163
2024-11-29,704000,706000,704000,706000,58
2024-11-30,707000,712000,706500,707000,235
2024-12-01,708500,708800,700500,702500,323
2024-12-02,705500,710500,705500,708500,225
2024-12-03,713500,714500,711000,714500,188
2024-12-04,713500,717500,713500,717500,187
2024-12-05,718500,719500,715300,715500,144
2024-12-06,715500,716500,714500,714800,51
2024-12-07,717500,718500,714000,717500,192
2024-12-08,717000,725000,717000,721500,249
2024-12-09,722000,726000,721000,722000,214
2024-12-10,726000,727500,724500,726000,240
2024-12-11,730000,735500,730000,735500,167
2024-12-12,737000,737500,731000,733500,172
2024-12-13,736500,740000,736000,739500,65
2024-12-14,742000,751500,742000,751500,222
2024-12-15,751000,753500,748500,748500,211
2024-12-16,752000,763000,752000,763000,219
2024-12-17,767500,772500,766500,768000,308
2024-12-18,773500,777000,771500,773000,281
2024-12-19,772500,774000,768000,770500,212
2024-12-20,770500,770500,768200,768500,107
2024-12-21,769000,770000,762500,763000,272
2024-12-22,757000,765000,754500,763500,300
2024-12-23,769000,783000,769000,782500,328
2024-12-24,785500,790500,782000,788000,379
2024-12-25,790000,790500,780000,788000,482
2024-12-26,789000,799000,788500,797500,218
2024-12-27,799500,803500,799500,803500,65
2024-12-28,809000,817000,809000,817000,359
2024-12-29,816500,820000,798500,800000,346
2024-12-30,804500,820500,799000,820500,385
2024-12-31,814500,819000,811000,817000,274
2025-01-01,815500,818500,814000,817000,199
2025-01-02,811000,812500,808000,808500,205
2025-01-03,805000,805000,803000,803500,42
2025-01-04,801000,803500,796000,803000,381
2025-01-05,804500,805000,797500,798000,323
2025-01-06,795000,802000,794000,802000,252
2025-01-07,803500,807500,799000,803500,307
2025-01-08,803500,811500,801500,807500,266
2025-01-09,813000,819000,813000,818000,200
2025-01-10,820500,822500,820500,822000,44
2025-01-11,824000,825000,821000,821000,196
2025-01-12,820500,820500,810000,810500,225
2025-01-13,812000,820000,812000,815500,241
2025-01-14,816000,818500,816000,817500,209
2025-01-15,816000,816500,807000,807500,190
2025-01-16,803500,806000,803000,805300,148
2025-01-17,801500,801500,799500,800000,55
2025-01-18,803000,810500,802500,810500,207
2025-01-19,811500,813000,810000,811500,151
2025-01-20,812500,816000,810500,813000,274
2025-01-21,820500,828000,820500,828000,173
2025-01-22,828500,832000,826500,828500,228
2025-01-23,834500,843500,834500,840500,258
2025-01-24,835000,835000,832500,833500,48
2025-01-25,834500,840000,834500,839500,246
2025-01-26,840500,843500,839000,842500,197
2025-01-27,841500,845000,839000,843500,229
2025-01-28,842500,847000,842000,844000,168
2025-01-29,840500,841500,835000,836000,245
2025-01-30,836000,839500,834500,839500,169
2025-01-31,839000,839500,838000,838500,40
2025-02-01,839000,843000,839000,842800,201
2025-02-02,844000,849000,843500,844000,198
2025-02-03,847500,848000,840500,842200,222
2025-02-04,841500,850500,841500,849500,229
2025-02-05,850500,858500,850500,857500,236
2025-02-06,856500,861000,856500,861000,238
2025-02-07,861000,870500,860500,869000,50
2025-02-08,885000,898500,882000,896500,351
2025-02-09,901000,928500,899000,928500,535
2025-02-10,926500,938000,921500,922000,361
2025-02-11,924000,924500,876000,893500,714
2025-02-12,890000,893500,882000,892000,282
2025-02-13,892000,900500,892000,900500,209
2025-02-14,902500,909500,902500,909000,82
2025-02-15,915000,915500,908000,913500,373
2025-02-16,908000,914500,903000,913000,352
2025-02-17,915000,918000,913000,915000,312
2025-02-18,915500,926000,915500,924500,226
2025-02-19,925000,934500,925000,927500,403
2025-02-20,933500,941000,933500,941000,330
2025-02-21,935000,937000,934500,935800,62
2025-02-22,948000,949500,936500,937000,360
2025-02-23,937500,939500,928000,932000,440
2025-02-24,933500,934500,919000,920500,452
2025-02-25,918000,928500,914500,928500,365
2025-02-26,936000,942000,931500,931500,402
2025-02-27,935000,937000,929000,930000,248
2025-02-28,930000,932500,930000,930500,81
2025-03-01,929500,933000,924500,927000,349
2025-03-02,929500,933500,920000,926500,484
2025-03-03,926000,927500,912500,913500,355
2025-03-04,912000,917500,909500,910500,392
2025-03-05,905000,905500,889500,890000,368
2025-03-06,889500,902500,888000,895500,441
2025-03-07,903500,905500,901000,903000,62
2025-03-08,911500,924500,911000,918500,465
2025-03-09,920000,929500,920000,927000,390
2025-03-10,940000,941000,925500,930200,349
2025-03-11,930000,935000,928000,932300,293
2025-03-12,933000,933500,929000,933300,250
2025-03-13,934500,935500,928000,928500,226
2025-03-14,926000,927000,924000,924500,53
2025-03-15,914500,919500,912500,919000,340
2025-03-16,924500,940500,924500,939500,368
2025-03-17,943500,956000,943500,956000,289
2025-03-18,975000,988000,972000,985500,371
2025-03-19,986000,988000,983000,984000,55
2025-03-20,982000,988000,982000,982500,89
2025-03-25,1.042e+06,1.043e+06,1.023e+06,1.025e+06,33
2025-03-26,1.015e+06,1.028e+06,1.013e+06,1.025e+06,64
2025-03-27,1.028e+06,1.03e+06,1.0275e+06,1.03e+06,35
2025-03-28,1.038e+06,1.043e+06,1.038e+06,1.043e+06,9
2025-03-29,1.045e+06,1.048e+06,1.045e+06,1.045e+06,32
2025-03-30,1.045e+06,1.045e+06,1.035e+06,1.036e+06,42
2025-03-31,1.033e+06,1.033e+06,1.032e+06,1.033e+06,19
2025-04-01,1.033e+06,1.035e+06,1.032e+06,1.032e+06,19
2025-04-02,1.03e+06,1.03e+06,1.028e+06,1.029e+06,12
2025-04-03,1.032e+06,1.05e+06,1.032e+06,1.049e+06,41
2025-04-04,1.044e+06,1.044e+06,1.039e+06,1.039e+06,24
2025-04-05,1.0405e+06,1.044e+06,1.0265e+06,1.028e+06,280
2025-04-06,1.028e+06,1.0455e+06,1.028e+06,1.0455e+06,324
2025-04-07,1.048e+06,1.059e+06,1.0475e+06,1.058e+06,410
2025-04-08,990000,1.004e+06,985000,999000,373
2025-04-09,998000,1.0065e+06,998000,999000,343
2025-04-10,1.008e+06,1.013e+06,1.005e+06,1.005e+06,257
2025-04-11,1e+06,1e+06,993500,994000,55
2025-04-12,994000,994000,945000,947000,422
2025-04-13,900000,904000,825000,850000,743
2025-04-14,875000,898000,865000,894000,475
2025-04-15,906000,914000,879000,880000,371
2025-04-16,881000,889000,868000,881000,384
2025-04-17,871000,871000,849000,853000,285
2025-04-18,849000,851000,849000,849500,53
2025-04-19,854000,864000,828000,829000,482
2025-04-20,831000,834000,810000,831000,480
2025-04-21,840000,842000,816000,819500,359
2025-04-22,815000,815000,794000,815000,435
2025-04-23,805000,811000,804000,810500,278
2025-04-24,806000,807500,799500,800000,174
2025-04-25,794500,797000,793000,796000,53
2025-04-26,795000,832000,795000,829000,557
2025-04-27,844000,845500,825000,833000,394
2025-04-28,827500,830000,808000,809000,335
2025-04-29,810500,814000,800000,809000,391
2025-04-30,815000,816000,810000,815000,300
2025-05-01,819000,849000,816500,849000,533
2025-05-02,847500,850500,847000,850000,45
2025-05-03,868000,870000,851000,852000,565
2025-05-04,862000,866000,856500,862000,397
2025-05-05,855000,858000,839500,843000,704
2025-05-06,835000,835500,821500,823000,555
2025-05-07,816500,831000,816000,821000,481
2025-05-08,838000,840000,827000,838500,481
2025-05-09,820000,821000,819000,819500,81
2025-05-10,830000,836000,828000,834500,284
2025-05-11,840000,847500,829000,831000,497
2025-05-12,835000,839000,834000,835000,332
2025-05-13,838000,839000,833000,836000,302
2025-05-14,835500,837000,831500,832000,298
2025-05-15,832000,832500,829000,829500,314
2025-05-16,829000,830500,829000,830000,36
2025-05-17,834000,834500,823000,823000,342
2025-05-18,826500,827000,813000,817500,379
2025-05-19,824500,826000,817500,818000,269
2025-05-20,825500,856000,822000,841500,457
2025-05-21,853000,853000,824500,825000,334
2025-05-22,824500,829000,822000,828500,305
2025-05-23,830000,832500,830000,831500,48
2025-05-24,832000,834500,827000,828500,290
2025-05-25,828000,828500,823000,824000,242
2025-05-26,817500,823000,814000,822500,244
2025-05-27,826000,829000,825000,828500,285
2025-05-28,828500,829000,823000,824500,246
2025-05-29,824500,825000,821000,824000,257
2025-05-30,828000,829000,826500,828000,58
2025-05-31,830000,830500,825000,825500,281
2025-06-01,825500,826000,821000,821000,284
2025-06-02,818000,826000,816000,825500,364
2025-06-03,823500,827000,823000,824000,175
2025-06-04,828500,838000,827000,835000,225
2025-06-05,835000,838500,833000,835500,226
2025-06-07,835000,835500,818000,818500,88
2025-06-08,820500,823500,820500,823500,59
2025-06-09,823500,826000,823000,825000,68
2025-06-10,823000,823500,818500,819000,94
2025-06-11,821000,830500,821000,829000,147
2025-06-12,829000,840500,829000,840500,168
2025-06-14,920000,945000,916000,935000,184
2025-06-15,955000,960000,937000,955000,202
2025-06-16,945000,945000,923000,927000,296
2025-06-17,920000,931000,920000,928500,263
2025-06-18,929500,940000,928500,938000,209
2025-06-19,936000,936000,936000,936000,1
2025-06-22,930000,932000,925000,928000,210
2025-06-23,924000,925000,917000,917500,181
2025-06-24,865000,875000,833000,836500,412
2025-06-25,833500,844000,825000,830000,544
2025-06-26,830500,840000,830500,836000,326
2025-06-27,839500,839500,839500,839500,1
2025-06-28,846000,848000,841000,847500,332
2025-06-29,855000,884000,855000,883500,447
2025-06-30,895000,910000,891000,910000,489
2025-07-01,918000,929000,916000,917500,430
2025-07-02,908000,916000,900000,916000,369
2025-07-03,924500,925000,905000,906000,372
2025-07-06,899000,899000,899000,899000,1
2025-07-07,905000,905500,879000,879500,455
2025-07-08,865000,880000,864000,870500,435
2025-07-09,881500,882000,874000,877500,410
2025-07-10,880000,884000,877000,880000,310
2025-07-11,872200,872200,869500,869500,2
2025-07-12,872000,875000,869000,872000,354
2025-07-13,875000,892000,875000,891000,354
2025-07-14,894000,901000,891000,891500,267
2025-07-15,891500,898000,884500,886000,247
2025-07-16,887500,890000,886000,888000,213
2025-07-17,886000,888000,885000,886000,151
2025-07-18,881300,881400,881300,881400,2
2025-07-19,878000,879000,874000,874500,210
2025-07-20,875000,876500,867000,867500,240
2025-07-21,871000,882500,871000,880000,238
2025-07-22,884000,887000,880000,882500,215
2025-07-23,883000,883500,879500,883000,233
2025-07-24,880000,884500,880000,884500,200
2025-07-26,888000,888500,879000,880500,235
2025-07-27,880000,882000,876500,880000,238
2025-07-28,886000,893500,886000,892000,215
2025-07-29,894500,895500,892000,892000,229
2025-07-30,894000,896500,892000,896000,169
2025-07-31,905000,909000,904500,905000,155
2025-08-02,904500,912500,904500,912500,215
2025-08-03,920000,927500,919500,924500,319
2025-08-04,924000,938000,923500,937500,280
2025-08-05,948500,949000,931000,932500,329
2025-08-06,934500,935000,925000,929000,292
2025-08-07,934500,935000,932000,934000,231
2025-08-09,926500,926500,915000,915500,301
2025-08-10,912000,921500,912000,920500,253
2025-08-11,926000,934500,926000,931000,281
2025-08-12,930500,931000,924000,925000,225
2025-08-13,932500,938000,932500,938000,259
2025-08-14,939500,939500,931500,933000,266
2025-08-16,933500,934000,926500,927500,211
2025-08-17,927500,935000,927500,934000,230
2025-08-18,937500,938500,934000,937500,241
2025-08-19,937500,938000,932500,934500,188
2025-08-20,936500,940000,936000,939000,273
2025-08-21,944000,954500,944000,952000,322
2025-08-23,935000,942000,935000,941000,492
2025-08-24,945000,949000,943000,948000,548
2025-08-25,951500,959000,951500,958500,748
2025-08-26,962000,976500,960500,976000,657
2025-08-27,981000,1.005e+06,981000,1.0015e+06,883
2025-08-28,1.0105e+06,1.014e+06,1.0005e+06,1.0095e+06,798
2025-08-30,1.028e+06,1.042e+06,1.027e+06,1.03e+06,833
2025-08-31,1.029e+06,1.061e+06,1.029e+06,1.061e+06,1141
2025-09-01,1.059e+06,1.0655e+06,1.054e+06,1.0605e+06,1249
2025-09-02,1.06e+06,1.0615e+06,1.036e+06,1.0375e+06,693
2025-09-03,1.029e+06,1.0355e+06,1.026e+06,1.0265e+06,930
2025-09-04,1.024e+06,1.024e+06,1.011e+06,1.011e+06,819
2025-09-06,1.022e+06,1.034e+06,1.019e+06,1.027e+06,1107
2025-09-07,1.024e+06,1.032e+06,1.0235e+06,1.026e+06,692
2025-09-08,1.0255e+06,1.0265e+06,1.0055e+06,1.006e+06,820
2025-09-09,1.0055e+06,1.014e+06,998000,1.014e+06,1328
2025-09-10,984000,992500,980000,990500,970
2025-09-11,996500,996500,991000,992000,535
2025-09-12,994500,994500,992500,992500,7
2025-09-13,988000,988500,975500,978000,793
2025-09-14,983000,988000,979000,981000,705
2025-09-15,995000,998000,988000,992000,775
2025-09-16,998000,1e+06,995500,997200,620
2025-09-17,999500,1.001e+06,992000,993000,649
2025-09-18,990500,1.006e+06,987000,1.006e+06,504
2025-09-20,1.023e+06,1.033e+06,1.022e+06,1.027e+06,556
2025-09-21,1.048e+06,1.063e+06,1.048e+06,1.063e+06,519
2025-09-22,1.06e+06,1.06e+06,1.037e+06,1.0415e+06,563
2025-09-23,1.028e+06,1.048e+06,1.025e+06,1.0475e+06,735
2025-09-24,1.068e+06,1.0765e+06,1.067e+06,1.074e+06,431
2025-09-25,1.0735e+06,1.0865e+06,1.073e+06,1.085e+06,634
2025-09-26,1.081e+06,1.089e+06,1.081e+06,1.089e+06,17
2025-09-27,1.103e+06,1.129e+06,1.095e+06,1.129e+06,646
2025-09-28,1.125e+06,1.13e+06,1.099e+06,1.1135e+06,740
2025-09-29,1.1e+06,1.13e+06,1.099e+06,1.128e+06,372
2025-09-30,1.125e+06,1.143e+06,1.1245e+06,1.139e+06,388
2025-10-01,1.139e+06,1.167e+06,1.139e+06,1.159e+06,535
2025-10-02,1.165e+06,1.181e+06,1.163e+06,1.171e+06,602
2025-10-03,1.163e+06,1.17e+06,1.16e+06,1.167e+06,24
2025-10-04,1.169e+06,1.169e+06,1.148e+06,1.152e+06,619
2025-10-05,1.152e+06,1.154e+06,1.133e+06,1.134e+06,601
2025-10-06,1.133e+06,1.1335e+06,1.107e+06,1.111e+06,706
2025-10-07,1.108e+06,1.1415e+06,1.107e+06,1.1385e+06,770
2025-10-08,1.15e+06,1.164e+06,1.15e+06,1.1565e+06,634
2025-10-09,1.135e+06,1.138e+06,1.124e+06,1.1245e+06,614
2025-10-10,1.1285e+06,1.13e+06,1.125e+06,1.127e+06,7
2025-10-11,1.139e+06,1.149e+06,1.123e+06,1.124e+06,620
2025-10-12,1.122e+06,1.128e+06,1.112e+06,1.119e+06,687
2025-10-13,1.126e+06,1.1265e+06,1.105e+06,1.106e+06,687
2025-10-14,1.103e+06,1.105e+06,1.086e+06,1.0865e+06,648
2025-10-15,1.095e+06,1.1015e+06,1.092e+06,1.098e+06,505
2025-10-16,1.113e+06,1.114e+06,1.1e+06,1.1005e+06,560
2025-10-18,1.09e+06,1.09e+06,1.06e+06,1.073e+06,795
2025-10-19,1.078e+06,1.091e+06,1.078e+06,1.0865e+06,803
2025-10-20,1.0885e+06,1.09e+06,1.0625e+06,1.0635e+06,638
2025-10-21,1.082e+06,1.091e+06,1.072e+06,1.078e+06,926
2025-10-22,1.076e+06,1.08e+06,1.072e+06,1.0785e+06,637
2025-10-23,1.091e+06,1.094e+06,1.082e+06,1.0855e+06,511
2025-10-25,1.07e+06,1.077e+06,1.067e+06,1.069e+06,621
2025-10-26,1.079e+06,1.087e+06,1.0775e+06,1.079e+06,592
2025-10-27,1.083e+06,1.086e+06,1.077e+06,1.0785e+06,618
2025-10-28,1.0825e+06,1.083e+06,1.0685e+06,1.069e+06,524
2025-10-29,1.074e+06,1.0745e+06,1.067e+06,1.0715e+06,487
2025-10-30,1.076e+06,1.0765e+06,1.0715e+06,1.074e+06,356
2025-10-31,1.075e+06,1.08e+06,1.075e+06,1.076e+06,9
2025-11-01,1.075e+06,1.089e+06,1.0745e+06,1.087e+06,405
2025-11-02,1.088e+06,1.0885e+06,1.081e+06,1.0815e+06,356
2025-11-03,1.078e+06,1.0805e+06,1.074e+06,1.0795e+06,409
2025-11-04,1.079e+06,1.085e+06,1.079e+06,1.082e+06,326
2025-11-05,1.082e+06,1.083e+06,1.078e+06,1.0785e+06,305
2025-11-06,1.0785e+06,1.0795e+06,1.076e+06,1.0795e+06,253
2025-11-07,1.078e+06,1.078e+06,1.077e+06,1.078e+06,3
2025-11-08,1.076e+06,1.08e+06,1.075e+06,1.0775e+06,287
2025-11-09,1.078e+06,1.0795e+06,1.0775e+06,1.079e+06,297
2025-11-10,1.078e+06,1.078e+06,1.0755e+06,1.0765e+06,296
2025-11-11,1.0835e+06,1.1025e+06,1.0835e+06,1.1025e+06,582
2025-11-12,1.115e+06,1.128e+06,1.115e+06,1.1255e+06,489
2025-11-13,1.128e+06,1.136e+06,1.117e+06,1.121e+06,536
2025-11-15,1.129e+06,1.138e+06,1.128e+06,1.13e+06,563
2025-11-16,1.131e+06,1.132e+06,1.119e+06,1.1235e+06,446
2025-11-17,1.126e+06,1.1265e+06,1.122e+06,1.125e+06,292
2025-11-18,1.122e+06,1.1285e+06,1.122e+06,1.127e+06,476
2025-11-19,1.118e+06,1.137e+06,1.118e+06,1.135e+06,556
2025-11-20,1.1415e+06,1.1415e+06,1.13e+06,1.135e+06,639
2025-11-22,1.1335e+06,1.134e+06,1.127e+06,1.1275e+06,409
2025-11-23,1.125e+06,1.138e+06,1.125e+06,1.136e+06,507
2025-11-24,1.138e+06,1.14e+06,1.1325e+06,1.133e+06,300
2025-11-25,1.128e+06,1.138e+06,1.1275e+06,1.1345e+06,584
2025-11-26,1.135e+06,1.139e+06,1.132e+06,1.136e+06,418
2025-11-27,1.1395e+06,1.144e+06,1.139e+06,1.14e+06,427
2025-11-28,1.138e+06,1.142e+06,1.138e+06,1.141e+06,6
2025-11-29,1.144e+06,1.1595e+06,1.143e+06,1.1595e+06,567
2025-11-30,1.168e+06,1.1765e+06,1.1645e+06,1.1765e+06,503
2025-12-01,1.181e+06,1.1935e+06,1.18e+06,1.191e+06,522
2025-12-02,1.184e+06,1.191e+06,1.178e+06,1.1905e+06,517
2025-12-03,1.1905e+06,1.2075e+06,1.1905e+06,1.2035e+06,570
2025-12-04,1.2045e+06,1.206e+06,1.195e+06,1.198e+06,508
2025-12-05,1.2e+06,1.21e+06,1.2e+06,1.21e+06,10
2025-12-06,1.211e+06,1.222e+06,1.211e+06,1.2215e+06,465
2025-12-07,1.227e+06,1.2405e+06,1.226e+06,1.2405e+06,641
2025-12-08,1.24e+06,1.263e+06,1.24e+06,1.26e+06,774
2025-12-09,1.265e+06,1.2665e+06,1.243e+06,1.2495e+06,526
2025-12-10,1.25e+06,1.251e+06,1.2415e+06,1.247e+06,532
2025-12-11,1.243e+06,1.2585e+06,1.241e+06,1.257e+06,477
2025-12-12,1.261e+06,1.265e+06,1.26e+06,1.263e+06,9
2025-12-13,1.267e+06,1.291e+06,1.2665e+06,1.286e+06,653
2025-12-14,1.285e+06,1.3e+06,1.275e+06,1.3e+06,750
2025-12-15,1.305e+06,1.318e+06,1.303e+06,1.3035e+06,653
2025-12-16,1.2995e+06,1.302e+06,1.292e+06,1.301e+06,639
2025-12-17,1.303e+06,1.322e+06,1.303e+06,1.322e+06,502
2025-12-18,1.319e+06,1.321e+06,1.308e+06,1.3105e+06,496
2025-12-19,1.308e+06,1.3085e+06,1.308e+06,1.3085e+06,4
2025-12-20,1.3265e+06,1.329e+06,1.3185e+06,1.3205e+06,494
2025-12-21,1.306e+06,1.318e+06,1.298e+06,1.3105e+06,541
2025-12-22,1.318e+06,1.323e+06,1.316e+06,1.32e+06,484
2025-12-23,1.323e+06,1.35e+06,1.3225e+06,1.347e+06,643
2025-12-24,1.346e+06,1.362e+06,1.34e+06,1.356e+06,728
2025-12-25,1.3505e+06,1.351e+06,1.338e+06,1.3445e+06,502
2025-12-26,1.349e+06,1.37e+06,1.349e+06,1.363e+06,19
2025-12-27,1.365e+06,1.395e+06,1.365e+06,1.395e+06,710
2025-12-28,1.419e+06,1.445e+06,1.411e+06,1.4305e+06,1041
2025-12-29,1.429e+06,1.4295e+06,1.369e+06,1.37e+06,904
2025-12-30,1.378e+06,1.398e+06,1.374e+06,1.3975e+06,739
2025-12-31,1.385e+06,1.385e+06,1.3525e+06,1.353e+06,772
2026-01-01,1.349e+06,1.358e+06,1.34e+06,1.352e+06,893
2026-01-02,1.36e+06,1.365e+06,1.36e+06,1.361e+06,7
2026-01-03,1.384e+06,1.391e+06,1.368e+06,1.371e+06,588
2026-01-04,1.385e+06,1.385e+06,1.367e+06,1.378e+06,912
2026-01-05,1.395e+06,1.442e+06,1.393e+06,1.442e+06,858
2026-01-06,1.454e+06,1.475e+06,1.452e+06,1.471e+06,835
2026-01-07,1.473e+06,1.481e+06,1.461e+06,1.469e+06,716
2026-01-08,1.46e+06,1.472e+06,1.453e+06,1.456e+06,679
2026-01-10,1.449e+06,1.449e+06,1.44e+06,1.44e+06,1
2026-01-11,1.439e+06,1.439e+06,1.433e+06,1.434e+06,1
2026-01-12,1.431e+06,1.431e+06,1.426e+06,1.426e+06,1
2026-01-13,1.425e+06,1.432e+06,1.425e+06,1.43e+06,1
2026-01-14,1.427e+06,1.432e+06,1.424e+06,1.427e+06,1
2026-01-15,1.434e+06,1.434e+06,1.426e+06,1.4295e+06,1
2026-01-17,1.43e+06,1.433e+06,1.425e+06,1.432e+06,1
2026-01-18,1.42e+06,1.422e+06,1.414e+06,1.417e+06,1
2026-01-19,1.413e+06,1.421e+06,1.413e+06,1.416e+06,1
2026-01-20,1.412e+06,1.417e+06,1.412e+06,1.414e+06,1
2026-01-21,1.41e+06,1.411e+06,1.407e+06,1.4075e+06,1
2026-01-22,1.4095e+06,1.4135e+06,1.409e+06,1.41e+06,1
2026-01-24,1.4135e+06,1.416e+06,1.41e+06,1.414e+06,17
2026-01-25,1.417e+06,1.4365e+06,1.417e+06,1.4345e+06,20
2026-01-26,1.435e+06,1.466e+06,1.432e+06,1.466e+06,481
2026-01-27,1.482e+06,1.525e+06,1.478e+06,1.525e+06,477
2026-01-28,1.535e+06,1.61e+06,1.535e+06,1.61e+06,800
2026-01-29,1.625e+06,1.65e+06,1.56e+06,1.6e+06,790
2026-01-31,1.58e+06,1.65e+06,1.58e+06,1.625e+06,629
2026-02-01,1.61e+06,1.61e+06,1.575e+06,1.587e+06,429
2026-02-02,1.58e+06,1.581e+06,1.53e+06,1.545e+06,634
2026-02-03,1.542e+06,1.581e+06,1.533e+06,1.581e+06,542
2026-02-04,1.575e+06,1.585e+06,1.567e+06,1.573e+06,449
2026-02-05,1.61e+06,1.625e+06,1.605e+06,1.62e+06,430
2026-02-07,1.58e+06,1.6e+06,1.55e+06,1.555e+06,522
2026-02-08,1.555e+06,1.593e+06,1.555e+06,1.593e+06,658
2026-02-09,1.61e+06,1.62e+06,1.603e+06,1.618e+06,605
2026-02-10,1.621e+06,1.638e+06,1.62e+06,1.635e+06,495
2026-02-11,1.632e+06,1.638e+06,1.622e+06,1.625e+06,444
2026-02-12,1.625e+06,1.63e+06,1.616e+06,1.622e+06,492
2026-02-13,1.62e+06,1.62e+06,1.594e+06,1.597e+06,15
2026-02-14,1.6e+06,1.605e+06,1.584e+06,1.587e+06,519
2026-02-15,1.596e+06,1.604e+06,1.59e+06,1.599e+06,336
2026-02-16,1.593e+06,1.604e+06,1.5915e+06,1.6005e+06,510
2026-02-17,1.6e+06,1.63e+06,1.6e+06,1.611e+06,556
2026-02-18,1.62e+06,1.63e+06,1.62e+06,1.628e+06,398
2026-02-19,1.63e+06,1.638e+06,1.628e+06,1.635e+06,412
2026-02-20,1.639e+06,1.64e+06,1.633e+06,1.636e+06,12
2026-02-21,1.65e+06,1.651e+06,1.641e+06,1.642e+06,481
2026-02-22,1.645e+06,1.646e+06,1.632e+06,1.633e+06,492
2026-02-23,1.625e+06,1.635e+06,1.624e+06,1.631e+06,422
2026-02-24,1.6395e+06,1.643e+06,1.638e+06,1.641e+06,275
2026-02-25,1.649e+06,1.654e+06,1.647e+06,1.652e+06,304
2026-02-26,1.651e+06,1.664e+06,1.65e+06,1.664e+06,472
2026-03-01,1.6795e+06,1.6795e+06,1.6795e+06,1.6795e+06,1
2026-03-02,1.6595e+06,1.6595e+06,1.6595e+06,1.6595e+06,1
2026-03-03,1.6395e+06,1.6395e+06,1.6195e+06,1.6195e+06,1
2026-03-04,1.5995e+06,1.5995e+06,1.5395e+06,1.5395e+06,1
2026-03-07,1.5295e+06,1.5295e+06,1.5095e+06,1.5095e+06,1
2026-03-09,1.5095e+06,1.5095e+06,1.4995e+06,1.4995e+06,2
2026-03-10,1.4925e+06,1.4925e+06,1.4715e+06,1.4715e+06,4
2026-03-11,1.4795e+06,1.4795e+06,1.4785e+06,1.4785e+06,2
2026-03-12,1.4645e+06,1.4645e+06,1.4645e+06,1.4645e+06,1
2026-03-14,1.4705e+06,1.4755e+06,1.4705e+06,1.4755e+06,2
2026-03-16,1.4761e+06,1.477e+06,1.475e+06,1.475e+06,11
2026-03-18,1.48e+06,1.493e+06,1.4761e+06,1.4761e+06,6
2026-03-19,1.48e+06,1.49e+06,1.4761e+06,1.4761e+06,7
2026-03-21,1.48e+06,1.5e+06,1.48e+06,1.5e+06,4
2026-03-22,1.5e+06,1.51e+06,1.5e+06,1.51e+06,2
2026-03-25,1.51e+06,1.55e+06,1.51e+06,1.55e+06,6
2026-03-28,1.56e+06,1.56e+06,1.56e+06,1.56e+06,1
2026-03-29,1.557e+06,1.558e+06,1.555e+06,1.558e+06,4
2026-03-30,1.5695e+06,1.5795e+06,1.56e+06,1.568e+06,17
2026-03-31,1.575e+06,1.58e+06,1.57e+06,1.58e+06,45
2026-04-01,1.565e+06,1.5765e+06,1.55e+06,1.555e+06,32
2026-04-02,1.555e+06,1.56e+06,1.55e+06,1.56e+06,32
2026-04-04,1.555e+06,1.56e+06,1.548e+06,1.553e+06,62
2026-04-05,1.552e+06,1.575e+06,1.552e+06,1.574e+06,87
2026-04-06,1.575e+06,1.59e+06,1.575e+06,1.59e+06,93
2026-04-07,1.5765e+06,1.63e+06,1.5765e+06,1.622e+06,140
2026-04-08,1.535e+06,1.56e+06,1.53e+06,1.56e+06,195
2026-04-09,1.555e+06,1.565e+06,1.553e+06,1.555e+06,115
2026-04-11,1.535e+06,1.542e+06,1.515e+06,1.52e+06,219
2026-04-12,1.575e+06,1.595e+06,1.575e+06,1.594e+06,130
2026-04-13,1.605e+06,1.608e+06,1.588e+06,1.597e+06,146
2026-04-14,1.583e+06,1.585e+06,1.55e+06,1.56e+06,140
2026-04-15,1.55e+06,1.555e+06,1.538e+06,1.54e+06,105
2026-04-16,1.535e+06,1.545e+06,1.535e+06,1.541e+06,100
2026-04-18,1.48e+06,1.52e+06,1.47e+06,1.52e+06,163
2026-04-19,1.53e+06,1.54e+06,1.5e+06,1.52e+06,137
2026-04-20,1.53e+06,1.535e+06,1.515e+06,1.52e+06,142
2026-04-21,1.512e+06,1.54e+06,1.512e+06,1.54e+06,153
2026-04-22,1.543e+06,1.56e+06,1.543e+06,1.545e+06,191
2026-04-23,1.543e+06,1.552e+06,1.543e+06,1.55e+06,84
2026-04-25,1.553e+06,1.578e+06,1.553e+06,1.575e+06,188
2026-04-26,1.572e+06,1.575e+06,1.564e+06,1.566e+06,186
2026-04-27,1.572e+06,1.595e+06,1.566e+06,1.593e+06,248
2026-04-28,1.61e+06,1.67e+06,1.6e+06,1.67e+06,176
2026-04-29,1.73e+06,1.82e+06,1.73e+06,1.77e+06,347
2026-04-30,1.78e+06,1.79e+06,1.75e+06,1.755e+06,133
2026-05-02,1.8e+06,1.84e+06,1.8e+06,1.83e+06,139
2026-05-03,1.85e+06,1.88e+06,1.85e+06,1.88e+06,203
2026-05-04,1.885e+06,1.905e+06,1.835e+06,1.84e+06,265
2026-05-05,1.82e+06,1.83e+06,1.795e+06,1.81e+06,230
2026-05-06,1.79e+06,1.795e+06,1.74e+06,1.76e+06,212
2026-05-07,1.74e+06,1.755e+06,1.735e+06,1.75e+06,119
2026-05-09,1.77e+06,1.79e+06,1.77e+06,1.775e+06,129
2026-05-10,1.775e+06,1.78e+06,1.755e+06,1.76e+06,238
2026-05-11,1.8e+06,1.825e+06,1.8e+06,1.815e+06,287
2026-05-12,1.825e+06,1.825e+06,1.795e+06,1.805e+06,362
2026-05-13,1.8e+06,1.805e+06,1.78e+06,1.795e+06,311
2026-05-14,1.785e+06,1.805e+06,1.785e+06,1.805e+06,188
2026-05-15,1.805e+06,1.805e+06,1.805e+06,1.805e+06,1
2026-05-16,1.81e+06,1.815e+06,1.79e+06,1.8e+06,175
2026-05-17,1.81e+06,1.83e+06,1.805e+06,1.805e+06,302
2026-05-18,1.805e+06,1.81e+06,1.785e+06,1.8e+06,277
2026-05-19,1.79e+06,1.795e+06,1.77e+06,1.785e+06,462
2026-05-20,1.788e+06,1.825e+06,1.785e+06,1.8e+06,289
2026-05-21,1.795e+06,1.795e+06,1.785e+06,1.792e+06,118
2026-05-23,1.79e+06,1.795e+06,1.765e+06,1.768e+06,225
2026-05-24,1.765e+06,1.77e+06,1.685e+06,1.72e+06,214
2026-05-25,1.74e+06,1.755e+06,1.735e+06,1.74e+06,116
2026-05-26,1.73e+06,1.735e+06,1.715e+06,1.72e+06,148
2026-05-27,1.725e+06,1.735e+06,1.72e+06,1.72e+06,38
2026-05-28,1.735e+06,1.745e+06,1.735e+06,1.74e+06,84
2026-05-30,1.72e+06,1.72e+06,1.695e+06,1.705e+06,159
2026-05-31,1.705e+06,1.715e+06,1.698e+06,1.715e+06,256
2026-06-01,1.735e+06,1.77e+06,1.735e+06,1.745e+06,379
2026-06-02,1.75e+06,1.755e+06,1.74e+06,1.745e+06,334
2026-06-03,1.745e+06,1.75e+06,1.736e+06,1.742e+06,292
2026-06-04,1.735e+06,1.738e+06,1.732e+06,1.735e+06,111
2026-06-06,1.755e+06,1.755e+06,1.746e+06,1.748e+06,195
2026-06-07,1.755e+06,1.782e+06,1.753e+06,1.782e+06,264
2026-06-08,1.78e+06,1.788e+06,1.768e+06,1.77e+06,214
2026-06-09,1.765e+06,1.765e+06,1.752e+06,1.76e+06,204
2026-06-10,1.773e+06,1.79e+06,1.772e+06,1.79e+06,209
2026-06-11,1.795e+06,1.81e+06,1.795e+06,1.81e+06,121
2026-06-13,1.727e+06,1.738e+06,1.7e+06,1.7e+06,280
2026-06-14,1.695e+06,1.725e+06,1.69e+06,1.712e+06,250
2026-06-15,1.63e+06,1.645e+06,1.6e+06,1.6e+06,176
2026-06-16,1.59e+06,1.59e+06,1.53e+06,1.535e+06,264
2026-06-17,1.55e+06,1.61e+06,1.54e+06,1.565e+06,423
2026-06-18,1.565e+06,1.575e+06,1.565e+06,1.57e+06,135
2026-06-19,1.61e+06,1.615e+06,1.598e+06,1.615e+06,101
2026-06-20,1.625e+06,1.635e+06,1.603e+06,1.605e+06,263
2026-06-21,1.6e+06,1.605e+06,1.59e+06,1.605e+06,265
2026-06-22,1.605e+06,1.605e+06,1.575e+06,1.58e+06,417
2026-06-23,1.603e+06,1.62e+06,1.603e+06,1.62e+06,354
2026-06-24,1.64e+06,1.668e+06,1.638e+06,1.668e+06,283
2026-06-25,1.665e+06,1.67e+06,1.663e+06,1.67e+06,97
2026-06-26,1.672e+06,1.675e+06,1.663e+06,1.663e+06,62
2026-06-27,1.675e+06,1.68e+06,1.665e+06,1.67e+06,219
2026-06-28,1.685e+06,1.735e+06,1.685e+06,1.735e+06,520
2026-06-29,1.73e+06,1.738e+06,1.708e+06,1.72e+06,425
2026-06-30,1.72e+06,1.738e+06,1.707e+06,1.73e+06,377
2026-07-01,1.755e+06,1.765e+06,1.736e+06,1.75e+06,274
2026-07-02,1.76e+06,1.762e+06,1.748e+06,1.762e+06,355
2026-07-03,1.765e+06,1.765e+06,1.756e+06,1.762e+06,142
2026-07-04,1.755e+06,1.755e+06,1.738e+06,1.746e+06,364
2026-07-05,1.75e+06,1.758e+06,1.748e+06,1.756e+06,295
2026-07-06,1.76e+06,1.76008e+06,1.751e+06,1.757e+06,251
2026-07-07,1.755e+06,1.77e+06,1.75e+06,1.76e+06,467
2026-07-08,1.785e+06,1.814e+06,1.782e+06,1.801e+06,718
2026-07-09,1.815e+06,1.828e+06,1.804e+06,1.804e+06,484
2026-07-11,1.795e+06,1.8e+06,1.778e+06,1.785e+06,555
2026-07-12,1.79e+06,1.802e+06,1.788e+06,1.802e+06,316
2026-07-13,1.805e+06,1.815e+06,1.796e+06,1.815e+06,369
2026-07-14,1.835e+06,1.846e+06,1.832e+06,1.835e+06,412
2026-07-15,1.865e+06,1.89e+06,1.863e+06,1.89e+06,644
2026-07-16,1.885e+06,1.886e+06,1.874e+06,1.884e+06,414
2026-07-17,1.9e+06,1.918e+06,1.9e+06,1.913e+06,246
2026-07-18,1.93e+06,1.95e+06,1.923e+06,1.95e+06,528
2026-07-19,1.94e+06,1.943e+06,1.9e+06,1.905e+06,677
2026-07-20,1.905e+06,1.905e+06,1.876e+06,1.884e+06,560
2026-07-21,1.898e+06,1.915e+06,1.893e+06,1.906e+06,534
2026-07-22,1.92e+06,1.926e+06,1.915e+06,1.918e+06,417
2026-07-23,1.92e+06,1.94e+06,1.917e+06,1.94e+06,473
2026-07-24,1.934e+06,1.938e+06,1.922e+06,1.928e+06,219
2026-07-25,1.915e+06,1.92e+06,1.89e+06,1.89e+06,607
2026-07-26,1.87e+06,1.88e+06,1.852e+06,1.864e+06,484
2026-07-27,1.865e+06,1.902e+06,1.865e+06,1.87e+06,598
2026-07-28,1.9e+06,1.912e+06,1.896e+06,1.905e+06,559
2026-07-29,1.925e+06,1.94e+06,1.923e+06,1.936e+06,537
2026-07-30,1.93e+06,1.9308e+06,1.917e+06,1.922e+06,460
2026-07-31,1.928e+06,1.934e+06,1.925e+06,1.926e+06,168
2026-08-01,1.945e+06,1.946e+06,1.935e+06,1.94e+06,468
2026-08-02,1.9e+06,1.915e+06,1.893e+06,1.91e+06,523
2026-08-03,1.911e+06,1.929e+06,1.91e+06,1.918e+06,516
2026-08-04,1.915e+06,1.917e+06,1.882e+06,1.888e+06,499
2026-08-05,1.885e+06,1.892e+06,1.865e+06,1.879e+06,523
2026-08-06,1.87e+06,1.882e+06,1.867e+06,1.875e+06,347
2026-08-07,1.871e+06,1.88e+06,1.867e+06,1.878e+06,178
2026-08-08,1.875e+06,1.875e+06,1.854e+06,1.857e+06,424
2026-08-09,1.865e+06,1.867e+06,1.852e+06,1.854e+06,368
2026-08-10,1.855e+06,1.86e+06,1.845e+06,1.852e+06,454
2026-08-11,1.87e+06,1.8806e+06,1.865e+06,1.878e+06,447
2026-08-12,1.875e+06,1.875e+06,1.863e+06,1.871e+06,248
2026-08-13,1.868e+06,1.8725e+06,1.864e+06,1.867e+06,203
2026-08-14,1.872e+06,1.877e+06,1.872e+06,1.875e+06,52
2026-08-15,1.871e+06,1.877e+06,1.868e+06,1.868e+06,279
2026-08-16,1.862e+06,1.864e+06,1.854e+06,1.856e+06,242
2026-08-17,1.855e+06,1.867e+06,1.852e+06,1.865e+06,336
2026-08-18,1.87e+06,1.875e+06,1.866e+06,1.873e+06,324
2026-08-19,1.885e+06,1.894e+06,1.884e+06,1.886e+06,319
2026-08-20,1.895e+06,1.898e+06,1.89e+06,1.892e+06,227
2026-08-21,1.895e+06,1.895e+06,1.891e+06,1.894e+06,87
2026-08-22,1.905e+06,1.938e+06,1.898e+06,1.938e+06,558
2026-08-23,1.955e+06,2.007e+06,1.955e+06,1.999e+06,753
2026-08-24,2.008e+06,2.0306e+06,1.997e+06,2.025e+06,600
2026-08-25,2.04e+06,2.054e+06,1.998e+06,2.008e+06,852
2026-08-26,2.005e+06,2.018e+06,1.99e+06,2.008e+06,516
2026-08-27,2.005e+06,2.025e+06,2.002e+06,2.019e+06,359
2026-08-28,2.018e+06,2.032e+06,2.012e+06,2.032e+06,160
2026-08-29,2.04e+06,2.062e+06,2.028e+06,2.06e+06,672
2026-08-30,2.065e+06,2.078e+06,2.063e+06,2.065e+06,399
2026-08-31,2.08e+06,2.104e+06,2.067e+06,2.104e+06,666
2026-09-01,2.1e+06,2.144e+06,2.098e+06,2.144e+06,580
2026-09-02,2.165e+06,2.212e+06,2.165e+06,2.202e+06,741
2026-09-03,2.205e+06,2.228e+06,2.203e+06,2.212e+06,698
2026-09-04,2.213e+06,2.22e+06,2.198e+06,2.209e+06,204
2026-09-05,2.23e+06,2.279e+06,2.228e+06,2.255e+06,868
2026-09-06,2.29e+06,2.295e+06,2.233e+06,2.236e+06,989
2026-09-07,2.255e+06,2.258e+06,2.222e+06,2.225e+06,679
2026-09-08,2.235e+06,2.282e+06,2.235e+06,2.282e+06,669
2026-09-09,2.3e+06,2.344e+06,2.297e+06,2.344e+06,732
2026-09-10,2.35e+06,2.368e+06,2.343e+06,2.358e+06,587
2026-09-11,2.355e+06,2.362e+06,2.355e+06,2.362e+06,111
2026-09-12,2.36e+06,2.376e+06,2.34e+06,2.344e+06,652
2026-09-13,2.33e+06,2.33e+06,2.278e+06,2.282e+06,768
2026-09-14,2.31e+06,2.352e+06,2.298e+06,2.3e+06,925
2026-09-15,2.315e+06,2.327e+06,2.3e+06,2.307e+06,745
2026-09-16,2.315e+06,2.315e+06,2.293e+06,2.306e+06,633
2026-09-17,2.29e+06,2.292e+06,2.275e+06,2.28e+06,388
2026-09-18,2.26e+06,2.27e+06,2.258e+06,2.267e+06,175
2026-09-19,2.28e+06,2.308e+06,2.28e+06,2.302e+06,685
2026-09-20,2.32e+06,2.322e+06,2.301e+06,2.303e+06,504
2026-09-21,2.312e+06,2.319e+06,2.307e+06,2.309e+06,535
