date,open,high,low,close,volume
1993-03-02,444.88,444.88,444.88,444.88,57550
1993-03-03,444.88,444.88,444.88,444.88,29371
1993-03-06,444.88,444.88,444.88,444.88,13755
1993-03-07,444.9,444.9,444.9,444.9,123204
1993-03-08,444.16,444.16,444.16,444.16,484076
1993-03-09,441.8,441.8,441.8,441.8,113895
1993-03-10,435.07,435.07,435.07,435.07,86331
1993-03-13,435.14,435.14,435.14,435.14,107117
1993-03-14,435.14,435.14,435.14,435.14,165855
1993-03-16,435.14,435.14,435.14,435.14,5375
1993-03-17,435.12,435.12,435.12,435.12,65314
1993-03-27,435.12,435.12,435.12,435.12,3709
1993-03-28,435.12,435.12,435.12,435.12,5065
1993-03-29,435.12,435.12,435.12,435.12,5910
1993-03-30,435.12,435.12,435.12,435.12,14799
1993-03-31,435.12,435.12,435.12,435.12,21951
1993-04-03,435.12,435.12,435.12,435.12,26507
1993-04-04,435.22,435.22,435.22,435.22,62581
1993-04-05,435.22,435.22,435.22,435.22,23480
1993-04-06,435.22,435.22,435.22,435.22,181166
1993-04-07,435.22,435.22,435.22,435.22,212822
1993-04-10,435.22,435.22,435.22,435.22,63318
1993-04-11,435.23,435.23,435.23,435.23,154378
1993-04-12,435.22,435.22,435.22,435.22,82099
1993-04-13,435.22,435.22,435.22,435.22,80838
1993-04-14,435.22,435.22,435.22,435.22,53393
1993-04-18,433.58,433.58,433.58,433.58,72396
1993-04-19,433.83,433.83,433.83,433.83,63907
1993-04-20,433.68,433.68,433.68,433.68,77191
1993-04-21,433.7,433.7,433.7,433.7,95657
1993-04-24,433.7,433.7,433.7,433.7,66756
1993-04-25,433.7,433.7,433.7,433.7,1.18897e+06
1993-04-26,433.7,433.7,433.7,433.7,54782
1993-04-27,428.61,428.61,428.61,428.61,2.14793e+07
1993-04-28,428.62,428.62,428.62,428.62,61190
1993-05-01,428.62,428.62,428.62,428.62,122613
1993-05-02,428.21,428.21,428.21,428.21,55181
1993-05-04,422.61,422.61,422.61,422.61,126631
1993-05-05,420.36,420.36,420.36,420.36,158417
1993-05-08,420.45,420.45,420.45,420.45,87816
1993-05-09,420.45,420.45,420.45,420.45,45410
1993-05-10,420.45,420.45,420.45,420.45,61955
1993-05-11,420.45,420.45,420.45,420.45,29619
1993-05-12,420.46,420.46,420.46,420.46,107247
1993-05-15,420.46,420.46,420.46,420.46,31957
1993-05-16,420.32,420.32,420.32,420.32,35475
1993-05-17,418.88,418.88,418.88,418.88,261906
1993-05-18,418.68,418.68,418.68,418.68,44796
1993-05-19,418.68,418.68,418.68,418.68,22366
1993-05-22,418.68,418.68,418.68,418.68,393455
1993-05-23,418.68,418.68,418.68,418.68,100429
1993-05-24,418.68,418.68,418.68,418.68,32502
1993-05-25,418.68,418.68,418.68,418.68,29139
1993-05-26,418.68,418.68,418.68,418.68,121608
1993-05-29,418.68,418.68,418.68,418.68,47228
1993-05-30,418.68,418.68,418.68,418.68,64953
1993-05-31,418.68,418.68,418.68,418.68,35773
1993-06-02,418.68,418.68,418.68,418.68,24131
1993-06-06,417.53,417.53,417.53,417.53,48149
1993-06-07,414.59,414.59,414.59,414.59,77003
1993-06-08,414.59,414.59,414.59,414.59,122515
1993-06-12,414.68,414.68,414.68,414.68,44816
1993-06-13,414.71,414.71,414.71,414.71,73149
1993-06-14,413.25,413.25,413.25,413.25,265138
1993-06-15,413.3,413.3,413.3,413.3,76862
1993-06-16,413.3,413.3,413.3,413.3,230319
1993-06-19,413.76,413.76,413.76,413.76,159024
1993-06-20,413.76,413.76,413.76,413.76,59320
1993-06-21,413.76,413.76,413.76,413.76,276965
1993-06-22,413.83,413.83,413.83,413.83,387996
1993-06-23,413.84,413.84,413.84,413.84,51522
1993-06-26,413.84,413.84,413.84,413.84,79661
1993-06-27,413.84,413.84,413.84,413.84,44129
1993-06-28,413.84,413.84,413.84,413.84,87504
1993-06-29,413.87,413.87,413.87,413.87,23931
1993-07-03,413.9,413.9,413.9,413.9,33968
1993-07-04,413.9,413.9,413.9,413.9,33002
1993-07-05,414.07,414.07,414.07,414.07,94766
1993-07-06,414.35,414.35,414.35,414.35,3.75396e+06
1993-07-07,414.35,414.35,414.35,414.35,45137
1993-07-10,414.44,414.44,414.44,414.44,28211
1993-07-11,414.53,414.53,414.53,414.53,160426
1993-07-12,414.58,414.58,414.58,414.58,139891
1993-07-13,414.58,414.58,414.58,414.58,77416
1993-07-14,412.9,412.9,412.9,412.9,357421
1993-07-17,412.9,412.9,412.9,412.9,584761
1993-07-18,417.89,417.89,417.89,417.89,179275
1993-07-19,412.9,412.9,412.9,412.9,168623
1993-07-20,411.81,411.81,411.81,411.81,12640
1993-07-21,411.81,411.81,411.81,411.81,28266
1993-07-24,411.6,411.6,411.6,411.6,51480
1993-07-25,411.6,411.6,411.6,411.6,23833
1993-07-26,411.6,411.6,411.6,411.6,24159
1993-07-27,411.6,411.6,411.6,411.6,7441
1993-07-28,409.89,409.89,409.89,409.89,30834
1993-07-31,408.29,408.29,408.29,408.29,51328
1993-08-01,408.29,408.29,408.29,408.29,23007
1993-08-02,408.09,408.09,408.09,408.09,5723
1993-08-03,408.09,408.09,408.09,408.09,18023
1993-08-04,404.84,404.84,404.84,404.84,4786
1993-08-07,404.84,404.84,404.84,404.84,32822
1993-08-08,404.33,404.33,404.33,404.33,40387
1993-08-10,404.33,404.33,404.33,404.33,411723
1993-08-11,402.15,402.15,402.15,402.15,24219
1993-08-14,400.49,400.49,400.49,400.49,45174
1993-08-15,395.8,395.8,395.8,395.8,191733
1993-08-16,396.22,396.22,396.22,396.22,68782
1993-08-18,396.23,396.23,396.23,396.23,65793
1993-08-21,396.23,396.23,396.23,396.23,53627
1993-08-22,396.92,396.92,396.92,396.92,38529
1993-08-23,396.79,396.79,396.79,396.79,106914
1993-08-24,396.37,396.37,396.37,396.37,57411
1993-08-25,396.38,396.38,396.38,396.38,65651
1993-08-28,396.38,396.38,396.38,396.38,56957
1993-08-29,394.84,394.84,394.84,394.84,132891
1993-08-30,394.16,394.16,394.16,394.16,88265
1993-08-31,394.09,394.09,394.09,394.09,41210
1993-09-01,394.16,394.16,394.16,394.16,43694
1993-09-04,394.27,394.27,394.27,394.27,32466
1993-09-06,394.28,394.28,394.28,394.28,75691
1993-09-07,394.52,394.52,394.52,394.52,632450
1993-09-08,394.56,394.56,394.56,394.56,11814
1993-09-11,394.57,394.57,394.57,394.57,20577
1993-09-12,394.58,394.58,394.58,394.58,262614
1993-09-13,394.61,394.61,394.61,394.61,59336
1993-09-14,394.88,394.88,394.88,394.88,33923
1993-09-15,394.97,394.97,394.97,394.97,356215
1993-09-18,391.96,391.96,391.96,391.96,14173
1993-09-19,392.92,392.92,392.92,392.92,48497
1993-09-20,393.1,393.1,393.1,393.1,113038
1993-09-21,390.71,390.71,390.71,390.71,21356
1993-09-22,390.77,390.77,390.77,390.77,21623
1993-09-25,390.12,390.12,390.12,390.12,242887
1993-09-26,390.19,390.19,390.19,390.19,215038
1993-09-27,390.22,390.22,390.22,390.22,93833
1993-09-28,388.37,388.37,388.37,388.37,19758
1993-09-29,388.37,388.37,388.37,388.37,52861
1993-10-02,388.58,388.58,388.58,388.58,12222
1993-10-03,388.44,388.44,388.44,388.44,17690
1993-10-04,381.79,381.79,381.79,381.79,152063
1993-10-05,380.26,380.26,380.26,380.26,97736
1993-10-06,380.12,380.12,380.12,380.12,78385
1993-10-09,380.78,380.78,380.78,380.78,22084
1993-10-10,380.79,380.79,380.79,380.79,25557
1993-10-11,380.79,380.79,380.79,380.79,73603
1993-10-12,380.79,380.79,380.79,380.79,80002
1993-10-13,380.87,380.87,380.87,380.87,118279
1993-10-16,381.04,381.04,381.04,381.04,20835
1993-10-17,381.04,381.04,381.04,381.04,17217
1993-10-18,381.12,381.12,381.12,381.12,56514
1993-10-19,381.3,381.3,381.3,381.3,127249
1993-10-20,382.09,382.09,382.09,382.09,15118
1993-10-23,382.18,382.18,382.18,382.18,20713
1993-10-24,382.87,382.87,382.87,382.87,85313
1993-10-25,383.1,383.1,383.1,383.1,281424
1993-10-26,383.13,383.13,383.13,383.13,193403
1993-10-27,383.13,383.13,383.13,383.13,49073
1993-10-30,383.24,383.24,383.24,383.24,11331
1993-10-31,383.25,383.25,383.25,383.25,301927
1993-11-01,383.26,383.26,383.26,383.26,31643
1993-11-02,383.31,383.31,383.31,383.31,116344
1993-11-03,384.04,384.04,384.04,384.04,37018
1993-11-06,385.22,385.22,385.22,385.22,141755
1993-11-07,385.56,385.56,385.56,385.56,20564
1993-11-08,385.76,385.76,385.76,385.76,51109
1993-11-09,387.44,387.44,387.44,387.44,100065
1993-11-10,387.49,387.49,387.49,387.49,50057
1993-11-13,386.09,386.09,386.09,386.09,23398
1993-11-14,387.43,387.43,387.43,387.43,108124
1993-11-15,386.1,386.1,386.1,386.1,115867
1993-11-16,386.13,386.13,386.13,386.13,327733
1993-11-17,386.72,386.72,386.72,386.72,39025
1993-11-20,387.71,387.71,387.71,387.71,1.36408e+06
1993-11-21,385.21,385.21,385.21,385.21,77078
1993-11-22,383.85,383.85,383.85,383.85,215268
1993-11-23,383.86,383.86,383.86,383.86,61989
1993-11-24,383.11,383.11,383.11,383.11,145597
1993-11-27,383.2,383.2,383.2,383.2,46843
1993-11-28,385.51,385.51,385.51,385.51,65803
1993-11-29,385.57,385.57,385.57,385.57,43107
1993-11-30,385.09,385.09,385.09,385.09,139433
1993-12-01,385.16,385.16,385.16,385.16,39453
1993-12-04,385.14,385.14,385.14,385.14,250525
1993-12-05,385.51,385.51,385.51,385.51,163742
1993-12-06,385.53,385.53,385.53,385.53,39410
1993-12-07,385.59,385.59,385.59,385.59,413670
1993-12-08,385.62,385.62,385.62,385.62,103562
1993-12-12,385.93,385.93,385.93,385.93,197375
1993-12-13,386.66,386.66,386.66,386.66,58869
1993-12-14,386.66,386.66,386.66,386.66,144449
1993-12-15,385.17,385.17,385.17,385.17,97321
1993-12-18,385.17,385.17,385.17,385.17,87482
1993-12-19,384.68,384.68,384.68,384.68,98637
1993-12-20,385.33,385.33,385.33,385.33,111959
1993-12-21,385.56,385.56,385.56,385.56,104574
1993-12-22,384.34,384.34,384.34,384.34,43743
1993-12-25,382.61,382.61,382.61,382.61,222076
1993-12-26,382.46,382.46,382.46,382.46,107203
1993-12-28,382.59,382.59,382.59,382.59,2.03941e+06
1993-12-29,382.78,382.78,382.78,382.78,31440
1994-01-01,383.48,383.48,383.48,383.48,50420
1994-01-02,385.38,385.38,385.38,385.38,83244
1994-01-03,385.38,385.38,385.38,385.38,37527
1994-01-04,386.19,386.19,386.19,386.19,29133
1994-01-05,386.67,386.67,386.67,386.67,129674
1994-01-08,387,387,387,387,23936
1994-01-09,387.21,387.21,387.21,387.21,55037
1994-01-11,387.65,387.65,387.65,387.65,33004
1994-01-12,388.86,388.86,388.86,388.86,130363
1994-01-15,388.94,388.94,388.94,388.94,954601
1994-01-16,391.73,391.73,391.73,391.73,25793
1994-01-17,392.53,392.53,392.53,392.53,28598
1994-01-18,392.19,392.19,392.19,392.19,30445
1994-01-19,394.99,394.99,394.99,394.99,319137
1994-01-22,395.07,395.07,395.07,395.07,24929
1994-01-23,395.69,395.69,395.69,395.69,1.00412e+06
1994-01-24,395.74,395.74,395.74,395.74,46118
1994-01-25,395.86,395.86,395.86,395.86,35480
1994-01-26,395.57,395.57,395.57,395.57,155284
1994-01-29,391.37,391.37,391.37,391.37,69495
1994-01-30,392.19,392.19,392.19,392.19,24119
1994-01-31,395.33,395.33,395.33,395.33,40797
1994-02-01,395.33,395.33,395.33,395.33,78028
1994-02-02,396.02,396.02,396.02,396.02,107205
1994-02-05,398.63,398.63,398.63,398.63,87106
1994-02-06,394.98,394.98,394.98,394.98,111611
1994-02-07,394.64,394.64,394.64,394.64,39073
1994-02-08,395.75,395.75,395.75,395.75,128055
1994-02-09,396.56,396.56,396.56,396.56,35021
1994-02-12,396.85,396.85,396.85,396.85,21161
1994-02-13,397.03,397.03,397.03,397.03,1.55923e+06
1994-02-14,396.33,396.33,396.33,396.33,28300
1994-02-15,398.46,398.46,398.46,398.46,147888
1994-02-16,398.01,398.01,398.01,398.01,42517
1994-02-19,398.07,398.07,398.07,398.07,1.64813e+06
1994-02-20,398.23,398.23,398.23,398.23,48847
1994-02-21,398.24,398.24,398.24,398.24,33533
1994-02-22,399.29,399.29,399.29,399.29,88874
1994-02-23,399.49,399.49,399.49,399.49,47103
1994-02-26,399.8,399.8,399.8,399.8,38650
1994-02-27,399.96,399.96,399.96,399.96,1.23648e+06
1994-02-28,400.35,400.35,400.35,400.35,2.46867e+06
1994-03-01,398.22,398.22,398.22,398.22,168295
1994-03-02,398.58,398.58,398.58,398.58,616241
1994-03-05,399.58,399.58,399.58,399.58,145512
1994-03-06,400.16,400.16,400.16,400.16,37379
1994-03-07,400.32,400.32,400.32,400.32,46350
1994-03-08,400.57,400.57,400.57,400.57,92975
1994-03-09,401.53,401.53,401.53,401.53,1.01778e+07
1994-03-12,402.34,402.34,402.34,402.34,217938
1994-03-14,402.51,402.51,402.51,402.51,168033
1994-03-15,402.53,402.53,402.53,402.53,197836
1994-03-16,403.5,403.5,403.5,403.5,23268
1994-03-26,404,404,404,404,15379
1994-03-27,404.15,404.15,404.15,404.15,6475
1994-03-28,404.2,404.2,404.2,404.2,7935
1994-03-29,404.2,404.2,404.2,404.2,8388
1994-03-30,404.31,404.31,404.31,404.31,14310
1994-04-03,404.41,404.41,404.41,404.41,5815
1994-04-04,401.04,401.04,401.04,401.04,5766
1994-04-05,401.85,401.85,401.85,401.85,39921
1994-04-09,402.2,402.2,402.2,402.2,26664
1994-04-10,402.41,402.41,402.41,402.41,9971
1994-04-11,402.51,402.51,402.51,402.51,81897
1994-04-12,402.57,402.57,402.57,402.57,9026
1994-04-13,402.55,402.55,402.55,402.55,86937
1994-04-16,402.85,402.85,402.85,402.85,23367
1994-04-17,404.16,404.16,404.16,404.16,56064
1994-04-18,403.69,403.69,403.69,403.69,28002
1994-04-19,403.9,403.9,403.9,403.9,25420
1994-04-20,406.38,406.38,406.38,406.38,24545
1994-04-23,406.74,406.74,406.74,406.74,34506
1994-04-24,408.42,408.42,408.42,408.42,93728
1994-04-25,409.8,409.8,409.8,409.8,88414
1994-04-26,410.45,410.45,410.45,410.45,188437
1994-04-27,410.81,410.81,410.81,410.81,74584
1994-04-30,410.88,410.88,410.88,410.88,39405
1994-05-01,411.46,411.46,411.46,411.46,109737
1994-05-02,411.76,411.76,411.76,411.76,1.38551e+06
1994-05-03,412.41,412.41,412.41,412.41,23117
1994-05-04,412.82,412.82,412.82,412.82,27677
1994-05-07,413.39,413.39,413.39,413.39,10454
1994-05-08,414.98,414.98,414.98,414.98,72209
1994-05-09,415.68,415.68,415.68,415.68,16236
1994-05-10,417.08,417.08,417.08,417.08,590758
1994-05-11,417.34,417.34,417.34,417.34,1.17652e+06
1994-05-14,416.93,416.93,416.93,416.93,88234
1994-05-15,416.94,416.94,416.94,416.94,14662
1994-05-16,418.3,418.3,418.3,418.3,118111
1994-05-17,419.62,419.62,419.62,419.62,109141
1994-05-18,419.84,419.84,419.84,419.84,32324
1994-05-22,419.84,419.84,419.84,419.84,28980
1994-05-23,420.02,420.02,420.02,420.02,62903
1994-05-24,420.3,420.3,420.3,420.3,53808
1994-05-25,421.84,421.84,421.84,421.84,265688
1994-05-28,421.89,421.89,421.89,421.89,25295
1994-05-30,422.3,422.3,422.3,422.3,89922
1994-05-31,422.43,422.43,422.43,422.43,36351
1994-06-01,423.25,423.25,423.25,423.25,194025
1994-06-06,423.46,423.46,423.46,423.46,1.98301e+06
1994-06-07,423.69,423.69,423.69,423.69,97387
1994-06-08,424.57,424.57,424.57,424.57,46548
1994-06-11,425.15,425.15,425.15,425.15,160970
1994-06-12,425.13,425.13,425.13,425.13,75503
1994-06-13,426.43,426.43,426.43,426.43,262062
1994-06-14,426.73,426.73,426.73,426.73,94863
1994-06-15,427.51,427.51,427.51,427.51,3.46313e+06
1994-06-18,427.84,427.84,427.84,427.84,47382
1994-06-21,428.29,428.29,428.29,428.29,881115
1994-06-22,428.32,428.32,428.32,428.32,232277
1994-06-25,428.87,428.87,428.87,428.87,57516
1994-06-26,429.23,429.23,429.23,429.23,35176
1994-06-27,429.38,429.38,429.38,429.38,80403
1994-06-28,429.53,429.53,429.53,429.53,51741
1994-06-29,429.59,429.59,429.59,429.59,152373
1994-07-02,429.8,429.8,429.8,429.8,2.45006e+06
1994-07-03,430.66,430.66,430.66,430.66,171063
1994-07-04,432.33,432.33,432.33,432.33,31072
1994-07-05,433.41,433.41,433.41,433.41,383521
1994-07-06,433.95,433.95,433.95,433.95,276281
1994-07-09,434.01,434.01,434.01,434.01,159640
1994-07-10,436.62,436.62,436.62,436.62,334097
1994-07-11,437.64,437.64,437.64,437.64,280215
1994-07-12,441.28,441.28,441.28,441.28,1.92741e+06
1994-07-13,448.84,448.84,448.84,448.84,212448
1994-07-16,448.61,448.61,448.61,448.61,156035
1994-07-17,447.09,447.09,447.09,447.09,1.50493e+06
1994-07-18,447.08,447.08,447.08,447.08,36156
1994-07-19,447.45,447.45,447.45,447.45,1.37239e+06
1994-07-20,447.15,447.15,447.15,447.15,56207
1994-07-23,447.15,447.15,447.15,447.15,4210
1994-07-24,447.15,447.15,447.15,447.15,7910
1994-07-25,447.17,447.17,447.17,447.17,44865
1994-07-26,431.08,431.08,431.08,431.08,23300
1994-07-27,430.32,430.32,430.32,430.32,591212
1994-07-31,429.91,429.91,429.91,429.91,54638
1994-08-01,430.07,430.07,430.07,430.07,624326
1994-08-02,429.72,429.72,429.72,429.72,572681
1994-08-03,432.12,432.12,432.12,432.12,9.64311e+06
1994-08-06,433.53,433.53,433.53,433.53,22247
1994-08-08,428.82,428.82,428.82,428.82,38381
1994-08-09,428.95,428.95,428.95,428.95,73749
1994-08-10,428.59,428.59,428.59,428.59,24111
1994-08-13,428.98,428.98,428.98,428.98,55167
1994-08-14,429.54,429.54,429.54,429.54,101893
1994-08-15,428.46,428.46,428.46,428.46,253893
1994-08-16,427.67,427.67,427.67,427.67,5903
1994-08-17,428.6,428.6,428.6,428.6,819391
1994-08-20,428.48,428.48,428.48,428.48,27579
1994-08-21,428.58,428.58,428.58,428.58,745477
1994-08-22,429.57,429.57,429.57,429.57,1.44301e+06
1994-08-23,427.55,427.55,427.55,427.55,30723
1994-08-24,428.56,428.56,428.56,428.56,461916
1994-08-27,429.15,429.15,429.15,429.15,117053
1994-08-28,429.67,429.67,429.67,429.67,361072
1994-08-29,429.75,429.75,429.75,429.75,28919
1994-08-30,430.25,430.25,430.25,430.25,511853
1994-08-31,433.43,433.43,433.43,433.43,2.78029e+06
1994-09-03,434.93,434.93,434.93,434.93,24595
1994-09-04,434.4,434.4,434.4,434.4,25553
1994-09-05,434.49,434.49,434.49,434.49,12558
1994-09-06,434.69,434.69,434.69,434.69,24789
1994-09-07,436.17,436.17,436.17,436.17,18787
1994-09-10,437.67,437.67,437.67,437.67,27449
1994-09-11,441.17,441.17,441.17,441.17,127989
1994-09-12,441.9,441.9,441.9,441.9,32748
1994-09-13,442.32,442.32,442.32,442.32,33872
1994-09-14,443.13,443.13,443.13,443.13,38638
1994-09-17,444.47,444.47,444.47,444.47,11189
1994-09-18,447.16,447.16,447.16,447.16,80050
1994-09-19,447.28,447.28,447.28,447.28,60446
1994-09-20,447.87,447.87,447.87,447.87,65815
1994-09-21,450.34,450.34,450.34,450.34,1.58144e+06
1994-09-24,449.21,449.21,449.21,449.21,40473
1994-09-25,448.38,448.38,448.38,448.38,16507
1994-09-26,450.59,450.59,450.59,450.59,67641
1994-09-27,451.44,451.44,451.44,451.44,37348
1994-09-28,452.42,452.42,452.42,452.42,47878
1994-10-01,453.13,453.13,453.13,453.13,54180
1994-10-02,453.49,453.49,453.49,453.49,59560
1994-10-03,456.01,456.01,456.01,456.01,57901
1994-10-04,461.03,461.03,461.03,461.03,4.91215e+06
1994-10-05,462.52,462.52,462.52,462.52,1.90427e+06
1994-10-08,464.08,464.08,464.08,464.08,108887
1994-10-09,466.84,466.84,466.84,466.84,62079
1994-10-10,473.86,473.86,473.86,473.86,156436
1994-10-11,480.17,480.17,480.17,480.17,65889
1994-10-12,484.53,484.53,484.53,484.53,77168
1994-10-15,484.53,484.53,484.53,484.53,15236
1994-10-16,484.3,484.3,484.3,484.3,25480
1994-10-17,484.41,484.41,484.41,484.41,11240
1994-10-18,484.67,484.67,484.67,484.67,33678
1994-10-19,487.49,487.49,487.49,487.49,24252
1994-10-22,487.7,487.7,487.7,487.7,36569
1994-10-23,489.44,489.44,489.44,489.44,164602
1994-10-24,490.18,490.18,490.18,490.18,101521
1994-10-25,491.4,491.4,491.4,491.4,129918
1994-10-26,492.7,492.7,492.7,492.7,69912
1994-10-29,493.53,493.53,493.53,493.53,36823
1994-10-30,496.63,496.63,496.63,496.63,83662
1994-10-31,497.66,497.66,497.66,497.66,86253
1994-11-01,498.63,498.63,498.63,498.63,66814
1994-11-02,499.11,499.11,499.11,499.11,189899
1994-11-05,499.77,499.77,499.77,499.77,21692
1994-11-06,500.58,500.58,500.58,500.58,86768
1994-11-07,501.59,501.59,501.59,501.59,57938
1994-11-08,502.1,502.1,502.1,502.1,205183
1994-11-09,502.66,502.66,502.66,502.66,37061
1994-11-12,503.04,503.04,503.04,503.04,9.57441e+06
1994-11-13,504.34,504.34,504.34,504.34,123448
1994-11-14,508.53,508.53,508.53,508.53,279173
1994-11-15,509.24,509.24,509.24,509.24,247420
1994-11-16,513.24,513.24,513.24,513.24,158254
1994-11-19,514.8,514.8,514.8,514.8,942944
1994-11-20,514.8,514.8,514.8,514.8,100411
1994-11-21,510.23,510.23,510.23,510.23,1.24112e+06
1994-11-22,510.56,510.56,510.56,510.56,101759
1994-11-23,513.86,513.86,513.86,513.86,37195
1994-11-26,515.76,515.76,515.76,515.76,49255
1994-11-27,517.57,517.57,517.57,517.57,72509
1994-11-28,532.85,532.85,532.85,532.85,199104
1994-11-29,534.09,534.09,534.09,534.09,141998
1994-12-03,535.19,535.19,535.19,535.19,24322
1994-12-04,535.66,535.66,535.66,535.66,78280
1994-12-05,535.93,535.93,535.93,535.93,45295
1994-12-06,534.2,534.2,534.2,534.2,31201
1994-12-07,534.92,534.92,534.92,534.92,43423
1994-12-10,535.24,535.24,535.24,535.24,63201
1994-12-11,540.81,540.81,540.81,540.81,301857
1994-12-12,545.78,545.78,545.78,545.78,214757
1994-12-13,547.23,547.23,547.23,547.23,44450
1994-12-14,552.38,552.38,552.38,552.38,459703
1994-12-18,554.27,554.27,554.27,554.27,1.0178e+06
1994-12-19,557.77,557.77,557.77,557.77,147074
1994-12-20,560.29,560.29,560.29,560.29,154633
1994-12-21,562.83,562.83,562.83,562.83,144944
1994-12-24,563.33,563.33,563.33,563.33,121384
1994-12-25,564.8,564.8,564.8,564.8,431251
1994-12-26,565.62,565.62,565.62,565.62,27938
1994-12-27,567.43,567.43,567.43,567.43,70724
1994-12-28,570.53,570.53,570.53,570.53,79342
1995-01-01,572.53,572.53,572.53,572.53,61393
1995-01-02,574.26,574.26,574.26,574.26,41508
1995-01-03,577.32,577.32,577.32,577.32,86554
1995-01-04,578.08,578.08,578.08,578.08,41786
1995-01-07,586.07,586.07,586.07,586.07,603832
1995-01-08,586.71,586.71,586.71,586.71,216631
1995-01-09,587.35,587.35,587.35,587.35,50945
1995-01-10,590.03,590.03,590.03,590.03,1.04894e+06
1995-01-11,591.24,591.24,591.24,591.24,178824
1995-01-14,592.15,592.15,592.15,592.15,47568
1995-01-15,592.83,592.83,592.83,592.83,133105
1995-01-16,595.87,595.87,595.87,595.87,1.25474e+06
1995-01-18,595.91,595.91,595.91,595.91,57492
1995-01-21,596.58,596.58,596.58,596.58,33448
1995-01-22,597.53,597.53,597.53,597.53,75294
1995-01-23,598.63,598.63,598.63,598.63,75018
1995-01-24,600.66,600.66,600.66,600.66,96775
1995-01-25,606.9,606.9,606.9,606.9,167136
1995-01-28,604.03,604.03,604.03,604.03,223718
1995-01-29,604.62,604.62,604.62,604.62,114979
1995-01-30,603.62,603.62,603.62,603.62,158199
1995-01-31,604.68,604.68,604.68,604.68,118812
1995-02-01,605.36,605.36,605.36,605.36,1.13088e+06
1995-02-04,604.31,604.31,604.31,604.31,99304
1995-02-05,604.76,604.76,604.76,604.76,54512
1995-02-06,605.98,605.98,605.98,605.98,77991
1995-02-07,609.08,609.08,609.08,609.08,113772
1995-02-08,617.72,617.72,617.72,617.72,171234
1995-02-12,620.2,620.2,620.2,620.2,130650
1995-02-13,623.61,623.61,623.61,623.61,77833
1995-02-14,627.05,627.05,627.05,627.05,106219
1995-02-15,628.88,628.88,628.88,628.88,231163
1995-02-18,646.23,646.23,646.23,646.23,248470
1995-02-19,647.03,647.03,647.03,647.03,98408
1995-02-20,653.66,653.66,653.66,653.66,128691
1995-02-22,656.63,656.63,656.63,656.63,116988
1995-02-25,657.84,657.84,657.84,657.84,943582
1995-02-26,671.29,671.29,671.29,671.29,158955
1995-02-27,673.19,673.19,673.19,673.19,2.8138e+06
1995-02-28,678.46,678.46,678.46,678.46,159583
1995-03-01,680.44,680.44,680.44,680.44,159173
1995-03-04,681,681,681,681,74774
1995-03-05,683.43,683.43,683.43,683.43,123174
1995-03-06,684.89,684.89,684.89,684.89,62298
1995-03-07,684.96,684.96,684.96,684.96,1.2106e+06
1995-03-08,688.32,688.32,688.32,688.32,120088
1995-03-11,690.38,690.38,690.38,690.38,211790
1995-03-12,691.3,691.3,691.3,691.3,130536
1995-03-13,693.47,693.47,693.47,693.47,139637
1995-03-14,693.2,693.2,693.2,693.2,1.07315e+06
1995-03-15,693.11,693.11,693.11,693.11,9.30647e+06
1995-03-19,694.38,694.38,694.38,694.38,9.12599e+06
1995-03-25,694.73,694.73,694.73,694.73,44670
1995-03-27,694.97,694.97,694.97,694.97,4237
1995-03-28,694.27,694.27,694.27,694.27,20676
1995-03-29,694.99,694.99,694.99,694.99,84255
1995-04-03,695.06,695.06,695.06,695.06,8714
1995-04-04,695.65,695.65,695.65,695.65,29058
1995-04-05,695.8,695.8,695.8,695.8,51648
1995-04-08,696.92,696.92,696.92,696.92,58375
1995-04-09,699.34,699.34,699.34,699.34,104565
1995-04-10,699.65,699.65,699.65,699.65,79200
1995-04-12,701.72,701.72,701.72,701.72,103374
1995-04-15,701.37,701.37,701.37,701.37,134253
1995-04-16,702.31,702.31,702.31,702.31,65344
1995-04-17,702.85,702.85,702.85,702.85,143414
1995-04-18,708,708,708,708,93954
1995-04-19,711.65,711.65,711.65,711.65,102623
1995-04-22,717.55,717.55,717.55,717.55,60594
1995-04-23,719.47,719.47,719.47,719.47,58127
1995-04-24,720.42,720.42,720.42,720.42,72477
1995-04-25,745.25,745.25,745.25,745.25,141231
1995-04-26,750.15,750.15,750.15,750.15,93503
1995-04-29,754.44,754.44,754.44,754.44,191783
1995-04-30,754.64,754.64,754.64,754.64,115178
1995-05-01,757.65,757.65,757.65,757.65,155034
1995-05-02,759.94,759.94,759.94,759.94,92053
1995-05-03,761.21,761.21,761.21,761.21,134379
1995-05-06,761.94,761.94,761.94,761.94,9.08171e+06
1995-05-07,780.29,780.29,780.29,780.29,401304
1995-05-08,783.74,783.74,783.74,783.74,613536
1995-05-09,788.42,788.42,788.42,788.42,191895
1995-05-13,792.02,792.02,792.02,792.02,76816
1995-05-14,795.7,795.7,795.7,795.7,118702
1995-05-15,797.92,797.92,797.92,797.92,237254
1995-05-16,805.56,805.56,805.56,805.56,187379
1995-05-17,807.33,807.33,807.33,807.33,239513
1995-05-20,812.8,812.8,812.8,812.8,187622
1995-05-21,819.2,819.2,819.2,819.2,154985
1995-05-22,821.35,821.35,821.35,821.35,377222
1995-05-23,824.24,824.24,824.24,824.24,170635
1995-05-24,825.52,825.52,825.52,825.52,112722
1995-05-27,826.65,826.65,826.65,826.65,164797
1995-05-28,832.35,832.35,832.35,832.35,311286
1995-05-29,835.89,835.89,835.89,835.89,140234
1995-05-30,841.48,841.48,841.48,841.48,328864
1995-05-31,850.26,850.26,850.26,850.26,398114
1995-06-03,853.96,853.96,853.96,853.96,925092
1995-06-06,859.87,859.87,859.87,859.87,216857
1995-06-07,861.7,861.7,861.7,861.7,256354
1995-06-10,864.66,864.66,864.66,864.66,108395
1995-06-11,874.78,874.78,874.78,874.78,292637
1995-06-12,879.8,879.8,879.8,879.8,179630
1995-06-13,884.4,884.4,884.4,884.4,265056
1995-06-14,889.08,889.08,889.08,889.08,265349
1995-06-17,891.06,891.06,891.06,891.06,226988
1995-06-18,892.15,892.15,892.15,892.15,603868
1995-06-19,893.27,893.27,893.27,893.27,412735
1995-06-20,896.83,896.83,896.83,896.83,2.5223e+06
1995-06-21,897.88,897.88,897.88,897.88,1.17095e+06
1995-06-24,897.7,897.7,897.7,897.7,410723
1995-06-25,901.33,901.33,901.33,901.33,175019
1995-06-26,898.79,898.79,898.79,898.79,352716
1995-06-27,900.89,900.89,900.89,900.89,877652
1995-06-28,893.8,893.8,893.8,893.8,719921
1995-07-01,892.4,892.4,892.4,892.4,1.18043e+06
1995-07-02,900.59,900.59,900.59,900.59,914289
1995-07-03,901.31,901.31,901.31,901.31,5.61978e+06
1995-07-04,902.79,902.79,902.79,902.79,987182
1995-07-05,907.96,907.96,907.96,907.96,1.25051e+06
1995-07-08,909.55,909.55,909.55,909.55,749868
1995-07-09,910.68,910.68,910.68,910.68,281836
1995-07-10,913.54,913.54,913.54,913.54,400144
1995-07-11,920.66,920.66,920.66,920.66,397800
1995-07-12,922.79,922.79,922.79,922.79,581379
1995-07-15,921.16,921.16,921.16,921.16,296781
1995-07-16,914.39,914.39,914.39,914.39,444407
1995-07-17,911.17,911.17,911.17,911.17,336472
1995-07-18,912.65,912.65,912.65,912.65,2.31138e+06
1995-07-22,910.88,910.88,910.88,910.88,70074
1995-07-23,910.51,910.51,910.51,910.51,133078
1995-07-24,912.23,912.23,912.23,912.23,63523
1995-07-25,916.49,916.49,916.49,916.49,108344
1995-07-26,916.42,916.42,916.42,916.42,278218
1995-07-29,914.75,914.75,914.75,914.75,245073
1995-07-30,891.41,891.41,891.41,891.41,237806
1995-07-31,890.5,890.5,890.5,890.5,233607
1995-08-01,886.68,886.68,886.68,886.68,261782
1995-08-02,886.27,886.27,886.27,886.27,273673
1995-08-05,889.5,889.5,889.5,889.5,83319
1995-08-06,897.07,897.07,897.07,897.07,320763
1995-08-07,892.31,892.31,892.31,892.31,136576
1995-08-08,889.83,889.83,889.83,889.83,135166
1995-08-09,891.31,891.31,891.31,891.31,157177
1995-08-12,893.56,893.56,893.56,893.56,94051
1995-08-13,899.81,899.81,899.81,899.81,317557
1995-08-14,902.97,902.97,902.97,902.97,196005
1995-08-16,904.96,904.96,904.96,904.96,264963
1995-08-19,906.43,906.43,906.43,906.43,157510
1995-08-20,922.63,922.63,922.63,922.63,142273
1995-08-21,934.8,934.8,934.8,934.8,46655
1995-08-22,943.3,943.3,943.3,943.3,179403
1995-08-23,944.03,944.03,944.03,944.03,5.56076e+06
1995-08-26,956.96,956.96,956.96,956.96,64527
1995-08-27,958.36,958.36,958.36,958.36,1.80163e+06
1995-08-28,958.77,958.77,958.77,958.77,207842
1995-08-29,961.13,961.13,961.13,961.13,138576
1995-08-30,962.36,962.36,962.36,962.36,5.65417e+06
1995-09-02,963.52,963.52,963.52,963.52,83471
1995-09-03,966.91,966.91,966.91,966.91,167233
1995-09-04,972.78,972.78,972.78,972.78,208553
1995-09-05,975.78,975.78,975.78,975.78,183255
1995-09-06,979.99,979.99,979.99,979.99,118712
1995-09-09,986.04,986.04,986.04,986.04,224930
1995-09-10,988.45,988.45,988.45,988.45,615333
1995-09-11,992.21,992.21,992.21,992.21,105706
1995-09-12,995.04,995.04,995.04,995.04,911885
1995-09-13,996.2,996.2,996.2,996.2,200274
1995-09-16,999.71,999.71,999.71,999.71,285282
1995-09-17,1003.21,1003.21,1003.21,1003.21,6.18595e+06
1995-09-18,1006.15,1006.15,1006.15,1006.15,303910
1995-09-19,1010.63,1010.63,1010.63,1010.63,312306
1995-09-20,1013.4,1013.4,1013.4,1013.4,275727
1995-09-23,1021.24,1021.24,1021.24,1021.24,110187
1995-09-24,1023.07,1023.07,1023.07,1023.07,228547
1995-09-25,1029.09,1029.09,1029.09,1029.09,2.31616e+07
1995-09-26,1036.76,1036.76,1036.76,1036.76,226920
1995-09-27,1045.13,1045.13,1045.13,1045.13,166191
1995-09-30,1052.22,1052.22,1052.22,1052.22,145859
1995-10-01,1064.44,1064.44,1064.44,1064.44,2.50662e+06
1995-10-02,1070.79,1070.79,1070.79,1070.79,222707
1995-10-03,1077.71,1077.71,1077.71,1077.71,252024
1995-10-04,1086.04,1086.04,1086.04,1086.04,1.65887e+07
1995-10-07,1092.62,1092.62,1092.62,1092.62,196077
1995-10-08,1095.78,1095.78,1095.78,1095.78,299076
1995-10-09,1097.15,1097.15,1097.15,1097.15,164988
1995-10-10,1101.97,1101.97,1101.97,1101.97,235332
1995-10-11,1099.89,1099.89,1099.89,1099.89,69464
1995-10-14,1102.76,1102.76,1102.76,1102.76,128378
1995-10-15,1103.29,1103.29,1103.29,1103.29,159777
1995-10-16,1105.17,1105.17,1105.17,1105.17,2.85655e+06
1995-10-17,1108.73,1108.73,1108.73,1108.73,117255
1995-10-18,1109.87,1109.87,1109.87,1109.87,104674
1995-10-21,1111.07,1111.07,1111.07,1111.07,87168
1995-10-22,1112.69,1112.69,1112.69,1112.69,181312
1995-10-23,1117.21,1117.21,1117.21,1117.21,382376
1995-10-24,1121.91,1121.91,1121.91,1121.91,204622
1995-10-25,1117.41,1117.41,1117.41,1117.41,830118
1995-10-28,1120.74,1120.74,1120.74,1120.74,134035
1995-10-29,1123.86,1123.86,1123.86,1123.86,970232
1995-10-30,1129.11,1129.11,1129.11,1129.11,148523
1995-10-31,1126.46,1126.46,1126.46,1126.46,240388
1995-11-01,1127.17,1127.17,1127.17,1127.17,159796
1995-11-04,1119.88,1119.88,1119.88,1119.88,193852
1995-11-05,1119.49,1119.49,1119.49,1119.49,748606
1995-11-06,1125.4,1125.4,1125.4,1125.4,159313
1995-11-07,1126.19,1126.19,1126.19,1126.19,142835
1995-11-08,1125.67,1125.67,1125.67,1125.67,174585
1995-11-11,1127.63,1127.63,1127.63,1127.63,84074
1995-11-12,1132.21,1132.21,1132.21,1132.21,291368
1995-11-13,1135.67,1135.67,1135.67,1135.67,163295
1995-11-15,1142.57,1142.57,1142.57,1142.57,136426
1995-11-18,1145.07,1145.07,1145.07,1145.07,1.21181e+06
1995-11-19,1145.51,1145.51,1145.51,1145.51,377311
1995-11-20,1149.4,1149.4,1149.4,1149.4,723670
1995-11-21,1150.32,1150.32,1150.32,1150.32,226781
1995-11-22,1146.12,1146.12,1146.12,1146.12,513610
1995-11-25,1156.12,1156.12,1156.12,1156.12,323617
1995-11-26,1164.02,1164.02,1164.02,1164.02,256945
1995-11-27,1164.62,1164.62,1164.62,1164.62,198109
1995-11-28,1165.95,1165.95,1165.95,1165.95,218191
1995-11-29,1167.05,1167.05,1167.05,1167.05,282349
1995-12-02,1171.55,1171.55,1171.55,1171.55,152354
1995-12-03,1176.68,1176.68,1176.68,1176.68,162363
1995-12-04,1184.3,1184.3,1184.3,1184.3,1.22691e+06
1995-12-05,1191.23,1191.23,1191.23,1191.23,334852
1995-12-09,1197.65,1197.65,1197.65,1197.65,175744
1995-12-10,1202.09,1202.09,1202.09,1202.09,308546
1995-12-11,1205,1205,1205,1205,162543
1995-12-12,1208.38,1208.38,1208.38,1208.38,171671
1995-12-13,1225.54,1225.54,1225.54,1225.54,273210
1995-12-16,1225.51,1225.51,1225.51,1225.51,239142
1995-12-17,1230.46,1230.46,1230.46,1230.46,1.23035e+06
1995-12-18,1231.9,1231.9,1231.9,1231.9,208299
1995-12-19,1232.42,1232.42,1232.42,1232.42,385393
1995-12-23,1238.55,1238.55,1238.55,1238.55,96792
1995-12-24,1238.63,1238.63,1238.63,1238.63,254225
1995-12-25,1246.49,1246.49,1246.49,1246.49,132149
1995-12-26,1259.07,1259.07,1259.07,1259.07,169599
1995-12-27,1263.05,1263.05,1263.05,1263.05,132664
1995-12-30,1275.82,1275.82,1275.82,1275.82,128118
1995-12-31,1288.13,1288.13,1288.13,1288.13,410150
1996-01-01,1293.86,1293.86,1293.86,1293.86,166970
1996-01-02,1343.03,1343.03,1343.03,1343.03,335669
1996-01-03,1346.03,1346.03,1346.03,1346.03,356619
1996-01-06,1359.61,1359.61,1359.61,1359.61,281527
1996-01-08,1377.2,1377.2,1377.2,1377.2,265488
1996-01-09,1373.24,1373.24,1373.24,1373.24,336680
1996-01-10,1378.15,1378.15,1378.15,1378.15,407627
1996-01-13,1385.59,1385.59,1385.59,1385.59,137144
1996-01-14,1399.97,1399.97,1399.97,1399.97,162650
1996-01-15,1400.9,1400.9,1400.9,1400.9,190970
1996-01-16,1412.8,1412.8,1412.8,1412.8,159113
1996-01-17,1411.21,1411.21,1411.21,1411.21,734262
1996-01-21,1429.41,1429.41,1429.41,1429.41,2.26095e+06
1996-01-22,1435.61,1435.61,1435.61,1435.61,297421
1996-01-23,1450.01,1450.01,1450.01,1450.01,527168
1996-01-24,1453.08,1453.08,1453.08,1453.08,3.43932e+06
1996-01-27,1462.93,1462.93,1462.93,1462.93,158683
1996-01-28,1458.34,1458.34,1458.34,1458.34,263608
1996-01-29,1481.12,1481.12,1481.12,1481.12,193077
1996-01-30,1503.89,1503.89,1503.89,1503.89,7.56941e+06
1996-01-31,1489.25,1489.25,1489.25,1489.25,324643
1996-02-03,1498.09,1498.09,1498.09,1498.09,269238
1996-02-05,1503.26,1503.26,1503.26,1503.26,387868
1996-02-06,1508.28,1508.28,1508.28,1508.28,518706
1996-02-07,1506.4,1506.4,1506.4,1506.4,395619
1996-02-10,1510.13,1510.13,1510.13,1510.13,445758
1996-02-12,1503.71,1503.71,1503.71,1503.71,278407
1996-02-13,1509.84,1509.84,1509.84,1509.84,802808
1996-02-14,1493.79,1493.79,1493.79,1493.79,246211
1996-02-17,1517.63,1517.63,1517.63,1517.63,613662
1996-02-18,1538.95,1538.95,1538.95,1538.95,787775
1996-02-19,1529.25,1529.25,1529.25,1529.25,2.03807e+06
1996-02-21,1534.74,1534.74,1534.74,1534.74,429900
1996-02-24,1530.85,1530.85,1530.85,1530.85,285082
1996-02-25,1538.8,1538.8,1538.8,1538.8,707317
1996-02-26,1522.17,1522.17,1522.17,1522.17,238414
1996-02-27,1510.63,1510.63,1510.63,1510.63,1.22681e+06
1996-02-28,1523.22,1523.22,1523.22,1523.22,170080
1996-03-02,1534.06,1534.06,1534.06,1534.06,297458
1996-03-03,1539.45,1539.45,1539.45,1539.45,813672
1996-03-04,1542.96,1542.96,1542.96,1542.96,334701
1996-03-05,1545.4,1545.4,1545.4,1545.4,530636
1996-03-06,1539.64,1539.64,1539.64,1539.64,526412
1996-03-09,1542.42,1542.42,1542.42,1542.42,333588
1996-03-10,1538.13,1538.13,1538.13,1538.13,859531
1996-03-11,1535.48,1535.48,1535.48,1535.48,2.66132e+06
1996-03-12,1541.54,1541.54,1541.54,1541.54,2.35974e+06
1996-03-13,1546.03,1546.03,1546.03,1546.03,348613
1996-03-16,1549.35,1549.35,1549.35,1549.35,2.65077e+06
1996-03-17,1545.34,1545.34,1545.34,1545.34,2.46162e+06
1996-03-18,1549.44,1549.44,1549.44,1549.44,8.12609e+06
1996-03-24,1548.67,1548.67,1548.67,1548.67,32029
1996-03-25,1549.93,1549.93,1549.93,1549.93,41182
1996-03-26,1552.49,1552.49,1552.49,1552.49,158430
1996-03-27,1551.48,1551.48,1551.48,1551.48,69264
1996-03-30,1550.89,1550.89,1550.89,1550.89,43515
1996-04-02,1558.1,1558.1,1558.1,1558.1,87339
1996-04-03,1567.87,1567.87,1567.87,1567.87,260936
1996-04-06,1572.6,1572.6,1572.6,1572.6,244324
1996-04-07,1574,1574,1574,1574,1.27629e+07
1996-04-08,1593.39,1593.39,1593.39,1593.39,270555
1996-04-09,1607.93,1607.93,1607.93,1607.93,604356
1996-04-10,1610.11,1610.11,1610.11,1610.11,1.46492e+07
1996-04-13,1618.53,1618.53,1618.53,1618.53,354143
1996-04-14,1618.53,1618.53,1618.53,1618.53,426558
1996-04-15,1622.33,1622.33,1622.33,1622.33,430799
1996-04-16,1626.43,1626.43,1626.43,1626.43,594506
1996-04-17,1618.31,1618.31,1618.31,1618.31,977668
1996-04-20,1629.34,1629.34,1629.34,1629.34,397606
1996-04-21,1634.48,1634.48,1634.48,1634.48,1.93605e+06
1996-04-22,1622.77,1622.77,1622.77,1622.77,566939
1996-04-23,1663.83,1663.83,1663.83,1663.83,556083
1996-04-24,1669.7,1669.7,1669.7,1669.7,1.11764e+06
1996-04-27,1685.76,1685.76,1685.76,1685.76,531796
1996-04-28,1696.41,1696.41,1696.41,1696.41,3.85019e+06
1996-04-30,1694.91,1694.91,1694.91,1694.91,526863
1996-05-01,1711.95,1711.95,1711.95,1711.95,558978
1996-05-04,1725.36,1725.36,1725.36,1725.36,851324
1996-05-05,1736.9,1736.9,1736.9,1736.9,456465
1996-05-06,1763.23,1763.23,1763.23,1763.23,325653
1996-05-08,1770.19,1770.19,1770.19,1770.19,607188
1996-05-11,1785.76,1785.76,1785.76,1785.76,470117
1996-05-12,1785.76,1785.76,1785.76,1785.76,1.19552e+06
1996-05-13,1814.32,1814.32,1814.32,1814.32,1.5289e+06
1996-05-14,1821.64,1821.64,1821.64,1821.64,472867
1996-05-15,1844.07,1844.07,1844.07,1844.07,796503
1996-05-18,1851.72,1851.72,1851.72,1851.72,511635
1996-05-19,1862.38,1862.38,1862.38,1862.38,499702
1996-05-20,1866.64,1866.64,1866.64,1866.64,461897
1996-05-21,1873.3,1873.3,1873.3,1873.3,4.5689e+06
1996-05-22,1878.07,1878.07,1878.07,1878.07,593937
1996-05-25,1880.84,1880.84,1880.84,1880.84,1.52746e+06
1996-05-26,1887.77,1887.77,1887.77,1887.77,1.70562e+06
1996-05-29,1894.04,1894.04,1894.04,1894.04,417897
1996-06-01,1902.88,1902.88,1902.88,1902.88,341662
1996-06-02,1920.42,1920.42,1920.42,1920.42,8.24224e+06
1996-06-05,1923.93,1923.93,1923.93,1923.93,349115
1996-06-08,1929.17,1929.17,1929.17,1929.17,788911
1996-06-09,1932.02,1932.02,1932.02,1932.02,4.27526e+06
1996-06-10,1929.3,1929.3,1929.3,1929.3,487930
1996-06-11,1936.12,1936.12,1936.12,1936.12,4.9895e+06
1996-06-12,1934.46,1934.46,1934.46,1934.46,549598
1996-06-15,1950.61,1950.61,1950.61,1950.61,387781
1996-06-16,1964.36,1964.36,1964.36,1964.36,3.2838e+06
1996-06-17,1979.6,1979.6,1979.6,1979.6,2.05641e+06
1996-06-18,1986.14,1986.14,1986.14,1986.14,1.10739e+06
1996-06-19,2000.42,2000.42,2000.42,2000.42,4.95272e+06
1996-06-22,2006.9,2006.9,2006.9,2006.9,335863
1996-06-23,2008.11,2008.11,2008.11,2008.11,2.99251e+06
1996-06-24,2002.18,2002.18,2002.18,2002.18,536270
1996-06-25,2008.21,2008.21,2008.21,2008.21,3.61206e+07
1996-06-26,2004.86,2004.86,2004.86,2004.86,416581
1996-06-29,2003.82,2003.82,2003.82,2003.82,5.43279e+06
1996-06-30,2009.69,2009.69,2009.69,2009.69,1.27179e+06
1996-07-01,2009.69,2009.69,2009.69,2009.69,1.04493e+06
1996-07-02,2024.61,2024.61,2024.61,2024.61,1.96696e+06
1996-07-03,2022.87,2022.87,2022.87,2022.87,534592
1996-07-06,2022.2,2022.2,2022.2,2022.2,752808
1996-07-08,2019.13,2019.13,2019.13,2019.13,844584
1996-07-09,2013.33,2013.33,2013.33,2013.33,5.84902e+06
1996-07-10,2018.6,2018.6,2018.6,2018.6,651164
1996-07-13,2022.68,2022.68,2022.68,2022.68,771788
1996-07-14,2024.04,2024.04,2024.04,2024.04,6.01947e+06
1996-07-16,2025.02,2025.02,2025.02,2025.02,6.10798e+07
1996-07-17,2026.31,2026.31,2026.31,2026.31,295118
1996-07-20,2022.03,2022.03,2022.03,2022.03,205946
1996-07-21,2012.46,2012.46,2012.46,2012.46,601000
1996-07-22,1989.31,1989.31,1989.31,1989.31,383364
1996-07-23,1965.85,1965.85,1965.85,1965.85,480271
1996-07-24,1973.26,1973.26,1973.26,1973.26,538175
1996-07-27,1978.51,1978.51,1978.51,1978.51,474233
1996-07-28,1979.96,1979.96,1979.96,1979.96,538690
1996-07-29,1969.08,1969.08,1969.08,1969.08,910895
1996-07-30,1985.8,1985.8,1985.8,1985.8,589034
1996-07-31,1995.78,1995.78,1995.78,1995.78,8.19004e+06
1996-08-04,2004.47,2004.47,2004.47,2004.47,701688
1996-08-05,2026.05,2026.05,2026.05,2026.05,906897
1996-08-06,2044.69,2044.69,2044.69,2044.69,759328
1996-08-07,2046.25,2046.25,2046.25,2046.25,760431
1996-08-10,2050.74,2050.74,2050.74,2050.74,695521
1996-08-11,2057.04,2057.04,2057.04,2057.04,648248
1996-08-12,2066.99,2066.99,2066.99,2066.99,722794
1996-08-13,2074.67,2074.67,2074.67,2074.67,3.06106e+06
1996-08-14,2085.35,2085.35,2085.35,2085.35,996307
1996-08-17,2089.57,2089.57,2089.57,2089.57,679595
1996-08-18,2098.46,2098.46,2098.46,2098.46,649845
1996-08-19,2099.62,2099.62,2099.62,2099.62,891123
1996-08-20,2108,2108,2108,2108,1.19087e+06
1996-08-21,2107.17,2107.17,2107.17,2107.17,2.01811e+06
1996-08-24,2106.98,2106.98,2106.98,2106.98,1.04315e+06
1996-08-25,2107.01,2107.01,2107.01,2107.01,1.26179e+06
1996-08-26,2108.61,2108.61,2108.61,2108.61,911050
1996-08-27,2110.88,2110.88,2110.88,2110.88,2.7725e+06
1996-08-28,2112.08,2112.08,2112.08,2112.08,4.82176e+06
1996-08-31,2109.52,2109.52,2109.52,2109.52,734636
1996-09-01,2076.71,2076.71,2076.71,2076.71,1.274e+06
1996-09-02,2075.39,2075.39,2075.39,2075.39,855705
1996-09-03,2085.77,2085.77,2085.77,2085.77,5.93232e+06
1996-09-04,2100.64,2100.64,2100.64,2100.64,988618
1996-09-07,2120.56,2120.56,2120.56,2120.56,734042
1996-09-08,2115.63,2115.63,2115.63,2115.63,843030
1996-09-09,2113.1,2113.1,2113.1,2113.1,1.10426e+07
1996-09-10,2111.82,2111.82,2111.82,2111.82,4.33428e+06
1996-09-11,2098.18,2098.18,2098.18,2098.18,1.37832e+06
1996-09-14,2119.52,2119.52,2119.52,2119.52,1.35103e+06
1996-09-15,2123.36,2123.36,2123.36,2123.36,931909
1996-09-16,2125.92,2125.92,2125.92,2125.92,753669
1996-09-17,2130.62,2130.62,2130.62,2130.62,1.83017e+06
1996-09-18,2128.48,2128.48,2128.48,2128.48,1.53806e+06
1996-09-21,2134.42,2134.42,2134.42,2134.42,873417
1996-09-22,2134.04,2134.04,2134.04,2134.04,533381
1996-09-23,2152.96,2152.96,2152.96,2152.96,713709
1996-09-24,2152.96,2152.96,2152.96,2152.96,874531
1996-09-25,2156.96,2156.96,2156.96,2156.96,701287
1996-09-28,2153.5,2153.5,2153.5,2153.5,746043
1996-09-29,2152.56,2152.56,2152.56,2152.56,907835
1996-09-30,2150.58,2150.58,2150.58,2150.58,831919
1996-10-01,2147.6,2147.6,2147.6,2147.6,807431
1996-10-02,2143.98,2143.98,2143.98,2143.98,8.4544e+06
1996-10-05,2151.77,2151.77,2151.77,2151.77,837004
1996-10-06,2152.3,2152.3,2152.3,2152.3,806464
1996-10-07,2152.3,2152.3,2152.3,2152.3,955834
1996-10-08,2147.11,2147.11,2147.11,2147.11,1.35223e+06
1996-10-09,2149,2149,2149,2149,3.44402e+06
1996-10-12,2145.16,2145.16,2145.16,2145.16,6.43432e+06
1996-10-13,2136.81,2136.81,2136.81,2136.81,857608
1996-10-14,2139.77,2139.77,2139.77,2139.77,771991
1996-10-15,2139.32,2139.32,2139.32,2139.32,864925
1996-10-16,2147.99,2147.99,2147.99,2147.99,6.9599e+06
1996-10-19,2147.73,2147.73,2147.73,2147.73,1.02514e+06
1996-10-20,2146.12,2146.12,2146.12,2146.12,573045
1996-10-21,2141.77,2141.77,2141.77,2141.77,5.386e+06
1996-10-22,2133.81,2133.81,2133.81,2133.81,658796
1996-10-23,2126.51,2126.51,2126.51,2126.51,1.17603e+06
1996-10-26,2118.86,2118.86,2118.86,2118.86,827465
1996-10-27,2124.72,2124.72,2124.72,2124.72,899535
1996-10-28,2122.71,2122.71,2122.71,2122.71,1.34815e+06
1996-10-29,2125.42,2125.42,2125.42,2125.42,2.26589e+06
1996-10-30,2118.48,2118.48,2118.48,2118.48,6.22459e+06
1996-11-02,2105.3,2105.3,2105.3,2105.3,554291
1996-11-03,2093.89,2093.89,2093.89,2093.89,652579
1996-11-04,2093.83,2093.83,2093.83,2093.83,1.96044e+06
1996-11-05,2058.59,2058.59,2058.59,2058.59,1.01435e+06
1996-11-06,2033.86,2033.86,2033.86,2033.86,789563
1996-11-09,2015.2,2015.2,2015.2,2015.2,683002
1996-11-10,1991.58,1991.58,1991.58,1991.58,2.91523e+06
1996-11-11,1987.34,1987.34,1987.34,1987.34,874445
1996-11-12,2016.46,2016.46,2016.46,2016.46,841206
1996-11-13,2044.42,2044.42,2044.42,2044.42,825427
1996-11-16,2077.9,2077.9,2077.9,2077.9,661197
1996-11-17,2093.23,2093.23,2093.23,2093.23,1.18457e+06
1996-11-18,2092.13,2092.13,2092.13,2092.13,3.82537e+06
1996-11-19,2090.88,2090.88,2090.88,2090.88,1.78773e+06
1996-11-20,2065.83,2065.83,2065.83,2065.83,1.67345e+06
1996-11-23,2061.17,2061.17,2061.17,2061.17,609585
1996-11-24,2057.61,2057.61,2057.61,2057.61,684333
1996-11-26,2058.59,2058.59,2058.59,2058.59,380131
1996-11-27,2053.61,2053.61,2053.61,2053.61,1.18315e+06
1996-11-30,2047.64,2047.64,2047.64,2047.64,638969
1996-12-01,2044.48,2044.48,2044.48,2044.48,2.7932e+06
1996-12-02,2039.92,2039.92,2039.92,2039.92,1.13543e+06
1996-12-03,2019.15,2019.15,2019.15,2019.15,1.35238e+06
1996-12-04,2017.46,2017.46,2017.46,2017.46,2.99488e+06
1996-12-07,2001.01,2001.01,2001.01,2001.01,1.13679e+06
1996-12-08,1998.06,1998.06,1998.06,1998.06,1.27153e+06
1996-12-10,1992.85,1992.85,1992.85,1992.85,1.01888e+06
1996-12-11,2005.54,2005.54,2005.54,2005.54,4.07161e+06
1996-12-14,1992.96,1992.96,1992.96,1992.96,772658
1996-12-15,1994.66,1994.66,1994.66,1994.66,1.1594e+06
1996-12-16,1990.41,1990.41,1990.41,1990.41,1.06508e+06
1996-12-17,1991.37,1991.37,1991.37,1991.37,1.0242e+06
1996-12-18,1991.43,1991.43,1991.43,1991.43,5.34121e+06
1996-12-21,1990.83,1990.83,1990.83,1990.83,646680
1996-12-22,1988.61,1988.61,1988.61,1988.61,1.39092e+06
1996-12-23,1990.49,1990.49,1990.49,1990.49,1.10092e+06
1996-12-24,1988.88,1988.88,1988.88,1988.88,1.4523e+06
1996-12-25,1988.92,1988.92,1988.92,1988.92,1.1912e+06
1996-12-28,1977.29,1977.29,1977.29,1977.29,647271
1996-12-29,1972.08,1972.08,1972.08,1972.08,984825
1996-12-30,1966.25,1966.25,1966.25,1966.25,937623
1996-12-31,1967.32,1967.32,1967.32,1967.32,2.04516e+06
1997-01-01,1969.24,1969.24,1969.24,1969.24,1.14364e+07
1997-01-04,1972.31,1972.31,1972.31,1972.31,1.12696e+06
1997-01-05,1973.63,1973.63,1973.63,1973.63,588446
1997-01-06,1975.56,1975.56,1975.56,1975.56,959295
1997-01-07,1980,1980,1980,1980,748587
1997-01-08,1979.83,1979.83,1979.83,1979.83,941304
1997-01-11,1970.36,1970.36,1970.36,1970.36,629911
1997-01-12,1978.99,1978.99,1978.99,1978.99,2.50345e+06
1997-01-13,1977.41,1977.41,1977.41,1977.41,1.28516e+06
1997-01-14,1975.14,1975.14,1975.14,1975.14,3.72264e+06
1997-01-15,1975.43,1975.43,1975.43,1975.43,1.58802e+06
1997-01-18,1969.96,1969.96,1969.96,1969.96,660689
1997-01-19,1967.97,1967.97,1967.97,1967.97,1.02151e+06
1997-01-20,1967.06,1967.06,1967.06,1967.06,875923
1997-01-21,1962.81,1962.81,1962.81,1962.81,891288
1997-01-22,1961.25,1961.25,1961.25,1961.25,1.09669e+07
1997-01-25,1949.71,1949.71,1949.71,1949.71,1.39403e+06
1997-01-26,1948.62,1948.62,1948.62,1948.62,944288
1997-01-27,1946.4,1946.4,1946.4,1946.4,953768
1997-01-28,1945.03,1945.03,1945.03,1945.03,1.48161e+06
1997-01-29,1942.7,1942.7,1942.7,1942.7,1.13222e+06
1997-02-01,1940.29,1940.29,1940.29,1940.29,1.77948e+06
1997-02-02,1931.9,1931.9,1931.9,1931.9,1.13328e+06
1997-02-03,1930.35,1930.35,1930.35,1930.35,1.48155e+06
1997-02-04,1926.84,1926.84,1926.84,1926.84,1.32637e+06
1997-02-05,1921.42,1921.42,1921.42,1921.42,1.31931e+06
1997-02-08,1913.56,1913.56,1913.56,1913.56,8.559e+06
1997-02-11,1907.97,1907.97,1907.97,1907.97,652325
1997-02-12,1892.64,1892.64,1892.64,1892.64,1.496e+06
1997-02-15,1888.1,1888.1,1888.1,1888.1,1.08515e+06
1997-02-16,1879.26,1879.26,1879.26,1879.26,1.44005e+06
1997-02-17,1876.85,1876.85,1876.85,1876.85,1.08726e+06
1997-02-18,1858.21,1858.21,1858.21,1858.21,1.05595e+06
1997-02-19,1850.83,1850.83,1850.83,1850.83,868200
1997-02-22,1845.39,1845.39,1845.39,1845.39,1.24316e+06
1997-02-23,1843.52,1843.52,1843.52,1843.52,1.16524e+06
1997-02-24,1837.29,1837.29,1837.29,1837.29,950580
1997-02-25,1830.88,1830.88,1830.88,1830.88,1.12539e+06
1997-02-26,1823.39,1823.39,1823.39,1823.39,686715
1997-03-01,1850.87,1850.87,1850.87,1850.87,1.29506e+06
1997-03-02,1857.37,1857.37,1857.37,1857.37,1.14504e+06
1997-03-03,1870.5,1870.5,1870.5,1870.5,1.4265e+06
1997-03-04,1874.39,1874.39,1874.39,1874.39,2.03786e+06
1997-03-08,1873.89,1873.89,1873.89,1873.89,958393
1997-03-09,1873.68,1873.68,1873.68,1873.68,1.09769e+06
1997-03-10,1866.43,1866.43,1866.43,1866.43,1.94052e+06
1997-03-11,1867.94,1867.94,1867.94,1867.94,986189
1997-03-12,1870.17,1870.17,1870.17,1870.17,2.76159e+06
1997-03-15,1875.36,1875.36,1875.36,1875.36,2.70158e+06
1997-03-16,1882.88,1882.88,1882.88,1882.88,1.70649e+06
1997-03-17,1897.31,1897.31,1897.31,1897.31,4.36266e+06
1997-03-18,1936.75,1936.75,1936.75,1936.75,2.78647e+06
1997-03-29,1935.81,1935.81,1935.81,1935.81,246236
1997-03-30,1937.39,1937.39,1937.39,1937.39,314716
1997-03-31,1938.79,1938.79,1938.79,1938.79,281533
1997-04-05,1941.4,1941.4,1941.4,1941.4,310824
1997-04-06,1941.68,1941.68,1941.68,1941.68,475154
1997-04-07,1940.43,1940.43,1940.43,1940.43,877787
1997-04-08,1945.04,1945.04,1945.04,1945.04,839475
1997-04-09,1939.72,1939.72,1939.72,1939.72,993888
1997-04-12,1939.95,1939.95,1939.95,1939.95,813310
1997-04-13,1936.35,1936.35,1936.35,1936.35,659430
1997-04-14,1932.36,1932.36,1932.36,1932.36,1.15138e+06
1997-04-15,1923.92,1923.92,1923.92,1923.92,812456
1997-04-16,1929.75,1929.75,1929.75,1929.75,1.26587e+06
1997-04-19,1929.3,1929.3,1929.3,1929.3,893310
1997-04-20,1927.46,1927.46,1927.46,1927.46,1.00916e+06
1997-04-21,1927.15,1927.15,1927.15,1927.15,766173
1997-04-22,1921.64,1921.64,1921.64,1921.64,816404
1997-04-23,1924.82,1924.82,1924.82,1924.82,956998
1997-04-27,1922.69,1922.69,1922.69,1922.69,711509
1997-04-28,1920.98,1920.98,1920.98,1920.98,951885
1997-04-29,1918.79,1918.79,1918.79,1918.79,852252
1997-04-30,1916.15,1916.15,1916.15,1916.15,1.44891e+06
1997-05-03,1914.58,1914.58,1914.58,1914.58,802965
1997-05-04,1914.25,1914.25,1914.25,1914.25,1.06243e+06
1997-05-05,1914.22,1914.22,1914.22,1914.22,814989
1997-05-06,1914.85,1914.85,1914.85,1914.85,1.52663e+06
1997-05-07,1912.16,1912.16,1912.16,1912.16,2.32902e+06
1997-05-10,1912.59,1912.59,1912.59,1912.59,622679
1997-05-11,1911.71,1911.71,1911.71,1911.71,627654
1997-05-12,1908.6,1908.6,1908.6,1908.6,1.13957e+06
1997-05-13,1908.6,1908.6,1908.6,1908.6,9.22233e+06
1997-05-14,1908.32,1908.32,1908.32,1908.32,952803
1997-05-18,1909.02,1909.02,1909.02,1909.02,645154
1997-05-19,1906.69,1906.69,1906.69,1906.69,649566
1997-05-20,1906.01,1906.01,1906.01,1906.01,674424
1997-05-21,1907,1907,1907,1907,1.00526e+06
1997-05-24,1899.13,1899.13,1899.13,1899.13,871130
1997-05-25,1890.76,1890.76,1890.76,1890.76,1.04297e+06
1997-05-26,1885.37,1885.37,1885.37,1885.37,641555
1997-05-27,1880.54,1880.54,1880.54,1880.54,1.66603e+06
1997-05-28,1877.53,1877.53,1877.53,1877.53,874888
1997-05-31,1872.75,1872.75,1872.75,1872.75,1.98593e+06
1997-06-01,1872.16,1872.16,1872.16,1872.16,1.00752e+06
1997-06-02,1873.15,1873.15,1873.15,1873.15,1.11492e+06
1997-06-03,1875.04,1875.04,1875.04,1875.04,2.14591e+06
1997-06-07,1875.08,1875.08,1875.08,1875.08,1.33646e+06
1997-06-08,1873.15,1873.15,1873.15,1873.15,1.4749e+06
1997-06-09,1872.44,1872.44,1872.44,1872.44,1.04387e+06
1997-06-10,1870.74,1870.74,1870.74,1870.74,1.61587e+06
1997-06-11,1868.81,1868.81,1868.81,1868.81,1.58132e+06
1997-06-14,1865.07,1865.07,1865.07,1865.07,742338
1997-06-15,1859.02,1859.02,1859.02,1859.02,1.09676e+06
1997-06-16,1857.08,1857.08,1857.08,1857.08,1.1849e+06
1997-06-17,1859.88,1859.88,1859.88,1859.88,1.87458e+06
1997-06-18,1861.33,1861.33,1861.33,1861.33,3.03641e+06
1997-06-21,1859.5,1859.5,1859.5,1859.5,897393
1997-06-22,1858.62,1858.62,1858.62,1858.62,1.50814e+06
1997-06-23,1859.17,1859.17,1859.17,1859.17,4.62849e+07
1997-06-24,1857.59,1857.59,1857.59,1857.59,926657
1997-06-25,1857.05,1857.05,1857.05,1857.05,1.22133e+06
1997-06-28,1857.13,1857.13,1857.13,1857.13,745010
1997-06-29,1856.89,1856.89,1856.89,1856.89,839025
1997-06-30,1859.36,1859.36,1859.36,1859.36,2.01261e+06
1997-07-01,1859.49,1859.49,1859.49,1859.49,4.43145e+06
1997-07-02,1857.84,1857.84,1857.84,1857.84,3.37773e+06
1997-07-05,1858.19,1858.19,1858.19,1858.19,1.30908e+06
1997-07-06,1855.76,1855.76,1855.76,1855.76,1.75841e+06
1997-07-07,1854.49,1854.49,1854.49,1854.49,1.2623e+06
1997-07-08,1852.48,1852.48,1852.48,1852.48,3.46404e+06
1997-07-09,1851.54,1851.54,1851.54,1851.54,1.55638e+06
1997-07-12,1850.36,1850.36,1850.36,1850.36,1.13408e+06
1997-07-13,1849.53,1849.53,1849.53,1849.53,3.34634e+06
1997-07-14,1846.27,1846.27,1846.27,1846.27,622784
1997-07-15,1845.29,1845.29,1845.29,1845.29,873123
1997-07-16,1849.73,1849.73,1849.73,1849.73,685290
1997-07-19,1849.94,1849.94,1849.94,1849.94,468431
1997-07-20,1848.14,1848.14,1848.14,1848.14,640595
1997-07-21,1848.41,1848.41,1848.41,1848.41,3.20941e+07
1997-07-22,1848.4,1848.4,1848.4,1848.4,243179
1997-07-26,1848.8,1848.8,1848.8,1848.8,351557
1997-07-27,1848.93,1848.93,1848.93,1848.93,635117
1997-07-28,1838.9,1838.9,1838.9,1838.9,585358
1997-07-29,1840.95,1840.95,1840.95,1840.95,353410
1997-07-30,1792.9,1792.9,1792.9,1792.9,457262
1997-08-02,1788.12,1788.12,1788.12,1788.12,680235
1997-08-03,1789.42,1789.42,1789.42,1789.42,428845
1997-08-04,1768.17,1768.17,1768.17,1768.17,2.02454e+06
1997-08-05,1758.99,1758.99,1758.99,1758.99,9.00133e+06
1997-08-06,1756.47,1756.47,1756.47,1756.47,826900
1997-08-09,1751.27,1751.27,1751.27,1751.27,542901
1997-08-10,1738.22,1738.22,1738.22,1738.22,527727
1997-08-11,1733.42,1733.42,1733.42,1733.42,609994
1997-08-12,1716.51,1716.51,1716.51,1716.51,681355
1997-08-13,1714.36,1714.36,1714.36,1714.36,872386
1997-08-16,1705.6,1705.6,1705.6,1705.6,746905
1997-08-17,1700.9,1700.9,1700.9,1700.9,865386
1997-08-18,1691.96,1691.96,1691.96,1691.96,830958
1997-08-19,1686.71,1686.71,1686.71,1686.71,914700
1997-08-20,1686.84,1686.84,1686.84,1686.84,854490
1997-08-23,1688.19,1688.19,1688.19,1688.19,804757
1997-08-24,1683.36,1683.36,1683.36,1683.36,630596
1997-08-25,1683.15,1683.15,1683.15,1683.15,9.48717e+06
1997-08-26,1684.47,1684.47,1684.47,1684.47,853554
1997-08-27,1683.76,1683.76,1683.76,1683.76,705725
1997-08-30,1683.06,1683.06,1683.06,1683.06,716304
1997-08-31,1681.43,1681.43,1681.43,1681.43,676663
1997-09-01,1680.06,1680.06,1680.06,1680.06,1.41098e+06
1997-09-02,1675.96,1675.96,1675.96,1675.96,686786
1997-09-03,1675.83,1675.83,1675.83,1675.83,1.24923e+06
1997-09-06,1675.04,1675.04,1675.04,1675.04,3.62496e+06
1997-09-07,1673.84,1673.84,1673.84,1673.84,622129
1997-09-08,1670.19,1670.19,1670.19,1670.19,575968
1997-09-09,1669.77,1669.77,1669.77,1669.77,629030
1997-09-10,1669.91,1669.91,1669.91,1669.91,837880
1997-09-13,1669.92,1669.92,1669.92,1669.92,544356
1997-09-14,1665.79,1665.79,1665.79,1665.79,1.61791e+06
1997-09-15,1659.4,1659.4,1659.4,1659.4,627450
1997-09-16,1658.73,1658.73,1658.73,1658.73,776152
1997-09-17,1654.07,1654.07,1654.07,1654.07,2.17864e+06
1997-09-20,1653.83,1653.83,1653.83,1653.83,798780
1997-09-21,1647.15,1647.15,1647.15,1647.15,3.89682e+06
1997-09-22,1645.98,1645.98,1645.98,1645.98,5.74274e+06
1997-09-23,1645.57,1645.57,1645.57,1645.57,499866
1997-09-24,1641.1,1641.1,1641.1,1641.1,1.83746e+07
1997-09-27,1640.77,1640.77,1640.77,1640.77,668684
1997-09-28,1641.94,1641.94,1641.94,1641.94,801997
1997-09-29,1643.15,1643.15,1643.15,1643.15,730131
1997-09-30,1643.81,1643.81,1643.81,1643.81,1.90541e+06
1997-10-01,1644.87,1644.87,1644.87,1644.87,1.02881e+06
1997-10-04,1645.51,1645.51,1645.51,1645.51,626548
1997-10-05,1646.38,1646.38,1646.38,1646.38,608550
1997-10-06,1646.63,1646.63,1646.63,1646.63,637088
1997-10-07,1646.76,1646.76,1646.76,1646.76,4.81946e+06
1997-10-08,1646.83,1646.83,1646.83,1646.83,1.28726e+06
1997-10-11,1645.41,1645.41,1645.41,1645.41,578859
1997-10-12,1641.45,1641.45,1641.45,1641.45,1.37256e+06
1997-10-13,1640.45,1640.45,1640.45,1640.45,2.22981e+06
1997-10-14,1641.06,1641.06,1641.06,1641.06,664665
1997-10-15,1640.35,1640.35,1640.35,1640.35,1.4885e+06
1997-10-18,1633.21,1633.21,1633.21,1633.21,595765
1997-10-19,1634.77,1634.77,1634.77,1634.77,533966
1997-10-20,1634.93,1634.93,1634.93,1634.93,587578
1997-10-21,1634.37,1634.37,1634.37,1634.37,1.01743e+06
1997-10-22,1634.74,1634.74,1634.74,1634.74,705742
1997-10-25,1633.23,1633.23,1633.23,1633.23,605366
1997-10-26,1632.79,1632.79,1632.79,1632.79,5.0053e+06
1997-10-27,1633.07,1633.07,1633.07,1633.07,1.13121e+06
1997-10-28,1633.6,1633.6,1633.6,1633.6,1.27492e+06
1997-10-29,1634.58,1634.58,1634.58,1634.58,787236
1997-11-01,1633.75,1633.75,1633.75,1633.75,517034
1997-11-02,1633.69,1633.69,1633.69,1633.69,775341
1997-11-03,1633.94,1633.94,1633.94,1633.94,495269
1997-11-04,1633.87,1633.87,1633.87,1633.87,1.23892e+06
1997-11-05,1633.8,1633.8,1633.8,1633.8,522457
1997-11-08,1632.36,1632.36,1632.36,1632.36,435176
1997-11-09,1632.38,1632.38,1632.38,1632.38,882696
1997-11-10,1632.18,1632.18,1632.18,1632.18,734113
1997-11-11,1631.79,1631.79,1631.79,1631.79,1.01698e+06
1997-11-12,1632.28,1632.28,1632.28,1632.28,571720
1997-11-15,1631.24,1631.24,1631.24,1631.24,680242
1997-11-16,1631.06,1631.06,1631.06,1631.06,779787
1997-11-17,1631.39,1631.39,1631.39,1631.39,1.3098e+06
1997-11-18,1631.56,1631.56,1631.56,1631.56,782787
1997-11-19,1631.55,1631.55,1631.55,1631.55,960815
1997-11-22,1630.95,1630.95,1630.95,1630.95,9.62947e+06
1997-11-23,1630.55,1630.55,1630.55,1630.55,1.60768e+06
1997-11-24,1631.21,1631.21,1631.21,1631.21,856451
1997-11-25,1631.91,1631.91,1631.91,1631.91,696868
1997-11-26,1630.68,1630.68,1630.68,1630.68,546463
1997-11-29,1630.22,1630.22,1630.22,1630.22,630761
1997-11-30,1629.46,1629.46,1629.46,1629.46,435138
1997-12-01,1629.46,1629.46,1629.46,1629.46,331791
1997-12-02,1627.32,1627.32,1627.32,1627.32,656837
1997-12-03,1622.87,1622.87,1622.87,1622.87,348203
1997-12-06,1622.3,1622.3,1622.3,1622.3,797646
1997-12-07,1622.56,1622.56,1622.56,1622.56,914069
1997-12-13,1623.01,1623.01,1623.01,1623.01,1.02988e+06
1997-12-14,1623.08,1623.08,1623.08,1623.08,628052
1997-12-15,1623.65,1623.65,1623.65,1623.65,2.75209e+06
1997-12-17,1624.81,1624.81,1624.81,1624.81,900317
1997-12-20,1625.23,1625.23,1625.23,1625.23,598051
1997-12-21,1625.98,1625.98,1625.98,1625.98,1.48003e+06
1997-12-22,1626.49,1626.49,1626.49,1626.49,675502
1997-12-23,1626.98,1626.98,1626.98,1626.98,1.53262e+06
1997-12-24,1627.78,1627.78,1627.78,1627.78,589259
1997-12-27,1628.68,1628.68,1628.68,1628.68,630144
1997-12-28,1628.92,1628.92,1628.92,1628.92,626128
1997-12-29,1629.6,1629.6,1629.6,1629.6,475540
1997-12-30,1630.22,1630.22,1630.22,1630.22,2.43799e+06
1997-12-31,1631.41,1631.41,1631.41,1631.41,1.45085e+06
1998-01-03,1632.69,1632.69,1632.69,1632.69,975507
1998-01-04,1633.2,1633.2,1633.2,1633.2,944593
1998-01-05,1633.24,1633.24,1633.24,1633.24,1.0156e+06
1998-01-06,1634.8,1634.8,1634.8,1634.8,1.20959e+06
1998-01-07,1635.72,1635.72,1635.72,1635.72,867251
1998-01-10,1636.53,1636.53,1636.53,1636.53,969308
1998-01-11,1636.96,1636.96,1636.96,1636.96,1.586e+06
1998-01-12,1637.99,1637.99,1637.99,1637.99,1.90851e+06
1998-01-13,1638.77,1638.77,1638.77,1638.77,428437
1998-01-14,1640.05,1640.05,1640.05,1640.05,474829
1998-01-17,1640.77,1640.77,1640.77,1640.77,1.6166e+06
1998-01-18,1641.95,1641.95,1641.95,1641.95,420543
1998-01-19,1644.2,1644.2,1644.2,1644.2,431333
1998-01-21,1644.25,1644.25,1644.25,1644.25,507230
1998-01-24,1644.57,1644.57,1644.57,1644.57,1.54345e+06
1998-01-25,1644.78,1644.78,1644.78,1644.78,495914
1998-01-26,1645.36,1645.36,1645.36,1645.36,639423
1998-01-27,1645.76,1645.76,1645.76,1645.76,536702
1998-01-28,1646.06,1646.06,1646.06,1646.06,449440
1998-01-31,1646.53,1646.53,1646.53,1646.53,453265
1998-02-01,1647.36,1647.36,1647.36,1647.36,375174
1998-02-02,1647.97,1647.97,1647.97,1647.97,464472
1998-02-03,1648.04,1648.04,1648.04,1648.04,2.50055e+06
1998-02-04,1648.58,1648.58,1648.58,1648.58,550914
1998-02-07,1648.77,1648.77,1648.77,1648.77,1.76323e+06
1998-02-08,1648.86,1648.86,1648.86,1648.86,9.69949e+06
1998-02-09,1648.98,1648.98,1648.98,1648.98,1.18041e+06
1998-02-10,1649.32,1649.32,1649.32,1649.32,3.10561e+06
1998-02-14,1649.47,1649.47,1649.47,1649.47,2.59403e+06
1998-02-15,1649.54,1649.54,1649.54,1649.54,602549
1998-02-16,1650.21,1650.21,1650.21,1650.21,761347
1998-02-17,1650.34,1650.34,1650.34,1650.34,1.14385e+06
1998-02-18,1650.73,1650.73,1650.73,1650.73,741676
1998-02-21,1651.44,1651.44,1651.44,1651.44,1.46328e+06
1998-02-23,1651.5,1651.5,1651.5,1651.5,1.95772e+06
1998-02-24,1651.94,1651.94,1651.94,1651.94,8.74618e+06
1998-02-25,1652.09,1652.09,1652.09,1652.09,5.44631e+06
1998-02-28,1652.19,1652.19,1652.19,1652.19,1.25621e+07
1998-03-01,1652.26,1652.26,1652.26,1652.26,3.2337e+06
1998-03-02,1652.27,1652.27,1652.27,1652.27,841621
1998-03-03,1652.28,1652.28,1652.28,1652.28,333798
1998-03-04,1652.3,1652.3,1652.3,1652.3,2.73468e+06
1998-03-07,1652.45,1652.45,1652.45,1652.45,722920
1998-03-08,1652.45,1652.45,1652.45,1652.45,702222
1998-03-09,1652.5,1652.5,1652.5,1652.5,1.99277e+06
1998-03-11,1652.51,1652.51,1652.51,1652.51,1.65336e+06
1998-03-14,1652.97,1652.97,1652.97,1652.97,685623
1998-03-15,1652.98,1652.98,1652.98,1652.98,658696
1998-03-16,1653.02,1653.02,1653.02,1653.02,5.71409e+06
1998-03-17,1653.03,1653.03,1653.03,1653.03,8.09026e+06
1998-03-18,1653.06,1653.06,1653.06,1653.06,3.36525e+06
1998-03-28,1653.08,1653.08,1653.08,1653.08,568442
1998-03-29,1639.17,1639.17,1639.17,1639.17,177206
1998-03-30,1630.05,1630.05,1630.05,1630.05,418695
1998-03-31,1609.52,1609.52,1609.52,1609.52,249970
1998-04-04,1611.15,1611.15,1611.15,1611.15,164099
1998-04-05,1612.14,1612.14,1612.14,1612.14,244682
1998-04-06,1612.04,1612.04,1612.04,1612.04,1.74285e+06
1998-04-07,1611.85,1611.85,1611.85,1611.85,2.27696e+06
1998-04-11,1612.2,1612.2,1612.2,1612.2,481564
1998-04-12,1611.83,1611.83,1611.83,1611.83,421860
1998-04-13,1611.5,1611.5,1611.5,1611.5,390451
1998-04-14,1612.2,1612.2,1612.2,1612.2,837859
1998-04-15,1612.4,1612.4,1612.4,1612.4,514136
1998-04-18,1612.23,1612.23,1612.23,1612.23,619654
1998-04-19,1612.47,1612.47,1612.47,1612.47,1.5504e+06
1998-04-20,1610.6,1610.6,1610.6,1610.6,604172
1998-04-21,1610.82,1610.82,1610.82,1610.82,832758
1998-04-22,1612.17,1612.17,1612.17,1612.17,559894
1998-04-25,1612.2,1612.2,1612.2,1612.2,1.21118e+06
1998-04-26,1611.92,1611.92,1611.92,1611.92,2.5175e+06
1998-04-27,1613.04,1613.04,1613.04,1613.04,541774
1998-04-28,1613.06,1613.06,1613.06,1613.06,908566
1998-04-29,1610.43,1610.43,1610.43,1610.43,851674
1998-05-02,1612.72,1612.72,1612.72,1612.72,1.65691e+06
1998-05-03,1612.34,1612.34,1612.34,1612.34,1.25512e+06
1998-05-04,1611.16,1611.16,1611.16,1611.16,1.06146e+06
1998-05-05,1611.53,1611.53,1611.53,1611.53,3.76798e+06
1998-05-09,1608.73,1608.73,1608.73,1608.73,1.5999e+06
1998-05-10,1607.83,1607.83,1607.83,1607.83,2.80888e+06
1998-05-11,1606.03,1606.03,1606.03,1606.03,605687
1998-05-12,1604.13,1604.13,1604.13,1604.13,2.13098e+06
1998-05-13,1604.86,1604.86,1604.86,1604.86,883022
1998-05-16,1605.48,1605.48,1605.48,1605.48,593654
1998-05-17,1605.53,1605.53,1605.53,1605.53,989001
1998-05-18,1605.33,1605.33,1605.33,1605.33,685303
1998-05-19,1604.78,1604.78,1604.78,1604.78,1.33343e+06
1998-05-20,1608.3,1608.3,1608.3,1608.3,1.67366e+06
1998-05-23,1605.13,1605.13,1605.13,1605.13,661257
1998-05-24,1604.84,1604.84,1604.84,1604.84,806058
1998-05-25,1603.46,1603.46,1603.46,1603.46,1.26297e+06
1998-05-26,1603.95,1603.95,1603.95,1603.95,1.76408e+06
1998-05-27,1603.51,1603.51,1603.51,1603.51,5.53307e+06
1998-05-30,1601.2,1601.2,1601.2,1601.2,745361
1998-05-31,1601.8,1601.8,1601.8,1601.8,2.36385e+06
1998-06-01,1601.85,1601.85,1601.85,1601.85,1.23039e+06
1998-06-02,1603.07,1603.07,1603.07,1603.07,1.29382e+06
1998-06-03,1602.72,1602.72,1602.72,1602.72,907224
1998-06-06,1603.86,1603.86,1603.86,1603.86,1.278e+06
1998-06-07,1605.18,1605.18,1605.18,1605.18,2.99504e+06
1998-06-08,1607.37,1607.37,1607.37,1607.37,1.02479e+06
1998-06-09,1608.36,1608.36,1608.36,1608.36,805310
1998-06-10,1607.41,1607.41,1607.41,1607.41,1.29981e+06
1998-06-13,1607.77,1607.77,1607.77,1607.77,2.90017e+06
1998-06-14,1606.63,1606.63,1606.63,1606.63,913404
1998-06-16,1605.14,1605.14,1605.14,1605.14,789571
1998-06-17,1604.24,1604.24,1604.24,1604.24,6.5051e+06
1998-06-20,1602.38,1602.38,1602.38,1602.38,1.07857e+06
1998-06-21,1601.79,1601.79,1601.79,1601.79,725513
1998-06-22,1605.98,1605.98,1605.98,1605.98,2.63702e+06
1998-06-24,1605.39,1605.39,1605.39,1605.39,669238
1998-06-27,1605.3,1605.3,1605.3,1605.3,3.99667e+06
1998-06-28,1604.04,1604.04,1604.04,1604.04,560737
1998-06-29,1602.59,1602.59,1602.59,1602.59,1.45085e+06
1998-06-30,1604.11,1604.11,1604.11,1604.11,1.33095e+06
1998-07-01,1604.35,1604.35,1604.35,1604.35,1.52573e+06
1998-07-04,1604.45,1604.45,1604.45,1604.45,3.44995e+06
1998-07-05,1592.5,1592.5,1592.5,1592.5,1.56484e+06
1998-07-06,1588.85,1588.85,1588.85,1588.85,1.39084e+06
1998-07-07,1588.24,1588.24,1588.24,1588.24,752100
1998-07-08,1588.99,1588.99,1588.99,1588.99,948445
1998-07-11,1590.26,1590.26,1590.26,1590.26,2.0882e+06
1998-07-13,1589.46,1589.46,1589.46,1589.46,572969
1998-07-14,1581.1,1581.1,1581.1,1581.1,946098
1998-07-15,1581.35,1581.35,1581.35,1581.35,4.58982e+06
1998-07-18,1580.36,1580.36,1580.36,1580.36,1.23088e+06
1998-07-19,1574.64,1574.64,1574.64,1574.64,437248
1998-07-20,1570.42,1570.42,1570.42,1570.42,267514
1998-07-21,1569.45,1569.45,1569.45,1569.45,1.17531e+06
1998-07-22,1570.16,1570.16,1570.16,1570.16,211058
1998-07-25,1570.92,1570.92,1570.92,1570.92,155572
1998-07-26,1571.72,1571.72,1571.72,1571.72,152952
1998-07-27,1570.64,1570.64,1570.64,1570.64,163625
1998-07-28,1564.89,1564.89,1564.89,1564.89,1.46443e+06
1998-07-29,1557.91,1557.91,1557.91,1557.91,410049
1998-08-01,1540.35,1540.35,1540.35,1540.35,4.84228e+07
1998-08-02,1541.74,1541.74,1541.74,1541.74,391925
1998-08-03,1537.63,1537.63,1537.63,1537.63,508169
1998-08-04,1537.68,1537.68,1537.68,1537.68,1.30092e+06
1998-08-05,1535.94,1535.94,1535.94,1535.94,431497
1998-08-08,1518.94,1518.94,1518.94,1518.94,1.69487e+06
1998-08-09,1515.33,1515.33,1515.33,1515.33,477857
1998-08-10,1515.84,1515.84,1515.84,1515.84,438861
1998-08-11,1501.97,1501.97,1501.97,1501.97,1.92097e+07
1998-08-12,1501.46,1501.46,1501.46,1501.46,524508
1998-08-15,1500.61,1500.61,1500.61,1500.61,709215
1998-08-16,1484.67,1484.67,1484.67,1484.67,1.07332e+06
1998-08-17,1478.74,1478.74,1478.74,1478.74,994188
1998-08-18,1480.96,1480.96,1480.96,1480.96,978643
1998-08-19,1472.94,1472.94,1472.94,1472.94,813604
1998-08-22,1476.59,1476.59,1476.59,1476.59,601142
1998-08-23,1480.97,1480.97,1480.97,1480.97,817096
1998-08-24,1485.59,1485.59,1485.59,1485.59,685932
1998-08-25,1491.27,1491.27,1491.27,1491.27,912544
1998-08-26,1497.2,1497.2,1497.2,1497.2,500578
1998-08-29,1502.45,1502.45,1502.45,1502.45,551804
1998-08-30,1511.39,1511.39,1511.39,1511.39,1.31545e+06
1998-08-31,1517.79,1517.79,1517.79,1517.79,670498
1998-09-01,1525.86,1525.86,1525.86,1525.86,985250
1998-09-02,1526.94,1526.94,1526.94,1526.94,1.12046e+06
1998-09-05,1520.23,1520.23,1520.23,1520.23,2.64854e+06
1998-09-06,1509.51,1509.51,1509.51,1509.51,1.17246e+06
1998-09-07,1510.73,1510.73,1510.73,1510.73,1.51016e+06
1998-09-08,1511.9,1511.9,1511.9,1511.9,1.1387e+06
1998-09-09,1513.27,1513.27,1513.27,1513.27,5.45928e+06
1998-09-12,1516.64,1516.64,1516.64,1516.64,650423
1998-09-13,1517.42,1517.42,1517.42,1517.42,1.1547e+06
1998-09-14,1519.93,1519.93,1519.93,1519.93,1.3061e+06
1998-09-15,1521.16,1521.16,1521.16,1521.16,1.08565e+07
1998-09-16,1522.86,1522.86,1522.86,1522.86,974959
1998-09-19,1523.56,1523.56,1523.56,1523.56,855004
1998-09-20,1525.05,1525.05,1525.05,1525.05,5.5576e+07
1998-09-21,1527.14,1527.14,1527.14,1527.14,925972
1998-09-22,1527.55,1527.55,1527.55,1527.55,1.94646e+06
1998-09-23,1528.15,1528.15,1528.15,1528.15,1.54556e+06
1998-09-26,1529.1,1529.1,1529.1,1529.1,1.03703e+06
1998-09-27,1531.18,1531.18,1531.18,1531.18,866506
1998-09-28,1531.75,1531.75,1531.75,1531.75,1.11085e+06
1998-09-29,1532.5,1532.5,1532.5,1532.5,2.36199e+06
1998-09-30,1533.65,1533.65,1533.65,1533.65,1.04748e+06
1998-10-03,1535.56,1535.56,1535.56,1535.56,1.53978e+06
1998-10-04,1535.56,1535.56,1535.56,1535.56,3.04211e+06
1998-10-05,1536.12,1536.12,1536.12,1536.12,1.04252e+06
1998-10-06,1537.26,1537.26,1537.26,1537.26,1.99632e+06
1998-10-07,1537.3,1537.3,1537.3,1537.3,1.03674e+06
1998-10-10,1537.69,1537.69,1537.69,1537.69,922492
1998-10-11,1543.14,1543.14,1543.14,1543.14,1.03974e+06
1998-10-12,1547.47,1547.47,1547.47,1547.47,2.00673e+06
1998-10-13,1549.7,1549.7,1549.7,1549.7,9.23982e+06
1998-10-14,1554.48,1554.48,1554.48,1554.48,1.1091e+06
1998-10-17,1559.06,1559.06,1559.06,1559.06,1.70063e+06
1998-10-18,1562.38,1562.38,1562.38,1562.38,1.01514e+06
1998-10-19,1562.75,1562.75,1562.75,1562.75,967447
1998-10-20,1565.9,1565.9,1565.9,1565.9,1.20062e+06
1998-10-21,1566.89,1566.89,1566.89,1566.89,1.2469e+06
1998-10-24,1567.16,1567.16,1567.16,1567.16,742174
1998-10-25,1567.96,1567.96,1567.96,1567.96,1.38047e+06
1998-10-26,1568.02,1568.02,1568.02,1568.02,807024
1998-10-27,1566.48,1566.48,1566.48,1566.48,1.20093e+06
1998-10-28,1566.78,1566.78,1566.78,1566.78,850998
1998-10-31,1566.51,1566.51,1566.51,1566.51,1.83849e+06
1998-11-01,1566.63,1566.63,1566.63,1566.63,1.00848e+06
1998-11-02,1565.01,1565.01,1565.01,1565.01,1.31152e+06
1998-11-04,1565.24,1565.24,1565.24,1565.24,895536
1998-11-07,1565.25,1565.25,1565.25,1565.25,1.53097e+06
1998-11-08,1564.6,1564.6,1564.6,1564.6,1.2643e+06
1998-11-09,1563.96,1563.96,1563.96,1563.96,1.25749e+06
1998-11-10,1563.1,1563.1,1563.1,1563.1,1.2171e+06
1998-11-11,1561.26,1561.26,1561.26,1561.26,1.6791e+06
1998-11-14,1560.64,1560.64,1560.64,1560.64,1.04289e+06
1998-11-15,1561.33,1561.33,1561.33,1561.33,8.81523e+06
1998-11-16,1563.84,1563.84,1563.84,1563.84,2.05484e+06
1998-11-18,1563.08,1563.08,1563.08,1563.08,840839
1998-11-21,1564.08,1564.08,1564.08,1564.08,890839
1998-11-22,1564.08,1564.08,1564.08,1564.08,1.45618e+06
1998-11-23,1563.69,1563.69,1563.69,1563.69,1.30528e+06
1998-11-24,1562.34,1562.34,1562.34,1562.34,3.16073e+06
1998-11-25,1562.23,1562.23,1562.23,1562.23,877407
1998-11-28,1561.13,1561.13,1561.13,1561.13,461996
1998-11-29,1560.39,1560.39,1560.39,1560.39,673865
1998-11-30,1560.03,1560.03,1560.03,1560.03,2.50723e+06
1998-12-01,1560.24,1560.24,1560.24,1560.24,3.95965e+08
1998-12-02,1560.33,1560.33,1560.33,1560.33,1.25796e+07
1998-12-06,1559.91,1559.91,1559.91,1559.91,1.55395e+06
1998-12-07,1558.81,1558.81,1558.81,1558.81,751835
1998-12-08,1558.86,1558.86,1558.86,1558.86,850836
1998-12-09,1558.02,1558.02,1558.02,1558.02,966399
1998-12-12,1556.93,1556.93,1556.93,1556.93,577258
1998-12-13,1555.72,1555.72,1555.72,1555.72,598834
1998-12-14,1555.85,1555.85,1555.85,1555.85,1.48272e+06
1998-12-15,1555.12,1555.12,1555.12,1555.12,1.13692e+06
1998-12-16,1555.06,1555.06,1555.06,1555.06,1.04055e+06
1998-12-19,1554.8,1554.8,1554.8,1554.8,724361
1998-12-20,1546.37,1546.37,1546.37,1546.37,1.00367e+06
1998-12-21,1535.16,1535.16,1535.16,1535.16,2.96426e+07
1998-12-22,1534.87,1534.87,1534.87,1534.87,3.22545e+06
1998-12-23,1535.19,1535.19,1535.19,1535.19,1.99272e+07
1998-12-26,1535.72,1535.72,1535.72,1535.72,659595
1998-12-27,1534.41,1534.41,1534.41,1534.41,1.34741e+06
1998-12-28,1534.83,1534.83,1534.83,1534.83,955152
1998-12-29,1535.02,1535.02,1535.02,1535.02,9.7205e+06
1998-12-30,1531.05,1531.05,1531.05,1531.05,4.87138e+06
1999-01-02,1531.79,1531.79,1531.79,1531.79,699282
1999-01-03,1526.75,1526.75,1526.75,1526.75,6.8016e+06
1999-01-04,1525.78,1525.78,1525.78,1525.78,2.40075e+06
1999-01-05,1526.3,1526.3,1526.3,1526.3,1.51821e+06
1999-01-06,1526.63,1526.63,1526.63,1526.63,2.6037e+06
1999-01-10,1529.53,1529.53,1529.53,1529.53,1.993e+06
1999-01-11,1529.73,1529.73,1529.73,1529.73,1.47161e+06
1999-01-12,1529.73,1529.73,1529.73,1529.73,483754
1999-01-13,1527.1,1527.1,1527.1,1527.1,2.0113e+06
1999-01-16,1526.72,1526.72,1526.72,1526.72,634673
1999-01-17,1526.48,1526.48,1526.48,1526.48,1.58493e+06
1999-01-19,1525.21,1525.21,1525.21,1525.21,651024
1999-01-20,1525.31,1525.31,1525.31,1525.31,1.47027e+06
1999-01-23,1526.32,1526.32,1526.32,1526.32,578023
1999-01-24,1528.39,1528.39,1528.39,1528.39,968114
1999-01-25,1527.88,1527.88,1527.88,1527.88,749234
1999-01-26,1528,1528,1528,1528,8.20556e+06
1999-01-27,1526.38,1526.38,1526.38,1526.38,1.5162e+06
1999-01-30,1529.74,1529.74,1529.74,1529.74,535050
1999-01-31,1527.2,1527.2,1527.2,1527.2,2.32101e+07
1999-02-01,1524.84,1524.84,1524.84,1524.84,1.04517e+06
1999-02-02,1520.34,1520.34,1520.34,1520.34,761227
1999-02-03,1520.19,1520.19,1520.19,1520.19,758012
1999-02-06,1520.57,1520.57,1520.57,1520.57,1.66973e+06
1999-02-07,1520.72,1520.72,1520.72,1520.72,2.97095e+06
1999-02-08,1520.96,1520.96,1520.96,1520.96,1.37088e+06
1999-02-09,1520,1520,1520,1520,697444
1999-02-10,1525.59,1525.59,1525.59,1525.59,3.68487e+06
1999-02-13,1526.88,1526.88,1526.88,1526.88,3.84301e+07
1999-02-14,1525.3,1525.3,1525.3,1525.3,6.47124e+06
1999-02-15,1527.87,1527.87,1527.87,1527.87,5.3797e+06
1999-02-16,1528.9,1528.9,1528.9,1528.9,1.35716e+07
1999-02-17,1529.76,1529.76,1529.76,1529.76,7.59904e+06
1999-02-20,1531.62,1531.62,1531.62,1531.62,790778
1999-02-21,1533.67,1533.67,1533.67,1533.67,1.9623e+06
1999-02-22,1534.46,1534.46,1534.46,1534.46,1.24054e+06
1999-02-23,1532.71,1532.71,1532.71,1532.71,2.2209e+06
1999-02-24,1530.85,1530.85,1530.85,1530.85,1.22852e+06
1999-02-27,1524.1,1524.1,1524.1,1524.1,635338
1999-02-28,1523.96,1523.96,1523.96,1523.96,488853
1999-03-01,1526.19,1526.19,1526.19,1526.19,765415
1999-03-02,1526.45,1526.45,1526.45,1526.45,1.51862e+06
1999-03-03,1526.78,1526.78,1526.78,1526.78,5.3814e+06
1999-03-06,1524.47,1524.47,1524.47,1524.47,1.1472e+06
1999-03-07,1524.45,1524.45,1524.45,1524.45,940092
1999-03-08,1525,1525,1525,1525,2.67726e+06
1999-03-09,1526.23,1526.23,1526.23,1526.23,3.50598e+07
1999-03-10,1528.72,1528.72,1528.72,1528.72,1.01881e+06
1999-03-13,1530.26,1530.26,1530.26,1530.26,1.11882e+06
1999-03-14,1533.63,1533.63,1533.63,1533.63,7.08808e+06
1999-03-15,1534,1534,1534,1534,3.75861e+06
1999-03-16,1534.07,1534.07,1534.07,1534.07,2.62432e+06
1999-03-17,1538,1538,1538,1538,4.50548e+07
1999-03-27,1538.7,1538.7,1538.7,1538.7,4.33215e+06
1999-03-29,1540.95,1540.95,1540.95,1540.95,462335
1999-03-30,1541.9,1541.9,1541.9,1541.9,189013
1999-03-31,1542.42,1542.42,1542.42,1542.42,246824
1999-04-03,1543.64,1543.64,1543.64,1543.64,121725
1999-04-04,1544.37,1544.37,1544.37,1544.37,573183
1999-04-06,1547.01,1547.01,1547.01,1547.01,879495
1999-04-07,1551.5,1551.5,1551.5,1551.5,1.05658e+07
1999-04-10,1555.86,1555.86,1555.86,1555.86,1.01839e+06
1999-04-11,1558.09,1558.09,1558.09,1558.09,1.01436e+06
1999-04-12,1562.74,1562.74,1562.74,1562.74,3.14185e+06
1999-04-13,1566.61,1566.61,1566.61,1566.61,713287
1999-04-14,1570.25,1570.25,1570.25,1570.25,1.20217e+06
1999-04-17,1572.73,1572.73,1572.73,1572.73,983327
1999-04-18,1578.24,1578.24,1578.24,1578.24,992583
1999-04-19,1583.69,1583.69,1583.69,1583.69,814418
1999-04-20,1584.6,1584.6,1584.6,1584.6,1.31815e+06
1999-04-21,1585.83,1585.83,1585.83,1585.83,681921
1999-04-24,1589.2,1589.2,1589.2,1589.2,670962
1999-04-25,1594.58,1594.58,1594.58,1594.58,1.19688e+06
1999-04-28,1600.38,1600.38,1600.38,1600.38,3.90714e+06
1999-05-01,1606.37,1606.37,1606.37,1606.37,868690
1999-05-02,1622.83,1622.83,1622.83,1622.83,902131
1999-05-03,1629.88,1629.88,1629.88,1629.88,2.10106e+06
1999-05-04,1631.33,1631.33,1631.33,1631.33,1.5195e+06
1999-05-05,1633.43,1633.43,1633.43,1633.43,1.47395e+06
1999-05-08,1636.69,1636.69,1636.69,1636.69,675939
1999-05-09,1640.05,1640.05,1640.05,1640.05,3.63104e+06
1999-05-10,1642.4,1642.4,1642.4,1642.4,927069
1999-05-11,1645.54,1645.54,1645.54,1645.54,795185
1999-05-12,1649.77,1649.77,1649.77,1649.77,2.41117e+06
1999-05-15,1654.15,1654.15,1654.15,1654.15,703871
1999-05-16,1658.5,1658.5,1658.5,1658.5,1.00807e+06
1999-05-17,1661.74,1661.74,1661.74,1661.74,3.04203e+06
1999-05-18,1665.48,1665.48,1665.48,1665.48,1.76198e+06
1999-05-19,1665.77,1665.77,1665.77,1665.77,3.00614e+06
1999-05-22,1669.22,1669.22,1669.22,1669.22,1.79102e+06
1999-05-23,1674.06,1674.06,1674.06,1674.06,1.63996e+06
1999-05-24,1680.07,1680.07,1680.07,1680.07,1.6504e+06
1999-05-25,1683.88,1683.88,1683.88,1683.88,4.38091e+06
1999-05-26,1688.64,1688.64,1688.64,1688.64,3.08315e+07
1999-05-29,1692.23,1692.23,1692.23,1692.23,1.71839e+06
1999-05-30,1692.97,1692.97,1692.97,1692.97,1.34674e+06
1999-05-31,1697.31,1697.31,1697.31,1697.31,1.5859e+06
1999-06-01,1702.26,1702.26,1702.26,1702.26,2.56892e+06
1999-06-02,1704.51,1704.51,1704.51,1704.51,2.40384e+06
1999-06-06,1705.73,1705.73,1705.73,1705.73,1.44326e+06
1999-06-07,1706.58,1706.58,1706.58,1706.58,1.91145e+06
1999-06-08,1707.9,1707.9,1707.9,1707.9,5.75812e+06
1999-06-09,1708.99,1708.99,1708.99,1708.99,1.10254e+06
1999-06-12,1713.76,1713.76,1713.76,1713.76,993473
1999-06-15,1714.67,1714.67,1714.67,1714.67,1.47548e+06
1999-06-16,1715.84,1715.84,1715.84,1715.84,1.5514e+06
1999-06-19,1718.45,1718.45,1718.45,1718.45,1.6453e+06
1999-06-20,1718.49,1718.49,1718.49,1718.49,1.02662e+06
1999-06-21,1718.9,1718.9,1718.9,1718.9,2.51676e+06
1999-06-22,1719.76,1719.76,1719.76,1719.76,1.80723e+06
1999-06-23,1721.26,1721.26,1721.26,1721.26,1.28904e+06
1999-06-26,1725.24,1725.24,1725.24,1725.24,1.90623e+06
1999-06-27,1725.75,1725.75,1725.75,1725.75,2.20506e+06
1999-06-28,1727.56,1727.56,1727.56,1727.56,1.45295e+06
1999-06-29,1730.76,1730.76,1730.76,1730.76,3.03504e+06
1999-06-30,1732.2,1732.2,1732.2,1732.2,1.51857e+06
1999-07-03,1731.83,1731.83,1731.83,1731.83,990767
1999-07-04,1729.14,1729.14,1729.14,1729.14,1.41798e+06
1999-07-05,1728.23,1728.23,1728.23,1728.23,1.41862e+06
1999-07-06,1729.46,1729.46,1729.46,1729.46,2.04993e+06
1999-07-07,1730.71,1730.71,1730.71,1730.71,1.67052e+06
1999-07-10,1734.66,1734.66,1734.66,1734.66,1.67508e+06
1999-07-11,1735.49,1735.49,1735.49,1735.49,2.72663e+06
1999-07-12,1739.83,1739.83,1739.83,1739.83,6.73744e+06
1999-07-13,1739.15,1739.15,1739.15,1739.15,2.08638e+06
1999-07-14,1737.98,1737.98,1737.98,1737.98,1.26332e+06
1999-07-17,1740.36,1740.36,1740.36,1740.36,993859
1999-07-18,1734.49,1734.49,1734.49,1734.49,1.08855e+06
1999-07-19,1734.29,1734.29,1734.29,1734.29,793177
1999-07-20,1732.08,1732.08,1732.08,1732.08,650741
1999-07-21,1732.74,1732.74,1732.74,1732.74,624427
1999-07-24,1732.7,1732.7,1732.7,1732.7,443454
1999-07-25,1720.99,1720.99,1720.99,1720.99,1.04679e+06
1999-07-26,1721.23,1721.23,1721.23,1721.23,379498
1999-07-27,1721.67,1721.67,1721.67,1721.67,1.22477e+06
1999-07-28,1724.27,1724.27,1724.27,1724.27,734642
1999-07-31,1701.42,1701.42,1701.42,1701.42,863909
1999-08-01,1708.62,1708.62,1708.62,1708.62,945921
1999-08-02,1706.83,1706.83,1706.83,1706.83,1.51755e+06
1999-08-03,1707.13,1707.13,1707.13,1707.13,1.22811e+06
1999-08-04,1702.72,1702.72,1702.72,1702.72,3.00925e+06
1999-08-07,1696.17,1696.17,1696.17,1696.17,1.12334e+06
1999-08-08,1703.46,1703.46,1703.46,1703.46,894949
1999-08-09,1711.91,1711.91,1711.91,1711.91,1.20618e+06
1999-08-10,1721.79,1721.79,1721.79,1721.79,1.93164e+06
1999-08-11,1722.05,1722.05,1722.05,1722.05,1.16824e+06
1999-08-14,1723.22,1723.22,1723.22,1723.22,1.28657e+06
1999-08-15,1725.49,1725.49,1725.49,1725.49,877498
1999-08-16,1725.69,1725.69,1725.69,1725.69,1.07356e+06
1999-08-17,1724.46,1724.46,1724.46,1724.46,3.80773e+06
1999-08-18,1724,1724,1724,1724,1.70543e+06
1999-08-21,1718.06,1718.06,1718.06,1718.06,1.02271e+06
1999-08-22,1720.08,1720.08,1720.08,1720.08,1.50259e+06
1999-08-23,1720.55,1720.55,1720.55,1720.55,1.51674e+06
1999-08-24,1722.63,1722.63,1722.63,1722.63,1.1533e+06
1999-08-25,1725.4,1725.4,1725.4,1725.4,1.18134e+06
1999-08-28,1728.28,1728.28,1728.28,1728.28,777727
1999-08-29,1729.86,1729.86,1729.86,1729.86,1.07785e+06
1999-08-30,1732.05,1732.05,1732.05,1732.05,737505
1999-08-31,1730.98,1730.98,1730.98,1730.98,1.6257e+06
1999-09-01,1732.1,1732.1,1732.1,1732.1,2.18141e+06
1999-09-04,1735.48,1735.48,1735.48,1735.48,852207
1999-09-05,1739.2,1739.2,1739.2,1739.2,1.20178e+06
1999-09-06,1736.01,1736.01,1736.01,1736.01,2.66543e+06
1999-09-07,1739.88,1739.88,1739.88,1739.88,1.57872e+06
1999-09-08,1747.54,1747.54,1747.54,1747.54,1.52507e+06
1999-09-11,1749.76,1749.76,1749.76,1749.76,3.26245e+06
1999-09-12,1753.55,1753.55,1753.55,1753.55,1.10701e+06
1999-09-13,1759.85,1759.85,1759.85,1759.85,1.46665e+06
1999-09-15,1762.05,1762.05,1762.05,1762.05,4.63172e+06
1999-09-18,1763.13,1763.13,1763.13,1763.13,1.85042e+06
1999-09-19,1764.42,1764.42,1764.42,1764.42,3.23613e+06
1999-09-20,1764.48,1764.48,1764.48,1764.48,1.09335e+06
1999-09-21,1764.84,1764.84,1764.84,1764.84,928808
1999-09-22,1766.35,1766.35,1766.35,1766.35,1.61224e+06
1999-09-25,1763.52,1763.52,1763.52,1763.52,775205
1999-09-26,1764.71,1764.71,1764.71,1764.71,1.53315e+06
1999-09-27,1764.75,1764.75,1764.75,1764.75,1.55717e+06
1999-09-28,1764.2,1764.2,1764.2,1764.2,1.08457e+06
1999-09-29,1765.01,1765.01,1765.01,1765.01,773121
1999-10-02,1766.12,1766.12,1766.12,1766.12,1.3931e+06
1999-10-03,1767.86,1767.86,1767.86,1767.86,967396
1999-10-04,1768.42,1768.42,1768.42,1768.42,1.46262e+06
1999-10-05,1767.1,1767.1,1767.1,1767.1,1.13743e+06
1999-10-06,1769.94,1769.94,1769.94,1769.94,1.68122e+06
1999-10-09,1770.63,1770.63,1770.63,1770.63,757884
1999-10-10,1771.95,1771.95,1771.95,1771.95,1.34237e+06
1999-10-11,1773.46,1773.46,1773.46,1773.46,1.01152e+06
1999-10-12,1774.54,1774.54,1774.54,1774.54,1.33119e+06
1999-10-13,1775.47,1775.47,1775.47,1775.47,1.48634e+06
1999-10-16,1777.32,1777.32,1777.32,1777.32,1.04043e+06
1999-10-17,1779.67,1779.67,1779.67,1779.67,1.68088e+06
1999-10-18,1783.42,1783.42,1783.42,1783.42,1.76352e+06
1999-10-19,1788.12,1788.12,1788.12,1788.12,1.61941e+06
1999-10-20,1793.6,1793.6,1793.6,1793.6,2.15149e+06
1999-10-24,1801.34,1801.34,1801.34,1801.34,1.16871e+06
1999-10-25,1808.9,1808.9,1808.9,1808.9,1.70347e+06
1999-10-26,1817.31,1817.31,1817.31,1817.31,1.23373e+06
1999-10-27,1824.77,1824.77,1824.77,1824.77,2.23048e+06
1999-10-30,1829.47,1829.47,1829.47,1829.47,1.32965e+06
1999-10-31,1834.89,1834.89,1834.89,1834.89,1.09165e+06
1999-11-01,1838.02,1838.02,1838.02,1838.02,1.00836e+06
1999-11-02,1841.61,1841.61,1841.61,1841.61,1.24271e+06
1999-11-03,1847.5,1847.5,1847.5,1847.5,2.27291e+06
1999-11-07,1853.4,1853.4,1853.4,1853.4,2.84472e+06
1999-11-08,1861,1861,1861,1861,1.71615e+06
1999-11-09,1866.9,1866.9,1866.9,1866.9,1.68049e+06
1999-11-10,1870.83,1870.83,1870.83,1870.83,1.5593e+06
1999-11-13,1880.83,1880.83,1880.83,1880.83,1.45122e+06
1999-11-14,1882.49,1882.49,1882.49,1882.49,3.29799e+06
1999-11-15,1895.13,1895.13,1895.13,1895.13,5.14346e+06
1999-11-16,1890.27,1890.27,1890.27,1890.27,1.22314e+06
1999-11-17,1892.01,1892.01,1892.01,1892.01,1.71697e+06
1999-11-20,1893.33,1893.33,1893.33,1893.33,1.38096e+06
1999-11-21,1893.79,1893.79,1893.79,1893.79,1.0977e+07
1999-11-22,1908.06,1908.06,1908.06,1908.06,1.2732e+07
1999-11-23,1911.52,1911.52,1911.52,1911.52,5.94329e+06
1999-11-27,1918.18,1918.18,1918.18,1918.18,2.75926e+06
1999-11-28,1925.29,1925.29,1925.29,1925.29,3.49658e+06
1999-11-29,1932.26,1932.26,1932.26,1932.26,1.94668e+06
1999-11-30,1937.96,1937.96,1937.96,1937.96,1.98346e+07
1999-12-01,1938.06,1938.06,1938.06,1938.06,3.08244e+06
1999-12-04,1942.28,1942.28,1942.28,1942.28,7.65399e+06
1999-12-05,1944.93,1944.93,1944.93,1944.93,3.39076e+06
1999-12-06,1945.89,1945.89,1945.89,1945.89,3.06713e+06
1999-12-07,1941.83,1941.83,1941.83,1941.83,1.77998e+06
1999-12-08,1943.06,1943.06,1943.06,1943.06,2.04909e+06
1999-12-11,1950.1,1950.1,1950.1,1950.1,3.10958e+07
1999-12-12,1950.46,1950.46,1950.46,1950.46,2.15673e+07
1999-12-13,1955.99,1955.99,1955.99,1955.99,1.98883e+07
1999-12-14,1959.24,1959.24,1959.24,1959.24,2.52419e+06
1999-12-15,1962.76,1962.76,1962.76,1962.76,4.67313e+07
1999-12-18,1967.45,1967.45,1967.45,1967.45,2.30092e+07
1999-12-19,1977.37,1977.37,1977.37,1977.37,2.53543e+06
1999-12-20,1977.38,1977.38,1977.38,1977.38,1.59553e+06
1999-12-21,1976.26,1976.26,1976.26,1976.26,3.80787e+06
1999-12-22,1974.71,1974.71,1974.71,1974.71,2.07796e+07
1999-12-25,1977.77,1977.77,1977.77,1977.77,4.72207e+06
1999-12-26,1983.22,1983.22,1983.22,1983.22,1.67061e+07
1999-12-27,1984.58,1984.58,1984.58,1984.58,2.85389e+06
1999-12-28,1986.56,1986.56,1986.56,1986.56,1.65322e+07
1999-12-29,1989.73,1989.73,1989.73,1989.73,4.48586e+06
2000-01-02,1988.69,1988.69,1988.69,1988.69,3.14662e+06
2000-01-03,1991.8,1991.8,1991.8,1991.8,6.7036e+06
2000-01-04,1994.44,1994.44,1994.44,1994.44,2.70471e+06
2000-01-05,1996.82,1996.82,1996.82,1996.82,1.56502e+06
2000-01-09,2000.58,2000.58,2000.58,2000.58,2.24702e+07
2000-01-10,2006.62,2006.62,2006.62,2006.62,1.69696e+06
2000-01-11,2004.6,2004.6,2004.6,2004.6,3.24358e+06
2000-01-12,2007.74,2007.74,2007.74,2007.74,7.6455e+06
2000-01-15,2008.53,2008.53,2008.53,2008.53,3.728e+06
2000-01-16,2008.92,2008.92,2008.92,2008.92,1.48102e+06
2000-01-17,2009.53,2009.53,2009.53,2009.53,3.86221e+06
2000-01-18,2012.58,2012.58,2012.58,2012.58,2.31482e+06
2000-01-19,2013.99,2013.99,2013.99,2013.99,1.73226e+06
2000-01-22,2022.95,2022.95,2022.95,2022.95,1.57336e+06
2000-01-23,2027.1,2027.1,2027.1,2027.1,936817
2000-01-24,2030.55,2030.55,2030.55,2030.55,1.50503e+06
2000-01-25,2038.15,2038.15,2038.15,2038.15,3.86595e+06
2000-01-26,2038.57,2038.57,2038.57,2038.57,3.73998e+06
2000-01-29,2040.51,2040.51,2040.51,2040.51,1.06937e+06
2000-01-30,2045.35,2045.35,2045.35,2045.35,9.46912e+06
2000-01-31,2049.91,2049.91,2049.91,2049.91,1.19524e+07
2000-02-02,2048.57,2048.57,2048.57,2048.57,2.77493e+06
2000-02-05,2052.96,2052.96,2052.96,2052.96,1.92794e+06
2000-02-06,2055.82,2055.82,2055.82,2055.82,1.89062e+06
2000-02-07,2060.22,2060.22,2060.22,2060.22,2.64837e+06
2000-02-08,2065.61,2065.61,2065.61,2065.61,5.577e+06
2000-02-09,2073.54,2073.54,2073.54,2073.54,2.90594e+06
2000-02-12,2075.92,2075.92,2075.92,2075.92,1.08665e+07
2000-02-13,2082.42,2082.42,2082.42,2082.42,2.71939e+06
2000-02-14,2088.95,2088.95,2088.95,2088.95,3.31426e+06
2000-02-15,2097.27,2097.27,2097.27,2097.27,1.76085e+07
2000-02-16,2103.63,2103.63,2103.63,2103.63,2.41231e+07
2000-02-19,2116.54,2116.54,2116.54,2116.54,2.49862e+06
2000-02-20,2119.39,2119.39,2119.39,2119.39,6.52989e+06
2000-02-21,2124.56,2124.56,2124.56,2124.56,2.01489e+06
2000-02-22,2126.75,2126.75,2126.75,2126.75,1.33737e+07
2000-02-23,2129.87,2129.87,2129.87,2129.87,5.81717e+06
2000-02-26,2131.49,2131.49,2131.49,2131.49,1.00512e+07
2000-02-27,2137.05,2137.05,2137.05,2137.05,4.79221e+06
2000-02-28,2145.12,2145.12,2145.12,2145.12,2.86176e+06
2000-02-29,2149.41,2149.41,2149.41,2149.41,2.18029e+06
2000-03-01,2152.66,2152.66,2152.66,2152.66,2.67308e+06
2000-03-04,2155.94,2155.94,2155.94,2155.94,2.32324e+06
2000-03-05,2158.26,2158.26,2158.26,2158.26,2.3831e+06
2000-03-06,2168.78,2168.78,2168.78,2168.78,8.97262e+07
2000-03-07,2172.99,2172.99,2172.99,2172.99,4.19963e+06
2000-03-08,2179.86,2179.86,2179.86,2179.86,2.33502e+06
2000-03-11,2182.9,2182.9,2182.9,2182.9,1.89011e+06
2000-03-12,2190.64,2190.64,2190.64,2190.64,1.08939e+07
2000-03-13,2194.28,2194.28,2194.28,2194.28,1.11389e+07
2000-03-14,2196.83,2196.83,2196.83,2196.83,8.60746e+06
2000-03-15,2199.71,2199.71,2199.71,2199.71,1.05984e+07
2000-03-18,2206.19,2206.19,2206.19,2206.19,514167
2000-03-26,2210.7,2210.7,2210.7,2210.7,281452
2000-03-27,2215.66,2215.66,2215.66,2215.66,376538
2000-03-28,2213.32,2213.32,2213.32,2213.32,1.20132e+06
2000-03-29,2223.8,2223.8,2223.8,2223.8,3.72476e+06
2000-04-02,2235.31,2235.31,2235.31,2235.31,1.2063e+06
2000-04-03,2261.79,2261.79,2261.79,2261.79,2.30139e+06
2000-04-04,2278.98,2278.98,2278.98,2278.98,1.24068e+06
2000-04-05,2281.1,2281.1,2281.1,2281.1,1.60584e+06
2000-04-08,2289.18,2289.18,2289.18,2289.18,2.62032e+06
2000-04-09,2298.3,2298.3,2298.3,2298.3,1.85313e+06
2000-04-10,2292.06,2292.06,2292.06,2292.06,1.21516e+06
2000-04-11,2290.11,2290.11,2290.11,2290.11,2.42965e+06
2000-04-12,2290.27,2290.27,2290.27,2290.27,4.50663e+06
2000-04-16,2292.18,2292.18,2292.18,2292.18,1.99482e+06
2000-04-17,2294.39,2294.39,2294.39,2294.39,1.52804e+06
2000-04-18,2292.37,2292.37,2292.37,2292.37,1.07445e+06
2000-04-19,2283.67,2283.67,2283.67,2283.67,2.20371e+06
2000-04-22,2284.13,2284.13,2284.13,2284.13,1.23494e+06
2000-04-23,2292.64,2292.64,2292.64,2292.64,1.36083e+06
2000-04-24,2293.14,2293.14,2293.14,2293.14,9.56635e+06
2000-04-25,2297.53,2297.53,2297.53,2297.53,3.1442e+06
2000-04-26,2302.71,2302.71,2302.71,2302.71,2.96885e+06
2000-04-29,2309.23,2309.23,2309.23,2309.23,5.54065e+06
2000-04-30,2309.9,2309.9,2309.9,2309.9,1.53901e+06
2000-05-01,2322.7,2322.7,2322.7,2322.7,4.16864e+06
2000-05-02,2324.92,2324.92,2324.92,2324.92,2.88241e+06
2000-05-03,2329.69,2329.69,2329.69,2329.69,1.63453e+06
2000-05-06,2330.3,2330.3,2330.3,2330.3,3.47228e+06
2000-05-07,2334.6,2334.6,2334.6,2334.6,3.18104e+06
2000-05-08,2336.23,2336.23,2336.23,2336.23,9.38582e+06
2000-05-09,2341.81,2341.81,2341.81,2341.81,6.82665e+06
2000-05-10,2338.36,2338.36,2338.36,2338.36,2.48274e+06
2000-05-13,2337.56,2337.56,2337.56,2337.56,4.10778e+06
2000-05-14,2340.13,2340.13,2340.13,2340.13,2.64925e+06
2000-05-15,2340.27,2340.27,2340.27,2340.27,3.74008e+06
2000-05-16,2340.31,2340.31,2340.31,2340.31,1.82299e+06
2000-05-17,2340.54,2340.54,2340.54,2340.54,2.77811e+06
2000-05-20,2346.49,2346.49,2346.49,2346.49,4.1452e+06
2000-05-21,2357.55,2357.55,2357.55,2357.55,2.64996e+06
2000-05-22,2373.41,2373.41,2373.41,2373.41,4.0969e+06
2000-05-23,2386.18,2386.18,2386.18,2386.18,5.67407e+06
2000-05-24,2389.97,2389.97,2389.97,2389.97,5.19801e+06
2000-05-27,2401.27,2401.27,2401.27,2401.27,7.60023e+06
2000-05-28,2410.31,2410.31,2410.31,2410.31,2.87123e+06
2000-05-29,2407.74,2407.74,2407.74,2407.74,2.32395e+06
2000-05-30,2406.34,2406.34,2406.34,2406.34,3.38508e+06
2000-05-31,2408.45,2408.45,2408.45,2408.45,2.72152e+06
2000-06-05,2411.27,2411.27,2411.27,2411.27,3.46062e+06
2000-06-06,2416.56,2416.56,2416.56,2416.56,3.36415e+06
2000-06-07,2418.69,2418.69,2418.69,2418.69,4.55651e+06
2000-06-10,2422.09,2422.09,2422.09,2422.09,2.57243e+06
2000-06-11,2422.65,2422.65,2422.65,2422.65,1.7261e+07
2000-06-12,2431.8,2431.8,2431.8,2431.8,2.46963e+06
2000-06-13,2432.11,2432.11,2432.11,2432.11,2.94999e+06
2000-06-14,2430.88,2430.88,2430.88,2430.88,2.16007e+06
2000-06-17,2434.35,2434.35,2434.35,2434.35,1.77759e+06
2000-06-18,2432.06,2432.06,2432.06,2432.06,2.69495e+06
2000-06-19,2424.37,2424.37,2424.37,2424.37,3.4188e+06
2000-06-21,2413.57,2413.57,2413.57,2413.57,1.43949e+06
2000-06-24,2420.06,2420.06,2420.06,2420.06,4.13773e+06
2000-06-25,2424.13,2424.13,2424.13,2424.13,2.30328e+06
2000-06-26,2419.43,2419.43,2419.43,2419.43,1.75814e+06
2000-06-27,2425.67,2425.67,2425.67,2425.67,1.69043e+08
2000-06-28,2428.44,2428.44,2428.44,2428.44,4.76212e+06
2000-07-01,2427.36,2427.36,2427.36,2427.36,7.6496e+06
2000-07-02,2428,2428,2428,2428,6.31324e+06
2000-07-03,2432.69,2432.69,2432.69,2432.69,2.32031e+06
2000-07-04,2428.16,2428.16,2428.16,2428.16,2.81923e+06
2000-07-05,2423.88,2423.88,2423.88,2423.88,6.06278e+06
2000-07-08,2427.79,2427.79,2427.79,2427.79,1.09381e+07
2000-07-09,2439.13,2439.13,2439.13,2439.13,1.2459e+07
2000-07-10,2440.94,2440.94,2440.94,2440.94,1.08863e+07
2000-07-11,2446.28,2446.28,2446.28,2446.28,7.89966e+06
2000-07-12,2433.9,2433.9,2433.9,2433.9,2.19607e+06
2000-07-15,2439.59,2439.59,2439.59,2439.59,2.63524e+06
2000-07-16,2439.1,2439.1,2439.1,2439.1,8.72348e+06
2000-07-17,2442.36,2442.36,2442.36,2442.36,1.29238e+06
2000-07-18,2440.71,2440.71,2440.71,2440.71,807782
2000-07-19,2442.68,2442.68,2442.68,2442.68,1.1424e+06
2000-07-22,2442.11,2442.11,2442.11,2442.11,495788
2000-07-23,2445.19,2445.19,2445.19,2445.19,850680
2000-07-24,2431.24,2431.24,2431.24,2431.24,2.29157e+06
2000-07-25,2436.38,2436.38,2436.38,2436.38,2.53071e+06
2000-07-26,2414.45,2414.45,2414.45,2414.45,1.22767e+06
2000-07-29,2420.53,2420.53,2420.53,2420.53,1.17797e+06
2000-07-30,2413.45,2413.45,2413.45,2413.45,965354
2000-07-31,2414.74,2414.74,2414.74,2414.74,1.15054e+06
2000-08-01,2413.01,2413.01,2413.01,2413.01,3.47008e+06
2000-08-02,2419.71,2419.71,2419.71,2419.71,5.64161e+06
2000-08-05,2415.54,2415.54,2415.54,2415.54,1.76543e+06
2000-08-06,2425.44,2425.44,2425.44,2425.44,2.84646e+06
2000-08-07,2421.46,2421.46,2421.46,2421.46,1.99058e+06
2000-08-08,2420.37,2420.37,2420.37,2420.37,1.75008e+06
2000-08-09,2433.2,2433.2,2433.2,2433.2,8.65841e+06
2000-08-12,2441.51,2441.51,2441.51,2441.51,1.5863e+06
2000-08-13,2442.92,2442.92,2442.92,2442.92,2.2178e+06
2000-08-14,2426.79,2426.79,2426.79,2426.79,1.95446e+06
2000-08-15,2441.23,2441.23,2441.23,2441.23,4.33473e+06
2000-08-16,2449.35,2449.35,2449.35,2449.35,2.65364e+06
2000-08-19,2470.36,2470.36,2470.36,2470.36,2.3756e+06
2000-08-20,2459.15,2459.15,2459.15,2459.15,2.74057e+06
2000-08-21,2456.96,2456.96,2456.96,2456.96,4.42566e+06
2000-08-22,2467.38,2467.38,2467.38,2467.38,2.51691e+06
2000-08-23,2462.37,2462.37,2462.37,2462.37,2.39489e+06
2000-08-26,2473.23,2473.23,2473.23,2473.23,2.34654e+06
2000-08-27,2489.56,2489.56,2489.56,2489.56,2.77607e+06
2000-08-28,2506.95,2506.95,2506.95,2506.95,2.71116e+06
2000-08-29,2511.02,2511.02,2511.02,2511.02,4.62291e+06
2000-08-30,2514.57,2514.57,2514.57,2514.57,4.81261e+06
2000-09-03,2524.66,2524.66,2524.66,2524.66,4.95659e+06
2000-09-04,2534.31,2534.31,2534.31,2534.31,6.76896e+06
2000-09-05,2540.21,2540.21,2540.21,2540.21,3.32084e+06
2000-09-06,2545.2,2545.2,2545.2,2545.2,4.08643e+06
2000-09-09,2547.61,2547.61,2547.61,2547.61,1.28515e+07
2000-09-10,2550.5,2550.5,2550.5,2550.5,4.58702e+06
2000-09-11,2547.23,2547.23,2547.23,2547.23,2.14443e+06
2000-09-12,2551.32,2551.32,2551.32,2551.32,2.99442e+06
2000-09-13,2548.26,2548.26,2548.26,2548.26,1.13792e+07
2000-09-16,2556.12,2556.12,2556.12,2556.12,2.14604e+06
2000-09-17,2563.13,2563.13,2563.13,2563.13,3.67592e+06
2000-09-18,2561.28,2561.28,2561.28,2561.28,2.08254e+06
2000-09-19,2566.22,2566.22,2566.22,2566.22,2.10028e+07
2000-09-20,2556.97,2556.97,2556.97,2556.97,3.71108e+07
2000-09-23,2565.49,2565.49,2565.49,2565.49,2.35875e+06
2000-09-24,2564.36,2564.36,2564.36,2564.36,3.83415e+06
2000-09-25,2558.45,2558.45,2558.45,2558.45,2.196e+06
2000-09-26,2558.7,2558.7,2558.7,2558.7,4.0757e+06
2000-09-27,2558.49,2558.49,2558.49,2558.49,2.97314e+06
2000-09-30,2561.8,2561.8,2561.8,2561.8,1.71621e+06
2000-10-01,2575.53,2575.53,2575.53,2575.53,1.48051e+06
2000-10-02,2583.18,2583.18,2583.18,2583.18,2.06421e+06
2000-10-03,2594.32,2594.32,2594.32,2594.32,1.26216e+07
2000-10-04,2603.04,2603.04,2603.04,2603.04,3.14634e+06
2000-10-07,2606.17,2606.17,2606.17,2606.17,2.28096e+06
2000-10-08,2612.83,2612.83,2612.83,2612.83,3.37465e+06
2000-10-09,2622.77,2622.77,2622.77,2622.77,1.11285e+07
2000-10-10,2630.48,2630.48,2630.48,2630.48,5.89538e+06
2000-10-14,2636.46,2636.46,2636.46,2636.46,4.20441e+06
2000-10-15,2639.35,2639.35,2639.35,2639.35,4.79472e+06
2000-10-16,2646.25,2646.25,2646.25,2646.25,2.26137e+06
2000-10-17,2653.43,2653.43,2653.43,2653.43,1.0934e+07
2000-10-18,2658.56,2658.56,2658.56,2658.56,5.17643e+06
2000-10-21,2659.43,2659.43,2659.43,2659.43,3.3991e+06
2000-10-22,2659.68,2659.68,2659.68,2659.68,3.38825e+06
2000-10-23,2664.3,2664.3,2664.3,2664.3,1.02747e+07
2000-10-24,2675.03,2675.03,2675.03,2675.03,7.38126e+06
2000-10-28,2685.27,2685.27,2685.27,2685.27,3.04978e+06
2000-10-29,2689.11,2689.11,2689.11,2689.11,3.47202e+06
2000-10-30,2699.39,2699.39,2699.39,2699.39,2.97268e+06
2000-10-31,2709.27,2709.27,2709.27,2709.27,5.81833e+06
2000-11-01,2721.82,2721.82,2721.82,2721.82,3.70453e+06
2000-11-04,2724.29,2724.29,2724.29,2724.29,2.78576e+06
2000-11-05,2731.71,2731.71,2731.71,2731.71,6.6531e+06
2000-11-06,2750.13,2750.13,2750.13,2750.13,2.21318e+07
2000-11-07,2758.28,2758.28,2758.28,2758.28,3.37869e+06
2000-11-08,2759.23,2759.23,2759.23,2759.23,4.53835e+06
2000-11-11,2761.89,2761.89,2761.89,2761.89,2.89989e+06
2000-11-13,2773.88,2773.88,2773.88,2773.88,2.64942e+06
2000-11-14,2784.68,2784.68,2784.68,2784.68,5.27821e+06
2000-11-15,2795.78,2795.78,2795.78,2795.78,3.98382e+06
2000-11-18,2802.73,2802.73,2802.73,2802.73,2.86666e+06
2000-11-19,2803.12,2803.12,2803.12,2803.12,4.73352e+06
2000-11-20,2810.97,2810.97,2810.97,2810.97,3.78572e+06
2000-11-21,2820.28,2820.28,2820.28,2820.28,6.56203e+06
2000-11-22,2826.87,2826.87,2826.87,2826.87,4.36604e+06
2000-11-25,2834.44,2834.44,2834.44,2834.44,8.44265e+06
2000-11-26,2840.1,2840.1,2840.1,2840.1,1.01508e+07
2000-11-27,2844.51,2844.51,2844.51,2844.51,1.66994e+07
2000-11-28,2847.59,2847.59,2847.59,2847.59,4.25051e+06
2000-11-29,2849.84,2849.84,2849.84,2849.84,2.73013e+06
2000-12-02,2854.36,2854.36,2854.36,2854.36,2.60027e+06
2000-12-03,2850.81,2850.81,2850.81,2850.81,3.31256e+06
2000-12-04,2838.32,2838.32,2838.32,2838.32,9.07739e+06
2000-12-05,2839.34,2839.34,2839.34,2839.34,1.67242e+07
2000-12-06,2841.37,2841.37,2841.37,2841.37,1.29145e+07
2000-12-09,2847.95,2847.95,2847.95,2847.95,3.31318e+06
2000-12-10,2853.82,2853.82,2853.82,2853.82,4.44031e+06
2000-12-11,2854.99,2854.99,2854.99,2854.99,2.90403e+06
2000-12-12,2853.73,2853.73,2853.73,2853.73,4.08548e+06
2000-12-13,2853.94,2853.94,2853.94,2853.94,5.78487e+06
2000-12-16,2849.12,2849.12,2849.12,2849.12,1.08664e+07
2000-12-17,2848.13,2848.13,2848.13,2848.13,4.78499e+06
2000-12-19,2845.61,2845.61,2845.61,2845.61,5.89346e+07
2000-12-20,2850.2,2850.2,2850.2,2850.2,8.57358e+06
2000-12-23,2862.96,2862.96,2862.96,2862.96,6.80205e+06
2000-12-24,2862.95,2862.95,2862.95,2862.95,3.75792e+06
2000-12-25,2875.1,2875.1,2875.1,2875.1,5.2678e+06
2000-12-26,2874.49,2874.49,2874.49,2874.49,4.24278e+06
2000-12-30,2883.21,2883.21,2883.21,2883.21,5.21891e+06
2000-12-31,2880.68,2880.68,2880.68,2880.68,5.12129e+06
2001-01-01,2883.46,2883.46,2883.46,2883.46,4.91986e+06
2001-01-02,2879.04,2879.04,2879.04,2879.04,3.29765e+06
2001-01-03,2870.31,2870.31,2870.31,2870.31,2.78315e+06
2001-01-06,2869.89,2869.89,2869.89,2869.89,8.71029e+06
2001-01-07,2863.79,2863.79,2863.79,2863.79,2.54386e+07
2001-01-08,2864.89,2864.89,2864.89,2864.89,6.29743e+06
2001-01-09,2869.4,2869.4,2869.4,2869.4,2.67041e+06
2001-01-10,2875.94,2875.94,2875.94,2875.94,3.85879e+06
2001-01-13,2881.26,2881.26,2881.26,2881.26,3.29228e+06
2001-01-14,2882.99,2882.99,2882.99,2882.99,8.26768e+06
2001-01-15,2877.97,2877.97,2877.97,2877.97,2.08331e+06
2001-01-16,2877.75,2877.75,2877.75,2877.75,1.93062e+06
2001-01-17,2877.57,2877.57,2877.57,2877.57,2.58968e+06
2001-01-21,2878.41,2878.41,2878.41,2878.41,3.2808e+06
2001-01-22,2871.83,2871.83,2871.83,2871.83,4.79491e+06
2001-01-23,2868.04,2868.04,2868.04,2868.04,4.15039e+06
2001-01-24,2865.33,2865.33,2865.33,2865.33,3.11728e+06
2001-01-27,2864.22,2864.22,2864.22,2864.22,1.3699e+07
2001-01-28,2857.54,2857.54,2857.54,2857.54,2.81997e+06
2001-01-29,2853.74,2853.74,2853.74,2853.74,3.21452e+06
2001-01-30,2852.92,2852.92,2852.92,2852.92,4.51998e+06
2001-01-31,2835.39,2835.39,2835.39,2835.39,5.27e+06
2001-02-03,2841.41,2841.41,2841.41,2841.41,3.23968e+06
2001-02-04,2846.54,2846.54,2846.54,2846.54,4.31866e+06
2001-02-05,2851.17,2851.17,2851.17,2851.17,6.27104e+06
2001-02-06,2852.01,2852.01,2852.01,2852.01,4.7451e+06
2001-02-07,2856.77,2856.77,2856.77,2856.77,3.02348e+06
2001-02-11,2864.91,2864.91,2864.91,2864.91,4.18958e+06
2001-02-12,2871.76,2871.76,2871.76,2871.76,3.94898e+06
2001-02-13,2887.42,2887.42,2887.42,2887.42,3.4796e+06
2001-02-14,2892.44,2892.44,2892.44,2892.44,5.82993e+06
2001-02-17,2885.71,2885.71,2885.71,2885.71,2.52592e+06
2001-02-18,2889.25,2889.25,2889.25,2889.25,3.93644e+06
2001-02-19,2894.26,2894.26,2894.26,2894.26,2.33861e+06
2001-02-20,2899.9,2899.9,2899.9,2899.9,2.88397e+06
2001-02-21,2908.87,2908.87,2908.87,2908.87,9.66214e+06
2001-02-24,2921.21,2921.21,2921.21,2921.21,2.76585e+06
2001-02-25,2932.24,2932.24,2932.24,2932.24,6.10976e+06
2001-02-26,2937.28,2937.28,2937.28,2937.28,1.94467e+07
2001-02-27,2940.17,2940.17,2940.17,2940.17,1.27261e+07
2001-02-28,2948.12,2948.12,2948.12,2948.12,8.7305e+06
2001-03-03,2960.77,2960.77,2960.77,2960.77,4.71914e+06
2001-03-04,2964.16,2964.16,2964.16,2964.16,1.31677e+07
2001-03-05,2964.38,2964.38,2964.38,2964.38,1.01511e+07
2001-03-07,2965.47,2965.47,2965.47,2965.47,1.03994e+07
2001-03-10,2963.39,2963.39,2963.39,2963.39,7.63274e+06
2001-03-11,2971.54,2971.54,2971.54,2971.54,4.12962e+07
2001-03-12,2977.39,2977.39,2977.39,2977.39,1.70012e+07
2001-03-13,2979.07,2979.07,2979.07,2979.07,9.84556e+06
2001-03-17,2973.99,2973.99,2973.99,2973.99,2.45996e+07
2001-03-18,2978.27,2978.27,2978.27,2978.27,2.31116e+07
2001-03-25,2980.52,2980.52,2980.52,2980.52,4.02837e+06
2001-03-26,2978.91,2978.91,2978.91,2978.91,2.45275e+06
2001-03-27,2965.57,2965.57,2965.57,2965.57,1.89095e+06
2001-03-28,2966.77,2966.77,2966.77,2966.77,3.08582e+06
2001-03-31,2973.74,2973.74,2973.74,2973.74,1.40176e+06
2001-04-03,2982.14,2982.14,2982.14,2982.14,659528
2001-04-07,2994.77,2994.77,2994.77,2994.77,1.7902e+06
2001-04-08,3004.03,3004.03,3004.03,3004.03,3.36967e+06
2001-04-09,3003.72,3003.72,3003.72,3003.72,4.11431e+06
2001-04-10,3010.86,3010.86,3010.86,3010.86,5.72955e+06
2001-04-11,3010.96,3010.96,3010.96,3010.96,3.33193e+06
2001-04-14,3018.52,3018.52,3018.52,3018.52,3.87187e+06
2001-04-15,3020.03,3020.03,3020.03,3020.03,3.70128e+06
2001-04-16,3043.43,3043.43,3043.43,3043.43,3.84469e+06
2001-04-17,3065.44,3065.44,3065.44,3065.44,7.22078e+06
2001-04-18,3082.78,3082.78,3082.78,3082.78,6.69542e+06
2001-04-21,3094.57,3094.57,3094.57,3094.57,9.29706e+06
2001-04-22,3095.27,3095.27,3095.27,3095.27,7.14846e+06
2001-04-23,3097.37,3097.37,3097.37,3097.37,8.1289e+06
2001-04-24,3109.91,3109.91,3109.91,3109.91,5.86476e+06
2001-04-25,3139.54,3139.54,3139.54,3139.54,1.22197e+07
2001-04-28,3163.13,3163.13,3163.13,3163.13,1.89328e+07
2001-04-29,3178.66,3178.66,3178.66,3178.66,1.13665e+07
2001-04-30,3183.32,3183.32,3183.32,3183.32,1.28748e+07
2001-05-01,3186.36,3186.36,3186.36,3186.36,1.0603e+07
2001-05-02,3176.77,3176.77,3176.77,3176.77,4.1376e+06
2001-05-05,3194.33,3194.33,3194.33,3194.33,4.94663e+06
2001-05-06,3221.54,3221.54,3221.54,3221.54,3.82604e+06
2001-05-07,3243.43,3243.43,3243.43,3243.43,1.05785e+07
2001-05-08,3257.25,3257.25,3257.25,3257.25,1.03771e+07
2001-05-09,3260.92,3260.92,3260.92,3260.92,1.01776e+07
2001-05-12,3262.93,3262.93,3262.93,3262.93,3.97022e+06
2001-05-13,3265.95,3265.95,3265.95,3265.95,4.79583e+06
2001-05-15,3271.62,3271.62,3271.62,3271.62,4.02686e+06
2001-05-16,3285.32,3285.32,3285.32,3285.32,4.24178e+06
2001-05-19,3292.33,3292.33,3292.33,3292.33,6.15816e+06
2001-05-20,3299.27,3299.27,3299.27,3299.27,3.41931e+06
2001-05-21,3309.83,3309.83,3309.83,3309.83,2.90303e+06
2001-05-23,3325.87,3325.87,3325.87,3325.87,3.26507e+06
2001-05-26,3352.32,3352.32,3352.32,3352.32,5.12098e+06
2001-05-27,3373.21,3373.21,3373.21,3373.21,8.8921e+06
2001-05-28,3379.18,3379.18,3379.18,3379.18,1.04029e+07
2001-05-29,3377.44,3377.44,3377.44,3377.44,6.50704e+06
2001-05-30,3378.5,3378.5,3378.5,3378.5,4.77655e+06
2001-06-02,3378.36,3378.36,3378.36,3378.36,4.30763e+06
2001-06-03,3378.82,3378.82,3378.82,3378.82,5.37772e+06
2001-06-06,3378.81,3378.81,3378.81,3378.81,3.70246e+06
2001-06-09,3385.12,3385.12,3385.12,3385.12,3.7264e+06
2001-06-11,3394.24,3394.24,3394.24,3394.24,5.3615e+06
2001-06-12,3393.41,3393.41,3393.41,3393.41,4.45941e+06
2001-06-13,3386.17,3386.17,3386.17,3386.17,5.68285e+06
2001-06-16,3380.73,3380.73,3380.73,3380.73,4.25038e+06
2001-06-17,3368.78,3368.78,3368.78,3368.78,5.34521e+06
2001-06-18,3374.83,3374.83,3374.83,3374.83,3.96695e+06
2001-06-19,3376.99,3376.99,3376.99,3376.99,4.35753e+06
2001-06-20,3387.72,3387.72,3387.72,3387.72,6.81272e+06
2001-06-23,3376.43,3376.43,3376.43,3376.43,2.59723e+07
2001-06-24,3365.9,3365.9,3365.9,3365.9,7.5356e+06
2001-06-25,3345.9,3345.9,3345.9,3345.9,2.95872e+06
2001-06-26,3336.96,3336.96,3336.96,3336.96,6.54128e+06
2001-06-27,3349.43,3349.43,3349.43,3349.43,4.55581e+06
2001-06-30,3359.04,3359.04,3359.04,3359.04,4.84976e+06
2001-07-01,3366.02,3366.02,3366.02,3366.02,5.04886e+06
2001-07-02,3367.6,3367.6,3367.6,3367.6,3.82175e+06
2001-07-03,3365.81,3365.81,3365.81,3365.81,1.62276e+07
2001-07-04,3371.55,3371.55,3371.55,3371.55,1.01671e+07
2001-07-07,3369.49,3369.49,3369.49,3369.49,5.16119e+06
2001-07-08,3364.56,3364.56,3364.56,3364.56,5.42558e+06
2001-07-09,3375.59,3375.59,3375.59,3375.59,4.7087e+06
2001-07-10,3362.05,3362.05,3362.05,3362.05,4.33311e+06
2001-07-11,3368.61,3368.61,3368.61,3368.61,2.56118e+07
2001-07-14,3378.04,3378.04,3378.04,3378.04,4.87413e+06
2001-07-15,3381.5,3381.5,3381.5,3381.5,9.44342e+06
2001-07-16,3379.88,3379.88,3379.88,3379.88,6.87348e+06
2001-07-17,3388.81,3388.81,3388.81,3388.81,3.06332e+06
2001-07-18,3394.57,3394.57,3394.57,3394.57,1.72216e+06
2001-07-21,3395.89,3395.89,3395.89,3395.89,2.24035e+06
2001-07-22,3393.9,3393.9,3393.9,3393.9,1.62666e+06
2001-07-23,3395.71,3395.71,3395.71,3395.71,941935
2001-07-24,3396.79,3396.79,3396.79,3396.79,3.34621e+06
2001-07-25,3392.55,3392.55,3392.55,3392.55,2.12834e+06
2001-07-28,3394.76,3394.76,3394.76,3394.76,3.07219e+06
2001-07-29,3394.14,3394.14,3394.14,3394.14,1.92223e+06
2001-07-30,3408.34,3408.34,3408.34,3408.34,3.74314e+06
2001-07-31,3392.22,3392.22,3392.22,3392.22,4.0624e+06
2001-08-01,3408.22,3408.22,3408.22,3408.22,7.77984e+06
2001-08-04,3425.45,3425.45,3425.45,3425.45,6.45599e+06
2001-08-05,3419.71,3419.71,3419.71,3419.71,4.18776e+06
2001-08-06,3421.71,3421.71,3421.71,3421.71,4.35356e+06
2001-08-07,3406.7,3406.7,3406.7,3406.7,3.56687e+06
2001-08-08,3419.76,3419.76,3419.76,3419.76,6.2852e+06
2001-08-11,3433.43,3433.43,3433.43,3433.43,3.90982e+06
2001-08-12,3445.04,3445.04,3445.04,3445.04,4.58344e+06
2001-08-13,3460.4,3460.4,3460.4,3460.4,5.19641e+06
2001-08-14,3453.19,3453.19,3453.19,3453.19,8.94235e+06
2001-08-15,3464.45,3464.45,3464.45,3464.45,6.62262e+06
2001-08-18,3478.27,3478.27,3478.27,3478.27,6.85032e+06
2001-08-19,3476.64,3476.64,3476.64,3476.64,6.61904e+06
2001-08-20,3467.45,3467.45,3467.45,3467.45,1.69747e+07
2001-08-21,3461.25,3461.25,3461.25,3461.25,7.54119e+06
2001-08-22,3464.24,3464.24,3464.24,3464.24,6.00688e+06
2001-08-25,3474.59,3474.59,3474.59,3474.59,6.04655e+06
2001-08-26,3478.16,3478.16,3478.16,3478.16,6.54234e+06
2001-08-27,3468.56,3468.56,3468.56,3468.56,6.34736e+06
2001-08-28,3460.37,3460.37,3460.37,3460.37,4.97405e+06
2001-08-29,3458.45,3458.45,3458.45,3458.45,6.54501e+06
2001-09-01,3448.32,3448.32,3448.32,3448.32,3.09526e+06
2001-09-02,3433.9,3433.9,3433.9,3433.9,3.66601e+06
2001-09-03,3414.75,3414.75,3414.75,3414.75,4.48951e+06
2001-09-04,3403.24,3403.24,3403.24,3403.24,3.77149e+06
2001-09-05,3417.85,3417.85,3417.85,3417.85,4.90213e+06
2001-09-08,3432.7,3432.7,3432.7,3432.7,5.91762e+06
2001-09-09,3437.68,3437.68,3437.68,3437.68,6.6342e+06
2001-09-10,3425.85,3425.85,3425.85,3425.85,2.69453e+06
2001-09-11,3426.53,3426.53,3426.53,3426.53,5.6577e+06
2001-09-12,3410.36,3410.36,3410.36,3410.36,4.21098e+06
2001-09-15,3389.57,3389.57,3389.57,3389.57,3.90094e+06
2001-09-16,3364.1,3364.1,3364.1,3364.1,1.31232e+07
2001-09-17,3317.31,3317.31,3317.31,3317.31,1.09895e+07
2001-09-18,3279.72,3279.72,3279.72,3279.72,1.78151e+07
2001-09-19,3319.4,3319.4,3319.4,3319.4,8.91961e+06
2001-09-22,3347.73,3347.73,3347.73,3347.73,1.02436e+07
2001-09-23,3347.01,3347.01,3347.01,3347.01,1.09161e+07
2001-09-24,3328.47,3328.47,3328.47,3328.47,8.2915e+06
2001-09-25,3319.13,3319.13,3319.13,3319.13,3.52551e+06
2001-09-26,3300.47,3300.47,3300.47,3300.47,3.7616e+06
2001-09-29,3284.07,3284.07,3284.07,3284.07,5.09598e+06
2001-09-30,3297.2,3297.2,3297.2,3297.2,5.49231e+06
2001-10-02,3301.9,3301.9,3301.9,3301.9,3.15853e+06
2001-10-03,3298.1,3298.1,3298.1,3298.1,6.03592e+06
2001-10-06,3295.17,3295.17,3295.17,3295.17,4.04347e+06
2001-10-07,3296.98,3296.98,3296.98,3296.98,5.37893e+06
2001-10-08,3277.19,3277.19,3277.19,3277.19,3.70113e+06
2001-10-09,3251.24,3251.24,3251.24,3251.24,4.3463e+06
2001-10-10,3219.11,3219.11,3219.11,3219.11,7.15831e+06
2001-10-13,3229.35,3229.35,3229.35,3229.35,5.47917e+06
2001-10-14,3239.27,3239.27,3239.27,3239.27,4.09526e+06
2001-10-16,3259.07,3259.07,3259.07,3259.07,5.85697e+06
2001-10-17,3270.32,3270.32,3270.32,3270.32,4.83637e+06
2001-10-20,3281.41,3281.41,3281.41,3281.41,3.31392e+06
2001-10-21,3310.4,3310.4,3310.4,3310.4,3.69122e+06
2001-10-22,3340.17,3340.17,3340.17,3340.17,7.17678e+06
2001-10-23,3360.62,3360.62,3360.62,3360.62,5.26649e+06
2001-10-24,3368.21,3368.21,3368.21,3368.21,1.20772e+07
2001-10-27,3363.14,3363.14,3363.14,3363.14,2.72781e+06
2001-10-28,3353.58,3353.58,3353.58,3353.58,4.71164e+06
2001-10-29,3357.03,3357.03,3357.03,3357.03,2.75966e+06
2001-10-30,3369.26,3369.26,3369.26,3369.26,2.48391e+06
2001-10-31,3383,3383,3383,3383,3.53688e+06
2001-11-03,3392.05,3392.05,3392.05,3392.05,3.18756e+06
2001-11-04,3404.14,3404.14,3404.14,3404.14,3.91357e+06
2001-11-05,3426.05,3426.05,3426.05,3426.05,6.86973e+06
2001-11-06,3435.36,3435.36,3435.36,3435.36,8.69488e+06
2001-11-07,3441.72,3441.72,3441.72,3441.72,7.8756e+06
2001-11-10,3447.08,3447.08,3447.08,3447.08,1.89455e+07
2001-11-11,3445.83,3445.83,3445.83,3445.83,5.43062e+06
2001-11-12,3443.63,3443.63,3443.63,3443.63,4.75271e+06
2001-11-13,3446.5,3446.5,3446.5,3446.5,4.21987e+06
2001-11-14,3443.83,3443.83,3443.83,3443.83,3.11809e+06
2001-11-17,3428.02,3428.02,3428.02,3428.02,1.55191e+06
2001-11-18,3424.51,3424.51,3424.51,3424.51,2.51618e+06
2001-11-19,3429.23,3429.23,3429.23,3429.23,2.85408e+06
2001-11-20,3424.74,3424.74,3424.74,3424.74,2.38004e+06
2001-11-21,3423.02,3423.02,3423.02,3423.02,3.59508e+06
2001-11-24,3430.36,3430.36,3430.36,3430.36,1.11347e+07
2001-11-25,3441.85,3441.85,3441.85,3441.85,5.09644e+06
2001-11-26,3444.27,3444.27,3444.27,3444.27,4.74748e+06
2001-11-27,3439.39,3439.39,3439.39,3439.39,3.7109e+06
2001-11-28,3441.93,3441.93,3441.93,3441.93,3.8681e+06
2001-12-01,3446.61,3446.61,3446.61,3446.61,4.53816e+06
2001-12-02,3453.42,3453.42,3453.42,3453.42,5.3346e+06
2001-12-03,3462.85,3462.85,3462.85,3462.85,5.47966e+06
2001-12-04,3464.64,3464.64,3464.64,3464.64,4.82353e+06
2001-12-05,3465.31,3465.31,3465.31,3465.31,3.66206e+06
2001-12-08,3465.89,3465.89,3465.89,3465.89,3.93144e+06
2001-12-09,3465.25,3465.25,3465.25,3465.25,5.13738e+06
2001-12-10,3475.26,3475.26,3475.26,3475.26,5.17459e+06
2001-12-11,3486.93,3486.93,3486.93,3486.93,1.41634e+07
2001-12-12,3494,3494,3494,3494,1.10834e+07
2001-12-15,3511.37,3511.37,3511.37,3511.37,7.87225e+06
2001-12-17,3527.13,3527.13,3527.13,3527.13,5.22422e+06
2001-12-18,3534.82,3534.82,3534.82,3534.82,1.40826e+07
2001-12-19,3538.71,3538.71,3538.71,3538.71,1.94896e+07
2001-12-22,3537.01,3537.01,3537.01,3537.01,3.98138e+06
2001-12-23,3534.65,3534.65,3534.65,3534.65,4.99047e+06
2001-12-24,3536.67,3536.67,3536.67,3536.67,5.27996e+06
2001-12-25,3540.06,3540.06,3540.06,3540.06,3.9134e+06
2001-12-26,3545.54,3545.54,3545.54,3545.54,5.83617e+06
2001-12-29,3556.17,3556.17,3556.17,3556.17,4.65947e+06
2001-12-30,3553.93,3553.93,3553.93,3553.93,5.4368e+06
2001-12-31,3554.35,3554.35,3554.35,3554.35,6.50823e+06
2002-01-01,3570.9,3570.9,3570.9,3570.9,8.7941e+06
2002-01-02,3577.28,3577.28,3577.28,3577.28,1.13333e+07
2002-01-05,3583.62,3583.62,3583.62,3583.62,7.61188e+06
2002-01-06,3586.36,3586.36,3586.36,3586.36,1.00017e+07
2002-01-07,3589.51,3589.51,3589.51,3589.51,6.6133e+06
2002-01-08,3598.87,3598.87,3598.87,3598.87,6.0604e+06
2002-01-12,3609.92,3609.92,3609.92,3609.92,6.6233e+06
2002-01-13,3613.55,3613.55,3613.55,3613.55,5.15228e+06
2002-01-14,3620.7,3620.7,3620.7,3620.7,6.63956e+06
2002-01-15,3627.86,3627.86,3627.86,3627.86,4.28558e+06
2002-01-16,3634.48,3634.48,3634.48,3634.48,3.66899e+06
2002-01-19,3651.12,3651.12,3651.12,3651.12,3.7111e+06
2002-01-20,3659.65,3659.65,3659.65,3659.65,6.70874e+06
2002-01-21,3676.47,3676.47,3676.47,3676.47,6.46654e+06
2002-01-22,3692.31,3692.31,3692.31,3692.31,6.56922e+06
2002-01-23,3699.94,3699.94,3699.94,3699.94,7.21592e+06
2002-01-26,3698.59,3698.59,3698.59,3698.59,5.30522e+06
2002-01-27,3693.23,3693.23,3693.23,3693.23,5.20211e+06
2002-01-28,3689.15,3689.15,3689.15,3689.15,6.06471e+06
2002-01-29,3685.73,3685.73,3685.73,3685.73,4.80119e+06
2002-01-30,3680.98,3680.98,3680.98,3680.98,6.49158e+06
2002-02-02,3660.72,3660.72,3660.72,3660.72,6.41291e+06
2002-02-03,3668.96,3668.96,3668.96,3668.96,4.05381e+06
2002-02-04,3667.04,3667.04,3667.04,3667.04,7.08306e+06
2002-02-05,3667.45,3667.45,3667.45,3667.45,5.67715e+06
2002-02-06,3673.06,3673.06,3673.06,3673.06,6.60758e+06
2002-02-09,3676.66,3676.66,3676.66,3676.66,9.85398e+06
2002-02-10,3672.36,3672.36,3672.36,3672.36,4.53963e+06
2002-02-12,3664.39,3664.39,3664.39,3664.39,8.18949e+06
2002-02-13,3655.51,3655.51,3655.51,3655.51,4.66949e+06
2002-02-16,3662.84,3662.84,3662.84,3662.84,1.17479e+07
2002-02-17,3665.26,3665.26,3665.26,3665.26,2.28367e+06
2002-02-18,3671.83,3671.83,3671.83,3671.83,5.56208e+06
2002-02-19,3678.38,3678.38,3678.38,3678.38,1.03241e+07
2002-02-20,3681.27,3681.27,3681.27,3681.27,4.59779e+06
2002-02-24,3680.66,3680.66,3680.66,3680.66,1.38332e+07
2002-02-25,3684.19,3684.19,3684.19,3684.19,6.56575e+06
2002-02-26,3693.62,3693.62,3693.62,3693.62,8.61055e+06
2002-02-27,3678.89,3678.89,3678.89,3678.89,7.94862e+06
2002-03-02,3676.17,3676.17,3676.17,3676.17,7.73715e+06
2002-03-04,3670.98,3670.98,3670.98,3670.98,6.91588e+06
2002-03-05,3675.62,3675.62,3675.62,3675.62,8.78381e+06
2002-03-06,3671.29,3671.29,3671.29,3671.29,5.75793e+06
2002-03-09,3675.69,3675.69,3675.69,3675.69,5.9557e+06
2002-03-10,3700.65,3700.65,3700.65,3700.65,6.17482e+06
2002-03-11,3704.79,3704.79,3704.79,3704.79,7.90188e+06
2002-03-12,3714.68,3714.68,3714.68,3714.68,1.41484e+07
2002-03-13,3721.45,3721.45,3721.45,3721.45,9.55082e+06
2002-03-16,3727.28,3727.28,3727.28,3727.28,5.93353e+07
2002-03-17,3728.27,3728.27,3728.27,3728.27,5.79089e+06
2002-03-18,3745.35,3745.35,3745.35,3745.35,3.21391e+06
2002-03-19,3758.77,3758.77,3758.77,3758.77,1.2146e+07
2002-03-26,3766.42,3766.42,3766.42,3766.42,618927
2002-03-27,3769.95,3769.95,3769.95,3769.95,1.77884e+06
2002-03-30,3770.09,3770.09,3770.09,3770.09,2.6145e+06
2002-03-31,3766.44,3766.44,3766.44,3766.44,2.49724e+06
2002-04-03,3773.04,3773.04,3773.04,3773.04,2.60083e+06
2002-04-06,3791.78,3791.78,3791.78,3791.78,2.94545e+06
2002-04-07,3807.85,3807.85,3807.85,3807.85,7.72715e+06
2002-04-08,3848.31,3848.31,3848.31,3848.31,3.17467e+06
2002-04-09,3863.6,3863.6,3863.6,3863.6,6.65159e+06
2002-04-10,3879.12,3879.12,3879.12,3879.12,6.2283e+06
2002-04-13,3890.69,3890.69,3890.69,3890.69,8.92528e+06
2002-04-14,3910.14,3910.14,3910.14,3910.14,7.36218e+06
2002-04-15,3924.15,3924.15,3924.15,3924.15,4.97182e+06
2002-04-16,3939.4,3939.4,3939.4,3939.4,6.26812e+06
2002-04-17,3951.31,3951.31,3951.31,3951.31,1.1073e+07
2002-04-20,3965.94,3965.94,3965.94,3965.94,5.6156e+06
2002-04-21,3976.71,3976.71,3976.71,3976.71,7.97618e+06
2002-04-22,4003.25,4003.25,4003.25,4003.25,5.96296e+06
2002-04-23,4024.15,4024.15,4024.15,4024.15,1.08143e+07
2002-04-24,4038.81,4038.81,4038.81,4038.81,7.60047e+07
2002-04-27,4044.32,4044.32,4044.32,4044.32,1.69457e+07
2002-04-28,4056.65,4056.65,4056.65,4056.65,3.88993e+06
2002-04-29,4080.01,4080.01,4080.01,4080.01,1.84204e+07
2002-04-30,4090.85,4090.85,4090.85,4090.85,1.22536e+07
2002-05-01,4096.31,4096.31,4096.31,4096.31,1.19101e+07
2002-05-04,4101.1,4101.1,4101.1,4101.1,1.49162e+07
2002-05-05,4121.44,4121.44,4121.44,4121.44,6.81839e+06
2002-05-06,4107.94,4107.94,4107.94,4107.94,8.20762e+06
2002-05-07,4103.3,4103.3,4103.3,4103.3,1.42209e+07
2002-05-08,4118.61,4118.61,4118.61,4118.61,7.57735e+06
2002-05-12,4122.43,4122.43,4122.43,4122.43,4.5728e+06
2002-05-14,4121.11,4121.11,4121.11,4121.11,4.79144e+06
2002-05-15,4123.98,4123.98,4123.98,4123.98,1.2063e+07
2002-05-18,4139.63,4139.63,4139.63,4139.63,6.59221e+06
2002-05-19,4140.45,4140.45,4140.45,4140.45,9.12678e+06
2002-05-20,4147.67,4147.67,4147.67,4147.67,1.64182e+07
2002-05-21,4151.3,4151.3,4151.3,4151.3,8.07275e+06
2002-05-22,4153.26,4153.26,4153.26,4153.26,9.04544e+06
2002-05-25,4160.86,4160.86,4160.86,4160.86,6.93927e+06
2002-05-26,4164.87,4164.87,4164.87,4164.87,5.90867e+06
2002-05-27,4170.92,4170.92,4170.92,4170.92,1.03312e+07
2002-05-28,4180.26,4180.26,4180.26,4180.26,9.52497e+06
2002-05-29,4184.48,4184.48,4184.48,4184.48,9.50699e+06
2002-06-01,4194.22,4194.22,4194.22,4194.22,7.10742e+06
2002-06-02,4223.66,4223.66,4223.66,4223.66,9.92808e+06
2002-06-03,4229.6,4229.6,4229.6,4229.6,1.05357e+07
2002-06-08,4243.83,4243.83,4243.83,4243.83,6.47502e+06
2002-06-09,4243.26,4243.26,4243.26,4243.26,1.03359e+07
2002-06-10,4261.26,4261.26,4261.26,4261.26,1.62919e+07
2002-06-11,4266.69,4266.69,4266.69,4266.69,1.12131e+07
2002-06-12,4273.71,4273.71,4273.71,4273.71,1.00725e+07
2002-06-15,4280.17,4280.17,4280.17,4280.17,1.08514e+07
2002-06-16,4287.69,4287.69,4287.69,4287.69,1.00586e+07
2002-06-17,4296,4296,4296,4296,7.55444e+06
2002-06-18,4296.12,4296.12,4296.12,4296.12,9.12146e+06
2002-06-19,4294.06,4294.06,4294.06,4294.06,1.04598e+07
2002-06-22,4294.34,4294.34,4294.34,4294.34,1.35304e+07
2002-06-23,4290.28,4290.28,4290.28,4290.28,1.77003e+07
2002-06-24,4289.57,4289.57,4289.57,4289.57,1.37873e+07
2002-06-25,4300.34,4300.34,4300.34,4300.34,4.48946e+07
2002-06-26,4315,4315,4315,4315,1.4882e+07
2002-06-29,4329.34,4329.34,4329.34,4329.34,1.361e+07
2002-06-30,4354.53,4354.53,4354.53,4354.53,1.19881e+07
2002-07-01,4362.56,4362.56,4362.56,4362.56,1.08607e+07
2002-07-02,4372.1,4372.1,4372.1,4372.1,1.2694e+07
2002-07-03,4383.55,4383.55,4383.55,4383.55,9.17402e+06
2002-07-06,4405.42,4405.42,4405.42,4405.42,8.53949e+06
2002-07-07,4429.38,4429.38,4429.38,4429.38,1.37307e+07
2002-07-08,4435.27,4435.27,4435.27,4435.27,8.35876e+06
2002-07-09,4451.48,4451.48,4451.48,4451.48,8.63194e+06
2002-07-10,4457.77,4457.77,4457.77,4457.77,2.43495e+07
2002-07-13,4501.33,4501.33,4501.33,4501.33,9.33989e+06
2002-07-14,4518.5,4518.5,4518.5,4518.5,8.03669e+06
2002-07-15,4551.15,4551.15,4551.15,4551.15,1.08098e+07
2002-07-16,4577.15,4577.15,4577.15,4577.15,2.31321e+07
2002-07-17,4584.65,4584.65,4584.65,4584.65,7.16673e+06
2002-07-20,4572.58,4572.58,4572.58,4572.58,1.40623e+07
2002-07-21,4577.86,4577.86,4577.86,4577.86,1.52525e+07
2002-07-22,4577.25,4577.25,4577.25,4577.25,8.1003e+06
2002-07-23,4572.51,4572.51,4572.51,4572.51,7.90921e+06
2002-07-24,4592.3,4592.3,4592.3,4592.3,8.04051e+06
2002-07-27,4589.55,4589.55,4589.55,4589.55,7.19104e+06
2002-07-28,4568.98,4568.98,4568.98,4568.98,7.34237e+06
2002-07-29,4571.53,4571.53,4571.53,4571.53,8.38913e+06
2002-07-30,4566.61,4566.61,4566.61,4566.61,7.1973e+06
2002-07-31,4570.92,4570.92,4570.92,4570.92,1.48694e+07
2002-08-03,4568.45,4568.45,4568.45,4568.45,1.40967e+07
2002-08-04,4579.69,4579.69,4579.69,4579.69,1.94925e+07
2002-08-05,4598.84,4598.84,4598.84,4598.84,9.8046e+06
2002-08-06,4618.4,4618.4,4618.4,4618.4,1.3083e+07
2002-08-07,4641.66,4641.66,4641.66,4641.66,1.571e+07
2002-08-10,4640.5,4640.5,4640.5,4640.5,9.2235e+06
2002-08-11,4638.42,4638.42,4638.42,4638.42,1.73827e+07
2002-08-13,4625.15,4625.15,4625.15,4625.15,1.21239e+07
2002-08-14,4643.64,4643.64,4643.64,4643.64,1.38163e+07
2002-08-17,4658.95,4658.95,4658.95,4658.95,7.38688e+06
2002-08-18,4667.11,4667.11,4667.11,4667.11,1.07335e+07
2002-08-19,4691.01,4691.01,4691.01,4691.01,1.43082e+07
2002-08-20,4711.22,4711.22,4711.22,4711.22,9.66769e+06
2002-08-21,4722.68,4722.68,4722.68,4722.68,9.64199e+06
2002-08-24,4740.37,4740.37,4740.37,4740.37,1.26924e+07
2002-08-25,4756.18,4756.18,4756.18,4756.18,6.03673e+06
2002-08-27,4793.35,4793.35,4793.35,4793.35,5.26888e+06
2002-08-28,4808.26,4808.26,4808.26,4808.26,7.8955e+06
2002-08-31,4815.56,4815.56,4815.56,4815.56,1.26846e+07
2002-09-01,4832.97,4832.97,4832.97,4832.97,1.46439e+07
2002-09-02,4834.09,4834.09,4834.09,4834.09,9.12495e+06
2002-09-03,4816.95,4816.95,4816.95,4816.95,8.34769e+06
2002-09-04,4801.78,4801.78,4801.78,4801.78,1.06627e+07
2002-09-07,4777.98,4777.98,4777.98,4777.98,7.39849e+06
2002-09-08,4745.81,4745.81,4745.81,4745.81,1.48465e+07
2002-09-09,4735.05,4735.05,4735.05,4735.05,8.01585e+06
2002-09-10,4757.03,4757.03,4757.03,4757.03,1.49103e+07
2002-09-11,4755.17,4755.17,4755.17,4755.17,1.48324e+07
2002-09-14,4752.02,4752.02,4752.02,4752.02,4.44661e+07
2002-09-15,4740.03,4740.03,4740.03,4740.03,2.74497e+06
2002-09-16,4727.86,4727.86,4727.86,4727.86,4.8583e+06
2002-09-17,4744.04,4744.04,4744.04,4744.04,3.0531e+07
2002-09-18,4753.24,4753.24,4753.24,4753.24,1.15123e+07
2002-09-22,4756.68,4756.68,4756.68,4756.68,2.94908e+07
2002-09-23,4743.89,4743.89,4743.89,4743.89,1.02283e+07
2002-09-24,4721.62,4721.62,4721.62,4721.62,4.40487e+06
2002-09-25,4702.81,4702.81,4702.81,4702.81,6.10316e+06
2002-09-28,4680.56,4680.56,4680.56,4680.56,5.56999e+06
2002-09-29,4673.49,4673.49,4673.49,4673.49,8.44994e+06
2002-09-30,4672.94,4672.94,4672.94,4672.94,5.49827e+06
2002-10-01,4663.76,4663.76,4663.76,4663.76,5.52668e+06
2002-10-02,4651.16,4651.16,4651.16,4651.16,8.62716e+06
2002-10-06,4635.15,4635.15,4635.15,4635.15,7.03486e+06
2002-10-07,4611.46,4611.46,4611.46,4611.46,3.32178e+06
2002-10-08,4576.51,4576.51,4576.51,4576.51,9.28555e+06
2002-10-09,4555.04,4555.04,4555.04,4555.04,1.03362e+07
2002-10-12,4535.52,4535.52,4535.52,4535.52,6.49358e+06
2002-10-13,4513.05,4513.05,4513.05,4513.05,5.39075e+06
2002-10-14,4502.6,4502.6,4502.6,4502.6,5.85481e+06
2002-10-15,4479.75,4479.75,4479.75,4479.75,8.06756e+06
2002-10-16,4485.64,4485.64,4485.64,4485.64,8.77596e+06
2002-10-19,4507.97,4507.97,4507.97,4507.97,7.45142e+06
2002-10-20,4535.08,4535.08,4535.08,4535.08,9.23524e+06
2002-10-21,4548.93,4548.93,4548.93,4548.93,7.25104e+06
2002-10-23,4559,4559,4559,4559,5.65199e+06
2002-10-26,4568.04,4568.04,4568.04,4568.04,5.15632e+06
2002-10-27,4576.94,4576.94,4576.94,4576.94,5.40949e+06
2002-10-28,4598.3,4598.3,4598.3,4598.3,6.81732e+06
2002-10-29,4604.14,4604.14,4604.14,4604.14,1.44938e+07
2002-10-30,4619.8,4619.8,4619.8,4619.8,4.44807e+06
2002-11-02,4649.93,4649.93,4649.93,4649.93,5.58041e+06
2002-11-03,4666.3,4666.3,4666.3,4666.3,7.64456e+06
2002-11-04,4689.6,4689.6,4689.6,4689.6,5.75768e+06
2002-11-05,4709.93,4709.93,4709.93,4709.93,1.90454e+07
2002-11-06,4724.6,4724.6,4724.6,4724.6,2.0294e+07
2002-11-09,4749.44,4749.44,4749.44,4749.44,2.92243e+07
2002-11-10,4784.22,4784.22,4784.22,4784.22,7.68763e+06
2002-11-11,4806.8,4806.8,4806.8,4806.8,6.06684e+06
2002-11-12,4819.27,4819.27,4819.27,4819.27,9.66002e+06
2002-11-13,4789.5,4789.5,4789.5,4789.5,9.85454e+06
2002-11-16,4865.65,4865.65,4865.65,4865.65,5.77522e+06
2002-11-17,4876.4,4876.4,4876.4,4876.4,3.23557e+07
2002-11-18,4894.9,4894.9,4894.9,4894.9,4.23466e+07
2002-11-19,4903.36,4903.36,4903.36,4903.36,6.9802e+06
2002-11-20,4914.89,4914.89,4914.89,4914.89,7.58545e+06
2002-11-23,4909.64,4909.64,4909.64,4909.64,7.02134e+06
2002-11-24,4893.86,4893.86,4893.86,4893.86,1.05759e+07
2002-11-25,4891.16,4891.16,4891.16,4891.16,7.60256e+06
2002-11-26,4905.05,4905.05,4905.05,4905.05,5.85856e+06
2002-11-30,4918,4918,4918,4918,6.48764e+06
2002-12-01,4925.46,4925.46,4925.46,4925.46,6.4905e+06
2002-12-02,4936.03,4936.03,4936.03,4936.03,9.70896e+06
2002-12-03,4941.16,4941.16,4941.16,4941.16,1.37553e+07
2002-12-04,4956.98,4956.98,4956.98,4956.98,1.19525e+07
2002-12-07,5007.79,5007.79,5007.79,5007.79,8.38601e+06
2002-12-08,5024.08,5024.08,5024.08,5024.08,3.90287e+07
2002-12-09,5028.8,5028.8,5028.8,5028.8,8.1846e+06
2002-12-10,5025.97,5025.97,5025.97,5025.97,1.15641e+07
2002-12-11,5008.89,5008.89,5008.89,5008.89,1.35857e+07
2002-12-14,5031.67,5031.67,5031.67,5031.67,9.14573e+06
2002-12-15,5044.02,5044.02,5044.02,5044.02,1.35597e+07
2002-12-16,5058.58,5058.58,5058.58,5058.58,1.65556e+07
2002-12-17,5082.38,5082.38,5082.38,5082.38,4.14253e+07
2002-12-18,5101.23,5101.23,5101.23,5101.23,2.66026e+07
2002-12-21,5096.97,5096.97,5096.97,5096.97,1.96198e+07
2002-12-22,5047.58,5047.58,5047.58,5047.58,7.14312e+06
2002-12-23,5016.47,5016.47,5016.47,5016.47,5.51237e+07
2002-12-24,5033.22,5033.22,5033.22,5033.22,2.01432e+07
2002-12-25,5049.66,5049.66,5049.66,5049.66,3.10088e+07
2002-12-28,5061.11,5061.11,5061.11,5061.11,1.07646e+07
2002-12-29,5049.76,5049.76,5049.76,5049.76,1.26354e+07
2002-12-31,5044.06,5044.06,5044.06,5044.06,2.75116e+07
2003-01-01,5044.01,5044.01,5044.01,5044.01,7.76281e+06
2003-01-04,5052.88,5052.88,5052.88,5052.88,9.2303e+06
2003-01-05,5058.46,5058.46,5058.46,5058.46,1.14478e+07
2003-01-06,5057.79,5057.79,5057.79,5057.79,6.42891e+07
2003-01-07,5072.85,5072.85,5072.85,5072.85,7.92568e+06
2003-01-08,5088.48,5088.48,5088.48,5088.48,2.45934e+08
2003-01-11,5102.62,5102.62,5102.62,5102.62,1.54937e+07
2003-01-12,5122.18,5122.18,5122.18,5122.18,2.02643e+07
2003-01-13,5135.54,5135.54,5135.54,5135.54,1.44203e+07
2003-01-14,5159.06,5159.06,5159.06,5159.06,7.11852e+06
2003-01-15,5172.29,5172.29,5172.29,5172.29,8.30473e+06
2003-01-18,5207.04,5207.04,5207.04,5207.04,1.12793e+07
2003-01-19,5217.03,5217.03,5217.03,5217.03,1.17007e+07
2003-01-20,5261.08,5261.08,5261.08,5261.08,6.84603e+06
2003-01-21,5271.97,5271.97,5271.97,5271.97,1.05117e+07
2003-01-22,5283.9,5283.9,5283.9,5283.9,1.11039e+07
2003-01-25,5296.6,5296.6,5296.6,5296.6,1.16324e+07
2003-01-26,5274.83,5274.83,5274.83,5274.83,9.64955e+06
2003-01-27,5274.55,5274.55,5274.55,5274.55,7.27316e+06
2003-01-28,5283.05,5283.05,5283.05,5283.05,7.7513e+06
2003-01-29,5280.4,5280.4,5280.4,5280.4,7.05032e+06
2003-02-01,5278.3,5278.3,5278.3,5278.3,6.72052e+06
2003-02-02,5269.28,5269.28,5269.28,5269.28,9.28807e+06
2003-02-03,5271.73,5271.73,5271.73,5271.73,9.97439e+06
2003-02-04,5275.55,5275.55,5275.55,5275.55,1.40731e+07
2003-02-05,5270.65,5270.65,5270.65,5270.65,4.9352e+06
2003-02-08,5251.32,5251.32,5251.32,5251.32,6.38396e+06
2003-02-09,5224.12,5224.12,5224.12,5224.12,1.56083e+07
2003-02-10,5194.13,5194.13,5194.13,5194.13,7.91267e+06
2003-02-15,5174.75,5174.75,5174.75,5174.75,2.71183e+06
2003-02-16,5189.79,5189.79,5189.79,5189.79,7.49223e+06
2003-02-17,5215.89,5215.89,5215.89,5215.89,6.94644e+06
2003-02-18,5224.55,5224.55,5224.55,5224.55,5.02072e+06
2003-02-19,5229.13,5229.13,5229.13,5229.13,3.43667e+07
2003-02-22,5215.44,5215.44,5215.44,5215.44,1.94645e+07
2003-02-23,5167.59,5167.59,5167.59,5167.59,6.40815e+06
2003-02-24,5147.31,5147.31,5147.31,5147.31,4.7793e+06
2003-02-25,5135.77,5135.77,5135.77,5135.77,9.97046e+06
2003-02-26,5127.26,5127.26,5127.26,5127.26,1.19909e+07
2003-03-01,5109.5,5109.5,5109.5,5109.5,5.91622e+06
2003-03-02,5110.1,5110.1,5110.1,5110.1,7.23213e+06
2003-03-03,5096.93,5096.93,5096.93,5096.93,6.43663e+06
2003-03-04,5082.28,5082.28,5082.28,5082.28,1.7506e+07
2003-03-05,5086.73,5086.73,5086.73,5086.73,7.67805e+06
2003-03-08,5064.26,5064.26,5064.26,5064.26,9.69278e+07
2003-03-09,5045.34,5045.34,5045.34,5045.34,9.5513e+07
2003-03-10,5014.89,5014.89,5014.89,5014.89,1.11412e+07
2003-03-11,4934.95,4934.95,4934.95,4934.95,1.43774e+07
2003-03-12,4954.01,4954.01,4954.01,4954.01,1.01796e+07
2003-03-15,4970.09,4970.09,4970.09,4970.09,2.03528e+07
2003-03-18,5014.18,5014.18,5014.18,5014.18,2.43911e+08
2003-03-19,5062.76,5062.76,5062.76,5062.76,4.85581e+07
2003-03-25,5071.13,5071.13,5071.13,5071.13,215342
2003-03-26,5081.94,5081.94,5081.94,5081.94,3.97035e+06
2003-03-29,5092.27,5092.27,5092.27,5092.27,796593
2003-03-30,5107.37,5107.37,5107.37,5107.37,7.8364e+06
2003-03-31,5114.84,5114.84,5114.84,5114.84,5.79337e+06
2003-04-05,5138.7,5138.7,5138.7,5138.7,6.34363e+06
2003-04-06,5178.92,5178.92,5178.92,5178.92,1.4581e+07
2003-04-07,5237.69,5237.69,5237.69,5237.69,1.40474e+07
2003-04-08,5279.83,5279.83,5279.83,5279.83,1.39625e+07
2003-04-09,5285.1,5285.1,5285.1,5285.1,2.26722e+07
2003-04-12,5280.25,5280.25,5280.25,5280.25,9.5876e+06
2003-04-13,5289.2,5289.2,5289.2,5289.2,1.85631e+07
2003-04-14,5301.48,5301.48,5301.48,5301.48,8.3019e+06
2003-04-15,5317.78,5317.78,5317.78,5317.78,1.04239e+07
2003-04-16,5337.32,5337.32,5337.32,5337.32,8.34334e+06
2003-04-19,5350.27,5350.27,5350.27,5350.27,3.74236e+07
2003-04-20,5368.56,5368.56,5368.56,5368.56,6.34974e+06
2003-04-21,5391.25,5391.25,5391.25,5391.25,1.18377e+07
2003-04-22,5425.75,5425.75,5425.75,5425.75,1.84968e+07
2003-04-26,5470.43,5470.43,5470.43,5470.43,7.75849e+06
2003-04-27,5514.83,5514.83,5514.83,5514.83,9.51523e+06
2003-04-28,5534.06,5534.06,5534.06,5534.06,1.38108e+07
2003-04-29,5546.52,5546.52,5546.52,5546.52,1.03551e+07
2003-04-30,5576.2,5576.2,5576.2,5576.2,1.36893e+07
2003-05-03,5592.5,5592.5,5592.5,5592.5,1.50382e+07
2003-05-04,5600.32,5600.32,5600.32,5600.32,6.58128e+06
2003-05-05,5604.66,5604.66,5604.66,5604.66,6.39707e+06
2003-05-06,5638.31,5638.31,5638.31,5638.31,9.39366e+06
2003-05-07,5698.35,5698.35,5698.35,5698.35,8.26034e+06
2003-05-10,5742.24,5742.24,5742.24,5742.24,1.02578e+07
2003-05-11,5796.27,5796.27,5796.27,5796.27,1.20261e+07
2003-05-12,5827.67,5827.67,5827.67,5827.67,8.69315e+06
2003-05-13,5875.93,5875.93,5875.93,5875.93,1.5781e+07
2003-05-14,5868.96,5868.96,5868.96,5868.96,2.2327e+07
2003-05-17,5880.58,5880.58,5880.58,5880.58,1.43986e+07
2003-05-18,5900.25,5900.25,5900.25,5900.25,1.43291e+07
2003-05-20,5916.2,5916.2,5916.2,5916.2,1.4769e+07
2003-05-21,5948.3,5948.3,5948.3,5948.3,1.81883e+07
2003-05-24,5994.75,5994.75,5994.75,5994.75,1.06465e+07
2003-05-25,6046.33,6046.33,6046.33,6046.33,1.05148e+07
2003-05-26,6143.75,6143.75,6143.75,6143.75,1.50068e+07
2003-05-27,6163.47,6163.47,6163.47,6163.47,1.59336e+07
2003-05-28,6207.42,6207.42,6207.42,6207.42,1.88342e+07
2003-05-31,6234.69,6234.69,6234.69,6234.69,1.30057e+07
2003-06-01,6192.09,6192.09,6192.09,6192.09,1.49612e+07
2003-06-02,6261.73,6261.73,6261.73,6261.73,9.70385e+06
2003-06-03,6588.86,6588.86,6588.86,6588.86,1.81553e+07
2003-06-07,6620.84,6620.84,6620.84,6620.84,1.55189e+07
2003-06-08,6626.08,6626.08,6626.08,6626.08,1.94942e+07
2003-06-09,6607.76,6607.76,6607.76,6607.76,1.11789e+07
2003-06-10,6582.62,6582.62,6582.62,6582.62,1.31231e+07
2003-06-11,6588.16,6588.16,6588.16,6588.16,1.71766e+07
2003-06-14,6500.39,6500.39,6500.39,6500.39,1.33963e+07
2003-06-15,6362.97,6362.97,6362.97,6362.97,1.27305e+07
2003-06-16,6419.2,6419.2,6419.2,6419.2,1.18606e+07
2003-06-17,6522.03,6522.03,6522.03,6522.03,1.89079e+07
2003-06-18,6591.47,6591.47,6591.47,6591.47,1.77536e+07
2003-06-21,6703.06,6703.06,6703.06,6703.06,1.11008e+07
2003-06-22,6779.59,6779.59,6779.59,6779.59,1.69928e+07
2003-06-23,6763.56,6763.56,6763.56,6763.56,1.43899e+07
2003-06-24,6784.93,6784.93,6784.93,6784.93,8.13091e+07
2003-06-25,6819.02,6819.02,6819.02,6819.02,1.60729e+07
2003-06-28,6852.46,6852.46,6852.46,6852.46,1.77089e+07
2003-06-29,6895.46,6895.46,6895.46,6895.46,1.9383e+07
2003-06-30,7001.04,7001.04,7001.04,7001.04,2.0706e+07
2003-07-01,7151.89,7151.89,7151.89,7151.89,2.33864e+07
2003-07-02,7287.05,7287.05,7287.05,7287.05,2.33592e+07
2003-07-05,7408.53,7408.53,7408.53,7408.53,2.21564e+07
2003-07-06,7499.73,7499.73,7499.73,7499.73,2.00687e+07
2003-07-07,7563.75,7563.75,7563.75,7563.75,3.13088e+07
2003-07-08,7634.73,7634.73,7634.73,7634.73,2.20557e+07
2003-07-09,7748.06,7748.06,7748.06,7748.06,1.94299e+07
2003-07-12,7905.13,7905.13,7905.13,7905.13,2.04717e+07
2003-07-13,8078.01,8078.01,8078.01,8078.01,1.65267e+07
2003-07-14,8221.35,8221.35,8221.35,8221.35,2.21391e+07
2003-07-15,8438.48,8438.48,8438.48,8438.48,1.62334e+07
2003-07-16,8539.54,8539.54,8539.54,8539.54,2.84867e+07
2003-07-19,8549.91,8549.91,8549.91,8549.91,1.13917e+07
2003-07-20,8581.09,8581.09,8581.09,8581.09,1.24176e+07
2003-07-21,8543.55,8543.55,8543.55,8543.55,1.50143e+07
2003-07-22,8521.01,8521.01,8521.01,8521.01,1.1378e+07
2003-07-23,8597.66,8597.66,8597.66,8597.66,8.61446e+06
2003-07-26,8673.29,8673.29,8673.29,8673.29,1.00658e+07
2003-07-27,8760.11,8760.11,8760.11,8760.11,1.6096e+07
2003-07-28,9024.05,9024.05,9024.05,9024.05,1.86992e+07
2003-07-29,9223.85,9223.85,9223.85,9223.85,1.55348e+07
2003-07-30,9596.12,9596.12,9596.12,9596.12,2.90271e+07
2003-08-03,9407.85,9407.85,9407.85,9407.85,2.39132e+07
2003-08-04,9554.03,9554.03,9554.03,9554.03,2.89298e+07
2003-08-05,9154.37,9154.37,9154.37,9154.37,1.08777e+07
2003-08-06,9331.18,9331.18,9331.18,9331.18,3.13662e+07
2003-08-09,9282.79,9282.79,9282.79,9282.79,9.20413e+06
2003-08-10,9199.27,9199.27,9199.27,9199.27,1.10519e+07
2003-08-11,9265.29,9265.29,9265.29,9265.29,1.65957e+07
2003-08-12,9371.78,9371.78,9371.78,9371.78,2.28428e+07
2003-08-13,9350.27,9350.27,9350.27,9350.27,1.75214e+07
2003-08-16,9253.05,9253.05,9253.05,9253.05,8.96948e+06
2003-08-17,9176.67,9176.67,9176.67,9176.67,6.40601e+06
2003-08-18,9341.74,9341.74,9341.74,9341.74,5.99785e+06
2003-08-19,9401.74,9401.74,9401.74,9401.74,7.26935e+06
2003-08-20,9422.96,9422.96,9422.96,9422.96,9.04307e+06
2003-08-23,9439.79,9439.79,9439.79,9439.79,5.38934e+06
2003-08-24,9473.38,9473.38,9473.38,9473.38,1.37657e+07
2003-08-25,9481.51,9481.51,9481.51,9481.51,9.35038e+06
2003-08-26,9489.37,9489.37,9489.37,9489.37,1.05744e+07
2003-08-27,9483.6,9483.6,9483.6,9483.6,3.5078e+07
2003-08-30,9491.53,9491.53,9491.53,9491.53,7.32102e+06
2003-08-31,9501.69,9501.69,9501.69,9501.69,8.01163e+06
2003-09-01,9512.22,9512.22,9512.22,9512.22,1.46225e+07
2003-09-02,9485.54,9485.54,9485.54,9485.54,2.46207e+07
2003-09-03,9474.36,9474.36,9474.36,9474.36,1.57496e+07
2003-09-06,9462.5,9462.5,9462.5,9462.5,1.90733e+07
2003-09-07,9373.11,9373.11,9373.11,9373.11,1.42712e+07
2003-09-08,9318.98,9318.98,9318.98,9318.98,1.03799e+07
2003-09-09,9296.19,9296.19,9296.19,9296.19,2.15629e+07
2003-09-13,9254.46,9254.46,9254.46,9254.46,9.54645e+06
2003-09-14,9231.95,9231.95,9231.95,9231.95,7.9558e+06
2003-09-15,9148.54,9148.54,9148.54,9148.54,6.92802e+06
2003-09-16,9059.18,9059.18,9059.18,9059.18,8.14656e+06
2003-09-17,9002.43,9002.43,9002.43,9002.43,7.75795e+06
2003-09-20,8967.02,8967.02,8967.02,8967.02,1.00011e+07
2003-09-21,8945.21,8945.21,8945.21,8945.21,1.8055e+07
2003-09-22,8993,8993,8993,8993,1.72166e+07
2003-09-23,9044.32,9044.32,9044.32,9044.32,8.7265e+06
2003-09-27,9052.31,9052.31,9052.31,9052.31,5.40464e+06
2003-09-28,8979.83,8979.83,8979.83,8979.83,1.06468e+07
2003-09-29,8917.53,8917.53,8917.53,8917.53,7.38481e+06
2003-09-30,8835.73,8835.73,8835.73,8835.73,1.221e+07
2003-10-01,8824.97,8824.97,8824.97,8824.97,9.77169e+07
2003-10-04,8828.72,8828.72,8828.72,8828.72,5.47479e+06
2003-10-05,8764.2,8764.2,8764.2,8764.2,1.24854e+07
2003-10-06,8841.81,8841.81,8841.81,8841.81,1.12269e+07
2003-10-07,8905.35,8905.35,8905.35,8905.35,1.08119e+07
2003-10-08,8927.3,8927.3,8927.3,8927.3,1.45652e+07
2003-10-11,8934.38,8934.38,8934.38,8934.38,6.57266e+06
2003-10-13,8922.46,8922.46,8922.46,8922.46,1.10786e+07
2003-10-14,8929.96,8929.96,8929.96,8929.96,1.45048e+07
2003-10-15,8895.94,8895.94,8895.94,8895.94,1.3192e+07
2003-10-18,8866.1,8866.1,8866.1,8866.1,7.492e+06
2003-10-19,8834.66,8834.66,8834.66,8834.66,1.26476e+07
2003-10-20,8809.66,8809.66,8809.66,8809.66,1.83721e+07
2003-10-21,8758.49,8758.49,8758.49,8758.49,1.98804e+07
2003-10-22,8906.96,8906.96,8906.96,8906.96,1.67018e+07
2003-10-25,9053.61,9053.61,9053.61,9053.61,1.96257e+07
2003-10-26,9153.54,9153.54,9153.54,9153.54,1.47532e+07
2003-10-27,9142.38,9142.38,9142.38,9142.38,2.08983e+07
2003-10-28,9210.86,9210.86,9210.86,9210.86,1.73785e+07
2003-10-29,9262.92,9262.92,9262.92,9262.92,1.92045e+07
2003-11-01,9309.73,9309.73,9309.73,9309.73,9.48841e+06
2003-11-02,9326.64,9326.64,9326.64,9326.64,2.49767e+07
2003-11-03,9311.76,9311.76,9311.76,9311.76,1.20481e+07
2003-11-04,9314.94,9314.94,9314.94,9314.94,1.2782e+07
2003-11-05,9308.27,9308.27,9308.27,9308.27,1.47754e+07
2003-11-08,9365.44,9365.44,9365.44,9365.44,1.53543e+07
2003-11-09,9428.23,9428.23,9428.23,9428.23,1.47643e+07
2003-11-10,9499.54,9499.54,9499.54,9499.54,7.26948e+07
2003-11-11,9568.57,9568.57,9568.57,9568.57,8.1877e+07
2003-11-12,9626.83,9626.83,9626.83,9626.83,2.17195e+07
2003-11-15,9610.55,9610.55,9610.55,9610.55,1.86742e+07
2003-11-17,9583.27,9583.27,9583.27,9583.27,2.51528e+07
2003-11-18,9615.86,9615.86,9615.86,9615.86,2.23296e+07
2003-11-19,9670.47,9670.47,9670.47,9670.47,3.30501e+07
2003-11-22,9669.46,9669.46,9669.46,9669.46,5.15231e+07
2003-11-23,9714.04,9714.04,9714.04,9714.04,1.8593e+07
2003-11-24,9722.75,9722.75,9722.75,9722.75,4.25586e+07
2003-11-25,9743.01,9743.01,9743.01,9743.01,2.81221e+07
2003-11-29,9775.17,9775.17,9775.17,9775.17,4.38427e+07
2003-11-30,9789.56,9789.56,9789.56,9789.56,3.38132e+07
2003-12-01,9864.75,9864.75,9864.75,9864.75,5.98152e+07
2003-12-02,9914.22,9914.22,9914.22,9914.22,6.15601e+07
2003-12-03,9936.96,9936.96,9936.96,9936.96,1.64331e+07
2003-12-06,10164.3,10164.3,10164.3,10164.3,1.69058e+07
2003-12-07,10164.2,10164.2,10164.2,10164.2,1.94911e+07
2003-12-08,10188,10188,10188,10188,2.60587e+07
2003-12-09,10227.3,10227.3,10227.3,10227.3,6.74079e+07
2003-12-10,10250.1,10250.1,10250.1,10250.1,5.17713e+07
2003-12-13,10296.9,10296.9,10296.9,10296.9,1.48119e+07
2003-12-14,10361.4,10361.4,10361.4,10361.4,1.64023e+07
2003-12-15,10494,10494,10494,10494,1.42773e+07
2003-12-16,10609.7,10609.7,10609.7,10609.7,2.56904e+07
2003-12-17,10627.2,10627.2,10627.2,10627.2,3.1403e+07
2003-12-21,10555.5,10555.5,10555.5,10555.5,4.59469e+07
2003-12-22,10527.5,10527.5,10527.5,10527.5,2.25515e+07
2003-12-23,10614.4,10614.4,10614.4,10614.4,1.24311e+08
2003-12-24,10686,10686,10686,10686,2.77941e+07
2003-12-27,10745.8,10745.8,10745.8,10745.8,5.65746e+07
2003-12-28,10782.8,10782.8,10782.8,10782.8,4.50056e+07
2003-12-29,10811.3,10811.3,10811.3,10811.3,4.59089e+07
2003-12-30,10872.8,10872.8,10872.8,10872.8,5.10903e+07
2003-12-31,10886.5,10886.5,10886.5,10886.5,2.04495e+07
2004-01-03,10924.9,10924.9,10924.9,10924.9,3.53429e+07
2004-01-04,10928.8,10928.8,10928.8,10928.8,3.19942e+07
2004-01-05,11039.5,11039.5,11039.5,11039.5,2.54201e+07
2004-01-06,11150.6,11150.6,11150.6,11150.6,6.03844e+07
2004-01-07,11205.2,11205.2,11205.2,11205.2,3.69705e+07
2004-01-10,11209.9,11209.9,11209.9,11209.9,1.79187e+07
2004-01-11,11134.4,11134.4,11134.4,11134.4,2.26367e+07
2004-01-12,11056.4,11056.4,11056.4,11056.4,1.80526e+07
2004-01-13,11062.4,11062.4,11062.4,11062.4,1.8306e+07
2004-01-14,11114.5,11114.5,11114.5,11114.5,1.99595e+07
2004-01-17,11137.3,11137.3,11137.3,11137.3,1.88102e+07
2004-01-18,11124.5,11124.5,11124.5,11124.5,3.86997e+07
2004-01-19,11058.3,11058.3,11058.3,11058.3,1.83919e+07
2004-01-20,11032.9,11032.9,11032.9,11032.9,8.43456e+07
2004-01-21,11079.3,11079.3,11079.3,11079.3,1.4071e+08
2004-01-24,11080.7,11080.7,11080.7,11080.7,1.01431e+08
2004-01-25,11082.1,11082.1,11082.1,11082.1,7.95175e+07
2004-01-26,11075.3,11075.3,11075.3,11075.3,1.90209e+08
2004-01-27,11039,11039,11039,11039,1.1043e+08
2004-01-28,10988,10988,10988,10988,7.06894e+07
2004-01-31,10989.5,10989.5,10989.5,10989.5,1.91675e+07
2004-02-01,10830,10830,10830,10830,1.62055e+07
2004-02-03,10774.1,10774.1,10774.1,10774.1,2.56225e+07
2004-02-04,10728.7,10728.7,10728.7,10728.7,2.13573e+07
2004-02-07,10814.2,10814.2,10814.2,10814.2,3.34489e+07
2004-02-08,10912.1,10912.1,10912.1,10912.1,3.01349e+07
2004-02-09,11004.4,11004.4,11004.4,11004.4,9.42091e+07
2004-02-14,11008.5,11008.5,11008.5,11008.5,1.6633e+08
2004-02-15,10949,10949,10949,10949,1.74396e+08
2004-02-16,10875.9,10875.9,10875.9,10875.9,7.0894e+07
2004-02-17,10884.4,10884.4,10884.4,10884.4,2.78204e+07
2004-02-18,10911.3,10911.3,10911.3,10911.3,1.76869e+07
2004-02-21,10953.6,10953.6,10953.6,10953.6,1.19831e+07
2004-02-22,10986.6,10986.6,10986.6,10986.6,1.73157e+07
2004-02-23,10991.4,10991.4,10991.4,10991.4,7.48306e+07
2004-02-24,10981.6,10981.6,10981.6,10981.6,1.65418e+07
2004-02-25,10977,10977,10977,10977,1.82086e+07
2004-02-28,11036.9,11036.9,11036.9,11036.9,3.49893e+07
2004-02-29,11079.6,11079.6,11079.6,11079.6,9.25776e+07
2004-03-03,11091.6,11091.6,11091.6,11091.6,1.81375e+08
2004-03-06,11159.9,11159.9,11159.9,11159.9,4.03248e+07
2004-03-07,11191.1,11191.1,11191.1,11191.1,3.4242e+07
2004-03-08,11215.3,11215.3,11215.3,11215.3,2.7949e+07
2004-03-09,11201.4,11201.4,11201.4,11201.4,2.43425e+07
2004-03-10,11185.2,11185.2,11185.2,11185.2,2.83799e+07
2004-03-13,11128,11128,11128,11128,2.39289e+07
2004-03-14,11116.8,11116.8,11116.8,11116.8,2.44031e+07
2004-03-15,11122,11122,11122,11122,4.53335e+07
2004-03-16,11217.7,11217.7,11217.7,11217.7,2.7177e+07
2004-03-17,11379.4,11379.4,11379.4,11379.4,6.13802e+07
2004-03-27,11446.5,11446.5,11446.5,11446.5,1.36939e+07
2004-03-28,11573.4,11573.4,11573.4,11573.4,7.46042e+06
2004-03-29,11684.4,11684.4,11684.4,11684.4,1.19659e+07
2004-03-30,11745.1,11745.1,11745.1,11745.1,1.1679e+07
2004-04-03,11747.4,11747.4,11747.4,11747.4,1.16339e+07
2004-04-04,11722.4,11722.4,11722.4,11722.4,1.38349e+07
2004-04-05,11665,11665,11665,11665,1.84358e+07
2004-04-06,11669,11669,11669,11669,2.49512e+07
2004-04-07,11721.4,11721.4,11721.4,11721.4,3.38394e+07
2004-04-10,11751.1,11751.1,11751.1,11751.1,2.47128e+07
2004-04-12,11724.2,11724.2,11724.2,11724.2,2.70611e+07
2004-04-13,11644.4,11644.4,11644.4,11644.4,7.26207e+07
2004-04-14,11734.7,11734.7,11734.7,11734.7,4.82084e+07
2004-04-17,11768,11768,11768,11768,4.07133e+07
2004-04-18,11753.8,11753.8,11753.8,11753.8,3.81399e+07
2004-04-21,11732.4,11732.4,11732.4,11732.4,4.47938e+07
2004-04-24,11743.8,11743.8,11743.8,11743.8,6.61321e+07
2004-04-25,11762.4,11762.4,11762.4,11762.4,3.55225e+07
2004-04-26,11764.4,11764.4,11764.4,11764.4,1.39123e+08
2004-04-27,11771,11771,11771,11771,4.76558e+07
2004-04-28,11775,11775,11775,11775,3.3413e+07
2004-05-01,11770.5,11770.5,11770.5,11770.5,3.10678e+07
2004-05-02,11678.2,11678.2,11678.2,11678.2,1.92742e+08
2004-05-03,11640.1,11640.1,11640.1,11640.1,7.44103e+07
2004-05-04,11632.9,11632.9,11632.9,11632.9,1.78252e+07
2004-05-05,11652.3,11652.3,11652.3,11652.3,9.80546e+07
2004-05-08,11655.7,11655.7,11655.7,11655.7,1.80486e+08
2004-05-09,11629.5,11629.5,11629.5,11629.5,3.31893e+07
2004-05-10,11574.3,11574.3,11574.3,11574.3,5.17902e+07
2004-05-11,11558.7,11558.7,11558.7,11558.7,3.26078e+07
2004-05-12,11571.8,11571.8,11571.8,11571.8,1.28061e+07
2004-05-15,11598.6,11598.6,11598.6,11598.6,1.83498e+07
2004-05-16,11602.5,11602.5,11602.5,11602.5,4.33955e+07
2004-05-17,11562.3,11562.3,11562.3,11562.3,3.16604e+07
2004-05-18,11513.2,11513.2,11513.2,11513.2,3.50638e+07
2004-05-19,11504.8,11504.8,11504.8,11504.8,1.10761e+08
2004-05-22,11481.6,11481.6,11481.6,11481.6,1.29127e+07
2004-05-23,11448,11448,11448,11448,3.38024e+07
2004-05-24,11465,11465,11465,11465,2.09955e+07
2004-05-25,11529.5,11529.5,11529.5,11529.5,2.33568e+07
2004-05-26,11569.8,11569.8,11569.8,11569.8,4.07257e+07
2004-05-29,11595.7,11595.7,11595.7,11595.7,4.29157e+07
2004-05-30,11584.3,11584.3,11584.3,11584.3,5.34979e+07
2004-05-31,11580.7,11580.7,11580.7,11580.7,3.06127e+07
2004-06-01,11584.6,11584.6,11584.6,11584.6,1.67376e+07
2004-06-02,11602.7,11602.7,11602.7,11602.7,2.77415e+07
2004-06-05,11635,11635,11635,11635,1.81765e+07
2004-06-06,11639.1,11639.1,11639.1,11639.1,3.50367e+07
2004-06-07,11699.3,11699.3,11699.3,11699.3,3.17686e+07
2004-06-08,11783.6,11783.6,11783.6,11783.6,5.18601e+07
2004-06-09,11860.2,11860.2,11860.2,11860.2,6.57995e+07
2004-06-12,11813.1,11813.1,11813.1,11813.1,2.09204e+08
2004-06-13,11802.9,11802.9,11802.9,11802.9,3.78973e+07
2004-06-14,11803.7,11803.7,11803.7,11803.7,3.2561e+07
2004-06-15,11861.4,11861.4,11861.4,11861.4,4.76743e+07
2004-06-16,11910,11910,11910,11910,1.40507e+08
2004-06-19,11970.5,11970.5,11970.5,11970.5,9.9666e+07
2004-06-20,12063.5,12063.5,12063.5,12063.5,5.72489e+07
2004-06-21,12049.4,12049.4,12049.4,12049.4,3.64134e+07
2004-06-22,12141.1,12141.1,12141.1,12141.1,7.7202e+07
2004-06-23,12334,12334,12334,12334,5.04873e+07
2004-06-26,12346,12346,12346,12346,9.71633e+07
2004-06-27,12484.6,12484.6,12484.6,12484.6,5.47477e+07
2004-06-28,12564.7,12564.7,12564.7,12564.7,4.70591e+07
2004-06-29,12603.4,12603.4,12603.4,12603.4,3.66404e+07
2004-06-30,12592.1,12592.1,12592.1,12592.1,4.35091e+07
2004-07-03,12590.9,12590.9,12590.9,12590.9,8.22957e+07
2004-07-04,12618.3,12618.3,12618.3,12618.3,3.90774e+07
2004-07-05,12651.7,12651.7,12651.7,12651.7,7.68332e+07
2004-07-06,12728.9,12728.9,12728.9,12728.9,3.86207e+07
2004-07-07,12759.3,12759.3,12759.3,12759.3,3.28167e+07
2004-07-10,12860.6,12860.6,12860.6,12860.6,6.55953e+07
2004-07-11,12919.4,12919.4,12919.4,12919.4,3.62057e+07
2004-07-12,12972.9,12972.9,12972.9,12972.9,7.03139e+07
2004-07-13,12990.5,12990.5,12990.5,12990.5,7.56847e+07
2004-07-14,13054.2,13054.2,13054.2,13054.2,7.15151e+07
2004-07-17,13118.5,13118.5,13118.5,13118.5,4.54413e+07
2004-07-18,13142.9,13142.9,13142.9,13142.9,4.16084e+07
2004-07-19,13187.5,13187.5,13187.5,13187.5,3.99166e+07
2004-07-20,13200.1,13200.1,13200.1,13200.1,2.82862e+07
2004-07-24,13196.8,13196.8,13196.8,13196.8,2.54072e+07
2004-07-25,13196.6,13196.6,13196.6,13196.6,2.34018e+07
2004-07-26,13223.7,13223.7,13223.7,13223.7,3.94443e+07
2004-07-27,13354.1,13354.1,13354.1,13354.1,3.25733e+07
2004-07-28,13505.1,13505.1,13505.1,13505.1,3.88659e+07
2004-07-31,13635.1,13635.1,13635.1,13635.1,5.15084e+07
2004-08-01,13676,13676,13676,13676,4.9917e+07
2004-08-02,13814.4,13814.4,13814.4,13814.4,5.33055e+07
2004-08-03,13842.6,13842.6,13842.6,13842.6,6.36611e+07
2004-08-04,13882.4,13882.4,13882.4,13882.4,5.33959e+07
2004-08-07,13809.8,13809.8,13809.8,13809.8,4.77875e+07
2004-08-08,13657.5,13657.5,13657.5,13657.5,2.85622e+07
2004-08-09,13424.7,13424.7,13424.7,13424.7,3.29344e+07
2004-08-10,13456.4,13456.4,13456.4,13456.4,4.44416e+07
2004-08-11,13488.4,13488.4,13488.4,13488.4,7.6562e+07
2004-08-14,13327.4,13327.4,13327.4,13327.4,3.07521e+07
2004-08-15,13129.5,13129.5,13129.5,13129.5,3.06273e+07
2004-08-16,13113.5,13113.5,13113.5,13113.5,2.78836e+07
2004-08-17,13118,13118,13118,13118,2.99715e+07
2004-08-18,13082.1,13082.1,13082.1,13082.1,4.88195e+07
2004-08-21,12993.2,12993.2,12993.2,12993.2,2.87812e+07
2004-08-22,12878.9,12878.9,12878.9,12878.9,4.37179e+07
2004-08-23,12802.9,12802.9,12802.9,12802.9,3.91671e+07
2004-08-24,12765.1,12765.1,12765.1,12765.1,4.80123e+07
2004-08-25,12797.9,12797.9,12797.9,12797.9,5.0839e+07
2004-08-28,12897.2,12897.2,12897.2,12897.2,2.02818e+07
2004-08-29,13029.6,13029.6,13029.6,13029.6,2.56702e+07
2004-08-31,13031.1,13031.1,13031.1,13031.1,5.61576e+07
2004-09-01,13060.3,13060.3,13060.3,13060.3,5.96646e+07
2004-09-04,13142.4,13142.4,13142.4,13142.4,2.89458e+07
2004-09-05,13244.2,13244.2,13244.2,13244.2,2.87876e+07
2004-09-06,13265.1,13265.1,13265.1,13265.1,2.78243e+07
2004-09-07,13226.4,13226.4,13226.4,13226.4,3.4962e+07
2004-09-08,13248.3,13248.3,13248.3,13248.3,2.8514e+07
2004-09-11,13283.2,13283.2,13283.2,13283.2,1.81539e+07
2004-09-12,13347.5,13347.5,13347.5,13347.5,4.8706e+07
2004-09-14,13445.8,13445.8,13445.8,13445.8,2.09622e+07
2004-09-15,13587.2,13587.2,13587.2,13587.2,2.44601e+07
2004-09-18,13621.5,13621.5,13621.5,13621.5,2.20968e+07
2004-09-19,13654,13654,13654,13654,2.97397e+07
2004-09-20,13608.3,13608.3,13608.3,13608.3,3.19207e+07
2004-09-21,13596.4,13596.4,13596.4,13596.4,5.13878e+07
2004-09-22,13622.4,13622.4,13622.4,13622.4,2.64953e+07
2004-09-25,13742.4,13742.4,13742.4,13742.4,3.81325e+07
2004-09-26,13799.6,13799.6,13799.6,13799.6,4.69724e+07
2004-09-27,13743.3,13743.3,13743.3,13743.3,3.3607e+07
2004-09-28,13706.8,13706.8,13706.8,13706.8,3.22958e+07
2004-09-29,13662.8,13662.8,13662.8,13662.8,3.91825e+07
2004-10-02,13637.7,13637.7,13637.7,13637.7,4.97253e+07
2004-10-03,13575,13575,13575,13575,3.39117e+07
2004-10-04,13478.2,13478.2,13478.2,13478.2,4.61994e+07
2004-10-05,13436.6,13436.6,13436.6,13436.6,3.55474e+07
2004-10-06,13455,13455,13455,13455,5.30579e+07
2004-10-09,13508,13508,13508,13508,3.80707e+07
2004-10-10,13461.7,13461.7,13461.7,13461.7,6.81147e+07
2004-10-11,13436.8,13436.8,13436.8,13436.8,1.72611e+07
2004-10-12,13416.3,13416.3,13416.3,13416.3,4.22948e+07
2004-10-13,13405,13405,13405,13405,1.49636e+08
2004-10-16,13396.2,13396.2,13396.2,13396.2,1.85661e+07
2004-10-17,13352.5,13352.5,13352.5,13352.5,1.99765e+07
2004-10-18,13312.7,13312.7,13312.7,13312.7,1.79716e+07
2004-10-19,13261.5,13261.5,13261.5,13261.5,2.09209e+07
2004-10-20,13198.1,13198.1,13198.1,13198.1,2.53223e+07
2004-10-23,13220.9,13220.9,13220.9,13220.9,1.42322e+07
2004-10-24,13259.8,13259.8,13259.8,13259.8,6.36064e+07
2004-10-25,13285.8,13285.8,13285.8,13285.8,4.22722e+07
2004-10-26,13299,13299,13299,13299,4.58157e+07
2004-10-27,13314.2,13314.2,13314.2,13314.2,3.98537e+07
2004-10-30,13245.7,13245.7,13245.7,13245.7,5.71503e+07
2004-10-31,13169.5,13169.5,13169.5,13169.5,2.55743e+07
2004-11-01,13135.8,13135.8,13135.8,13135.8,3.645e+07
2004-11-02,13136.3,13136.3,13136.3,13136.3,7.74084e+07
2004-11-03,13172.9,13172.9,13172.9,13172.9,6.26761e+07
2004-11-06,13224.4,13224.4,13224.4,13224.4,3.16564e+07
2004-11-07,13260.9,13260.9,13260.9,13260.9,1.34282e+08
2004-11-08,13298.5,13298.5,13298.5,13298.5,1.91948e+07
2004-11-09,13352.2,13352.2,13352.2,13352.2,2.42718e+07
2004-11-10,13416.7,13416.7,13416.7,13416.7,5.79587e+07
2004-11-13,13407.3,13407.3,13407.3,13407.3,3.25322e+07
2004-11-15,13519.8,13519.8,13519.8,13519.8,3.56126e+07
2004-11-16,13615,13615,13615,13615,6.57642e+07
2004-11-17,13628.2,13628.2,13628.2,13628.2,4.51437e+07
2004-11-20,13617.6,13617.6,13617.6,13617.6,4.80821e+07
2004-11-21,13593.5,13593.5,13593.5,13593.5,2.22792e+08
2004-11-22,13591,13591,13591,13591,8.14543e+07
2004-11-23,13600.5,13600.5,13600.5,13600.5,3.06504e+07
2004-11-24,13604.2,13604.2,13604.2,13604.2,4.60668e+07
2004-11-27,13620.1,13620.1,13620.1,13620.1,8.63924e+07
2004-11-28,13610,13610,13610,13610,9.53524e+07
2004-11-29,13728.2,13728.2,13728.2,13728.2,5.21397e+07
2004-11-30,13807.5,13807.5,13807.5,13807.5,5.42192e+07
2004-12-01,13831.6,13831.6,13831.6,13831.6,8.30603e+07
2004-12-04,13848.1,13848.1,13848.1,13848.1,8.24144e+07
2004-12-05,13835.5,13835.5,13835.5,13835.5,1.2465e+08
2004-12-06,13832.3,13832.3,13832.3,13832.3,8.2876e+07
2004-12-07,13835.5,13835.5,13835.5,13835.5,7.65714e+07
2004-12-11,13834.4,13834.4,13834.4,13834.4,6.45371e+07
2004-12-12,13813.1,13813.1,13813.1,13813.1,5.09827e+07
2004-12-13,13758.9,13758.9,13758.9,13758.9,6.30514e+07
2004-12-14,13690.2,13690.2,13690.2,13690.2,3.97206e+07
2004-12-15,13669.7,13669.7,13669.7,13669.7,5.83924e+07
2004-12-18,13650.1,13650.1,13650.1,13650.1,3.05046e+07
2004-12-19,13612.2,13612.2,13612.2,13612.2,5.85755e+07
2004-12-20,13571.8,13571.8,13571.8,13571.8,5.46446e+07
2004-12-21,13558.7,13558.7,13558.7,13558.7,3.44532e+07
2004-12-22,13564.9,13564.9,13564.9,13564.9,6.8684e+07
2004-12-25,13566.8,13566.8,13566.8,13566.8,3.44257e+07
2004-12-26,13580.8,13580.8,13580.8,13580.8,3.5913e+07
2004-12-27,13581.1,13581.1,13581.1,13581.1,1.23845e+08
2004-12-28,13570.5,13570.5,13570.5,13570.5,4.47551e+07
2004-12-29,13543.2,13543.2,13543.2,13543.2,2.84136e+07
2005-01-01,13535.2,13535.2,13535.2,13535.2,3.64336e+07
2005-01-02,13513,13513,13513,13513,7.40188e+07
2005-01-03,13480.2,13480.2,13480.2,13480.2,2.96571e+07
2005-01-04,13495.2,13495.2,13495.2,13495.2,5.81564e+07
2005-01-05,13492.9,13492.9,13492.9,13492.9,1.10884e+08
2005-01-08,13478,13478,13478,13478,6.69349e+07
2005-01-09,13454.2,13454.2,13454.2,13454.2,7.26117e+07
2005-01-10,13418.7,13418.7,13418.7,13418.7,1.24898e+08
2005-01-11,13421.1,13421.1,13421.1,13421.1,8.58923e+07
2005-01-12,13381.3,13381.3,13381.3,13381.3,1.62688e+08
2005-01-15,13331.3,13331.3,13331.3,13331.3,4.57233e+07
2005-01-16,13288.5,13288.5,13288.5,13288.5,9.69369e+07
2005-01-17,13237.7,13237.7,13237.7,13237.7,8.73079e+07
2005-01-18,13199.3,13199.3,13199.3,13199.3,2.62022e+07
2005-01-19,13168.4,13168.4,13168.4,13168.4,1.13012e+08
2005-01-22,13163.1,13163.1,13163.1,13163.1,1.60757e+07
2005-01-23,13164.6,13164.6,13164.6,13164.6,1.96791e+07
2005-01-24,13164.3,13164.3,13164.3,13164.3,2.60924e+07
2005-01-25,13154.8,13154.8,13154.8,13154.8,1.01018e+08
2005-01-26,13133.9,13133.9,13133.9,13133.9,2.82091e+07
2005-01-30,13093.2,13093.2,13093.2,13093.2,7.73767e+07
2005-01-31,13076.5,13076.5,13076.5,13076.5,5.49244e+07
2005-02-01,13054.5,13054.5,13054.5,13054.5,2.63399e+07
2005-02-02,13033.4,13033.4,13033.4,13033.4,2.08205e+07
2005-02-05,13004.5,13004.5,13004.5,13004.5,1.9233e+07
2005-02-06,12951.1,12951.1,12951.1,12951.1,1.86738e+07
2005-02-07,12893.4,12893.4,12893.4,12893.4,1.01984e+07
2005-02-08,12823,12823,12823,12823,1.1062e+07
2005-02-09,12817.4,12817.4,12817.4,12817.4,3.93568e+07
2005-02-12,12784.6,12784.6,12784.6,12784.6,1.6128e+07
2005-02-13,12785.6,12785.6,12785.6,12785.6,5.38606e+07
2005-02-14,12734.3,12734.3,12734.3,12734.3,7.13937e+08
2005-02-15,12691.1,12691.1,12691.1,12691.1,2.68817e+07
2005-02-16,12649,12649,12649,12649,1.41179e+07
2005-02-21,12505.1,12505.1,12505.1,12505.1,1.78369e+07
2005-02-22,12481.7,12481.7,12481.7,12481.7,1.90652e+07
2005-02-23,12431,12431,12431,12431,1.99798e+07
2005-02-26,12431.1,12431.1,12431.1,12431.1,2.62242e+07
2005-02-27,12437.9,12437.9,12437.9,12437.9,5.81787e+07
2005-02-28,12447.6,12447.6,12447.6,12447.6,9.43109e+07
2005-03-01,12393.9,12393.9,12393.9,12393.9,6.21651e+07
2005-03-02,12341,12341,12341,12341,2.29571e+07
2005-03-05,12342.6,12342.6,12342.6,12342.6,2.49316e+07
2005-03-06,12333.1,12333.1,12333.1,12333.1,1.04251e+08
2005-03-07,12127.3,12127.3,12127.3,12127.3,9.83397e+07
2005-03-08,12100.5,12100.5,12100.5,12100.5,4.47632e+07
2005-03-09,12072.7,12072.7,12072.7,12072.7,8.05675e+07
2005-03-12,12049.6,12049.6,12049.6,12049.6,7.33841e+07
2005-03-13,12050.2,12050.2,12050.2,12050.2,8.42783e+07
2005-03-14,12065.4,12065.4,12065.4,12065.4,4.66391e+07
2005-03-15,12077.4,12077.4,12077.4,12077.4,1.78037e+08
2005-03-16,12113,12113,12113,12113,3.13605e+08
2005-03-26,12130.2,12130.2,12130.2,12130.2,5.76993e+06
2005-03-27,12141.6,12141.6,12141.6,12141.6,1.31736e+07
2005-03-28,12157.8,12157.8,12157.8,12157.8,3.32206e+07
2005-03-29,12175.9,12175.9,12175.9,12175.9,3.37203e+07
2005-03-30,12188.7,12188.7,12188.7,12188.7,1.22314e+08
2005-04-03,12204.9,12204.9,12204.9,12204.9,7.5558e+07
2005-04-04,12214.3,12214.3,12214.3,12214.3,2.17448e+07
2005-04-05,12216.8,12216.8,12216.8,12216.8,1.13309e+08
2005-04-06,12227,12227,12227,12227,4.66913e+07
2005-04-10,12242.3,12242.3,12242.3,12242.3,5.79893e+07
2005-04-11,12287.8,12287.8,12287.8,12287.8,3.47645e+07
2005-04-12,12411.6,12411.6,12411.6,12411.6,1.01487e+08
2005-04-13,12629.8,12629.8,12629.8,12629.8,6.57778e+07
2005-04-16,12757.8,12757.8,12757.8,12757.8,6.73092e+07
2005-04-17,12847.8,12847.8,12847.8,12847.8,4.85291e+07
2005-04-18,12799.3,12799.3,12799.3,12799.3,8.39787e+07
2005-04-19,12742.6,12742.6,12742.6,12742.6,2.16211e+08
2005-04-20,12701.8,12701.8,12701.8,12701.8,1.78425e+08
2005-04-23,12733,12733,12733,12733,8.096e+07
2005-04-24,12742.4,12742.4,12742.4,12742.4,5.90032e+07
2005-04-25,12745.5,12745.5,12745.5,12745.5,1.00322e+08
2005-04-27,12760.8,12760.8,12760.8,12760.8,3.21109e+07
2005-04-30,12743,12743,12743,12743,6.31208e+07
2005-05-01,12695.2,12695.2,12695.2,12695.2,4.73092e+07
2005-05-02,12663.7,12663.7,12663.7,12663.7,3.12433e+07
2005-05-03,12655.6,12655.6,12655.6,12655.6,5.57418e+07
2005-05-04,12699.8,12699.8,12699.8,12699.8,5.8961e+07
2005-05-07,12709.4,12709.4,12709.4,12709.4,1.09509e+08
2005-05-08,12576.1,12576.1,12576.1,12576.1,4.80688e+07
2005-05-09,12573.3,12573.3,12573.3,12573.3,7.02504e+07
2005-05-10,12583.5,12583.5,12583.5,12583.5,4.44425e+07
2005-05-11,12624.3,12624.3,12624.3,12624.3,6.92995e+07
2005-05-14,12626.1,12626.1,12626.1,12626.1,5.89426e+07
2005-05-15,12628.7,12628.7,12628.7,12628.7,6.24089e+07
2005-05-16,12628.7,12628.7,12628.7,12628.7,4.45241e+07
2005-05-17,12625.1,12625.1,12625.1,12625.1,5.40867e+07
2005-05-18,12643,12643,12643,12643,4.77385e+07
2005-05-21,12605.1,12605.1,12605.1,12605.1,6.45118e+07
2005-05-22,12584.7,12584.7,12584.7,12584.7,3.09316e+07
2005-05-23,12619.1,12619.1,12619.1,12619.1,3.98835e+07
2005-05-24,12633.1,12633.1,12633.1,12633.1,5.94391e+07
2005-05-25,12594.7,12594.7,12594.7,12594.7,4.37854e+07
2005-05-28,12639.8,12639.8,12639.8,12639.8,6.41875e+07
2005-05-29,12603.7,12603.7,12603.7,12603.7,5.66858e+07
2005-05-30,12586.1,12586.1,12586.1,12586.1,5.27276e+07
2005-05-31,12565.2,12565.2,12565.2,12565.2,4.78211e+07
2005-06-01,12559.8,12559.8,12559.8,12559.8,4.07018e+07
2005-06-06,12559.8,12570.3,12555.5,12555.5,3.7033e+07
2005-06-07,12555.5,12558.8,12541.7,12541.7,4.04081e+07
2005-06-08,12541.7,12552.6,12513,12520.9,1.04952e+08
2005-06-11,12520.9,12521.2,12474,12474,9.08916e+07
2005-06-12,12474,12474,12435.4,12435.4,9.12382e+07
2005-06-13,12435.5,12435.7,12417.5,12417.5,9.65912e+07
2005-06-14,12417.5,12433.2,12417.5,12432.8,9.89212e+07
2005-06-15,12432.9,12452.1,12432.9,12452.1,1.04442e+08
2005-06-18,12452.1,12463.5,12452.1,12463.5,4.40301e+07
2005-06-19,12463.6,12463.6,12402.5,12402.5,4.2881e+07
2005-06-20,12402.1,12417,12394.7,12417,3.11747e+08
2005-06-21,12417.1,12426.3,12417.1,12423.9,3.66493e+07
2005-06-22,12423.9,12495.5,12423.9,12495.5,6.42674e+07
2005-06-25,12495.5,12495.5,12369.4,12369.4,5.36535e+07
2005-06-26,12369.2,12369.2,12322.7,12327.3,4.80449e+07
2005-06-27,12327.3,12348.2,12322.8,12348.2,3.11433e+07
2005-06-28,12348.1,12348.2,12339.3,12339.3,3.61684e+07
2005-06-29,12339.4,12339.4,12308.2,12308.2,5.25259e+07
2005-07-02,12308.2,12308.2,12239.4,12239.4,2.79172e+07
2005-07-03,12239.3,12239.3,12180.4,12180.4,3.29174e+07
2005-07-04,12180.2,12180.2,12123.8,12123.8,4.64646e+07
2005-07-05,12123.8,12123.8,12090.7,12090.7,4.48048e+07
2005-07-06,12090.7,12100.1,12090.7,12094.3,4.69752e+07
2005-07-09,12094.3,12094.3,12062.6,12062.6,7.07634e+07
2005-07-11,12062.7,12062.7,12029.6,12029.6,4.66127e+07
2005-07-12,12030,12030,11962.8,11962.8,1.80571e+08
2005-07-13,11963.3,11963.3,11893,11893,4.28531e+07
2005-07-16,11893,11893,11856.5,11856.5,3.39222e+07
2005-07-17,11856.6,11856.6,11809.1,11809.1,1.81686e+08
2005-07-18,11809.2,11809.2,11758.2,11758.2,1.86731e+08
2005-07-19,11758.1,11758.1,11727.4,11727.4,2.7433e+08
2005-07-20,11727.5,11731.8,11722,11731.8,1.51276e+07
2005-07-23,11731.9,11738.8,11723,11738.5,7.55999e+07
2005-07-24,11738.5,11753.1,11738.5,11753.1,2.37179e+07
2005-07-25,11753.3,11760,11753.3,11756.9,2.43413e+07
2005-07-26,11757.7,11757.7,11717.6,11717.6,2.14278e+07
2005-07-27,11717.3,11724.4,11715.8,11724.4,2.11172e+07
2005-07-30,11724.4,11734.6,11724.4,11729.8,2.38695e+07
2005-07-31,11729.8,11734.2,11635.2,11635.2,2.53578e+07
2005-08-01,11635.2,11635.2,11407.4,11407.4,1.83222e+07
2005-08-02,11407.4,11407.4,11390.8,11390.8,1.66216e+07
2005-08-03,11390.7,11418.6,11390.7,11395.3,1.65707e+07
2005-08-06,11395.3,11399.3,11393.6,11393.6,1.46187e+07
2005-08-07,11393.7,11397.2,11375.3,11375.3,1.27983e+07
2005-08-08,11375.3,11375.5,11361.4,11361.4,1.4665e+07
2005-08-09,11361.4,11361.4,11349.5,11349.5,1.88214e+07
2005-08-10,11349.4,11351.6,11345.5,11351.6,1.74886e+07
2005-08-13,11351.6,11351.6,11335.6,11335.6,1.19637e+07
2005-08-14,11335.6,11335.6,11298,11298,7.58077e+07
2005-08-15,11298.1,11298.1,11143.3,11143.3,1.33634e+07
2005-08-16,11143.3,11143.3,10941.9,10941.9,1.51984e+07
2005-08-17,10941.9,10941.9,10680.6,10680.6,2.55615e+07
2005-08-20,10680.6,10702.8,10680.6,10702.8,4.04496e+07
2005-08-21,10702.9,10738.5,10702.9,10737,2.54473e+07
2005-08-22,10737,10759.9,10737,10752.5,3.02835e+08
2005-08-23,10752.5,10770.7,10750.8,10770.7,2.79793e+08
2005-08-24,10770.6,10772.6,10765.7,10772.6,2.34406e+07
2005-08-27,10772.7,10807.2,10772.7,10793.7,2.39088e+07
2005-08-28,10793.9,10804.1,10793.9,10800.4,5.19244e+07
2005-08-29,10800.4,10800.7,10789.8,10789.8,2.73676e+08
2005-08-30,10789.8,10791,10780.2,10780.2,2.69195e+07
2005-08-31,10780.4,10796.9,10780.4,10793.8,6.7364e+07
2005-09-03,10793.9,10795.6,10751.5,10751.5,4.69282e+07
2005-09-04,10751.5,10751.8,10722.2,10722.2,4.20006e+07
2005-09-05,10722.3,10722.3,10679,10679,2.72517e+08
2005-09-06,10679.3,10679.3,10634.5,10634.5,4.96387e+07
2005-09-07,10634.6,10636.2,10632.3,10632.3,6.91552e+07
2005-09-10,10632.3,10638.7,10599.7,10601.5,6.2035e+07
2005-09-11,10601.6,10602.9,10579.2,10579.2,4.43078e+07
2005-09-12,10579.2,10579.2,10552.5,10552.5,3.40963e+07
2005-09-13,10552.5,10552.5,10526.5,10526.5,2.93245e+07
2005-09-14,10526.4,10526.4,10514.2,10514.2,3.5375e+07
2005-09-17,10514.2,10540.9,10514.2,10531.8,7.50449e+07
2005-09-18,10531.8,10534.8,10491.4,10491.4,5.62147e+07
2005-09-19,10491.3,10491.3,10443.4,10443.4,2.36315e+08
2005-09-21,10443.3,10443.3,10411.5,10411.5,2.57781e+07
2005-09-24,10411.6,10424.9,10411.6,10423.7,2.21336e+07
2005-09-25,10423.7,10423.7,10350,10350,2.8367e+07
2005-09-26,10350.1,10350.1,10277,10277,3.34639e+07
2005-09-27,10275.5,10275.5,10191.8,10191.8,2.65406e+07
2005-09-28,10191.9,10191.9,10148.1,10148.1,4.48444e+07
2005-10-01,10147.2,10153.7,10146.1,10147.7,1.65207e+07
2005-10-02,10147.8,10155.6,10143.2,10151.8,2.467e+07
2005-10-03,10151.8,10156.9,10140.2,10140.2,2.90704e+07
2005-10-04,10140.3,10155,10130.5,10132,5.96989e+07
2005-10-05,10132,10142.3,10130.3,10139.2,2.69067e+07
2005-10-08,10139.3,10163,10139.3,10162.8,2.46473e+07
2005-10-09,10162.8,10188.6,10162.8,10175.8,3.09062e+07
2005-10-10,10175.9,10175.9,10144.7,10144.7,2.1905e+07
2005-10-11,10144.4,10145.3,10106.4,10106.4,8.0769e+07
2005-10-12,10106.5,10106.5,10084.5,10084.5,3.02179e+07
2005-10-15,10084.6,10084.9,10076.1,10076.1,2.67196e+07
2005-10-16,10076.2,10076.2,10061.7,10061.7,3.09858e+07
2005-10-17,10061.8,10061.8,10042.5,10042.5,1.86025e+07
2005-10-18,10042.5,10042.5,10014,10014,2.0525e+07
2005-10-19,10014.1,10028,10012.7,10028,3.25891e+07
2005-10-22,10028.4,10033.8,10027.6,10031.9,1.56299e+07
2005-10-23,10031.9,10036.7,10030.5,10033.4,1.98311e+07
2005-10-24,10033.4,10033.4,10011.9,10013.8,2.47893e+07
2005-10-26,10013.8,10017.3,10013.8,10015,1.95181e+07
2005-10-29,10015,10021.9,9999.68,10021.9,2.12936e+07
2005-10-30,10021.9,10021.9,10000.4,10000.4,2.23495e+07
2005-10-31,10000.4,10000.9,9960.01,9960.01,2.20649e+07
2005-11-01,9960.11,9960.11,9915.81,9915.81,1.97438e+07
2005-11-02,9915.85,9915.85,9864.53,9864.53,4.58346e+07
2005-11-05,9864.81,9868.76,9861.95,9868.76,2.33259e+07
2005-11-06,9868.78,9882.22,9868.78,9882.22,3.57555e+07
2005-11-07,9882.25,9882.25,9867.03,9867.03,3.35067e+07
2005-11-08,9866.99,9866.99,9842.59,9842.59,3.43346e+07
2005-11-09,9842.39,9842.39,9817.93,9817.93,2.48081e+07
2005-11-12,9817.99,9829.29,9817.83,9828.66,2.83419e+07
2005-11-13,9828.78,9828.78,9820.92,9820.92,1.97551e+07
2005-11-14,9820.78,9821,9807.73,9810.53,4.05415e+07
2005-11-15,9810.57,9810.65,9802.77,9802.77,3.79066e+07
2005-11-16,9802.76,9806.01,9802.43,9806.01,3.24261e+07
2005-11-19,9806.09,9806.09,9804.61,9804.61,1.03769e+07
2005-11-20,9804.62,9804.62,9799.58,9799.58,7.02637e+07
2005-11-21,9799.65,9799.65,9787.39,9788.67,4.55299e+07
2005-11-22,9788.67,9789.43,9784.69,9789.43,1.71065e+07
2005-11-23,9789.46,9811.89,9789.46,9811.89,2.69551e+07
2005-11-26,9812.02,9936.26,9812.02,9894.93,6.03465e+07
2005-11-27,9894.89,9979.45,9894.4,9979.45,7.84483e+07
2005-11-29,9978.58,10035.3,9978.58,10035.3,5.42261e+07
2005-11-30,10035.2,10083.5,10032.7,10083.5,7.39864e+07
2005-12-03,10083.6,10250.9,10083.6,10250.9,8.30397e+07
2005-12-04,10251.5,10403.9,10251.5,10403.9,1.74867e+08
2005-12-05,10404.1,10476,10404.1,10453,1.84994e+08
2005-12-06,10453.1,10455.1,10426.1,10426.1,4.61075e+07
2005-12-10,10426.2,10427.3,10362.4,10362.4,3.40371e+07
2005-12-11,10362.1,10362.1,10347.7,10349.5,5.26655e+07
2005-12-12,10349.5,10359.7,10349.5,10353.4,4.2719e+07
2005-12-13,10353.6,10355.4,10337.2,10337.2,2.63002e+07
2005-12-14,10337.2,10337.3,10316.1,10316.1,1.06048e+08
2005-12-17,10316.2,10318.6,10275.9,10275.9,2.76332e+07
2005-12-18,10276,10276.4,10250.6,10250.6,2.77256e+07
2005-12-19,10250.5,10259.5,10250.5,10259.5,3.64017e+07
2005-12-20,10259.5,10272.2,10259.1,10272.2,4.57903e+07
2005-12-21,10272.2,10304.2,10272.2,10304.2,3.51626e+07
2005-12-24,10304.2,10342,10304.2,10342,4.47365e+07
2005-12-25,10342,10345.8,10321,10321,3.47338e+07
2005-12-26,10321.1,10323.1,10300.4,10300.4,5.26954e+07
2005-12-27,10300.3,10300.6,10267.5,10267.5,5.11432e+07
2005-12-28,10267.5,10267.9,10254.8,10254.8,3.41655e+07
2005-12-31,10255,10265.9,10255,10258.9,3.77752e+07
2006-01-01,10259,10260.3,10248.3,10248.3,2.14345e+07
2006-01-02,10248.3,10248.5,10233.5,10233.5,2.39931e+07
2006-01-03,10233.5,10239.1,10233.5,10236.3,3.19137e+07
2006-01-04,10236.5,10236.6,10221.5,10221.5,3.50491e+07
2006-01-07,10221.8,10222.2,10188.3,10188.3,3.56605e+07
2006-01-08,10188.2,10189.1,10164.9,10164.9,2.83117e+07
2006-01-09,10165.5,10168.9,10155,10155,2.6453e+07
2006-01-10,10155.1,10155.1,10141.3,10141.3,2.2074e+07
2006-01-14,10141.4,10141.4,10111.1,10111.1,2.6974e+07
2006-01-15,10111.2,10111.8,10104.1,10104.1,2.19263e+07
2006-01-16,10104.6,10106,10100.1,10100.1,3.26485e+07
2006-01-17,10100.1,10111.1,10100.1,10111.1,2.25387e+07
2006-01-18,10110.8,10112.2,10107.6,10107.6,2.80169e+07
2006-01-21,10107.6,10108.2,10104.4,10104.4,1.54093e+07
2006-01-22,10104.4,10106.3,10103.4,10103.4,2.18156e+07
2006-01-23,10103.3,10104,10088.3,10088.3,4.91178e+07
2006-01-24,10088.5,10088.5,10076.3,10076.3,2.24953e+07
2006-01-25,10076.2,10076.2,10068.1,10068.1,2.82352e+07
2006-01-28,10068.1,10070.4,10065.2,10065.2,2.3112e+07
2006-01-29,10065.2,10081.2,10065.2,10078,3.45019e+07
2006-01-30,10078,10079.4,10076,10076,3.11087e+07
2006-01-31,10076,10076,10048.2,10048.2,2.92574e+07
2006-02-01,10048.2,10048.2,10033.5,10033.5,5.83034e+07
2006-02-04,10033.6,10033.6,10014.4,10014.4,2.19053e+07
2006-02-05,10014.4,10014.4,9973.07,9973.07,5.18583e+07
2006-02-06,9973.13,9973.13,9938.53,9938.53,6.26274e+07
2006-02-07,9938.42,9938.42,9923.4,9923.4,1.77216e+07
2006-02-12,9923.41,9923.41,9903.8,9903.8,1.50761e+07
2006-02-13,9903.83,9903.83,9873.62,9873.62,1.80849e+07
2006-02-14,9873.69,9873.69,9866.14,9866.14,1.95535e+07
2006-02-15,9866.18,9866.18,9862.12,9862.12,2.51583e+07
2006-02-18,9862.08,9862.09,9860.1,9860.38,1.97797e+07
2006-02-19,9860.49,9868.56,9860.21,9868.34,1.12668e+07
2006-02-20,9868.43,9869.87,9868.37,9869.2,1.24396e+07
2006-02-21,9869.26,9869.86,9867.64,9867.81,2.02567e+07
2006-02-22,9867.91,9868.7,9867.91,9868.63,1.33218e+07
2006-02-25,9868.72,9868.77,9868.07,9868.27,2.12365e+07
2006-02-26,9868.35,9868.59,9867.45,9868.53,1.15763e+07
2006-02-27,9868.57,9876.65,9855.15,9855.15,3.99015e+07
2006-02-28,9855.18,9860.42,9855.18,9859.11,2.80904e+07
2006-03-01,9859.22,9859.59,9852.91,9852.91,4.62702e+07
2006-03-04,9852.97,9853.49,9842.18,9842.18,1.72659e+07
2006-03-05,9842.2,9842.2,9837.27,9837.27,2.72318e+07
2006-03-06,9837.44,9837.84,9835.35,9835.35,1.82912e+07
2006-03-07,9835.44,9839.46,9835.44,9838.72,2.25598e+07
2006-03-08,9838.96,9839.04,9837.06,9838.12,2.06373e+07
2006-03-11,9838.33,9838.33,9831.44,9831.44,2.4419e+07
2006-03-12,9831.62,9831.62,9826.11,9826.11,3.83069e+07
2006-03-13,9826.26,9826.26,9822.81,9823.34,1.55068e+07
2006-03-14,9823.54,9823.61,9820.76,9820.76,1.11014e+07
2006-03-15,9820.79,9820.8,9819.75,9820.15,1.14906e+07
2006-03-18,9820.32,9822.19,9727.06,9727.06,1.16635e+08
2006-03-19,9727.07,9734.07,9459.36,9459.36,2.2927e+08
2006-03-25,9459.74,9462.85,9459.74,9462.85,1.287e+08
2006-03-26,9463.02,9466.17,9462.56,9466.17,5.58692e+07
2006-03-27,9466.33,9473.01,9466.33,9473.01,5.90513e+07
2006-03-28,9473.17,9481.01,9473.17,9480.9,1.6225e+07
2006-04-03,9480.93,9483.02,9480.93,9482.03,2.60693e+08
2006-04-04,9482.23,9482.23,9480.6,9480.6,2.12138e+07
2006-04-05,9480.67,9482,9479.25,9482,1.6952e+07
2006-04-08,9482.19,9487.95,9481.82,9487.95,2.3093e+07
2006-04-09,9488.14,9502.82,9488.14,9494.15,3.57039e+07
2006-04-10,9494.4,9503.12,9494.27,9502.65,4.25325e+07
2006-04-11,9502.7,9505.52,9498.25,9505.52,4.93019e+07
2006-04-12,9506.18,9515.89,9504.16,9515.89,2.95139e+07
2006-04-15,9515.97,9525.92,9515.97,9525.92,1.98433e+07
2006-04-17,9526.01,9526.65,9524.79,9526.65,2.35667e+07
2006-04-18,9526.78,9526.83,9516.96,9516.96,2.32226e+07
2006-04-19,9516.86,9516.86,9513.99,9515.05,2.46732e+07
2006-04-22,9515.11,9515.11,9513.65,9514.45,3.71802e+07
2006-04-23,9514.37,9515.12,9513.18,9514.64,2.44914e+07
2006-04-24,9514.67,9515.68,9510.38,9512.14,1.8956e+07
2006-04-25,9512.16,9514,9511.81,9514,1.86961e+07
2006-04-26,9514.03,9527.9,9513.37,9513.37,5.22782e+07
2006-04-29,9513.43,9513.71,9509.63,9509.63,1.51624e+07
2006-04-30,9509.65,9509.65,9502.15,9502.15,2.67806e+07
2006-05-01,9502.17,9502.18,9496.74,9496.74,1.48634e+08
2006-05-02,9496.78,9497.34,9496.65,9497.14,2.37211e+07
2006-05-03,9497.23,9498.19,9495.42,9495.42,4.76245e+07
2006-05-06,9495.47,9495.83,9493.06,9493.73,4.20786e+07
2006-05-07,9493.87,9495.13,9492.64,9495.13,1.58837e+07
2006-05-08,9495.25,9497.14,9495.25,9497.14,2.93406e+07
2006-05-09,9497.23,9501.57,9497.02,9499.83,1.65629e+07
2006-05-10,9499.88,9509.55,9491.99,9491.99,2.81479e+07
2006-05-13,9492.02,9504.39,9492.02,9504.09,2.89218e+07
2006-05-14,9504.14,9523.07,9504.14,9518.9,1.03157e+08
2006-05-15,9519.08,9534.67,9519.08,9533.92,1.35859e+08
2006-05-16,9534.14,9538.47,9529.58,9529.58,3.28966e+07
2006-05-17,9529.65,9552.45,9524.37,9536.22,3.8517e+07
2006-05-20,9536.25,9536.25,9530.95,9530.95,3.47408e+07
2006-05-21,9530.93,9530.93,9522.03,9522.03,3.62476e+07
2006-05-22,9522.05,9525.31,9516.71,9518.68,2.81158e+07
2006-05-23,9518.71,9518.71,9507.93,9507.93,3.57494e+07
2006-05-24,9508.11,9508.11,9502.12,9502.12,3.65377e+07
2006-05-27,9502.31,9515.94,9502.01,9515.94,1.84042e+07
2006-05-28,9516.05,9524.5,9516.05,9519.65,3.33206e+07
2006-05-29,9519.66,9524.88,9519.66,9524.88,3.26724e+07
2006-05-30,9524.93,9528.76,9524.73,9528.76,4.01291e+07
2006-05-31,9528.83,9538.46,9528.83,9538.46,4.20448e+07
2006-06-03,9538.48,9545.31,9538.48,9542.02,3.25818e+07
2006-06-06,9542.06,9548.67,9541.14,9548.67,2.63095e+07
2006-06-07,9548.73,9565.14,9540.23,9540.23,3.48512e+07
2006-06-10,9540.27,9560.68,9540.27,9560.68,5.91133e+07
2006-06-11,9563.86,9579.86,9563.86,9579.86,3.95304e+07
2006-06-12,9579.9,9598.4,9579.9,9591.46,3.90915e+07
2006-06-13,9591.59,9625.07,9564.57,9569.53,6.96567e+07
2006-06-14,9569.72,9570.75,9567,9570.66,2.37994e+07
2006-06-17,9570.7,9571.27,9566.78,9567.35,2.86375e+08
2006-06-18,9567.24,9567.24,9550.9,9550.9,3.16353e+07
2006-06-19,9550.94,9552.55,9548.09,9548.09,2.98431e+07
2006-06-20,9548.13,9554.15,9548.13,9552.63,3.08722e+07
2006-06-21,9552.81,9576.89,9541.94,9576.89,3.13328e+07
2006-06-24,9576.93,9590.35,9576.93,9579.77,2.92309e+07
2006-06-25,9580.02,9603.07,9580.02,9603.07,2.93104e+07
2006-06-26,9603.16,9615.85,9603.16,9604.57,3.85902e+07
2006-06-27,9604.59,9608.85,9604.59,9607.02,2.81706e+07
2006-06-28,9606.9,9607.57,9598.82,9598.82,1.13681e+08
2006-07-01,9599.01,9599.23,9590.62,9590.62,1.27007e+07
2006-07-02,9590.85,9592.34,9584.37,9588.28,1.75885e+07
2006-07-03,9588.14,9588.68,9579.54,9579.54,3.41456e+07
2006-07-04,9579.56,9590.36,9579.24,9580.4,2.68987e+07
2006-07-05,9580.42,9595.93,9580.42,9595.93,1.85633e+07
2006-07-08,9595.94,9601.75,9595.94,9601.7,1.47237e+07
2006-07-09,9601.72,9606.88,9601.72,9606.88,1.55643e+07
2006-07-10,9606.9,9626.01,9605.51,9615.11,2.3278e+07
2006-07-11,9615.13,9635.02,9615.1,9621,3.46524e+07
2006-07-12,9621.02,9648.81,9547.89,9547.89,3.48828e+07
2006-07-15,9547.92,9553.21,9543.71,9545.98,3.79981e+07
2006-07-16,9546,9546.15,9540.45,9540.45,3.16059e+07
2006-07-17,9540.46,9540.88,9533.87,9533.87,1.5866e+07
2006-07-18,9533.88,9533.88,9529.51,9529.51,1.28057e+07
2006-07-19,9529.52,9535.92,9529.52,9530.63,1.31729e+07
2006-07-22,9530.67,9533.77,9528.59,9531.74,1.39341e+07
2006-07-23,9531.79,9539.99,9531.79,9539.24,2.41514e+07
2006-07-24,9539.28,9556.25,9295.12,9295.12,2.53153e+07
2006-07-25,9295.14,9304.75,9294.21,9304.75,3.09696e+07
2006-07-26,9304.89,9313.23,9029.72,9069.19,4.31901e+07
2006-07-29,9069.34,9098.49,9068.29,9095.68,4.04369e+07
2006-07-30,9095.76,9102.45,9095.66,9102.24,4.00519e+07
2006-07-31,9102.32,9106.16,9101.48,9104.93,1.12832e+08
2006-08-01,9105.06,9111.4,9097.67,9097.67,4.43672e+07
2006-08-02,9097.7,9136.17,9097.09,9110.33,3.44248e+07
2006-08-05,9110.4,9113.39,9108.89,9108.89,1.19475e+08
2006-08-06,9108.93,9173.88,9104.99,9155.74,4.38967e+07
2006-08-07,9155.81,9156.86,9151.76,9153.85,3.96963e+07
2006-08-09,9153.93,9156.48,9153.41,9154.93,8.863e+07
2006-08-12,9155.06,9155.28,9150.83,9154.76,3.55615e+07
2006-08-13,9154.8,9160.74,9153.17,9160.74,4.55084e+07
2006-08-14,9160.92,9165.65,9157.99,9165.65,2.9844e+07
2006-08-15,9165.75,9181.2,9165.42,9181.2,8.75662e+07
2006-08-16,9181.24,9197.45,9181.24,9197.45,8.58855e+07
2006-08-19,9197.52,9208.05,9197.52,9208.05,2.47579e+07
2006-08-20,9208.19,9217.84,9207.59,9217.84,8.63947e+07
2006-08-21,9217.96,9226.28,9217.96,9226.28,2.16356e+07
2006-08-23,9226.51,9231.58,9226.51,9231.58,7.97387e+07
2006-08-26,9231.64,9239.52,9231.64,9239.52,7.79779e+07
2006-08-27,9239.59,9259.58,9239.59,9259.58,8.09371e+07
2006-08-28,9260.1,9269.88,9258.54,9269.88,7.48367e+07
2006-08-29,9270.08,9287.09,9270.08,9287.09,4.05309e+07
2006-08-30,9287.23,9302.31,9287.23,9302.31,3.43807e+07
2006-09-02,9302.37,9318.69,9302.37,9318.69,2.87287e+07
2006-09-03,9318.84,9338.87,9318.83,9338.87,3.92487e+07
2006-09-04,9339.12,9357.89,9251.87,9264.8,6.45866e+07
2006-09-05,9264.92,9286.87,9264.92,9286.87,4.64184e+07
2006-09-06,9286.97,9311.98,9286.97,9311.98,4.04051e+08
2006-09-10,9312.05,9324.35,9312.05,9324.35,3.85549e+07
2006-09-11,9324.37,9336.83,9324.37,9325.19,5.98176e+07
2006-09-12,9325.36,9329.91,9320.13,9329.91,4.83125e+07
2006-09-13,9329.98,9360.58,9329.98,9360.58,9.06294e+07
2006-09-16,9360.84,9406.88,9360.84,9406.88,9.16368e+07
2006-09-17,9407.29,9441.33,9407.29,9441.33,8.37927e+07
2006-09-18,9441.56,9469.34,9441.56,9469.34,1.05687e+08
2006-09-19,9469.65,9488.28,9469.24,9488.28,4.86219e+07
2006-09-20,9488.47,9501.31,9488.47,9501.31,1.16345e+08
2006-09-23,9501.34,9507.28,9501.34,9507.28,2.71895e+07
2006-09-24,9507.34,9516.95,9507.34,9514.73,3.07747e+07
2006-09-25,9514.74,9520.45,9514.03,9520.45,2.99263e+07
2006-09-26,9520.59,9530.59,9518.7,9530.59,2.92053e+07
2006-09-27,9530.71,9548.39,9530.11,9548.39,2.89997e+07
2006-09-30,9548.48,9556.07,9548.48,9556.05,2.47832e+07
2006-10-01,9556.12,9564.09,9556.12,9564.09,4.6278e+07
2006-10-02,9564.13,9568.06,9564.05,9568.06,2.52409e+07
2006-10-03,9568.1,9579.01,9566.8,9579.01,1.22867e+08
2006-10-04,9579.16,9658.62,9579.16,9654.07,6.9914e+07
2006-10-07,9654.14,9659.27,9647.06,9650.22,2.97668e+07
2006-10-08,9650.4,9658.99,9640.93,9655.1,5.33175e+07
2006-10-09,9655.1,9660.49,9642.08,9660.49,2.91697e+07
2006-10-10,9660.51,9666.53,9641.96,9641.96,2.89122e+07
2006-10-11,9643.84,9643.84,9629.81,9629.81,5.35486e+07
2006-10-14,9629.82,9630.4,9612.55,9612.55,1.53189e+07
2006-10-16,9612.59,9612.59,9598.22,9598.22,1.2974e+07
2006-10-17,9598.25,9598.54,9574.94,9579.13,2.98665e+07
2006-10-18,9579.12,9588.89,9578.23,9586.08,1.63002e+07
2006-10-21,9586.1,9591.33,9586.02,9591.01,1.13221e+07
2006-10-22,9591.02,9601.23,9588.94,9588.94,2.81395e+07
2006-10-23,9589,9613.43,9589,9613.43,3.75974e+07
2006-10-28,9613.45,9625.42,9613.45,9623.8,3.43226e+07
2006-10-29,9623.81,9624.62,9609.69,9609.69,6.75049e+07
2006-10-30,9609.7,9616.3,9607.94,9613.63,2.26971e+07
2006-10-31,9613.65,9617.26,9613.51,9613.51,1.37883e+07
2006-11-01,9613.52,9627.36,9612.82,9626.29,2.38208e+07
2006-11-04,9626.33,9645.23,9626.33,9639.59,5.00824e+07
2006-11-05,9639.6,9642.06,9638.04,9639.36,5.66392e+07
2006-11-06,9639.24,9648.84,9638.91,9648.84,5.3324e+07
2006-11-07,9648.84,9662.12,9648.84,9661.82,2.93506e+07
2006-11-08,9661.88,9681.57,9661.88,9681.57,4.98657e+07
2006-11-11,9681.58,9688.16,9653.04,9653.04,4.39408e+07
2006-11-12,9653.05,9656.43,9649.14,9649.14,3.43637e+07
2006-11-13,9649.15,9656.45,9646.04,9656.45,5.05549e+07
2006-11-14,9656.49,9656.49,9650.76,9656.23,1.43922e+08
2006-11-15,9656.3,9663.75,9656.07,9663.75,2.67693e+07
2006-11-18,9663.8,9673.67,9660.58,9673.67,7.47731e+07
2006-11-19,9673.73,9677.88,9673.73,9677.3,2.74012e+07
2006-11-20,9677.37,9682.98,9670.25,9670.25,3.94431e+07
2006-11-21,9670.25,9677.2,9670.1,9672.53,2.52337e+07
2006-11-22,9672.55,9694.18,9672.55,9694.18,7.36539e+07
2006-11-25,9694.18,9726.92,9694.18,9713.45,2.09763e+07
2006-11-26,9713.48,9718.74,9713.48,9718.74,8.8123e+07
2006-11-27,9718.77,9731.41,9718.34,9731.41,3.54419e+07
2006-11-28,9731.43,9757.6,9731.43,9735.31,4.53342e+07
2006-11-29,9735.32,9760.48,9735.32,9760.48,8.01837e+07
2006-12-02,9760.48,9782.22,9760.48,9782.22,3.34551e+07
2006-12-03,9782.28,9800.02,9782.28,9799.46,7.50203e+07
2006-12-04,9799.49,9809.34,9799.49,9801.74,7.72167e+07
2006-12-05,9801.8,9811.91,9789.63,9798.88,3.60258e+07
2006-12-06,9798.91,9813.98,9798.18,9813.98,4.13928e+07
2006-12-09,9814.03,9850.76,9814.03,9850.76,3.01637e+07
2006-12-10,9850.79,9875.27,9850.79,9875.27,6.88382e+07
2006-12-11,9875.31,9879.41,9872.21,9879.41,6.71878e+07
2006-12-12,9879.44,10064.5,9879.44,9996.39,4.57255e+07
2006-12-13,9996.56,10037.9,9996.56,10037.9,4.304e+07
2006-12-16,10037.9,10091.8,10037.9,10073.3,4.22859e+07
2006-12-17,10073.4,10081.2,10066.6,10079.2,3.39975e+07
2006-12-18,10079.3,10092.3,10066.1,10068.3,5.52668e+08
2006-12-19,10068.5,10083,10068.5,10077,5.99934e+07
2006-12-20,10077,10091.3,10071.7,10078.5,4.16993e+07
2006-12-23,10078.5,10081,10073.8,10076.3,3.09489e+07
2006-12-24,10076.5,10077.3,10059.1,10062.6,8.88125e+07
2006-12-25,10062.8,10080.7,10054.9,10075.5,2.67177e+07
2006-12-26,10075.6,10081.3,10069.3,10069.3,2.47161e+07
2006-12-27,10069.3,10084,10060.2,10075.5,1.08257e+08
2006-12-30,10075.5,10075.7,10071.3,10074.5,3.95911e+07
2007-01-01,10074.5,10074.7,10060.1,10060.1,2.52376e+07
2007-01-02,10060.1,10060.1,10026,10026,3.88373e+07
2007-01-03,10026.1,10041.7,10023,10032,4.80935e+07
2007-01-06,10032,10032,10027.1,10027.1,1.37291e+07
2007-01-07,10027,10028.4,10017.8,10017.8,3.41453e+07
2007-01-09,10018,10018.4,10006.1,10006.1,2.46604e+08
2007-01-10,10006.1,10006.5,9992.31,9992.4,2.02769e+07
2007-01-13,9992.39,9996.38,9990.05,9990.05,4.36109e+07
2007-01-14,9990.06,9994.05,9989.81,9993.11,8.78966e+07
2007-01-15,9993.11,9993.11,9985.47,9985.47,4.4906e+07
2007-01-16,9985.67,9986.47,9975.66,9975.66,1.896e+07
2007-01-17,9975.67,9999.81,9969.03,9969.41,2.24459e+07
2007-01-20,9969.45,10128.2,9966.11,10012.4,1.96193e+07
2007-01-21,10012.4,10012.4,10003.4,10003.4,2.56298e+07
2007-01-22,10003.4,10007.4,10003,10003.4,2.46162e+07
2007-01-23,10003.4,10009.3,10003.4,10004.4,3.50241e+07
2007-01-24,10004.4,10023,9994.18,9994.18,1.68399e+07
2007-01-27,9994.19,9994.19,9981.52,9984.41,1.12392e+07
2007-01-28,9984.42,10009.4,9980.53,9984.48,9.33848e+07
2007-01-31,9984.49,9988.31,9984.48,9986.64,3.65789e+07
2007-02-03,9986.66,9986.74,9820.84,9848.6,2.05048e+07
2007-02-04,9848.61,9848.61,9836.56,9836.56,1.85252e+08
2007-02-05,9844.26,9846.46,9836.81,9846.46,3.24937e+07
2007-02-06,9846.47,9858.08,9845.74,9857.01,4.46854e+07
2007-02-07,9857.02,9882.7,9857.02,9871.75,7.76406e+07
2007-02-10,9871.9,9887.68,9871.9,9885.64,5.15819e+07
2007-02-12,9885.67,9888.06,9885.57,9888.06,1.20888e+07
2007-02-13,9888.2,9910.97,9887.76,9910.97,2.19035e+07
2007-02-14,9911.15,9925.38,9911.12,9924.05,2.35035e+07
2007-02-17,9924.19,9937.52,9924.05,9935.61,4.42417e+07
2007-02-18,9935.65,9936.84,9934.32,9936.84,1.46577e+08
2007-02-19,9936.97,9940.27,9935.59,9940.27,2.22763e+08
2007-02-20,9940.12,9950.35,9936.23,9950.35,3.20514e+07
2007-02-21,9950.49,9961.63,9950.49,9961.63,7.49309e+07
2007-02-24,9961.74,10007.7,9961.74,9965.05,2.05968e+07
2007-02-25,9965.05,9976.97,9893.23,9893.23,4.63355e+07
2007-02-26,9893.26,9896.37,9893.26,9896.37,9.63966e+07
2007-02-27,9896.07,9904.4,9886.7,9886.7,2.1054e+08
2007-02-28,9886.55,9902.69,9885.52,9894.01,2.81066e+07
2007-03-03,9893.99,9915.85,9890.34,9915.85,6.30408e+08
2007-03-04,9915.99,9916.35,9910.55,9911.83,3.28436e+07
2007-03-05,9911.86,9912.07,9909.13,9909.44,2.02092e+07
2007-03-06,9909.46,9909.46,9900.97,9905.26,3.03857e+07
2007-03-07,9905.26,9905.26,9894.81,9894.81,1.50098e+08
2007-03-11,9894.86,9894.95,9884.13,9884.55,5.62528e+08
2007-03-12,9885.21,9896.27,9800.88,9800.88,1.36751e+08
2007-03-13,9800.83,9831.33,9800.54,9800.54,5.18483e+08
2007-03-14,9800.54,9800.89,9785.55,9794,2.29058e+08
2007-03-17,9794.08,9799.07,9788.62,9799.07,4.11049e+07
2007-03-19,9799.08,9821.01,9799.08,9821.01,3.33328e+07
2007-03-25,9821.04,9838.79,9821.04,9831.82,1.35557e+07
2007-03-26,9831.98,9836.92,9831.71,9836.92,1.08617e+07
2007-03-27,9836.94,9841.07,9836.49,9837.85,8.12101e+06
2007-03-28,9837.88,9846.92,9837.86,9846.92,1.15046e+07
2007-03-31,9846.94,9857.72,9846.94,9857.72,6.97322e+06
2007-04-03,9857.73,9866.86,9857.73,9863.61,1.98629e+07
2007-04-04,9863.61,9877.35,9863.61,9877.35,2.34608e+07
2007-04-07,9877.36,9883.61,9836.41,9836.41,2.88669e+07
2007-04-08,9836.49,9842.95,9831.15,9842.95,3.98185e+07
2007-04-09,9843.03,9852.13,9792.15,9792.15,2.88082e+07
2007-04-10,9792.32,9801.72,9791.38,9792.18,2.43949e+07
2007-04-11,9792.45,9792.45,9781.78,9782.24,2.36476e+07
2007-04-14,9782.32,9782.45,9775.66,9775.66,2.46478e+07
2007-04-15,9775.54,9779.4,9773.97,9774.19,2.76692e+07
2007-04-16,9774.2,9775.04,9765.85,9765.85,3.19449e+07
2007-04-17,9765.86,9766.43,9756.71,9756.71,1.83482e+07
2007-04-18,9756.74,9757.64,9747.3,9747.3,2.25928e+07
2007-04-21,9747.31,9754.53,9746.89,9754.53,6.62661e+07
2007-04-22,9754.35,9764.13,9753.23,9764.13,6.75694e+07
2007-04-23,9764.09,9766.7,9738.09,9752.09,3.31035e+07
2007-04-24,9752.06,9756.12,9751.2,9755.42,4.35575e+08
2007-04-25,9755.45,9767.89,9755.05,9758.83,3.80346e+07
2007-04-28,9758.66,9768.88,9756.81,9758.54,4.76589e+07
2007-04-29,9758.56,9770.37,9755.72,9755.72,3.79604e+07
2007-04-30,9755.73,9767.98,9755.73,9758.44,5.26589e+07
2007-05-01,9758.44,9758.44,9751.26,9753.37,5.7642e+07
2007-05-02,9753.55,9759.49,9751.2,9758.24,2.8661e+07
2007-05-05,9758.24,9771.14,9757.38,9760.35,4.47473e+07
2007-05-06,9760.42,9770.61,9560.46,9560.46,4.32863e+07
2007-05-07,9560.54,9574,9560.45,9564.11,5.13526e+07
2007-05-08,9564.12,9576.18,9563.89,9575.32,3.9749e+07
2007-05-09,9575.35,9589.47,9575.15,9580.17,5.30366e+07
2007-05-12,9580.3,9589.81,9513.39,9515.16,4.22469e+07
2007-05-13,9514.99,9527.96,9514.99,9527.96,3.68415e+07
2007-05-14,9527.92,9540.45,9527.92,9531.66,6.77281e+07
2007-05-15,9531.67,9531.97,9502.53,9502.53,3.43475e+07
2007-05-16,9502.61,9504.87,9484.33,9496.24,4.4894e+07
2007-05-19,9496.39,9496.39,9475.61,9475.61,5.16944e+07
2007-05-20,9475.67,9475.67,9454.37,9454.37,5.75786e+07
2007-05-21,9454.48,9460.07,9454.18,9454.48,1.95819e+07
2007-05-22,9454.57,9457.15,9452.52,9457.15,3.8916e+07
2007-05-23,9457.15,9457.15,9432.61,9432.61,2.83279e+07
2007-05-26,9432.61,9432.88,9413.12,9413.12,2.25072e+07
2007-05-27,9413.2,9413.2,9269.51,9269.51,3.5446e+07
2007-05-28,9269.52,9269.53,9263.05,9263.05,2.81343e+07
2007-05-29,9263.1,9270.31,9262.69,9270.31,1.61312e+07
2007-05-30,9270.31,9292.93,9270.31,9285.48,4.43875e+08
2007-06-02,9286.7,9292.48,9285.68,9291.77,7.8051e+07
2007-06-03,9291.97,9301.86,9291.97,9301.86,1.95613e+07
2007-06-06,9301.93,9305.19,9301.93,9302.55,1.84501e+07
2007-06-09,9302.63,9303.32,9289.79,9289.79,1.93082e+07
2007-06-10,9289.81,9291.64,9286.23,9291.64,1.80854e+07
2007-06-11,9291.7,9322.31,9287.2,9294.77,9.61735e+08
2007-06-12,9294.82,9295.66,9285.04,9289.41,4.93842e+07
2007-06-13,9289.47,9311.05,9289.47,9297.99,4.53206e+07
2007-06-16,9298,9314.83,9298,9308.25,3.23319e+07
2007-06-17,9308.26,9322.7,9293.84,9309.45,3.37242e+07
2007-06-19,9309.47,9312.49,9302.85,9302.85,3.92307e+07
2007-06-20,9302.88,9303.04,9290.68,9290.68,3.01592e+08
2007-06-23,9290.71,9311.77,9290.02,9311.77,2.72563e+07
2007-06-24,9311.82,9332.88,9155.15,9155.15,4.96612e+07
2007-06-25,9155.15,9161.84,9154.16,9155.61,5.63211e+07
2007-06-26,9155.62,9156.13,9113.7,9113.7,4.66709e+07
2007-06-27,9113.71,9113.71,9066.85,9066.85,6.49776e+07
2007-06-30,9067.02,9092.14,9067.02,9084.42,3.08009e+07
2007-07-01,9084.57,9103.66,9080.58,9103.66,3.16198e+07
2007-07-02,9103.83,9127.54,9103.28,9127.54,3.55187e+07
2007-07-03,9127.69,9147.68,9127.38,9147.68,5.93419e+08
2007-07-04,9147.76,9154.57,9145.59,9154.57,3.18659e+07
2007-07-07,9154.62,9156.28,9126.92,9136.72,3.48802e+07
2007-07-08,9136.87,9158.34,9136.87,9158.34,4.35305e+07
2007-07-09,9158.35,9179.53,9158.35,9179.53,7.29191e+07
2007-07-10,9179.68,9199.58,9175.97,9199.58,1.16703e+08
2007-07-11,9199.66,9222.66,9199.66,9222.66,4.28537e+07
2007-07-14,9222.74,9246.69,9222.74,9237.02,1.07676e+08
2007-07-15,9237.04,9246.23,9234.32,9234.32,6.39737e+07
2007-07-16,9234.44,9248.95,9234.25,9238.7,5.99871e+07
2007-07-17,9238.74,9255.4,9238.58,9246.31,3.64427e+07
2007-07-18,9246.38,9248.11,9066.22,9066.22,2.03189e+07
2007-07-21,9066.25,9086.06,9066.25,9085.74,1.96325e+07
2007-07-22,9085.81,9106.89,9085.8,9103.53,2.8966e+07
2007-07-23,9103.58,9122.94,9103.58,9106.32,2.73376e+07
2007-07-24,9106.46,9124.3,9106.46,9118.72,2.70534e+07
2007-07-25,9118.75,9137.79,9075.05,9116.6,2.18921e+08
2007-07-29,9116.61,9165.19,9116.61,9165.19,2.97851e+07
2007-07-30,9165.2,9220.18,9165.2,9210.43,3.99019e+07
2007-07-31,9210.43,9238.07,9210.42,9235.33,4.00768e+07
2007-08-01,9102.83,9128.12,9102.65,9106.79,4.86655e+07
2007-08-04,9106.8,9156.35,9106.8,9156.35,7.10039e+07
2007-08-05,9156.45,9184.08,9156.45,9180.8,4.09785e+07
2007-08-06,9181.26,9283.84,9181.26,9277.79,3.58575e+07
2007-08-07,9278.21,9297.21,9278.21,9296.21,1.3075e+08
2007-08-08,9296.48,9315.76,9296.48,9313.1,3.56513e+07
2007-08-12,9313.17,9342.5,9313.17,9342.5,2.86853e+07
2007-08-13,9342.61,9390.14,9342.61,9390.14,4.7576e+07
2007-08-14,9390.59,9410.34,9390.59,9410.21,6.66407e+07
2007-08-15,9410.49,9448.94,9410.49,9448.94,4.54154e+07
2007-08-18,9449.1,9450.62,9425.24,9436.44,1.28594e+08
2007-08-19,9436.45,9478.21,9436.45,9478.21,4.00884e+07
2007-08-20,9478.54,9489.17,9405.79,9436.13,6.54052e+07
2007-08-21,9436.59,9475.16,9436.59,9475.16,5.06481e+07
2007-08-22,9475.33,9502.95,9475.33,9502.95,4.77956e+07
2007-08-25,9503.17,9537.61,9503.17,9537.61,3.57716e+07
2007-08-26,9537.66,9544.97,9537.66,9544.88,5.05276e+08
2007-08-27,9544.53,9580.84,9543.15,9580.84,5.41609e+07
2007-08-28,9580.91,9615.53,9580.91,9615.53,1.31275e+08
2007-09-01,9615.91,9630.36,9615.91,9630.36,4.65251e+07
2007-09-02,9630.43,9647.02,9630.43,9647.02,4.70542e+07
2007-09-03,9647.12,9671.97,9647.12,9671.97,4.34523e+07
2007-09-04,9674.11,9704.05,9674.11,9704.05,3.7556e+07
2007-09-05,9704.63,9746.98,9703.27,9746.98,4.98578e+07
2007-09-08,9747.34,9806.89,9747.34,9806.89,4.63186e+07
2007-09-09,9807.09,9811.42,9806.1,9808.22,6.16913e+07
2007-09-10,9808.5,10022.9,9802.37,9999.21,4.94977e+07
2007-09-11,9999.4,10024.5,9997.13,10008.8,5.06647e+07
2007-09-12,10009.1,10012.6,9994.8,10002,1.70979e+08
2007-09-15,10002.1,10016.6,9984.62,10016.6,7.62906e+07
2007-09-16,10016.6,10020.9,10010.4,10010.4,3.90655e+07
2007-09-17,10010.4,10033.6,10010.4,10018,4.13389e+07
2007-09-18,10018.1,10098.2,10017.2,10076,3.91143e+07
2007-09-19,10076.4,10076.4,10056.7,10063.8,3.81012e+07
2007-09-22,10063.8,10149.4,10063.8,10149.4,4.98361e+07
2007-09-23,10149.5,10185.7,10149.5,10185.7,2.96207e+07
2007-09-24,10185.7,10206.8,10185.6,10206.8,6.79467e+07
2007-09-25,10207,10247.1,10207,10247.1,7.74083e+08
2007-09-26,10247.1,10261.5,10241.1,10241.1,1.89058e+08
2007-09-29,10241.2,10257.5,10235.8,10235.8,8.61532e+07
2007-09-30,10236,10236,10192.4,10192.4,1.39967e+08
2007-10-01,10192.6,10198.7,10167.8,10167.8,8.73852e+07
2007-10-02,10167.8,10210.2,10161,10210.2,3.33898e+07
2007-10-06,10210.4,10248.6,10204.9,10248.6,4.5154e+07
2007-10-07,10248.8,10288.2,10247.7,10288.2,6.92301e+07
2007-10-08,10288.3,10322.8,10288.2,10313.3,1.29552e+08
2007-10-09,10313.4,10314.7,10297.5,10297.5,2.13253e+08
2007-10-10,10297.5,10319,10290.3,10319,1.88823e+08
2007-10-14,10319,10334.2,10317.6,10319.2,7.23386e+07
2007-10-15,10319.7,10322.3,10298.4,10301.2,4.88316e+07
2007-10-16,10301.6,10314.4,10298.2,10298.2,4.58376e+07
2007-10-17,10298.1,10333.4,10298.1,10323.4,4.94337e+07
2007-10-20,10323.4,10403.7,10322.2,10387.1,5.15232e+07
2007-10-21,10387.2,10390.7,10361.6,10366.6,6.4868e+07
2007-10-22,10366.4,10387.3,10362,10370.4,9.91676e+07
2007-10-23,10370.4,10397.5,10358.6,10358.6,4.78817e+07
2007-10-24,10358.7,10389.2,10358.6,10389.2,3.82361e+07
2007-10-27,10389.2,10395.1,10362.1,10362.1,4.22536e+07
2007-10-28,10362.1,10367.3,10309.5,10309.5,1.86244e+08
2007-10-29,10309.5,10309.5,10263.4,10270.3,3.03698e+07
2007-10-30,10270.3,10270.3,10250.8,10259.8,1.91284e+08
2007-10-31,10259.6,10265.3,10233.6,10233.6,4.45329e+07
2007-11-03,10233.8,10427.5,10226.8,10330.7,1.08071e+08
2007-11-04,10330.8,10330.8,10245.8,10245.8,1.31487e+08
2007-11-05,10245.5,10249.2,10216,10216,1.91269e+07
2007-11-07,10216,10216,10202.8,10202.8,1.53289e+07
2007-11-10,10202.9,10202.9,10191.1,10191.1,2.00462e+07
2007-11-11,10191.1,10191.1,10162.3,10162.3,6.5502e+07
2007-11-12,10162.4,10163.4,10117.9,10117.9,5.08428e+07
2007-11-13,10117.9,10117.9,10089.6,10090,4.6713e+07
2007-11-14,10089.9,10089.9,10049.4,10049.4,4.20018e+07
2007-11-17,10049.4,10079.8,10047.6,10047.8,3.69336e+07
2007-11-18,10047.9,10047.9,9997.75,9997.75,1.17873e+08
2007-11-19,9997.76,9997.76,9941.53,9941.53,5.41332e+07
2007-11-20,9941.55,9945.29,9916.69,9926.87,1.19647e+08
2007-11-21,9926.89,9958.79,9917.76,9958.79,5.12537e+07
2007-11-24,9958.93,9962.63,9945.42,9954.13,4.7638e+07
2007-11-25,9954.15,9954.15,9878.5,9882.35,2.67264e+07
2007-11-26,9882.38,9890.32,9841.04,9841.04,9.96843e+07
2007-11-27,9841.07,9841.07,9829.71,9829.71,3.06036e+07
2007-11-28,9829.77,9830.07,9802.62,9802.62,3.40411e+07
2007-12-01,9802.73,9802.73,9781.47,9781.47,3.5145e+07
2007-12-02,9781.49,9781.78,9672.71,9690.14,2.87386e+07
2007-12-03,9690.15,9690.15,9627.34,9635.15,3.51162e+08
2007-12-04,9635.14,9635.14,9609.46,9609.46,3.72771e+07
2007-12-05,9609.46,9609.46,9583.1,9593.98,1.04721e+08
2007-12-08,9594.13,9604.42,9593.2,9604.42,3.79529e+07
2007-12-09,9604.44,9639.25,9604.44,9639.25,4.30449e+07
2007-12-10,9639.41,9674.12,9639.41,9674.12,3.27532e+07
2007-12-11,9674.33,9723.52,9674.33,9716.04,1.04935e+08
2007-12-12,9716.17,9723.37,9708.17,9708.17,3.3897e+08
2007-12-15,9708.18,9748.8,9698.05,9704.08,5.60848e+07
2007-12-16,9704.1,9719,9701.2,9719,8.57135e+07
2007-12-17,9719.08,9727.84,9708.83,9715.22,7.86426e+07
2007-12-18,9715.24,9715.24,9703.5,9709.48,1.51379e+08
2007-12-19,9709.52,9718.05,9695.29,9700,3.07964e+07
2007-12-22,9700.14,9701.83,9683.83,9700.76,7.48847e+07
2007-12-23,9700.91,9705.94,9700.09,9704.58,1.12857e+08
2007-12-24,9704.59,9715.78,9704.59,9712.79,2.8346e+07
2007-12-25,9712.84,9721.82,9698.55,9716.42,2.28934e+07
2007-12-26,9716.43,9742.14,9716.43,9739.27,3.57179e+07
2007-12-30,9739.34,9751.48,9722.4,9751.48,4.67435e+07
2007-12-31,9751.48,9755.57,9719.51,9736.57,1.00198e+08
2008-01-01,9736.63,9740.54,9717.89,9740.54,5.90794e+07
2008-01-02,9740.62,9794.08,9740.62,9794.08,4.36658e+07
2008-01-05,9794.29,9854.5,9793.77,9854.5,4.35239e+07
2008-01-06,9854.53,9871.35,9854.53,9857.32,2.40933e+08
2008-01-08,9857.17,9881.43,9857.17,9881.43,3.06841e+07
2008-01-09,9881.45,9927.39,9881.45,9927.39,8.15134e+07
2008-01-12,9927.55,9975.43,9927.55,9975.43,7.2625e+07
2008-01-13,9975.48,10034.8,9975.22,10034.8,3.78302e+07
2008-01-14,10035.2,10092.6,10035.2,10092.6,4.71533e+07
2008-01-15,10092.6,10156.5,10092.6,10156.5,9.70152e+07
2008-01-16,10156.6,10221.9,10156.6,10221.9,7.85946e+07
2008-01-20,10222.1,10232.2,10214.8,10232.2,6.55232e+07
2008-01-21,10232.8,10252.1,10231.5,10252.1,5.37719e+07
2008-01-22,10251.3,10264.3,10243.2,10264.3,6.86811e+07
2008-01-23,10264.4,10272.2,10262.2,10271.9,7.50644e+07
2008-01-26,10272,10289,10272,10279.7,5.48893e+07
2008-01-27,10279.7,10281,10256,10256.8,4.93258e+07
2008-01-28,10256.8,10435.6,10256.8,10329.5,6.7552e+07
2008-01-29,10329.6,10336.7,10277.4,10277.4,6.32297e+07
2008-01-30,10277.5,10307,10270.4,10307,6.86701e+07
2008-02-02,10307.1,10370.9,10307.1,10370.9,8.90637e+07
2008-02-03,10370.9,10371.1,10292.7,10292.7,1.21101e+08
2008-02-04,10292.8,10293.5,10230.8,10230.8,7.74624e+07
2008-02-05,10230.8,10238.7,10228.6,10234.4,8.43265e+07
2008-02-06,10226.4,10229.4,10209.3,10226.4,8.26334e+07
2008-02-09,10201.8,10202.4,10186.5,10189.1,6.25557e+07
2008-02-10,10185.8,10185.8,10137.8,10137.8,6.00113e+07
2008-02-12,10137.6,10137.6,10104.4,10104.4,3.80483e+07
2008-02-13,10104.2,10104.2,10091.3,10101.4,4.94339e+07
2008-02-16,10101.5,10128.4,10101.1,10113,4.65192e+07
2008-02-17,10113,10113,10070.3,10070.3,4.02718e+07
2008-02-18,10070.4,10070.4,10037.2,10037.2,4.1228e+07
2008-02-19,10037.1,10041,10028.9,10028.9,4.09017e+07
2008-02-20,10029,10029.2,10021.1,10024.8,3.34809e+07
2008-02-23,10024.8,10040.7,10024.8,10040.7,6.51481e+07
2008-02-24,10040.7,10044,10035.8,10041.4,3.51278e+07
2008-02-25,10041.4,10061.7,10041.4,10061.7,3.88324e+07
2008-02-26,10061.7,10068.7,10011.3,10011.3,4.32974e+07
2008-02-27,10011.3,10011.7,9959.69,9959.69,2.87956e+07
2008-03-01,9959.69,9959.69,9919.54,9919.54,6.05914e+07
2008-03-02,9919.65,9919.65,9889.82,9889.82,2.73592e+07
2008-03-03,9889.93,9910.23,9879.09,9910.23,2.30834e+07
2008-03-04,9910.28,9929.7,9909.38,9929.7,2.07842e+07
2008-03-05,9929.72,9978.15,9929.44,9978.15,4.43831e+07
2008-03-09,9978.25,10022.6,9977.8,10022.6,3.97565e+07
2008-03-10,10022.8,10050,10022.8,10050,1.39843e+08
2008-03-11,10050,10050.8,10031.8,10031.8,8.52135e+07
2008-03-12,10031.8,10035.3,10031.6,10035.3,5.79285e+07
2008-03-15,10035.5,10040.3,10018.2,10018.2,3.21028e+08
2008-03-16,10018.4,10031.4,10014,10031.4,1.2489e+08
2008-03-17,10031.4,10052.9,10025.5,10052.9,1.52568e+08
2008-03-18,10052.9,10082,10050.1,10082,1.69288e+08
2008-03-24,10082.1,10087.1,10078.4,10085.8,4.67626e+06
2008-03-26,10085.8,10094.6,10085.8,10088.3,7.96797e+06
2008-03-29,10088.4,10088.4,10079,10079,8.96788e+06
2008-03-30,10079,10122.1,10076,10122.1,2.5079e+07
2008-04-02,10122.1,10150.3,10118.1,10150.3,1.65875e+07
2008-04-05,10150.3,10166.8,10147.8,10166.8,2.60312e+07
2008-04-06,10166.8,10200.7,10166.5,10200,8.20213e+08
2008-04-07,10200.1,10210.1,10198.9,10208.2,1.29812e+08
2008-04-08,10208.2,10262.3,10200.8,10249.4,1.55494e+08
2008-04-09,10249.9,10254.6,10224.2,10249,9.21737e+08
2008-04-12,10249,10250.4,10204.1,10204.1,5.9001e+07
2008-04-13,10204.1,10204.1,10182.1,10182.1,8.98445e+07
2008-04-14,10182.1,10182.1,10137.1,10137.6,3.07577e+07
2008-04-15,10137.5,10157.2,10137.5,10145.5,2.47514e+08
2008-04-16,10145.5,10152.5,10145.5,10150.5,8.16262e+08
2008-04-19,10150.5,10164.2,10150.5,10152.3,2.69492e+07
2008-04-20,10152.4,10154,10131.6,10132.5,3.20162e+07
2008-04-21,10132.6,10132.6,10060.1,10086.1,5.14049e+07
2008-04-22,10086.1,10086.1,10069.5,10069.5,7.39826e+07
2008-04-23,10069.4,10081.8,10064.7,10081.8,5.76647e+07
2008-04-26,10081.9,10092.4,10075.1,10092.4,5.06021e+07
2008-04-27,10092.4,10093.5,10083.6,10084,2.09429e+07
2008-04-28,10084,10085.8,10070.1,10079.6,5.25501e+07
2008-04-29,10079.7,10091.5,10079.6,10079.6,3.52668e+07
2008-04-30,10079.6,10081.4,10077.3,10079.5,8.83798e+07
2008-05-03,10079.5,10080.2,10060.4,10060.4,6.98735e+07
2008-05-04,10060.5,10060.9,10040.5,10040.5,3.42907e+07
2008-05-05,10040.5,10045.4,10032.1,10032.2,3.11033e+07
2008-05-06,10032.5,10051.5,10032.5,10051.5,3.46413e+07
2008-05-07,10051.6,10068.1,10051.5,10068.1,6.10105e+07
2008-05-10,10068.2,10089.2,10068.2,10089.2,2.98203e+07
2008-05-11,10089.2,10141.8,10089.2,10141.8,4.48835e+08
2008-05-12,10141.9,10213.9,10141.9,10213.9,6.06405e+07
2008-05-13,10214,10280.1,10214,10280.1,7.82762e+07
2008-05-14,10280.2,10320.2,10280.2,10320.2,5.43747e+07
2008-05-17,10320.5,10329.5,10319.4,10326.2,4.79378e+07
2008-05-18,9955.98,10341.8,9955.79,10340.8,2.38533e+08
2008-05-19,10340.8,10357,10340.8,10357,3.99757e+07
2008-05-20,10356.9,10390,10356.9,10380.1,7.06913e+07
2008-05-21,10380.3,10425.3,10380.3,10425.3,8.0294e+07
2008-05-24,10425.4,10440.5,10348,10419.3,6.50306e+07
2008-05-25,10419.3,10485.3,10419.3,10484,5.24758e+07
2008-05-26,10484,10564,10484,10564,9.57628e+07
2008-05-27,10564.1,10622.4,10564.1,10622.1,6.07505e+07
2008-05-28,10622.2,10702.4,10622.2,10702.4,6.6012e+07
2008-05-31,10702.4,10744.9,10702.4,10744.9,8.26445e+07
2008-06-01,10744.9,10752.6,10710,10713.2,4.63083e+07
2008-06-02,10713.3,10721.4,10679.6,10716,1.97513e+08
2008-06-08,10716,10756.4,10716,10756.4,3.4889e+07
2008-06-09,10756.4,10818.5,10756.4,10818.5,6.8462e+07
2008-06-10,10793.1,11058.7,10793.1,11058.7,8.68641e+07
2008-06-11,11058.8,11140.5,11058.8,11140.5,7.3026e+07
2008-06-14,11140.8,11195.2,11140.8,11156.8,6.53154e+07
2008-06-15,11157.3,11224.8,11157.3,11224.8,1.28573e+08
2008-06-16,11225.2,11341.8,11225.2,11341.8,6.94431e+07
2008-06-17,11342.2,11436.2,11342.2,11436.2,3.91657e+07
2008-06-18,11436.9,11568.5,11436.9,11568.5,8.46073e+07
2008-06-21,11568.6,11692.2,11568.3,11682.6,7.01081e+07
2008-06-22,11682.8,11794.8,11682.8,11782.2,2.01873e+08
2008-06-23,11782.3,11783.6,11761.2,11761.2,1.02871e+08
2008-06-24,11761.3,11763.7,11711.9,11711.9,5.48762e+07
2008-06-25,11711.6,11711.6,11664.8,11674.1,9.6105e+07
2008-06-28,11674.3,11675.5,11643.5,11643.5,4.3343e+07
2008-06-29,11643.8,11671,11632.9,11671,2.20085e+08
2008-06-30,11671.1,11757,11671.1,11757,3.80665e+08
2008-07-01,11757.5,11811.1,11757.5,11811.1,1.39571e+08
2008-07-02,11810.7,11921.8,11810.7,11921.8,8.87346e+08
2008-07-05,11921.8,12512.3,11921.8,12512.3,3.16261e+08
2008-07-06,12512.4,12653.9,12512.4,12653.9,8.79591e+07
2008-07-07,12653.9,12794.6,12653.8,12794.6,8.43544e+08
2008-07-08,12794.8,12898.5,12794.8,12869.5,1.15354e+08
2008-07-09,12869.4,12888.9,12860.6,12870.8,1.64371e+08
2008-07-12,12870.8,12870.8,12790.5,12790.5,5.77922e+07
2008-07-13,12790.7,12854.7,12779.2,12843.8,7.06191e+07
2008-07-14,12843.8,12913.6,12843.8,12913.6,2.12035e+08
2008-07-15,12913.5,12944.3,12888.9,12918,1.03494e+08
2008-07-19,12918,12926,12899.7,12906.2,6.2092e+07
2008-07-20,12906.2,12918.4,12844.4,12849.1,7.94597e+07
2008-07-21,12849.1,12849.5,12663.9,12669.9,3.89151e+07
2008-07-22,12669.9,12681.4,12648.4,12671.1,3.32851e+07
2008-07-23,12671.1,12671.1,12574.7,12579.4,1.1469e+08
2008-07-26,12579.4,12581.2,12526,12526,1.10608e+08
2008-07-27,12526.1,12535.4,12485.1,12485.1,5.31121e+07
2008-07-28,12485,12571.6,12484.7,12571.6,4.8071e+07
2008-07-29,12571.7,12659.5,12571.7,12659,6.49146e+07
2008-08-02,12659,12661.4,12628.7,12628.7,1.5569e+08
2008-08-03,12628.8,12673.5,12622.9,12641.3,6.66176e+07
2008-08-04,12641.4,12655.2,12640,12640,4.60006e+07
2008-08-05,12639.8,12650.7,12617.9,12617.9,1.23173e+08
2008-08-06,12618,12618,12562.5,12562.5,4.23296e+07
2008-08-09,12562.6,12565,12520.2,12520.2,2.94007e+08
2008-08-10,12520.2,12542.1,12497.2,12497.2,1.00502e+08
2008-08-11,12497.2,12499.4,12462.8,12462.8,4.73711e+07
2008-08-12,12463.8,12489,12429.1,12471.5,5.72788e+07
2008-08-13,12471.5,12471.5,12372.1,12372.1,2.69733e+08
2008-08-16,12373,12373,12304.9,12304.9,6.8055e+07
2008-08-18,12304.9,12340.3,12283.5,12284.5,2.86837e+08
2008-08-19,12284.5,12285,12207.7,12207.7,1.94645e+08
2008-08-20,12207.7,12215.1,12150.9,12215.1,2.70846e+08
2008-08-23,12215.1,12247.7,12203,12247.7,6.4283e+07
2008-08-24,12247.8,12247.8,12195.3,12205,4.41222e+07
2008-08-25,12205,12240.3,12154.8,12240.3,6.07305e+07
2008-08-26,12240.4,12240.6,12200.2,12200.2,5.58467e+07
2008-08-27,12200.3,12202,12150.9,12150.9,5.72609e+07
2008-08-30,12150.9,12175,12143,12143,3.86219e+07
2008-08-31,12143,12172.8,12132,12132,2.47305e+08
2008-09-01,12132,12187,12043.5,12043.5,1.14379e+08
2008-09-02,12043.5,12070.3,12026.3,12030.8,1.87997e+08
2008-09-03,12031.6,12041.5,12014.6,12041.5,7.96025e+07
2008-09-06,12041.6,12041.6,11994.4,11998,7.76822e+07
2008-09-07,11998,12047.8,11914.2,11914.2,1.62534e+08
2008-09-08,11914.2,11914.2,11836.3,11836.6,1.69184e+08
2008-09-09,11837.2,11837.2,11804.9,11804.9,7.60477e+07
2008-09-10,11804.6,11808.4,11772.3,11780.4,6.61361e+07
2008-09-13,11780.5,11821.9,11731,11731,2.3645e+08
2008-09-14,11731,11731.1,11663.3,11663.3,6.13716e+07
2008-09-15,11663.3,11679.3,11657,11679.1,9.07061e+07
2008-09-16,11679.2,11733.2,11679.2,11733.2,7.49992e+07
2008-09-17,11733.3,11784.7,11733.3,11784.7,1.34872e+08
2008-09-20,11785.7,11828.8,11783.1,11811.4,1.36536e+08
2008-09-21,11814.7,11840.3,11749.2,11763.9,1.51192e+08
2008-09-23,11763.7,11824.8,11757,11811.4,1.61283e+08
2008-09-24,11811.4,11815.3,11777.2,11787.6,9.53602e+07
2008-09-27,11787.7,11787.7,11724.8,11725.7,1.01451e+08
2008-09-28,11725.7,11725.7,11694.5,11721.1,9.31839e+07
2008-09-29,11721.1,11729,11718.4,11725.1,9.1632e+07
2008-09-30,11724.1,11730.3,11697.5,11697.5,1.04851e+08
2008-10-04,11697.5,11697.5,11622.5,11622.5,5.98923e+07
2008-10-05,11622.6,11622.8,11561.7,11561.7,2.25406e+08
2008-10-06,11561.8,11562,11497.7,11497.7,1.365e+08
2008-10-07,11497.8,11498.6,11421.6,11421.6,5.52352e+07
2008-10-08,11421.5,11421.5,11352.1,11352.1,1.15395e+08
2008-10-11,11323.2,11352.7,11249.9,11249.9,9.66161e+07
2008-10-12,11249.9,11249.9,11163.4,11163.4,1.62847e+08
2008-10-13,11163.5,11163.5,11149.1,11149.1,6.79896e+07
2008-10-14,11149.1,11155,11137.7,11137.7,3.02657e+07
2008-10-15,11137.8,11143.9,11136.3,11136.6,2.8312e+07
2008-10-18,11136.8,11173.5,11133.1,11146.6,7.1618e+07
2008-10-19,11146.6,11182,11140.6,11146.9,1.03853e+08
2008-10-20,11146.9,11146.9,10916.1,10916.1,4.17562e+07
2008-10-21,10916.2,10952.8,10912.6,10931,6.17932e+07
2008-10-22,10931,10952.1,10926,10928.8,5.94364e+07
2008-10-26,10929,10929.3,10349.1,10349.1,5.07754e+07
2008-10-27,10349.1,10365,10325.2,10325.2,5.05796e+07
2008-10-28,10325.2,10349.6,10325.1,10334.9,4.10291e+07
2008-10-29,10334.1,10334.4,10286.7,10286.7,4.54313e+07
2008-11-01,10286.8,10286.8,10215.9,10215.9,4.14006e+07
2008-11-02,10215.9,10215.9,10177.5,10177.5,3.6028e+07
2008-11-03,10177.8,10188.4,10168.1,10168.1,2.51745e+07
2008-11-04,10168.4,10198.7,10168.4,10198.4,4.88018e+07
2008-11-05,10198.4,10221.7,10196.5,10198.4,8.01638e+07
2008-11-08,10198.4,10206.4,10179.1,10192.7,6.29184e+07
2008-11-09,10192.8,10192.9,10098,10098,7.02492e+07
2008-11-10,10098,10098,10031.1,10031.1,1.1279e+08
2008-11-11,10031.2,10031.3,9998.62,9998.62,4.32718e+07
2008-11-12,9998.67,10029.6,9998.67,10020.7,6.18609e+07
2008-11-15,10020.8,10038.2,9973.4,9973.4,5.65433e+07
2008-11-16,9973.26,9984.64,9954.14,9954.14,1.03228e+08
2008-11-17,9954.15,9976.64,9926.27,9926.27,5.87434e+07
2008-11-18,9926.1,9927.07,9901.28,9901.28,2.582e+07
2008-11-19,9901.33,9902.63,9895.61,9895.61,3.02856e+07
2008-11-22,9895.44,9895.44,9851.47,9851.47,5.23512e+07
2008-11-23,9851.48,9851.48,9781.98,9781.98,5.13664e+07
2008-11-24,9782.01,9782.01,9718.9,9718.9,1.74541e+07
2008-11-25,9718.91,9718.91,9649.48,9649.48,1.62187e+07
2008-11-26,9649.49,9649.49,9613.26,9613.26,2.13305e+07
2008-11-29,9613.27,9613.27,9548.23,9548.23,6.75137e+07
2008-11-30,9548.23,9548.23,9490.26,9490.26,2.19405e+08
2008-12-01,9490.27,9490.32,9416.48,9416.48,4.4891e+07
2008-12-02,9416.52,9416.52,9333.65,9333.65,1.71202e+07
2008-12-03,9333.7,9333.78,9248.89,9248.89,6.4379e+08
2008-12-04,9233.2,9248.9,9233.2,9248.9,0
2008-12-05,9233.2,9248.9,9233.2,9248.9,0
2008-12-06,9248.8,9248.8,9167.8,9178.3,8.11661e+06
2008-12-07,9178.3,9178.3,9130.3,9130.5,1.14743e+07
2008-12-08,9102.7,9103.4,9079.6,9089.2,1.50679e+07
2008-12-10,9071.6,9071.6,9023.7,9023.7,1.55189e+07
2008-12-13,8973.3,8973,8973,8973.3,3.10782e+07
2008-12-14,8963.9,8964.5,8907,8907,3.32283e+07
2008-12-15,8901.8,8903.6,8890.7,8890.7,1.44969e+07
2008-12-16,8890.8,8890.8,8866.3,8869,1.4505e+07
2008-12-20,8861.5,8861.9,8854.2,8857.1,9.46018e+06
2008-12-21,8857.3,8860.8,8851.6,8851.6,2.36908e+07
2008-12-22,8840.1,8840.6,8832.2,8832.2,1.81695e+07
2008-12-23,8829,8829.5,8803.4,8803.4,1.50668e+07
2008-12-24,8796.4,8802.3,8792.5,8795.7,1.46629e+07
2008-12-27,8784.9,8795.6,8784.9,8786.7,3.59615e+07
2008-12-28,8769.7,8769.7,8757.8,8757.8,2.18631e+07
2008-12-29,8750.1,8751.9,8726.2,8726.9,3.55381e+07
2008-12-30,8717.2,8717.2,8689.8,8695,2.92996e+07
2008-12-31,8694.2,8694.2,8654.2,8656.3,1.54255e+07
2009-01-03,8655.7,8656.5,8636.8,8641.8,1.54009e+07
2009-01-04,8627.2,8629.4,8618.7,8619.6,9.08447e+06
2009-01-05,8612.3,8615.5,8596.4,8596.4,3.3566e+07
2009-01-10,8592.7,8592.9,8575.7,8575.7,1.63282e+07
2009-01-11,8573.6,8573.6,8541.7,8542,1.70737e+07
2009-01-12,8535.8,8535.8,8518.4,8519,3.78521e+07
2009-01-13,8518.7,8521,8461.3,8463.7,2.12029e+07
2009-01-14,8470.9,8471.1,8452.9,8456.9,2.65547e+07
2009-01-17,8454.6,8458.2,8449.6,8458.1,4.0699e+07
2009-01-18,8449,8461.8,8449,8459.9,4.0793e+07
2009-01-19,8450.6,8471,8450.6,8467.4,4.99252e+07
2009-01-20,8468.6,8521,8468.6,8496.9,1.56998e+07
2009-01-21,8494.9,8520.3,8494.9,8514.3,1.61675e+07
2009-01-24,8514.5,8564.1,8514.5,8553.7,1.04092e+08
2009-01-25,8547.1,8549.6,8518.1,8519.1,3.00376e+07
2009-01-26,8517,8517.4,8505.7,8507.3,2.30572e+07
2009-01-27,8505.5,8510.3,8504.7,8509.1,2.93229e+07
2009-01-28,8516,8516.2,8496.1,8505.6,2.27998e+07
2009-01-31,8506.8,8509,8502.1,8508.3,1.8134e+07
2009-02-01,8511.4,8518,8486.7,8491.8,4.50018e+07
2009-02-02,8502.3,8502.5,8493.2,8496.2,2.31318e+07
2009-02-03,8496.5,8496.9,8481.1,8483.4,1.90493e+07
2009-02-04,8483.8,8484.9,8462.3,8466.4,2.02431e+07
2009-02-07,8466.4,8467.7,8444.2,8451.3,2.41111e+07
2009-02-08,8452.8,8452.8,8437.7,8438,2.47681e+07
2009-02-09,8439.5,8439.5,8423.5,8423.7,1.98861e+07
2009-02-11,8423.5,8433.5,8423.5,8430,1.14173e+07
2009-02-14,8430.5,8433,8420,8420,1.38986e+07
2009-02-15,8420,8423.1,8412.7,8412.7,1.67171e+07
2009-02-17,8413.1,8413.1,8390.2,8390.2,2.44387e+07
2009-02-18,8390.2,8390.2,8376.6,8376.6,3.43794e+08
2009-02-21,8376,8376,8355.9,8355.9,3.51305e+08
2009-02-22,8350.7,8353.6,8291.1,8297,4.44583e+07
2009-02-23,8297.3,8297.3,8266.2,8266.2,3.39073e+07
2009-02-25,8266,8266,8248.9,8248.9,1.17693e+08
2009-02-28,8249,8249,8236.4,8243.2,1.17319e+08
2009-03-01,8243.6,8244.1,8226.5,8226.8,5.76239e+07
2009-03-02,8226,8226,8215.8,8216.1,1.98002e+07
2009-03-03,8215,8215,8200.9,8200.9,1.23524e+07
2009-03-04,8200.8,8200.8,8184.2,8185.3,1.5592e+07
2009-03-07,8185.3,8185.3,8133.5,8133.5,1.58727e+07
2009-03-08,8130.2,8130.2,8111,8111.2,1.75882e+07
2009-03-09,8111.9,8111.9,8096,8096,1.39448e+07
2009-03-10,8095.9,8136,8089.9,8126.5,2.17488e+07
2009-03-11,8131.6,8136.5,8127.4,8130.4,4.67271e+07
2009-03-14,8131.7,8132.6,8119,8120.3,4.70075e+07
2009-03-16,8120.4,8128.5,7972.3,7977.1,7.68184e+07
2009-03-17,7978.9,7980.5,7965.3,7972.3,9.21476e+07
2009-03-18,7974.4,7975,7955.2,7966.5,8.17474e+07
2009-03-25,7966.2,7966.5,7964.1,7965.6,7.7804e+06
2009-03-28,7965,7967,7962.1,7965.8,1.07207e+07
2009-03-29,7961.6,7961.6,7949.3,7955.4,1.92822e+07
2009-03-30,7957.8,7970.3,7955.2,7970.3,1.63004e+07
2009-03-31,7976.1,7990.9,7976.1,7988.7,3.09303e+07
2009-04-04,7989.1,8001.6,7986.6,8001.6,2.19714e+07
2009-04-05,7995.6,8006,7994.3,8006,4.0663e+07
2009-04-06,8009.5,8049,8009.5,8049,2.94444e+07
2009-04-07,8060.8,8077.9,8060.4,8077.9,3.67601e+07
2009-04-08,8082.4,8111.1,8082.4,8111.1,2.56392e+07
2009-04-11,8118.8,8153.5,8117.6,8153.5,2.15978e+07
2009-04-12,8174.2,8176,8165.5,8175.9,5.03837e+07
2009-04-13,8189.6,8203.6,8189.6,8203.6,5.40249e+07
2009-04-14,8236,8252.5,8236,8252.4,7.22294e+07
2009-04-15,8246.9,8261.7,8246.9,8251.6,3.88176e+07
2009-04-18,8251.2,8290.4,8251.2,8290.4,6.23082e+07
2009-04-19,8306.2,8348,8306.2,8348,7.02713e+07
2009-04-20,8351.3,8431.2,8351.3,8431.2,9.90231e+07
2009-04-21,8434.2,8436.3,8434.2,8434.9,1.59879e+07
2009-04-22,8457.6,8485.4,8457.6,8476.4,3.80769e+07
2009-04-25,8490.3,8497.9,8468.4,8469.1,3.74515e+07
2009-04-26,8470.1,8523.2,8470.1,8502.6,5.3331e+07
2009-04-27,8503,8521,8503,8518.1,4.15365e+07
2009-04-28,8533.5,8533.7,8526.8,8527.8,3.59993e+07
2009-04-29,8546.9,8546.9,8533.3,8535,3.09401e+07
2009-05-02,8546.3,8551.6,8517.2,8548.3,4.33896e+07
2009-05-03,8557,8595.2,8557,8584.6,5.42015e+07
2009-05-04,8624.9,8638.8,8624,8638.3,3.60456e+07
2009-05-05,8692.9,8702.5,8692.9,8699.5,5.94185e+07
2009-05-06,8743.1,8774.2,8743.1,8774.2,4.76036e+07
2009-05-09,8830.2,8872.4,8830.2,8872.4,4.42614e+07
2009-05-10,8878,8930.4,8878,8930.4,5.84181e+07
2009-05-11,8982.6,8989.9,8975.3,8989.5,2.10655e+08
2009-05-12,8988.5,8995.9,8965.7,8968.3,8.72451e+07
2009-05-13,8938,8938,8924.5,8932.1,7.32413e+07
2009-05-16,8922.7,8923.4,8882.9,8888,7.34077e+07
2009-05-17,8896.1,8933.2,8858.4,8919.4,8.00021e+07
2009-05-18,8930.2,8966.9,8930.2,8963.8,6.70021e+08
2009-05-19,8969.1,8978.2,8956.3,8956.3,1.8978e+08
2009-05-20,8968.2,9006,8968.2,9000.8,1.39762e+08
2009-05-23,9000.9,9042.8,9000.9,9042.1,5.00039e+07
2009-05-24,9050.7,9051.7,9016.3,9019.5,1.94201e+08
2009-05-25,9017.2,9017.2,8971.1,8971.1,1.00216e+08
2009-05-26,8967.2,8967.2,8934.6,8934.6,1.09455e+08
2009-05-27,8937,8953.7,8937,8953.7,4.27354e+07
2009-05-30,8956.9,9001.9,8956.9,9001.3,6.06493e+07
2009-05-31,9002.5,9013,8998.2,9000.6,7.83708e+07
2009-06-01,9007.7,9013.2,9000.8,9006.3,8.8212e+07
2009-06-02,9011.9,9032.6,9010.4,9032.3,5.72652e+07
2009-06-03,9048.8,9082.4,9048.6,9081.7,6.47058e+07
2009-06-06,9104,9123,9104,9121.3,1.04075e+08
2009-06-07,9146.1,9195.2,9143.9,9195.1,1.29833e+08
2009-06-08,9199.2,9236.6,9199.2,9235.5,7.3109e+07
2009-06-09,9240,9280.1,9240,9278.5,1.03397e+09
2009-06-10,9299.7,9343.3,9299.7,9343.3,1.08835e+08
2009-06-13,9366.9,9384.7,9365.4,9365.4,2.11295e+08
2009-06-14,9370.8,9370.8,9310.3,9310.3,1.2829e+08
2009-06-15,9310.1,9310.1,9299,9299,7.91032e+07
2009-06-16,9295.6,9295.6,9270.8,9271.1,4.93978e+07
2009-06-17,9266.2,9266.2,9247.2,9247.2,4.65555e+07
2009-06-20,9245.7,9249.8,9242.3,9247.7,2.46849e+07
2009-06-21,9252.1,9258.5,9248.1,9258.4,2.65767e+07
2009-06-22,9262.2,9264.2,9249.6,9251.8,6.77481e+07
2009-06-23,9253.6,9342.7,9253.6,9340,8.63154e+07
2009-06-24,9340.2,9349.2,9338.1,9338.6,6.83426e+07
2009-06-27,9338.1,9342.9,9337.5,9342.6,9.04577e+07
2009-06-28,9340.3,9360.7,9340.3,9353.7,9.88348e+07
2009-06-29,9356.7,9364.1,9356.4,9360.1,5.5813e+07
2009-06-30,9366.2,9387.9,9365.2,9387.6,4.02306e+07
2009-07-01,9397.7,9480,9397.7,9471,5.66699e+07
2009-07-04,9472.6,9486,9470.4,9470.4,5.83741e+07
2009-07-05,9457.8,9463.9,9452.7,9452.7,7.06213e+07
2009-07-07,9456.1,9463.1,9456.1,9457.9,2.96624e+07
2009-07-11,9461.8,9465.4,9438.4,9438.5,6.48086e+07
2009-07-12,9436.8,9441.9,9415.8,9415.8,1.12878e+08
2009-07-13,9415.8,9416.2,9349,9352.8,7.23584e+07
2009-07-14,9354.2,9379.2,9354.2,9374,1.75832e+08
2009-07-15,9375.4,9401.1,9375.4,9394.6,2.0243e+08
2009-07-16,9394.6,9394.6,9394.6,9394.6,0
2009-07-18,9403.4,9442.4,9403.4,9442.2,1.83641e+08
2009-07-19,9443.7,9474.6,9443.6,9474.5,3.4837e+07
2009-07-21,9478.7,9511.1,9475.1,9511.1,2.74956e+07
2009-07-22,9519.2,9525.4,9519.2,9522.2,1.80961e+08
2009-07-25,9521.7,9524.2,9521.1,9522.9,3.23017e+07
2009-07-26,9523.5,9563.4,9523,9530.3,1.22295e+08
2009-07-27,9529.8,9703.7,9520.5,9703.7,1.15023e+08
2009-07-28,9723,9731.6,9722.4,9727.1,1.31288e+08
2009-07-29,9733.3,9767.8,9733.3,9765.6,3.31867e+08
2009-08-01,9777.6,9812,9777.6,9811.2,9.11189e+07
2009-08-02,9819.3,9831.4,9819.3,9831.2,8.43337e+07
2009-08-03,9835.7,9838.9,9834,9835,9.53455e+07
2009-08-04,9834.7,9864.7,9833.8,9861.1,1.72338e+08
2009-08-05,9863.8,9905,9863.8,9904.4,1.05564e+08
2009-08-08,9910.4,9999,9910.4,9999,7.54342e+07
2009-08-09,10002.1,10044,10002.1,10044,7.92082e+07
2009-08-10,10048.3,10117.6,10048.3,10114.2,2.38587e+08
2009-08-11,10130.7,10141.6,10127.6,10139.4,1.13043e+08
2009-08-12,10145.5,10194.2,10145.5,10194,1.36632e+08
2009-08-15,10208.7,10251.2,10208.7,10250.8,5.2459e+07
2009-08-16,10294.2,10333.5,10294.2,10333.2,2.1009e+08
2009-08-17,10337.1,10405.4,10337.1,10405.4,1.4247e+08
2009-08-18,10426.3,10449.1,10426.3,10442.5,1.47432e+08
2009-08-19,10462.7,10476.3,10462.7,10472.4,8.70056e+07
2009-08-22,10488.9,10555.4,10488.9,10555.4,6.30697e+07
2009-08-23,10562.5,10612.2,10562.5,10612.2,9.8102e+07
2009-08-24,10626.1,10686.1,10626.1,10686.1,1.14063e+08
2009-08-25,10699.6,10983.9,10699.6,10983.6,2.67946e+08
2009-08-26,11013.3,11730,11013.3,11576.9,2.38793e+08
2009-08-29,11624.9,11738.1,11598.1,11734.4,3.39365e+08
2009-08-30,11741,11747.7,11691.8,11693.5,1.42797e+08
2009-08-31,11693.1,11694.2,11663.4,11688.3,2.65521e+08
2009-09-01,11695.8,11741,11695.8,11741,1.14659e+08
2009-09-02,11756.9,11762.1,11746.4,11747.2,1.12576e+08
2009-09-05,11750.8,11750.9,11652.9,11678.5,1.33323e+08
2009-09-06,11673.9,11673.9,11634.3,11634.5,9.34377e+07
2009-09-07,11615.9,11615.9,11573.7,11589.7,5.51573e+07
2009-09-08,11601.6,11639,11598.4,11639,7.57509e+07
2009-09-09,11643,11701.7,11643,11696.5,8.11742e+07
2009-09-12,11648.1,11696.5,11696.5,11696.5,1.13752e+07
2009-09-13,11657.1,11657.1,11638.4,11638.4,5.54074e+07
2009-09-14,11582,11604.8,11580.9,11598.7,1.49137e+08
2009-09-15,11593.9,11593.9,11523.6,11523.6,6.19603e+07
2009-09-16,11468.1,11468.7,11460.6,11461.1,5.04814e+07
2009-09-19,11461.1,11461.1,11412.5,11437,1.0423e+08
2009-09-20,11437,11437,11437,11437,0
2009-09-21,11437,11452.8,11436.6,11451.8,1.11223e+08
2009-09-22,11402.8,11479.8,11402.8,11479.8,1.96233e+08
2009-09-23,11491.3,11583,11491.3,11583,8.93491e+07
2009-09-26,11625.3,11633.4,11620.4,11620.4,1.82358e+08
2009-09-27,11676.6,11676.6,11588.2,11588.2,1.59848e+08
2009-09-28,11586.7,11586.7,11559.1,11559.1,8.72344e+07
2009-09-29,11573.4,11599.3,11553.4,11555,8.9725e+07
2009-09-30,11558.7,11567.2,11531.4,11535.8,9.35864e+07
2009-10-03,11574.5,11657.3,11574.5,11657.3,1.09782e+08
2009-10-04,11679.6,11733.4,11679.6,11717.3,2.03034e+08
2009-10-05,11728.7,11738.2,11728.7,11738.2,1.4809e+08
2009-10-06,11760,11792.8,11737.4,11792.8,1.49992e+08
2009-10-07,11822.3,11891.1,11822.3,11891.1,1.60937e+08
2009-10-10,11920.8,11962.5,11920.8,11957.9,1.70926e+08
2009-10-11,11963.3,11963.9,11925.2,11925.4,2.66589e+08
2009-10-12,11940.3,11940.3,11912.3,11912.3,2.62302e+08
2009-10-13,11900.4,11927.6,11893.6,11918.3,1.79892e+08
2009-10-17,11923.9,11924.6,11905.6,11917.8,8.33732e+07
2009-10-18,11927.1,11927.4,11914.1,11914.1,1.39068e+08
2009-10-19,11919.9,11977.1,11919.9,11976.4,7.2627e+08
2009-10-20,12012,12077.3,12012,12077.3,1.80988e+08
2009-10-21,12111.2,12177.6,12111.2,12176.3,1.40016e+08
2009-10-24,12200.3,12243.6,12200.3,12242.8,1.53449e+08
2009-10-25,12267,12325.8,12266.3,12325.8,1.41121e+08
2009-10-26,12325.5,12342.6,12308.9,12342.6,3.10668e+08
2009-10-27,12354.9,12356,12328.4,12345.1,1.34087e+08
2009-10-28,12348.2,12408.4,12342.9,12408.4,1.40374e+08
2009-10-31,12427.9,12491.2,12427.9,12482.4,1.15028e+08
2009-11-01,12505.6,12545,12505.6,12545,1.35593e+08
2009-11-02,12529.3,12537.9,12515.5,12529.5,3.35006e+08
2009-11-03,12514.6,12514.6,12483.6,12483.6,1.37871e+08
2009-11-04,12494.4,12531.3,12477,12506,1.76084e+08
2009-11-07,12524.8,12581.5,12524.8,12576.9,1.42416e+08
2009-11-08,12584.5,12584.5,12547.2,12565.9,2.58211e+08
2009-11-09,12593.9,12633.6,12581.5,12581.5,1.70647e+08
2009-11-10,12566.2,12566.2,12426.1,12426.1,1.15962e+08
2009-11-11,12417.8,12423.5,12379.2,12381.4,1.63679e+08
2009-11-14,12416.9,12442.1,12402.7,12403.1,1.04572e+08
2009-11-15,12432.3,12441.9,12361.7,12361.7,1.68827e+08
2009-11-16,12372.6,12373.2,12325.3,12325.4,1.33477e+08
2009-11-17,12319.6,12319.6,12241.5,12241.9,2.02335e+08
2009-11-18,12231.8,12231.8,12174,12176.4,1.02633e+08
2009-11-21,12175.3,12175.3,12086.7,12086.7,9.24876e+07
2009-11-22,12065,12065,12003,12003,6.83363e+07
2009-11-23,11982.9,11996.4,11976.3,11996.3,1.59894e+08
2009-11-24,12002.3,12072.6,12002.3,12072.6,1.01302e+08
2009-11-25,12083.9,12125.1,12083.9,12113.4,1.9321e+08
2009-11-29,12104.9,12104.9,12027.6,12027.6,4.40068e+07
2009-11-30,12013.3,12013.3,11964.8,11964.9,4.42335e+07
2009-12-01,11955,11957.8,11928.9,11928.9,7.88764e+07
2009-12-02,11922.9,11937.5,11914.6,11914.6,1.6923e+08
2009-12-05,11903.4,11905,11901.3,11905,4.36727e+07
2009-12-07,11913.8,11946.4,11913.8,11944.5,7.12362e+07
2009-12-08,11946,11948,11909.6,11909.6,4.68498e+07
2009-12-09,11908.4,11908.4,11836.1,11836.3,5.9382e+07
2009-12-12,11827.1,11827.1,11753.1,11753.1,5.54082e+07
2009-12-13,11731,11731,11677.4,11677.4,6.0568e+07
2009-12-14,11670.6,11674,11629,11629.1,4.82033e+07
2009-12-15,11608,11608,11359.4,11362.5,5.4844e+07
2009-12-16,11352.2,11352.2,11254.7,11265.3,6.22761e+07
2009-12-19,11226.6,11226.6,11195.8,11209.6,6.18532e+07
2009-12-20,11205,11255.7,11201.3,11255.7,1.04046e+08
2009-12-21,11277.6,11289.5,11243.6,11274.9,8.94048e+07
2009-12-22,11276.4,11277,11234.6,11234.6,7.37148e+07
2009-12-23,11223.5,11229.8,11220.1,11221.3,1.17492e+08
2009-12-28,11223.8,11228.5,11196.9,11196.9,4.54663e+07
2009-12-29,11195.6,11195.6,11178.5,11178.5,4.55087e+07
2009-12-30,11180.1,11207.5,11180.1,11207.5,4.5147e+07
2010-01-02,11208.5,11295.2,11208.5,11295.2,5.62272e+07
2010-01-03,11323.3,11366.2,11323.3,11351.1,1.08949e+08
2010-01-04,11346.5,11346.5,11305.1,11305.1,5.92789e+07
2010-01-05,11301.8,11325.5,11301.8,11307.4,6.03013e+07
2010-01-06,11318.9,11375.4,11318.9,11375.4,9.04209e+07
2010-01-09,11379.6,11449.7,11379.6,11449.6,4.23738e+08
2010-01-10,11478.1,11592.6,11478.1,11592.3,2.13939e+08
2010-01-11,11595.3,11658.9,11591,11656.8,1.20359e+08
2010-01-12,11683.7,11685.4,11646.2,11646.2,1.01244e+08
2010-01-13,11644,11644,11598.4,11599.9,8.85566e+07
2010-01-16,11601.8,11625.3,11601.8,11614.9,9.58992e+07
2010-01-17,11627,11640.3,11620.7,11620.7,6.87089e+07
2010-01-18,11619,11619,11584,11584,4.39217e+07
2010-01-19,11587.6,11587.6,11567.9,11569.2,4.25236e+07
2010-01-20,11567.8,11572.9,11566.8,11569.2,4.56424e+07
2010-01-23,11569.8,11617.9,11569.8,11617.8,7.16616e+07
2010-01-24,11627.2,11685.5,11627.2,11684.9,9.10953e+07
2010-01-25,11699.3,11720.6,11699.3,11705.1,4.44041e+08
2010-01-26,11710.7,11769.2,11710.7,11752.5,9.30942e+07
2010-01-27,11763.7,11810.1,11763.7,11802.9,8.20067e+07
2010-01-30,11775.9,11775.9,11736.4,11750.1,1.06339e+08
2010-01-31,11749.8,11751.4,11724.7,11724.7,2.10342e+08
2010-02-01,11727.2,11730,11709.6,11709.6,8.20314e+07
2010-02-02,11719.3,11724.4,11719.3,11721.3,5.54557e+07
2010-02-03,11737.1,11763.2,11737.1,11751.7,5.35077e+07
2010-02-06,11751.5,11751.5,11715.5,11715.5,4.58991e+07
2010-02-07,11704.3,11708.3,11686.1,11686.3,8.41491e+07
2010-02-08,11684.4,11684.4,11666.7,11666.8,7.57888e+07
2010-02-09,11664.6,11669.4,11660.6,11660.7,4.76286e+07
2010-02-10,11663.8,11694.7,11663.8,11694.1,7.65679e+07
2010-02-14,11696.4,11760.9,11696.4,11760,6.30114e+07
2010-02-16,11786,11826.5,11782.6,11789.7,1.05364e+08
2010-02-17,11787.7,11787.7,11774.2,11774.2,9.81562e+07
2010-02-20,11777.5,11822.3,11777.5,11819,1.00082e+08
2010-02-21,11834,11931.4,11834,11929,9.7813e+07
2010-02-22,11950.4,12008.6,11950.4,12008.6,2.32078e+08
2010-02-23,12027.5,12028,12010.2,12010.2,1.53349e+08
2010-02-24,12004.8,12004.8,11991.6,11993.2,9.3238e+07
2010-02-27,11982.9,11982.9,11962.8,11963.5,6.94944e+07
2010-02-28,11977.9,12015,11977.9,12009,7.09495e+07
2010-03-01,12018.6,12052.9,12018.6,12048.9,7.20851e+07
2010-03-02,12071,12116.1,12071,12111.1,1.16637e+08
2010-03-03,12131,12140.1,12126.3,12133.4,8.8978e+07
2010-03-06,12168.9,12222.7,12168.9,12221.3,1.225e+08
2010-03-07,12249.8,12254.8,12243.3,12248.9,1.18824e+08
2010-03-08,12266.5,12308.5,12266.5,12307.2,1.18389e+08
2010-03-09,12324,12429.1,12324,12429.1,1.43598e+08
2010-03-10,12444.7,12456,12444.7,12446.8,7.43566e+07
2010-03-13,12443.3,12451.1,12440.4,12440.5,1.20097e+08
2010-03-14,12446.9,12581.3,12446.9,12549.1,1.30371e+08
2010-03-15,12549.1,12568.3,12533.6,12533.6,1.56932e+08
2010-03-16,12534.1,12534.1,12499.7,12499.7,8.86313e+07
2010-03-17,12502.9,12537.5,12502.7,12536.7,1.28809e+08
2010-03-27,12548.8,12614.5,12548.8,12613.9,3.15738e+07
2010-03-28,12625.5,12732.8,12625.5,12732.1,7.26797e+07
2010-03-29,12761.6,12823.9,12761.6,12823.9,7.05179e+07
2010-03-30,12831.6,12867.4,12831.6,12867,7.6411e+07
2010-03-31,12873.7,12945,12873.7,12945,8.34178e+07
2010-04-03,12959.8,13136.6,12959.8,13135.7,1.41502e+08
2010-04-04,13206.5,13336.9,13206.5,13320.1,2.64427e+08
2010-04-05,13324.9,13345.5,13317,13317,1.1416e+08
2010-04-06,13328.9,13476.5,13328.9,13476.5,1.64426e+08
2010-04-07,13519.2,13695.5,13519.2,13681.2,1.55552e+08
2010-04-10,13729.2,13780.7,13729.2,13754,1.98637e+08
2010-04-11,13779.1,13821.8,13779.1,13802.6,1.36477e+08
2010-04-12,13874,13876,13826.5,13832.8,1.86178e+08
2010-04-13,13894.1,13928.4,13870,13904,2.26126e+08
2010-04-14,13941.6,13943,13903.4,13903.4,4.53979e+08
2010-04-17,13888.2,13888.2,13815.7,13815.7,1.47279e+08
2010-04-18,13833.3,13935,13833.3,13935,2.23914e+08
2010-04-19,14015.5,14140.4,14015.5,14138.3,2.45498e+08
2010-04-20,14209.8,14228.5,14185.7,14185.7,2.47217e+08
2010-04-21,14206.2,14206.2,14128.6,14129.2,3.03905e+08
2010-04-24,14115.5,14119.8,14079.8,14079.9,1.53629e+08
2010-04-25,14048.6,14081.5,13996.5,14053.3,3.04617e+08
2010-04-26,14040.9,14145.5,14040.9,14129,2.45456e+08
2010-04-27,14213.4,14215.2,14136.8,14139.4,1.97375e+08
2010-04-28,14133.1,14133.1,14012.5,14012.5,1.97266e+08
2010-05-01,14029.6,14146.1,14029.6,14136.7,2.15339e+08
2010-05-02,14162.2,14162.2,14085.9,14085.9,2.11488e+08
2010-05-03,14114.6,14114.6,14012.5,14012.6,1.78874e+08
2010-05-04,14034.1,14040.2,14012.8,14036.7,2.16111e+08
2010-05-05,14022,14022,13943.7,13944.8,2.07779e+08
2010-05-08,13923.7,13925.6,13908.3,13920.5,1.58592e+08
2010-05-09,13943.4,14014.3,13943.4,14014.3,1.70395e+08
2010-05-10,14044.3,14099.5,14044.3,14099.5,1.44819e+08
2010-05-11,14130.9,14140.2,14116.8,14131.7,1.27883e+08
2010-05-12,14133.2,14133.2,14105.3,14105.3,1.42657e+08
2010-05-15,14119.3,14128.3,14091.3,14096.1,1.33123e+08
2010-05-16,14108.8,14138.8,14108.4,14138.8,1.21273e+08
2010-05-18,14132.3,14177.1,14132.3,14156.7,1.56897e+08
2010-05-19,14173.4,14177.9,14141,14155.6,2.20974e+08
2010-05-22,14159,14159,14117.2,14117.2,1.27728e+08
2010-05-23,14114.2,14114.8,14076,14080.5,8.99961e+07
2010-05-24,14094.3,14115.9,14094.3,14115.5,2.70001e+08
2010-05-25,14123.8,14189,14123.8,14184.3,1.4452e+08
2010-05-26,14187.2,14189,14150.6,14153.8,2.21953e+08
2010-05-29,14159.8,14161.1,14119.9,14119.9,1.15496e+08
2010-05-30,14117.2,14119.4,14063.4,14087.6,9.98167e+07
2010-05-31,14088,14092.8,14038.3,14038.3,1.15798e+08
2010-06-01,14043.6,14116.8,14043.6,14109,1.44941e+08
2010-06-02,14127.2,14182.4,14127.2,14182.4,1.56892e+08
2010-06-06,14194.9,14200.4,14164.7,14164.7,1.14112e+08
2010-06-07,14174,14176.3,14128.3,14135.3,8.87437e+07
2010-06-08,14137.3,14188.1,14130.7,14148.8,1.3052e+08
2010-06-09,14144.6,14144.6,14055.1,14055.1,8.14821e+07
2010-06-12,14053.8,14114.9,14053.8,14114.9,8.26173e+07
2010-06-13,14121.6,14180.3,14121.6,14180.3,8.79362e+07
2010-06-14,14214,14288.5,14214,14288.5,5.39167e+08
2010-06-15,14317.7,14394.3,14317.7,14394.2,1.61536e+08
2010-06-16,14407.9,14407.9,14371.6,14372,1.44607e+08
2010-06-19,14377.8,14381.9,14340.6,14340.6,2.72323e+08
2010-06-20,14348.9,14371.6,14280.9,14280.9,9.5139e+07
2010-06-21,14272.3,14272.6,14251.9,14257,1.22847e+08
2010-06-22,14287.7,14350.6,14287.7,14350.6,1.01126e+08
2010-06-23,14375.9,14491.6,14375.9,14489.4,1.26059e+08
2010-06-27,14494.5,14510,14488.9,14503,6.87272e+07
2010-06-28,14510.2,14529.5,14500.9,14500.9,9.28046e+07
2010-06-29,14503.3,14545.3,14484.6,14545.3,9.26712e+07
2010-06-30,14554,14557,14549,14552.3,9.45266e+07
2010-07-03,14552.3,14567.3,14546.2,14561.1,7.65139e+07
2010-07-04,14563.8,14563.8,14504.2,14504.2,6.96379e+07
2010-07-05,14504.1,14554.5,14503.6,14553.2,1.27029e+08
2010-07-06,14560,14584.9,14560,14571.6,1.04658e+08
2010-07-07,14585.8,14718.9,14585.8,14718.8,2.22043e+08
2010-07-11,14743.2,14883.4,14743.2,14883.4,1.56704e+08
2010-07-12,14922.5,14994.5,14922.5,14981.5,1.81693e+08
2010-07-13,15014.2,15014.2,14998.9,15005.9,1.54517e+08
2010-07-14,15051.9,15080.4,15051.9,15080.4,2.65473e+08
2010-07-17,15082.4,15118.1,15081.4,15118,2.03015e+08
2010-07-18,15138.5,15189,15138.5,15189,1.68046e+08
2010-07-19,15197,15245.2,15197,15244.8,1.34486e+08
2010-07-20,15275.5,15346,15275.5,15344.6,1.30028e+08
2010-07-21,15355.7,15382.1,15346.9,15360.7,2.09819e+08
2010-07-24,15382.1,15456.2,15382.1,15455.4,1.25981e+08
2010-07-25,15501.1,15661.1,15501.1,15660.9,1.56178e+08
2010-07-26,15705.4,15758.3,15705.4,15746.5,1.95569e+08
2010-07-28,15751.1,15796.3,15746.7,15794.1,1.23234e+08
2010-07-31,15820.9,15849,15820.9,15840.5,1.88607e+08
2010-08-01,15844.6,15893,15843.5,15870,1.29777e+08
2010-08-02,15923.2,16078.1,15923.2,16078.1,1.62018e+08
2010-08-03,16152.9,16281.7,16149.1,16281.7,2.17792e+08
2010-08-04,16335.3,16340.2,16317.8,16317.9,2.01121e+08
2010-08-07,16338,16607.5,16338,16606.1,1.99917e+08
2010-08-08,16625.2,16628.5,16585,16625.9,1.73534e+08
2010-08-09,16640.9,16694.4,16640.9,16674.4,1.80848e+08
2010-08-10,16719.7,16841.5,16719.7,16841.4,2.06269e+08
2010-08-11,16916.2,17001.2,16916.2,16995.1,2.83365e+08
2010-08-14,16986.9,16990.6,16864.6,16864.6,2.37912e+08
2010-08-15,16854.9,16854.9,16695.8,16701.1,1.33879e+08
2010-08-16,16692.4,16767.8,16692.4,16766.9,1.91616e+08
2010-08-17,16798.9,16911.1,16798.9,16910.8,1.69367e+08
2010-08-18,16952,17011.9,16952,17009.6,2.00547e+08
2010-08-21,17048.7,17060.4,16974.6,16974.6,1.77312e+08
2010-08-22,16981,16984.4,16957.6,16957.6,1.2448e+08
2010-08-23,16989.7,17116.7,16989.7,17116.7,1.55413e+08
2010-08-24,17136.4,17152.7,17114.9,17152.7,2.56594e+08
2010-08-25,17180.3,17238.4,17180.3,17233.1,1.96107e+08
2010-08-28,17270.9,17401,17270.9,17401,3.53041e+08
2010-08-29,17442.7,17767.8,17442.7,17767.8,2.82708e+08
2010-08-30,17838,17944.2,17838,17938,3.2974e+08
2010-08-31,17939.7,17956.3,17936.4,17955.7,7.62868e+08
2010-09-04,18044.5,18315.8,18044.5,18315.8,2.5495e+08
2010-09-05,18416.4,18638.5,18416.4,18636.1,3.49614e+08
2010-09-06,18716.9,18719.9,18648.2,18648.2,2.73627e+08
2010-09-07,18678.7,18678.7,18458.9,18458.9,7.49208e+08
2010-09-08,18440.4,18440.4,18389.7,18429.6,4.32739e+08
2010-09-12,18451.9,18534.5,18451.9,18533.4,1.2533e+08
2010-09-13,18569,18610.2,18533.7,18533.7,1.83816e+08
2010-09-14,18550.8,18550.8,18539.1,18543.1,1.28616e+08
2010-09-15,18548.7,18560,18529.5,18555.7,1.37707e+08
2010-09-18,18577.6,18676.2,18577.6,18657.7,1.83809e+08
2010-09-19,18662.7,18662.7,18487.6,18487.6,1.75501e+08
2010-09-20,18492.7,18492.7,18303.3,18303.3,1.58734e+08
2010-09-21,18292.5,18413,18269.5,18413,1.44735e+08
2010-09-22,18477.4,18548.6,18477.4,18548.6,1.25665e+08
2010-09-25,18581.1,18682.2,18581.1,18673.3,1.5664e+08
2010-09-26,18684.8,18684.8,18527.8,18527.8,1.40913e+08
2010-09-27,18506.3,18506.3,18405.6,18405.6,2.06043e+08
2010-09-28,18394.7,18544.2,18394.7,18535.3,1.97196e+08
2010-09-29,18563.8,18673,18563.8,18671.3,1.47787e+08
2010-10-02,18710.9,18800.3,18710.9,18790.4,1.47478e+08
2010-10-03,18822.2,18833.7,18762.4,18762.4,1.8296e+08
2010-10-05,18763.9,18765.7,18749.8,18749.9,1.20644e+08
2010-10-06,18759.1,18884.8,18759.1,18871.8,1.6703e+08
2010-10-09,18977,19003.4,18937.7,18937.7,1.75581e+08
2010-10-10,18943.4,18943.4,18641.9,18642,1.66945e+08
2010-10-11,18638.4,18638.4,18564,18564,1.30479e+08
2010-10-12,18553.7,18553.7,18282.9,18283,1.69633e+08
2010-10-13,18257.4,18265.4,17895.7,17902.5,1.36624e+08
2010-10-16,17850.6,17973.1,17833.2,17973.1,1.41126e+08
2010-10-17,18010,18111.2,18010,18111.1,9.64913e+07
2010-10-18,18144.6,18345.3,18144.6,18343.8,1.26181e+08
2010-10-19,18407,18418.2,18292.9,18292.9,1.28502e+08
2010-10-20,18292.5,18292.5,18229.5,18229.5,7.42779e+07
2010-10-23,18236.8,18345.5,18236.8,18324.6,1.00377e+08
2010-10-24,18321.1,18321.1,18163.6,18163.7,9.7069e+07
2010-10-25,18137.3,18137.3,18035.5,18035.9,9.53583e+07
2010-10-26,18038.5,18057.3,18006.1,18006.1,7.48992e+07
2010-10-27,18008.2,18008.2,17947.7,17956.4,7.30491e+07
2010-10-30,17963.2,18034.9,17963.2,18034.9,9.41673e+07
2010-10-31,18053.4,18078.9,18011,18011,7.73841e+07
2010-11-01,18013.8,18014.2,17972.9,17972.9,5.7475e+07
2010-11-02,17972.6,17976.4,17958.4,17960.5,1.03525e+08
2010-11-03,17959.4,17976.7,17958.7,17976.7,1.04179e+08
2010-11-06,17984.3,18090.3,17984.3,18089.8,1.03659e+08
2010-11-07,18092.6,18098.1,18015.9,18015.9,1.08816e+08
2010-11-08,18010,18010,17969.5,17969.5,7.62479e+07
2010-11-09,17976.9,18038.5,17976.9,18038.5,9.0409e+07
2010-11-10,18070,18113.5,18070,18113.4,8.13774e+07
2010-11-13,18113.4,18118.9,18044.3,18044.3,1.7238e+08
2010-11-14,18049.8,18055.9,18042.1,18042.1,3.29076e+08
2010-11-15,18079.4,18109.9,18035.6,18035.6,8.65439e+07
2010-11-16,18033.9,18036.4,18020.1,18021,1.81872e+08
2010-11-20,18022,18073.1,18022,18062.5,1.00295e+08
2010-11-21,18065,18140.9,18065,18133.7,1.50849e+08
2010-11-22,18133.7,18273.3,18133.7,18257.8,1.78659e+08
2010-11-23,18263.5,18263.5,18225.6,18226.6,9.2422e+07
2010-11-24,18226.5,18289.2,18226.5,18289.2,9.22398e+07
2010-11-27,18300.9,18431,18300.9,18427.7,1.01612e+08
2010-11-28,18436.5,18463.4,18404.5,18404.5,1.99699e+08
2010-11-29,18404.9,18404.9,18284.7,18284.7,3.38396e+08
2010-11-30,18281.1,18281.1,18242.6,18242.6,7.59014e+07
2010-12-01,18246.8,18280.1,18246.6,18280,1.08853e+08
2010-12-04,18285.7,18299,18285.7,18292.4,9.5441e+07
2010-12-05,18296.2,18338.1,18292.9,18319.3,8.62556e+07
2010-12-06,18315.5,18318.6,18291.9,18291.9,7.03278e+07
2010-12-07,18292.7,18317.3,18291.1,18317.3,1.26889e+08
2010-12-08,18323.5,18371.3,18323.5,18371.2,1.02546e+08
2010-12-11,18387.7,18468.7,18387.7,18460.3,8.03498e+07
2010-12-12,18484.2,18485.3,18443.7,18443.7,7.44591e+07
2010-12-13,18445.6,18447.8,18414.7,18414.7,8.51488e+07
2010-12-14,18413.9,18415.2,18405.9,18414.3,5.62113e+07
2010-12-18,18420.7,18431.1,18366.4,18366.4,9.77935e+07
2010-12-19,18377,18377,18203.4,18203.4,1.28834e+08
2010-12-20,18206.6,18249.8,18206.6,18249.7,6.89291e+07
2010-12-21,18258.1,18375.5,18258.1,18353.1,1.229e+08
2010-12-22,18352.1,18409.7,18352.1,18398.9,8.70509e+07
2010-12-25,18437.4,18585.8,18437.4,18585.8,1.27612e+08
2010-12-26,18630.7,18723.1,18630.7,18723.1,1.49353e+08
2010-12-27,18746.7,18756.9,18683.3,18689,1.10989e+08
2010-12-28,18696.7,18773.5,18696.7,18771.4,1.35891e+08
2010-12-29,18801.5,18866.7,18801.5,18855.2,1.78532e+08
2011-01-01,18885.2,18908.4,18849.1,18849.1,8.98532e+07
2011-01-02,18848.6,18899.2,18848.5,18898.1,1.07221e+08
2011-01-03,18890,19021,18890,19021,2.01741e+08
2011-01-04,19019.1,19200.4,19019.1,19200.4,1.20104e+08
2011-01-05,19238.1,19361.5,19238.1,19361.5,4.45139e+08
2011-01-08,19368.6,19459.8,19368.6,19451.5,1.69601e+08
2011-01-09,19451.2,19700,19451.2,19699.9,4.21568e+08
2011-01-10,19733.5,19822.9,19681.8,19690.9,4.88291e+08
2011-01-11,19663.1,19779.9,19647,19778.6,2.02521e+08
2011-01-12,19785.5,19802.5,19759.1,19759.1,1.43549e+08
2011-01-15,19743.8,19765.9,19705.3,19705.3,1.32227e+08
2011-01-16,19714.2,19830.6,19714.2,19830.6,1.56516e+08
2011-01-17,19881.7,19907,19881.7,19904.7,1.89944e+08
2011-01-18,19933.3,19942.2,19929.8,19937.9,2.26652e+08
2011-01-19,20014.1,20206.6,20014.1,20206.6,2.69763e+08
2011-01-22,20206.5,20352.8,20206.5,20352.7,2.86095e+08
2011-01-23,20421.1,20421.1,20399.7,20416,1.81136e+08
2011-01-24,20415.6,20462.9,20415.6,20462.6,1.53084e+08
2011-01-26,20462,20689.6,20462,20684.8,1.65926e+08
2011-01-29,20715.3,20938.4,20715.3,20905.9,1.52454e+08
2011-01-30,20916.4,20919.3,20876.6,20877.6,1.2166e+08
2011-01-31,20880,20999.2,20880,20997.1,1.9438e+08
2011-02-01,21054.7,21349.4,21054.7,21349.4,2.08365e+08
2011-02-05,21428.2,21810.8,21428.2,21810.7,2.98567e+08
2011-02-06,21908,21908,21833.1,21840,3.22552e+08
2011-02-07,21841.8,21964,21841.8,21944.4,2.21765e+08
2011-02-08,21944.8,21962.2,21867.4,21867.4,1.32968e+08
2011-02-09,21867.5,21935.2,21867.5,21929,1.50375e+08
2011-02-12,21929.8,22013.9,21929.8,22000.5,1.58669e+08
2011-02-13,21991.4,22136.5,21991.4,22136.5,1.4486e+08
2011-02-14,22134.3,22268,22134.3,22260.4,2.30737e+08
2011-02-15,22262.8,22324.4,22262.8,22270.4,1.62871e+08
2011-02-16,22248.4,22248.4,22167.8,22188.3,1.74372e+08
2011-02-19,22198.1,22200.3,22090.3,22090.3,1.41073e+08
2011-02-20,22087.2,22087.2,21762.2,21762.2,1.08068e+08
2011-02-22,21753.9,21789.3,21721,21739.4,2.21135e+08
2011-02-23,21754.7,21770.3,21749.5,21749.5,2.1033e+08
2011-02-26,21733.1,21874.4,21733.1,21867.9,1.49401e+08
2011-02-27,21864.3,21921.4,21864.3,21900.5,1.43694e+08
2011-02-28,21888.4,21888.4,21663.3,21663.3,1.36569e+08
2011-03-01,21663.1,21663.1,21472.9,21472.9,1.56751e+08
2011-03-02,21469.2,21694,21469.2,21694,1.43076e+08
2011-03-05,21687.5,21843.3,21687.5,21843.2,3.05253e+08
2011-03-06,21893.6,21949.9,21893.6,21929.3,2.56361e+08
2011-03-07,21947.3,21947.5,21886,21891.8,4.56789e+08
2011-03-08,21888.3,22034.4,21888.3,22033.2,6.2378e+08
2011-03-09,22033,22114.9,22033,22062.6,4.05294e+08
2011-03-12,22053.7,22053.7,21895.2,21895.2,2.59792e+08
2011-03-13,21893.7,22008.8,21893.7,22008.8,4.27195e+08
2011-03-14,22014.1,22237,22014.1,22236.9,3.21109e+08
2011-03-15,22300.5,22455.7,22300.5,22455.7,2.73144e+08
2011-03-16,22459.1,22803.9,22459.1,22803.8,2.57762e+08
2011-03-19,22809.2,23294.9,22809.2,23294.9,2.40185e+08
2011-03-26,23295.7,23756.6,23295.7,23756.3,1.15678e+08
2011-03-27,23853.5,24213.2,23853.5,24199.8,2.36897e+08
2011-03-28,24226.6,24287.8,24226.6,24287.8,1.97361e+08
2011-03-29,24351.2,24495.9,24351.2,24486.6,2.05505e+08
2011-03-30,24495.5,24605,24486,24486,3.46856e+08
2011-04-03,24497.8,24590.1,24497.8,24543.6,1.63343e+08
2011-04-04,24552.9,25023.3,24552.9,25023.3,3.60662e+08
2011-04-05,25034.7,25550.4,25034.7,25550.4,4.04065e+08
2011-04-06,25556,25885.1,25556,25885.1,5.30123e+08
2011-04-09,25908.4,26271.9,25908.4,26222.7,8.06283e+08
2011-04-10,26227.4,26260.4,26002.6,26002.6,5.6352e+08
2011-04-11,26014.5,26252.2,26014.5,26145.2,3.90154e+08
2011-04-12,26175.3,26464.3,26175.3,26412.7,3.90037e+08
2011-04-13,26491.5,26541.9,26466.5,26541.9,3.98193e+08
2011-04-16,26552.3,26756.6,26552.3,26675.9,3.5129e+08
2011-04-17,26690.9,26693.5,26446.6,26446.6,2.20813e+08
2011-04-18,26469.9,26522.7,26429.2,26429.2,3.75327e+08
2011-04-19,26428,26451.5,26215.4,26215.4,2.00729e+08
2011-04-20,26209.6,26481.5,26209.6,26481.5,2.32215e+08
2011-04-23,26508.4,26618.1,26508.4,26610.1,2.92672e+08
2011-04-24,26629,26641,26539.7,26539.7,2.53671e+08
2011-04-25,26537,26537,26259.2,26261.5,1.88787e+08
2011-04-26,26259.6,26325.2,26259.6,26273.6,4.15302e+08
2011-04-27,26267.2,26267.2,25781.8,25781.8,4.11482e+08
2011-04-30,25701.4,25701.4,25321.7,25321.7,2.78868e+08
2011-05-01,25189.4,25189.4,24685.3,24685.3,3.84478e+08
2011-05-02,24783.1,25050.5,24783.1,25037.7,2.86889e+08
2011-05-03,25037.5,25269.7,25037.5,25211.2,3.82157e+08
2011-05-04,25209.3,25520.3,25209.3,25520.2,2.72479e+08
2011-05-08,25520,25557.3,25366.6,25366.6,2.41156e+08
2011-05-09,25366.4,25752.8,25366.4,25752.7,2.18424e+08
2011-05-10,25753.8,26041.8,25753.8,26041.7,3.45902e+08
2011-05-11,26041.7,26100.4,25891.6,26002.8,2.33927e+08
2011-05-14,26033.5,26055,26033.5,26033.6,1.50432e+08
2011-05-15,26071.4,26123.9,25908.5,25908.5,1.95813e+08
2011-05-16,25916,25919.2,25759.6,25759.7,1.44144e+08
2011-05-17,25764.6,25773.4,25731.1,25773.4,1.16618e+08
2011-05-18,25773.2,25940.8,25773.2,25940.8,2.32281e+08
2011-05-21,26049.7,26158.1,26049.7,26155.6,2.4397e+08
2011-05-22,26128.8,26165.3,26039.4,26055.5,2.02876e+08
2011-05-23,26055.7,26080.8,26020.5,26059.8,2.02072e+08
2011-05-24,26050.4,26074.4,25861.9,25861.9,1.8452e+08
2011-05-25,25860.6,25860.6,25290.7,25290.7,1.66621e+08
2011-05-28,25309.2,25309.2,25024,25043.4,1.55201e+08
2011-05-29,24600.6,24600.6,24600.6,24600.6,1.35162e+08
2011-05-30,24600.6,24865.3,24600.6,24865.3,2.2479e+08
2011-05-31,24865.3,25120.9,24865.3,25120.9,1.3047e+08
2011-06-01,25120.9,25120.9,25093.5,25094.3,1.5531e+08
2011-06-06,25093.4,25301.5,25093.4,25291.8,1.03561e+08
2011-06-07,25273.4,25279.9,25120.8,25123.1,1.00153e+08
2011-06-08,25123.3,25300.2,25050.6,25286.5,1.89209e+08
2011-06-11,25393.6,25434.5,25244.8,25245.1,1.75267e+08
2011-06-12,25244.7,25244.7,25121.6,25121.7,2.30215e+08
2011-06-13,25163.5,25266.4,25163.5,25237.5,2.40148e+08
2011-06-14,25235.5,25249.5,25043.3,25043.3,1.42497e+08
2011-06-15,25045,25045,24854.8,24854.8,1.28691e+08
2011-06-18,24855.1,25193.8,24855.1,25187.4,1.2136e+08
2011-06-19,25208.9,25249.6,25208.9,25214.1,1.1184e+08
2011-06-20,25214.6,25224.1,25120.9,25120.9,1.15742e+08
2011-06-21,25130.1,25197.2,25130.1,25181.6,1.16897e+08
2011-06-22,25174.7,25180.6,25126.1,25126.1,1.30734e+08
2011-06-25,25124.8,25124.8,25023.5,25023.5,8.27512e+07
2011-06-26,25022.8,25022.8,24674.9,24674.9,2.19822e+08
2011-06-27,24639.3,24639.3,24148.6,24148.6,2.70342e+08
2011-06-28,24148.6,24209.4,24137.5,24180.5,1.31856e+08
2011-06-29,24181,24503.5,24181,24503.5,1.1616e+08
2011-07-02,24502.9,24745.6,24502.9,24742.2,9.84849e+07
2011-07-03,24741.8,24811.4,24741.8,24742.7,1.02762e+08
2011-07-04,24755,24756.5,24698.3,24698.3,8.23199e+07
2011-07-05,24698,24869,24698,24816.6,1.24687e+08
2011-07-06,24814.6,24838.4,24801.1,24801.1,1.24286e+08
2011-07-09,24799.9,24833.9,24716.9,24716.9,9.87676e+07
2011-07-10,24717.8,24730.5,24541.1,24541.1,2.06942e+08
2011-07-11,24535,24548.2,24503.8,24503.8,2.68956e+08
2011-07-12,24506.7,24511.3,24387.1,24387.1,3.51051e+08
2011-07-13,24386.6,24392.4,24284.3,24286.7,2.89963e+08
2011-07-16,24283.4,24353,24283.4,24348.9,1.46356e+08
2011-07-18,24354.7,24460.7,24354.7,24460.7,2.50507e+08
2011-07-19,24460.2,24527.5,24460.2,24494.6,2.15777e+08
2011-07-20,24501.3,24611.2,24501.3,24602,9.52467e+07
2011-07-23,24612,24809.7,24612,24809.6,1.41389e+08
2011-07-24,24846.9,25182.3,24846.9,25181.7,1.46261e+08
2011-07-25,25178.6,25345.8,25178.6,25325.4,2.31822e+08
2011-07-26,25355.2,25446.7,25351.9,25434.6,1.74246e+08
2011-07-27,25431.7,25508.9,25431.7,25471.8,2.25601e+08
2011-07-30,25431.7,25508.9,25297.8,25297.8,9.33632e+07
2011-07-31,25294.8,25294.8,25110.8,25110.8,9.15339e+07
2011-08-01,25111.8,25270.1,25111.8,25270,3.10659e+08
2011-08-02,25289.7,25322.1,25284.5,25284.5,1.24008e+08
2011-08-03,25285.6,25328.4,25285.6,25316.3,1.36416e+08
2011-08-06,25227.4,25227.4,25008.1,25008.1,1.27418e+08
2011-08-07,25008.1,25008.1,24923.6,24923.6,1.10182e+08
2011-08-08,24961.2,25018.2,24961.2,24970.8,2.80993e+08
2011-08-09,24946.1,24946.1,24596.7,24596.7,1.73503e+08
2011-08-10,24617.4,24875.8,24617.4,24875.8,1.90796e+08
2011-08-13,24896.2,25005.2,24896.2,24997,1.34335e+08
2011-08-14,25036.1,25125.8,25036.1,25092.8,2.22756e+08
2011-08-15,25089.9,25089.9,25059.3,25059.3,1.94442e+08
2011-08-16,25096.7,25139.8,25090.5,25090.5,5.43061e+08
2011-08-17,25151.6,25242.8,25151.6,25237.6,4.47709e+08
2011-08-20,25280.2,25280.6,25214.2,25231.6,1.96777e+08
2011-08-21,25227.5,25240.1,25217,25217,2.66256e+08
2011-08-23,25215.5,25389.4,25215.5,25389.3,1.76877e+08
2011-08-24,25389.5,25483.9,25389.5,25475.7,3.81442e+08
2011-08-27,25475.8,25568.3,25475.8,25555.6,1.46076e+08
2011-08-28,25572.5,25576.2,25475.1,25475.1,2.68662e+08
2011-08-29,25476.7,25621.7,25465.6,25621.7,2.18334e+08
2011-08-30,25621.7,25822,25621.7,25822,3.03232e+08
2011-09-03,25826.6,26083.4,25823.3,26083.4,2.0373e+08
2011-09-04,26095.3,26258.1,26095.3,26254.6,3.5373e+08
2011-09-05,26255.9,26360.8,26255.9,26360.8,2.45948e+08
2011-09-06,26380.7,26714.8,26380.7,26714.7,2.34414e+08
2011-09-07,26714.6,26936.3,26714.6,26930.2,4.3491e+08
2011-09-10,26959.2,27101,26959.2,27098.4,3.83729e+08
2011-09-11,27123.9,27124.3,27098.7,27099.9,2.48777e+08
2011-09-12,27105.5,27118.5,27058.5,27058.9,2.44722e+08
2011-09-13,27060.9,27065.7,26933.1,26933.1,2.41401e+08
2011-09-14,26934.5,26945.2,26836.3,26836.3,1.5887e+08
2011-09-17,26837.1,26869.2,26834,26855,2.58827e+08
2011-09-18,26860.3,26913.8,26860.3,26885,2.09311e+08
2011-09-19,26908.2,26927.5,26866.8,26866.9,1.42707e+08
2011-09-20,26865.8,26865.8,26834.3,26847.4,1.49861e+08
2011-09-21,26845.7,26962.2,26845.7,26962.2,2.83257e+08
2011-09-25,26965.2,26965.2,26764.8,26764.8,3.46854e+08
2011-09-26,26763.2,26763.2,26571.8,26571.9,1.28656e+08
2011-09-27,26583.7,26693,26543.6,26692.9,1.51522e+08
2011-09-28,26700.8,26793,26700.8,26792.7,1.52157e+08
2011-10-01,26797.9,26797.9,26707.6,26708.2,1.40618e+08
2011-10-02,26707.5,26719.5,26672.7,26672.7,1.27996e+08
2011-10-03,26672.1,26720.5,26663.6,26663.6,1.64948e+08
2011-10-04,26689.7,26761.1,26689.7,26756.3,1.50022e+08
2011-10-05,26787.2,26864.8,26787.2,26863.5,1.81725e+08
2011-10-08,26864,26927.4,26864,26912.8,1.48229e+08
2011-10-09,26912.3,26917.9,26868.8,26868.8,1.36491e+08
2011-10-10,26842.4,26855.5,26819.4,26819.4,1.24903e+08
2011-10-11,26821.7,26912.1,26821.7,26903,2.15891e+08
2011-10-12,26894.9,26901.9,26844.2,26844.2,1.41963e+08
2011-10-15,26844.2,26844.2,26668.3,26668.3,1.21609e+08
2011-10-16,26668.6,26668.6,26291.2,26291.2,1.76379e+08
2011-10-17,26284.5,26284.5,26159.4,26159.4,2.63837e+08
2011-10-18,26161.7,26170.3,26158.8,26158.8,2.03131e+08
2011-10-19,26181,26219.8,26181,26207.7,2.27018e+08
2011-10-22,26213.5,26215.9,26150.8,26150.8,9.41474e+07
2011-10-23,26154.3,26154.3,26049.6,26049.6,1.06854e+08
2011-10-24,26043.9,26043.9,25874.9,25875,2.20239e+08
2011-10-25,25876.6,25926.6,25876.6,25924.8,1.95736e+08
2011-10-26,25924.7,25952.1,25915.4,25915.4,1.41793e+08
2011-10-29,25967.9,25989.1,25953.3,25953.3,1.01854e+08
2011-10-30,25952.9,25969.5,25911.3,25911.3,8.16454e+07
2011-10-31,25912.2,25931.3,25906,25910,1.03715e+08
2011-11-01,25913.1,25933.6,25887.4,25924.9,1.91507e+08
2011-11-02,25937.6,26003.4,25937.6,26001.5,1.08356e+08
2011-11-05,26002.9,26002.9,25874.1,25874.2,1.79884e+08
2011-11-06,25863,25863,25589.5,25589.5,1.38025e+08
2011-11-08,25588.7,25588.7,25328.6,25328.6,1.23614e+08
2011-11-09,25322,25394.2,25305.3,25394.2,2.29564e+08
2011-11-12,25385.9,25470.7,25385.9,25462.7,1.48289e+08
2011-11-13,25467.1,25467.1,25372.6,25372.6,1.68012e+08
2011-11-14,25372.1,25381.9,25366.6,25366.6,1.20702e+08
2011-11-16,25376.7,25385.1,25366.4,25366.4,1.66413e+08
2011-11-19,25366.1,25382.6,25361.7,25366.7,1.60075e+08
2011-11-20,25378.4,25378.4,25298.3,25298.3,1.72912e+08
2011-11-21,25297.8,25297.8,25207.2,25207.2,1.03622e+08
2011-11-22,25210.3,25210.3,24881,24881,1.50271e+08
2011-11-23,24871.2,24871.2,24568.2,24568.2,1.22521e+08
2011-11-26,24561.7,24561.7,24468.2,24468.2,9.41591e+07
2011-11-27,24466.9,24466.9,24056.4,24056.4,2.22563e+08
2011-11-28,24057.5,24057.5,23977.5,23977.7,1.46461e+08
2011-11-29,23975.9,24089.2,23975.9,24089.2,1.23934e+08
2011-11-30,24089,24089,24007.7,24016.5,1.97377e+08
2011-12-03,24016.5,24116.6,24016.5,24116.6,1.23227e+08
2011-12-04,24111.6,24356.9,24111.6,24356.9,1.26404e+08
2011-12-07,24355.8,24662.6,24355.8,24662.6,1.47951e+08
2011-12-10,24673,24735,24673,24688.2,2.01448e+08
2011-12-11,24693.6,24694.6,24541.2,24546.3,1.13697e+08
2011-12-12,24551.8,24559.7,24551.3,24554.9,1.10044e+08
2011-12-13,24570.9,24619.3,24567.3,24618.1,1.49093e+08
2011-12-14,24619.8,24623.6,24584.6,24590.7,1.98677e+08
2011-12-17,24586.9,24599,24528.3,24528.3,1.04595e+08
2011-12-18,24528.8,24608,24528.8,24604,1.31866e+08
2011-12-19,24603.4,24648.7,24603.4,24638.2,1.30083e+08
2011-12-20,24641.1,24649.6,24588.5,24588.5,1.31673e+08
2011-12-21,24641.1,24649.6,24493.7,24494,2.0889e+08
2011-12-24,24468,24494.2,24456.7,24456.7,1.55592e+08
2011-12-25,24469.6,24485.5,24455.1,24455.1,1.51874e+08
2011-12-26,24459.1,24476.2,24377.3,24377.3,1.84653e+08
2011-12-27,24377.2,24377.2,24327.2,24327.2,9.30762e+07
2011-12-28,24321.5,24336,24318.9,24320.8,1.25929e+08
2011-12-31,24320.8,24403.1,24320.8,24403.1,1.30247e+08
2012-01-01,24401.7,24442.8,24400.9,24400.9,1.11042e+08
2012-01-02,24395.4,24395.4,24323.7,24323.7,9.33016e+07
2012-01-03,24326.8,24507,24326.8,24507,1.32428e+08
2012-01-04,24520.2,24839.1,24520.2,24839.1,2.8231e+08
2012-01-07,24838.8,24902.9,24838.8,24887.9,2.35941e+08
2012-01-08,24887.9,24893.2,24854.8,24854.9,1.85973e+08
2012-01-09,24863,25084.6,24863,25082.7,1.60951e+08
2012-01-10,25118.4,25207.4,25118.4,25207.4,1.24175e+08
2012-01-11,25210.6,25440.4,25210.6,25440.3,3.24115e+08
2012-01-15,25439.9,25756.1,25439.9,25755.3,5.88046e+08
2012-01-16,25771.6,25909.9,25771.6,25903.4,2.04803e+08
2012-01-17,25904.1,25923,25692.8,25692.8,1.51241e+08
2012-01-18,25721.2,25811.6,25718.8,25811.2,2.4244e+08
2012-01-21,25827.5,25834.9,25770,25772.3,1.0941e+08
2012-01-23,25782.6,25801.7,25620.7,25620.7,1.13376e+08
2012-01-25,25626,25629.5,25540.4,25540.5,1.41593e+08
2012-01-28,25608.2,25723,25608.2,25723,1.25138e+08
2012-01-29,25770.7,25945.3,25770.7,25931.3,3.5515e+08
2012-01-30,25954.3,25986.2,25912.9,25912.9,1.06362e+08
2012-01-31,25923.6,26008,25913.8,25913.8,1.73955e+08
2012-02-01,25918.5,25939.1,25878.2,25878.2,1.60513e+08
2012-02-04,25898.2,25952,25898.2,25907,2.31799e+08
2012-02-05,25919.3,25926,25717.6,25717.6,1.87363e+08
2012-02-06,25698.5,25698.5,25579.8,25579.8,1.78505e+08
2012-02-07,25581,25587.7,25436.6,25436.6,1.16485e+08
2012-02-08,25437.3,25439.7,25371.7,25371.7,1.72672e+08
2012-02-12,25377.4,25381.5,25320.7,25320.7,9.78792e+07
2012-02-13,25326.1,25327.4,25279.7,25279.8,1.28195e+08
2012-02-14,25223.9,25225.2,24946.4,24946.4,1.3948e+08
2012-02-15,24947,24947,24829.3,24829.3,2.64716e+08
2012-02-18,24832.3,24857.3,24826.6,24848.9,1.20114e+08
2012-02-19,24848.5,24893.8,24848.5,24878.3,1.03954e+08
2012-02-20,24871.4,24933.4,24871.4,24923.2,3.0954e+08
2012-02-21,24944.4,25071.1,24944.4,25035.2,3.03212e+08
2012-02-22,25034.9,25069.8,25012.6,25012.6,2.24554e+08
2012-02-25,25027,25027,24936.1,24936.1,3.43063e+08
2012-02-26,24937.1,24976.9,24937.1,24976.9,2.15794e+08
2012-02-27,24986.5,25099.6,24986.5,25098.4,2.10701e+08
2012-02-28,25148.6,25246.7,25148.6,25244.4,2.29812e+08
2012-02-29,25248.3,25391.3,25248.3,25354.5,3.64771e+08
2012-03-03,25354.5,25385.1,25354.5,25365.5,1.59101e+08
2012-03-04,25369.2,25419,25369.2,25417.9,1.96545e+08
2012-03-05,25427.8,25431.2,25317.1,25320.1,1.99842e+08
2012-03-06,25342.5,25343.7,25307.9,25307.9,2.0542e+08
2012-03-07,25316.6,25400.2,25316.6,25400.2,1.6016e+08
2012-03-10,25410.9,25468.8,25410.9,25457.6,2.81945e+08
2012-03-11,25477.1,25550.7,25477.1,25491.1,1.96147e+08
2012-03-12,25495.4,25495.8,25300,25300,1.77468e+08
2012-03-13,25271.7,25271.7,25246.3,25265.3,1.76486e+08
2012-03-14,25267.5,25481.5,25267.5,25481.5,1.71484e+08
2012-03-17,25446.5,25607.2,25446.5,25607.2,1.41397e+08
2012-03-18,25607.7,25905.6,25607.7,25905.6,4.07127e+08
2012-03-24,25929.7,26280.5,25929.7,26280.5,1.83517e+08
2012-03-25,26281.9,26513,26281.9,26502.3,1.65925e+08
2012-03-26,26516.4,26522.6,26408.7,26408.7,1.05143e+08
2012-03-27,26425.7,26538.9,26425.7,26533,1.01617e+08
2012-03-28,26530.8,26576.2,26530.8,26576.2,1.3917e+08
2012-04-02,26577.4,26621.1,26484.8,26484.8,1.16396e+08
2012-04-03,26499.8,26502.8,26327,26327,1.88735e+08
2012-04-04,26323.6,26358,26300.3,26300.3,1.1445e+08
2012-04-07,26315.9,26430,26315.9,26383.4,2.26688e+08
2012-04-08,26383.7,26523.1,26383.7,26491.8,2.93591e+08
2012-04-09,26500,26519.3,26482.6,26482.6,1.49268e+08
2012-04-10,26456.7,26682.6,26456.7,26664.1,2.12225e+08
2012-04-11,26679,26757.8,26674.9,26757.8,1.99182e+08
2012-04-14,26766.4,26896.8,26766.4,26896.8,1.42363e+08
2012-04-15,26897,27281.2,26897,27281.2,2.57099e+08
2012-04-16,27411.8,27411.8,27245.2,27245.6,2.58225e+08
2012-04-17,27245.7,27245.7,27178.6,27185.6,1.69741e+08
2012-04-18,27200,27282.3,27200,27259.9,2.0947e+08
2012-04-21,27262,27303.9,27211.7,27211.7,1.40531e+08
2012-04-22,27210.4,27214.9,27169.3,27169.3,9.18289e+07
2012-04-23,27170.6,27199.7,27085.3,27085.3,1.36035e+08
2012-04-24,27085.2,27155.3,27085.2,27129.9,1.61066e+08
2012-04-28,27135.6,27135.6,27010.1,27010.1,2.70206e+08
2012-04-29,27011.6,27019.9,26953.8,26953.8,2.31275e+08
2012-04-30,26953.6,26961.4,26953.4,26960,1.12087e+08
2012-05-01,26975.7,26975.7,26948.9,26969.8,1.49479e+08
2012-05-02,26968.2,26976.2,26951.8,26964.8,2.73188e+08
2012-05-05,26991.9,27039.1,26935.7,26935.7,2.92547e+08
2012-05-06,26934.6,26950.9,26932.1,26932.2,3.66847e+08
2012-05-07,26919,26931.1,26886.3,26886.3,4.76622e+08
2012-05-08,26886.1,26897.7,26870.5,26870.5,2.10012e+08
2012-05-09,26888.3,26903.5,26871.9,26871.9,2.34285e+08
2012-05-12,26871.8,26896,26743.4,26743.8,1.18201e+08
2012-05-13,26784.5,26796.6,26657,26658,1.12473e+08
2012-05-14,26657.5,26716.7,26657.5,26715.2,1.6605e+08
2012-05-15,26728.8,26731.2,26677.2,26677.3,1.72785e+08
2012-05-16,26683.6,26688.4,26652.5,26652.6,9.4259e+07
2012-05-19,26662.2,26675.8,26651.6,26652.1,1.16886e+08
2012-05-20,26656.8,26681,26656.8,26667.7,1.03406e+08
2012-05-21,26667.3,26845.8,26667.3,26845.8,2.6158e+08
2012-05-22,26845,26912.7,26845,26912.7,1.39488e+08
2012-05-23,26925.3,27091.2,26925.3,27091.2,1.62157e+08
2012-05-26,27092.8,27092.8,26909.3,26909.5,1.53734e+08
2012-05-27,26910,26928.3,26905,26905,1.44018e+08
2012-05-28,26904.8,26919.1,26848.7,26848.7,1.51864e+08
2012-05-29,26851.9,26856.1,26803.6,26803.6,1.25277e+08
2012-05-30,26804,26819,26755.8,26755.9,1.37849e+08
2012-06-02,26756.4,26760.5,26734.6,26735.4,1.80531e+08
2012-06-05,26737.3,26749.4,26693,26693,1.93261e+08
2012-06-06,26691.7,26691.7,26623,26635.6,1.01626e+08
2012-06-09,26635.1,26635.1,26365.1,26365.2,1.97687e+08
2012-06-10,26364.9,26364.9,26264.8,26264.8,2.01315e+08
2012-06-11,26269.2,26412.1,26269.2,26411.8,1.49189e+08
2012-06-12,26420.9,26444.9,26420.9,26440.5,1.74436e+08
2012-06-13,26429.5,26439.1,26423.5,26439.1,1.36245e+08
2012-06-16,26437.4,26439.5,26406.7,26406.7,7.96966e+07
2012-06-17,26408.2,26408.2,26325.5,26325.5,6.18271e+07
2012-06-19,26326.2,26326.2,26291.8,26291.8,6.2353e+07
2012-06-20,26290.4,26290.4,26165.9,26165.9,1.01394e+08
2012-06-23,26161.3,26161.3,25938.1,25938.1,1.32323e+08
2012-06-24,25901.9,25901.9,25681,25681.1,1.8745e+08
2012-06-25,25685.7,25686.3,25558.3,25558.4,2.57899e+08
2012-06-26,25546.6,25546.6,25325,25325,1.22901e+08
2012-06-27,25261.2,25261.2,25054.6,25054.6,2.20165e+08
2012-06-30,25053.7,25170.7,25053.7,25170.7,8.54222e+07
2012-07-01,25187.4,25227.2,25183.6,25227.2,1.55028e+08
2012-07-02,25260.4,25345.6,25260.4,25345.5,1.88262e+08
2012-07-03,25345.4,25450.8,25345.4,25438,3.03155e+08
2012-07-04,25463.8,25467.5,25416.9,25428.5,1.67408e+08
2012-07-07,25433.3,25462.5,25433.3,25445.5,9.76035e+07
2012-07-08,25412.1,25486.7,25352.9,25354.3,1.74226e+08
2012-07-09,25362.5,25372.8,25279.2,25279.2,1.25376e+08
2012-07-10,25280.1,25307.9,25275.2,25307.5,1.51194e+08
2012-07-11,25322.8,25430.8,25322.8,25388.1,4.9292e+08
2012-07-14,25381.3,25445,25381.3,25431.5,1.36569e+08
2012-07-15,25433.3,25449.8,25296.1,25296.1,2.82941e+08
2012-07-16,25292.9,25292.9,25159.7,25159.7,1.97708e+08
2012-07-17,25155.3,25155.3,25021.3,25021.3,5.72035e+08
2012-07-18,25021,25039.2,25013.5,25039.2,6.77123e+07
2012-07-21,25044.9,25050.4,25021.2,25021.2,6.1625e+07
2012-07-22,25024.7,25024.7,24996,24996,8.40805e+07
2012-07-23,24996.8,25039.2,24995.7,25029.5,9.00787e+07
2012-07-24,25035.1,25120.8,25035.1,25094.3,9.53325e+07
2012-07-25,25099.3,25117.6,25088.8,25088.8,1.86844e+08
2012-07-28,25103.2,25103.2,25023.3,25023.3,1.17975e+08
2012-07-29,25022.5,25022.5,24747.4,24747.4,1.01382e+08
2012-07-30,24727.7,24727.7,24550.4,24550.4,1.0108e+08
2012-07-31,24547.3,24584,24546.6,24584,1.22133e+08
2012-08-01,24581.7,24588.2,24546.7,24546.7,1.3431e+08
2012-08-04,24544.5,24544.5,24332.6,24332.6,1.14137e+08
2012-08-05,24304.5,24304.5,24108.5,24108.5,1.37217e+08
2012-08-06,24105.2,24115.4,24001,24001,3.66034e+08
2012-08-07,23997.3,23998.8,23854.6,23855.1,2.47977e+08
2012-08-08,23852.1,23852.1,23767.5,23787.3,2.03741e+08
2012-08-11,23793.7,23957.2,23793.7,23957.2,7.97338e+07
2012-08-12,24008.5,24031.7,24008.5,24024.2,1.67818e+08
2012-08-13,24054.6,24055.5,24045.8,24049.7,1.15312e+08
2012-08-14,24061.7,24102.2,24061.7,24102.1,8.39654e+07
2012-08-15,24105.9,24125.3,24105.9,24125.3,6.39653e+07
2012-08-18,24126.8,24144.7,24126.8,24144.7,5.13675e+07
2012-08-19,24144.7,24144.7,24144.7,24144.7,0
2012-08-21,24165.5,24279.1,24165.5,24279.1,6.6576e+07
2012-08-22,24299,24340.4,24299,24339.2,3.53484e+08
2012-08-25,24363.5,24528.2,24363.5,24523.2,2.76204e+08
2012-08-26,24566.4,24589.3,24554.8,24586.5,2.07802e+08
2012-08-27,24609.5,24653,24599.9,24649,1.96026e+08
2012-09-02,24662.3,24730.1,24662.3,24730.1,1.17966e+08
2012-09-03,24729.5,25055.1,24729.5,25055,1.97031e+08
2012-09-04,25031.8,25384,25031.8,25384,2.31914e+08
2012-09-05,25373.1,25664.4,25373.1,25659.9,4.06315e+08
2012-09-08,25658,25810.4,25658,25791.9,2.65418e+08
2012-09-09,25794.6,25794.7,25569,25569.2,2.06728e+08
2012-09-10,25582.4,25735.1,25574.4,25735.1,2.24873e+08
2012-09-11,25735.5,25902.7,25735.5,25889.2,2.71169e+08
2012-09-15,25888.2,26285.4,25888.2,26283.7,3.05495e+08
2012-09-16,26282.6,26315.9,26217.2,26217.2,2.52453e+08
2012-09-17,26221.9,26470.6,26221.9,26470.6,4.04906e+08
2012-09-18,26433,26583.3,26433,26556.9,3.70999e+08
2012-09-19,26587.8,26597.8,26514.5,26514.5,6.3384e+08
2012-09-22,26519.4,26875.4,26519.4,26875.3,4.85549e+08
2012-09-23,26884.2,27139.4,26884.2,27127.1,4.48532e+08
2012-09-24,27126.6,27126.6,27059.2,27080.7,2.66006e+08
2012-09-25,27102,27440.1,27102,27440.1,3.10905e+08
2012-09-26,27445.6,28132.2,27445.6,28132.2,5.14012e+08
2012-09-29,28134.1,28828.7,28134.1,28828.7,3.83605e+08
2012-09-30,28832.4,29287.6,28832.4,29207.1,5.88375e+08
2012-10-01,29230.5,29230.5,28788.8,28788.8,3.43335e+08
2012-10-02,28795.7,28795.7,28591.6,28667.1,3.96788e+08
2012-10-03,28817.4,29123.4,28817.4,29098.5,5.42133e+08
2012-10-06,28817.4,29062.3,28789.5,28862.9,3.18096e+08
2012-10-07,28864.9,28927.8,28858.6,28858.6,2.69904e+08
2012-10-08,28895.6,29014.1,28895.6,29014.1,5.29434e+08
2012-10-09,29040.8,29074.9,29032.5,29032.5,5.24482e+08
2012-10-10,29030.4,29034.4,28845.7,28845.7,1.82298e+08
2012-10-13,28832.2,28832.2,28557.9,28557.9,1.33842e+08
2012-10-14,28553.6,28656.1,28532,28656.1,2.47166e+08
2012-10-15,28710.4,29018.1,28710.4,28981.3,2.56026e+08
2012-10-16,28953.4,29266.6,28953.4,29248.2,3.41399e+08
2012-10-17,29248.2,29502.5,29248.2,29502,2.73078e+08
2012-10-20,29501,29996.4,29501,29992.6,3.21635e+08
2012-10-21,29993.6,30247.6,29993.6,30211.4,5.27956e+08
2012-10-22,30245.6,30703.1,30245.6,30671.6,5.02747e+08
2012-10-23,30664.7,30681.1,30615.7,30615.7,2.99258e+08
2012-10-24,30594.2,30749.6,30594.2,30749.3,5.3411e+08
2012-10-27,30751.8,31131.4,30751.8,31121.7,4.28215e+08
2012-10-28,31117.4,31205,31117.4,31160.1,3.47758e+08
2012-10-29,31207.8,31234.8,31198.4,31221.5,3.53044e+08
2012-10-30,31272.4,31435.5,31272.4,31331.6,5.04778e+08
2012-10-31,31330.2,31330.2,31082,31082.4,2.19726e+08
2012-11-04,31102.4,31298.5,31100.9,31205.2,2.2223e+08
2012-11-05,31166.9,31166.9,30736.6,30736.6,2.36812e+08
2012-11-06,30749,30965.4,30749,30940.3,2.73903e+08
2012-11-07,30940.5,31282.9,30940.5,31282.9,2.82598e+08
2012-11-10,31284.1,31355.6,31149.8,31220.1,2.20179e+08
2012-11-11,31218.4,31218.4,31015.6,31015.6,2.99723e+08
2012-11-12,31008.6,31009.5,30969.2,30978.8,3.56836e+08
2012-11-13,31025,31215,31025,31215,2.87882e+08
2012-11-14,31255.1,31370.2,31255.1,31336.4,4.09377e+08
2012-11-17,31350.8,31388.6,31260.3,31260.3,2.99553e+08
2012-11-18,31259.2,31342,31259.2,31271.2,2.8575e+08
2012-11-19,31291,31291,31096.5,31096.5,4.56981e+08
2012-11-20,31097.8,31140.9,31085.4,31140.9,2.22579e+08
2012-11-21,31175.6,31259.5,31175.6,31259.5,2.09314e+08
2012-11-26,31264.3,31608.9,31264.3,31608.9,2.39197e+08
2012-11-27,31608.3,32018.4,31608.3,32018.1,4.0334e+08
2012-11-28,32017.6,32340.5,32017.6,32339.5,4.23586e+08
2012-12-01,32339.1,32742.4,32339.1,32741.5,4.6808e+08
2012-12-02,32737.6,33189.2,32737.6,33113.5,5.88319e+08
2012-12-03,33114.1,33114.1,33015.1,33015.7,3.90801e+08
2012-12-04,33016.9,33131,33016.9,33073.4,4.58747e+08
2012-12-05,33096.1,33282,33096.1,33282,5.03067e+08
2012-12-08,33297,33716.2,33297,33659.9,4.13404e+08
2012-12-09,33662.3,33662.4,33544,33612.6,6.40394e+08
2012-12-10,33612.7,33865.9,33612.7,33760.8,5.3688e+08
2012-12-11,33799.4,33921.7,33799.4,33889.4,2.80341e+08
2012-12-12,33914,33920.7,33687,33687,2.87544e+08
2012-12-15,33718,33968.7,33718,33949.3,4.43478e+08
2012-12-16,33947,34090.9,33947,34090.9,4.51527e+08
2012-12-17,34090.3,34669.5,34090.3,34669.5,6.0683e+08
2012-12-18,34887.4,35106.2,34887.4,35106.2,4.63021e+08
2012-12-19,35183.5,35775.9,35183.5,35760.3,3.50457e+08
2012-12-22,35877.6,36040.5,35798.7,36040.5,4.97342e+08
2012-12-23,36039.8,36829.3,36039.8,36829.3,9.0989e+08
2012-12-24,37105.2,37530.7,37105.2,37530.7,4.078e+08
2012-12-25,37728.9,37746.4,37364.7,37366.4,5.88162e+08
2012-12-26,37414,37850.9,37396.9,37798.8,4.55143e+08
2012-12-29,37799.2,37918.1,37622.4,37622.4,3.46526e+08
2012-12-30,37614.3,37614.3,37088.9,37116.3,2.80918e+08
2012-12-31,37295.7,37860.6,37295.7,37860.6,3.41671e+08
2013-01-01,37861.6,38091.7,37861.6,37987,2.61864e+08
2013-01-02,37987.4,37987.4,37648.5,37648.5,2.66292e+08
2013-01-06,37646.6,37650.5,37059,37059,1.62569e+08
2013-01-07,37060,37077,37014.9,37077,1.94713e+08
2013-01-08,37098.1,37315,37098.1,37314.9,2.37485e+08
2013-01-09,37323.2,37441.5,37323.2,37441.5,2.07766e+08
2013-01-13,37436,37827.4,37436,37786.2,3.17016e+08
2013-01-14,37892.6,38110.9,37892.6,38082.8,3.80217e+08
2013-01-15,38208.6,38402.9,38208.6,38322.5,3.88355e+08
2013-01-16,38312.9,38345.1,38220,38343.6,2.32172e+08
2013-01-19,38146.1,38146.1,37898.8,37898.8,1.91576e+08
2013-01-20,37835.1,37835.1,37627.5,37627.5,1.82056e+08
2013-01-21,37628.5,37639,37284,37284,2.16886e+08
2013-01-22,37193.6,37193.6,36594,36594,2.50268e+08
2013-01-23,37193.6,37257.1,36771.6,37233.7,3.07607e+08
2013-01-26,37404,37437.9,37404,37409.4,2.65121e+08
2013-01-27,37230.2,37404.6,36723.2,36723.3,4.55642e+08
2013-01-28,36723.3,36723.3,36616.9,36674.7,2.08387e+08
2013-01-30,36668.4,36684.4,36544.7,36554.9,1.69132e+08
2013-02-02,36570.3,36813.1,36570.3,36801.4,2.72469e+08
2013-02-03,36812.6,36812.6,36755.5,36761.1,2.92818e+08
2013-02-04,36724.1,36724.1,36447,36447,2.84899e+08
2013-02-05,36455.4,36516.2,36454.8,36505.6,3.06253e+08
2013-02-06,36528.5,36913.3,36528.5,36913.3,3.35685e+08
2013-02-09,36961.9,38209.5,36961.9,38205.4,3.14044e+08
2013-02-11,38240.4,38394.3,38240.4,38394.3,3.83595e+08
2013-02-12,38497,38711.7,38497,38640.1,4.3013e+08
2013-02-13,38716.2,38716.2,38576.9,38611.4,1.66682e+08
2013-02-16,38649.8,38707.1,38646.6,38655,4.53832e+08
2013-02-17,38698.2,38758,38698.2,38710.3,2.25909e+08
2013-02-18,38745.1,38824.8,38739.4,38739.4,2.84506e+08
2013-02-19,38764.3,38764.3,38550.8,38550.8,2.14474e+08
2013-02-20,38556.9,38620.1,38479.2,38479.2,2.26102e+08
2013-02-23,38522.5,38522.5,38325.8,38325.8,2.21553e+08
2013-02-24,38327.7,38385.5,37931.1,37931.1,3.76743e+08
2013-02-25,37910.9,37910.9,37350.6,37350.6,2.64902e+08
2013-02-26,37351,37573.8,37314.4,37573.7,2.77203e+08
2013-02-27,37588.6,37822.1,37588.6,37811.6,4.83959e+08
2013-03-02,37803.3,37813.3,37437.2,37437.2,2.01322e+08
2013-03-03,37439.5,37439.5,37133.6,37156.1,3.96252e+08
2013-03-04,37168.7,37206.6,37135.9,37135.9,2.49341e+08
2013-03-05,37210.8,37227.7,36950.6,36950.6,2.95411e+08
2013-03-06,36942,36963.2,36925.1,36925.1,1.81399e+08
2013-03-09,36925.4,36925.4,36585.5,36585.5,2.16355e+08
2013-03-10,36588.8,37115.9,36585.7,37101,2.61404e+08
2013-03-11,37178.2,37244,37144.6,37193.6,3.86338e+08
2013-03-12,37193.3,37268.4,37137.7,37268.4,2.25737e+08
2013-03-13,37408.5,37998.7,37408.5,37998.7,5.23357e+08
2013-03-16,38047.2,38126.4,37854.8,37854.8,8.74079e+08
2013-03-17,37734.7,37734.7,37514,37516.1,7.01691e+08
2013-03-18,37527.5,38040.8,37527.5,38040.8,4.39529e+08
2013-03-25,38074.8,38602.6,38074.8,38602.6,1.49631e+08
2013-03-26,38707.2,39351.1,38707.2,39351.1,1.22776e+08
2013-03-27,39563.3,39744.5,39563.3,39741.8,1.27225e+08
2013-03-30,39821.6,39824.1,39688.2,39714.9,1.291e+08
2013-03-31,39742.6,39990.2,39742.6,39990.2,1.25463e+08
2013-04-03,40020.8,40151.4,40015.1,40151.1,2.08019e+08
2013-04-06,40199.6,40282.5,40134.2,40134.3,2.05776e+08
2013-04-07,40119.4,40119.4,39915.6,39915.6,1.68859e+08
2013-04-08,40071.9,40142.2,40066.2,40068,2.05064e+08
2013-04-09,40282.7,40615.1,40282.7,40606.6,2.17403e+08
2013-04-10,40615.4,40615.4,40533,40533,2.42394e+08
2013-04-13,40546.5,40548.3,40255.1,40255.1,2.15319e+08
2013-04-15,40274.8,40621,40274.8,40621,1.98395e+08
2013-04-16,40649.7,40871.9,40639.5,40834.9,3.07711e+08
2013-04-17,40968.7,41024.8,40747.6,40747.6,2.90816e+08
2013-04-20,40748.9,40908.7,40550.7,40550.8,2.70879e+08
2013-04-21,40550.4,40557.6,40396.3,40506,2.51141e+08
2013-04-22,40506.7,41133,40506.7,41133,2.23603e+08
2013-04-23,41134.3,41583.8,41134.3,41583.8,2.5579e+08
2013-04-24,41701.4,42056.5,41701.4,42052.4,3.21066e+08
2013-04-27,42054.6,42360.7,42054.6,42334.2,2.83863e+08
2013-04-28,42499.5,42596,42499.5,42507.7,3.10958e+08
2013-04-29,42509.6,43192.3,42509.6,43192.3,3.14398e+08
2013-04-30,43290.1,44069.3,43290.1,43994.3,3.63996e+08
2013-05-01,43999.7,44537.1,43999.7,44537.1,4.54881e+08
2013-05-04,44892.1,45032.7,44892.1,44993.5,3.80265e+08
2013-05-05,45033.2,45068.6,44897.1,44897.9,4.13777e+08
2013-05-06,44903.3,44957.3,44815.1,44943.7,4.56497e+08
2013-05-07,44952.4,45025.1,44707.2,44707.4,2.09188e+08
2013-05-08,44909.6,44909.6,44683.9,44683.9,3.79914e+08
2013-05-11,44602.8,45091.5,44582.1,45091.4,3.1821e+08
2013-05-12,45480.9,45792.3,45480.9,45512.7,4.45991e+08
2013-05-13,45512.9,45512.9,44963.3,44963.3,2.38771e+08
2013-05-14,44826.8,44826.8,44129,44129,1.90727e+08
2013-05-15,44297.7,44392.9,43864.2,43864.3,3.16517e+08
2013-05-18,43864.3,43864.3,43300.9,43301,1.19735e+08
2013-05-19,43302.7,43302.7,42733.8,42795.5,2.60959e+08
2013-05-20,42851.3,43055.1,42851.3,43047.3,1.72639e+08
2013-05-21,43074.1,43074.2,42839.2,42855.7,1.83767e+08
2013-05-22,42777.6,42777.6,42631.6,42777.2,2.12369e+08
2013-05-25,42837.6,43485.2,42837.6,43485.2,1.64251e+08
2013-05-26,43486.2,43910.8,43486.2,43910.7,2.34947e+08
2013-05-27,44013.9,44182.2,44013.9,44107.4,3.18132e+08
2013-05-28,44268.2,44470.7,44264.9,44470.7,2.2875e+08
2013-05-29,44622.6,45162.2,44622.6,45162.2,3.85622e+08
2013-06-01,45247.5,45257.7,44925.8,44945.1,3.77193e+08
2013-06-02,44981,45247.8,44974.9,45247.8,3.47949e+08
2013-06-03,45309.8,45590.1,45309.8,45590,4.60653e+08
2013-06-08,45673,45689.7,45488.2,45488.2,2.3564e+08
2013-06-09,45487.9,45487.9,45199.1,45199.1,1.90095e+08
2013-06-10,45180.8,45209.6,45110.7,45206.5,3.38835e+08
2013-06-11,45212.7,45553.4,45212.7,45553.4,2.74349e+08
2013-06-12,45706.8,45740.3,45670.7,45671.9,3.08118e+08
2013-06-15,45951.2,46623.6,45951.2,46623,4.57936e+08
2013-06-16,46902.3,47820.1,46902.3,47817.9,5.89163e+08
2013-06-17,48122,48333.3,48025.2,48333.3,6.16303e+08
2013-06-18,48526.1,48795.3,48526.1,48783,1.8974e+09
2013-06-19,48884,48930.4,48876.9,48916.7,1.20057e+09
2013-06-22,48902.8,49088.8,48539.3,48539.3,6.6605e+08
2013-06-23,48575.3,48751.1,48575.3,48631.1,8.78953e+08
2013-06-25,48651.8,48651.8,48576.3,48634,4.76878e+08
2013-06-26,48718.5,49427.4,48718.5,49427.4,4.00178e+08
2013-06-29,49714,50471.1,49714,50471.1,5.24636e+08
2013-06-30,50599.5,51321.3,50599.5,51321.3,6.67835e+08
2013-07-01,51585.1,52244.1,51585.1,52244.1,1.0264e+09
2013-07-02,52317.4,52317.4,51846.3,51846.3,9.99525e+08
2013-07-03,51942.8,52735.3,51942.8,52735.2,7.38828e+08
2013-07-06,52747.5,54294.8,52747.5,54289.7,1.11219e+09
2013-07-07,54784.7,54895.4,54678.4,54768.6,1.11357e+09
2013-07-08,54816.6,54816.6,54616,54616,6.93232e+08
2013-07-09,54661.6,54677.1,54534.2,54534.2,6.05359e+08
2013-07-10,54667.1,55108.8,54667.1,55069.7,6.9669e+08
2013-07-13,55070.8,55202.9,54743.6,54744,1.03929e+09
2013-07-14,54697.1,54697.1,54298.7,54298.7,4.86788e+08
2013-07-15,54312.7,54552,54312.7,54509.3,5.48869e+08
2013-07-16,54538.2,54558.3,54235.6,54235.9,7.39513e+08
2013-07-17,54234.7,54433.7,54234.7,54433.6,5.8004e+08
2013-07-20,54550.2,54872.3,54550.2,54872.3,5.65899e+08
2013-07-21,55097.4,55211.6,55089.9,55101,5.25294e+08
2013-07-22,55175.4,55354.9,55175.4,55329.3,4.83178e+08
2013-07-23,55578.3,55942.4,55564.1,55942.4,7.28481e+08
2013-07-24,55943.8,56426.3,55943.8,56426.3,6.12933e+08
2013-07-27,56428.4,56563.6,56290.3,56290.3,5.73727e+08
2013-07-28,56292.1,56551.9,56100.3,56551.9,5.31117e+08
2013-07-29,56549.1,57070.2,56328.1,56400.2,6.90507e+08
2013-07-31,56542.6,57168.2,56542.6,57168.2,5.9298e+08
2013-08-03,57166.3,57648.6,57166.3,57397.2,9.34577e+08
2013-08-04,57397.1,57492.2,57264.4,57264.4,5.7899e+08
2013-08-05,57267.5,57677.5,57267.5,57415.9,7.32343e+08
2013-08-06,57526,57730.7,57526,57674.8,6.59966e+08
2013-08-07,57898.1,58206.5,57898.1,58142.6,6.13738e+08
2013-08-11,58383.7,58889.9,58383.7,58889.9,4.41386e+08
2013-08-12,59131.7,59622.5,59131.7,59608.5,4.86386e+08
2013-08-13,59606.9,59970.9,59606.9,59754.8,1.0578e+09
2013-08-14,59703.1,59703.1,59562.3,59610.2,9.14136e+08
2013-08-17,59963,60537,59963,60410.3,6.81394e+08
2013-08-18,60466.2,60466.2,59938.6,59938.6,7.37326e+08
2013-08-19,59907.4,60129.2,59907.4,60052.2,5.62315e+08
2013-08-20,60052.5,60052.5,59568,59568,4.6241e+08
2013-08-21,59497.9,59497.9,59281.5,59281.6,4.883e+08
2013-08-24,59345.6,59596.8,59345.6,59552.8,4.73706e+08
2013-08-25,59551.7,61389.3,59551.7,61163.5,6.18476e+08
2013-08-26,61044.1,61044.1,60675.1,60675.7,5.44594e+08
2013-08-27,60479.5,60749.9,60002.4,60002.4,7.72596e+08
2013-08-28,59461.2,59461.2,58727.3,58727.3,2.2546e+08
2013-08-31,58586.2,58586.2,58498.6,58561,2.75724e+08
2013-09-01,58509.5,59061.4,58505.4,59057,3.54977e+08
2013-09-03,59054.7,59233.8,58953.3,58962.9,3.40811e+08
2013-09-04,58833.1,58833.1,58146.1,58146.1,1.12005e+08
2013-09-07,58013.4,58013.4,57491.6,57491.6,1.36266e+08
2013-09-08,57274,57274,57168.5,57198.1,2.92889e+08
2013-09-09,57180.9,57215.5,57031.5,57035.4,2.605e+08
2013-09-10,57319.6,58190.4,57319.6,58190.4,4.86245e+08
2013-09-11,58183.1,59164.6,58183.1,59164.6,5.51549e+08
2013-09-14,59155.5,59254.9,59022.5,59117.4,3.18067e+08
2013-09-15,59238.2,59466.2,59238.2,59401.5,3.99622e+08
2013-09-16,59409.1,59464.9,59320.9,59347.7,3.57901e+08
2013-09-17,59569,60075.3,59569,60056.4,3.14839e+08
2013-09-18,60055.2,60964.1,60055.2,60964.1,4.60858e+08
2013-09-21,60987.9,62053.5,60987.9,62053.2,6.77536e+08
2013-09-22,62110,62110,61622.1,61707.2,6.74671e+08
2013-09-23,61704.9,62904.8,61704.9,62904.8,7.69162e+08
2013-09-24,62976.1,63284.6,62976.1,63010.2,8.41871e+08
2013-09-25,63016.7,63461.4,63003.3,63455.3,7.20729e+08
2013-09-28,63456.7,64695.4,63456.7,64695.4,7.67902e+08
2013-09-29,64696.9,65328.8,64696.9,65328.8,8.5654e+08
2013-09-30,65327.1,65811,65327.1,65720,6.07501e+08
2013-10-01,65720.5,66350,65720.5,66350,7.41821e+08
2013-10-02,66467.9,66620.4,66461.7,66506.3,5.42221e+08
2013-10-05,66607.2,66684,66607.2,66662.5,5.1318e+08
2013-10-06,66663.3,67064,66663.3,66997.7,5.89896e+08
2013-10-07,67002.2,67019.6,66889.9,67019,6.54977e+08
2013-10-08,67024.8,67508.9,67024.8,67505.3,1.14862e+09
2013-10-09,67653,68486.4,67653,68461.5,1.47046e+09
2013-10-12,68782.4,69703.5,68782.4,69703.5,1.1987e+09
2013-10-13,69703.7,71060.8,69703.7,70951.5,1.31455e+09
2013-10-14,71068.1,71522,70977,71471.8,7.48958e+08
2013-10-15,71913.6,72766.6,71913.6,72766.5,6.2409e+08
2013-10-19,72770.1,74519,72770.1,74400.2,1.10976e+09
2013-10-20,73930.1,73930.1,73145.1,73335.6,5.83253e+08
2013-10-21,73533.4,73760.2,73533.4,73636.1,5.36697e+08
2013-10-22,73498.4,73498.4,72997.7,72997.7,5.74222e+08
2013-10-23,72742,73031.3,72723,73030.7,6.1108e+08
2013-10-26,73291.9,73853.1,73291.9,73549.8,6.13299e+08
2013-10-27,73535.9,73535.9,72201,72201,6.77438e+08
2013-10-28,72222.3,72236.2,71866.9,72215,5.02842e+08
2013-10-29,72400.5,73245.8,72400.5,73167.4,7.85223e+08
2013-10-30,73292.7,73614.7,73292.7,73553.2,8.33299e+08
2013-11-02,73807.9,73847.9,73490.4,73504.8,8.34253e+08
2013-11-03,73589.3,73988.5,73589.3,73766.2,6.82508e+08
2013-11-04,73735.2,73760.2,73558.8,73733.6,6.27098e+08
2013-11-05,73798,74438.1,73798,74438.1,5.76185e+08
2013-11-06,74435.9,75868.9,74435.9,75868.9,7.06538e+08
2013-11-09,76335.3,76990,76335.3,76959.9,7.35886e+08
2013-11-10,76928,77318.8,76537.7,77118.9,7.04148e+08
2013-11-11,77210.8,77316.3,76895.9,76895.9,6.61257e+08
2013-11-12,76874.5,76932.9,76755.5,76932.9,5.7831e+08
2013-11-16,77117.4,77683.2,77117.4,77673,7.68557e+08
2013-11-17,77674.8,77903.1,77214.1,77214.2,7.14995e+08
2013-11-18,77192.6,77351.5,76994.8,77328.1,6.01618e+08
2013-11-19,77417.3,78192.9,77417.3,78142,6.30724e+08
2013-11-20,78143.3,78536.9,78143.3,78424.1,8.26011e+08
2013-11-23,78424.9,79157.4,78424.9,78874.5,8.77836e+08
2013-11-24,79401.4,80022.4,79401.4,80022.2,7.89658e+08
2013-11-25,80635.3,81257.8,80635.3,81186.8,1.66779e+09
2013-11-26,81422.2,81764.5,81398.8,81549.5,1.17907e+09
2013-11-27,81550.2,82186,81550.2,82129.8,1.35013e+09
2013-11-30,82145.7,83572.5,82145.7,83572.5,1.1819e+09
2013-12-01,84047.2,84675.2,84047.2,84384.9,1.51511e+09
2013-12-02,84268.1,84268.1,83705.8,83706.5,1.35572e+09
2013-12-03,83871.6,84502.5,83775.5,83775.6,1.31073e+09
2013-12-04,83777.5,84342.3,83777.5,84211.4,1.15452e+09
2013-12-07,84214.7,84808.2,84214.7,84659.4,8.37469e+08
2013-12-08,84759.7,85211.9,84684.3,85149.9,1.35843e+09
2013-12-09,85863.7,86095.2,85586.3,85310.4,1.11649e+09
2013-12-10,85531.1,86011.6,85464,85962.2,1.08601e+09
2013-12-11,86103.9,86662.4,86103.9,86511.2,1.18042e+09
2013-12-14,86198,86198,85691,85691.1,1.10308e+09
2013-12-15,85856.6,87065.6,85856.6,87024.1,1.20401e+09
2013-12-16,87004.2,88205.5,87004.2,88112.5,1.43296e+09
2013-12-17,88195.5,88201.9,87646.1,87646.1,1.2624e+09
2013-12-18,87750,88163.6,87726.2,87726.2,1.34017e+09
2013-12-21,87811.5,87902.3,86957.1,86957.1,1.36453e+09
2013-12-22,86937.3,87015.5,86855.7,87015.5,2.06789e+09
2013-12-24,87021.8,88155,87021.8,88113.7,1.47856e+09
2013-12-25,88317.9,88692.6,88190.7,88190.7,1.46017e+09
2013-12-28,88193.3,88449.4,87691.3,87691.7,8.92457e+08
2013-12-29,87752.1,87767.4,87425.2,87425.2,8.36193e+08
2013-12-30,87404.5,87408.5,87403.6,87451.9,1.14469e+09
2014-01-01,87469.6,88177.1,87469.6,88313.4,9.967e+08
2014-01-04,88536,88926.9,88536,88926.7,1.02041e+09
2014-01-05,89149.7,89500.6,89149.7,89500.6,9.75335e+08
2014-01-06,89507.8,89723.6,89355.6,89355.7,1.07809e+09
2014-01-07,89477.4,89532.1,88749.2,88749.3,9.20036e+08
2014-01-08,88714.6,88716.8,88069,88069,1.02947e+09
2014-01-11,88086.8,88086.8,87792.7,87792.7,7.02286e+08
2014-01-12,87759.9,87759.9,85404.1,85404.1,7.59523e+08
2014-01-13,85779.4,87112.9,85779.4,87112.9,8.53215e+08
2014-01-14,87514,87514,87502.4,87102.6,1.36134e+09
2014-01-15,86599.3,86599.3,85296.7,85700.6,5.89043e+08
2014-01-18,85572.5,85572.5,84973.1,84973.2,9.49368e+08
2014-01-20,84842,84842,83641.5,83641.5,4.09374e+08
2014-01-21,83496.2,83942,83252.4,83252.4,5.42164e+08
2014-01-22,83163.9,83163.9,82028.7,82028.8,3.49995e+08
2014-01-25,81981.6,82683.9,81923.3,82670.3,5.46266e+08
2014-01-26,82669.8,82745.2,81893.9,81905.6,3.83219e+08
2014-01-27,81803.8,81803.8,80789.2,80861.4,4.66097e+08
2014-01-28,80932.2,81682.8,80932.2,81644.4,8.03567e+08
2014-01-29,81713.6,82798,81713.6,82797.7,6.90865e+08
2014-02-01,82970.5,84164.8,82970.5,84164.7,6.53856e+08
2014-02-02,84414.6,84414.7,83606.5,83606.5,6.68127e+08
2014-02-03,83588.2,83588.2,83157.1,83165,5.28396e+08
2014-02-04,83188.5,83295.5,83147.5,83170.6,4.46731e+08
2014-02-05,83086.2,83086.2,82212.4,82214.3,3.15262e+08
2014-02-08,82066,82066,81066.8,81066.8,2.85401e+08
2014-02-09,80932.2,81042.2,80932.2,80949.5,1.09579e+09
2014-02-10,80919.5,80931.5,80240.3,80240.3,9.17402e+08
2014-02-12,80120.3,80120.3,79134.4,79136.6,1.9251e+08
2014-02-15,79089.1,79162.5,79087.5,79153.1,2.12192e+08
2014-02-16,79160.2,79769.2,79160.2,79769.2,3.31878e+08
2014-02-17,79892.2,80686.3,79892.2,80603,4.99577e+08
2014-02-18,80559.8,80559.8,80264.4,80435.7,2.81531e+08
2014-02-19,80448.5,80988.5,80448.5,80986.5,3.16887e+08
2014-02-22,81008,81332.4,81008,81325,2.69222e+08
2014-02-23,81393.1,81399.2,81168.5,81281.6,2.71884e+08
2014-02-24,81257.7,81257.7,80849.6,80849.8,1.79926e+08
2014-02-25,80811.6,80811.6,80087.4,80087.4,2.08456e+08
2014-02-26,80041.8,80041.8,79733.4,79785.5,2.71001e+08
2014-03-01,79915.1,80137.4,79915.1,80105,3.63948e+08
2014-03-02,80113.9,80113.9,79583.8,79584.1,2.11477e+08
2014-03-03,79551.6,79551.6,78518.8,78518.8,2.84657e+08
2014-03-04,78455.6,78455.6,78047.3,78072.6,2.78691e+08
2014-03-05,77992.4,78449.9,77990.9,78447.2,7.19435e+08
2014-03-08,78483.5,78590.9,78231,78231,3.87752e+08
2014-03-09,78197.8,78197.8,77515.6,77515.6,5.21884e+08
2014-03-10,77491.1,77491.1,77218.3,77219.5,5.63634e+08
2014-03-11,77219.7,77219.7,76582.6,76582.7,3.63061e+08
2014-03-12,76571.4,76589,76404.6,76583.4,7.10404e+08
2014-03-15,76653.2,77191.3,76653.2,77191.3,4.08368e+08
2014-03-16,77159.5,77844.1,77159.5,77816.2,1.44817e+09
2014-03-17,78028.7,78642.3,78028.7,78430.8,1.09324e+09
2014-03-18,78424.8,78968.3,78424.8,78968.1,1.14932e+09
2014-03-19,79009.9,79076,79009.9,79015.4,3.0708e+08
2014-03-25,79052.2,79065.2,79008.8,79013.5,3.66838e+08
2014-03-26,79019.5,79019.5,78619.1,78619.4,2.25906e+08
2014-03-29,78615.1,78615.1,78239.7,78239.7,2.328e+08
2014-03-30,78251,78469.2,78251,78469.2,2.11497e+08
2014-03-31,78505.2,78741.3,78505.2,78741.3,3.69775e+08
2014-04-05,78708.2,78797.7,78547.7,78547.7,3.12438e+08
2014-04-06,78574.7,78574.7,77634.7,77634.7,4.41018e+08
2014-04-07,77595.3,77604.2,77418.5,77418.6,2.74411e+08
2014-04-08,77603.7,77940.3,77603.7,77817.5,5.02197e+08
2014-04-09,77810.2,77810.2,77423.9,77423.9,7.22389e+08
2014-04-12,77426.1,77460.5,76501.7,76501.8,3.65958e+08
2014-04-13,76446.2,76446.2,74920.6,74920.7,2.2545e+08
2014-04-14,74764.9,74764.9,73973.4,73973.4,3.07818e+08
2014-04-15,73908.8,73914,73768.8,73847.6,4.34118e+08
2014-04-16,73889.6,74178.2,73889.6,74161.2,3.03394e+08
2014-04-19,74153.8,74153.8,73637.8,73637.8,1.41321e+08
2014-04-20,73725.5,74160,73725.5,74160,2.89223e+08
2014-04-21,74267.5,75035.3,74267.5,75035.3,4.40192e+08
2014-04-22,75293,75773.8,75293,75735.2,4.99651e+08
2014-04-23,75732.6,75980.6,75732.6,75980.5,4.68757e+08
2014-04-26,76144,77404.1,76144,77404.1,4.02011e+08
2014-04-27,77408.6,77977.4,77408.6,77923.6,8.83967e+08
2014-04-28,77916.7,78193.5,77751.9,78131.1,6.50929e+08
2014-04-29,78129.4,78632.2,78129.4,78151.3,5.69481e+08
2014-04-30,78126.9,78212.1,78115.1,78164.3,6.14378e+08
2014-05-03,78233.2,78252.6,77938.9,77939,4.56857e+08
2014-05-04,77882.6,77882.6,77545,77569.2,4.03423e+08
2014-05-05,77642.7,77779.9,77642.7,77763.8,5.30526e+08
2014-05-06,77763.4,77957.9,77717.3,77717.3,7.88148e+08
2014-05-07,77717.5,77790.2,77663.3,77752.4,5.87222e+08
2014-05-10,77804,78014.5,77804,77931,4.30028e+08
2014-05-11,77931.1,77973.6,77733.6,77734.2,4.80956e+08
2014-05-12,77752.1,77826.6,77596.1,77596.4,5.28713e+08
2014-05-14,77646.7,77660.4,77593.1,77610.2,6.38422e+08
2014-05-17,77531.6,77530.9,76894.2,76901.8,5.40567e+08
2014-05-18,76914.2,77066,76905,76987.5,7.24234e+08
2014-05-19,76985.8,77045,76528.9,76528.9,9.99862e+08
2014-05-20,76519.2,76666.6,76504.3,76634.4,6.40952e+08
2014-05-21,76673,76786.1,76673,76767.6,1.09592e+09
2014-05-24,76839,76840.4,76703.9,76703.9,5.8024e+08
2014-05-25,76686.7,76686.7,76394.1,76394.2,4.01486e+08
2014-05-26,76412.8,76412.8,76212,76212,4.55726e+08
2014-05-28,76257,76267,76067.8,76067.8,5.15102e+08
2014-05-31,76093.6,76114.8,75687.1,75687.1,5.2118e+08
2014-06-01,75672.1,75672.1,74543.4,74543.4,5.39404e+08
2014-06-02,74541.1,74756.3,74541.1,74735.9,6.72204e+08
2014-06-03,74829.1,75111.2,74829.1,75102.8,2.69283e+08
2014-06-07,75327.1,75530.4,75327.1,75329.5,2.84729e+08
2014-06-08,75337.6,75443.8,75327.5,75353.5,2.71375e+08
2014-06-09,75407.3,75423.7,75240.5,75240.5,3.10229e+08
2014-06-10,75245.8,75245.8,74836.7,74836.7,7.36509e+08
2014-06-11,74822.2,74822.2,74499.1,74499.1,6.10073e+08
2014-06-14,74494.2,74494.2,73516,73516,2.49225e+08
2014-06-15,73459.4,73459.4,72631.8,72631.8,4.70168e+08
2014-06-16,72645.5,72780,72645.5,72748.8,2.47245e+08
2014-06-17,72801.4,72801.4,72638,72638,2.06408e+08
2014-06-18,72636.9,72873.1,72636.2,72873.1,2.87416e+08
2014-06-21,72927.4,72983.1,72927.4,72969,2.13909e+08
2014-06-22,72985.7,72990.4,72893.9,72900.8,2.33821e+08
2014-06-23,72895.6,72895.6,72544.9,72544.9,2.82098e+08
2014-06-24,72524.6,72524.6,72344.4,72344.4,2.60009e+08
2014-06-25,72454.4,72455.9,72249.9,72249.9,2.74298e+08
2014-06-28,72224.3,72224.3,71662,71662,2.30559e+08
2014-06-29,71603.6,71603.6,70970.2,70970.3,2.50448e+08
2014-06-30,70911.2,70911.2,70341.5,70341.5,2.08115e+08
2014-07-01,70312.4,70423.1,70273.2,70423,2.42357e+08
2014-07-02,70505,70876.6,70505,70876.6,2.25027e+08
2014-07-05,70939.2,72166.8,70939.2,72162.2,2.48113e+08
2014-07-06,72381.6,72416.8,71960.2,71960.2,5.0236e+08
2014-07-07,71952.8,71952.8,71872.4,71916.6,3.65158e+08
2014-07-08,71992.5,73025,71992.5,73025,4.69918e+08
2014-07-09,73019.1,73416.5,73019.1,73416.4,7.14913e+08
2014-07-12,73367.5,73598.2,73367.5,73555.9,4.21369e+08
2014-07-13,73558.1,73572,73226.2,73226.2,4.5361e+08
2014-07-14,73236.3,73359.8,73234.7,73347.4,3.66244e+08
2014-07-15,73364.4,73479.9,73364.4,73457.9,4.04593e+08
2014-07-16,73457.4,73772.1,73457.4,73754.2,5.30559e+08
2014-07-20,73769.8,73801.7,73735.8,73750.2,4.92399e+08
2014-07-21,73758.1,73899.3,73752.5,73890.5,2.6551e+08
2014-07-22,73917.3,74526.1,73917.3,74526.1,3.27655e+08
2014-07-23,74614.2,74904.5,74614.2,74841.6,3.86256e+08
2014-07-26,74879.7,74879.7,74785.5,74840.3,3.26562e+08
2014-07-27,74839.9,74888.1,74824.6,74848,3.84159e+08
2014-07-28,74849.8,74997.7,74849.8,74997.6,3.54812e+08
2014-08-02,75026.4,75028.4,74841,74841,3.35681e+08
2014-08-03,74842.1,74852,74637.4,74637.4,3.99603e+08
2014-08-04,74654.2,74752.2,74654.2,74709.2,3.63706e+08
2014-08-05,74789,74800.8,74683.3,74697.5,3.39223e+08
2014-08-06,74701.1,74706,74613,74613.8,2.90033e+08
2014-08-09,74620.6,74693.5,74398.1,74398.6,2.79422e+08
2014-08-10,74393.7,74431.1,74291.8,74398.9,3.62236e+08
2014-08-11,74490.2,74608.7,74490.2,74547.5,4.80214e+08
2014-08-12,74542.4,74584.2,74454.2,74455.1,3.68128e+08
2014-08-13,74467.5,74468.3,74363,74363,2.9603e+08
2014-08-16,74370.4,74377.9,74051,74051,3.43124e+08
2014-08-17,74072.3,74075.1,73952.3,73952.6,3.16304e+08
2014-08-18,73952.6,73970.5,73906.8,73906.8,3.47796e+08
2014-08-19,73913.5,73919.1,73808.6,73902.6,3.19197e+08
2014-08-20,73915.9,73960.9,73905.7,73905.7,3.54324e+08
2014-08-23,73920.7,74021.7,73868,73868,3.18223e+08
2014-08-24,73874.4,73874.4,73529.5,73529.5,3.16924e+08
2014-08-25,73532.2,73538.6,73457.1,73499.9,3.77382e+08
2014-08-26,73585.5,73629.7,73540.8,73540.9,3.6608e+08
2014-08-27,73556.9,73578.2,73312.2,73312.2,4.48225e+08
2014-08-30,73316.4,73337.8,72941.8,72941.8,3.17317e+08
2014-08-31,72950.5,72962.9,72778.4,72778.4,2.63254e+08
2014-09-01,72786.7,72791,72339.8,72339.8,3.50922e+08
2014-09-02,72338.3,72372.5,72232.4,72232.4,2.88416e+08
2014-09-03,72243.8,72260.5,72121.5,72121.5,2.84286e+08
2014-09-06,72128.6,72128.6,71822.4,71822.4,2.91847e+08
2014-09-07,71827.1,71827.1,71665.4,71665.4,2.60788e+08
2014-09-08,71676.9,71815.3,71676.9,71815.2,3.13656e+08
2014-09-09,71846.1,71959.4,71846.1,71930.1,3.46093e+08
2014-09-10,71941.1,71977.4,71878.7,71925.4,3.10067e+08
2014-09-13,71922.1,71922.1,71445.6,71486,2.75576e+08
2014-09-14,71497.3,71502.7,71386.7,71386.7,2.76658e+08
2014-09-15,71385.6,71427.2,71382.3,71402.3,3.50962e+08
2014-09-16,71410.4,71431.7,71398,71408.3,2.65045e+08
2014-09-17,71410,71506.5,71410,71443.6,2.62419e+08
2014-09-20,71445.5,71454.8,71435.8,71445,1.85155e+08
2014-09-21,71445.5,71562,71445.5,71545.3,3.41014e+08
2014-09-22,71576.5,71692,71576.5,71685.8,3.62561e+08
2014-09-23,71688.4,71732.8,71686.9,71726.5,2.41123e+08
2014-09-24,71752.5,71814,71752.5,71788.1,2.81253e+08
2014-09-27,71798.6,71798.6,71681.4,71702.2,3.05224e+08
2014-09-28,71711,71756.7,71643.7,71643.7,3.16536e+08
2014-09-29,71659.9,71681.1,71637.2,71675.2,2.86924e+08
2014-09-30,71691.1,71715.2,71664,71664,3.06141e+08
2014-10-01,71658,71658.9,71624.8,71640.5,3.02867e+08
2014-10-04,71646.9,71685.1,71646.9,71670.1,2.31403e+08
2014-10-06,71689.4,71831.1,71689.4,71821.5,3.76196e+08
2014-10-07,71835.4,71847.8,71718.8,71718.9,3.84089e+08
2014-10-08,71730,71808.2,71725.7,71783.7,4.10307e+08
2014-10-11,71783.5,71835.7,71759.9,71771.7,3.7235e+08
2014-10-12,71796.3,71831.2,71783.9,71791.5,3.02389e+08
2014-10-14,71817.4,71932.4,71817.4,71893.1,5.07146e+08
2014-10-15,71899.6,72014.7,71899.6,71978.6,4.77171e+08
2014-10-18,71992.9,72044.6,71991.4,72016.5,3.52879e+08
2014-10-19,72042.9,72281,72042.9,72281,5.31193e+08
2014-10-20,72460.4,73550.4,72460.4,73550.4,8.36764e+08
2014-10-21,73622.8,74148.1,73622.8,74109.1,9.84621e+08
2014-10-22,74112.4,74322.7,74112.4,74132.8,9.43707e+08
2014-10-25,74153.7,74282.6,74152,74152,5.92635e+08
2014-10-26,74178.1,74178.1,73940.8,73940.8,5.05603e+08
2014-10-27,73959.1,74048.8,73956.3,73958.9,6.18036e+08
2014-10-28,73974.9,74035.4,73941.4,73967.8,4.9814e+08
2014-10-29,74028.8,74261.1,74028.8,74151.1,7.31325e+08
2014-11-01,74149.8,75028,74149.8,75028,1.0541e+09
2014-11-02,75306.1,75409.5,75306.1,75368.6,1.48336e+09
2014-11-05,75523.8,76166.8,75523.8,76166.6,1.11087e+09
2014-11-08,76360.2,76574.6,76360.2,76420.5,1.12555e+09
2014-11-09,76470.3,76561.8,76423.6,76553.4,8.45138e+08
2014-11-10,76558.3,76619.1,76474.7,76560.8,8.89443e+08
2014-11-11,76563.5,76859.2,76563.5,76708,9.40802e+08
2014-11-12,76737.9,76802.7,76589.4,76589.4,8.38411e+08
2014-11-15,76483.4,76483.4,75946.5,75946.5,9.43229e+08
2014-11-16,75951.1,76105.5,75929.4,75930.8,6.17633e+08
2014-11-17,75933.8,76170.1,75933.8,75965.9,7.28342e+08
2014-11-18,75991.4,75992.1,75401.3,75409.4,6.35565e+08
2014-11-19,75426.2,75442,75248.4,75248.4,7.96969e+08
2014-11-22,75258,75258,75042.6,75042.6,1.10241e+09
2014-11-23,75058.4,75411.4,75058.4,75389.6,1.0272e+09
2014-11-24,75384.6,76111.9,75384.6,75949,1.46808e+09
2014-11-25,75739,75739,74740.9,74740.9,4.18074e+08
2014-11-26,74599.8,74599.8,74076,74076.1,1.2949e+09
2014-11-29,74114.3,74141.8,73245.1,73245.1,1.38721e+09
2014-11-30,73154.5,73154.5,72189.5,72189.5,5.05807e+08
2014-12-01,72353.2,72353.2,72120.5,72120.7,9.6814e+08
2014-12-02,72402.9,72456.9,72258.4,72258.5,5.6255e+08
2014-12-03,72274.7,72274.7,71860,71860.2,6.45598e+08
2014-12-06,71858.9,71878.4,71681.2,71712,5.5192e+08
2014-12-07,71685.9,71685.9,71170,71170,4.60515e+08
2014-12-08,71199.1,71376.6,71199.1,71376.6,5.90373e+08
2014-12-09,71392.3,71412.5,71336.3,71381.7,4.94711e+08
2014-12-10,71372.3,71372.3,71043,71043,4.41277e+08
2014-12-14,71033.5,71033.5,70291.6,70291.6,4.99578e+08
2014-12-15,70239.1,70239.1,69542.6,69542.6,6.44143e+08
2014-12-16,69593,69715.2,69593,69608.6,4.6924e+08
2014-12-17,69642.4,69658.8,69494.6,69494.8,3.11137e+08
2014-12-20,69485.6,69537.5,69393.4,69537.5,6.21871e+08
2014-12-22,69595.8,70094.4,69595.8,70094.4,5.2875e+08
2014-12-24,70093.2,70230.9,70093.2,70153.5,3.31464e+08
2014-12-27,70138.1,70138,69691,69705,2.9612e+08
2014-12-28,69548.9,69648.5,69548.9,69625.5,3.28348e+08
2014-12-29,69639.9,69651.9,69267,69424,4.71358e+08
2014-12-30,69414.1,69414,69254.4,69254.5,2.72938e+08
2014-12-31,69247.4,69247.4,68969.8,68973.1,4.71744e+08
2015-01-03,68973.9,68992.4,68829.8,68829.9,2.65626e+08
2015-01-04,68762.9,68790.1,68650.6,68650.6,2.43484e+08
2015-01-05,68658.5,68658.5,68232,68232.1,3.7684e+08
2015-01-06,68182.2,68182.1,67471,67471,5.53371e+08
2015-01-07,67448.2,67494.7,66902,66902,4.26484e+08
2015-01-10,66894,66893.9,66197.9,66197.9,4.12141e+08
2015-01-11,66126.8,66126.8,65512.6,65512.8,4.95664e+08
2015-01-12,65549.7,66000.1,65549.6,66000.1,3.3907e+08
2015-01-13,66110.4,66121,65871.5,65929.1,4.76152e+08
2015-01-14,65924.9,65973.2,65924.9,65939.1,3.69208e+08
2015-01-17,65952.8,66273.9,65952.8,66273.3,2.96223e+08
2015-01-18,66321,66472,66317.3,66319.2,3.04453e+08
2015-01-19,66304.3,66304.3,65834.9,65835,3.57966e+08
2015-01-20,65836,65838.7,65564.7,65564.7,2.48875e+08
2015-01-21,65529.9,65529.8,65028.8,65028.9,3.18978e+08
2015-01-24,65017.3,65030.6,64874,65029.1,2.80773e+08
2015-01-25,65029.1,65176.5,65029.1,65105,2.98797e+08
2015-01-26,65098.2,65139.4,65041.6,65114.1,2.08425e+08
2015-01-27,65106.5,65201.7,65092.4,65127.7,2.43075e+08
2015-01-28,65131.9,65302.1,65122.3,65256.1,4.05692e+08
2015-01-31,65300.1,65613.6,65300,65542.8,4.01726e+08
2015-02-01,65595.3,65601.3,65534.2,65544.7,5.24863e+08
2015-02-02,65545.2,65561,65535.6,65555.9,5.32001e+08
2015-02-03,65586,65631.7,65586,65597.4,4.49016e+08
2015-02-04,65616.6,65846.7,65616.6,65771.6,7.13261e+08
2015-02-07,65812.8,65905.6,65787.1,65787.2,5.34813e+08
2015-02-08,65752.5,65752.5,65366.2,65366.3,5.98609e+08
2015-02-09,65366.7,65366.6,64917.4,64917.5,4.51226e+08
2015-02-10,64940.7,64977,64833,64840.9,5.29294e+08
2015-02-14,64864.1,64953.7,64864,64932.1,4.27573e+08
2015-02-15,64927,64956,64896.9,64926.8,3.98138e+08
2015-02-16,64955.1,65026.4,64955.1,64993.6,6.02658e+08
2015-02-17,65035.7,65071.5,64811.2,64811.2,5.81184e+08
2015-02-18,64826.6,64826.6,64706.8,64720,5.66642e+08
2015-02-21,64725.5,64915.5,64725.4,64867.1,3.46545e+08
2015-02-22,64908.2,64927.6,64719.8,64719.9,3.37379e+08
2015-02-23,64710.7,64746.2,64625.5,64678.4,3.14729e+08
2015-02-24,64689.9,64709,64525.7,64525.8,2.78521e+08
2015-02-25,64534.5,64534.5,64051.6,64051.7,2.71188e+08
2015-02-28,64065.6,64074.9,63950.8,63950.9,2.57849e+08
2015-03-01,63955.7,63956.3,63858.8,63860.1,4.75684e+08
2015-03-02,63886.9,64003.1,63886.9,63954.8,7.17633e+08
2015-03-03,63983.4,64045.3,63982.6,63996,5.63828e+08
2015-03-04,64036.5,64087.7,64003.8,64014.9,5.36514e+08
2015-03-07,64038.9,64075.9,63911,63911.1,4.296e+08
2015-03-08,63914.6,63914.5,63798,63806.7,3.18402e+08
2015-03-09,63811.9,63884.7,63811.9,63846.7,2.58377e+08
2015-03-10,63846.9,63887.9,63769.3,63852.8,2.93089e+08
2015-03-11,63935,64070.7,63934.9,64070.7,2.63287e+08
2015-03-14,64109.5,64652.4,64109.4,64610.3,5.24973e+08
2015-03-15,64875.6,64989.9,64875.6,64980.6,5.55231e+08
2015-03-16,65119,65157.9,65100.8,65122.8,7.73754e+08
2015-03-17,65090,65090.3,61532.9,61532.9,3.75684e+08
2015-03-18,61625.4,62532,61625.4,62531.8,7.66171e+08
2015-03-25,62591.6,62885,62591.6,62885,2.84991e+08
2015-03-28,62894,63625.5,62891.7,63625.5,5.72408e+08
2015-03-29,63815.9,65100,63815.9,65099.9,9.43265e+08
2015-03-30,65161,65350.7,65147.9,65175.1,7.26307e+08
2015-03-31,65175.5,65741.9,65175.5,65728,6.15526e+08
2015-04-04,65981.4,67827,65981.4,67827,3.78359e+08
2015-04-05,68385.9,70261.7,68385.9,70261.7,1.24213e+09
2015-04-06,71246,71408,70833.8,70843.9,3.14692e+09
2015-04-07,70856,70856.9,70159.9,70159.9,1.22275e+09
2015-04-08,70162,70711.3,70111.5,70684.7,1.76459e+09
2015-04-11,70676,70715.9,70022.8,70022.8,1.42088e+09
2015-04-12,69984,69984.7,68783.9,68783.9,1.11332e+09
2015-04-13,68839,68941,68454,68454.1,1.03922e+09
2015-04-14,68486,68572.8,68465.3,68465.3,5.34507e+08
2015-04-15,68396,68430.3,68078.8,68078.8,7.98656e+08
2015-04-18,68029,68029.1,67374,67374,7.29339e+08
2015-04-19,67343.3,67561,67343.3,67378.8,5.34235e+08
2015-04-20,67378,67378,67016.7,67016.7,3.99452e+08
2015-04-21,67004,67060.5,66828.6,66828.6,4.24265e+08
2015-04-22,66826,67034,66569.2,66569.2,5.33241e+08
2015-04-25,66663,66725.2,66540.6,66540.6,3.38846e+08
2015-04-26,66551,66551,66208.9,66208.9,3.64261e+08
2015-04-27,66161,66161.2,65576.8,65576.8,3.68732e+08
2015-04-28,65516,65572.9,65473.2,65508.2,3.93305e+08
2015-04-29,65524.3,65641.1,65524.3,65634.1,2.61282e+08
2015-05-03,65636.3,65636.3,65088.3,65088.3,3.2477e+08
2015-05-04,65122.9,65122.9,64415.7,64415.8,4.38407e+08
2015-05-05,64407.5,64473.1,64168.1,64168.1,3.63646e+08
2015-05-06,64213.6,64299.1,64053.3,64069.1,4.73806e+08
2015-05-09,64121,64128.2,63530.1,63530.2,7.35679e+08
2015-05-10,63437.4,63437.4,62885.9,62885.9,5.34518e+08
2015-05-11,62893.8,63069.7,62745,63069.8,5.35796e+08
2015-05-12,63112.5,63389.3,63112.4,63316,4.8524e+08
2015-05-13,63370.4,63531.4,63370.4,63531.4,3.64495e+08
2015-05-17,63598.9,63598.9,63376.5,63465.1,4.06887e+08
2015-05-18,63471.4,63546.2,63471.4,63522.8,3.19304e+08
2015-05-19,63547.7,63649.9,63543.6,63644.3,2.87885e+08
2015-05-20,63663.5,63703.6,63631.2,63703.1,3.22043e+08
2015-05-23,63701.7,63701.6,63420,63427.8,3.45322e+08
2015-05-24,63429.9,63432.5,63326.9,63363.8,3.2868e+08
2015-05-25,63391.5,63562,63391.5,63496.5,3.0642e+08
2015-05-26,63509.1,63509.5,63413,63419.1,2.94068e+08
2015-05-27,63422.8,63425.8,63355.8,63402.1,2.36747e+08
2015-05-30,63419.3,63528.8,63419.3,63419.9,2.25041e+08
2015-05-31,63436.6,63436.6,63227.8,63227.9,1.93565e+08
2015-06-01,63225.4,63230.2,63202.5,63227,2.20186e+08
2015-06-02,63238.8,63289.7,63238.7,63289.8,2.92934e+08
2015-06-06,63296.1,63319.1,63296.1,63297.6,1.91858e+08
2015-06-07,63300.4,63300.4,63110,63187.3,2.18541e+08
2015-06-08,63193.6,63210.3,62952.2,62952.3,2.94369e+08
2015-06-09,62947.9,62947.9,62317.1,62317.9,2.80533e+08
2015-06-10,62309.3,62323.1,62271.2,62322.2,2.2603e+08
2015-06-13,62338.1,62581.9,62338.1,62571.2,2.26152e+08
2015-06-14,62583,62680.7,62583,62653.3,2.21433e+08
2015-06-15,62691.6,62691.6,62441.8,62442,3.4236e+08
2015-06-16,62462.3,62559,62462.3,62558.9,3.53237e+08
2015-06-17,62657.6,63559.8,62657.5,63559.7,5.27838e+08
2015-06-20,63745.2,63898.8,63745.1,63836.2,3.86634e+08
2015-06-21,63826.5,63858.7,63808.5,63810.7,2.93814e+08
2015-06-22,63811.8,64276.5,63811.8,64276.5,5.4911e+08
2015-06-23,64321,64839.5,64321,64839.5,6.05848e+08
2015-06-24,64945.5,64978.3,64857.5,64857.6,6.09084e+08
2015-06-27,64850.9,64894.1,64812.2,64812.2,3.29633e+08
2015-06-28,64802.8,64802.8,64301.3,64301.4,2.94747e+08
2015-06-29,64299.4,64366.2,64299.3,64332.9,2.92977e+08
2015-06-30,64381.2,64949.6,64381.2,64922.6,7.27428e+08
2015-07-01,64965.6,65106.1,64861.8,64861.8,5.20786e+08
2015-07-04,64999,65870.2,64999,65860.8,1.24287e+09
2015-07-05,65946.9,65979.6,65780.1,65780.1,6.49782e+08
2015-07-06,65792.9,66019.8,65792.8,66019.9,5.91541e+08
2015-07-07,66092.2,66761.4,66092.1,66761.4,1.00755e+09
2015-07-11,66710.4,66817.8,66509.5,66817.8,5.11688e+08
2015-07-12,66933,67646.8,66932.9,67646.4,7.01689e+08
2015-07-13,68078.1,69196,68078.1,69194.5,1.19505e+09
2015-07-14,69473,69581.3,69135.5,69433.5,1.6389e+09
2015-07-15,69768.9,69768.9,68827.7,68827.7,1.0596e+09
2015-07-19,69768.9,69768.9,68827.7,68827.7,0
2015-07-20,68712.8,68712.8,68144.7,68148.4,4.99612e+08
2015-07-21,68169.8,68206.9,68050.6,68050.7,4.39944e+08
2015-07-22,68051.7,68051.7,67643.8,67643.9,3.66482e+08
2015-07-25,67631.2,67688.8,67036.2,67036.3,3.53758e+08
2015-07-26,67014.1,67019.5,66966,66977.4,4.59746e+08
2015-07-27,66978.2,66978.1,66441.3,66441.4,4.17675e+08
2015-07-28,66405.8,66492,66377.2,66489.5,3.9059e+08
2015-07-29,66524.6,66903.4,66524.5,66780.7,6.23053e+08
2015-08-01,66825,67012.9,66824.9,66829.7,5.40472e+08
2015-08-02,66750.5,66750.5,66527,66530.5,5.75608e+08
2015-08-03,66596.2,66708.6,66596.1,66626.7,4.3263e+08
2015-08-04,66625.1,66625,66410.1,66445.7,3.56554e+08
2015-08-05,66444.2,66492.1,66444.2,66451,2.7007e+08
2015-08-08,66456.9,66456.9,65986.1,66000.9,4.11181e+08
2015-08-09,66001.2,66010,65956,65973.5,3.29904e+08
2015-08-10,65976.6,66073,65903.1,65903.1,3.41799e+08
2015-08-12,65911.5,65911.5,65674.5,65703.3,3.16045e+08
2015-08-15,65708.2,65708.2,65314,65314.3,2.61481e+08
2015-08-16,65288.6,65335.9,65226.7,65239.9,2.94832e+08
2015-08-17,65243.1,65302.9,65225.8,65302.5,3.51522e+08
2015-08-18,65302.2,65302.2,65169,65189.4,3.40682e+08
2015-08-19,65185.9,65219.5,65156.2,65218.3,2.82777e+08
2015-08-22,65227.1,65301.2,65221.5,65225,2.76517e+08
2015-08-23,65218.7,65218.6,64881.4,64881.4,3.17931e+08
2015-08-24,64880.6,64881.5,64651.5,64651.6,2.29507e+08
2015-08-25,64648.1,64671,64197.2,64197.3,3.72488e+08
2015-08-26,64200.2,64217.7,64145.5,64206.2,3.35477e+08
2015-08-29,64253,64455.3,64252.9,64451.3,5.13285e+08
2015-08-30,64458.1,64491.3,64438.2,64467.3,3.72269e+08
2015-08-31,64477.9,64477.9,64225.8,64225.8,3.30914e+08
2015-09-01,64227.2,64263.3,64205.6,64251,2.56351e+08
2015-09-02,64236.9,64276.1,64236.9,64276.2,4.86691e+08
2015-09-05,64319,64508.1,64319,64497,3.58583e+08
2015-09-06,64515.5,64527.7,64481.8,64506.6,3.54398e+08
2015-09-07,64517.4,64539.3,64512.9,64518.4,3.04759e+08
2015-09-08,64528,64531.3,64511.6,64511.7,2.29286e+08
2015-09-09,64480.4,64494.9,63467.7,63467.7,3.60247e+08
2015-09-12,63509.3,63591.9,63482.5,63482.5,2.6957e+08
2015-09-13,63464.4,63464.3,62941.1,62958.2,4.04292e+08
2015-09-14,62965.7,62993,62952.8,62993,3.634e+08
2015-09-15,62995.5,62999.1,62536.5,62536.5,2.8641e+08
2015-09-16,62536.6,62536.6,62264.4,62264.5,2.64925e+08
2015-09-19,62265.4,62310.5,62240.9,62254.7,2.42279e+08
2015-09-20,62260.6,62260.5,61553.2,61553.2,3.95485e+08
2015-09-21,61540.6,61540.5,61110.8,61328,4.67445e+08
2015-09-22,61355.5,61576.8,61355.5,61576.8,3.76652e+08
2015-09-23,61595.7,61790.8,61595.7,61686,5.42456e+08
2015-09-26,61692,61692,61530.8,61530.9,2.36907e+08
2015-09-27,61545.8,61562.9,61491.9,61563,7.53819e+08
2015-09-28,61575,61588.1,61541.3,61568.9,2.30323e+08
2015-09-29,61571.4,61580.8,61557,61578.8,2.48926e+08
2015-09-30,61577.7,61577.7,61497.9,61498.3,2.2701e+08
2015-10-03,61499.1,61499,61217.4,61217.4,3.33851e+08
2015-10-04,61204.1,61204.1,61064.5,61163.7,3.28776e+08
2015-10-05,61168,61264.8,61168,61233.6,2.10912e+08
2015-10-06,61233.3,61233.7,61124.6,61209.8,3.51172e+08
2015-10-07,61219.9,61396.6,61219.9,61389.8,2.36972e+08
2015-10-10,61402.4,61436.1,61394.6,61396.9,2.05794e+08
2015-10-11,61401.6,61421.9,61287,61287.1,3.43833e+08
2015-10-12,61302.8,61355.2,61253.1,61296.6,3.2002e+08
2015-10-13,61298.1,61434.4,61297.9,61434.4,3.46113e+08
2015-10-14,61493.8,61973.3,61493.7,61973.3,4.42186e+08
2015-10-17,62038.8,62799.1,62038.8,62799.1,7.16175e+08
2015-10-18,62987.7,63284.7,62987.7,63071.4,7.12962e+08
2015-10-19,63069.1,63172.8,63029.9,63126.7,3.47745e+08
2015-10-20,63124.8,63147.4,63112.1,63142,3.3245e+08
2015-10-21,63142.8,63176.1,63097.7,63175,2.43276e+08
2015-10-25,63172.8,63172.7,62792.7,62792.8,2.31436e+08
2015-10-26,62790.9,62836.9,62789.5,62803.3,2.04841e+08
2015-10-27,62857.1,62950,62857.1,62923,1.9537e+08
2015-10-28,62942.7,62989.7,62897.7,62923.7,2.0744e+08
2015-10-31,62933.5,62985.9,62916.6,62948.6,2.46983e+08
2015-11-01,62955.1,62983.7,62930.9,62942.7,2.84562e+08
2015-11-02,62959.4,62983.2,62855.6,62855.7,6.99584e+08
2015-11-03,62866.2,62892.5,62811.6,62811.6,2.69111e+08
2015-11-04,62836.3,63005.9,62836.2,62927.4,4.04089e+08
2015-11-07,62953.3,63000.4,62915.6,63000.4,4.33894e+08
2015-11-08,63005.1,63019.7,62976.7,62999.2,3.18861e+08
2015-11-09,63011,63043,62986.2,63035.7,2.33704e+08
2015-11-10,63056,63087.9,63025.9,63044.3,2.70897e+08
2015-11-11,63048.8,63056.4,62967.3,63056.4,3.13838e+08
2015-11-14,63072.8,63080.7,63025.8,63070.6,2.78339e+08
2015-11-15,63070.2,63083.4,63013.5,63083.5,3.66452e+08
2015-11-16,63096.2,63124.7,63056.7,63108.6,4.05701e+08
2015-11-17,63119.9,63119.9,63004.6,63013.6,3.23465e+08
2015-11-18,63018.5,63019.1,62871.3,62871.3,3.05859e+08
2015-11-21,62871.3,62892.9,62843.9,62889,3.30152e+08
2015-11-22,62916.1,62941.8,62821.3,62923.9,2.65799e+08
2015-11-23,62922.5,62922.4,62763,62795.7,3.26117e+08
2015-11-24,62786.5,62795.6,62702.9,62720.9,3.99047e+08
2015-11-25,62723.6,62757,62625.6,62734.6,3.48428e+08
2015-11-28,62743.9,62743.8,62605.3,62635.4,3.47666e+08
2015-11-29,62644.2,62658,62565.4,62639.1,3.52145e+08
2015-11-30,62638.9,62675.1,62609.9,62647.7,3.08195e+08
2015-12-01,62656.6,62656.6,62517.1,62550,2.59108e+08
2015-12-05,62557,62577.7,62516.3,62577.1,2.04744e+08
2015-12-06,62597.9,62597.8,62381,62420.2,3.42452e+08
2015-12-07,62422.5,62422.5,62325.3,62374.8,3.08839e+08
2015-12-08,62375.8,62394.8,62303.4,62392.4,2.57088e+08
2015-12-09,62420.9,62426.6,62397.6,62409.8,2.4175e+08
2015-12-13,62415,62415,62287.1,62310.7,2.02515e+08
2015-12-14,62313.7,62314.9,62202.2,62216.3,2.57232e+08
2015-12-15,62224,62263.8,62224,62233.3,2.84872e+08
2015-12-16,62249.8,62271,62147.3,62147.3,3.52907e+08
2015-12-19,62146.4,62146.3,61734,61734,2.7824e+08
2015-12-20,61747.1,61747.1,61499.5,61501.5,4.06283e+08
2015-12-21,61508.3,61546.3,61507.6,61518.5,3.16984e+08
2015-12-22,61533.7,61534.7,61414.2,61414.2,2.83291e+08
2015-12-23,61426.4,61427.2,61376.9,61420.7,3.17932e+08
2015-12-26,61424.2,61442.2,61354.7,61436.9,4.25138e+08
2015-12-27,61447.4,61513.8,61447.4,61455.3,4.09246e+08
2015-12-28,61480.2,61498.7,61469.2,61469.3,4.03081e+08
2015-12-30,61508,61741.2,61507.9,61691,5.21425e+08
2016-01-02,61733.3,61744.1,61681.5,61700.1,3.55725e+08
2016-01-03,61712.7,61718.9,61673.5,61710.2,4.35245e+08
2016-01-04,61731.6,61822.9,61726.1,61728.1,5.52332e+08
2016-01-05,61768.2,62115.1,61762.4,62055.9,6.523e+08
2016-01-06,62150.7,62632.7,62150.7,62632.8,9.318e+08
2016-01-09,62868.2,63011.1,62655,62655,6.79363e+08
2016-01-10,62657.9,62657.9,62460.9,62461,6.0012e+08
2016-01-11,62524.7,62788.6,62524.7,62788.7,7.18504e+08
2016-01-12,62772.7,62962.8,62772.6,62841.2,9.83225e+08
2016-01-13,62971.3,63516.8,62971.2,63516.9,1.05488e+09
2016-01-16,64099,64860.9,64099,64860.9,1.11332e+09
2016-01-17,65635.3,65958.4,65424.1,65424.1,1.78167e+09
2016-01-18,65373.4,65373.3,64620.1,65119.5,1.02679e+09
2016-01-19,65488.8,66141,65488.8,66118.1,7.71802e+08
2016-01-20,66356.3,66562.5,66356.2,66562.5,1.25552e+09
2016-01-23,66690.5,66960.4,66690.4,66960.4,1.91719e+09
2016-01-24,67189,67740,67188.9,67740.1,1.70121e+09
2016-01-25,68063.2,68857.4,68063.2,68857.5,1.86474e+09
2016-01-26,69441.1,71001.3,69441.1,70999.5,1.84529e+09
2016-01-27,71365.7,71492.9,70998,71011,2.85486e+09
2016-01-30,71026.8,71702.9,71019,71393.9,1.79307e+09
2016-01-31,71388.1,71388,70983.9,71118.8,1.63826e+09
2016-02-01,71378.5,72912.7,71378.5,72912.8,1.794e+09
2016-02-02,73364.3,73844.5,73364.2,73725.5,2.16209e+09
2016-02-03,73901.6,73901.6,73648.5,73684,1.95806e+09
2016-02-06,73976.8,74238.4,73976.8,74103.6,1.61146e+09
2016-02-07,74284.2,74810.6,74284.2,74569.4,1.94028e+09
2016-02-08,74912,75783.7,74911.9,75783.8,2.13134e+09
2016-02-09,76814.8,78418.9,76814.7,78199.1,3.91794e+09
2016-02-10,77924.5,77924.4,77457.4,77497.9,3.03656e+09
2016-02-13,77516.2,77532.3,76514.6,76594.2,2.28488e+09
2016-02-14,76657.2,76780.2,76467.6,76709.5,1.64581e+09
2016-02-15,76820.4,77539.2,76820.4,77377.5,1.94479e+09
2016-02-16,77698.4,77698.4,77091.1,77141.6,1.74222e+09
2016-02-17,77270,77888.1,77269.9,77888,1.77476e+09
2016-02-20,78333,78333,77560.9,77560.9,3.1882e+09
2016-02-21,77516,77516,77141.4,77234.9,1.89177e+09
2016-02-22,77563.7,77781,77563.7,77587.7,1.25589e+09
2016-02-23,77905.2,78037.5,77651.3,77704,1.35528e+09
2016-02-24,77707.1,77840.1,77573.3,77840.2,1.1275e+09
2016-02-27,78086.1,78387.5,78086.1,78228.3,9.13332e+08
2016-02-28,78390.2,78442.6,77733.8,77733.8,1.29485e+09
2016-02-29,77819.3,77827.3,77376.4,77539.2,1.39136e+09
2016-03-01,77891.5,77891.4,77614.4,77648.8,9.21931e+08
2016-03-02,77692.3,77697.7,77595.9,77697.8,1.74859e+09
2016-03-05,78092,78291.5,78022.2,78022.2,1.20727e+09
2016-03-06,78295.4,78295.4,78093,78093,1.69603e+09
2016-03-07,78220.1,78434.3,78142.6,78158.4,2.24703e+09
2016-03-08,78278,78402.5,78210,78220,1.88901e+09
2016-03-09,78319.9,78451.3,78312.1,78312.1,1.6003e+09
2016-03-12,78542,79430.2,78541.9,79366.5,1.21323e+09
2016-03-14,79930.6,80286.7,79930.6,80236.7,1.2699e+09
2016-03-15,80493,80493.4,79993.6,80037.5,1.93675e+09
2016-03-16,80083,80511.9,79829.2,80219.4,2.32805e+09
2016-03-26,80133.3,81200.3,80133.3,81200.3,7.85545e+08
2016-03-27,81417,81447.8,81255.4,81261,1.0063e+09
2016-03-28,81074,81074.9,80935.7,80935.7,6.77383e+08
2016-03-29,80843,80889.6,80561.3,80561.3,1.49115e+09
2016-03-30,80774.8,81498.8,80774.8,81480.4,9.47224e+08
2016-04-02,81680,81723.7,81432.1,81536.9,1.15105e+09
2016-04-03,81490,81490.4,80590.1,80852.7,1.19406e+09
2016-04-04,80857,80965.4,80802.7,80872.1,1.15797e+09
2016-04-05,80983,81030.5,80853.1,80965.8,1.13409e+09
2016-04-06,81165,81190.2,80743.1,80752.7,1.33161e+09
2016-04-09,80914,80950.3,80653.1,80654,9.49985e+08
2016-04-10,80615,80615.6,80237.4,80280.7,1.40593e+09
2016-04-11,80274,80331.3,80164.7,80262.4,1.11298e+09
2016-04-12,80392,80446.1,79994.1,80109.3,1.05997e+09
2016-04-13,80050,80050.3,79579.1,79588.3,1.52916e+09
2016-04-16,79447,79447.8,77933.3,77984.8,7.70507e+08
2016-04-17,77709,77709.6,77446.6,77516.2,1.15329e+09
2016-04-18,77613.1,78438.3,77613.1,78435.4,1.41486e+09
2016-04-19,78733,78766.1,78430.9,78430.9,1.48744e+09
2016-04-20,78636,78636.7,78197.3,78269,1.10205e+09
2016-04-23,78336,78396.8,78264.9,78281.7,9.88554e+08
2016-04-24,78369,78448.4,78278.5,78448.3,8.95792e+08
2016-04-25,78653.2,78945.8,78653.2,78688.4,1.23225e+09
2016-04-26,78698,78699.7,78317.9,78394.4,9.78942e+08
2016-04-27,78542,78578.5,78341.2,78404.7,1.14424e+09
2016-04-30,78491,78585.8,78399.8,78414.6,1.4239e+09
2016-05-01,78426,78453.8,78220.1,78384.4,1.16944e+09
2016-05-02,78332,78425.1,78259,78285.4,1.3547e+09
2016-05-03,78382,78382.6,77968.9,78044.4,1.13848e+09
2016-05-04,78031,78076.9,77938.2,78033.8,1.00012e+09
2016-05-07,78036,78036.6,77423.9,77423.9,8.47546e+08
2016-05-08,77378,77378.2,77041.3,77045.3,1.07665e+09
2016-05-09,77094.2,77302.4,77094.2,77106,8.22621e+08
2016-05-10,77070,77070.8,76606.9,76630.4,1.059e+09
2016-05-11,76612,76612,75894.9,75982.6,1.23315e+09
2016-05-14,76016.7,76176.1,76016.7,76138.6,5.72683e+08
2016-05-15,76224,76224.2,75863.2,75863.2,1.03313e+09
2016-05-16,75974,76006.5,75866.4,75980.5,8.07516e+08
2016-05-17,76071.5,76305.5,76071.5,76292.9,8.24991e+08
2016-05-18,76348,76463.5,76329.8,76413.3,8.67967e+08
2016-05-21,76453,76530.2,76443.4,76448.3,6.1275e+08
2016-05-23,76493.5,76708.1,76493.5,76613.9,9.95001e+08
2016-05-24,76664,76692.8,76543.3,76692.8,8.65052e+08
2016-05-25,76702.3,76957.7,76702.3,76853,8.53943e+08
2016-05-28,76892,76945.7,76618.2,76690.6,1.01928e+09
2016-05-29,76706,76744.1,76387,76387,9.07391e+08
2016-05-30,76421,76463.8,76396.2,76431.5,7.58555e+08
2016-05-31,76527,76534.6,76144.2,76144.2,6.37134e+08
2016-06-01,76177,76207.3,76077.7,76084.2,7.1217e+08
2016-06-05,76166,76200.4,76133.2,76160.6,7.63734e+08
2016-06-06,76265,76284.7,76102.9,76128.6,7.46966e+08
2016-06-07,76177,76177,75874.5,75874.5,7.26875e+08
2016-06-08,75885,75929.1,75776,75876.2,8.03571e+08
2016-06-11,75905,75909.8,74850.1,74850.1,8.84784e+08
2016-06-12,74845,74870.5,74671,74817.8,7.96369e+08
2016-06-13,74860,74904.6,74594.6,74700.5,6.65629e+08
2016-06-14,74716,74716.2,73959.7,73959.7,8.11987e+08
2016-06-15,73966,73966.5,73705.4,73877.1,7.25865e+08
2016-06-18,73967,74018.6,73887.1,73906.5,6.01925e+08
2016-06-19,73915,73915.6,73027.9,73027.9,5.85218e+08
2016-06-20,72945,72945.2,72614.9,72615,5.86365e+08
2016-06-21,72623,72799.2,72563.6,72799.2,9.03109e+08
2016-06-22,72930.2,73644.8,72930.2,73644.8,6.81491e+08
2016-06-25,73799,73863.3,73671.8,73672,7.53487e+08
2016-06-26,73700,73771.7,73651.1,73743.5,8.70644e+08
2016-06-28,73935.4,74300.4,73935.4,74190.5,1.01664e+09
2016-06-29,74261,74283.3,73934.4,73940.3,1.34419e+09
2016-07-02,73967,74000.8,73931.9,73965.5,7.31508e+08
2016-07-03,74063.3,74137.1,74063.3,74064,9.06311e+08
2016-07-04,74095,74095.4,73947.2,73947.2,1.07224e+09
2016-07-05,73961,74113.9,73959.1,74049.1,7.68984e+08
2016-07-09,74051,74051.4,73716.6,73716.6,5.73228e+08
2016-07-10,73726,73799.7,73695.5,73764.2,7.18423e+08
2016-07-11,73875,73893,73737.3,73816.7,7.54076e+08
2016-07-12,73987,73987.2,73725.3,73736,8.54104e+08
2016-07-13,73702,73763,73625.5,73763,8.6636e+08
2016-07-16,73770,73888.5,73756.2,73868,9.10931e+08
2016-07-17,74010.9,74282.5,74010.9,74194.8,9.12158e+08
2016-07-18,74214,74214.8,74045,74196.9,9.18983e+08
2016-07-19,74249.8,74386,74249.8,74313.6,9.1362e+08
2016-07-20,74364.8,74516.5,74364.8,74514.1,4.47681e+08
2016-07-23,74629.9,74934.3,74629.9,74934.3,5.38663e+08
2016-07-24,75050,75197.8,75043.6,75183.9,7.18026e+08
2016-07-25,75315.8,75540.4,75315.8,75466.5,8.80614e+08
2016-07-26,75499,75501.3,75402,75501,6.07359e+08
2016-07-27,75755.9,76294.4,75755.9,76225.7,8.42047e+08
2016-07-31,76333.8,76699.2,76333.8,76579.7,8.99409e+08
2016-08-01,76571,76647.4,76408.5,76647.4,8.8194e+08
2016-08-02,76672.5,77094.1,76672.5,77089.8,8.85531e+08
2016-08-03,77415.4,77915.2,77415.4,77883.1,8.93892e+08
2016-08-06,78199,78370.1,78014.6,78324.9,1.23207e+09
2016-08-07,78423,78838,78423,78704.6,1.05832e+09
2016-08-08,78777,78830.6,78324.7,78324.9,6.99879e+08
2016-08-09,78345.1,78437.2,78345.1,78368.4,5.94333e+08
2016-08-10,78405,78463.8,78190.5,78190.5,5.90248e+08
2016-08-13,78180,78218.9,78093.1,78218.8,1.05208e+09
2016-08-14,78304,78417.1,78205,78205.1,6.21823e+08
2016-08-15,78203,78205.6,77828.8,77828.8,5.23894e+08
2016-08-16,77855,77857.6,77791.3,77855.5,9.72547e+08
2016-08-17,77879,77925.9,77863.8,77879,9.72247e+08
2016-08-20,77933,78009.5,77919.3,77968.7,5.18001e+08
2016-08-21,78040,78113.8,77962.3,78086.4,6.35546e+08
2016-08-22,78203,78275,78086.1,78086.1,7.79711e+08
2016-08-23,78093,78094.3,77907.4,77964,4.98563e+08
2016-08-24,78205,78205.7,78063.4,78081.5,5.99803e+08
2016-08-27,78095,78096,77757.1,77757.6,5.35622e+08
2016-08-28,77846,77846.9,77313.6,77313.6,6.48091e+08
2016-08-29,77359,77374.9,77326.3,77345.6,5.02069e+08
2016-08-30,77358,77381.5,77352.5,77358.6,4.48693e+08
2016-08-31,77354,77381.7,77167.8,77167.9,4.10053e+08
2016-09-03,77184,77184.6,76747,76747,3.86461e+08
2016-09-04,76784,76784.9,76509.4,76509.4,4.42121e+08
2016-09-05,76522,76522.9,76485.9,76522.2,3.44245e+08
2016-09-06,76546,76703.2,76546,76669.6,4.38588e+08
2016-09-07,76747,76885.6,76742.2,76742.2,5.40705e+08
2016-09-10,76746,76746.8,76610.8,76640.3,3.40525e+08
2016-09-11,76648,76698.3,76643.9,76643.9,3.35531e+08
2016-09-13,76661,76678,76444.2,76444.2,4.8133e+08
2016-09-14,76474,76476.8,76348.3,76455.4,4.82743e+08
2016-09-17,76460,76460.1,76104.9,76104.9,4.18171e+08
2016-09-18,76102,76179.4,76099.3,76166.7,4.41255e+08
2016-09-19,76176.6,76321.5,76176.6,76272.6,3.74432e+08
2016-09-21,76338.4,76450.9,76338.4,76450.9,4.43679e+08
2016-09-24,76487.9,76907.4,76487.9,76906.9,5.83727e+08
2016-09-25,77071,77121.4,77009.9,77081.5,8.51699e+08
2016-09-26,77094,77152.7,77058.8,77089.8,5.42233e+08
2016-09-27,77116.2,77209.2,77116.2,77143.1,6.07802e+08
2016-09-28,77198.8,77357.2,77198.8,77300.3,9.16197e+08
2016-10-01,77459.3,77605.3,77459.3,77478.8,8.88103e+08
2016-10-02,77521,77533.2,77287.6,77287.6,8.67379e+08
2016-10-03,77355,77413.7,77265.3,77265.3,1.12129e+09
2016-10-04,77449,77494.6,77335.3,77335.3,1.42637e+09
2016-10-05,77317,77342.6,77182.9,77183,1.02453e+09
2016-10-08,77246,77278.2,77190.2,77217,6.45547e+08
2016-10-09,77214,77480.2,77207.9,77435.8,6.59417e+08
2016-10-10,77469.9,77671,77469.9,77655.1,7.46328e+08
2016-10-15,77725.8,77915.4,77725.8,77886.4,7.89203e+08
2016-10-16,77909,77911,77569.1,77569.1,8.94502e+08
2016-10-17,77569,77720.3,77525.7,77707.2,7.09354e+08
2016-10-18,77773.8,77885.4,77773.8,77849.5,7.50398e+08
2016-10-19,77889.7,78092,77889.7,78091.5,7.89025e+08
2016-10-22,78155,78430.1,78155,78387.2,7.22413e+08
2016-10-23,78498,78517.2,78370.3,78370.3,7.29124e+08
2016-10-24,78452.5,78579.5,78452.5,78568.8,7.38689e+08
2016-10-25,78594.3,78808.9,78594.3,78808.8,7.28071e+08
2016-10-26,78836.8,79304.4,78836.8,79299.6,9.09023e+08
2016-10-29,79299.6,80493.3,79299.6,80340.7,9.95915e+08
2016-10-30,80511,80511.9,80338.3,80339.2,7.44415e+08
2016-10-31,80372,80527.6,80263.7,80263.7,7.82341e+08
2016-11-01,80285,80285.3,79659,79659.2,6.11761e+08
2016-11-02,79670,79681.1,79634.6,79670.9,4.9692e+08
2016-11-05,79735,79735.5,79253.4,79253.5,5.29008e+08
2016-11-06,79269,79278,79137.5,79137.5,4.77977e+08
2016-11-07,79270.5,79635.2,79270.5,79632.3,6.69907e+08
2016-11-08,79718.1,79902.7,79718.1,79871.4,6.49221e+08
2016-11-09,79340,79340.1,78396,78411.6,9.80869e+08
2016-11-12,78781.5,79069.7,78781.5,79010.7,9.72081e+08
2016-11-13,79227,79258.3,79048.4,79048.5,7.25779e+08
2016-11-14,79095.3,79378.2,79095.3,79341.5,6.15122e+08
2016-11-15,79394,79458.7,79153.5,79236.2,6.83483e+08
2016-11-16,79280,79418.2,79268.4,79268.4,7.6051e+08
2016-11-19,79307,79335.6,79127.7,79278.6,4.78374e+08
2016-11-21,79306.1,79369.2,79306.1,79319,3.65756e+08
2016-11-22,79361.3,79418.9,79361.3,79393.8,4.8964e+08
2016-11-23,79426,79449.9,79384.1,79385.6,4.38678e+08
2016-11-26,79511,79607.8,79511,79541.4,5.22042e+08
2016-11-27,79579.3,79685.2,79579.1,79625.9,5.32428e+08
2016-11-29,79645.7,80018.6,79645.7,80018.6,5.67699e+08
2016-12-03,80180,80180,80033.9,80058.8,5.65139e+08
2016-12-04,80077,80115.1,80050.1,80063.7,4.83516e+08
2016-12-05,80157,80174.7,80014.1,80081.2,5.51389e+08
2016-12-06,80139.8,80851.1,80139.8,80830.5,8.25085e+08
2016-12-07,80965.3,81344.3,80965.3,81341.6,8.7813e+08
2016-12-10,81401,81505.7,81250.5,81250.5,4.32761e+08
2016-12-11,81264,81264.8,80925.9,80925.9,3.21296e+08
2016-12-12,81011,81129.6,80913.9,80915.5,4.09799e+08
2016-12-13,80915,80929.2,80741.1,80741.2,3.11489e+08
2016-12-14,80792,80806.8,80683.6,80683.6,5.59333e+08
2016-12-18,80690,80782.7,80675.2,80709,3.37891e+08
2016-12-19,80724,80766,80413.1,80413.1,3.993e+08
2016-12-20,80511,80511.4,80122.6,80122.7,4.57719e+08
2016-12-21,80128,80250.9,80128,80250,3.02767e+08
2016-12-24,80252,80270.8,80161.1,80161.2,3.27758e+08
2016-12-25,80159,80159.2,79898.8,79898.9,3.21282e+08
2016-12-26,79926.3,80092.3,79926.3,79966.5,4.23291e+08
2016-12-27,79979,80002.1,79800.7,79800.8,4.56311e+08
2016-12-28,79822,79871,79598.4,79691.8,4.17276e+08
2016-12-31,79698,79758.3,79486.6,79486.6,3.77298e+08
2017-01-01,79482,79482.2,78895.8,78896,3.55387e+08
2017-01-02,78894,78968.9,78699,78968.9,5.23587e+08
2017-01-03,78970,79011.1,78952.2,78983.7,4.31589e+08
2017-01-04,79017,79017.2,78959.5,78990.4,3.36233e+08
2017-01-07,79002,79010.5,78826.5,78826.5,5.28364e+08
2017-01-08,78845,78911.4,78828.7,78833.4,5.39142e+08
2017-01-09,78823,78823.8,78609.5,78609.5,3.77573e+08
2017-01-11,78652,78652.9,78555.4,78622,4.64134e+08
2017-01-14,78709.1,78946.2,78709.1,78876.2,5.93739e+08
2017-01-15,78961.1,79131.2,78961.1,79073.2,6.36336e+08
2017-01-16,79101,79117.9,79069.5,79084.2,5.26417e+08
2017-01-17,79119,79293.1,79032.9,79280.4,5.22554e+08
2017-01-18,79310.2,79464.9,79310.2,79382.2,4.50933e+08
2017-01-21,79390,79394.5,79206.5,79206.6,3.2704e+08
2017-01-22,79211,79218,79153.6,79218,3.43161e+08
2017-01-23,79227,79311.3,79217.1,79263.5,3.69503e+08
2017-01-24,79281,79311.9,78249.1,78249.1,4.58621e+08
2017-01-25,78313,78325.7,78048.9,78049,5.78605e+08
2017-01-28,78053,78053.9,77714.1,77714.1,4.93441e+08
2017-01-29,77715,77755.9,77706.5,77707.3,4.00127e+08
2017-01-30,77753.2,77999.7,77753.2,77961.4,6.60599e+08
2017-01-31,78101,78123.4,77975.4,77975.4,1.09782e+09
2017-02-01,77979,78004.2,77414.8,77414.9,7.07988e+08
2017-02-04,77414,77414.8,76825.7,76825.7,4.30368e+08
2017-02-05,76830,76830.7,76616,76616,4.96089e+08
2017-02-06,76615.3,76750.5,76615.3,76678.7,5.93037e+08
2017-02-07,76772,76874.2,76766,76766,5.73465e+08
2017-02-08,76787,76796.1,76731.8,76792.8,5.47749e+08
2017-02-11,76951,76968.2,76798.2,76816.8,5.41702e+08
2017-02-12,76821,76836.9,76772.6,76827.7,4.38822e+08
2017-02-13,76867.7,77125.8,76867.7,76975.5,4.68334e+08
2017-02-14,77009,77061.2,76964.7,77000.2,4.49206e+08
2017-02-15,77023.9,77209.5,77023.9,77189.7,5.26633e+08
2017-02-18,77202.8,77613.3,77202.8,77599.1,6.89645e+08
2017-02-19,77648.3,77772.6,77648.3,77658.6,5.13805e+08
2017-02-20,77705,77753.7,77697.8,77698.2,4.92334e+08
2017-02-21,77733.8,77815.9,77733.8,77800.2,4.53864e+08
2017-02-22,77818.1,77898.4,77818.1,77847.2,5.40287e+08
2017-02-25,77912,77924.5,77850.3,77863.5,5.70238e+08
2017-02-26,77891,77891.7,77574.7,77574.7,6.60791e+08
2017-02-27,77585,77617.4,77573.2,77590.7,5.14918e+08
2017-02-28,77638,77693.7,77593.5,77602.3,6.98074e+08
2017-03-01,77631,77654,77475.2,77475.2,5.36848e+08
2017-03-04,77463,77463.5,77135.1,77135.1,4.77983e+08
2017-03-05,77128,77139.6,76766.9,76766.9,5.08084e+08
2017-03-06,76799,76869.8,76780.2,76789.7,4.74546e+08
2017-03-07,76820,76829.7,76735.3,76800.4,5.26249e+08
2017-03-08,76806,76806.4,76285.5,76285.5,7.28357e+08
2017-03-11,76287,76315.6,76196.5,76315.6,5.53986e+08
2017-03-12,76322,76374.9,76286.5,76329,4.97847e+08
2017-03-13,76362,76464.4,76331.9,76332,5.26016e+08
2017-03-14,76394.6,76639.6,76394.6,76639,6.31939e+08
2017-03-15,76659.1,76775.8,76659.1,76737.9,4.60658e+08
2017-03-18,76788.7,77230,76788.7,77230,4.83586e+08
2017-03-25,77238.9,77493.9,77238.9,77485.8,2.82764e+08
2017-03-26,77504,77541.6,77492.8,77502.9,3.62972e+08
2017-03-27,77519,77529.4,77480.9,77523.3,3.56511e+08
2017-03-28,77533.3,77577.2,77533.3,77548.5,4.66166e+08
2017-03-29,77575,77607.5,77565.1,77584.4,5.47432e+08
2017-04-03,77598.8,77668,77598.8,77616.8,4.09652e+08
2017-04-04,77682,77698.1,77611.5,77647.1,5.97068e+08
2017-04-05,77680,77739.5,77680,77689.9,6.52694e+08
2017-04-08,77783.6,77911.8,77783.6,77804.7,7.68552e+08
2017-04-09,77945,78048.2,77860.4,77860.4,8.91602e+08
2017-04-10,78007.3,78204.5,78007.3,78107.8,1.24336e+09
2017-04-12,78149,78174,78122.5,78132.4,1.14035e+09
2017-04-15,78229.6,78509.9,78229.6,78383.3,1.26962e+09
2017-04-16,78519,78650,78455.8,78471.7,1.24605e+09
2017-04-17,78541,78561.4,78247.5,78247.5,8.60912e+08
2017-04-18,78306.5,78431.8,78306.5,78339.8,7.76121e+08
2017-04-19,78464.8,78657.6,78464.8,78651.4,8.52667e+08
2017-04-22,78812.6,79302.7,78812.6,79302.7,9.82702e+08
2017-04-23,79466,79577.6,79390.6,79390.6,1.01268e+09
2017-04-24,79407,79461.4,79365.8,79425.9,8.03889e+08
2017-04-26,79548,79596.9,79511.6,79596.9,8.94705e+08
2017-04-29,79670.1,79822.9,79670.1,79755.6,8.13111e+08
2017-04-30,79821,79919.4,79785,79785,8.34677e+08
2017-05-01,79797,79909.9,79730.6,79826.6,8.86214e+08
2017-05-02,79887.6,80013.8,79887.6,79942.1,8.3222e+08
2017-05-03,79995,80099.4,79951.7,79969.2,6.8566e+08
2017-05-06,80022,80027.2,79697.4,79697.4,7.58427e+08
2017-05-07,79705,79705.1,79604.1,79660.9,7.93757e+08
2017-05-08,79756,79773.1,79732.8,79744.2,9.14492e+08
2017-05-09,79760,79858.8,79664.2,79858.8,9.66645e+08
2017-05-10,80012.7,80143.4,80012.7,80127.1,8.76365e+08
2017-05-13,80151,80177,80139.5,80142,5.0664e+08
2017-05-14,80140,80140.8,79958.7,79963,5.23528e+08
2017-05-15,79972,80004.7,79957.4,79957.5,3.8035e+08
2017-05-16,80042.8,80171.3,80042.8,80129.3,4.50154e+08
2017-05-17,80234.8,80397.6,80234.8,80344.2,7.68674e+08
2017-05-20,80837.5,81132.6,80837.5,81077.6,8.65549e+08
2017-05-21,81149.2,81256.3,81149.2,81194,6.83042e+08
2017-05-22,81238,81308.7,81121.9,81124.4,4.72249e+08
2017-05-23,81151,81183.4,81124.2,81124.4,5.04571e+08
2017-05-24,81140,81148.6,81068.4,81146.2,5.45233e+08
2017-05-27,81155.4,81161.7,80921.2,80921.2,3.97278e+08
2017-05-28,80943.8,80943.8,80713.2,80713.2,3.87485e+08
2017-05-29,80716.2,80730,80599.6,80607.9,4.79312e+08
2017-05-30,80609.1,80621.9,80503.7,80511.5,3.96938e+08
2017-05-31,80525.2,80565.8,80513.3,80513.3,4.71322e+08
2017-06-03,80529,80548.2,80288.9,80288.9,3.85263e+08
2017-06-06,80310.1,80332.6,80283.5,80293.5,3.17645e+08
2017-06-07,80296.6,80299.8,79758.5,79758.5,5.26406e+08
2017-06-10,79811.3,79898.4,79811.3,79855.7,3.06726e+08
2017-06-11,79864.8,79884.4,79845.5,79870.7,3.71698e+08
2017-06-12,79872.9,79872.9,79564.1,79564.1,2.6166e+08
2017-06-13,79569.2,79575.7,79426.9,79426.9,3.6873e+08
2017-06-14,79440.2,79474.2,79432.2,79465.7,4.27765e+08
2017-06-17,79486,79533.8,79285,79285,3.29197e+08
2017-06-18,79294.7,79297.9,78990.4,78990.4,4.09022e+08
2017-06-19,79001.7,79001.7,78859.2,78859.2,3.05464e+08
2017-06-20,78861.2,78884.4,78833.6,78867.5,3.12427e+08
2017-06-21,78880.2,78883.8,78736.2,78736.2,2.91781e+08
2017-06-24,78756.9,78772.6,78652.7,78652.7,2.41221e+08
2017-06-25,78671.5,78707.4,78661.5,78665.5,3.14538e+08
2017-06-28,78687.1,78760.4,78687.1,78704.5,2.7055e+08
2017-07-01,78751.1,78820.9,78751.1,78799.7,3.59152e+08
2017-07-02,78808.1,78821.2,78765.3,78765.3,2.71593e+08
2017-07-03,78775.5,78775.5,78659.2,78659.2,3.18721e+08
2017-07-04,78654.1,78671.2,78622.2,78632.5,3.59722e+08
2017-07-05,78652.1,78733.8,78644.7,78700.2,4.11699e+08
2017-07-08,78799.7,78893.2,78799.7,78881.6,4.55327e+08
2017-07-09,78899.8,78993.4,78899.8,78985.4,4.12709e+08
2017-07-10,79009.5,79386.6,79009.5,79377,5.50452e+08
2017-07-11,79414.7,79511.3,79414.7,79490.4,4.84421e+08
2017-07-12,79510.8,79566.4,79509.6,79509.6,3.9335e+08
2017-07-15,79530.5,79684,79530.5,79658.9,4.94584e+08
2017-07-16,79669,79699.9,79608.7,79620.8,3.87846e+08
2017-07-17,79682.2,79705.5,79628.7,79692.9,6.24199e+08
2017-07-18,79733.3,79792.7,79733.3,79735.7,3.60354e+08
2017-07-19,79764.3,80178.5,79764.3,80162.5,3.49691e+08
2017-07-22,80250.1,80671.6,80250.1,80670.8,4.25926e+08
2017-07-23,80693.5,80889.1,80676.5,80863,5.79637e+08
2017-07-24,80894.4,81008.2,80894.4,80933.9,4.93755e+08
2017-07-25,80978,81242.6,80882.5,81181.7,5.14927e+08
2017-07-26,81297.6,81628.6,81297.6,81509.3,7.8901e+08
2017-07-29,81572,81572,81351.1,81420.9,3.69815e+08
2017-07-30,81438.5,81635,81438.5,81491.4,4.35047e+08
2017-07-31,81502.5,81596.8,81502.5,81533.5,4.24389e+08
2017-08-01,81553.5,81565.8,81415.8,81415.9,3.44924e+08
2017-08-02,81436.3,81445.9,81265.8,81265.9,3.36267e+08
2017-08-06,81302.7,81424.7,81302.7,81384.1,3.58791e+08
2017-08-07,81397.8,81402.2,81285.7,81285.7,3.59097e+08
2017-08-08,81300.2,81346.7,81278.2,81313.9,3.51795e+08
2017-08-09,81370.7,81626.5,81370.7,81579.3,4.79424e+08
2017-08-12,81613,81805.6,81613,81763.1,4.05761e+08
2017-08-13,81771.6,81818.7,81661.5,81661.5,3.43666e+08
2017-08-14,81664.7,81673.6,81597.1,81659.3,3.6787e+08
2017-08-15,81659.8,81716.7,81611.4,81696.3,4.66185e+08
2017-08-16,81696.3,81741.9,81696.3,81741.9,3.74968e+08
2017-08-19,81808.2,82021.2,81808.2,81954.9,6.42394e+08
2017-08-20,81986.8,82016.3,81984.3,82016.2,3.45152e+08
2017-08-21,82043.4,82084.2,82023,82075,4.48068e+08
2017-08-22,82119.7,82428.6,82119.7,82372.4,5.81757e+08
2017-08-23,82413.6,82570.1,82413.6,82541.8,5.08258e+08
2017-08-26,82583.5,82933.2,82583.5,82897.1,5.95865e+08
2017-08-27,82924.6,82968.2,82853.4,82885,4.32196e+08
2017-08-28,82898.5,83015.3,82898.5,83012.1,0
2017-08-29,83106.5,83401.9,83106.5,83252,8.08687e+08
2017-08-30,83295.4,83342.9,83262.7,83272.9,5.4257e+08
2017-09-02,83299.3,83441,83290.5,83428.2,4.03999e+08
2017-09-03,83478.6,83586.3,83297.8,83345.2,7.03533e+08
2017-09-04,83346.5,83503.9,83333.7,83452.1,4.93862e+08
2017-09-05,83460.6,83764.1,83460.6,83733.5,4.40146e+08
2017-09-06,83743.9,83762.4,83674.8,83675.3,3.57293e+08
2017-09-10,83530.6,83530.6,83255.7,83255.7,3.42501e+08
2017-09-11,83238.1,83369.1,83238.1,83369.1,3.6743e+08
2017-09-12,83371.3,83490.4,83371.3,83469.2,3.44921e+08
2017-09-13,83513.8,83534.5,83480.8,83523.8,4.57535e+08
2017-09-16,83524.2,83685.6,83524.2,83683.2,4.40081e+08
2017-09-17,83732,83916.6,83732,83916.6,3.7626e+08
2017-09-18,83944.1,84414.5,83944.1,84414.5,3.69002e+08
2017-09-19,84455.2,85344.2,84455.2,85343.9,5.91741e+08
2017-09-20,85416.4,85832.1,85416.4,85831.8,7.46454e+08
2017-09-23,85873.4,85873.4,85769.1,85798.4,5.81279e+08
2017-09-24,85820.2,85820.2,85572.6,85588.8,5.23686e+08
2017-09-25,85611.2,85645.8,85516.8,85516.9,4.52173e+08
2017-09-26,85624.6,85656.5,85619.7,85628.8,5.31526e+08
2017-09-27,85742.3,85879,85742.3,85819,6.56097e+08
2017-10-02,85839.6,85839.6,85488.5,85514.9,7.34396e+08
2017-10-03,85512.7,85517.5,85354.9,85355,4.16995e+08
2017-10-04,85364.2,85480.9,85364.2,85429.5,4.44226e+08
2017-10-07,85516.7,85520.5,85069.5,85069.5,5.10525e+08
2017-10-08,85306.5,85306.5,84554.7,84564.9,6.19912e+08
2017-10-09,84568.2,84626.5,84568.2,84611.6,3.38339e+08
2017-10-10,84618.7,84751.1,84618.7,84734.4,3.47528e+08
2017-10-11,84748.4,84753.4,84725.8,84744.1,4.31028e+08
2017-10-14,84852.9,85263.6,84852.9,85263.6,3.41431e+08
2017-10-15,85283.8,85394.9,85283.8,85394.9,3.80881e+08
2017-10-16,85424.5,85593.9,85424.5,85590.7,4.47245e+08
2017-10-17,85615.5,85686,85615.5,85660,4.81134e+08
2017-10-18,85707.4,85771.3,85696.6,85768,4.21162e+08
2017-10-21,85856.7,86430.6,85856.7,86430.5,5.80515e+08
2017-10-22,86547.1,86553.3,86459.2,86480.2,4.68222e+08
2017-10-23,86481.8,86481.8,86326.2,86346.2,6.37587e+08
2017-10-24,86351,86529.2,86351,86529.2,5.70311e+08
2017-10-25,86564.1,86651.6,86564.1,86636.8,4.86602e+08
2017-10-28,86681.1,86940,86681.1,86935.4,5.14438e+08
2017-10-29,86985.6,87416.6,86985.6,87416.6,7.17769e+08
2017-10-30,87520.5,87579.8,87476.8,87477.2,5.26693e+08
2017-10-31,87515.1,87650,87484,87649.9,6.14298e+08
2017-11-01,87731.3,87883.5,87731.3,87844.9,5.50866e+08
2017-11-04,87886.9,87933.4,87842.2,87868.6,3.9792e+08
2017-11-05,87886,87974.4,87886,87905.1,5.89352e+08
2017-11-06,87941.4,87951.4,87843.6,87843.7,4.89018e+08
2017-11-07,87867.3,87970.4,87867.3,87883.1,4.08136e+08
2017-11-08,87880.3,87912.5,87879.6,87897.4,4.20925e+08
2017-11-11,87909,87925.6,87795.2,87795.2,3.96066e+08
2017-11-12,87800.3,87811.6,87744.7,87744.7,3.92759e+08
2017-11-13,87761.9,87867.7,87761.9,87832.5,3.94864e+08
2017-11-14,87850.6,87976.5,87850.6,87949.8,3.66824e+08
2017-11-15,87951.5,88017.3,87951.5,88005.9,4.55852e+08
2017-11-18,88027.9,88222.5,88027.9,88202.3,3.65136e+08
2017-11-20,88269.1,88354.9,88258.8,88261.2,4.52533e+08
2017-11-21,88465.4,88774.7,88465.4,88774.6,6.90754e+08
2017-11-22,88829.3,89339.1,88829.3,89339.1,7.72486e+08
2017-11-25,89626.5,90491,89626.5,90469.5,8.16234e+08
2017-11-26,90663,90727.9,90599.6,90655.5,8.39356e+08
2017-11-28,90774.1,91264.9,90774.1,91255.2,1.05909e+09
2017-11-29,91284.9,91329.2,91114.5,91152.2,6.091e+08
2017-12-02,91208.1,91358.2,91208.1,91296.7,4.21404e+08
2017-12-03,91313,91313,90951.8,90951.8,5.63361e+08
2017-12-04,90949.1,91055.4,90936.4,90936.6,6.32506e+08
2017-12-05,90937.2,91182.9,90937.2,91092.2,7.05537e+08
2017-12-09,91120.6,91239.8,91119.5,91160.3,6.88958e+08
2017-12-10,91228.8,91278.8,91197.2,91198.9,5.7963e+08
2017-12-11,91266.5,91552.4,91266.5,91552.4,1.05105e+09
2017-12-12,91840.7,92643,91840.7,92628.9,1.0974e+09
2017-12-13,92766.3,93343.4,92766.3,93283.7,1.05851e+09
2017-12-16,94606.4,94606.4,93283.6,94606.4,9.93217e+08
2017-12-17,95600.8,95784.9,94820.9,95600.8,1.04724e+09
2017-12-18,95623.4,95634.4,95394.5,95477.4,9.66729e+08
2017-12-19,95477.7,95703.4,95477.7,95590.6,7.56397e+08
2017-12-20,95598.8,95607.4,95428.1,95508.6,6.3201e+08
2017-12-23,95579.8,96816.3,95579.8,96816,7.60219e+08
2017-12-24,96840.9,97529.4,96840.9,97529.4,7.05509e+08
2017-12-25,97601.2,98373.7,97601.2,98358.4,1.01155e+09
2017-12-26,98362.5,98627.1,98150.7,98152.8,8.90179e+08
2017-12-27,98153.4,98514.2,97899.1,97899.2,6.7386e+08
2017-12-30,97847.9,97847.9,96981.1,97211.4,9.14849e+08
2017-12-31,97166.5,97166.5,95454.6,95561.6,1.52998e+09
2018-01-01,95569.3,96232.9,95569.3,96208,5.95868e+08
2018-01-02,96216,96354.5,96216,96241.3,5.70574e+08
2018-01-03,96249.4,96263.9,95929.4,95929.5,5.6534e+08
2018-01-06,95919.1,96281,95919.1,96270.4,4.47672e+08
2018-01-07,96276,96374.3,96234.5,96234.5,5.27099e+08
2018-01-08,96237.4,96351.9,96237.4,96332.6,4.74669e+08
2018-01-09,96336.3,96359.9,96141.1,96149.3,3.96642e+08
2018-01-10,96147.7,96261.3,96147.7,96186,4.93441e+08
2018-01-13,96267.6,96734.4,96267.6,96627.6,4.832e+08
2018-01-14,96647.2,97230.6,96647.2,97228.7,6.03722e+08
2018-01-15,97245.4,97966.6,97245.4,97944,7.70534e+08
2018-01-16,97958.4,98603.6,97958.4,98596.9,7.50576e+08
2018-01-17,98616.5,98959.5,98616.5,98923.6,6.73013e+08
2018-01-20,98946.9,99075.1,98817.3,98817.3,5.78081e+08
2018-01-21,98813.3,98813.3,98221.1,98221.1,6.41421e+08
2018-01-22,98217.9,98679.9,98217.9,98628.4,6.02466e+08
2018-01-23,98644.3,99224.8,98644.3,99224.8,5.57183e+08
2018-01-24,99271.4,99607.1,99271.4,99522.2,8.11472e+08
2018-01-27,99523.9,99607.1,99355.5,99355.6,5.93019e+08
2018-01-28,99363.6,99563.8,99363.6,99414.6,4.72837e+08
2018-01-29,99427.9,99501.7,99046.1,99046.1,5.2272e+08
2018-01-30,99056.6,99065.3,98557.7,98557.9,4.67614e+08
2018-01-31,98561.5,98561.5,98133.5,98133.5,5.24699e+08
2018-02-03,98130.4,98145.5,97718.8,97718.8,4.85608e+08
2018-02-04,97716.4,97878.9,97706.5,97808.2,5.0347e+08
2018-02-05,97809.3,98050.9,97809.3,98033.5,6.6545e+08
2018-02-06,98040.9,98093.5,97913.6,97927.5,5.52628e+08
2018-02-07,97931.4,98320.1,97931.4,98312.4,5.06526e+08
2018-02-10,98246.6,98246.6,97782.5,97782.7,5.70418e+08
2018-02-12,97789.1,98003.9,97789.1,97924.7,6.32552e+08
2018-02-13,97930.9,98180.2,97930.9,98103.4,8.68486e+08
2018-02-14,98119.7,98349.7,98119.7,98347.9,5.60849e+08
2018-02-17,98371,98603.8,98371,98429.7,7.02845e+08
2018-02-18,98430.4,98463,98300.4,98300.6,5.99153e+08
2018-02-19,98299.2,98338.9,98148.5,98148.5,5.36894e+08
2018-02-21,98158.7,98249.7,98155.5,98157.3,6.00997e+08
2018-02-24,98196.6,98313.7,98176.9,98176.9,9.72907e+08
2018-02-25,98180.8,98211.5,98080.2,98080.3,5.85445e+08
2018-02-26,98096.8,98173.3,98096.8,98098.5,5.99757e+08
2018-02-27,98105.6,98229.9,98097,98100.8,6.06924e+08
2018-02-28,98116.5,98181.6,97961.4,97961.8,7.24356e+08
2018-03-03,97968.9,97968.9,97388.4,97388.7,7.131e+08
2018-03-04,97401.5,97446.2,97354.3,97354.3,9.82784e+08
2018-03-05,97361.9,97401.2,97182.6,97182.6,6.57362e+08
2018-03-06,97163.2,97217.6,96991,96991,5.67635e+08
2018-03-07,96983.9,96997.6,96860.3,96860.3,4.3928e+08
2018-03-10,96880.1,96889.6,96594.5,96594.5,5.64978e+08
2018-03-11,96600.2,96608.4,96028.5,96028.5,6.08243e+08
2018-03-12,96032,96240.6,96032,96194.5,6.1521e+08
2018-03-13,96202.1,96314.2,96202.1,96314.2,5.14445e+08
2018-03-14,96320.4,96463.5,95525.9,95525.9,9.96558e+08
2018-03-17,95530.5,95688.5,95530.5,95577.3,8.28082e+08
2018-03-18,95616.7,95819.6,95616.7,95819.6,5.93074e+08
2018-03-19,95863.1,96337,95863.1,96290,6.42517e+08
2018-03-25,96339,96432.4,96339,96425.9,2.31123e+08
2018-03-26,96431.4,96611.8,96420.3,96489.7,6.38122e+08
2018-03-27,96493.5,96623.1,96493.5,96596.6,6.13589e+08
2018-03-28,96599.4,96951.4,96599.4,96938.9,5.56581e+08
2018-04-03,96948.9,97162.2,96948.9,97086.2,3.03436e+08
2018-04-04,97089.9,97150.6,97089.9,97150.6,4.65923e+08
2018-04-07,97159.2,97186.6,96779.9,96779.9,5.09293e+08
2018-04-08,96750.4,96750.4,96341,96341.3,6.81334e+08
2018-04-09,96376.8,97135.4,96376.8,97120.8,9.51531e+08
2018-04-10,97134.4,97164.5,96748,96748,6.17482e+08
2018-04-11,96762.6,96799.2,96265.4,96287.1,6.4343e+08
2018-04-15,96288.3,96308.3,95987.6,95987.6,4.15159e+08
2018-04-16,95991.3,96000.4,95506.3,95506.3,4.01671e+08
2018-04-17,95580.9,95589.2,95522.7,95522.7,3.44368e+08
2018-04-18,95572.6,95627.9,95518.2,95523.9,3.07682e+08
2018-04-21,95532.6,95565.9,95265.9,95265.9,3.15482e+08
2018-04-22,95270.9,95270.9,94494.3,94494.3,4.75819e+08
2018-04-23,94497.3,94512.7,94299.5,94299.5,3.36116e+08
2018-04-24,94316.1,94629,94316.1,94576.4,4.40045e+08
2018-04-25,94583.8,94883.9,94583.8,94796.1,4.05346e+08
2018-04-28,94796.9,94804.6,94284.5,94284.5,4.33557e+08
2018-04-29,94291,94298.7,93805.5,93805.6,4.09784e+08
2018-04-30,93808.2,93866.6,93586.9,93586.9,4.11792e+08
2018-05-01,93608.8,93630.8,93586.1,93612.1,4.6326e+08
2018-05-05,93642.2,93642.2,93100.7,93100.7,4.2606e+08
2018-05-06,93101,93101,92849.9,92849.9,4.93919e+08
2018-05-07,92855.6,93165.9,92855.6,93165.9,3.62164e+08
2018-05-08,93208.2,93605.9,93208.2,93605.9,5.8218e+08
2018-05-09,93654.1,93834.9,93654.1,93691.2,1.14649e+09
2018-05-12,93684.3,93934,93684.3,93891.1,4.9976e+08
2018-05-13,93953.7,94182.7,93953.7,94165.8,6.33614e+08
2018-05-14,94214.3,94704.4,94214.3,94703.4,6.72194e+08
2018-05-15,94769.6,94942,94769.6,94905.9,8.45228e+08
2018-05-16,94933.7,94980.2,94902.2,94940.2,7.89244e+08
2018-05-19,94972.5,95173.8,94972.5,95103.1,7.45671e+08
2018-05-20,95142.9,95235.2,95118.2,95136.5,7.18852e+08
2018-05-21,95133.7,95260.2,95133.7,95227.5,7.46724e+08
2018-05-22,95242.3,95282.8,95219,95229.9,5.60599e+08
2018-05-23,95243.9,95511,95243.9,95445.1,5.52911e+08
2018-05-26,95499,95930,95499,95794,6.9059e+08
2018-05-27,95838.8,95887.2,95625.8,95626,5.81641e+08
2018-05-28,95626.8,95654.9,95529.6,95529.6,5.54601e+08
2018-05-29,95531.6,95647.4,95409.6,95409.6,6.05059e+08
2018-05-30,95434,95665.2,95434,95577.7,6.58934e+08
2018-06-02,95609.5,96026.6,95609.5,95951.9,6.35002e+08
2018-06-03,95970.1,96024.7,95970.1,95998.9,5.01256e+08
2018-06-09,96083.7,96251.7,96064.1,96077.1,7.54003e+08
2018-06-10,96087.7,96139.1,95916,95916,7.50118e+08
2018-06-11,95958.7,95974.6,95846.3,95847.5,8.4244e+08
2018-06-12,95875.2,96378.7,95875.2,96378.7,9.94682e+08
2018-06-13,96445.2,99146.3,96445.2,99146.3,1.56175e+09
2018-06-17,100307,102452,100307,102452,1.71327e+09
2018-06-18,103958,104806,103958,104534,2.49269e+09
2018-06-19,104535,106512,104444,106504,1.76606e+09
2018-06-20,106787,109037,106787,108873,2.4187e+09
2018-06-23,109013,109401,109005,109401,1.41478e+09
2018-06-24,109586,112080,109586,112061,2.32234e+09
2018-06-25,112454,115226,112454,115175,2.89837e+09
2018-06-26,115555,115555,113450,113528,2.07716e+09
2018-06-27,113664,113811,111325,111325,1.75741e+09
2018-06-30,111468,111850,111441,111528,9.82619e+08
2018-07-01,111509,111509,108694,108694,1.2012e+09
2018-07-02,108837,109937,108837,109937,8.27792e+08
2018-07-03,110386,112473,110386,112346,1.27686e+09
2018-07-04,112866,113243,112490,112490,1.45245e+09
2018-07-07,112398,112398,111051,111052,8.95788e+08
2018-07-08,111334,111334,110851,110851,6.82847e+08
2018-07-10,110857,111259,110849,110849,5.57166e+08
2018-07-11,110832,110832,109505,109505,7.6178e+08
2018-07-14,109499,109545,108917,108917,7.21915e+08
2018-07-15,108915,109101,108059,108072,7.87747e+08
2018-07-16,108062,108566,108062,108110,7.59088e+08
2018-07-17,108121,108341,107694,107781,8.67494e+08
2018-07-18,107786,108216,107738,107777,1.47615e+09
2018-07-21,108048,108368,108048,108296,5.78246e+08
2018-07-22,108596,108989,108596,108831,8.92573e+08
2018-07-23,108884,108886,108445,108659,5.60449e+08
2018-07-24,108729,108854,108396,108396,7.97959e+08
2018-07-25,108416,108800,108326,108800,8.8455e+08
2018-07-28,109754,111922,109754,111878,1.33402e+09
2018-07-29,112854,114033,112854,113852,1.58679e+09
2018-07-30,114499,116844,114499,116760,1.95716e+09
2018-07-31,117132,121174,117132,121173,1.1824e+09
2018-08-01,121438,124590,121438,123951,2.0848e+09
2018-08-04,123878,124838,123580,124354,1.58794e+09
2018-08-05,125075,128591,125075,128448,2.57261e+09
2018-08-06,128956,133843,128956,133328,3.61652e+09
2018-08-07,133354,134422,132718,133584,2.52549e+09
2018-08-08,133692,133714,131522,131522,2.01201e+09
2018-08-11,131505,131505,129014,129014,1.50682e+09
2018-08-12,129018,130579,129018,129902,1.56516e+09
2018-08-13,129944,129944,128315,128523,1.55658e+09
2018-08-14,128728,131234,128728,130928,1.41609e+09
2018-08-15,130759,130960,130477,130477,1.06936e+09
2018-08-18,130584,131536,130524,131536,1.1835e+09
2018-08-19,132081,134836,132081,134355,1.5234e+09
2018-08-20,135266,137181,135266,137073,1.8684e+09
2018-08-21,137120,137261,136881,136911,1.48787e+09
2018-08-25,137163,138195,136343,136343,1.38628e+09
2018-08-26,137186,138583,136594,138583,1.62779e+09
2018-08-27,138925,140541,138925,140309,2.28409e+09
2018-08-28,139997,139997,136766,136766,2.04287e+09
2018-08-29,136758,137687,136758,137472,2.91982e+09
2018-09-01,137667,137793,136110,136110,2.89922e+09
2018-09-02,136239,136239,133675,133676,2.30525e+09
2018-09-03,134003,135258,134003,135258,1.7394e+09
2018-09-04,136883,138293,136883,137984,1.71264e+09
2018-09-05,138445,138445,137629,137714,1.38883e+09
2018-09-08,137960,139786,137960,139629,2.01815e+09
2018-09-09,139930,142235,139930,142234,3.07807e+09
2018-09-10,142508,147094,142508,146999,3.31901e+09
2018-09-11,148082,148578,147270,148578,3.26559e+09
2018-09-12,149180,155061,149180,155061,3.06228e+09
2018-09-15,155637,159445,155637,158119,4.21227e+09
2018-09-16,158215,158215,154201,155710,4.62092e+09
2018-09-17,156203,158972,156203,158072,3.59879e+09
2018-09-18,158316,158397,157033,157329,3.14046e+09
2018-09-22,157889,160644,157889,160538,3.21762e+09
2018-09-23,160880,165072,160880,165072,4.36241e+09
2018-09-24,165397,168625,165397,168624,3.70807e+09
2018-09-25,169729,174618,169729,174618,4.48593e+09
2018-09-26,174959,180636,174959,180636,4.22946e+09
2018-09-29,181414,187406,181414,187406,3.2985e+09
2018-09-30,187435,195104,187435,195104,4.57606e+09
2018-10-01,195633,197001,194477,195480,5.60728e+09
2018-10-02,195242,195242,188259,188259,4.96367e+09
2018-10-03,188259,188259,184042,185559,5.26256e+09
2018-10-06,185538,189894,184084,184085,5.84467e+09
2018-10-07,183664,183664,176419,176419,4.03657e+09
2018-10-08,176195,176195,173879,175185,2.76357e+09
2018-10-09,175216,181227,175216,180848,4.24635e+09
2018-10-10,180848,181622,180848,181016,2.52529e+09
2018-10-13,181009,181009,175033,175033,1.48662e+09
2018-10-14,175033,175033,174118,174924,1.95878e+09
2018-10-15,174826,180601,174826,180601,2.47258e+09
2018-10-16,180601,183813,180601,182834,3.51143e+09
2018-10-17,182834,182929,180323,182929,3.38552e+09
2018-10-20,182929,188583,182929,188576,2.23056e+09
2018-10-21,188576,190041,188576,189438,2.72463e+09
2018-10-22,189438,190026,187553,187779,2.74791e+09
2018-10-23,187779,187844,185280,185319,2.40226e+09
2018-10-24,185319,185319,180976,181060,1.75139e+09
2018-10-27,181060,181060,178841,178841,1.76787e+09
2018-10-28,178841,180627,178841,180627,1.78561e+09
2018-10-29,180627,183678,180627,183220,1.76439e+09
2018-10-31,183220,183670,183220,183367,2.02137e+09
2018-11-03,183367,183585,183346,183449,1.75302e+09
2018-11-04,183449,184428,182919,182919,1.9551e+09
2018-11-05,182919,184335,182919,184160,1.81859e+09
2018-11-06,184381,185456,184381,185100,1.7296e+09
2018-11-10,185100,185297,184231,184231,3.47927e+09
2018-11-11,184265,184265,180637,180668,1.97446e+09
2018-11-12,180756,182231,180756,182212,2.0464e+09
2018-11-13,182498,183907,182498,183212,2.65976e+09
2018-11-14,183029,183029,181994,181994,1.84324e+09
2018-11-17,181970,182010,178819,178819,1.64131e+09
2018-11-18,178649,178649,173326,173558,1.99795e+09
2018-11-19,173538,176040,173538,175816,1.62184e+09
2018-11-20,175844,176646,175844,176459,1.5803e+09
2018-11-21,176459,176806,175713,175713,1.65849e+09
2018-11-24,175611,175611,171253,171253,1.55381e+09
2018-11-26,170336,170336,166463,166463,1.3695e+09
2018-11-27,166472,167864,166472,167200,9.54189e+08
2018-11-28,167144,167144,163772,163772,1.52097e+09
2018-12-01,163502,163502,159202,159854,1.74584e+09
2018-12-02,160023,163139,160023,163138,1.19734e+09
2018-12-03,164031,166557,164031,166304,1.33394e+09
2018-12-04,166522,166852,165567,165702,1.19906e+09
2018-12-05,165776,167132,165776,166860,1.32234e+09
2018-12-08,167332,167540,167083,167083,1.17502e+09
2018-12-09,167408,167545,166891,166891,2.32256e+09
2018-12-10,166925,167330,166916,166916,1.52395e+09
2018-12-11,166952,167083,166235,166235,1.28204e+09
2018-12-12,166199,166199,165352,165352,1.14135e+09
2018-12-15,165388,165690,164486,164486,1.11083e+09
2018-12-16,164474,164474,161708,161708,1.34924e+09
2018-12-17,161775,162063,159750,159750,1.42462e+09
2018-12-18,159873,159925,159146,159146,8.50844e+08
2018-12-19,159119,159119,156083,156083,1.00613e+09
2018-12-22,156209,156375,154550,154550,8.79895e+08
2018-12-23,154596,156764,154596,156694,1.46753e+09
2018-12-24,156818,157693,156818,157484,1.79276e+09
2018-12-25,157458,157458,156950,156950,1.69309e+09
2018-12-26,157210,158444,157210,158444,2.64148e+09
2018-12-29,158662,160775,158662,160774,1.46068e+09
2018-12-30,160859,161509,160859,161310,1.73408e+09
2018-12-31,161380,161475,161344,161405,1.67185e+09
2019-01-01,161467,161912,161449,161841,3.50501e+09
2019-01-02,162064,162088,160899,160899,3.91277e+09
2019-01-05,161001,161340,161001,161107,1.74909e+09
2019-01-06,161143,161483,161143,161276,2.3948e+09
2019-01-07,161378,162456,161378,162324,1.91985e+09
2019-01-08,162482,164175,162482,163967,2.32139e+09
2019-01-09,164086,166073,164086,164829,1.49068e+09
2019-01-12,164925,165271,164904,164930,1.57221e+09
2019-01-13,165019,165019,164494,164494,2.06044e+09
2019-01-14,164566,164918,164566,164696,1.87267e+09
2019-01-15,164781,165684,164781,165446,2.14201e+09
2019-01-16,165700,165995,165562,165595,2.1548e+09
2019-01-19,165664,166447,165664,166131,1.65503e+09
2019-01-20,166763,167028,165575,165575,1.94237e+09
2019-01-21,165206,165206,161922,161922,1.76999e+09
2019-01-22,161966,162806,161966,162806,1.70736e+09
2019-01-23,162949,163335,162941,162941,1.35986e+09
2019-01-26,163048,163169,162478,162478,1.55035e+09
2019-01-27,162832,162832,160798,160798,3.15903e+09
2019-01-28,160835,160944,159818,159818,1.84168e+09
2019-01-29,159879,160363,159879,160153,1.35063e+09
2019-01-30,160246,160491,160246,160295,1.63899e+09
2019-02-02,160401,160525,159853,159856,1.56397e+09
2019-02-03,159809,159809,157352,157355,0
2019-02-04,157595,158486,157595,158044,1.53124e+09
2019-02-05,158241,158456,158241,158394,1.4999e+09
2019-02-06,158694,158833,158535,158536,1.45243e+09
2019-02-10,158624,158777,158468,158468,8.34192e+08
2019-02-12,158501,158550,157973,157973,1.14265e+09
2019-02-13,157963,157963,157311,157311,1.35753e+09
2019-02-16,157592,157839,157114,157114,1.07399e+09
2019-02-17,157216,157219,156155,156155,9.54711e+08
2019-02-18,156304,156832,156304,156705,1.01376e+09
2019-02-19,156828,157513,156828,157387,1.07779e+09
2019-02-20,157728,159490,157728,159489,1.33622e+09
2019-02-23,160549,164289,160549,164268,2.03426e+09
2019-02-24,164789,166030,164789,166030,1.5716e+09
2019-02-25,166212,166945,166212,166794,1.61367e+09
2019-02-26,165950,165950,164711,164712,1.362e+09
2019-02-27,164881,165359,164881,165295,1.15127e+09
2019-03-02,165552,165552,164370,164370,1.21398e+09
2019-03-03,164480,164571,164440,164443,1.38186e+09
2019-03-04,164573,164779,164239,164239,1.3768e+09
2019-03-05,164433,164433,162594,162594,1.24677e+09
2019-03-06,162727,162957,162727,162827,1.24104e+09
2019-03-09,162982,163086,162982,163007,1.35515e+09
2019-03-10,163014,164471,162990,164470,1.56253e+09
2019-03-11,165037,167443,165037,167371,1.93872e+09
2019-03-12,167518,168095,167503,167910,1.53118e+09
2019-03-13,168141,169664,168141,169116,1.742e+09
2019-03-16,169274,171709,169274,171125,1.353e+09
2019-03-17,171392,172539,171392,172522,1.57245e+09
2019-03-18,172614,175899,172614,175899,1.83355e+09
2019-03-19,176273,178673,176273,178659,1.53226e+09
2019-03-25,178788,179194,178743,179194,1.02693e+09
2019-03-26,179622,179847,179444,179766,1.50395e+09
2019-03-27,180037,181542,180037,181542,1.79937e+09
2019-03-30,181906,185358,181906,185358,1.85316e+09
2019-03-31,186000,186783,185281,185281,1.92175e+09
2019-04-06,185534,186535,185529,186536,2.03976e+09
2019-04-07,187055,188645,187055,188074,3.44816e+09
2019-04-08,187590,188592,186667,188593,3.04755e+09
2019-04-09,188937,190585,188937,190425,2.91821e+09
2019-04-10,190824,193981,190824,193978,3.37157e+09
2019-04-13,194884,195739,194884,195203,3.17169e+09
2019-04-14,195263,196085,194037,196084,2.69378e+09
2019-04-15,196861,201827,196861,201806,7.16947e+09
2019-04-16,202142,202679,201789,201891,8.20692e+09
2019-04-17,201091,201091,198631,199911,4.8586e+09
2019-04-20,200734,204375,200734,204375,3.74062e+09
2019-04-22,206253,206835,204321,204322,6.37193e+09
2019-04-23,203732,203732,202656,202858,3.5334e+09
2019-04-24,203071,203904,203071,203777,4.98482e+09
2019-04-27,204195,205287,204195,205287,4.2991e+09
2019-04-28,206169,209264,206169,209244,4.21779e+09
2019-04-29,210440,214867,210440,214868,7.25309e+09
2019-04-30,216899,219086,216637,216642,5.05914e+09
2019-05-01,217222,220108,217222,220109,4.63439e+09
2019-05-04,221546,224589,221546,224590,6.18503e+09
2019-05-05,226475,226952,224057,224057,7.64466e+09
2019-05-06,223368,223368,215818,215821,5.32985e+09
2019-05-07,213710,213710,207966,208197,4.3146e+09
2019-05-08,207779,211344,207779,211344,4.74754e+09
2019-05-11,211301,212479,209154,209155,4.06977e+09
2019-05-12,208660,208660,203489,204069,3.2319e+09
2019-05-13,204751,207752,204751,207752,3.37307e+09
2019-05-14,208474,211995,208474,211746,4.34042e+09
2019-05-15,212246,212270,210898,211018,3.44499e+09
2019-05-18,211922,213169,211922,212748,3.59114e+09
2019-05-19,212888,213110,212751,212852,3.20147e+09
2019-05-20,213127,213149,211708,211872,3.46071e+09
2019-05-21,212367,215211,212367,215092,2.84166e+09
2019-05-22,215504,215756,215115,215169,2.6523e+09
2019-05-25,215141,215141,213802,214314,2.22497e+09
2019-05-26,214651,217577,214651,217574,2.98544e+09
2019-05-28,219484,223254,219484,223254,4.30721e+09
2019-05-29,224527,225232,224476,224477,4.02789e+09
2019-06-01,223723,223723,221336,222388,4.9716e+09
2019-06-02,222588,224731,222588,224544,4.45453e+09
2019-06-03,225231,227308,225231,226983,4.68404e+09
2019-06-08,226586,226888,226205,226888,3.40457e+09
2019-06-09,227333,232416,227333,229809,3.59174e+09
2019-06-10,230606,232619,230267,230268,4.5985e+09
2019-06-11,230592,230679,229771,230618,4.5154e+09
2019-06-12,232196,233791,232196,233353,5.70071e+09
2019-06-15,232974,234167,232107,234168,4.64775e+09
2019-06-16,235215,239154,235215,238220,4.89846e+09
2019-06-17,238068,238420,237557,238161,2.99204e+09
2019-06-18,238422,239122,237146,237148,3.57154e+09
2019-06-19,237432,237502,234879,234879,3.22025e+09
2019-06-22,234307,234307,233477,233886,2.54885e+09
2019-06-23,234409,237459,234409,237460,2.61839e+09
2019-06-24,238274,242568,238274,242568,3.15038e+09
2019-06-25,243031,245111,242339,245099,3.23647e+09
2019-06-26,246532,248640,246532,248578,3.60748e+09
2019-06-30,249393,250184,248532,248533,3.07732e+09
2019-07-01,248349,248349,246730,247122,2.70327e+09
2019-07-02,247302,248276,247302,248276,2.52839e+09
2019-07-03,248920,249550,248920,248944,2.92572e+09
2019-07-06,249117,249117,245445,245446,2.71781e+09
2019-07-07,245729,246565,245729,246448,2.26397e+09
2019-07-08,247006,249399,247006,249253,3.23925e+09
2019-07-09,249530,249530,248507,248716,2.95517e+09
2019-07-10,248902,249622,248902,249622,2.85019e+09
2019-07-13,250056,250605,250056,250605,3.48236e+09
2019-07-14,251166,253640,251166,253578,2.84858e+09
2019-07-15,254189,254841,253303,253303,2.58755e+09
2019-07-16,253130,253130,246267,246268,2.53573e+09
2019-07-17,245583,246992,245363,246790,2.79733e+09
2019-07-20,247000,247380,246437,246437,2.51145e+09
2019-07-21,246938,249809,246938,249662,1.45158e+09
2019-07-22,251818,253590,251818,253057,1.7193e+09
2019-07-23,253353,253353,251131,251278,1.45344e+09
2019-07-24,251387,253052,251387,252865,1.32536e+09
2019-07-27,253140,253164,252049,252275,1.69998e+09
2019-07-28,252534,252751,252280,252325,1.94613e+09
2019-07-29,252544,252987,252394,252488,1.74607e+09
2019-07-30,252576,252898,252576,252898,1.5913e+09
2019-07-31,253110,254445,253110,254446,2.03822e+09
2019-08-03,254618,254756,254300,254454,1.77914e+09
2019-08-04,254961,255530,254961,255530,2.22249e+09
2019-08-05,256351,256783,256351,256698,2.31586e+09
2019-08-06,257709,257742,255511,255512,2.77915e+09
2019-08-07,255759,255910,255099,255163,2.8151e+09
2019-08-10,255457,255838,255299,255306,2.42788e+09
2019-08-11,255696,255919,255696,255876,2.63866e+09
2019-08-13,256151,257097,256151,257097,3.14907e+09
2019-08-14,258278,261606,258278,261392,2.94592e+09
2019-08-17,262112,262198,261405,261406,3.30438e+09
2019-08-18,262047,262047,260991,260992,2.95981e+09
2019-08-19,261673,262941,261673,262941,2.87044e+09
2019-08-21,263901,266127,263901,266127,2.94481e+09
2019-08-24,266969,269998,266969,269986,4.95142e+09
2019-08-25,270899,271172,268220,269225,4.95252e+09
2019-08-26,269951,274871,269951,274872,4.06745e+09
2019-08-27,276682,279508,276682,278470,3.99827e+09
2019-08-28,277418,278674,274551,278675,3.4568e+09
2019-08-31,280867,285265,280867,284139,4.28652e+09
2019-09-01,284441,286114,284218,286115,3.73085e+09
2019-09-02,286937,287147,283001,283063,3.8362e+09
2019-09-03,283081,285573,283066,285574,2.86132e+09
2019-09-04,286841,290178,286841,290178,2.87412e+09
2019-09-07,291612,294601,291612,294602,3.27884e+09
2019-09-08,296089,297232,296089,296732,3.56649e+09
2019-09-11,297863,299930,297863,299931,3.96999e+09
2019-09-14,301523,304738,301523,304460,7.22277e+09
2019-09-15,304779,304779,301828,302396,6.42062e+09
2019-09-16,304545,307415,304545,305917,6.98297e+09
2019-09-17,305698,305698,302081,302082,9.76773e+09
2019-09-18,301559,301559,293770,294167,5.01743e+09
2019-09-21,294542,297874,294542,297713,3.68268e+09
2019-09-22,299001,302103,299001,302104,4.03921e+09
2019-09-23,304176,311483,304176,311471,5.03808e+09
2019-09-24,313842,314835,312206,312206,4.57277e+09
2019-09-25,312564,314409,312092,314409,4.3157e+09
2019-09-28,316772,320261,316772,320024,4.24604e+09
2019-09-29,321958,321958,317645,318251,7.2867e+09
2019-09-30,320747,324744,320747,324706,5.81959e+09
2019-10-01,327723,328732,326098,326098,8.38393e+09
2019-10-02,325048,326341,321606,326117,6.59149e+09
2019-10-05,328263,330447,327305,327306,5.85708e+09
2019-10-06,326250,326250,319562,320208,5.06695e+09
2019-10-07,320762,324075,320762,320910,4.78856e+09
2019-10-08,320678,320678,314468,314470,4.39277e+09
2019-10-09,312074,313049,309961,313049,3.77391e+09
2019-10-12,315433,322059,315433,322060,3.67384e+09
2019-10-13,326741,329667,326190,326191,3.13312e+09
2019-10-14,325280,325280,318215,319872,2.63615e+09
2019-10-15,320040,320335,308957,308979,3.16271e+09
2019-10-16,308307,310194,308307,309640,3.2257e+09
2019-10-20,309935,310145,301390,301391,2.59764e+09
2019-10-21,301414,302177,299880,302173,2.89255e+09
2019-10-22,303956,309420,303956,308315,3.01487e+09
2019-10-23,309188,309188,305806,305808,2.27171e+09
2019-10-26,305911,305911,303449,303450,1.88847e+09
2019-10-28,303780,305971,303780,305970,2.22489e+09
2019-10-30,306874,309671,306874,309661,2.11345e+09
2019-11-02,310910,311466,308730,308730,2.8324e+09
2019-11-03,308713,309522,308188,308961,3.39474e+09
2019-11-04,308948,308948,304676,304676,2.74083e+09
2019-11-05,304530,305342,304091,305333,2.27083e+09
2019-11-09,306093,307029,305858,305859,2.39607e+09
2019-11-10,305911,305911,302794,302795,2.1062e+09
2019-11-11,302892,303944,302892,303944,2.05054e+09
2019-11-12,304730,306978,304730,306655,2.25305e+09
2019-11-13,307087,307291,307083,307094,2.07315e+09
2019-11-16,308852,308852,306885,306886,2.45331e+09
2019-11-17,304278,304278,302340,302341,2.92938e+09
2019-11-18,301763,302828,301763,302726,1.87879e+09
2019-11-19,303137,304891,303137,304688,1.76204e+09
2019-11-20,305079,305450,304996,304997,1.75096e+09
2019-11-23,305802,306145,305622,305622,2.03245e+09
2019-11-24,306045,306045,305452,305774,2.6033e+09
2019-11-25,306843,308477,306843,308477,2.83197e+09
2019-11-26,309349,309865,309349,309643,2.935e+09
2019-11-27,310186,311312,310186,311230,2.36091e+09
2019-11-30,312325,314587,312325,314588,3.02781e+09
2019-12-01,315757,318670,315757,318670,3.34274e+09
2019-12-02,320921,322896,320194,320195,3.80558e+09
2019-12-03,320249,320840,319104,320814,2.67876e+09
2019-12-04,321561,322562,321561,322528,2.85296e+09
2019-12-07,325322,328471,325322,327625,3.53981e+09
2019-12-08,328787,332582,328787,332567,4.31098e+09
2019-12-09,334541,336002,334541,335792,3.94876e+09
2019-12-10,337580,340733,337580,339434,5.33532e+09
2019-12-11,338832,339386,337025,339387,3.16258e+09
2019-12-14,340862,343291,340862,343292,3.43096e+09
2019-12-15,345115,346738,344115,344115,4.08302e+09
2019-12-16,344441,344585,343711,344488,3.32304e+09
2019-12-17,345685,346974,345685,346871,4.19196e+09
2019-12-18,347815,350323,347815,350323,4.33861e+09
2019-12-21,352224,354259,352224,353997,4.25442e+09
2019-12-22,354693,356721,354693,356721,4.011e+09
2019-12-23,359004,363242,359004,359366,6.17509e+09
2019-12-24,359615,362651,359138,362259,3.51414e+09
2019-12-25,362815,362815,360376,361088,4.08419e+09
2019-12-28,363207,367632,363207,367632,5.01087e+09
2019-12-29,369759,369779,367904,369730,4.65495e+09
2019-12-30,371713,375548,371713,375548,4.80529e+09
2019-12-31,378415,379674,376371,377013,5.65208e+09
2020-01-01,378690,384934,378690,384100,4.57855e+09
2020-01-04,371447,371447,367333,367334,6.45675e+09
2020-01-05,362467,365836,362467,365816,5.46258e+09
2020-01-07,365917,368504,358842,358843,4.51998e+09
2020-01-08,355715,355759,353672,353808,4.82195e+09
2020-01-11,355946,359807,355946,359807,1.38914e+09
2020-01-12,370863,375650,370863,375650,4.75151e+09
2020-01-13,383453,392057,383453,392038,6.40109e+09
2020-01-14,398478,398920,395679,395913,5.75304e+09
2020-01-15,396485,399445,393990,399445,5.16983e+09
2020-01-18,403849,410668,403849,409962,8.64968e+09
2020-01-19,410977,410977,407054,410694,5.88266e+09
2020-01-20,411460,411460,409044,409808,5.69751e+09
2020-01-21,409238,409238,406008,406009,6.26194e+09
2020-01-22,406104,411211,405366,411212,4.8111e+09
2020-01-25,415342,417100,415342,417002,4.95815e+09
2020-01-26,422214,422713,418310,418312,7.64999e+09
2020-01-27,418250,420668,415189,420668,6.20775e+09
2020-01-28,423383,427497,423383,427139,4.91265e+09
2020-02-01,430504,430737,426184,426185,8.35922e+09
2020-02-02,425730,428216,422587,428217,7.16835e+09
2020-02-03,432109,438893,432109,438880,6.84816e+09
2020-02-04,444098,444403,440184,440199,9.87543e+09
2020-02-05,441653,445894,441468,445894,7.44697e+09
2020-02-08,454993,456488,452842,452842,9.27621e+09
2020-02-09,454681,455488,454398,454618,5.15159e+09
2020-02-10,456680,456680,445498,447152,5.79497e+09
2020-02-12,449813,459565,449813,459080,6.41229e+09
2020-02-15,465271,465978,460615,461988,5.77667e+09
2020-02-16,465788,472750,465788,472750,6.22945e+09
2020-02-17,479517,480712,476812,476813,5.9658e+09
2020-02-18,477209,477209,468834,472120,4.79796e+09
2020-02-19,474805,479180,474805,478756,4.66294e+09
2020-02-22,467332,481869,467120,481798,6.04453e+09
2020-02-23,489531,499031,489531,498904,4.6821e+09
2020-02-24,506717,507269,501914,503736,5.04981e+09
2020-02-25,509942,518514,509472,518513,7.26413e+09
2020-02-26,529426,530073,523850,523851,7.16094e+09
2020-02-29,509022,509022,504035,505801,5.74101e+09
2020-03-01,505920,515583,505920,515583,4.94377e+09
2020-03-02,518203,529329,518203,529329,6.07081e+09
2020-03-03,532962,544239,532962,544238,4.90175e+09
2020-03-04,547292,555293,547292,555168,6.50642e+09
2020-03-07,555081,555081,549185,549185,4.70309e+09
2020-03-09,545656,545656,534376,534378,3.29926e+09
2020-03-10,529129,529129,519847,519847,4.70207e+09
2020-03-11,518747,522301,518747,520212,5.07061e+09
2020-03-14,520048,520048,502688,502739,4.00074e+09
2020-03-15,498654,498654,493276,494406,4.76177e+09
2020-03-16,495605,506083,495605,506080,4.54116e+09
2020-03-17,506880,506880,501053,502430,3.26061e+09
2020-03-18,503411,512909,503411,512900,4.05412e+09
2020-03-24,513247,513347,508533,508662,3.96621e+09
2020-03-25,509932,521268,509932,521268,4.35596e+09
2020-03-28,524609,532526,524609,532525,4.89411e+09
2020-03-29,537130,545908,537130,545649,8.24308e+09
2020-03-30,547006,547661,543655,547658,7.14821e+09
2020-04-04,551839,567665,551839,567426,6.42396e+09
2020-04-05,571165,574020,571165,573904,6.96455e+09
2020-04-06,575338,575338,568336,569674,6.90669e+09
2020-04-07,571035,583599,571035,583383,6.08848e+09
2020-04-08,586287,597351,586287,597254,6.42086e+09
2020-04-11,600714,608289,600705,607856,6.37288e+09
2020-04-12,610281,623328,610281,623260,6.64804e+09
2020-04-13,626759,643951,624527,624528,5.8692e+09
2020-04-14,622910,626515,617224,626409,5.39989e+09
2020-04-15,629198,645781,629198,645762,1.21157e+10
2020-04-18,653689,668981,653689,668906,4.08488e+09
2020-04-19,677297,691183,677297,690037,1.06004e+10
2020-04-20,691277,709012,691277,708995,6.77143e+09
2020-04-21,716060,726964,716060,726137,6.76172e+09
2020-04-22,729307,741952,729307,741932,5.82869e+09
2020-04-25,750464,770549,750464,769373,3.26601e+09
2020-04-26,780468,798105,780468,797813,8.72099e+09
2020-04-27,806172,820534,806172,820505,7.00215e+09
2020-04-28,830580,846008,830580,845952,6.38569e+09
2020-04-29,853992,878434,853992,878101,4.4298e+09
2020-05-02,892690,917501,892690,917406,3.55812e+09
2020-05-03,932736,964308,932736,956200,5.24869e+09
2020-05-04,956324,979106,956324,979105,9.43054e+09
2020-05-05,992991,995966,978019,980571,1.84391e+10
2020-05-06,980515,980515,965587,977923,1.22009e+10
2020-05-09,990339,1.02091e+06,990339,1.02022e+06,6.11817e+09
2020-05-10,1.03383e+06,1.04456e+06,1.03383e+06,1.04325e+06,5.9087e+09
2020-05-11,1.04882e+06,1.04882e+06,1.04307e+06,1.04776e+06,6.99847e+09
2020-05-12,1.0455e+06,1.0455e+06,1.02031e+06,1.02145e+06,2.20253e+10
2020-05-13,1.00936e+06,1.02606e+06,1.00801e+06,1.01766e+06,1.62573e+10
2020-05-16,1.01665e+06,1.01665e+06,982410,987475,5.49866e+09
2020-05-17,979444,979444,964004,968460,1.03681e+10
2020-05-18,978644,995184,978644,995181,1.14418e+10
2020-05-19,1.0047e+06,1.00856e+06,1.00087e+06,1.00212e+06,8.73052e+09
2020-05-20,996630,996750,985119,986759,9.26523e+09
2020-05-23,986677,986677,959306,959840,1.13597e+10
2020-05-26,946195,946195,926121,926133,7.37747e+09
2020-05-27,913866,938557,913435,938557,1.11525e+10
2020-05-30,939162,973495,939162,973494,7.10481e+09
2020-05-31,983773,987440,970270,970413,1.22115e+10
2020-06-01,971583,988120,971214,988121,8.80159e+09
2020-06-02,996019,1.02853e+06,996019,1.02854e+06,1.04972e+10
2020-06-06,1.04617e+06,1.06886e+06,1.04617e+06,1.06884e+06,8.91996e+09
2020-06-07,1.09097e+06,1.11628e+06,1.09097e+06,1.11619e+06,6.65929e+09
2020-06-08,1.12181e+06,1.12789e+06,1.1142e+06,1.11891e+06,1.04301e+10
2020-06-09,1.11734e+06,1.12908e+06,1.11734e+06,1.11812e+06,9.10459e+09
2020-06-10,1.12756e+06,1.15367e+06,1.12756e+06,1.15368e+06,1.01903e+10
2020-06-13,1.17402e+06,1.1905e+06,1.17402e+06,1.18986e+06,7.40996e+09
2020-06-14,1.20187e+06,1.20187e+06,1.17841e+06,1.18542e+06,1.2623e+10
2020-06-15,1.19107e+06,1.20565e+06,1.19107e+06,1.2001e+06,7.82558e+09
2020-06-16,1.20411e+06,1.2297e+06,1.20411e+06,1.22967e+06,6.26003e+09
2020-06-20,1.2449e+06,1.27062e+06,1.2449e+06,1.27063e+06,5.97916e+09
2020-06-21,1.29266e+06,1.30083e+06,1.29266e+06,1.30081e+06,1.11575e+10
2020-06-22,1.31583e+06,1.34157e+06,1.31583e+06,1.34158e+06,8.99557e+09
2020-06-23,1.36421e+06,1.39181e+06,1.36421e+06,1.39103e+06,6.4101e+09
2020-06-24,1.39358e+06,1.41945e+06,1.39358e+06,1.41945e+06,5.86657e+09
2020-06-27,1.43609e+06,1.46628e+06,1.43609e+06,1.46628e+06,5.38498e+09
2020-06-28,1.49992e+06,1.49992e+06,1.48773e+06,1.49193e+06,1.56976e+10
2020-06-29,1.47689e+06,1.48193e+06,1.46044e+06,1.48194e+06,1.19659e+10
2020-06-30,1.50296e+06,1.54685e+06,1.50296e+06,1.54685e+06,5.42373e+09
2020-07-01,1.57766e+06,1.6129e+06,1.57766e+06,1.6129e+06,9.7424e+09
2020-07-04,1.63566e+06,1.64526e+06,1.61882e+06,1.62134e+06,1.35172e+10
2020-07-05,1.6247e+06,1.65542e+06,1.62021e+06,1.65543e+06,9.07616e+09
2020-07-06,1.67637e+06,1.74087e+06,1.67637e+06,1.71835e+06,5.96064e+09
2020-07-07,1.73485e+06,1.748e+06,1.73485e+06,1.74708e+06,8.76905e+09
2020-07-08,1.75756e+06,1.76701e+06,1.75252e+06,1.75364e+06,1.4499e+10
2020-07-11,1.72665e+06,1.74135e+06,1.71903e+06,1.74135e+06,9.08548e+09
2020-07-12,1.76346e+06,1.81483e+06,1.76346e+06,1.81284e+06,1.02272e+10
2020-07-13,1.81268e+06,1.82211e+06,1.79981e+06,1.82208e+06,1.14468e+10
2020-07-14,1.84238e+06,1.84616e+06,1.83513e+06,1.84491e+06,8.35959e+09
2020-07-15,1.84042e+06,1.84512e+06,1.83857e+06,1.8417e+06,1.3502e+10
2020-07-18,1.82265e+06,1.82265e+06,1.80903e+06,1.80917e+06,7.16543e+09
2020-07-19,1.79798e+06,1.86502e+06,1.79798e+06,1.86503e+06,1.26566e+10
2020-07-20,1.89378e+06,1.92488e+06,1.89378e+06,1.92485e+06,7.90872e+09
2020-07-21,1.92018e+06,1.92018e+06,1.90124e+06,1.91619e+06,7.83564e+09
2020-07-22,1.90969e+06,1.90969e+06,1.88859e+06,1.90115e+06,6.60809e+09
2020-07-25,1.93278e+06,1.95315e+06,1.93278e+06,1.95291e+06,8.97613e+09
2020-07-26,1.95756e+06,1.96418e+06,1.93596e+06,1.94609e+06,8.08088e+09
2020-07-27,1.92454e+06,1.93394e+06,1.90033e+06,1.93394e+06,1.3329e+10
2020-07-28,1.94646e+06,1.97349e+06,1.94115e+06,1.94119e+06,1.30798e+10
2020-07-29,1.92408e+06,1.92408e+06,1.89958e+06,1.90432e+06,9.36341e+09
2020-08-01,1.9126e+06,1.96164e+06,1.9126e+06,1.96162e+06,9.99808e+09
2020-08-02,1.96162e+06,2.01373e+06,1.96162e+06,2.01152e+06,1.26089e+10
2020-08-03,2.01187e+06,2.01542e+06,1.98759e+06,1.99334e+06,7.97564e+09
2020-08-04,1.98639e+06,1.99504e+06,1.98639e+06,1.99504e+06,1.15563e+10
2020-08-05,2.01198e+06,2.03421e+06,2.01198e+06,2.03419e+06,9.24666e+09
2020-08-09,2.06882e+06,2.08319e+06,2.06882e+06,2.07855e+06,8.35715e+09
2020-08-10,2.1007e+06,2.10331e+06,2.06465e+06,2.06511e+06,1.10267e+10
2020-08-11,2.0398e+06,2.0398e+06,1.99937e+06,1.99984e+06,6.1835e+09
2020-08-12,2.01869e+06,2.03946e+06,1.97529e+06,1.97544e+06,1.22733e+10
2020-08-15,1.94479e+06,1.94479e+06,1.90298e+06,1.90327e+06,5.56045e+09
2020-08-16,1.88084e+06,1.88084e+06,1.81355e+06,1.81357e+06,4.65256e+09
2020-08-17,1.79978e+06,1.81575e+06,1.79431e+06,1.81575e+06,1.30661e+10
2020-08-18,1.8388e+06,1.85653e+06,1.82535e+06,1.82535e+06,1.10529e+10
2020-08-19,1.81231e+06,1.81231e+06,1.75687e+06,1.75723e+06,3.92486e+09
2020-08-22,1.77345e+06,1.77956e+06,1.72722e+06,1.72724e+06,8.79197e+09
2020-08-23,1.71059e+06,1.71059e+06,1.6622e+06,1.66222e+06,5.50738e+09
2020-08-24,1.65069e+06,1.65069e+06,1.60725e+06,1.60858e+06,9.71218e+09
2020-08-25,1.62198e+06,1.65047e+06,1.62198e+06,1.65004e+06,8.35382e+09
2020-08-26,1.67664e+06,1.71878e+06,1.67664e+06,1.71878e+06,3.5324e+09
2020-08-31,1.7534e+06,1.76248e+06,1.72794e+06,1.72804e+06,1.48419e+10
2020-09-01,1.71496e+06,1.71496e+06,1.68473e+06,1.68479e+06,4.77976e+09
2020-09-02,1.66089e+06,1.66089e+06,1.63188e+06,1.63194e+06,3.84973e+09
2020-09-05,1.64219e+06,1.64528e+06,1.63917e+06,1.64201e+06,9.32476e+09
2020-09-06,1.66068e+06,1.66927e+06,1.64778e+06,1.64778e+06,9.06289e+09
2020-09-07,1.63169e+06,1.63169e+06,1.60719e+06,1.6072e+06,3.8022e+09
2020-09-08,1.587e+06,1.587e+06,1.57001e+06,1.57001e+06,8.54554e+08
2020-09-09,1.55259e+06,1.55632e+06,1.54614e+06,1.55628e+06,1.13144e+10
2020-09-12,1.57148e+06,1.59046e+06,1.57148e+06,1.58375e+06,4.76518e+09
2020-09-13,1.58416e+06,1.59327e+06,1.57473e+06,1.57819e+06,8.29617e+09
2020-09-14,1.58445e+06,1.60758e+06,1.58445e+06,1.60759e+06,7.006e+09
2020-09-15,1.63304e+06,1.66725e+06,1.63304e+06,1.66459e+06,7.40082e+09
2020-09-16,1.69453e+06,1.71204e+06,1.69453e+06,1.70411e+06,1.431e+10
2020-09-19,1.69917e+06,1.71299e+06,1.686e+06,1.69949e+06,1.00781e+10
2020-09-20,1.68963e+06,1.69072e+06,1.65223e+06,1.65224e+06,5.18039e+09
2020-09-21,1.61966e+06,1.61966e+06,1.59514e+06,1.59516e+06,2.68298e+09
2020-09-22,1.59267e+06,1.59418e+06,1.56652e+06,1.58118e+06,9.71737e+09
2020-09-23,1.59623e+06,1.62185e+06,1.59623e+06,1.61158e+06,1.06844e+10
2020-09-26,1.62553e+06,1.63489e+06,1.61553e+06,1.61553e+06,6.24927e+09
2020-09-27,1.59924e+06,1.59924e+06,1.57088e+06,1.57089e+06,2.90581e+09
2020-09-28,1.55144e+06,1.55144e+06,1.51592e+06,1.51593e+06,1.41245e+09
2020-09-29,1.49784e+06,1.49784e+06,1.48358e+06,1.49294e+06,8.87375e+09
2020-09-30,1.50081e+06,1.50342e+06,1.48899e+06,1.50343e+06,8.10235e+09
2020-10-03,1.51327e+06,1.54615e+06,1.51327e+06,1.54615e+06,6.39498e+09
2020-10-04,1.54896e+06,1.54896e+06,1.52293e+06,1.52298e+06,1.32101e+10
2020-10-05,1.50415e+06,1.50415e+06,1.48978e+06,1.49017e+06,8.48548e+09
2020-10-06,1.49605e+06,1.51471e+06,1.49605e+06,1.5147e+06,5.57355e+09
2020-10-07,1.52681e+06,1.54192e+06,1.52681e+06,1.5407e+06,7.40188e+09
2020-10-10,1.54113e+06,1.54211e+06,1.53405e+06,1.54182e+06,6.25912e+09
2020-10-11,1.55482e+06,1.6002e+06,1.55482e+06,1.59713e+06,1.17689e+10
2020-10-12,1.59029e+06,1.59596e+06,1.57932e+06,1.57951e+06,1.5161e+10
2020-10-13,1.58301e+06,1.58879e+06,1.57097e+06,1.57968e+06,1.07221e+10
2020-10-14,1.58097e+06,1.58097e+06,1.56056e+06,1.56142e+06,5.8842e+09
2020-10-18,1.54821e+06,1.54821e+06,1.51423e+06,1.51427e+06,3.33734e+09
2020-10-19,1.49394e+06,1.49394e+06,1.46228e+06,1.46228e+06,1.48491e+09
2020-10-20,1.45062e+06,1.45062e+06,1.4193e+06,1.41931e+06,3.40125e+09
2020-10-21,1.42283e+06,1.43108e+06,1.41228e+06,1.41235e+06,1.01705e+10
2020-10-24,1.39648e+06,1.39648e+06,1.37404e+06,1.37406e+06,2.56901e+09
2020-10-26,1.36024e+06,1.36024e+06,1.33658e+06,1.33659e+06,6.00006e+09
2020-10-27,1.32945e+06,1.32945e+06,1.30173e+06,1.30203e+06,4.61891e+09
2020-10-28,1.28552e+06,1.28834e+06,1.27884e+06,1.28833e+06,5.61064e+09
2020-10-31,1.29499e+06,1.31218e+06,1.29499e+06,1.3059e+06,6.50443e+09
2020-11-01,1.30351e+06,1.30351e+06,1.27986e+06,1.27986e+06,4.95663e+09
2020-11-02,1.26727e+06,1.26727e+06,1.26224e+06,1.26448e+06,5.21616e+09
2020-11-04,1.27152e+06,1.29057e+06,1.27152e+06,1.29057e+06,5.26844e+09
2020-11-07,1.27721e+06,1.27721e+06,1.26247e+06,1.26289e+06,5.54161e+09
2020-11-08,1.2523e+06,1.2523e+06,1.24048e+06,1.24052e+06,1.1016e+09
2020-11-09,1.22524e+06,1.22524e+06,1.2149e+06,1.21516e+06,6.62097e+09
2020-11-10,1.21798e+06,1.22326e+06,1.2119e+06,1.21194e+06,8.21424e+09
2020-11-11,1.21443e+06,1.22108e+06,1.21003e+06,1.22107e+06,8.5544e+09
2020-11-14,1.23105e+06,1.24951e+06,1.23105e+06,1.24765e+06,4.12285e+09
2020-11-15,1.26158e+06,1.26878e+06,1.25728e+06,1.25736e+06,1.6101e+10
2020-11-16,1.25282e+06,1.27384e+06,1.2514e+06,1.27385e+06,8.79879e+09
2020-11-17,1.28303e+06,1.30902e+06,1.28303e+06,1.29695e+06,8.6634e+09
2020-11-18,1.31996e+06,1.34541e+06,1.31996e+06,1.3453e+06,6.54965e+09
2020-11-21,1.3702e+06,1.37481e+06,1.36654e+06,1.36654e+06,1.9667e+10
2020-11-22,1.35949e+06,1.35949e+06,1.33763e+06,1.35885e+06,1.7107e+10
2020-11-23,1.36913e+06,1.38444e+06,1.36913e+06,1.37554e+06,1.1225e+10
2020-11-24,1.38085e+06,1.3822e+06,1.35694e+06,1.35711e+06,2.15027e+10
2020-11-25,1.34836e+06,1.36717e+06,1.34487e+06,1.36725e+06,1.44632e+10
2020-11-28,1.37143e+06,1.3908e+06,1.36856e+06,1.39077e+06,1.72816e+10
2020-11-29,1.40571e+06,1.4272e+06,1.40571e+06,1.42728e+06,1.58143e+10
2020-11-30,1.4457e+06,1.46598e+06,1.4457e+06,1.46598e+06,1.43348e+10
2020-12-01,1.4602e+06,1.47485e+06,1.45794e+06,1.47367e+06,1.2742e+10
2020-12-02,1.47221e+06,1.48072e+06,1.4689e+06,1.47098e+06,1.3833e+10
2020-12-05,1.46494e+06,1.49071e+06,1.46397e+06,1.49068e+06,1.06653e+10
2020-12-06,1.5052e+06,1.52657e+06,1.5052e+06,1.52311e+06,1.24907e+10
2020-12-07,1.52365e+06,1.5319e+06,1.51296e+06,1.51289e+06,2.18089e+10
2020-12-08,1.51258e+06,1.51258e+06,1.49278e+06,1.5075e+06,1.37223e+10
2020-12-09,1.51113e+06,1.51506e+06,1.50297e+06,1.50622e+06,1.07985e+10
2020-12-12,1.52051e+06,1.53526e+06,1.52051e+06,1.52745e+06,1.45934e+10
2020-12-13,1.52023e+06,1.52023e+06,1.50976e+06,1.51576e+06,1.16442e+10
2020-12-14,1.51821e+06,1.51821e+06,1.48411e+06,1.48416e+06,1.4085e+10
2020-12-15,1.4598e+06,1.4598e+06,1.42835e+06,1.42832e+06,6.5215e+09
2020-12-16,1.40714e+06,1.41346e+06,1.40038e+06,1.41336e+06,1.24186e+10
2020-12-19,1.4294e+06,1.44489e+06,1.4294e+06,1.44493e+06,1.00537e+10
2020-12-20,1.45259e+06,1.4529e+06,1.43736e+06,1.43912e+06,9.046e+09
2020-12-21,1.43461e+06,1.44412e+06,1.42894e+06,1.43639e+06,9.01627e+09
2020-12-22,1.4361e+06,1.44489e+06,1.43359e+06,1.44497e+06,1.06094e+10
2020-12-23,1.45317e+06,1.45439e+06,1.44784e+06,1.44792e+06,9.4793e+09
2020-12-26,1.4477e+06,1.4477e+06,1.42351e+06,1.42357e+06,8.82969e+09
2020-12-27,1.41964e+06,1.42096e+06,1.40776e+06,1.41901e+06,9.96398e+09
2020-12-28,1.42301e+06,1.44074e+06,1.42301e+06,1.43721e+06,8.17562e+09
2020-12-29,1.43893e+06,1.43893e+06,1.4115e+06,1.41186e+06,8.23092e+09
2020-12-30,1.41155e+06,1.41155e+06,1.39785e+06,1.3978e+06,7.84008e+09
2021-01-02,1.38971e+06,1.38971e+06,1.35411e+06,1.35415e+06,6.06558e+09
2021-01-03,1.34771e+06,1.3579e+06,1.34582e+06,1.35535e+06,8.92508e+09
2021-01-04,1.36155e+06,1.37536e+06,1.36155e+06,1.37448e+06,8.79175e+09
2021-01-05,1.37248e+06,1.37248e+06,1.35021e+06,1.35023e+06,8.90461e+09
2021-01-06,1.34216e+06,1.34216e+06,1.31046e+06,1.31076e+06,8.50325e+09
2021-01-09,1.30346e+06,1.30385e+06,1.28594e+06,1.28589e+06,1.0288e+10
2021-01-10,1.29551e+06,1.31004e+06,1.29551e+06,1.30662e+06,8.67353e+09
2021-01-11,1.31275e+06,1.31275e+06,1.30125e+06,1.30133e+06,9.67961e+09
2021-01-12,1.2955e+06,1.2955e+06,1.2607e+06,1.26072e+06,6.82816e+09
2021-01-13,1.24938e+06,1.24938e+06,1.22987e+06,1.22984e+06,1.02502e+10
2021-01-16,1.22341e+06,1.22341e+06,1.18679e+06,1.18671e+06,7.77206e+09
2021-01-18,1.1684e+06,1.1684e+06,1.14972e+06,1.15022e+06,3.47428e+09
2021-01-19,1.1366e+06,1.15062e+06,1.12993e+06,1.15072e+06,1.03653e+10
2021-01-20,1.15909e+06,1.18512e+06,1.15909e+06,1.18398e+06,5.19551e+09
2021-01-23,1.19898e+06,1.22207e+06,1.19898e+06,1.22207e+06,4.73716e+09
2021-01-24,1.23702e+06,1.25094e+06,1.2346e+06,1.23456e+06,1.56816e+10
2021-01-25,1.22975e+06,1.23629e+06,1.22112e+06,1.23578e+06,9.11661e+09
2021-01-26,1.23878e+06,1.2401e+06,1.21483e+06,1.21503e+06,7.45737e+09
2021-01-27,1.20676e+06,1.20775e+06,1.19564e+06,1.2077e+06,8.64307e+09
2021-01-30,1.21667e+06,1.24718e+06,1.21667e+06,1.24715e+06,5.54735e+09
2021-01-31,1.26476e+06,1.26852e+06,1.25095e+06,1.25104e+06,1.23357e+10
2021-02-01,1.24654e+06,1.24954e+06,1.23356e+06,1.23367e+06,8.0874e+09
2021-02-02,1.22698e+06,1.22698e+06,1.20459e+06,1.20547e+06,1.11587e+10
2021-02-03,1.20606e+06,1.20753e+06,1.17305e+06,1.17301e+06,8.05384e+09
2021-02-06,1.16438e+06,1.16438e+06,1.13537e+06,1.13535e+06,5.82291e+09
2021-02-07,1.14797e+06,1.1705e+06,1.14797e+06,1.17053e+06,5.25043e+09
2021-02-08,1.1854e+06,1.19506e+06,1.1854e+06,1.19274e+06,1.0987e+10
2021-02-09,1.19404e+06,1.21437e+06,1.19404e+06,1.21442e+06,7.65688e+09
2021-02-13,1.23914e+06,1.2622e+06,1.23914e+06,1.26225e+06,6.81202e+09
2021-02-14,1.26949e+06,1.27241e+06,1.26434e+06,1.26437e+06,1.1019e+10
2021-02-15,1.26041e+06,1.26041e+06,1.25706e+06,1.25729e+06,5.87408e+09
2021-02-16,1.25653e+06,1.25653e+06,1.24581e+06,1.24588e+06,3.64649e+09
2021-02-17,1.24689e+06,1.24689e+06,1.2384e+06,1.23836e+06,3.46515e+09
2021-02-20,1.24149e+06,1.24149e+06,1.23276e+06,1.23272e+06,3.19892e+09
2021-02-21,1.22981e+06,1.22981e+06,1.22266e+06,1.22261e+06,1.14639e+09
2021-02-22,1.21976e+06,1.21976e+06,1.2145e+06,1.21448e+06,1.59035e+09
2021-02-23,1.21158e+06,1.21177e+06,1.20866e+06,1.21164e+06,5.86056e+09
2021-02-24,1.21571e+06,1.21588e+06,1.20573e+06,1.20583e+06,3.22576e+09
2021-02-27,1.20195e+06,1.20195e+06,1.19398e+06,1.19401e+06,1.82223e+09
2021-02-28,1.19217e+06,1.19217e+06,1.18541e+06,1.1856e+06,1.05741e+09
2021-03-01,1.1818e+06,1.18389e+06,1.18122e+06,1.18164e+06,3.33199e+09
2021-03-02,1.18253e+06,1.19074e+06,1.18253e+06,1.18628e+06,4.49866e+09
2021-03-03,1.18606e+06,1.18606e+06,1.17795e+06,1.17792e+06,2.71313e+09
2021-03-06,1.17555e+06,1.17555e+06,1.16974e+06,1.16972e+06,1.9754e+09
2021-03-07,1.1681e+06,1.17559e+06,1.1681e+06,1.1756e+06,4.42361e+09
2021-03-08,1.17819e+06,1.19994e+06,1.17819e+06,1.19989e+06,6.66418e+09
2021-03-09,1.20358e+06,1.21573e+06,1.20358e+06,1.21015e+06,6.03821e+09
2021-03-10,1.20518e+06,1.20678e+06,1.20399e+06,1.20688e+06,2.85811e+09
2021-03-13,1.20632e+06,1.22948e+06,1.20596e+06,1.22938e+06,5.81163e+09
2021-03-14,1.23374e+06,1.24607e+06,1.23374e+06,1.24519e+06,7.95574e+09
2021-03-15,1.24282e+06,1.25425e+06,1.24142e+06,1.25421e+06,5.72869e+09
2021-03-16,1.25549e+06,1.29052e+06,1.25549e+06,1.29047e+06,6.83221e+09
2021-03-17,1.30545e+06,1.30987e+06,1.30545e+06,1.30771e+06,5.26713e+09
2021-03-27,1.30752e+06,1.3098e+06,1.30434e+06,1.30956e+06,6.01649e+09
2021-03-28,1.31092e+06,1.31118e+06,1.30453e+06,1.30689e+06,4.23745e+09
2021-03-30,1.30523e+06,1.30609e+06,1.30286e+06,1.30319e+06,3.06302e+09
2021-03-31,1.3029e+06,1.3031e+06,1.29454e+06,1.29452e+06,2.42065e+09
2021-04-03,1.29211e+06,1.29211e+06,1.28287e+06,1.28295e+06,1.43858e+09
2021-04-04,1.28097e+06,1.28097e+06,1.26953e+06,1.26948e+06,8.33647e+08
2021-04-05,1.26676e+06,1.26676e+06,1.26136e+06,1.26274e+06,2.74509e+09
2021-04-06,1.26543e+06,1.26714e+06,1.2608e+06,1.26079e+06,2.78703e+09
2021-04-07,1.25861e+06,1.25861e+06,1.2499e+06,1.24991e+06,1.06864e+09
2021-04-10,1.24674e+06,1.24674e+06,1.24076e+06,1.2407e+06,5.88397e+08
2021-04-11,1.23734e+06,1.23734e+06,1.23092e+06,1.23088e+06,1.26521e+09
2021-04-12,1.22877e+06,1.22877e+06,1.22581e+06,1.22616e+06,2.40903e+09
2021-04-13,1.23465e+06,1.24554e+06,1.23465e+06,1.24456e+06,5.63102e+09
2021-04-14,1.24561e+06,1.24562e+06,1.24304e+06,1.24336e+06,2.98008e+09
2021-04-17,1.24128e+06,1.24128e+06,1.23372e+06,1.23378e+06,8.8561e+08
2021-04-18,1.23102e+06,1.23102e+06,1.22478e+06,1.2248e+06,6.29874e+08
2021-04-19,1.22134e+06,1.22134e+06,1.21616e+06,1.21687e+06,2.26594e+09
2021-04-20,1.21857e+06,1.22087e+06,1.21729e+06,1.21959e+06,4.42492e+09
2021-04-21,1.21728e+06,1.21728e+06,1.20706e+06,1.20705e+06,2.01143e+09
2021-04-24,1.20548e+06,1.20548e+06,1.19933e+06,1.19934e+06,1.49063e+09
2021-04-25,1.19708e+06,1.19708e+06,1.18782e+06,1.18784e+06,1.21677e+09
2021-04-26,1.18721e+06,1.18721e+06,1.18403e+06,1.18696e+06,3.05684e+09
2021-04-27,1.18983e+06,1.20347e+06,1.18983e+06,1.20263e+06,4.98386e+09
2021-04-28,1.20401e+06,1.21095e+06,1.20401e+06,1.20785e+06,5.43714e+09
2021-05-01,1.20856e+06,1.20856e+06,1.1943e+06,1.19434e+06,3.70177e+09
2021-05-02,1.19141e+06,1.19141e+06,1.18071e+06,1.18066e+06,2.04146e+09
2021-05-03,1.17677e+06,1.17677e+06,1.16707e+06,1.16705e+06,1.5893e+09
2021-05-05,1.16788e+06,1.17262e+06,1.16788e+06,1.17226e+06,3.57378e+09
2021-05-08,1.17619e+06,1.17619e+06,1.1675e+06,1.16746e+06,1.8955e+09
2021-05-09,1.1648e+06,1.1648e+06,1.15187e+06,1.1519e+06,2.04188e+09
2021-05-10,1.14983e+06,1.15764e+06,1.14938e+06,1.15768e+06,4.47185e+09
2021-05-11,1.16104e+06,1.17962e+06,1.16104e+06,1.17953e+06,4.49527e+09
2021-05-12,1.18535e+06,1.19021e+06,1.18397e+06,1.184e+06,3.67239e+09
2021-05-15,1.18273e+06,1.19289e+06,1.18161e+06,1.1896e+06,3.04041e+09
2021-05-16,1.1897e+06,1.19234e+06,1.1888e+06,1.18881e+06,4.76808e+09
2021-05-17,1.18822e+06,1.18822e+06,1.17467e+06,1.17466e+06,3.95163e+09
2021-05-18,1.17237e+06,1.17707e+06,1.17219e+06,1.17351e+06,3.96663e+09
2021-05-19,1.17292e+06,1.17292e+06,1.15477e+06,1.15484e+06,2.83761e+09
2021-05-22,1.14926e+06,1.14926e+06,1.12725e+06,1.12822e+06,3.14085e+09
2021-05-23,1.1235e+06,1.1235e+06,1.10779e+06,1.10792e+06,2.73687e+09
2021-05-24,1.10523e+06,1.10523e+06,1.09573e+06,1.0957e+06,3.10036e+09
2021-05-25,1.0958e+06,1.10586e+06,1.0958e+06,1.10545e+06,3.82884e+09
2021-05-26,1.10639e+06,1.11056e+06,1.10629e+06,1.10935e+06,3.18757e+09
2021-05-29,1.11152e+06,1.13962e+06,1.11152e+06,1.13953e+06,5.19203e+09
2021-05-30,1.15257e+06,1.16357e+06,1.15257e+06,1.15693e+06,6.54453e+09
2021-05-31,1.15568e+06,1.15568e+06,1.14597e+06,1.14593e+06,4.23136e+09
2021-06-01,1.14661e+06,1.14749e+06,1.14049e+06,1.14048e+06,3.86703e+09
2021-06-02,1.14158e+06,1.14867e+06,1.14141e+06,1.14864e+06,4.34823e+09
2021-06-07,1.15123e+06,1.15725e+06,1.15123e+06,1.15721e+06,4.34669e+09
2021-06-08,1.15958e+06,1.16673e+06,1.15958e+06,1.16067e+06,7.22389e+09
2021-06-09,1.16036e+06,1.16036e+06,1.15184e+06,1.15185e+06,5.2829e+09
2021-06-12,1.15182e+06,1.15236e+06,1.14487e+06,1.14495e+06,4.3861e+09
2021-06-13,1.1446e+06,1.1446e+06,1.14056e+06,1.14123e+06,4.2855e+09
2021-06-14,1.14248e+06,1.15022e+06,1.14248e+06,1.1502e+06,5.29176e+09
2021-06-15,1.15279e+06,1.15521e+06,1.15016e+06,1.15013e+06,6.21163e+09
2021-06-16,1.1493e+06,1.14992e+06,1.14767e+06,1.14768e+06,4.46052e+09
2021-06-19,1.15098e+06,1.16199e+06,1.15098e+06,1.16203e+06,4.94427e+09
2021-06-20,1.16822e+06,1.16905e+06,1.16372e+06,1.16376e+06,5.70259e+09
2021-06-21,1.16236e+06,1.16859e+06,1.16092e+06,1.16866e+06,6.85516e+09
2021-06-22,1.17328e+06,1.18691e+06,1.17328e+06,1.18692e+06,6.92206e+09
2021-06-23,1.19101e+06,1.21302e+06,1.19101e+06,1.21305e+06,8.9191e+09
2021-06-26,1.21939e+06,1.2364e+06,1.21939e+06,1.23374e+06,7.29419e+09
2021-06-27,1.23393e+06,1.24064e+06,1.23047e+06,1.23849e+06,7.95831e+09
2021-06-28,1.24052e+06,1.24375e+06,1.23647e+06,1.24381e+06,7.72693e+09
2021-06-29,1.2444e+06,1.25098e+06,1.2444e+06,1.24852e+06,6.45914e+09
2021-06-30,1.2493e+06,1.25696e+06,1.2481e+06,1.25698e+06,6.15233e+09
2021-07-03,1.2586e+06,1.25891e+06,1.24605e+06,1.24611e+06,6.30832e+09
2021-07-04,1.24285e+06,1.24455e+06,1.23755e+06,1.24372e+06,5.32941e+09
2021-07-05,1.24533e+06,1.25461e+06,1.24533e+06,1.25456e+06,5.79197e+09
2021-07-06,1.26158e+06,1.28128e+06,1.26158e+06,1.28119e+06,6.46462e+09
2021-07-07,1.28353e+06,1.28474e+06,1.28202e+06,1.28204e+06,5.66086e+09
2021-07-10,1.28161e+06,1.28161e+06,1.2707e+06,1.27074e+06,5.27653e+09
2021-07-11,1.27058e+06,1.28529e+06,1.27058e+06,1.28526e+06,6.74379e+09
2021-07-12,1.28855e+06,1.30775e+06,1.28855e+06,1.30434e+06,6.66486e+09
2021-07-13,1.30343e+06,1.30932e+06,1.30245e+06,1.30389e+06,6.6769e+09
2021-07-14,1.3033e+06,1.30554e+06,1.30077e+06,1.3055e+06,6.35577e+09
2021-07-17,1.31336e+06,1.31793e+06,1.31122e+06,1.31124e+06,7.53126e+09
2021-07-18,1.31011e+06,1.31011e+06,1.30097e+06,1.30286e+06,6.78217e+09
2021-07-19,1.30467e+06,1.31128e+06,1.30467e+06,1.31131e+06,4.37832e+09
2021-07-26,1.31314e+06,1.32364e+06,1.31314e+06,1.32335e+06,4.01561e+09
2021-07-27,1.32506e+06,1.32938e+06,1.31493e+06,1.31491e+06,4.90851e+09
2021-07-28,1.31548e+06,1.32089e+06,1.31548e+06,1.3165e+06,5.44209e+09
2021-07-31,1.32013e+06,1.35147e+06,1.32013e+06,1.3515e+06,6.71825e+09
2021-08-01,1.35807e+06,1.36174e+06,1.35807e+06,1.36025e+06,6.20105e+09
2021-08-02,1.36033e+06,1.36125e+06,1.35773e+06,1.3579e+06,5.72166e+09
2021-08-03,1.35883e+06,1.37561e+06,1.35883e+06,1.37565e+06,6.42204e+09
2021-08-04,1.38151e+06,1.40606e+06,1.38151e+06,1.40604e+06,7.2946e+09
2021-08-07,1.41564e+06,1.41775e+06,1.40776e+06,1.40776e+06,6.95954e+09
2021-08-08,1.40796e+06,1.41885e+06,1.40734e+06,1.41786e+06,5.93507e+09
2021-08-09,1.42048e+06,1.43318e+06,1.42048e+06,1.4332e+06,8.10975e+09
2021-08-10,1.43698e+06,1.4538e+06,1.43698e+06,1.45381e+06,8.16255e+09
2021-08-11,1.4634e+06,1.48459e+06,1.4634e+06,1.48463e+06,8.98183e+09
2021-08-14,1.49039e+06,1.49039e+06,1.47758e+06,1.4808e+06,1.17031e+10
2021-08-15,1.48153e+06,1.5e+06,1.48087e+06,1.49992e+06,8.86171e+09
2021-08-22,1.50588e+06,1.5187e+06,1.50588e+06,1.51555e+06,1.13475e+10
2021-08-23,1.51711e+06,1.51711e+06,1.5086e+06,1.51592e+06,1.02696e+10
2021-08-24,1.51878e+06,1.54348e+06,1.51878e+06,1.54345e+06,9.73677e+09
2021-08-25,1.54706e+06,1.55012e+06,1.54046e+06,1.55021e+06,1.05796e+10
2021-08-28,1.55488e+06,1.57576e+06,1.55488e+06,1.57576e+06,1.03108e+10
2021-08-29,1.58185e+06,1.58571e+06,1.57233e+06,1.57341e+06,1.44553e+10
2021-08-30,1.55458e+06,1.55458e+06,1.524e+06,1.52397e+06,1.12278e+10
2021-08-31,1.50155e+06,1.50155e+06,1.47772e+06,1.49615e+06,1.28324e+10
2021-09-01,1.50009e+06,1.52069e+06,1.50009e+06,1.52063e+06,8.56413e+09
2021-09-04,1.52771e+06,1.54541e+06,1.52771e+06,1.54105e+06,9.3492e+09
2021-09-05,1.54013e+06,1.54013e+06,1.53156e+06,1.53719e+06,8.97264e+09
2021-09-06,1.53903e+06,1.54513e+06,1.5385e+06,1.53848e+06,9.5854e+09
2021-09-07,1.5358e+06,1.5358e+06,1.52308e+06,1.52306e+06,8.08947e+09
2021-09-08,1.52317e+06,1.52651e+06,1.52317e+06,1.52601e+06,6.28397e+09
2021-09-11,1.5321e+06,1.53862e+06,1.53052e+06,1.53046e+06,6.51986e+09
2021-09-12,1.52891e+06,1.52891e+06,1.48939e+06,1.48998e+06,5.88011e+09
2021-09-13,1.48955e+06,1.49014e+06,1.47336e+06,1.47522e+06,6.77622e+09
2021-09-14,1.47694e+06,1.49745e+06,1.47694e+06,1.49696e+06,5.8393e+09
2021-09-15,1.49737e+06,1.49737e+06,1.48821e+06,1.48821e+06,6.04905e+09
2021-09-18,1.48916e+06,1.48916e+06,1.45022e+06,1.45023e+06,5.81096e+09
2021-09-19,1.44845e+06,1.44845e+06,1.42047e+06,1.42048e+06,6.0792e+09
2021-09-20,1.42207e+06,1.42944e+06,1.42207e+06,1.42777e+06,5.09857e+09
2021-09-21,1.42788e+06,1.42788e+06,1.39122e+06,1.39124e+06,5.80878e+09
2021-09-22,1.39221e+06,1.39386e+06,1.37975e+06,1.38645e+06,6.44309e+09
2021-09-25,1.39203e+06,1.42211e+06,1.39203e+06,1.42212e+06,5.74756e+09
2021-09-26,1.42589e+06,1.42925e+06,1.42458e+06,1.42473e+06,4.65268e+09
2021-09-28,1.42535e+06,1.43191e+06,1.42535e+06,1.42545e+06,4.82218e+09
2021-09-29,1.42549e+06,1.43703e+06,1.42549e+06,1.43698e+06,5.00052e+09
2021-10-02,1.44322e+06,1.47348e+06,1.44322e+06,1.47348e+06,5.99446e+09
2021-10-03,1.47687e+06,1.48131e+06,1.47461e+06,1.47668e+06,7.05563e+09
2021-10-04,1.47731e+06,1.48516e+06,1.4771e+06,1.48465e+06,4.97582e+09
2021-10-06,1.48741e+06,1.4893e+06,1.48741e+06,1.48826e+06,5.14016e+09
2021-10-09,1.48877e+06,1.48877e+06,1.46598e+06,1.46603e+06,5.09522e+09
2021-10-10,1.46423e+06,1.46423e+06,1.45323e+06,1.45561e+06,4.18529e+09
2021-10-11,1.45651e+06,1.46114e+06,1.45651e+06,1.45749e+06,3.78869e+09
2021-10-12,1.45483e+06,1.45483e+06,1.41872e+06,1.41868e+06,5.11873e+09
2021-10-13,1.41778e+06,1.41778e+06,1.39726e+06,1.39739e+06,4.88608e+09
2021-10-16,1.40601e+06,1.43745e+06,1.40601e+06,1.43747e+06,4.39211e+09
2021-10-17,1.44429e+06,1.4451e+06,1.43606e+06,1.43611e+06,4.93042e+09
2021-10-18,1.43536e+06,1.43696e+06,1.43026e+06,1.43692e+06,4.79854e+09
2021-10-19,1.43781e+06,1.44965e+06,1.43781e+06,1.4495e+06,4.51039e+09
2021-10-20,1.44954e+06,1.44954e+06,1.43637e+06,1.43636e+06,3.71088e+09
2021-10-23,1.43557e+06,1.43557e+06,1.40767e+06,1.40776e+06,4.43581e+09
2021-10-25,1.40504e+06,1.40504e+06,1.38411e+06,1.38413e+06,4.5116e+09
2021-10-26,1.3822e+06,1.38491e+06,1.38163e+06,1.38445e+06,4.13602e+09
2021-10-27,1.38458e+06,1.39395e+06,1.38458e+06,1.39396e+06,3.75137e+09
2021-10-30,1.39478e+06,1.39478e+06,1.37572e+06,1.37567e+06,4.56937e+09
2021-10-31,1.37502e+06,1.37502e+06,1.34032e+06,1.34029e+06,5.26286e+09
2021-11-01,1.34588e+06,1.36141e+06,1.34588e+06,1.36141e+06,3.60536e+09
2021-11-02,1.3627e+06,1.3761e+06,1.3627e+06,1.37609e+06,3.55786e+09
2021-11-03,1.37774e+06,1.39845e+06,1.37774e+06,1.39842e+06,4.37961e+09
2021-11-06,1.40266e+06,1.44064e+06,1.40266e+06,1.44065e+06,3.43225e+09
2021-11-07,1.44245e+06,1.44296e+06,1.43096e+06,1.43089e+06,1.03437e+10
2021-11-08,1.42974e+06,1.43555e+06,1.42674e+06,1.43438e+06,8.27998e+09
2021-11-09,1.43478e+06,1.44927e+06,1.43478e+06,1.44767e+06,7.39129e+09
2021-11-10,1.45052e+06,1.45653e+06,1.44919e+06,1.45648e+06,5.14083e+09
2021-11-13,1.4504e+06,1.4504e+06,1.43918e+06,1.43924e+06,4.28402e+09
2021-11-14,1.44072e+06,1.44656e+06,1.44072e+06,1.44252e+06,5.00739e+09
2021-11-15,1.44223e+06,1.44223e+06,1.41634e+06,1.4163e+06,4.47031e+09
2021-11-16,1.41462e+06,1.41462e+06,1.40858e+06,1.4086e+06,3.41768e+09
2021-11-17,1.4096e+06,1.41365e+06,1.4096e+06,1.41078e+06,3.96573e+09
2021-11-20,1.41157e+06,1.41157e+06,1.38349e+06,1.38349e+06,4.18008e+09
2021-11-21,1.38303e+06,1.38697e+06,1.38166e+06,1.38694e+06,4.55779e+09
2021-11-22,1.3903e+06,1.40776e+06,1.3903e+06,1.40713e+06,4.69275e+09
2021-11-23,1.40872e+06,1.40872e+06,1.40367e+06,1.40455e+06,3.46164e+09
2021-11-24,1.40454e+06,1.40454e+06,1.3941e+06,1.39411e+06,3.95709e+09
2021-11-27,1.39045e+06,1.39045e+06,1.36666e+06,1.36671e+06,3.69787e+09
2021-11-28,1.36711e+06,1.3699e+06,1.3671e+06,1.36801e+06,3.17989e+09
2021-11-29,1.36802e+06,1.36998e+06,1.36382e+06,1.36394e+06,2.69539e+09
2021-11-30,1.36384e+06,1.36384e+06,1.35709e+06,1.35713e+06,3.25852e+09
2021-12-01,1.35679e+06,1.35679e+06,1.34012e+06,1.34007e+06,3.36626e+09
2021-12-04,1.34136e+06,1.3427e+06,1.33387e+06,1.33477e+06,3.224e+09
2021-12-05,1.33588e+06,1.34325e+06,1.33588e+06,1.3432e+06,2.77835e+09
2021-12-06,1.34352e+06,1.34558e+06,1.34229e+06,1.34235e+06,2.75544e+09
2021-12-07,1.34159e+06,1.34159e+06,1.33752e+06,1.33802e+06,2.3436e+09
2021-12-08,1.33827e+06,1.34937e+06,1.33827e+06,1.34939e+06,4.0379e+09
2021-12-11,1.35012e+06,1.35045e+06,1.34445e+06,1.34444e+06,4.80135e+09
2021-12-12,1.34254e+06,1.34254e+06,1.32071e+06,1.32078e+06,3.81133e+09
2021-12-13,1.31997e+06,1.31997e+06,1.29553e+06,1.29555e+06,4.33388e+09
2021-12-14,1.2932e+06,1.2932e+06,1.28881e+06,1.29184e+06,3.95169e+09
2021-12-15,1.29209e+06,1.29638e+06,1.29209e+06,1.29324e+06,3.66778e+09
2021-12-18,1.2954e+06,1.30558e+06,1.2954e+06,1.30554e+06,3.99765e+09
2021-12-19,1.30619e+06,1.30619e+06,1.29166e+06,1.29168e+06,3.51478e+09
2021-12-20,1.29295e+06,1.30152e+06,1.29295e+06,1.30154e+06,3.79587e+09
2021-12-21,1.30257e+06,1.31847e+06,1.30257e+06,1.31836e+06,3.37766e+09
2021-12-22,1.32175e+06,1.35901e+06,1.32175e+06,1.35902e+06,4.38516e+09
2021-12-25,1.36729e+06,1.38712e+06,1.36729e+06,1.3855e+06,5.99886e+09
2021-12-26,1.38499e+06,1.38499e+06,1.37916e+06,1.38399e+06,4.58744e+09
2021-12-27,1.38606e+06,1.40126e+06,1.38606e+06,1.40031e+06,5.41562e+09
2021-12-28,1.39997e+06,1.39997e+06,1.3971e+06,1.39991e+06,4.49891e+09
2021-12-29,1.40015e+06,1.40098e+06,1.39735e+06,1.39731e+06,5.37847e+09
2022-01-01,1.39633e+06,1.39633e+06,1.37889e+06,1.37878e+06,3.94075e+09
2022-01-02,1.37861e+06,1.38064e+06,1.37861e+06,1.37904e+06,2.96438e+09
2022-01-03,1.37911e+06,1.38004e+06,1.37607e+06,1.37605e+06,2.98133e+09
2022-01-04,1.37591e+06,1.37591e+06,1.36279e+06,1.36283e+06,3.29864e+09
2022-01-05,1.36283e+06,1.36318e+06,1.36234e+06,1.3631e+06,2.72447e+09
2022-01-08,1.36324e+06,1.36753e+06,1.36234e+06,1.36246e+06,5.18005e+09
2022-01-09,1.36225e+06,1.36225e+06,1.33678e+06,1.33682e+06,4.20187e+09
2022-01-10,1.3359e+06,1.3359e+06,1.33016e+06,1.33276e+06,4.46558e+09
2022-01-11,1.33365e+06,1.33833e+06,1.33365e+06,1.3347e+06,3.97344e+09
2022-01-12,1.33474e+06,1.33542e+06,1.33428e+06,1.33426e+06,3.35605e+09
2022-01-15,1.33435e+06,1.33435e+06,1.32262e+06,1.32257e+06,3.77495e+09
2022-01-16,1.32229e+06,1.32229e+06,1.31082e+06,1.3108e+06,3.2083e+09
2022-01-17,1.31119e+06,1.31422e+06,1.30653e+06,1.30647e+06,3.74684e+09
2022-01-18,1.30566e+06,1.30566e+06,1.27593e+06,1.27597e+06,4.50467e+09
2022-01-19,1.27503e+06,1.27951e+06,1.2746e+06,1.27939e+06,3.4363e+09
2022-01-22,1.2854e+06,1.28671e+06,1.2818e+06,1.2818e+06,3.52101e+09
2022-01-23,1.28093e+06,1.28093e+06,1.25654e+06,1.25651e+06,4.62236e+09
2022-01-24,1.25546e+06,1.25546e+06,1.23469e+06,1.23471e+06,3.36152e+09
2022-01-25,1.23395e+06,1.23395e+06,1.20799e+06,1.20793e+06,5.44284e+09
2022-01-26,1.21383e+06,1.22942e+06,1.21383e+06,1.22937e+06,4.48923e+09
2022-01-29,1.23339e+06,1.25898e+06,1.23339e+06,1.259e+06,3.36074e+09
2022-01-30,1.26783e+06,1.28458e+06,1.26783e+06,1.28465e+06,4.84576e+09
2022-01-31,1.28526e+06,1.29467e+06,1.28526e+06,1.29462e+06,5.53497e+09
2022-02-01,1.29723e+06,1.30143e+06,1.29723e+06,1.30123e+06,6.73948e+09
2022-02-02,1.30137e+06,1.30137e+06,1.29912e+06,1.3012e+06,5.57887e+09
2022-02-05,1.30411e+06,1.30639e+06,1.30411e+06,1.30441e+06,4.55447e+09
2022-02-06,1.30382e+06,1.30382e+06,1.28196e+06,1.28205e+06,5.46833e+09
2022-02-07,1.2787e+06,1.2787e+06,1.2744e+06,1.27447e+06,4.52201e+09
2022-02-08,1.27572e+06,1.28147e+06,1.27572e+06,1.28108e+06,4.43365e+09
2022-02-09,1.28135e+06,1.28412e+06,1.27928e+06,1.28416e+06,4.58704e+09
2022-02-12,1.28503e+06,1.2858e+06,1.28411e+06,1.28406e+06,4.87955e+09
2022-02-13,1.2842e+06,1.2842e+06,1.27602e+06,1.276e+06,3.67676e+09
2022-02-14,1.27742e+06,1.28336e+06,1.27742e+06,1.28332e+06,3.24041e+09
2022-02-16,1.28355e+06,1.28373e+06,1.28248e+06,1.28241e+06,2.95222e+09
2022-02-19,1.28295e+06,1.28321e+06,1.282e+06,1.28219e+06,4.40554e+09
2022-02-20,1.28246e+06,1.2826e+06,1.27429e+06,1.2743e+06,3.72773e+09
2022-02-21,1.27527e+06,1.28298e+06,1.27527e+06,1.28159e+06,6.04441e+09
2022-02-22,1.28276e+06,1.28514e+06,1.28276e+06,1.28488e+06,4.42202e+09
2022-02-23,1.28542e+06,1.28834e+06,1.28542e+06,1.28831e+06,4.05858e+09
2022-02-26,1.28772e+06,1.28772e+06,1.2828e+06,1.28287e+06,4.38632e+09
2022-02-27,1.28245e+06,1.28245e+06,1.27888e+06,1.27929e+06,2.8703e+09
2022-02-28,1.27968e+06,1.28188e+06,1.27968e+06,1.28193e+06,3.11436e+09
2022-03-02,1.28349e+06,1.28466e+06,1.28091e+06,1.28119e+06,5.50453e+09
2022-03-05,1.28689e+06,1.29882e+06,1.28689e+06,1.29878e+06,8.43199e+09
2022-03-06,1.30394e+06,1.32262e+06,1.30394e+06,1.3226e+06,7.98884e+09
2022-03-07,1.32837e+06,1.34496e+06,1.32837e+06,1.34291e+06,7.9526e+09
2022-03-08,1.34183e+06,1.34183e+06,1.33664e+06,1.33657e+06,5.50512e+09
2022-03-09,1.33841e+06,1.34835e+06,1.33841e+06,1.3483e+06,6.35121e+09
2022-03-12,1.34077e+06,1.34077e+06,1.33294e+06,1.33293e+06,7.53953e+09
2022-03-13,1.33227e+06,1.33577e+06,1.33176e+06,1.33538e+06,4.47452e+09
2022-03-14,1.33563e+06,1.33676e+06,1.33478e+06,1.33478e+06,3.54223e+09
2022-03-15,1.3345e+06,1.33791e+06,1.33443e+06,1.33722e+06,4.97707e+09
2022-03-16,1.33925e+06,1.34503e+06,1.33925e+06,1.34502e+06,4.19159e+09
2022-03-19,1.34781e+06,1.36725e+06,1.34781e+06,1.36725e+06,5.43137e+09
2022-03-26,1.37419e+06,1.39078e+06,1.37419e+06,1.39086e+06,8.73059e+09
2022-03-27,1.39171e+06,1.40359e+06,1.39171e+06,1.40362e+06,7.64098e+09
2022-03-28,1.40447e+06,1.41861e+06,1.40447e+06,1.41865e+06,9.94857e+09
2022-03-29,1.42295e+06,1.42295e+06,1.41423e+06,1.41425e+06,1.23568e+10
2022-03-30,1.41351e+06,1.43217e+06,1.41195e+06,1.43211e+06,7.4006e+09
2022-04-03,1.43465e+06,1.46197e+06,1.43465e+06,1.462e+06,9.49621e+09
2022-04-04,1.46889e+06,1.4769e+06,1.46887e+06,1.46882e+06,1.39366e+10
2022-04-05,1.46785e+06,1.47146e+06,1.4652e+06,1.47144e+06,9.62557e+09
2022-04-06,1.47284e+06,1.47353e+06,1.46374e+06,1.46378e+06,1.11654e+10
2022-04-09,1.46055e+06,1.46055e+06,1.45177e+06,1.45877e+06,8.42363e+09
2022-04-10,1.46171e+06,1.47425e+06,1.46171e+06,1.47411e+06,1.12709e+10
2022-04-11,1.47549e+06,1.47989e+06,1.47531e+06,1.47949e+06,1.00709e+10
2022-04-12,1.474e+06,1.474e+06,1.44597e+06,1.44603e+06,9.28911e+09
2022-04-13,1.44318e+06,1.45413e+06,1.44318e+06,1.45413e+06,8.47321e+09
2022-04-16,1.45781e+06,1.46767e+06,1.45781e+06,1.46764e+06,7.49476e+09
2022-04-17,1.4681e+06,1.47506e+06,1.4656e+06,1.47506e+06,8.64513e+09
2022-04-18,1.47878e+06,1.50348e+06,1.47878e+06,1.50184e+06,1.06685e+10
2022-04-19,1.50093e+06,1.51307e+06,1.4999e+06,1.51311e+06,8.46432e+09
2022-04-20,1.51512e+06,1.51574e+06,1.51117e+06,1.51222e+06,8.78904e+09
2022-04-24,1.51337e+06,1.51337e+06,1.50472e+06,1.50472e+06,7.04827e+09
2022-04-25,1.50468e+06,1.50731e+06,1.50228e+06,1.50725e+06,7.87307e+09
2022-04-26,1.50883e+06,1.52292e+06,1.50883e+06,1.52287e+06,1.07859e+10
2022-04-27,1.52444e+06,1.52648e+06,1.52139e+06,1.52142e+06,1.01777e+10
2022-04-30,1.52177e+06,1.52386e+06,1.52148e+06,1.52244e+06,7.98052e+09
2022-05-01,1.5229e+06,1.52578e+06,1.5224e+06,1.52347e+06,8.53617e+09
2022-05-02,1.52389e+06,1.52979e+06,1.5231e+06,1.52972e+06,7.3868e+09
2022-05-07,1.53587e+06,1.5438e+06,1.53587e+06,1.54385e+06,9.48761e+09
2022-05-08,1.54724e+06,1.553e+06,1.54724e+06,1.55304e+06,1.0278e+10
2022-05-09,1.55382e+06,1.55382e+06,1.54014e+06,1.5401e+06,9.67731e+09
2022-05-10,1.53926e+06,1.53953e+06,1.535e+06,1.53953e+06,7.2523e+09
2022-05-11,1.54351e+06,1.56445e+06,1.54351e+06,1.56445e+06,8.81894e+09
2022-05-14,1.56947e+06,1.57845e+06,1.56947e+06,1.57841e+06,1.12317e+10
2022-05-15,1.57977e+06,1.57999e+06,1.56996e+06,1.57298e+06,1.08859e+10
2022-05-16,1.57528e+06,1.5838e+06,1.57528e+06,1.5838e+06,1.01489e+10
2022-05-17,1.58878e+06,1.60723e+06,1.58878e+06,1.60602e+06,1.02393e+10
2022-05-18,1.60531e+06,1.60531e+06,1.59497e+06,1.59498e+06,8.28303e+09
2022-05-21,1.59153e+06,1.59153e+06,1.57969e+06,1.57969e+06,8.13684e+09
2022-05-22,1.57975e+06,1.58233e+06,1.57975e+06,1.58222e+06,6.74648e+09
2022-05-23,1.5825e+06,1.5825e+06,1.5572e+06,1.55721e+06,1.05439e+10
2022-05-24,1.55693e+06,1.55693e+06,1.55567e+06,1.55569e+06,6.54134e+09
2022-05-25,1.55781e+06,1.56449e+06,1.55781e+06,1.56449e+06,6.90038e+09
2022-05-28,1.56682e+06,1.56812e+06,1.55338e+06,1.5534e+06,7.69878e+09
2022-05-29,1.55201e+06,1.55201e+06,1.53291e+06,1.53406e+06,7.47472e+09
2022-05-30,1.53541e+06,1.53824e+06,1.53541e+06,1.53738e+06,5.76952e+09
2022-05-31,1.53743e+06,1.543e+06,1.53743e+06,1.54271e+06,4.9989e+09
2022-06-01,1.54283e+06,1.54369e+06,1.54018e+06,1.54198e+06,5.0705e+09
2022-06-06,1.54147e+06,1.54147e+06,1.5143e+06,1.51431e+06,6.98983e+09
2022-06-07,1.51333e+06,1.51601e+06,1.51292e+06,1.51539e+06,4.61907e+09
2022-06-08,1.51577e+06,1.5203e+06,1.51577e+06,1.5203e+06,3.87698e+09
2022-06-11,1.5207e+06,1.5207e+06,1.51803e+06,1.51829e+06,4.46603e+09
2022-06-12,1.51818e+06,1.53239e+06,1.51733e+06,1.53239e+06,5.27772e+09
2022-06-13,1.53686e+06,1.57145e+06,1.53686e+06,1.57145e+06,6.77551e+09
2022-06-14,1.57287e+06,1.57473e+06,1.57287e+06,1.57407e+06,6.41627e+09
2022-06-15,1.57373e+06,1.57373e+06,1.56404e+06,1.56433e+06,4.07621e+09
2022-06-18,1.56323e+06,1.56358e+06,1.5477e+06,1.54774e+06,5.31803e+09
2022-06-19,1.54661e+06,1.54854e+06,1.54596e+06,1.54596e+06,5.43896e+09
2022-06-20,1.54686e+06,1.55012e+06,1.54686e+06,1.54725e+06,5.06257e+09
2022-06-21,1.54732e+06,1.54732e+06,1.53963e+06,1.53963e+06,3.89645e+09
2022-06-22,1.53957e+06,1.5396e+06,1.53339e+06,1.53339e+06,4.65598e+09
2022-06-25,1.53258e+06,1.53258e+06,1.52033e+06,1.52033e+06,5.98574e+09
2022-06-26,1.52044e+06,1.52044e+06,1.50134e+06,1.50134e+06,5.28769e+09
2022-06-27,1.50114e+06,1.50408e+06,1.5009e+06,1.50407e+06,4.80201e+09
2022-06-28,1.50516e+06,1.5148e+06,1.50516e+06,1.51443e+06,4.39284e+09
2022-06-29,1.51356e+06,1.51372e+06,1.51242e+06,1.51372e+06,4.55045e+09
2022-07-02,1.5125e+06,1.5125e+06,1.50163e+06,1.50163e+06,4.82595e+09
2022-07-03,1.50162e+06,1.50299e+06,1.50021e+06,1.50299e+06,3.77211e+09
2022-07-04,1.50365e+06,1.50746e+06,1.50365e+06,1.50716e+06,3.9251e+09
2022-07-05,1.50731e+06,1.51108e+06,1.50721e+06,1.51108e+06,4.47575e+09
2022-07-06,1.51027e+06,1.51027e+06,1.5026e+06,1.5026e+06,4.20153e+09
2022-07-09,1.50413e+06,1.50413e+06,1.49851e+06,1.49851e+06,3.90735e+09
2022-07-11,1.49905e+06,1.49905e+06,1.4876e+06,1.4876e+06,4.80938e+09
2022-07-12,1.48695e+06,1.48695e+06,1.48025e+06,1.48353e+06,4.23882e+09
2022-07-13,1.48745e+06,1.49056e+06,1.48745e+06,1.49005e+06,3.71303e+09
2022-07-16,1.49015e+06,1.49015e+06,1.48005e+06,1.48005e+06,4.17648e+09
2022-07-17,1.48029e+06,1.48029e+06,1.46844e+06,1.46983e+06,3.45138e+09
2022-07-19,1.46979e+06,1.47071e+06,1.46866e+06,1.46889e+06,2.41342e+09
2022-07-20,1.46898e+06,1.4719e+06,1.46898e+06,1.4719e+06,2.03087e+09
2022-07-23,1.47409e+06,1.47739e+06,1.4735e+06,1.4735e+06,3.54958e+09
2022-07-24,1.47396e+06,1.47396e+06,1.46376e+06,1.46376e+06,3.65348e+09
2022-07-25,1.46287e+06,1.46287e+06,1.43927e+06,1.43942e+06,3.97389e+09
2022-07-26,1.4395e+06,1.44146e+06,1.43818e+06,1.43845e+06,3.45694e+09
2022-07-27,1.43875e+06,1.44425e+06,1.43875e+06,1.44371e+06,2.84014e+09
2022-07-30,1.44442e+06,1.44905e+06,1.44087e+06,1.44086e+06,3.19087e+09
2022-07-31,1.44052e+06,1.44052e+06,1.42311e+06,1.4235e+06,4.32969e+09
2022-08-01,1.42404e+06,1.42765e+06,1.42404e+06,1.42761e+06,2.65309e+09
2022-08-02,1.42777e+06,1.43002e+06,1.42777e+06,1.43002e+06,2.84851e+09
2022-08-03,1.43052e+06,1.43736e+06,1.43052e+06,1.43736e+06,3.68089e+09
2022-08-06,1.43887e+06,1.44893e+06,1.43887e+06,1.44892e+06,4.1572e+09
2022-08-09,1.44926e+06,1.45299e+06,1.44841e+06,1.45194e+06,4.90622e+09
2022-08-10,1.45233e+06,1.4529e+06,1.44846e+06,1.44846e+06,3.55091e+09
2022-08-13,1.45115e+06,1.4671e+06,1.45115e+06,1.4671e+06,5.23943e+09
2022-08-14,1.47023e+06,1.47023e+06,1.46365e+06,1.46365e+06,6.17649e+09
2022-08-15,1.46377e+06,1.46403e+06,1.4615e+06,1.4637e+06,6.47448e+09
2022-08-16,1.46708e+06,1.46724e+06,1.4595e+06,1.4595e+06,7.63602e+09
2022-08-17,1.46076e+06,1.46076e+06,1.4514e+06,1.4514e+06,7.26492e+09
2022-08-20,1.44996e+06,1.44996e+06,1.43881e+06,1.43882e+06,5.34399e+09
2022-08-21,1.43889e+06,1.43939e+06,1.4299e+06,1.42991e+06,4.31399e+09
2022-08-22,1.43018e+06,1.43143e+06,1.42449e+06,1.42449e+06,5.07754e+09
2022-08-23,1.42496e+06,1.43147e+06,1.42496e+06,1.43148e+06,4.84594e+09
2022-08-24,1.43168e+06,1.4424e+06,1.43168e+06,1.44237e+06,5.44769e+09
2022-08-27,1.44342e+06,1.45112e+06,1.44342e+06,1.45005e+06,5.39806e+09
2022-08-28,1.44953e+06,1.44953e+06,1.44409e+06,1.44409e+06,5.25307e+09
2022-08-29,1.44432e+06,1.4465e+06,1.44432e+06,1.44514e+06,3.91766e+09
2022-08-30,1.44561e+06,1.44578e+06,1.44122e+06,1.44122e+06,3.80068e+09
2022-08-31,1.44136e+06,1.44136e+06,1.43938e+06,1.4394e+06,3.44112e+09
2022-09-03,1.43877e+06,1.43877e+06,1.42693e+06,1.42694e+06,4.1273e+09
2022-09-04,1.42711e+06,1.42755e+06,1.42691e+06,1.42691e+06,2.8857e+09
2022-09-05,1.42756e+06,1.42886e+06,1.42678e+06,1.42678e+06,3.19578e+09
2022-09-06,1.42698e+06,1.42698e+06,1.42083e+06,1.42083e+06,3.1217e+09
2022-09-07,1.4211e+06,1.42113e+06,1.41286e+06,1.41286e+06,3.27196e+09
2022-09-10,1.41242e+06,1.41242e+06,1.39743e+06,1.39743e+06,3.69237e+09
2022-09-11,1.39741e+06,1.39741e+06,1.39073e+06,1.39073e+06,3.30909e+09
2022-09-12,1.39094e+06,1.39253e+06,1.38893e+06,1.38897e+06,3.33219e+09
2022-09-13,1.38922e+06,1.39341e+06,1.38922e+06,1.39313e+06,3.72498e+09
2022-09-14,1.39369e+06,1.39412e+06,1.38908e+06,1.3891e+06,3.14283e+09
2022-09-18,1.38902e+06,1.38902e+06,1.37792e+06,1.37792e+06,3.13722e+09
2022-09-19,1.37788e+06,1.37788e+06,1.37382e+06,1.37382e+06,2.93238e+09
2022-09-20,1.37394e+06,1.37394e+06,1.36706e+06,1.36706e+06,2.87098e+09
2022-09-21,1.36638e+06,1.36638e+06,1.35523e+06,1.35524e+06,3.06429e+09
2022-09-24,1.35449e+06,1.35449e+06,1.32818e+06,1.32819e+06,4.24094e+09
2022-09-26,1.32795e+06,1.33445e+06,1.32795e+06,1.33445e+06,3.10928e+09
2022-09-28,1.33502e+06,1.34678e+06,1.33502e+06,1.34656e+06,3.43087e+09
2022-10-01,1.34625e+06,1.34625e+06,1.33088e+06,1.33088e+06,4.38855e+09
2022-10-02,1.33049e+06,1.33049e+06,1.32202e+06,1.32203e+06,3.46636e+09
2022-10-03,1.32221e+06,1.3226e+06,1.31871e+06,1.31871e+06,2.89839e+09
2022-10-04,1.31882e+06,1.31882e+06,1.3138e+06,1.31385e+06,2.48002e+09
2022-10-08,1.31466e+06,1.31829e+06,1.31466e+06,1.31672e+06,2.96361e+09
2022-10-09,1.31591e+06,1.31591e+06,1.30508e+06,1.30508e+06,3.76051e+09
2022-10-10,1.30537e+06,1.30576e+06,1.30274e+06,1.30392e+06,3.03043e+09
2022-10-11,1.30451e+06,1.31358e+06,1.30451e+06,1.31358e+06,3.19697e+09
2022-10-12,1.31396e+06,1.31979e+06,1.31396e+06,1.31979e+06,2.84245e+09
2022-10-15,1.31984e+06,1.31999e+06,1.31789e+06,1.31789e+06,2.74372e+09
2022-10-16,1.31787e+06,1.31787e+06,1.31128e+06,1.31129e+06,3.20708e+09
2022-10-17,1.31124e+06,1.31127e+06,1.3106e+06,1.31111e+06,2.81507e+09
2022-10-18,1.31148e+06,1.31387e+06,1.31148e+06,1.31256e+06,2.48836e+09
2022-10-19,1.31249e+06,1.3125e+06,1.31016e+06,1.31017e+06,2.03075e+09
2022-10-22,1.31115e+06,1.31195e+06,1.30895e+06,1.30896e+06,2.39779e+09
2022-10-23,1.30942e+06,1.30942e+06,1.29679e+06,1.2968e+06,3.06974e+09
2022-10-24,1.29575e+06,1.29575e+06,1.27773e+06,1.27774e+06,3.47272e+09
2022-10-25,1.27745e+06,1.2777e+06,1.26706e+06,1.26706e+06,3.27834e+09
2022-10-26,1.26671e+06,1.26671e+06,1.24104e+06,1.24107e+06,4.71222e+09
2022-10-29,1.24348e+06,1.24708e+06,1.24348e+06,1.24463e+06,4.40116e+09
2022-10-30,1.24516e+06,1.25446e+06,1.24516e+06,1.25446e+06,3.56813e+09
2022-10-31,1.25503e+06,1.26983e+06,1.25503e+06,1.26983e+06,3.84555e+09
2022-11-01,1.27099e+06,1.28046e+06,1.27099e+06,1.28046e+06,3.80985e+09
2022-11-02,1.28056e+06,1.28354e+06,1.27931e+06,1.28354e+06,3.50898e+09
2022-11-05,1.28582e+06,1.32832e+06,1.28582e+06,1.32832e+06,6.34298e+09
2022-11-06,1.33235e+06,1.34468e+06,1.33235e+06,1.34468e+06,5.75245e+09
2022-11-07,1.34717e+06,1.38975e+06,1.34717e+06,1.38975e+06,7.91459e+09
2022-11-08,1.40047e+06,1.41326e+06,1.40047e+06,1.40773e+06,1.12885e+10
2022-11-09,1.40672e+06,1.41435e+06,1.40267e+06,1.41436e+06,8.34963e+09
2022-11-12,1.41718e+06,1.42693e+06,1.41718e+06,1.4261e+06,6.30385e+09
2022-11-13,1.42552e+06,1.42552e+06,1.41912e+06,1.41914e+06,5.8891e+09
2022-11-14,1.41902e+06,1.41902e+06,1.4081e+06,1.40817e+06,5.0684e+09
2022-11-15,1.40851e+06,1.41107e+06,1.40851e+06,1.41042e+06,4.04905e+09
2022-11-16,1.41054e+06,1.4136e+06,1.40968e+06,1.41357e+06,4.10652e+09
2022-11-19,1.41196e+06,1.41196e+06,1.39306e+06,1.39309e+06,5.30822e+09
2022-11-20,1.39617e+06,1.40464e+06,1.39617e+06,1.40463e+06,5.72957e+09
2022-11-21,1.40634e+06,1.40928e+06,1.40634e+06,1.4086e+06,6.90739e+09
2022-11-22,1.40822e+06,1.40822e+06,1.40669e+06,1.40765e+06,5.82584e+09
2022-11-23,1.40831e+06,1.41125e+06,1.40831e+06,1.41019e+06,5.15579e+09
2022-11-26,1.41104e+06,1.41218e+06,1.40821e+06,1.40821e+06,5.21399e+09
2022-11-27,1.40807e+06,1.40807e+06,1.40574e+06,1.4062e+06,5.02368e+09
2022-11-28,1.4069e+06,1.40835e+06,1.4069e+06,1.40835e+06,4.91096e+09
2022-11-29,1.40834e+06,1.4142e+06,1.40834e+06,1.4142e+06,4.91779e+09
2022-11-30,1.41511e+06,1.41848e+06,1.41511e+06,1.41737e+06,3.88855e+09
2022-12-03,1.41757e+06,1.4192e+06,1.41712e+06,1.41772e+06,4.05919e+09
2022-12-04,1.41828e+06,1.41973e+06,1.41784e+06,1.41784e+06,5.35745e+09
2022-12-05,1.4182e+06,1.41856e+06,1.4136e+06,1.4136e+06,4.51148e+09
2022-12-06,1.41363e+06,1.41363e+06,1.4094e+06,1.4094e+06,4.96038e+09
2022-12-07,1.41087e+06,1.41087e+06,1.40282e+06,1.40283e+06,7.20806e+09
2022-12-10,1.40221e+06,1.40221e+06,1.38374e+06,1.38374e+06,6.15282e+09
2022-12-11,1.38375e+06,1.38937e+06,1.38375e+06,1.38937e+06,5.76442e+09
2022-12-12,1.38987e+06,1.40937e+06,1.38987e+06,1.40936e+06,7.41993e+09
2022-12-13,1.41212e+06,1.45449e+06,1.41212e+06,1.45447e+06,9.02435e+09
2022-12-14,1.46214e+06,1.47425e+06,1.46214e+06,1.47276e+06,6.40147e+09
2022-12-17,1.47226e+06,1.47226e+06,1.46892e+06,1.46993e+06,5.83241e+09
2022-12-18,1.47274e+06,1.50024e+06,1.47274e+06,1.50024e+06,8.07976e+09
2022-12-19,1.50104e+06,1.50529e+06,1.49968e+06,1.50091e+06,9.42616e+09
2022-12-20,1.50104e+06,1.50104e+06,1.4921e+06,1.4921e+06,6.77668e+09
2022-12-21,1.4926e+06,1.49637e+06,1.4926e+06,1.4962e+06,6.18514e+09
2022-12-24,1.50076e+06,1.538e+06,1.50076e+06,1.538e+06,1.01034e+10
2022-12-25,1.54715e+06,1.56357e+06,1.54715e+06,1.56357e+06,1.0777e+10
2022-12-26,1.56682e+06,1.57642e+06,1.56316e+06,1.5764e+06,9.44669e+09
2022-12-28,1.58883e+06,1.64731e+06,1.58883e+06,1.64731e+06,1.51752e+10
2022-12-31,1.61984e+06,1.61984e+06,1.5905e+06,1.5905e+06,1.34994e+10
2023-01-01,1.58877e+06,1.59184e+06,1.56408e+06,1.56437e+06,1.06816e+10
2023-01-02,1.56925e+06,1.59335e+06,1.56925e+06,1.59328e+06,9.61406e+09
2023-01-03,1.59731e+06,1.60271e+06,1.59135e+06,1.59135e+06,1.45453e+10
2023-01-04,1.58903e+06,1.58903e+06,1.57885e+06,1.57912e+06,9.46069e+09
2023-01-07,1.58439e+06,1.59806e+06,1.58439e+06,1.59806e+06,1.31604e+10
2023-01-08,1.60956e+06,1.63591e+06,1.60956e+06,1.63523e+06,1.55308e+10
2023-01-09,1.63873e+06,1.64691e+06,1.63613e+06,1.64691e+06,1.66344e+10
2023-01-10,1.65917e+06,1.6749e+06,1.65917e+06,1.66819e+06,1.4354e+10
2023-01-11,1.66492e+06,1.66492e+06,1.65209e+06,1.65209e+06,1.36014e+10
2023-01-14,1.64348e+06,1.64372e+06,1.63147e+06,1.64371e+06,9.36558e+09
2023-01-16,1.64967e+06,1.68068e+06,1.64967e+06,1.68068e+06,1.23331e+10
2023-01-17,1.68678e+06,1.69306e+06,1.68678e+06,1.68705e+06,1.36573e+10
2023-01-18,1.68625e+06,1.68914e+06,1.68299e+06,1.68914e+06,1.21797e+10
2023-01-21,1.68881e+06,1.68881e+06,1.65757e+06,1.65758e+06,1.34538e+10
2023-01-22,1.6583e+06,1.66285e+06,1.64906e+06,1.65292e+06,1.05774e+10
2023-01-23,1.65821e+06,1.66786e+06,1.65395e+06,1.65395e+06,1.25753e+10
2023-01-24,1.65439e+06,1.65439e+06,1.64605e+06,1.64605e+06,7.52976e+09
2023-01-25,1.64657e+06,1.64657e+06,1.61195e+06,1.61196e+06,1.14929e+10
2023-01-28,1.61231e+06,1.61267e+06,1.60008e+06,1.60008e+06,9.40336e+09
2023-01-29,1.59753e+06,1.59753e+06,1.54218e+06,1.54219e+06,1.10359e+10
2023-01-30,1.54185e+06,1.5444e+06,1.53145e+06,1.53968e+06,8.97624e+09
2023-01-31,1.5417e+06,1.55772e+06,1.5417e+06,1.55655e+06,7.91729e+09
2023-02-01,1.55754e+06,1.55754e+06,1.55569e+06,1.55724e+06,6.03865e+09
2023-02-05,1.55698e+06,1.55698e+06,1.54018e+06,1.54019e+06,7.50086e+09
2023-02-06,1.53884e+06,1.53884e+06,1.5351e+06,1.53786e+06,6.34846e+09
2023-02-07,1.53969e+06,1.55652e+06,1.53969e+06,1.55653e+06,5.82657e+09
2023-02-08,1.55828e+06,1.56135e+06,1.55808e+06,1.55808e+06,5.02616e+09
2023-02-12,1.55787e+06,1.55787e+06,1.54597e+06,1.54598e+06,3.85102e+09
2023-02-13,1.54654e+06,1.55184e+06,1.54654e+06,1.54828e+06,4.32825e+09
2023-02-14,1.54813e+06,1.54815e+06,1.53796e+06,1.53796e+06,4.06289e+09
2023-02-15,1.53768e+06,1.53768e+06,1.5248e+06,1.5248e+06,3.89253e+09
2023-02-19,1.5254e+06,1.53341e+06,1.5254e+06,1.53337e+06,5.06301e+09
2023-02-20,1.54851e+06,1.59426e+06,1.54851e+06,1.59426e+06,8.48389e+09
2023-02-21,1.62495e+06,1.66168e+06,1.62495e+06,1.65942e+06,1.44265e+10
2023-02-22,1.66006e+06,1.66318e+06,1.65351e+06,1.65659e+06,1.05447e+10
2023-02-25,1.69519e+06,1.73878e+06,1.69519e+06,1.73878e+06,1.35565e+10
2023-02-26,1.7923e+06,1.81352e+06,1.7923e+06,1.8043e+06,2.26205e+10
2023-02-27,1.7981e+06,1.81805e+06,1.79256e+06,1.80907e+06,1.77131e+10
2023-02-28,1.814e+06,1.83816e+06,1.80989e+06,1.83812e+06,1.22584e+10
2023-03-01,1.83506e+06,1.83506e+06,1.82177e+06,1.82177e+06,1.34157e+10
2023-03-04,1.8121e+06,1.8121e+06,1.78821e+06,1.78821e+06,9.24786e+09
2023-03-05,1.79069e+06,1.79913e+06,1.79069e+06,1.79596e+06,8.49066e+09
2023-03-06,1.79307e+06,1.79307e+06,1.78102e+06,1.78567e+06,8.31269e+09
2023-03-07,1.78743e+06,1.81761e+06,1.78743e+06,1.81761e+06,1.15297e+10
2023-03-11,1.82411e+06,1.82829e+06,1.81674e+06,1.81674e+06,1.16324e+10
2023-03-12,1.81047e+06,1.81047e+06,1.78317e+06,1.7832e+06,7.66104e+09
2023-03-13,1.78361e+06,1.78917e+06,1.78163e+06,1.78163e+06,7.15475e+09
2023-03-14,1.78189e+06,1.78401e+06,1.78189e+06,1.78299e+06,7.02487e+09
2023-03-15,1.78453e+06,1.82099e+06,1.78453e+06,1.82099e+06,1.00832e+10
2023-03-18,1.83068e+06,1.90654e+06,1.83068e+06,1.90575e+06,1.31697e+10
2023-03-19,1.92224e+06,1.96046e+06,1.92224e+06,1.96046e+06,1.26957e+10
2023-03-25,1.96927e+06,1.99833e+06,1.96927e+06,1.99828e+06,1.09071e+10
2023-03-26,2.00247e+06,2.03393e+06,2.00247e+06,2.01876e+06,1.30684e+10
2023-03-27,2.01695e+06,2.0292e+06,2.01028e+06,2.0292e+06,1.11116e+10
2023-03-28,2.03547e+06,2.04691e+06,2.03547e+06,2.04441e+06,1.29923e+10
2023-03-29,2.04837e+06,2.07871e+06,2.04837e+06,2.07871e+06,1.40822e+10
2023-04-03,2.06441e+06,2.08995e+06,2.05578e+06,2.08995e+06,1.51543e+10
2023-04-04,2.10018e+06,2.13441e+06,2.10018e+06,2.11911e+06,1.60012e+10
2023-04-05,2.11407e+06,2.13747e+06,2.11078e+06,2.13746e+06,1.4482e+10
2023-04-08,2.14131e+06,2.204e+06,2.14131e+06,2.20239e+06,1.91248e+10
2023-04-09,2.2038e+06,2.21449e+06,2.2038e+06,2.21264e+06,1.80093e+10
2023-04-10,2.2201e+06,2.22959e+06,2.19031e+06,2.19031e+06,2.05597e+10
2023-04-11,2.18448e+06,2.18448e+06,2.17296e+06,2.17992e+06,1.4206e+10
2023-04-15,2.19875e+06,2.25395e+06,2.19875e+06,2.25395e+06,1.68601e+10
2023-04-16,2.2659e+06,2.27636e+06,2.26251e+06,2.27507e+06,1.99081e+10
2023-04-17,2.27413e+06,2.28965e+06,2.26929e+06,2.28929e+06,1.79657e+10
2023-04-18,2.29583e+06,2.33149e+06,2.29583e+06,2.32544e+06,2.11244e+10
2023-04-19,2.32651e+06,2.32968e+06,2.31936e+06,2.32413e+06,1.66226e+10
2023-04-24,2.32551e+06,2.3265e+06,2.31504e+06,2.32649e+06,1.36354e+10
2023-04-25,2.33577e+06,2.37823e+06,2.33577e+06,2.36871e+06,1.75281e+10
2023-04-26,2.36582e+06,2.36795e+06,2.3522e+06,2.36529e+06,1.79712e+10
2023-04-29,2.39401e+06,2.43855e+06,2.39401e+06,2.43855e+06,2.31309e+10
2023-04-30,2.46205e+06,2.47944e+06,2.46205e+06,2.47934e+06,1.96299e+10
2023-05-01,2.48848e+06,2.48883e+06,2.47121e+06,2.48064e+06,2.0087e+10
2023-05-02,2.48694e+06,2.51833e+06,2.48694e+06,2.51833e+06,1.93847e+10
2023-05-03,2.52537e+06,2.52634e+06,2.51467e+06,2.51467e+06,2.40391e+10
2023-05-06,2.52755e+06,2.53524e+06,2.52755e+06,2.53524e+06,2.43216e+10
2023-05-07,2.54823e+06,2.54823e+06,2.44017e+06,2.44017e+06,2.16893e+10
2023-05-08,2.38346e+06,2.38346e+06,2.31441e+06,2.31441e+06,1.16789e+10
2023-05-09,2.26689e+06,2.30584e+06,2.26095e+06,2.30584e+06,2.36495e+10
2023-05-10,2.31853e+06,2.33435e+06,2.27771e+06,2.27771e+06,1.76899e+10
2023-05-13,2.26827e+06,2.26827e+06,2.21192e+06,2.21402e+06,1.65395e+10
2023-05-14,2.22944e+06,2.28591e+06,2.22944e+06,2.2859e+06,1.64085e+10
2023-05-15,2.29877e+06,2.30184e+06,2.29062e+06,2.30138e+06,1.35957e+10
2023-05-17,2.3021e+06,2.32135e+06,2.3021e+06,2.32134e+06,1.13766e+10
2023-05-20,2.32793e+06,2.32886e+06,2.29799e+06,2.29799e+06,1.24288e+10
2023-05-21,2.29652e+06,2.30277e+06,2.29074e+06,2.30271e+06,9.71689e+09
2023-05-22,2.30872e+06,2.31988e+06,2.30872e+06,2.31851e+06,1.25466e+10
2023-05-23,2.32199e+06,2.33712e+06,2.32199e+06,2.3308e+06,1.11529e+10
2023-05-24,2.34857e+06,2.3522e+06,2.34596e+06,2.34597e+06,1.10036e+10
2023-05-27,2.34247e+06,2.34247e+06,2.31122e+06,2.31122e+06,1.00253e+10
2023-05-28,2.30841e+06,2.30841e+06,2.25527e+06,2.25701e+06,1.15169e+10
2023-05-29,2.2604e+06,2.27548e+06,2.2604e+06,2.27539e+06,8.57604e+09
2023-05-30,2.27846e+06,2.28993e+06,2.27846e+06,2.28843e+06,8.57419e+09
2023-05-31,2.28855e+06,2.28855e+06,2.26888e+06,2.27104e+06,7.78388e+09
2023-06-03,2.27122e+06,2.27968e+06,2.27057e+06,2.27968e+06,5.99731e+09
2023-06-06,2.28186e+06,2.28955e+06,2.28186e+06,2.28955e+06,7.9497e+09
2023-06-07,2.29066e+06,2.29193e+06,2.28844e+06,2.28844e+06,7.83903e+09
2023-06-10,2.27675e+06,2.27675e+06,2.21506e+06,2.21506e+06,7.8559e+09
2023-06-11,2.21297e+06,2.21393e+06,2.20821e+06,2.20821e+06,7.23502e+09
2023-06-12,2.20904e+06,2.20904e+06,2.14541e+06,2.14542e+06,9.75391e+09
2023-06-13,2.1455e+06,2.1552e+06,2.1455e+06,2.1552e+06,6.68584e+09
2023-06-14,2.1589e+06,2.18381e+06,2.1589e+06,2.18211e+06,7.07503e+09
2023-06-17,2.18513e+06,2.18971e+06,2.1828e+06,2.18281e+06,6.7273e+09
2023-06-18,2.18182e+06,2.18182e+06,2.16272e+06,2.16292e+06,7.45908e+09
2023-06-19,2.16232e+06,2.1684e+06,2.16232e+06,2.16423e+06,7.70514e+09
2023-06-20,2.16417e+06,2.16695e+06,2.16112e+06,2.16695e+06,4.90514e+09
2023-06-21,2.16857e+06,2.17707e+06,2.16857e+06,2.17389e+06,5.19416e+09
2023-06-24,2.174e+06,2.174e+06,2.16257e+06,2.16262e+06,6.44947e+09
2023-06-25,2.16953e+06,2.19039e+06,2.16953e+06,2.1896e+06,7.45623e+09
2023-06-26,2.18838e+06,2.19671e+06,2.18822e+06,2.19613e+06,6.51467e+09
2023-06-27,2.1955e+06,2.1955e+06,2.1682e+06,2.16821e+06,6.32006e+09
2023-06-28,2.16247e+06,2.16247e+06,2.15239e+06,2.15341e+06,5.54189e+09
2023-07-01,2.15293e+06,2.15367e+06,2.14391e+06,2.14391e+06,5.03387e+09
2023-07-02,2.14438e+06,2.15773e+06,2.14438e+06,2.15738e+06,5.78883e+09
2023-07-03,2.15899e+06,2.18342e+06,2.15899e+06,2.18341e+06,6.60919e+09
2023-07-04,2.18536e+06,2.20392e+06,2.18536e+06,2.20209e+06,6.96208e+09
2023-07-05,2.2023e+06,2.20569e+06,2.20223e+06,2.20266e+06,6.1176e+09
2023-07-08,2.20348e+06,2.20432e+06,2.19513e+06,2.19513e+06,5.06689e+09
2023-07-09,2.19402e+06,2.19402e+06,2.17636e+06,2.17636e+06,5.89345e+09
2023-07-10,2.17549e+06,2.17549e+06,2.15853e+06,2.15853e+06,5.80969e+09
2023-07-11,2.15818e+06,2.15818e+06,2.12837e+06,2.12838e+06,8.52125e+09
2023-07-12,2.1261e+06,2.1261e+06,2.0714e+06,2.0714e+06,8.13062e+09
2023-07-15,2.0725e+06,2.08163e+06,2.07089e+06,2.07089e+06,4.68561e+09
2023-07-16,2.07024e+06,2.07024e+06,2.02127e+06,2.0213e+06,5.87664e+09
2023-07-17,2.01837e+06,2.01837e+06,1.95561e+06,1.95663e+06,7.7842e+09
2023-07-18,1.9592e+06,1.99976e+06,1.9592e+06,1.99972e+06,7.4854e+09
2023-07-19,2.00269e+06,2.0274e+06,2.00269e+06,2.01639e+06,5.91176e+09
2023-07-22,2.01277e+06,2.01277e+06,1.9831e+06,1.98313e+06,4.60374e+09
2023-07-23,1.98148e+06,1.98319e+06,1.97694e+06,1.97694e+06,3.63893e+09
2023-07-24,1.97991e+06,1.99846e+06,1.97991e+06,1.99846e+06,4.02e+09
2023-07-25,2.00051e+06,2.0109e+06,2.00051e+06,2.0019e+06,4.87715e+09
2023-07-26,2.00169e+06,2.00169e+06,1.99726e+06,2.00053e+06,4.22759e+09
2023-07-29,2.00047e+06,2.00284e+06,1.99675e+06,1.99676e+06,4.08752e+09
2023-07-30,1.99562e+06,1.99562e+06,1.96767e+06,1.96767e+06,6.75926e+09
2023-07-31,1.96861e+06,1.97392e+06,1.96861e+06,1.97391e+06,4.69916e+09
2023-08-01,1.9746e+06,1.99367e+06,1.9746e+06,1.99366e+06,4.30248e+09
2023-08-05,1.99693e+06,2.03305e+06,1.99693e+06,2.03305e+06,6.02884e+09
2023-08-06,2.03418e+06,2.04004e+06,2.03293e+06,2.04001e+06,4.89082e+09
2023-08-07,2.04232e+06,2.05243e+06,2.04232e+06,2.05107e+06,6.93647e+09
2023-08-08,2.05043e+06,2.05043e+06,2.03786e+06,2.03787e+06,4.76308e+09
2023-08-09,2.03987e+06,2.04244e+06,2.03634e+06,2.03699e+06,3.96035e+09
2023-08-12,2.03463e+06,2.03463e+06,1.98964e+06,1.98964e+06,5.29555e+09
2023-08-13,1.98811e+06,1.98811e+06,1.98357e+06,1.98792e+06,4.7842e+09
2023-08-14,1.98964e+06,1.99968e+06,1.98964e+06,1.99703e+06,3.88509e+09
2023-08-15,1.99658e+06,1.99658e+06,1.97817e+06,1.97818e+06,4.66902e+09
2023-08-16,1.97875e+06,1.97895e+06,1.9736e+06,1.9736e+06,3.28578e+09
2023-08-19,1.97379e+06,1.97379e+06,1.95752e+06,1.95751e+06,4.03479e+09
2023-08-20,1.95749e+06,1.95749e+06,1.95345e+06,1.95403e+06,3.92952e+09
2023-08-21,1.95442e+06,1.95868e+06,1.95442e+06,1.95644e+06,3.40725e+09
2023-08-22,1.9562e+06,1.9562e+06,1.93822e+06,1.93825e+06,4.02178e+09
2023-08-23,1.93797e+06,1.94664e+06,1.93795e+06,1.94659e+06,3.6344e+09
2023-08-26,1.95033e+06,1.99311e+06,1.95033e+06,1.9931e+06,5.51962e+09
2023-08-27,1.99661e+06,2.05149e+06,1.99661e+06,2.05147e+06,9.5546e+09
2023-08-28,2.05515e+06,2.08485e+06,2.05515e+06,2.08417e+06,8.01409e+09
2023-08-29,2.08867e+06,2.10103e+06,2.08867e+06,2.09505e+06,6.69577e+09
2023-08-30,2.09713e+06,2.10503e+06,2.09713e+06,2.10468e+06,7.93645e+09
2023-09-02,2.10629e+06,2.11013e+06,2.10354e+06,2.10564e+06,6.35169e+09
2023-09-03,2.10551e+06,2.11212e+06,2.10476e+06,2.11165e+06,4.96187e+09
2023-09-04,2.11198e+06,2.13615e+06,2.11198e+06,2.13614e+06,6.62281e+09
2023-09-05,2.14005e+06,2.15538e+06,2.14005e+06,2.15098e+06,6.7833e+09
2023-09-09,2.1505e+06,2.1505e+06,2.12961e+06,2.12961e+06,5.67514e+09
2023-09-10,2.12781e+06,2.12781e+06,2.12303e+06,2.12363e+06,4.21393e+09
2023-09-11,2.12392e+06,2.12425e+06,2.12259e+06,2.12262e+06,4.04215e+09
2023-09-12,2.12289e+06,2.12936e+06,2.12289e+06,2.12708e+06,4.187e+09
2023-09-13,2.12799e+06,2.13051e+06,2.12669e+06,2.12674e+06,4.1347e+09
2023-09-17,2.12736e+06,2.13599e+06,2.12736e+06,2.13578e+06,5.17325e+09
2023-09-18,2.13611e+06,2.13669e+06,2.13348e+06,2.13349e+06,4.9286e+09
2023-09-19,2.13348e+06,2.13348e+06,2.12846e+06,2.12849e+06,4.02284e+09
2023-09-20,2.12834e+06,2.12834e+06,2.12113e+06,2.12121e+06,3.84048e+09
2023-09-23,2.12173e+06,2.12208e+06,2.11835e+06,2.11835e+06,3.6187e+09
2023-09-25,2.11831e+06,2.11834e+06,2.10101e+06,2.10104e+06,5.40123e+09
2023-09-26,2.10109e+06,2.10116e+06,2.09771e+06,2.09773e+06,3.7572e+09
2023-09-27,2.098e+06,2.09945e+06,2.09774e+06,2.09798e+06,4.32671e+09
2023-09-30,2.0988e+06,2.09896e+06,2.08453e+06,2.08453e+06,4.90603e+09
2023-10-01,2.08426e+06,2.08426e+06,2.06716e+06,2.06716e+06,5.70378e+09
2023-10-02,2.06758e+06,2.06783e+06,2.06669e+06,2.06754e+06,4.22117e+09
2023-10-04,2.06806e+06,2.0709e+06,2.06806e+06,2.06975e+06,3.61607e+09
2023-10-07,2.06971e+06,2.06971e+06,2.05286e+06,2.05288e+06,4.33e+09
2023-10-08,2.04993e+06,2.04993e+06,2.00126e+06,2.00127e+06,7.0574e+09
2023-10-09,2.00042e+06,2.0102e+06,2.00042e+06,2.0056e+06,4.66908e+09
2023-10-10,2.00623e+06,2.01407e+06,2.00623e+06,2.01407e+06,3.38991e+09
2023-10-11,2.01488e+06,2.02046e+06,2.01488e+06,2.01971e+06,3.31838e+09
2023-10-14,2.01941e+06,2.01941e+06,2.00142e+06,2.00146e+06,4.47176e+09
2023-10-15,2.00132e+06,2.00291e+06,2.00126e+06,2.00194e+06,3.69533e+09
2023-10-16,2.00245e+06,2.0182e+06,2.00245e+06,2.01815e+06,4.0547e+09
2023-10-17,2.02215e+06,2.03125e+06,2.02215e+06,2.03125e+06,4.10366e+09
2023-10-18,2.02969e+06,2.02969e+06,2.02353e+06,2.02354e+06,5.00992e+09
2023-10-21,2.02354e+06,2.02645e+06,2.02354e+06,2.02497e+06,3.22115e+09
2023-10-22,2.02671e+06,2.03326e+06,2.02671e+06,2.03221e+06,3.58135e+09
2023-10-23,2.03089e+06,2.03089e+06,2.02189e+06,2.0219e+06,4.10028e+09
2023-10-24,2.02188e+06,2.02188e+06,2.00018e+06,2.00034e+06,4.24222e+09
2023-10-25,1.99993e+06,2.00211e+06,1.99971e+06,2.00208e+06,3.91484e+09
2023-10-28,1.99498e+06,1.99498e+06,1.95122e+06,1.95122e+06,6.64118e+09
2023-10-29,1.95032e+06,1.96132e+06,1.95032e+06,1.96131e+06,4.06028e+09
2023-10-30,1.96225e+06,1.98157e+06,1.96225e+06,1.98141e+06,4.04697e+09
2023-10-31,1.98191e+06,1.98526e+06,1.9812e+06,1.9812e+06,3.78326e+09
2023-11-01,1.97979e+06,1.97979e+06,1.96774e+06,1.97052e+06,4.53867e+09
2023-11-04,1.9759e+06,1.99921e+06,1.9759e+06,1.99921e+06,4.95658e+09
2023-11-05,2.00025e+06,2.01675e+06,2.00025e+06,2.01673e+06,4.70511e+09
2023-11-06,2.0173e+06,2.03088e+06,2.0173e+06,2.03087e+06,4.84398e+09
2023-11-07,2.03182e+06,2.0527e+06,2.03182e+06,2.0527e+06,7.57247e+09
2023-11-08,2.05393e+06,2.05604e+06,2.05393e+06,2.05594e+06,4.50157e+09
2023-11-11,2.05616e+06,2.05876e+06,2.05431e+06,2.05448e+06,4.55344e+09
2023-11-12,2.0545e+06,2.05465e+06,2.05256e+06,2.05363e+06,4.49401e+09
2023-11-13,2.05406e+06,2.05834e+06,2.05406e+06,2.05596e+06,4.68905e+09
2023-11-14,2.05584e+06,2.05584e+06,2.04607e+06,2.04607e+06,4.15171e+09
2023-11-15,2.04572e+06,2.04578e+06,2.03888e+06,2.03888e+06,4.12481e+09
2023-11-18,2.03882e+06,2.03882e+06,2.02857e+06,2.02858e+06,3.69727e+09
2023-11-19,2.02883e+06,2.03113e+06,2.02624e+06,2.02624e+06,3.89427e+09
2023-11-20,2.02625e+06,2.02625e+06,2.01792e+06,2.01801e+06,3.94181e+09
2023-11-21,2.01822e+06,2.02015e+06,2.01801e+06,2.02015e+06,3.76073e+09
2023-11-22,2.02071e+06,2.02398e+06,2.02071e+06,2.02233e+06,4.06777e+09
2023-11-25,2.02295e+06,2.02334e+06,2.01999e+06,2.01999e+06,3.94241e+09
2023-11-26,2.02099e+06,2.02448e+06,2.02099e+06,2.02445e+06,4.68154e+09
2023-11-27,2.02538e+06,2.02787e+06,2.02538e+06,2.02607e+06,4.19608e+09
2023-11-28,2.02647e+06,2.03191e+06,2.02622e+06,2.03188e+06,4.36593e+09
2023-11-29,2.03432e+06,2.06038e+06,2.03432e+06,2.06035e+06,6.70103e+09
2023-12-02,2.06424e+06,2.08808e+06,2.06424e+06,2.0877e+06,6.98336e+09
2023-12-03,2.08823e+06,2.1212e+06,2.08786e+06,2.1212e+06,1.0105e+10
2023-12-04,2.14227e+06,2.16547e+06,2.14227e+06,2.16523e+06,9.6241e+09
2023-12-05,2.16519e+06,2.17724e+06,2.16519e+06,2.1765e+06,8.81659e+09
2023-12-06,2.17748e+06,2.17748e+06,2.17102e+06,2.17102e+06,5.58557e+09
2023-12-09,2.17124e+06,2.1715e+06,2.16096e+06,2.16097e+06,5.63785e+09
2023-12-10,2.16096e+06,2.16143e+06,2.15942e+06,2.16107e+06,4.81667e+09
2023-12-11,2.16164e+06,2.16569e+06,2.16164e+06,2.16256e+06,5.257e+09
2023-12-12,2.16341e+06,2.16439e+06,2.16124e+06,2.16127e+06,5.86261e+09
2023-12-13,2.16162e+06,2.16162e+06,2.15809e+06,2.15809e+06,4.60752e+09
2023-12-16,2.15885e+06,2.17182e+06,2.15885e+06,2.17182e+06,4.8594e+09
2023-12-18,2.17353e+06,2.20766e+06,2.17353e+06,2.20765e+06,8.04981e+09
2023-12-19,2.20718e+06,2.21562e+06,2.20712e+06,2.21186e+06,6.93804e+09
2023-12-20,2.21111e+06,2.21391e+06,2.21022e+06,2.21022e+06,5.5416e+09
2023-12-23,2.20996e+06,2.21071e+06,2.20834e+06,2.20834e+06,5.06958e+09
2023-12-24,2.20859e+06,2.20859e+06,2.20011e+06,2.20011e+06,5.19832e+09
2023-12-25,2.20011e+06,2.20011e+06,2.1945e+06,2.1945e+06,5.58559e+09
2023-12-26,2.19363e+06,2.19363e+06,2.17875e+06,2.17875e+06,5.647e+09
2023-12-27,2.179e+06,2.17932e+06,2.17741e+06,2.17741e+06,4.18165e+09
2023-12-30,2.17862e+06,2.18419e+06,2.17862e+06,2.18272e+06,5.08827e+09
2023-12-31,2.18283e+06,2.18283e+06,2.1761e+06,2.1761e+06,4.46149e+09
2024-01-01,2.17639e+06,2.17639e+06,2.16833e+06,2.16831e+06,4.27812e+09
2024-01-02,2.1683e+06,2.1683e+06,2.15877e+06,2.15877e+06,3.68253e+09
2024-01-03,2.15899e+06,2.15919e+06,2.15509e+06,2.15523e+06,4.15516e+09
2024-01-06,2.1553e+06,2.1553e+06,2.15195e+06,2.15371e+06,4.67542e+09
2024-01-07,2.15432e+06,2.15693e+06,2.15432e+06,2.15478e+06,3.97026e+09
2024-01-08,2.15471e+06,2.15655e+06,2.15395e+06,2.15396e+06,4.03178e+09
2024-01-09,2.15414e+06,2.15689e+06,2.15348e+06,2.15637e+06,4.39366e+09
2024-01-10,2.1571e+06,2.17097e+06,2.1571e+06,2.17096e+06,5.02281e+09
2024-01-13,2.17099e+06,2.18094e+06,2.17092e+06,2.18053e+06,5.69826e+09
2024-01-14,2.18122e+06,2.1973e+06,2.18122e+06,2.19729e+06,5.7999e+09
2024-01-15,2.19792e+06,2.19821e+06,2.195e+06,2.195e+06,5.1507e+09
2024-01-16,2.19383e+06,2.19383e+06,2.18696e+06,2.18697e+06,5.01762e+09
2024-01-17,2.18708e+06,2.1891e+06,2.18598e+06,2.18598e+06,4.00294e+09
2024-01-20,2.18692e+06,2.18821e+06,2.16693e+06,2.16693e+06,6.51216e+09
2024-01-21,2.16387e+06,2.16387e+06,2.1532e+06,2.15321e+06,5.17521e+09
2024-01-22,2.15373e+06,2.15627e+06,2.14655e+06,2.14656e+06,5.35153e+09
2024-01-23,2.1462e+06,2.1462e+06,2.12004e+06,2.12005e+06,5.66222e+09
2024-01-24,2.12016e+06,2.12443e+06,2.12016e+06,2.12349e+06,3.18565e+09
2024-01-27,2.12414e+06,2.1281e+06,2.12414e+06,2.12683e+06,3.85905e+09
2024-01-28,2.12737e+06,2.12821e+06,2.12735e+06,2.12803e+06,5.43547e+09
2024-01-29,2.12763e+06,2.12763e+06,2.1201e+06,2.12027e+06,5.1113e+09
2024-01-30,2.1203e+06,2.1203e+06,2.11034e+06,2.11034e+06,5.14067e+09
2024-01-31,2.11033e+06,2.11033e+06,2.10584e+06,2.10727e+06,4.39034e+09
2024-02-03,2.10741e+06,2.11423e+06,2.10741e+06,2.11108e+06,4.13931e+09
2024-02-04,2.11154e+06,2.11154e+06,2.10017e+06,2.10017e+06,4.4819e+09
2024-02-05,2.10023e+06,2.10044e+06,2.09832e+06,2.09847e+06,3.63929e+09
2024-02-06,2.09877e+06,2.09945e+06,2.09725e+06,2.09725e+06,3.24312e+09
2024-02-07,2.09754e+06,2.09812e+06,2.09705e+06,2.09803e+06,3.89551e+09
2024-02-10,2.09846e+06,2.10087e+06,2.09846e+06,2.1001e+06,3.55658e+09
2024-02-12,2.1002e+06,2.1002e+06,2.09189e+06,2.0919e+06,3.8235e+09
2024-02-13,2.09346e+06,2.09457e+06,2.0903e+06,2.09032e+06,4.35184e+09
2024-02-14,2.08958e+06,2.08958e+06,2.07853e+06,2.07854e+06,4.44576e+09
2024-02-17,2.07873e+06,2.07873e+06,2.06002e+06,2.06002e+06,4.31424e+09
2024-02-18,2.06e+06,2.06475e+06,2.05956e+06,2.06453e+06,3.3367e+09
2024-02-19,2.06501e+06,2.07117e+06,2.06501e+06,2.07078e+06,3.57975e+09
2024-02-20,2.07089e+06,2.07152e+06,2.07076e+06,2.07142e+06,3.41741e+09
2024-02-21,2.07168e+06,2.07224e+06,2.07072e+06,2.07082e+06,3.4104e+09
2024-02-24,2.07143e+06,2.07157e+06,2.06596e+06,2.06614e+06,3.92357e+09
2024-02-26,2.06617e+06,2.06617e+06,2.04941e+06,2.04978e+06,4.13147e+09
2024-02-27,2.04976e+06,2.04976e+06,2.04563e+06,2.04602e+06,3.50909e+09
2024-02-28,2.04694e+06,2.05559e+06,2.04694e+06,2.05483e+06,3.6653e+09
2024-03-02,2.0556e+06,2.0868e+06,2.0556e+06,2.08654e+06,7.09668e+09
2024-03-03,2.09756e+06,2.14809e+06,2.09756e+06,2.14709e+06,7.92545e+09
2024-03-04,2.14911e+06,2.15082e+06,2.14016e+06,2.14016e+06,8.55827e+09
2024-03-05,2.14055e+06,2.17281e+06,2.14055e+06,2.17223e+06,7.47152e+09
2024-03-06,2.17282e+06,2.1738e+06,2.16574e+06,2.16575e+06,5.03997e+09
2024-03-09,2.16727e+06,2.17004e+06,2.16375e+06,2.16375e+06,5.62548e+09
2024-03-10,2.16396e+06,2.16396e+06,2.16022e+06,2.16022e+06,4.82301e+09
2024-03-11,2.1599e+06,2.16267e+06,2.15955e+06,2.16156e+06,7.82253e+09
2024-03-12,2.1635e+06,2.1694e+06,2.16348e+06,2.1635e+06,6.98365e+09
2024-03-13,2.164e+06,2.164e+06,2.15002e+06,2.15004e+06,5.44208e+09
2024-03-16,2.15313e+06,2.15619e+06,2.14849e+06,2.14849e+06,5.0468e+09
2024-03-17,2.14943e+06,2.16049e+06,2.14943e+06,2.16041e+06,4.79478e+09
2024-03-18,2.16115e+06,2.19509e+06,2.16115e+06,2.19509e+06,4.53582e+09
2024-03-24,2.19858e+06,2.23636e+06,2.19858e+06,2.23635e+06,5.46839e+09
2024-03-25,2.24077e+06,2.25469e+06,2.24077e+06,2.2536e+06,6.78441e+09
2024-03-26,2.25355e+06,2.25355e+06,2.24882e+06,2.24943e+06,4.9182e+09
2024-03-27,2.25029e+06,2.2614e+06,2.25029e+06,2.26139e+06,1.21913e+10
2024-03-30,2.26159e+06,2.26159e+06,2.25946e+06,2.26117e+06,8.26723e+09
2024-04-02,2.25196e+06,2.25196e+06,2.23869e+06,2.24527e+06,8.21942e+09
2024-04-03,2.24589e+06,2.25561e+06,2.24589e+06,2.25091e+06,5.97241e+09
2024-04-06,2.25169e+06,2.2547e+06,2.231e+06,2.23102e+06,1.04524e+10
2024-04-07,2.23432e+06,2.2368e+06,2.234e+06,2.23493e+06,7.51179e+09
2024-04-08,2.23718e+06,2.25485e+06,2.23718e+06,2.25485e+06,5.07994e+09
2024-04-09,2.25521e+06,2.2619e+06,2.25485e+06,2.2619e+06,6.23437e+09
2024-04-13,2.25637e+06,2.25637e+06,2.20797e+06,2.20797e+06,9.13887e+09
2024-04-14,2.20413e+06,2.20413e+06,2.19678e+06,2.19677e+06,1.77587e+09
2024-04-15,2.19898e+06,2.20691e+06,2.19898e+06,2.20691e+06,4.88581e+09
2024-04-16,2.20736e+06,2.20736e+06,2.20117e+06,2.20198e+06,5.76438e+09
2024-04-17,2.20305e+06,2.20875e+06,2.20305e+06,2.20821e+06,3.77848e+09
2024-04-20,2.23553e+06,2.28586e+06,2.23553e+06,2.28584e+06,9.14861e+09
2024-04-21,2.30243e+06,2.31613e+06,2.30243e+06,2.31282e+06,7.70721e+09
2024-04-22,2.31228e+06,2.31855e+06,2.31073e+06,2.3168e+06,6.38755e+09
2024-04-23,2.31675e+06,2.31675e+06,2.30338e+06,2.30338e+06,7.26867e+09
2024-04-24,2.30386e+06,2.30755e+06,2.30386e+06,2.30433e+06,6.25789e+09
2024-04-27,2.30719e+06,2.31266e+06,2.30498e+06,2.30498e+06,5.8106e+09
2024-04-28,2.3046e+06,2.3046e+06,2.28483e+06,2.28483e+06,4.76659e+09
2024-04-29,2.28542e+06,2.28802e+06,2.28105e+06,2.28107e+06,4.80979e+09
2024-04-30,2.28165e+06,2.28165e+06,2.26883e+06,2.26883e+06,4.50437e+09
2024-05-01,2.26856e+06,2.26878e+06,2.26468e+06,2.26492e+06,4.28495e+09
2024-05-05,2.26534e+06,2.26632e+06,2.25971e+06,2.25975e+06,4.61902e+09
2024-05-06,2.2592e+06,2.2592e+06,2.2391e+06,2.2391e+06,4.52839e+09
2024-05-07,2.23923e+06,2.23952e+06,2.23141e+06,2.23142e+06,4.30479e+09
2024-05-08,2.23136e+06,2.23136e+06,2.21909e+06,2.21909e+06,4.27847e+09
2024-05-11,2.21936e+06,2.21959e+06,2.20824e+06,2.20828e+06,4.45447e+09
2024-05-12,2.20861e+06,2.20871e+06,2.19317e+06,2.19317e+06,5.23219e+09
2024-05-13,2.19308e+06,2.19308e+06,2.16078e+06,2.16142e+06,5.82484e+09
2024-05-14,2.16221e+06,2.17385e+06,2.16221e+06,2.16557e+06,4.25332e+09
2024-05-15,2.16599e+06,2.16639e+06,2.15916e+06,2.16469e+06,4.12519e+09
2024-05-18,2.16681e+06,2.17496e+06,2.16681e+06,2.16868e+06,4.41031e+09
2024-05-19,2.16619e+06,2.16619e+06,2.10644e+06,2.11256e+06,5.68964e+09
2024-05-21,2.11217e+06,2.11524e+06,2.11211e+06,2.11414e+06,3.2058e+09
2024-05-25,2.11401e+06,2.11401e+06,2.09718e+06,2.09848e+06,3.88238e+09
2024-05-26,2.09724e+06,2.09724e+06,2.07775e+06,2.07906e+06,2.61538e+09
2024-05-27,2.07628e+06,2.07628e+06,2.05656e+06,2.05813e+06,4.15179e+09
2024-05-28,2.05701e+06,2.06988e+06,2.05701e+06,2.06988e+06,3.88056e+09
2024-05-29,2.07258e+06,2.08608e+06,2.07258e+06,2.08608e+06,2.39428e+09
2024-06-01,2.08896e+06,2.09723e+06,2.08896e+06,2.09408e+06,5.05261e+09
2024-06-02,2.09422e+06,2.09422e+06,2.08679e+06,2.08769e+06,3.29615e+09
2024-06-05,2.08783e+06,2.08878e+06,2.08153e+06,2.08212e+06,3.69817e+09
2024-06-08,2.08101e+06,2.08101e+06,2.06357e+06,2.06439e+06,3.24057e+09
2024-06-09,2.06298e+06,2.06298e+06,2.05815e+06,2.0619e+06,3.91316e+09
2024-06-10,2.06349e+06,2.07809e+06,2.06349e+06,2.07809e+06,4.06165e+09
2024-06-11,2.08102e+06,2.08397e+06,2.08102e+06,2.0813e+06,5.4897e+09
2024-06-12,2.08154e+06,2.08154e+06,2.07457e+06,2.07572e+06,4.55023e+09
2024-06-15,2.07565e+06,2.07565e+06,2.06148e+06,2.06167e+06,3.73758e+09
2024-06-16,2.06059e+06,2.06059e+06,2.0451e+06,2.04532e+06,3.98185e+09
2024-06-18,2.04413e+06,2.04413e+06,2.03596e+06,2.03636e+06,2.81603e+09
2024-06-19,2.03615e+06,2.04433e+06,2.03615e+06,2.04398e+06,3.34396e+09
2024-06-22,2.0449e+06,2.04795e+06,2.0449e+06,2.04765e+06,3.63464e+09
2024-06-23,2.04811e+06,2.05209e+06,2.04811e+06,2.05115e+06,3.56131e+09
2024-06-24,2.05238e+06,2.06528e+06,2.05238e+06,2.06517e+06,3.51629e+09
2024-06-26,2.0694e+06,2.08522e+06,2.0694e+06,2.08513e+06,3.35581e+09
2024-06-29,2.08944e+06,2.09736e+06,2.08944e+06,2.09602e+06,4.43268e+09
2024-06-30,2.09451e+06,2.09451e+06,2.07288e+06,2.07294e+06,5.69054e+09
2024-07-01,2.07308e+06,2.07515e+06,2.07251e+06,2.0751e+06,3.37012e+09
2024-07-02,2.07611e+06,2.09044e+06,2.07611e+06,2.0903e+06,3.5268e+09
2024-07-03,2.09192e+06,2.10068e+06,2.09192e+06,2.10067e+06,4.63102e+09
2024-07-06,2.11885e+06,2.18886e+06,2.11885e+06,2.18881e+06,3.90199e+09
2024-07-07,2.2286e+06,2.22999e+06,2.22438e+06,2.22644e+06,1.04616e+10
2024-07-08,2.22653e+06,2.22653e+06,2.22098e+06,2.2213e+06,6.14194e+09
2024-07-09,2.22174e+06,2.22196e+06,2.21702e+06,2.21702e+06,4.46696e+09
2024-07-10,2.21733e+06,2.21733e+06,2.2092e+06,2.20934e+06,4.97121e+09
2024-07-13,2.20962e+06,2.20962e+06,2.20024e+06,2.20026e+06,3.57117e+09
2024-07-14,2.20121e+06,2.20459e+06,2.20113e+06,2.20113e+06,3.71864e+09
2024-07-17,2.20149e+06,2.20334e+06,2.20149e+06,2.20268e+06,2.59133e+09
2024-07-20,2.20273e+06,2.20273e+06,2.19241e+06,2.19241e+06,3.04619e+09
2024-07-21,2.19181e+06,2.19181e+06,2.17219e+06,2.17219e+06,2.85857e+09
2024-07-22,2.17182e+06,2.1722e+06,2.16799e+06,2.16901e+06,3.07923e+09
2024-07-23,2.17129e+06,2.1799e+06,2.17129e+06,2.17796e+06,3.16555e+09
2024-07-24,2.17851e+06,2.1816e+06,2.17532e+06,2.17532e+06,3.24361e+09
2024-07-27,2.17535e+06,2.17535e+06,2.16097e+06,2.16096e+06,3.42446e+09
2024-07-29,2.161e+06,2.161e+06,2.13175e+06,2.13175e+06,4.68748e+09
2024-07-30,2.13161e+06,2.13161e+06,2.12043e+06,2.12043e+06,4.03032e+09
2024-07-31,2.10018e+06,2.10018e+06,2.06795e+06,2.06837e+06,8.81345e+09
2024-08-03,2.06455e+06,2.06455e+06,2.00667e+06,2.00669e+06,7.68561e+09
2024-08-04,2.00507e+06,2.00561e+06,2.00292e+06,2.00561e+06,3.13878e+09
2024-08-05,2.00571e+06,2.00626e+06,2.00438e+06,2.00451e+06,3.95577e+09
2024-08-06,2.00465e+06,2.00524e+06,2.00258e+06,2.00261e+06,2.95565e+09
2024-08-10,2.00278e+06,2.00527e+06,2.00278e+06,2.00384e+06,2.92783e+09
2024-08-11,2.00427e+06,2.00533e+06,2.00337e+06,2.00338e+06,2.39254e+09
2024-08-12,2.00354e+06,2.00355e+06,1.99865e+06,1.99865e+06,2.55312e+09
2024-08-13,1.99785e+06,1.99785e+06,1.99108e+06,1.99108e+06,2.25884e+09
2024-08-14,1.99184e+06,1.99812e+06,1.99184e+06,1.99812e+06,2.81696e+09
2024-08-17,2.00094e+06,2.01236e+06,2.00094e+06,2.01236e+06,2.58729e+09
2024-08-18,2.01801e+06,2.03056e+06,2.01801e+06,2.03056e+06,2.72899e+09
2024-08-19,2.03669e+06,2.0403e+06,2.03669e+06,2.03804e+06,4.97949e+09
2024-08-20,2.03805e+06,2.03805e+06,2.03255e+06,2.03255e+06,3.16156e+09
2024-08-21,2.0329e+06,2.03721e+06,2.0329e+06,2.03721e+06,3.17065e+09
2024-08-24,2.03852e+06,2.05248e+06,2.03852e+06,2.05229e+06,2.85592e+09
2024-08-26,2.05494e+06,2.06328e+06,2.05494e+06,2.06327e+06,4.13266e+09
2024-08-27,2.06412e+06,2.06803e+06,2.0641e+06,2.06803e+06,3.71392e+09
2024-08-28,2.06946e+06,2.07627e+06,2.06946e+06,2.07625e+06,3.57898e+09
2024-08-31,2.08032e+06,2.09864e+06,2.08032e+06,2.09864e+06,3.06297e+09
2024-09-01,2.10428e+06,2.11051e+06,2.10428e+06,2.1105e+06,6.75822e+09
2024-09-03,2.1111e+06,2.1111e+06,2.10905e+06,2.10929e+06,4.85191e+09
2024-09-07,2.11043e+06,2.11052e+06,2.10163e+06,2.10165e+06,4.3394e+09
2024-09-08,2.10091e+06,2.10091e+06,2.08756e+06,2.08809e+06,5.77889e+09
2024-09-09,2.08876e+06,2.09753e+06,2.08876e+06,2.09605e+06,5.2148e+09
2024-09-10,2.09647e+06,2.09647e+06,2.0883e+06,2.08835e+06,4.20964e+09
2024-09-11,2.08859e+06,2.08869e+06,2.08412e+06,2.08459e+06,5.47096e+09
2024-09-14,2.08577e+06,2.08577e+06,2.07547e+06,2.07547e+06,5.86298e+09
2024-09-15,2.07462e+06,2.07462e+06,2.06551e+06,2.06555e+06,4.80638e+09
2024-09-16,2.06561e+06,2.06903e+06,2.06528e+06,2.06757e+06,4.52144e+09
2024-09-17,2.06806e+06,2.08415e+06,2.06806e+06,2.08415e+06,6.09844e+09
2024-09-18,2.08571e+06,2.09708e+06,2.08571e+06,2.097e+06,5.39763e+09
2024-09-22,2.09791e+06,2.10109e+06,2.09791e+06,2.09892e+06,6.12279e+09
2024-09-23,2.09937e+06,2.11654e+06,2.09937e+06,2.11654e+06,7.04095e+09
2024-09-24,2.12013e+06,2.15266e+06,2.12013e+06,2.15267e+06,9.38172e+09
2024-09-25,2.15627e+06,2.1591e+06,2.15502e+06,2.15502e+06,8.63714e+09
2024-09-28,2.15316e+06,2.15316e+06,2.14685e+06,2.14685e+06,3.68906e+09
2024-09-29,2.14388e+06,2.14388e+06,2.13797e+06,2.13798e+06,6.19057e+09
2024-09-30,2.13698e+06,2.13698e+06,2.13157e+06,2.13171e+06,4.53401e+09
2024-10-01,2.13014e+06,2.13014e+06,2.12348e+06,2.1236e+06,2.92798e+09
2024-10-02,2.12017e+06,2.12017e+06,2.11489e+06,2.11492e+06,3.28367e+09
2024-10-05,2.11259e+06,2.11259e+06,2.1068e+06,2.10681e+06,1.52396e+09
2024-10-06,2.10376e+06,2.10376e+06,2.10176e+06,2.10176e+06,7.912e+08
2024-10-07,2.09683e+06,2.09683e+06,2.09388e+06,2.09395e+06,4.06926e+09
2024-10-08,2.09377e+06,2.09738e+06,2.09377e+06,2.09738e+06,4.35264e+09
2024-10-09,2.09742e+06,2.09984e+06,2.09742e+06,2.0997e+06,2.72064e+09
2024-10-12,2.099e+06,2.11421e+06,2.099e+06,2.11387e+06,7.92598e+09
2024-10-13,2.11658e+06,2.12089e+06,2.11348e+06,2.11471e+06,7.00935e+09
2024-10-14,2.11421e+06,2.11421e+06,2.08993e+06,2.09079e+06,4.18654e+09
2024-10-15,2.08671e+06,2.08671e+06,2.06906e+06,2.06926e+06,3.31046e+09
2024-10-16,2.06733e+06,2.06937e+06,2.06574e+06,2.06577e+06,5.73892e+09
2024-10-19,2.06477e+06,2.06477e+06,2.04108e+06,2.04108e+06,3.35433e+09
2024-10-20,2.03796e+06,2.03796e+06,2.02112e+06,2.02111e+06,2.29022e+09
2024-10-21,2.01782e+06,2.01782e+06,2.00726e+06,2.00727e+06,5.40626e+09
2024-10-22,2.00613e+06,2.007e+06,1.99373e+06,1.99376e+06,4.98571e+09
2024-10-23,1.99187e+06,1.99187e+06,1.97088e+06,1.9709e+06,4.05889e+09
2024-10-26,1.97348e+06,1.99527e+06,1.97348e+06,1.99523e+06,4.81123e+09
2024-10-27,1.99792e+06,2.02595e+06,1.99792e+06,2.02595e+06,3.70608e+09
2024-10-28,2.03229e+06,2.0516e+06,2.03229e+06,2.0516e+06,8.69554e+09
2024-10-29,2.05723e+06,2.06144e+06,2.05144e+06,2.05167e+06,7.01762e+09
2024-10-30,2.04986e+06,2.05622e+06,2.04372e+06,2.05622e+06,7.79174e+09
2024-11-02,2.05823e+06,2.06898e+06,2.05823e+06,2.06129e+06,6.85159e+09
2024-11-03,2.0549e+06,2.0549e+06,2.03276e+06,2.03276e+06,3.33019e+09
2024-11-04,2.02718e+06,2.02718e+06,2.01757e+06,2.01797e+06,6.16856e+09
2024-11-05,2.01968e+06,2.02507e+06,2.01968e+06,2.02499e+06,4.00362e+09
2024-11-06,2.0235e+06,2.0235e+06,2.0083e+06,2.01788e+06,6.78514e+09
2024-11-09,2.02211e+06,2.05416e+06,2.02211e+06,2.05416e+06,3.90949e+09
2024-11-10,2.05831e+06,2.08943e+06,2.05831e+06,2.08942e+06,3.83049e+09
2024-11-11,2.10551e+06,2.12691e+06,2.10551e+06,2.12629e+06,1.27929e+10
2024-11-12,2.12709e+06,2.1369e+06,2.12709e+06,2.13361e+06,9.79271e+09
2024-11-13,2.13492e+06,2.14698e+06,2.13492e+06,2.14697e+06,7.45397e+09
2024-11-16,2.15854e+06,2.19246e+06,2.15854e+06,2.19246e+06,6.81955e+09
2024-11-17,2.2103e+06,2.21621e+06,2.2103e+06,2.21182e+06,1.39753e+10
2024-11-18,2.21456e+06,2.25545e+06,2.21456e+06,2.25545e+06,1.01955e+10
2024-11-19,2.26327e+06,2.27856e+06,2.26327e+06,2.2697e+06,1.68979e+10
2024-11-20,2.26456e+06,2.26456e+06,2.25283e+06,2.25761e+06,1.21151e+10
2024-11-23,2.26074e+06,2.28206e+06,2.26074e+06,2.28206e+06,1.11564e+10
2024-11-24,2.28941e+06,2.3312e+06,2.28941e+06,2.33119e+06,1.06772e+10
2024-11-25,2.35006e+06,2.38913e+06,2.35006e+06,2.38913e+06,9.71925e+09
2024-11-26,2.41836e+06,2.43356e+06,2.41498e+06,2.41498e+06,2.51221e+10
2024-11-27,2.41367e+06,2.42616e+06,2.41367e+06,2.42616e+06,1.59763e+10
2024-11-30,2.4319e+06,2.44404e+06,2.41497e+06,2.41497e+06,1.77333e+10
2024-12-01,2.40698e+06,2.40698e+06,2.39945e+06,2.39945e+06,1.36158e+10
2024-12-02,2.41756e+06,2.46041e+06,2.41756e+06,2.46041e+06,9.39331e+09
2024-12-03,2.48758e+06,2.49669e+06,2.48758e+06,2.48936e+06,2.20363e+10
2024-12-04,2.48817e+06,2.50232e+06,2.48776e+06,2.50176e+06,1.74267e+10
2024-12-07,2.50335e+06,2.50335e+06,2.46876e+06,2.46876e+06,2.15967e+10
2024-12-08,2.46067e+06,2.46067e+06,2.44366e+06,2.45273e+06,1.70806e+10
2024-12-09,2.46532e+06,2.50692e+06,2.46532e+06,2.50692e+06,1.39471e+10
2024-12-10,2.52226e+06,2.53036e+06,2.51887e+06,2.51888e+06,2.30222e+10
2024-12-11,2.51933e+06,2.54327e+06,2.51704e+06,2.54326e+06,1.7132e+10
2024-12-14,2.55986e+06,2.60142e+06,2.55986e+06,2.60142e+06,9.02115e+09
2024-12-15,2.62236e+06,2.65356e+06,2.62236e+06,2.65342e+06,2.21888e+10
2024-12-16,2.674e+06,2.68976e+06,2.674e+06,2.68635e+06,3.04766e+10
2024-12-17,2.68346e+06,2.70004e+06,2.67398e+06,2.67399e+06,1.99568e+10
2024-12-18,2.65853e+06,2.68049e+06,2.65016e+06,2.68049e+06,2.01066e+10
2024-12-22,2.75994e+06,2.76512e+06,2.75759e+06,2.76364e+06,2.02456e+10
2024-12-23,2.77096e+06,2.79926e+06,2.77096e+06,2.79924e+06,1.53168e+10
2024-12-24,2.82542e+06,2.84868e+06,2.82542e+06,2.84717e+06,1.98501e+10
2024-12-25,2.8688e+06,2.87171e+06,2.84889e+06,2.8489e+06,2.77689e+10
2024-12-28,2.85299e+06,2.85299e+06,2.82742e+06,2.82742e+06,2.10287e+10
2024-12-29,2.80801e+06,2.80801e+06,2.77765e+06,2.77773e+06,1.62927e+10
2024-12-30,2.75319e+06,2.75319e+06,2.73464e+06,2.73484e+06,2.05119e+10
2024-12-31,2.73887e+06,2.76041e+06,2.73887e+06,2.75942e+06,1.87081e+10
2025-01-01,2.77192e+06,2.78821e+06,2.77192e+06,2.78821e+06,1.8366e+10
2025-01-04,2.80363e+06,2.84994e+06,2.80363e+06,2.84994e+06,1.42234e+10
2025-01-05,2.86979e+06,2.87596e+06,2.86496e+06,2.86837e+06,1.62295e+10
2025-01-06,2.86359e+06,2.87226e+06,2.85216e+06,2.87226e+06,1.33748e+10
2025-01-07,2.88005e+06,2.92217e+06,2.88005e+06,2.92213e+06,1.42521e+10
2025-01-08,2.93177e+06,2.95112e+06,2.93177e+06,2.94464e+06,1.43251e+10
2025-01-11,2.94777e+06,2.94777e+06,2.911e+06,2.911e+06,1.86939e+10
2025-01-12,2.89233e+06,2.89233e+06,2.85731e+06,2.85731e+06,1.38768e+10
2025-01-13,2.85256e+06,2.86687e+06,2.85256e+06,2.86665e+06,1.24196e+10
2025-01-15,2.87512e+06,2.88641e+06,2.86622e+06,2.86622e+06,1.0605e+10
2025-01-18,2.86152e+06,2.86152e+06,2.81564e+06,2.81564e+06,9.15565e+09
2025-01-19,2.80801e+06,2.80974e+06,2.80095e+06,2.80095e+06,1.17907e+10
2025-01-20,2.80225e+06,2.80558e+06,2.75891e+06,2.75891e+06,1.18961e+10
2025-01-21,2.759e+06,2.76102e+06,2.74218e+06,2.76101e+06,1.05473e+10
2025-01-22,2.77773e+06,2.81433e+06,2.77773e+06,2.81433e+06,8.23147e+09
2025-01-25,2.828e+06,2.84094e+06,2.828e+06,2.84031e+06,9.63509e+09
2025-01-26,2.84352e+06,2.84711e+06,2.82107e+06,2.82107e+06,9.79161e+09
2025-01-27,2.81892e+06,2.81892e+06,2.80329e+06,2.80761e+06,1.04924e+10
2025-01-29,2.81478e+06,2.81537e+06,2.80143e+06,2.80144e+06,6.30616e+09
2025-02-01,2.80137e+06,2.80137e+06,2.75995e+06,2.76412e+06,8.86605e+09
2025-02-02,2.76884e+06,2.77727e+06,2.76884e+06,2.77683e+06,6.93761e+09
2025-02-03,2.77812e+06,2.78399e+06,2.77812e+06,2.7805e+06,6.32505e+09
2025-02-04,2.7835e+06,2.80615e+06,2.7835e+06,2.80422e+06,6.82495e+09
2025-02-05,2.80376e+06,2.80404e+06,2.79015e+06,2.80403e+06,8.23718e+09
2025-02-09,2.80738e+06,2.8329e+06,2.80738e+06,2.82167e+06,1.40037e+10
2025-02-11,2.82292e+06,2.82613e+06,2.78434e+06,2.78434e+06,1.20442e+10
2025-02-15,2.76782e+06,2.76782e+06,2.72653e+06,2.72656e+06,7.71825e+09
2025-02-16,2.70418e+06,2.70418e+06,2.67863e+06,2.67889e+06,9.24402e+09
2025-02-17,2.68564e+06,2.70407e+06,2.68564e+06,2.70104e+06,9.94097e+09
2025-02-18,2.70389e+06,2.72052e+06,2.70389e+06,2.71934e+06,7.37993e+09
2025-02-19,2.7228e+06,2.73223e+06,2.7228e+06,2.73223e+06,6.11166e+09
2025-02-22,2.7356e+06,2.7356e+06,2.71412e+06,2.71413e+06,7.68428e+09
2025-02-23,2.71843e+06,2.73582e+06,2.71843e+06,2.73582e+06,5.51211e+09
2025-02-24,2.74758e+06,2.79269e+06,2.74758e+06,2.79269e+06,6.15207e+09
2025-02-25,2.81711e+06,2.84387e+06,2.81711e+06,2.84096e+06,1.15701e+10
2025-02-26,2.84183e+06,2.84467e+06,2.83078e+06,2.84397e+06,1.18461e+10
2025-03-01,2.84552e+06,2.86259e+06,2.84404e+06,2.85431e+06,9.64414e+09
2025-03-02,2.85527e+06,2.87591e+06,2.85527e+06,2.87095e+06,1.01293e+10
2025-03-03,2.83662e+06,2.83662e+06,2.81345e+06,2.81345e+06,1.19838e+10
2025-03-04,2.81759e+06,2.82804e+06,2.80534e+06,2.80534e+06,1.17458e+10
2025-03-05,2.80061e+06,2.80061e+06,2.78339e+06,2.78997e+06,9.79036e+09
2025-03-08,2.79185e+06,2.79185e+06,2.75441e+06,2.75697e+06,1.10684e+10
2025-03-09,2.74593e+06,2.74593e+06,2.72072e+06,2.72217e+06,9.83578e+09
2025-03-10,2.72712e+06,2.7408e+06,2.72477e+06,2.72477e+06,8.52639e+09
2025-03-11,2.72321e+06,2.72323e+06,2.6885e+06,2.6885e+06,5.87511e+09
2025-03-12,2.68317e+06,2.69514e+06,2.67817e+06,2.69466e+06,8.74436e+09
2025-03-15,2.71233e+06,2.73743e+06,2.71233e+06,2.73743e+06,8.39107e+09
2025-03-16,2.74798e+06,2.75505e+06,2.74797e+06,2.75366e+06,1.12543e+10
2025-03-17,2.75e+06,2.75117e+06,2.74391e+06,2.74411e+06,7.0502e+09
2025-03-18,2.72472e+06,2.72472e+06,2.70841e+06,2.71009e+06,1.17031e+10
2025-03-25,2.71538e+06,2.74072e+06,2.71538e+06,2.74072e+06,6.43862e+09
2025-03-26,2.75273e+06,2.76812e+06,2.75273e+06,2.76629e+06,7.6891e+09
2025-03-29,2.76868e+06,2.77821e+06,2.76487e+06,2.77806e+06,1.31596e+10
2025-03-30,2.78271e+06,2.81071e+06,2.78271e+06,2.81071e+06,9.94245e+09
2025-04-05,2.80237e+06,2.80237e+06,2.79401e+06,2.79533e+06,1.36908e+10
2025-04-06,2.79032e+06,2.79032e+06,2.77382e+06,2.77382e+06,2.01978e+10
2025-04-07,2.76906e+06,2.76906e+06,2.74669e+06,2.74686e+06,1.77249e+10
2025-04-08,2.76892e+06,2.8061e+06,2.76892e+06,2.8061e+06,1.12492e+10
2025-04-09,2.83914e+06,2.8434e+06,2.83054e+06,2.83054e+06,1.91219e+10
2025-04-12,2.83748e+06,2.84743e+06,2.83748e+06,2.8458e+06,1.47534e+10
2025-04-13,2.87155e+06,2.90865e+06,2.87155e+06,2.90865e+06,1.5873e+10
2025-04-14,2.93313e+06,2.97121e+06,2.93313e+06,2.97121e+06,1.83457e+10
2025-04-15,2.97666e+06,2.97666e+06,2.9436e+06,2.9436e+06,3.96015e+10
2025-04-16,2.94548e+06,2.96752e+06,2.94548e+06,2.9669e+06,2.19758e+10
2025-04-19,2.97963e+06,3.01287e+06,2.97963e+06,3.01287e+06,1.94997e+10
2025-04-20,3.02995e+06,3.07793e+06,3.02995e+06,3.07792e+06,1.80768e+10
2025-04-21,3.09921e+06,3.14278e+06,3.09921e+06,3.13733e+06,4.9171e+10
2025-04-22,3.12375e+06,3.13263e+06,3.11625e+06,3.13263e+06,9.84657e+10
2025-04-23,3.1253e+06,3.13673e+06,3.12281e+06,3.13673e+06,6.49462e+10
2025-04-26,3.15581e+06,3.16145e+06,3.14924e+06,3.15191e+06,5.54829e+10
2025-04-27,3.1239e+06,3.1239e+06,3.10191e+06,3.11724e+06,5.20645e+10
2025-04-28,3.13368e+06,3.14721e+06,3.12958e+06,3.12958e+06,4.21631e+10
2025-04-29,3.12694e+06,3.13768e+06,3.12168e+06,3.13631e+06,3.60208e+10
2025-04-30,3.1475e+06,3.17864e+06,3.1475e+06,3.17865e+06,2.98853e+10
2025-05-03,3.13889e+06,3.13889e+06,3.1168e+06,3.1168e+06,3.95388e+10
2025-05-04,3.08926e+06,3.0928e+06,3.08456e+06,3.0928e+06,3.80117e+10
2025-05-05,3.10735e+06,3.12273e+06,3.09761e+06,3.09761e+06,3.29278e+10
2025-05-06,3.10573e+06,3.11104e+06,3.09152e+06,3.11082e+06,3.33997e+10
2025-05-07,3.13606e+06,3.17308e+06,3.13606e+06,3.1695e+06,7.95565e+10
2025-05-10,3.15011e+06,3.15011e+06,3.11551e+06,3.11551e+06,4.08691e+10
2025-05-11,3.11125e+06,3.11125e+06,3.09107e+06,3.09109e+06,3.2946e+10
2025-05-12,3.11892e+06,3.17089e+06,3.11892e+06,3.17089e+06,2.57914e+10
2025-05-13,3.19447e+06,3.20692e+06,3.19447e+06,3.20685e+06,3.77077e+10
2025-05-14,3.2165e+06,3.23695e+06,3.21418e+06,3.23694e+06,4.3206e+10
2025-05-17,3.24771e+06,3.25943e+06,3.24127e+06,3.24127e+06,4.77152e+10
2025-05-18,3.24467e+06,3.25222e+06,3.24467e+06,3.25222e+06,3.05345e+10
2025-05-19,3.25284e+06,3.25284e+06,3.22556e+06,3.22556e+06,3.84169e+10
2025-05-20,3.21464e+06,3.21464e+06,3.16699e+06,3.16699e+06,3.23902e+10
2025-05-21,3.13689e+06,3.13689e+06,3.10702e+06,3.10812e+06,3.48334e+10
2025-05-24,3.12093e+06,3.13858e+06,3.12093e+06,3.13438e+06,1.98969e+10
2025-05-25,3.13648e+06,3.13648e+06,3.10201e+06,3.10201e+06,1.53879e+10
2025-05-26,3.11267e+06,3.11657e+06,3.10374e+06,3.10935e+06,2.33608e+10
2025-05-27,3.11925e+06,3.13443e+06,3.11925e+06,3.13426e+06,1.98604e+10
2025-05-28,3.13588e+06,3.13683e+06,3.1294e+06,3.1294e+06,2.21068e+10
2025-05-31,3.13795e+06,3.15103e+06,3.13795e+06,3.14336e+06,2.18271e+10
2025-06-01,3.13936e+06,3.13936e+06,3.10699e+06,3.10699e+06,2.34142e+10
2025-06-02,3.11069e+06,3.12593e+06,3.11069e+06,3.12527e+06,1.6889e+10
2025-06-03,3.12392e+06,3.12392e+06,3.10196e+06,3.10196e+06,1.77111e+10
2025-06-07,3.08713e+06,3.08713e+06,3.04165e+06,3.04162e+06,2.08998e+10
2025-06-08,3.03725e+06,3.03725e+06,3.02942e+06,3.03575e+06,1.57223e+10
2025-06-09,3.03638e+06,3.03638e+06,2.98958e+06,2.98958e+06,1.54311e+10
2025-06-10,2.99069e+06,2.9938e+06,2.98477e+06,2.98826e+06,1.58302e+10
2025-06-11,2.98987e+06,2.99377e+06,2.98461e+06,2.98461e+06,8.83332e+09
2025-06-28,2.97844e+06,2.97844e+06,2.92206e+06,2.92263e+06,6.02636e+09
2025-06-29,2.91449e+06,2.91449e+06,2.84474e+06,2.84474e+06,1.27246e+10
2025-06-30,2.83275e+06,2.83275e+06,2.78839e+06,2.78909e+06,4.05663e+10
2025-07-01,2.771e+06,2.771e+06,2.73168e+06,2.73175e+06,5.45668e+10
2025-07-02,2.6731e+06,2.68964e+06,2.6731e+06,2.68964e+06,6.24101e+10
2025-07-07,2.70542e+06,2.72272e+06,2.70542e+06,2.70951e+06,1.87123e+10
2025-07-08,2.71009e+06,2.71009e+06,2.65824e+06,2.65824e+06,9.22332e+09
2025-07-09,2.6435e+06,2.64354e+06,2.63498e+06,2.63755e+06,1.19448e+10
2025-07-12,2.65307e+06,2.67767e+06,2.65307e+06,2.67766e+06,1.52553e+10
2025-07-13,2.68837e+06,2.70772e+06,2.68837e+06,2.70771e+06,1.69213e+10
2025-07-14,2.71291e+06,2.73426e+06,2.71291e+06,2.73426e+06,1.4424e+10
2025-07-15,2.74281e+06,2.76151e+06,2.74281e+06,2.7615e+06,1.72956e+10
2025-07-16,2.76384e+06,2.78569e+06,2.76384e+06,2.78569e+06,1.08959e+10
2025-07-19,2.78981e+06,2.80154e+06,2.78981e+06,2.80151e+06,1.27433e+10
2025-07-20,2.80939e+06,2.82432e+06,2.80939e+06,2.82428e+06,1.66237e+10
2025-07-21,2.82657e+06,2.83948e+06,2.82657e+06,2.8389e+06,4.94866e+09
2025-07-22,2.84199e+06,2.84662e+06,2.84199e+06,2.8439e+06,9.72302e+09
2025-07-23,2.84318e+06,2.84318e+06,2.8357e+06,2.83698e+06,1.22115e+10
2025-07-26,2.83832e+06,2.83856e+06,2.82513e+06,2.82516e+06,1.13675e+10
2025-07-27,2.82225e+06,2.82225e+06,2.81128e+06,2.81128e+06,1.1336e+10
2025-07-28,2.80664e+06,2.80664e+06,2.7685e+06,2.76885e+06,6.73781e+09
2025-07-29,2.75819e+06,2.75819e+06,2.73389e+06,2.73389e+06,4.82466e+09
2025-07-30,2.72366e+06,2.72366e+06,2.68186e+06,2.68186e+06,1.05109e+10
2025-08-02,2.67605e+06,2.67605e+06,2.65518e+06,2.65518e+06,3.83087e+10
2025-08-03,2.65364e+06,2.65514e+06,2.63931e+06,2.63942e+06,2.14836e+10
2025-08-04,2.63733e+06,2.63733e+06,2.62296e+06,2.62467e+06,1.67884e+10
2025-08-05,2.62467e+06,2.62477e+06,2.58943e+06,2.58943e+06,1.85176e+10
2025-08-06,2.58607e+06,2.58607e+06,2.55479e+06,2.55488e+06,1.45044e+10
2025-08-09,2.55884e+06,2.57538e+06,2.55884e+06,2.57105e+06,1.22396e+10
2025-08-10,2.5736e+06,2.57431e+06,2.56207e+06,2.56232e+06,1.31588e+10
2025-08-11,2.56167e+06,2.56167e+06,2.54046e+06,2.54077e+06,1.01084e+10
2025-08-12,2.53857e+06,2.53857e+06,2.5101e+06,2.51016e+06,1.25213e+10
2025-08-13,2.50372e+06,2.50372e+06,2.46698e+06,2.46698e+06,6.03632e+09
2025-08-16,2.45905e+06,2.45905e+06,2.4477e+06,2.45439e+06,1.36729e+10
2025-08-17,2.45662e+06,2.50014e+06,2.45662e+06,2.50013e+06,5.89374e+09
2025-08-18,2.51537e+06,2.52409e+06,2.51342e+06,2.51342e+06,1.0536e+10
2025-08-19,2.51155e+06,2.51155e+06,2.49412e+06,2.49414e+06,9.70039e+09
2025-08-20,2.49302e+06,2.49302e+06,2.47521e+06,2.47521e+06,1.10141e+10
2025-08-23,2.47501e+06,2.47501e+06,2.47095e+06,2.47097e+06,8.46585e+09
2025-08-25,2.47077e+06,2.47077e+06,2.43804e+06,2.43804e+06,7.84705e+09
2025-08-26,2.4306e+06,2.4306e+06,2.41594e+06,2.4163e+06,1.09788e+10
2025-08-27,2.41597e+06,2.43508e+06,2.41578e+06,2.43104e+06,8.64912e+09
2025-08-30,2.42535e+06,2.42535e+06,2.39553e+06,2.39569e+06,1.09099e+10
2025-08-31,2.40307e+06,2.43015e+06,2.40307e+06,2.43015e+06,1.11046e+10
2025-09-02,2.43786e+06,2.47716e+06,2.43786e+06,2.47716e+06,7.42877e+09
2025-09-03,2.4969e+06,2.52354e+06,2.4969e+06,2.52354e+06,1.4132e+10
2025-09-06,2.54031e+06,2.55045e+06,2.54031e+06,2.54285e+06,1.86873e+10
2025-09-07,2.54193e+06,2.57066e+06,2.54098e+06,2.57066e+06,1.38736e+10
2025-09-08,2.57857e+06,2.6233e+06,2.57857e+06,2.6233e+06,1.23785e+10
2025-09-09,2.64198e+06,2.6438e+06,2.62768e+06,2.62918e+06,2.16911e+10
2025-09-13,2.6313e+06,2.6313e+06,2.62899e+06,2.63049e+06,1.26475e+10
2025-09-14,2.63196e+06,2.67699e+06,2.63196e+06,2.67699e+06,1.51591e+10
2025-09-15,2.69015e+06,2.69646e+06,2.67698e+06,2.67704e+06,2.34125e+10
2025-09-16,2.67513e+06,2.67513e+06,2.6293e+06,2.63081e+06,1.37135e+10
2025-09-17,2.62225e+06,2.62225e+06,2.59192e+06,2.59317e+06,1.22322e+10
2025-09-20,2.57852e+06,2.57852e+06,2.5425e+06,2.5426e+06,1.04231e+10
2025-09-21,2.52256e+06,2.52256e+06,2.50401e+06,2.50445e+06,2.0331e+10
2025-09-22,2.51319e+06,2.54045e+06,2.51319e+06,2.54017e+06,1.12841e+10
2025-09-23,2.54143e+06,2.54638e+06,2.53836e+06,2.54427e+06,9.7165e+09
2025-09-24,2.53242e+06,2.53242e+06,2.52196e+06,2.52426e+06,1.38746e+10
2025-09-27,2.53615e+06,2.57753e+06,2.53615e+06,2.57753e+06,1.19522e+10
2025-09-28,2.59154e+06,2.63937e+06,2.59154e+06,2.63937e+06,9.01196e+09
2025-09-29,2.6545e+06,2.70053e+06,2.6545e+06,2.70053e+06,1.36745e+10
2025-09-30,2.74116e+06,2.74536e+06,2.73517e+06,2.73518e+06,3.16643e+10
2025-10-01,2.72327e+06,2.73033e+06,2.71257e+06,2.72848e+06,2.09454e+10
2025-10-04,2.76086e+06,2.79333e+06,2.76086e+06,2.79333e+06,1.02328e+10
2025-10-05,2.81869e+06,2.85406e+06,2.81869e+06,2.85406e+06,3.4798e+10
2025-10-06,2.8837e+06,2.90041e+06,2.8837e+06,2.8907e+06,3.35982e+10
2025-10-07,2.89288e+06,2.93601e+06,2.89288e+06,2.93214e+06,2.52995e+10
2025-10-08,2.94896e+06,2.94935e+06,2.92571e+06,2.92606e+06,3.72032e+10
2025-10-11,2.92971e+06,2.96e+06,2.92971e+06,2.95034e+06,2.29446e+10
2025-10-12,2.96222e+06,3.01876e+06,2.96222e+06,3.01875e+06,2.01273e+10
2025-10-13,3.04612e+06,3.05134e+06,3.04219e+06,3.04293e+06,3.17533e+10
2025-10-14,3.04344e+06,3.04634e+06,3.0161e+06,3.01611e+06,4.09681e+10
2025-10-15,2.9956e+06,2.9956e+06,2.97223e+06,2.97453e+06,3.15529e+10
2025-10-19,3.0783e+06,3.0936e+06,3.0783e+06,3.08782e+06,2.80085e+10
2025-10-20,3.08595e+06,3.08595e+06,3.05666e+06,3.05668e+06,2.96431e+10
2025-10-21,3.05663e+06,3.06848e+06,3.05213e+06,3.05229e+06,2.36701e+10
2025-10-22,3.06329e+06,3.07982e+06,3.06306e+06,3.07982e+06,2.33041e+10
2025-10-25,3.07465e+06,3.07465e+06,3.0592e+06,3.06011e+06,2.74831e+10
2025-10-26,3.07099e+06,3.0854e+06,3.07099e+06,3.08424e+06,1.98805e+10
2025-10-27,3.09616e+06,3.12766e+06,3.09616e+06,3.12765e+06,2.6027e+10
2025-10-28,3.16281e+06,3.17752e+06,3.16281e+06,3.17562e+06,2.55887e+10
2025-10-29,3.20047e+06,3.20911e+06,3.19638e+06,3.20911e+06,2.35632e+10
2025-11-01,3.22339e+06,3.23467e+06,3.20739e+06,3.20745e+06,3.17093e+10
2025-11-02,3.20038e+06,3.21775e+06,3.19017e+06,3.21761e+06,2.43412e+10
2025-11-03,3.23931e+06,3.26745e+06,3.23931e+06,3.26534e+06,3.34721e+10
2025-11-04,3.25662e+06,3.25662e+06,3.22431e+06,3.22433e+06,3.2101e+10
2025-11-05,3.21191e+06,3.21191e+06,3.18786e+06,3.20289e+06,2.71939e+10
2025-11-08,3.21778e+06,3.24667e+06,3.21778e+06,3.22403e+06,1.8446e+10
2025-11-09,3.21333e+06,3.21333e+06,3.15133e+06,3.15134e+06,1.87708e+10
2025-11-10,3.13059e+06,3.13059e+06,3.11441e+06,3.11458e+06,2.83799e+10
2025-11-11,3.12098e+06,3.13232e+06,3.10652e+06,3.10696e+06,1.62772e+10
2025-11-12,3.10466e+06,3.10466e+06,3.09226e+06,3.09876e+06,1.32782e+10
2025-11-15,3.10237e+06,3.10616e+06,3.10134e+06,3.10553e+06,1.10549e+10
2025-11-16,3.11043e+06,3.13959e+06,3.11043e+06,3.13959e+06,1.58226e+10
2025-11-17,3.15444e+06,3.18609e+06,3.15444e+06,3.17511e+06,1.71484e+10
2025-11-18,3.17137e+06,3.17137e+06,3.16015e+06,3.16018e+06,1.40928e+10
2025-11-19,3.16427e+06,3.16856e+06,3.16213e+06,3.16856e+06,1.36873e+10
2025-11-22,3.17243e+06,3.19855e+06,3.17243e+06,3.19771e+06,1.26863e+10
2025-11-23,3.20887e+06,3.2514e+06,3.20887e+06,3.2513e+06,1.80906e+10
2025-11-25,3.26477e+06,3.30468e+06,3.26477e+06,3.30382e+06,2.32609e+10
2025-11-26,3.3134e+06,3.3139e+06,3.28199e+06,3.28235e+06,2.24012e+10
2025-11-29,3.28588e+06,3.29972e+06,3.27298e+06,3.27304e+06,2.19699e+10
2025-11-30,3.27217e+06,3.27447e+06,3.25943e+06,3.27438e+06,1.60326e+10
2025-12-01,3.2906e+06,3.32119e+06,3.2906e+06,3.31481e+06,1.48605e+10
2025-12-02,3.32028e+06,3.34028e+06,3.32028e+06,3.34028e+06,1.79586e+10
2025-12-03,3.34862e+06,3.37987e+06,3.34862e+06,3.37986e+06,1.81676e+10
2025-12-06,3.402e+06,3.44679e+06,3.402e+06,3.44679e+06,2.24221e+10
2025-12-07,3.47581e+06,3.48326e+06,3.45058e+06,3.4506e+06,3.28271e+10
2025-12-08,3.45467e+06,3.48233e+06,3.45388e+06,3.48233e+06,2.59096e+10
2025-12-09,3.49547e+06,3.52767e+06,3.49547e+06,3.50723e+06,3.05693e+10
2025-12-10,3.50855e+06,3.56148e+06,3.50855e+06,3.56148e+06,2.82307e+10
2025-12-13,3.59098e+06,3.62979e+06,3.59098e+06,3.62837e+06,3.712e+10
2025-12-14,3.62961e+06,3.65609e+06,3.59923e+06,3.65607e+06,3.60678e+10
2025-12-15,3.67712e+06,3.7286e+06,3.67712e+06,3.7286e+06,3.16042e+10
2025-12-16,3.75997e+06,3.80443e+06,3.75997e+06,3.76094e+06,4.44298e+10
2025-12-17,3.75301e+06,3.76751e+06,3.75301e+06,3.76748e+06,2.57414e+10
2025-12-20,3.80451e+06,3.86098e+06,3.80451e+06,3.86098e+06,3.74537e+10
2025-12-21,3.892e+06,3.90614e+06,3.88507e+06,3.89823e+06,2.89187e+10
2025-12-22,3.93184e+06,3.94196e+06,3.90913e+06,3.90913e+06,2.94054e+10
2025-12-23,3.92299e+06,3.93719e+06,3.9144e+06,3.93578e+06,2.70356e+10
2025-12-24,4.00214e+06,4.02856e+06,4.00214e+06,4.02856e+06,3.55118e+10
2025-12-27,4.11146e+06,4.11658e+06,4.09696e+06,4.09942e+06,4.49853e+10
2025-12-28,4.13403e+06,4.16192e+06,4.128e+06,4.16062e+06,4.54203e+10
2025-12-29,4.19863e+06,4.19863e+06,4.12318e+06,4.12363e+06,4.96016e+10
2025-12-30,4.02924e+06,4.02924e+06,4.01849e+06,4.02137e+06,4.29896e+10
2025-12-31,3.98018e+06,4.07007e+06,3.98018e+06,4.07006e+06,4.24043e+10
2026-01-04,4.10159e+06,4.10462e+06,4.05952e+06,4.07104e+06,4.93295e+10
2026-01-05,4.16726e+06,4.17752e+06,4.16726e+06,4.17608e+06,3.07313e+10
2026-01-06,4.27783e+06,4.28796e+06,4.27783e+06,4.28796e+06,2.46357e+10
2026-01-07,4.38832e+06,4.38832e+06,4.36069e+06,4.36069e+06,4.99049e+10
2026-01-10,4.2551e+06,4.33205e+06,4.2551e+06,4.32559e+06,4.99549e+10
2026-01-11,4.34768e+06,4.37841e+06,4.34768e+06,4.36936e+06,3.67692e+10
2026-01-12,4.46994e+06,4.48144e+06,4.46994e+06,4.47256e+06,3.66697e+10
2026-01-13,4.54488e+06,4.54488e+06,4.48157e+06,4.4816e+06,4.90867e+10
2026-01-14,4.38779e+06,4.38779e+06,4.37306e+06,4.37667e+06,3.02045e+10
2026-01-18,4.45549e+06,4.46927e+06,4.45541e+06,4.45572e+06,2.58408e+10
2026-01-19,4.53676e+06,4.5437e+06,4.49173e+06,4.49177e+06,3.73552e+10
2026-01-20,4.48303e+06,4.48303e+06,4.45338e+06,4.47851e+06,3.93617e+10
2026-01-21,4.44755e+06,4.45792e+06,4.44426e+06,4.44839e+06,3.82935e+10
2026-01-24,4.36633e+06,4.36633e+06,4.34277e+06,4.34278e+06,2.89712e+10
2026-01-25,4.23046e+06,4.237e+06,4.22491e+06,4.23645e+06,1.37283e+10
2026-01-26,4.13589e+06,4.13589e+06,4.1151e+06,4.1151e+06,8.99609e+09
2026-01-27,4.00097e+06,4.01237e+06,4.00097e+06,4.01236e+06,1.20494e+10
2026-01-28,3.96436e+06,3.98162e+06,3.96436e+06,3.98162e+06,3.46501e+10
2026-01-31,4.01081e+06,4.01393e+06,3.92455e+06,3.92458e+06,1.60575e+10
2026-02-01,3.93102e+06,3.95978e+06,3.92263e+06,3.95978e+06,1.9113e+10
2026-02-02,4.04755e+06,4.05518e+06,4.04755e+06,4.0529e+06,1.53131e+10
2026-02-03,4.12025e+06,4.12025e+06,4.05866e+06,4.05934e+06,1.56108e+10
2026-02-04,4.12025e+06,4.12025e+06,4.05866e+06,4.05934e+06,1.56108e+10
2026-02-07,4.15104e+06,4.16399e+06,4.15104e+06,4.16398e+06,1.01751e+10
2026-02-08,4.25327e+06,4.25327e+06,4.17419e+06,4.17438e+06,2.16201e+10
2026-02-09,4.10048e+06,4.10048e+06,4.06859e+06,4.06859e+06,1.01697e+10
2026-02-10,4.00089e+06,4.02983e+06,4.00089e+06,4.02982e+06,1.43038e+10
2026-02-14,4.08131e+06,4.09006e+06,3.9861e+06,3.98611e+06,2.18446e+10
2026-02-15,3.898e+06,3.898e+06,3.88187e+06,3.88187e+06,2.38107e+10
2026-02-16,3.80029e+06,3.82258e+06,3.79983e+06,3.82257e+06,2.27092e+10
2026-02-17,3.86248e+06,3.86248e+06,3.83722e+06,3.84754e+06,1.37103e+10
2026-02-18,3.90051e+06,3.90051e+06,3.80671e+06,3.80677e+06,1.96372e+10
2026-02-21,3.71088e+06,3.71088e+06,3.70361e+06,3.70362e+06,7.91419e+09
2026-02-22,3.61502e+06,3.61848e+06,3.61208e+06,3.61848e+06,2.45399e+10
2026-02-23,3.6817e+06,3.69276e+06,3.67561e+06,3.68019e+06,1.35236e+10
2026-02-24,3.66209e+06,3.66209e+06,3.62665e+06,3.65229e+06,1.57658e+10
2026-02-25,3.67058e+06,3.72184e+06,3.67058e+06,3.71396e+06,1.20739e+10
2026-05-19,3.68656e+06,3.71686e+06,3.68656e+06,3.71648e+06,5.13185e+10
2026-05-20,3.74875e+06,3.7613e+06,3.74875e+06,3.7613e+06,3.38169e+10
2026-05-23,3.81536e+06,3.83177e+06,3.81536e+06,3.83177e+06,1.58534e+10
2026-05-24,3.89472e+06,3.90979e+06,3.89472e+06,3.90979e+06,1.97331e+10
2026-05-25,3.97599e+06,3.99441e+06,3.97468e+06,3.99314e+06,5.01094e+10
2026-05-26,4.03234e+06,4.07398e+06,4.03181e+06,4.07365e+06,4.23906e+10
2026-05-30,4.14785e+06,4.15338e+06,4.14785e+06,4.15338e+06,2.28156e+10
2026-05-31,4.23441e+06,4.23652e+06,4.23441e+06,4.23652e+06,3.71768e+10
2026-06-01,4.31472e+06,4.31472e+06,4.30018e+06,4.30018e+06,9.22569e+10
2026-06-02,4.33358e+06,4.34625e+06,4.32639e+06,4.34462e+06,6.6336e+10
2026-06-03,4.36174e+06,4.36174e+06,4.3562e+06,4.359e+06,5.0903e+10
2026-06-06,4.3794e+06,4.39187e+06,4.36906e+06,4.39187e+06,4.4958e+10
2026-06-07,4.47425e+06,4.49361e+06,4.47425e+06,4.49361e+06,3.20881e+10
2026-06-08,4.42266e+06,4.43305e+06,4.42266e+06,4.42601e+06,3.97132e+10
2026-06-09,4.51653e+06,4.54088e+06,4.51653e+06,4.54087e+06,3.04659e+10
2026-06-10,4.60255e+06,4.60255e+06,4.58558e+06,4.59305e+06,6.20444e+10
2026-06-13,4.69005e+06,4.71359e+06,4.69005e+06,4.69623e+06,3.84718e+10
2026-06-14,4.79936e+06,4.81883e+06,4.79936e+06,4.81883e+06,6.4324e+10
2026-06-15,4.92953e+06,4.98263e+06,4.92953e+06,4.98043e+06,4.68463e+10
2026-06-16,5.09736e+06,5.10185e+06,5.06343e+06,5.10025e+06,1.34003e+11
2026-06-17,5.11964e+06,5.1511e+06,5.09949e+06,5.1511e+06,7.4597e+10
2026-06-20,5.24072e+06,5.24072e+06,5.16009e+06,5.16018e+06,8.96788e+10
2026-06-21,5.15435e+06,5.15435e+06,5.12598e+06,5.12598e+06,9.98468e+10
2026-06-22,5.07529e+06,5.07529e+06,5.06037e+06,5.07268e+06,9.29489e+10
2026-06-23,5.17721e+06,5.18684e+06,5.16082e+06,5.1609e+06,4.75851e+10
2026-06-27,5.23244e+06,5.23244e+06,5.17636e+06,5.17636e+06,7.15844e+10
2026-06-28,5.07936e+06,5.07936e+06,5.07479e+06,5.07558e+06,5.26903e+10
2026-06-29,5.01579e+06,5.0618e+06,5.01579e+06,5.05923e+06,5.49766e+10
2026-06-30,5.13642e+06,5.16273e+06,5.12754e+06,5.12764e+06,4.44372e+10
2026-07-01,5.13756e+06,5.18727e+06,5.12755e+06,5.18726e+06,4.46733e+10
2026-07-07,5.28447e+06,5.31153e+06,5.28447e+06,5.31152e+06,3.4143e+10
2026-07-08,5.31799e+06,5.33162e+06,5.28678e+06,5.28686e+06,1.01401e+11
2026-07-11,5.18882e+06,5.18979e+06,5.17703e+06,5.18261e+06,5.60502e+10
2026-07-12,5.05635e+06,5.0573e+06,5.05512e+06,5.05565e+06,1.44522e+10
2026-07-13,4.94078e+06,4.96676e+06,4.94078e+06,4.96676e+06,4.53739e+10
2026-07-14,4.90174e+06,4.92468e+06,4.89075e+06,4.92468e+06,5.70059e+10
2026-07-15,4.93277e+06,4.93459e+06,4.89383e+06,4.89383e+06,4.01043e+10
2026-07-18,4.78654e+06,4.78654e+06,4.77271e+06,4.77728e+06,2.02435e+10
2026-07-19,4.73189e+06,4.7555e+06,4.73189e+06,4.7555e+06,4.89122e+10
2026-07-20,4.83362e+06,4.8483e+06,4.81078e+06,4.8135e+06,3.3386e+10
2026-07-21,4.87338e+06,4.88775e+06,4.87338e+06,4.88755e+06,1.0969e+10
2026-07-22,4.9086e+06,4.9086e+06,4.88351e+06,4.884e+06,1.73584e+10
2026-07-25,4.919e+06,4.919e+06,4.87991e+06,4.89445e+06,2.27008e+10
2026-07-26,4.97501e+06,5.00283e+06,4.97501e+06,5.00233e+06,4.10476e+10
2026-07-27,5.06226e+06,5.06226e+06,5.04598e+06,5.05207e+06,5.65405e+10
2026-07-28,5.09412e+06,5.10933e+06,5.09034e+06,5.109e+06,4.35491e+10
2026-07-29,5.05701e+06,5.07777e+06,5.05486e+06,5.0751e+06,5.35795e+10
2026-08-01,5.04795e+06,5.05609e+06,5.04008e+06,5.05479e+06,5.08947e+10
2026-08-02,5.16473e+06,5.16517e+06,5.15061e+06,5.15406e+06,4.09789e+10
2026-08-03,5.27158e+06,5.27739e+06,5.27158e+06,5.27735e+06,3.82593e+10
2026-08-05,5.39992e+06,5.40792e+06,5.39992e+06,5.4079e+06,4.42882e+10
2026-08-08,5.53131e+06,5.54123e+06,5.51852e+06,5.52034e+06,5.10519e+10
2026-08-09,5.63277e+06,5.63277e+06,5.55996e+06,5.55996e+06,1.54821e+11
2026-08-10,5.58667e+06,5.65418e+06,5.58667e+06,5.65418e+06,7.50324e+10
2026-08-11,5.76545e+06,5.7679e+06,5.73641e+06,5.73649e+06,6.19685e+10
2026-08-15,5.77191e+06,5.77191e+06,5.73533e+06,5.73665e+06,9.13914e+10
2026-08-16,5.71001e+06,5.76638e+06,5.69706e+06,5.76638e+06,7.25009e+10
2026-08-17,5.89026e+06,5.90061e+06,5.89026e+06,5.89797e+06,5.10351e+10
2026-08-18,5.92032e+06,5.97016e+06,5.89786e+06,5.94756e+06,1.10607e+11
2026-08-19,5.86673e+06,5.95466e+06,5.86233e+06,5.95269e+06,6.23436e+10
2026-08-22,6.05642e+06,6.08466e+06,6.05642e+06,6.0616e+06,4.66038e+10
2026-08-23,6.15423e+06,6.15423e+06,6.06989e+06,6.07002e+06,7.98684e+10
2026-08-24,6.04249e+06,6.10737e+06,6.02777e+06,6.09996e+06,8.1389e+10
2026-08-25,6.16139e+06,6.22388e+06,6.16139e+06,6.22388e+06,5.8942e+10
2026-08-26,6.37735e+06,6.38658e+06,6.37735e+06,6.38658e+06,5.28537e+10
2026-08-29,6.51898e+06,6.51898e+06,6.50764e+06,6.51618e+06,5.89703e+10
2026-08-31,6.51359e+06,6.54957e+06,6.51359e+06,6.54796e+06,9.20856e+10
2026-09-01,6.67917e+06,6.69946e+06,6.58393e+06,6.58393e+06,1.47572e+11
2026-09-02,6.43281e+06,6.50401e+06,6.43281e+06,6.50401e+06,1.06947e+11
2026-09-05,6.6155e+06,6.6284e+06,6.59291e+06,6.6013e+06,1.05905e+11
2026-09-06,6.71922e+06,6.72358e+06,6.67648e+06,6.72358e+06,7.8734e+10
2026-09-07,6.89058e+06,6.90762e+06,6.89058e+06,6.90762e+06,3.60102e+10
2026-09-08,7.09267e+06,7.09267e+06,7.07342e+06,7.07494e+06,8.70621e+10
2026-09-09,7.10195e+06,7.13689e+06,7.09089e+06,7.12229e+06,8.77876e+10
2026-09-12,7.27235e+06,7.27759e+06,7.23675e+06,7.27759e+06,7.30368e+10
2026-09-13,7.46343e+06,7.46439e+06,7.43145e+06,7.43145e+06,9.23635e+10
2026-09-14,7.41997e+06,7.41997e+06,7.35708e+06,7.39325e+06,6.74831e+10
2026-09-15,7.44998e+06,7.52196e+06,7.44998e+06,7.52196e+06,6.99711e+10
2026-09-16,7.63804e+06,7.64839e+06,7.55392e+06,7.55773e+06,9.57128e+10
2026-09-19,7.61921e+06,7.61921e+06,7.44884e+06,7.44884e+06,7.24026e+10
2026-09-20,7.2985e+06,7.2985e+06,7.26843e+06,7.29182e+06,5.93186e+10
2026-09-21,7.31393e+06,7.34557e+06,7.27986e+06,7.28043e+06,7.46268e+10
