date,open,high,low,close,volume
2014-03-25,10033.6,10033.6,10033.6,10033.6,3.79038e+08
2014-03-26,9998.3,9998.3,9998.3,9998.3,2.36451e+08
2014-03-29,9984.4,9984.4,9984.4,9984.4,2.49836e+08
2014-03-30,10055.5,10055.5,10055.5,10055.5,2.27075e+08
2014-03-31,10141,10141,10141,10141,3.86488e+08
2014-04-05,10160.2,10160.2,10160.2,10160.2,3.12438e+08
2014-04-06,10080.1,10080.1,10080.1,10080.1,4.5766e+08
2014-04-07,10049.8,10049.8,10049.8,10049.8,3.50639e+08
2014-04-08,10120,10120,10120,10120,5.18271e+08
2014-04-09,10066.8,10066.8,10066.8,10066.8,7.34581e+08
2014-04-12,9982.8,9982.8,9982.8,9982.8,3.85266e+08
2014-04-13,9854.2,9854.2,9854.2,9854.2,7.453e+08
2014-04-14,9748.9,9748.9,9748.9,9748.9,3.417e+08
2014-04-15,9697.7,9697.7,9697.7,9697.7,4.63291e+08
2014-04-16,9741.1,9741.1,9741.1,9741.1,3.25628e+08
2014-04-19,9642.6,9642.6,9642.6,9642.6,1.80691e+08
2014-04-20,9701.1,9701.1,9701.1,9701.1,3.04084e+08
2014-04-21,9772.5,9772.5,9772.5,9772.5,4.58283e+08
2014-04-22,9790.5,9790.5,9790.5,9790.5,5.10342e+08
2014-04-23,9781.5,9781.5,9781.5,9781.5,4.78596e+08
2014-04-26,9941.7,9941.7,9941.7,9941.7,4.25665e+08
2014-04-27,10011.8,10011.8,10011.8,10011.8,8.83967e+08
2014-04-28,9941.8,9941.8,9941.8,9941.8,6.50929e+08
2014-04-29,9845.3,9845.3,9845.3,9845.3,5.69481e+08
2014-04-30,9836.8,9836.8,9836.8,9836.8,6.39416e+08
2014-05-03,9793.2,9793.2,9793.2,9793.2,4.7623e+08
2014-05-04,9711.5,9711.5,9711.5,9711.5,4.2274e+08
2014-05-05,9741.3,9741.3,9741.3,9741.3,5.4754e+08
2014-05-06,9709.7,9709.7,9709.7,9709.7,7.88148e+08
2014-05-07,9696,9696,9696,9696,5.87222e+08
2014-05-10,9665.2,9665.2,9665.2,9665.2,4.54038e+08
2014-05-11,9647,9647,9647,9647,4.80956e+08
2014-05-12,9656.5,9656.5,9656.5,9656.5,5.28713e+08
2014-05-14,9659.3,9659.3,9659.3,9659.3,6.38422e+08
2014-05-17,9540.5,9540.5,9540.5,9540.5,5.40567e+08
2014-05-19,9550,9550,9550,9550,9.99862e+08
2014-05-20,9563.1,9563.1,9563.1,9563.1,6.56718e+08
2014-05-21,9622.8,9622.8,9622.8,9622.8,1.12434e+09
2014-05-24,9630.9,9630.9,9630.9,9630.9,6.00448e+08
2014-05-25,9579.1,9579.1,9579.1,9579.1,4.14917e+08
2014-05-28,9566.9,9566.9,9566.9,9566.9,5.51954e+08
2014-05-31,9539.8,9539.8,9539.8,9539.8,5.36975e+08
2014-06-01,9414.8,9414.8,9414.8,9414.8,6.11768e+08
2014-06-02,9405.8,9405.8,9405.8,9405.8,6.72204e+08
2014-06-03,9439.9,9439.9,9439.9,9439.9,2.8517e+08
2014-06-07,9438.4,9438.4,9438.4,9438.4,3.07928e+08
2014-06-08,9417.3,9417.3,9417.3,9417.3,2.86294e+08
2014-06-09,9406.1,9406.1,9406.1,9406.1,3.22872e+08
2014-06-10,9342.7,9342.7,9342.7,9342.7,7.44837e+08
2014-06-11,9299,9299,9299,9299,6.33179e+08
2014-06-14,9168.3,9168.3,9168.3,9168.3,2.49225e+08
2014-06-15,9072.6,9072.6,9072.6,9072.6,4.86887e+08
2014-06-16,9080.3,9080.3,9080.3,9080.3,2.55995e+08
2014-06-17,9048,9048,9048,9048,2.14925e+08
2014-06-18,9103.8,9103.8,9103.8,9103.8,2.87416e+08
2014-06-21,9162.2,9162.2,9162.2,9162.2,2.25363e+08
2014-06-22,9180.5,9180.5,9180.5,9180.5,2.40739e+08
2014-06-23,9112.5,9112.5,9112.5,9112.5,2.82096e+08
2014-06-24,9047.3,9047.3,9047.3,9047.3,2.67303e+08
2014-06-28,8905.8,8905.8,8905.8,8905.8,2.39884e+08
2014-06-29,8821.4,8821.4,8821.4,8821.4,2.61786e+08
2014-06-30,8735.4,8735.4,8735.4,8735.4,2.20746e+08
2014-07-01,8757.6,8757.6,8757.6,8757.6,2.5419e+08
2014-07-02,8843.6,8843.6,8843.6,8843.6,2.35794e+08
2014-07-05,8967.2,8967.2,8967.2,8967.2,2.79731e+08
2014-07-06,8943.7,8943.7,8943.7,8943.7,5.31085e+08
2014-07-07,8933.1,8933.1,8933.1,8933.1,3.85314e+08
2014-07-08,9099.9,9099.9,9099.9,9099.9,4.95158e+08
2014-07-09,9113.9,9113.9,9113.9,9113.9,7.14913e+08
2014-07-12,9090.5,9090.5,9090.5,9090.5,4.41059e+08
2014-07-13,9067.4,9067.4,9067.4,9067.4,4.5361e+08
2014-07-14,9057,9057,9057,9057,3.93154e+08
2014-07-15,9034.7,9034.7,9034.7,9034.7,4.24127e+08
2014-07-16,9064.7,9064.7,9064.7,9064.7,5.30559e+08
2014-07-20,9029.4,9029.4,9029.4,9029.4,4.9239e+08
2014-07-21,9064,9064,9064,9064,2.80625e+08
2014-07-22,9111.5,9111.5,9111.5,9111.5,3.84728e+08
2014-07-23,9159,9159,9159,9159,4.19252e+08
2014-07-26,9129.2,9129.2,9129.2,9129.2,3.36023e+08
2014-07-27,9136.1,9136.1,9136.1,9136.1,3.84159e+08
2014-07-28,9188.7,9188.7,9188.7,9188.7,3.54812e+08
2014-08-02,9162.2,9162.2,9162.2,9162.2,3.46039e+08
2014-08-03,9107.1,9107.1,9107.1,9107.1,4.12954e+08
2014-08-04,9118,9118,9118,9118,3.82904e+08
2014-08-05,9091.5,9091.5,9091.5,9091.5,3.72491e+08
2014-08-06,9089.1,9089.1,9089.1,9089.1,3.0509e+08
2014-08-09,9079,9079,9079,9079,2.92448e+08
2014-08-10,9060,9060,9060,9060,3.62236e+08
2014-08-11,9127.4,9127.4,9127.4,9127.4,4.92783e+08
2014-08-12,9127.2,9127.2,9127.2,9127.2,3.68128e+08
2014-08-13,9154.8,9154.8,9154.8,9154.8,3.16224e+08
2014-08-16,9141.2,9141.2,9141.2,9141.2,3.55261e+08
2014-08-17,9119.8,9119.8,9119.8,9119.8,3.64626e+08
2014-08-18,9156.6,9156.6,9156.6,9156.6,3.47796e+08
2014-08-19,9181.3,9181.3,9181.3,9181.3,5.62298e+08
2014-08-20,9213.1,9213.1,9213.1,9213.1,3.64778e+08
2014-08-23,9237.9,9237.9,9237.9,9237.9,3.3331e+08
2014-08-24,9230.8,9230.8,9230.8,9230.8,3.26312e+08
2014-08-25,9268.4,9268.4,9268.4,9268.4,3.77382e+08
2014-08-26,9327.2,9327.2,9327.2,9327.2,3.73807e+08
2014-08-27,9352.3,9352.3,9352.3,9352.3,4.70628e+08
2014-08-30,9290.2,9290.2,9290.2,9290.2,3.28086e+08
2014-08-31,9280.9,9280.9,9280.9,9280.9,2.78164e+08
2014-09-01,9288.7,9288.7,9288.7,9288.7,3.65945e+08
2014-09-02,9318.6,9318.6,9318.6,9318.6,2.88416e+08
2014-09-03,9327.7,9327.7,9327.7,9327.7,2.92768e+08
2014-09-06,9276.4,9276.4,9276.4,9276.4,3.02152e+08
2014-09-07,9230.5,9230.5,9230.5,9230.5,2.76836e+08
2014-09-08,9271,9271,9271,9271,3.27143e+08
2014-09-09,9262.3,9262.3,9262.3,9262.3,3.65875e+08
2014-09-10,9233.6,9233.6,9233.6,9233.6,3.60323e+08
2014-09-13,9152.6,9152.6,9152.6,9152.6,3.02577e+08
2014-09-14,9141.8,9141.8,9141.8,9141.8,2.76658e+08
2014-09-15,9185.3,9185.3,9185.3,9185.3,3.71965e+08
2014-09-16,9186.1,9186.1,9186.1,9186.1,3.15439e+08
2014-09-17,9166.9,9166.9,9166.9,9166.9,2.72858e+08
2014-09-20,9179.1,9179.1,9179.1,9179.1,1.85144e+08
2014-09-21,9247.7,9247.7,9247.7,9247.7,3.41014e+08
2014-09-22,9288.1,9288.1,9288.1,9288.1,3.62552e+08
2014-09-23,9340.3,9340.3,9340.3,9340.3,2.41123e+08
2014-09-24,9396.7,9396.7,9396.7,9396.7,2.80039e+08
2014-09-27,9369.2,9369.2,9369.2,9369.2,3.05224e+08
2014-09-28,9406.1,9406.1,9406.1,9406.1,3.16536e+08
2014-09-29,9432,9432,9432,9432,2.86762e+08
2014-09-30,9481.4,9481.4,9481.4,9481.4,3.06141e+08
2014-10-01,9490.2,9490.2,9490.2,9490.2,3.02768e+08
2014-10-04,9506.1,9506.1,9506.1,9506.1,2.31393e+08
2014-10-06,9547.4,9547.4,9547.4,9547.4,3.76196e+08
2014-10-07,9544.3,9544.3,9544.3,9544.3,3.84089e+08
2014-10-08,9572.3,9572.3,9572.3,9572.3,4.10289e+08
2014-10-11,9628.6,9628.6,9628.6,9628.6,3.7235e+08
2014-10-12,9651.8,9651.8,9651.8,9651.8,3.02314e+08
2014-10-14,9728.8,9728.8,9728.8,9728.8,5.07146e+08
2014-10-15,9758.2,9758.2,9758.2,9758.2,4.77171e+08
2014-10-18,9776,9776,9776,9776,3.52879e+08
2014-10-19,9865.3,9865.3,9865.3,9865.3,5.30988e+08
2014-10-20,10074.8,10074.8,10074.8,10074.8,8.36764e+08
2014-10-21,10061.2,10061.2,10061.2,10061.2,9.84621e+08
2014-10-22,10012.1,10012.1,10012.1,10012.1,9.43707e+08
2014-10-25,10017.1,10017.1,10017.1,10017.1,5.92635e+08
2014-10-26,9979,9979,9979,9979,5.056e+08
2014-10-27,10025.3,10025.3,10025.3,10025.3,6.18036e+08
2014-10-28,10041.1,10041.1,10041.1,10041.1,4.98103e+08
2014-10-29,10149.3,10149.3,10149.3,10149.3,7.31325e+08
2014-11-01,10284.9,10284.9,10284.9,10284.9,1.0541e+09
2014-11-02,10301.9,10301.9,10301.9,10301.9,1.48328e+09
2014-11-05,10414.1,10414.1,10414.1,10414.1,1.11087e+09
2014-11-08,10462.7,10462.7,10462.7,10462.7,1.12555e+09
2014-11-09,10516.2,10516.2,10516.2,10516.2,8.45138e+08
2014-11-10,10557.2,10557.2,10557.2,10557.2,8.89443e+08
2014-11-11,10633.3,10633.3,10633.3,10633.3,9.40802e+08
2014-11-12,10701.2,10701.2,10701.2,10701.2,9.29971e+08
2014-11-15,10634.6,10634.6,10634.6,10634.6,9.42605e+08
2014-11-17,10742.6,10742.6,10742.6,10742.6,7.2827e+08
2014-11-18,10678.2,10678.2,10678.2,10678.2,6.42613e+08
2014-11-19,10644.2,10644.2,10644.2,10644.2,9.30525e+08
2014-11-22,10632.4,10632.4,10632.4,10632.4,1.21282e+09
2014-11-23,10710.9,10710.9,10710.9,10710.9,1.09157e+09
2014-11-24,10824.6,10824.6,10824.6,10824.6,1.46804e+09
2014-11-25,10651.1,10651.1,10651.1,10651.1,4.1786e+08
2014-11-26,10618.7,10618.7,10618.7,10618.7,1.29486e+09
2014-11-29,10627.1,10627.1,10627.1,10627.1,1.38704e+09
2014-11-30,10468.7,10468.7,10468.7,10468.7,5.05775e+08
2014-12-01,10381.7,10381.7,10381.7,10381.7,9.67999e+08
2014-12-02,10373.3,10373.3,10373.3,10373.3,5.62445e+08
2014-12-03,10313.2,10313.2,10313.2,10313.2,6.45495e+08
2014-12-06,10249.6,10249.6,10249.6,10249.6,5.519e+08
2014-12-07,10138.9,10138.9,10138.9,10138.9,4.60481e+08
2014-12-08,10163.9,10163.9,10163.9,10163.9,5.94536e+08
2014-12-09,10157.4,10157.4,10157.4,10157.4,4.94597e+08
2014-12-10,10109.2,10109.2,10109.2,10109.2,4.4126e+08
2014-12-14,9997.1,9997.1,9997.1,9997.1,4.99565e+08
2014-12-15,9866.7,9866.7,9866.7,9866.7,6.44142e+08
2014-12-16,9876.8,9876.8,9876.8,9876.8,4.69193e+08
2014-12-17,9813.6,9813.6,9813.6,9813.6,3.11137e+08
2014-12-20,9839.4,9839.4,9839.4,9839.4,6.21868e+08
2014-12-22,9968.2,9968.2,9968.2,9968.2,5.28724e+08
2014-12-24,9980.6,9980.6,9980.6,9980.6,3.31459e+08
2014-12-27,9916.9,9916.9,9916.9,9916.9,2.9612e+08
2014-12-28,9964.8,9964.8,9964.8,9964.8,3.28334e+08
2014-12-29,9936.9,9936.9,9936.9,9936.9,4.7135e+08
2014-12-30,9943,9943,9943,9943,2.72938e+08
2014-12-31,9907.9,9907.9,9907.9,9907.9,4.71695e+08
2015-01-03,9890.9,9890.9,9890.9,9890.9,2.65626e+08
2015-01-04,9889.2,9889.2,9889.2,9889.2,2.43484e+08
2015-01-05,9796.7,9796.7,9796.7,9796.7,3.76836e+08
2015-01-06,9644.5,9644.5,9644.5,9644.5,5.53339e+08
2015-01-07,9557.9,9557.9,9557.9,9557.9,4.26484e+08
2015-01-10,9429.3,9429.3,9429.3,9429.3,4.12132e+08
2015-01-11,9303.5,9303.5,9303.5,9303.5,4.95664e+08
2015-01-12,9403.9,9403.9,9403.9,9403.9,3.3907e+08
2015-01-13,9380.4,9380.4,9380.4,9380.4,4.76152e+08
2015-01-14,9343.5,9343.5,9343.5,9343.5,3.69199e+08
2015-01-17,9368.9,9368.9,9368.9,9368.9,2.96223e+08
2015-01-18,9287.3,9287.3,9287.3,9287.3,3.04453e+08
2015-01-19,9201.4,9201.4,9201.4,9201.4,3.57966e+08
2015-01-20,9152.6,9152.6,9152.6,9152.6,2.48875e+08
2015-01-21,9052.8,9052.8,9052.8,9052.8,3.18978e+08
2015-01-24,8996.1,8996.1,8996.1,8996.1,2.80773e+08
2015-01-25,9000.4,9000.4,9000.4,9000.4,2.98794e+08
2015-01-26,8960.8,8960.8,8960.8,8960.8,2.08415e+08
2015-01-27,8963,8963,8963,8963,2.43075e+08
2015-01-28,9034.3,9034.3,9034.3,9034.3,4.05682e+08
2015-01-31,9144.9,9144.9,9144.9,9144.9,4.01522e+08
2015-02-01,9138.6,9138.6,9138.6,9138.6,5.24582e+08
2015-02-02,9162.1,9162.1,9162.1,9162.1,5.31997e+08
2015-02-03,9195.2,9195.2,9195.2,9195.2,4.4878e+08
2015-02-04,9267.5,9267.5,9267.5,9267.5,7.60649e+08
2015-02-07,9315.5,9315.5,9315.5,9315.5,5.34709e+08
2015-02-08,9259.6,9259.6,9259.6,9259.6,5.98584e+08
2015-02-09,9163.3,9163.3,9163.3,9163.3,4.51176e+08
2015-02-10,9120.3,9120.3,9120.3,9120.3,5.29201e+08
2015-02-14,9152.8,9152.8,9152.8,9152.8,4.27573e+08
2015-02-15,9136.2,9136.2,9136.2,9136.2,3.98138e+08
2015-02-16,9163.9,9163.9,9163.9,9163.9,6.02627e+08
2015-02-17,9172.3,9172.3,9172.3,9172.3,5.81184e+08
2015-02-18,9165.6,9165.6,9165.6,9165.6,5.66642e+08
2015-02-21,9187.3,9187.3,9187.3,9187.3,3.46545e+08
2015-02-22,9160.8,9160.8,9160.8,9160.8,3.37379e+08
2015-02-23,9129.3,9129.3,9129.3,9129.3,3.14729e+08
2015-02-24,9115.9,9115.9,9115.9,9115.9,2.78521e+08
2015-02-25,9033.8,9033.8,9033.8,9033.8,2.71188e+08
2015-02-28,9014.7,9014.7,9014.7,9014.7,2.57849e+08
2015-03-01,9014.4,9030.4,9009,9030.4,4.75684e+08
2015-03-02,9034.4,9056.2,9034.4,9043.5,7.17633e+08
2015-03-03,9043.3,9046.7,9025,9022.1,5.63828e+08
2015-03-04,9029,9043,9029,9043,5.36514e+08
2015-03-07,9033.7,9033.7,9033.7,9033.7,4.296e+08
2015-03-08,9033.6,9036.5,9015.9,8996.1,3.18402e+08
2015-03-09,9001.9,9006.3,8988.8,8988.8,2.58377e+08
2015-03-10,8991.9,8991.9,8931.5,8931.6,2.93089e+08
2015-03-11,8938,8946.3,8932.2,8932.2,2.63484e+08
2015-03-14,8936.2,9006.4,8936.2,9006.4,5.24973e+08
2015-03-15,9028.8,9072.2,9028.8,9063.6,5.55231e+08
2015-03-16,9072,9074.3,9042.6,9042.6,7.73754e+08
2015-03-17,9026,9026.4,8927.6,8927.7,3.75684e+08
2015-03-18,8938.2,9036,8938.2,9035.5,7.66202e+08
2015-03-25,9042.1,9056.5,9042.1,9056.5,2.84991e+08
2015-03-28,9053,9136.3,9052.6,9136.3,5.72408e+08
2015-03-29,9158.5,9289.5,9158.5,9288.8,9.43265e+08
2015-03-30,9290,9293.8,9226.3,9226.3,7.26307e+08
2015-03-31,9221,9240.9,9215.2,9228.7,6.15576e+08
2015-04-04,9252.1,9426.3,9252.1,9426.3,3.78359e+08
2015-04-05,9469.2,9666.8,9469.2,9664,1.24189e+09
2015-04-06,9734,9734.9,9634.2,9634.3,3.04778e+09
2015-04-07,9627,9627.9,9549.5,9549.5,1.22275e+09
2015-04-08,9547,9571.4,9536.2,9563.1,1.76443e+09
2015-04-11,9561,9562,9488.5,9488.5,1.42088e+09
2015-04-12,9484,9484.4,9366.8,9366.8,1.11332e+09
2015-04-13,9371,9377.8,9317.6,9319.4,1.03922e+09
2015-04-14,9327,9358.4,9327,9357.1,5.34566e+08
2015-04-15,9366,9381.8,9357.4,9357.4,7.98656e+08
2015-04-18,9367,9369,9337.2,9332.1,7.29339e+08
2015-04-19,9338.1,9361.1,9338.1,9335.9,5.34235e+08
2015-04-20,9339,9340.3,9291,9286,3.99452e+08
2015-04-21,9290.1,9298.6,9272.5,9272.5,4.24265e+08
2015-04-22,9277,9298.7,9277,9272.7,5.33241e+08
2015-04-25,9274,9279.1,9269.6,9269.7,3.38847e+08
2015-04-26,9277,9279.3,9267.6,9267.6,3.64261e+08
2015-04-27,9270,9270.6,9214.3,9212,3.68732e+08
2015-04-28,9212,9219.8,9197.1,9210.4,3.93305e+08
2015-04-29,9213,9222.2,9200.8,9201.2,2.61282e+08
2015-05-03,9204.1,9204.1,9151.9,9151.9,3.2477e+08
2015-05-04,9150.9,9150.9,9073.1,9073.1,4.38407e+08
2015-05-05,9074.6,9083.6,9052.6,9052.6,3.63646e+08
2015-05-06,9056.7,9061.8,9055.1,9047.1,4.73806e+08
2015-05-09,9052.7,9057.8,9001.3,8998.1,7.35679e+08
2015-05-10,9003.3,9003.3,8933,8926.2,5.34518e+08
2015-05-11,8929.7,8984.9,8917.8,8974.4,5.35796e+08
2015-05-12,8978,9015.8,8978,8994.9,4.8524e+08
2015-05-13,9002.1,9008.7,8996.8,8998.3,3.64495e+08
2015-05-17,9005.9,9005.9,8959.9,8960.3,4.06887e+08
2015-05-18,8960.2,8973.9,8959.2,8940.1,3.19304e+08
2015-05-19,8944.1,8970.6,8944.1,8947.9,2.87885e+08
2015-05-20,8967.8,8969.9,8963.8,8949.8,3.22043e+08
2015-05-23,8957.8,8957.8,8915.7,8877.4,3.45322e+08
2015-05-24,8884.2,8886.2,8872.8,8866.4,3.2868e+08
2015-05-25,8868.3,8889.3,8868.3,8854.3,3.0642e+08
2015-05-26,8858.9,8863.1,8831.3,8824.7,2.94068e+08
2015-05-27,8829,8831.8,8809.5,8799.7,2.36274e+08
2015-05-30,8803.5,8805.3,8794.1,8780.4,2.25041e+08
2015-05-31,8786.3,8788.1,8780.2,8771.8,1.93565e+08
2015-06-01,8772.4,8788.9,8769.9,8763.7,2.20186e+08
2015-06-02,8774.2,8798,8774.2,8791.2,2.92934e+08
2015-06-06,8798.1,8802,8792.2,8780.4,1.91858e+08
2015-06-07,8785,8785,8740.3,8738.7,2.18433e+08
2015-06-08,8738.9,8738.9,8662,8648.3,2.94369e+08
2015-06-09,8648.2,8648.2,8559,8559,2.80533e+08
2015-06-10,8553.2,8553.2,8537.8,8527.4,2.2603e+08
2015-06-13,8533.7,8573.4,8533.7,8557.8,2.26152e+08
2015-06-14,8565.5,8586.6,8565.5,8571.2,2.21465e+08
2015-06-15,8565.7,8565.7,8527.5,8524.5,3.4236e+08
2015-06-16,8524.8,8539.2,8524.2,8529.7,3.53237e+08
2015-06-17,8537.2,8631.3,8537.2,8625.1,5.27838e+08
2015-06-20,8634.2,8640.3,8599.6,8591.5,3.86634e+08
2015-06-21,8587.5,8589.5,8581.6,8571.9,2.93814e+08
2015-06-22,8572.2,8625.7,8572.2,8614.9,5.4911e+08
2015-06-23,8629.8,8675.4,8629.8,8674,6.05941e+08
2015-06-24,8683.4,8685.3,8671.6,8671.6,6.09084e+08
2015-06-27,8675.2,8688.3,8665,8665,3.29633e+08
2015-06-28,8664.7,8664.7,8604.4,8600.3,2.94747e+08
2015-06-29,8603.4,8616.4,8603.4,8604.7,2.92977e+08
2015-06-30,8612.2,8689.5,8612.2,8688.1,7.27428e+08
2015-07-01,8692,8704.3,8680.8,8680.8,5.20184e+08
2015-07-04,8695.2,8770.4,8695.2,8756.8,1.24287e+09
2015-07-05,8772.7,8774.8,8762.7,8752,6.49782e+08
2015-07-06,8757,8808.3,8757,8802.4,5.9123e+08
2015-07-07,8822.1,8907.6,8822.1,8894.1,1.00755e+09
2015-07-11,8892.3,8912.2,8883.9,8900,5.11688e+08
2015-07-12,8917.8,8997.5,8917.8,8997.4,7.01689e+08
2015-07-13,9040.3,9182.5,9040.3,9170.9,1.19505e+09
2015-07-14,9216.2,9218.9,9178.6,9210.9,1.64146e+09
2015-07-15,9225.7,9225.7,9127.1,9116.2,1.0596e+09
2015-07-19,9225.7,9225.7,9127.1,9116.2,0
2015-07-20,9104.6,9104.6,9045.2,9032.4,4.99612e+08
2015-07-21,9039.2,9045.8,9023,9002.3,4.39944e+08
2015-07-22,9005.2,9005.4,8947.9,8922.5,3.66482e+08
2015-07-25,8922.6,8922.6,8835.1,8825.6,3.53758e+08
2015-07-26,8823.4,8823.4,8811.9,8781.6,4.59746e+08
2015-07-27,8781.6,8785.9,8731.1,8731.1,4.17675e+08
2015-07-28,8728.7,8757.4,8726.6,8736.6,3.9059e+08
2015-07-29,8746.5,8772.3,8746.5,8772.1,6.23053e+08
2015-08-01,8774.1,8794.6,8774.1,8781.4,5.40472e+08
2015-08-02,8780,8780.7,8754.7,8754.7,5.75368e+08
2015-08-03,8763.2,8777.5,8755.4,8755.4,4.3263e+08
2015-08-04,8760.3,8760.3,8739,8743,3.56554e+08
2015-08-05,8748.2,8762.5,8748.2,8753.6,2.7007e+08
2015-08-08,8762.2,8762.2,8708.2,8705.1,4.11181e+08
2015-08-09,8707.5,8715.4,8701.1,8700.8,3.29904e+08
2015-08-10,8703.5,8707.6,8695.9,8695.9,3.41799e+08
2015-08-12,8698.8,8698.8,8651,8651.2,3.16045e+08
2015-08-15,8654.2,8654.2,8618.1,8618.1,2.61481e+08
2015-08-16,8625.1,8633.5,8613,8613.2,2.94832e+08
2015-08-17,8614.6,8617.2,8587.9,8587.9,3.51522e+08
2015-08-18,8588,8588,8545.7,8545.7,3.40682e+08
2015-08-19,8544.5,8551.3,8540,8540,2.82777e+08
2015-08-22,8543.8,8563.2,8543.8,8542.9,2.76517e+08
2015-08-23,8541.2,8543.5,8502.5,8500.5,3.17931e+08
2015-08-24,8503.3,8505.2,8479.8,8479.8,2.29507e+08
2015-08-25,8481.1,8481.5,8408.7,8408.7,3.72488e+08
2015-08-26,8414.7,8416.7,8391.4,8391.6,3.35477e+08
2015-08-29,8397.4,8431.6,8397.4,8426.4,5.13285e+08
2015-08-30,8430.4,8437.2,8425.3,8426.1,3.72269e+08
2015-08-31,8428.5,8430.8,8412.2,8412.3,3.30914e+08
2015-09-01,8411.7,8423.3,8407.8,8417.3,2.56351e+08
2015-09-02,8418.8,8426,8418.8,8421.3,4.86691e+08
2015-09-05,8430.4,8466.5,8430.4,8466.5,3.58583e+08
2015-09-06,8477.4,8481.7,8467.9,8468.1,3.54398e+08
2015-09-07,8468.9,8475.2,8467.3,8471.2,3.04759e+08
2015-09-08,8480.7,8487.9,8480.7,8486.4,2.29286e+08
2015-09-09,8491.9,8502.9,8474.1,8481.5,3.60247e+08
2015-09-12,8482.1,8484.2,8456.8,8452.2,2.6957e+08
2015-09-13,8455.6,8455.6,8383,8379.2,4.04292e+08
2015-09-14,8390.2,8390.5,8376.1,8376.1,3.634e+08
2015-09-15,8371.5,8371.5,8323.4,8323.4,2.8641e+08
2015-09-16,8322.2,8322.2,8307.2,8307.4,2.64925e+08
2015-09-19,8308.2,8321.2,8295.4,8295.4,2.42279e+08
2015-09-20,8293.2,8293.2,8197,8195.4,3.95485e+08
2015-09-21,8189.4,8189.4,8123.8,8121.3,4.67445e+08
2015-09-22,8125.2,8147.6,8125.2,8147.6,3.76652e+08
2015-09-23,8152.8,8181.6,8152.8,8178.9,5.42456e+08
2015-09-26,8188.7,8189.8,8171.8,8171.8,2.36907e+08
2015-09-27,8183.5,8184.3,8175.6,8177,7.53819e+08
2015-09-28,8184.2,8199.4,8184.2,8195.7,2.30323e+08
2015-09-29,8201.2,8204.1,8195.2,8195.2,2.48926e+08
2015-09-30,8197.8,8197.8,8168.8,8168.8,2.2701e+08
2015-10-03,8171.6,8173.4,8109.8,8109.8,3.33851e+08
2015-10-04,8108.1,8108.1,8082.4,8085,3.28776e+08
2015-10-05,8086.9,8100.7,8086.7,8097.2,2.10912e+08
2015-10-06,8097.1,8098.1,8064.1,8064.2,3.51172e+08
2015-10-07,8065.9,8079.4,8065.7,8077.5,2.36972e+08
2015-10-10,8082.6,8086.6,8068.9,8069.1,2.05794e+08
2015-10-11,8071.6,8073.5,8066.4,8068.3,3.43833e+08
2015-10-12,8074.4,8101.5,8074.4,8101.5,3.2002e+08
2015-10-13,8105.9,8144.9,8105.9,8144.8,3.46113e+08
2015-10-14,8161.8,8214.3,8161.8,8213,4.42186e+08
2015-10-17,8226.4,8310.4,8226.4,8310.4,7.16175e+08
2015-10-18,8337.5,8367.3,8332.7,8330.2,7.12962e+08
2015-10-19,8334,8334,8302.9,8300.3,3.47745e+08
2015-10-20,8302.5,8302.8,8282.5,8280.9,3.3245e+08
2015-10-21,8285.1,8285.1,8261.4,8258.7,2.43276e+08
2015-10-25,8261.3,8261.3,8218.5,8213.8,2.31436e+08
2015-10-26,8216.3,8219.1,8204.3,8203.6,2.04841e+08
2015-10-27,8207.6,8226.4,8207.6,8211.2,1.9537e+08
2015-10-28,8217.5,8223.2,8214.4,8214.4,2.0744e+08
2015-10-31,8220.3,8232.4,8220.3,8223.5,2.46983e+08
2015-11-01,8229.2,8252.8,8229.2,8247.9,2.84562e+08
2015-11-02,8255.4,8264.4,8253.9,8253.9,6.99584e+08
2015-11-03,8261.6,8263.6,8257.7,8257.7,2.69111e+08
2015-11-04,8267.5,8282.4,8267.2,8281.1,4.04089e+08
2015-11-07,8287,8288.4,8272.6,8273.3,4.33894e+08
2015-11-08,8277.7,8277.7,8260.8,8260.8,3.18861e+08
2015-11-09,8268.1,8278.9,8268.1,8277.4,2.33704e+08
2015-11-10,8286.9,8292.6,8286.1,8282.5,2.70897e+08
2015-11-11,8291.5,8301.5,8291.5,8296.4,3.13838e+08
2015-11-14,8320.5,8324.3,8317.4,8322.3,2.78339e+08
2015-11-15,8345.1,8365.9,8345.1,8360.4,3.66452e+08
2015-11-16,8368.2,8368.6,8353,8361.9,4.05701e+08
2015-11-17,8362.4,8362.4,8342.8,8342.9,3.23465e+08
2015-11-18,8346.6,8358.6,8346.6,8352.5,3.05859e+08
2015-11-21,8356.6,8368.5,8356.6,8357.6,3.30152e+08
2015-11-22,8359.8,8363,8350.1,8350.2,2.65799e+08
2015-11-23,8351.4,8355.2,8332.8,8335.3,3.26117e+08
2015-11-24,8337.3,8338.2,8321.1,8321.2,3.99047e+08
2015-11-25,8322.4,8324.6,8312.3,8313.6,3.48428e+08
2015-11-28,8318.5,8322.2,8306.8,8306.8,3.47666e+08
2015-11-29,8312.3,8317.1,8296.5,8296.5,3.52145e+08
2015-11-30,8297.9,8301.4,8289.9,8290.9,3.08195e+08
2015-12-01,8292.8,8292.8,8269.6,8269.7,2.59108e+08
2015-12-05,8272.3,8280.7,8272.3,8272.2,2.04744e+08
2015-12-06,8273.8,8273.8,8230.3,8230.4,3.42452e+08
2015-12-07,8229.7,8229.7,8198.6,8193.7,3.08839e+08
2015-12-08,8196,8198,8184,8184,2.57088e+08
2015-12-09,8185.3,8191.7,8180.6,8184.3,2.4175e+08
2015-12-13,8189.1,8189.6,8162.6,8172.4,2.02515e+08
2015-12-14,8172.7,8174.9,8160.6,8157.5,2.57232e+08
2015-12-15,8163.1,8180,8163.1,8169.5,2.84872e+08
2015-12-16,8172.6,8183.1,8158.4,8158.4,3.52907e+08
2015-12-19,8158.8,8159.2,8076.5,8076.5,2.7824e+08
2015-12-20,8074.3,8074.7,8029.4,8029.4,4.06283e+08
2015-12-21,8032.6,8034.7,8017.4,8017.4,3.16984e+08
2015-12-22,8024,8029.8,8016.8,8016.8,2.83291e+08
2015-12-23,8021.7,8041.6,8021.7,8035.8,3.17932e+08
2015-12-26,8041.7,8053.5,8041.7,8051,4.25138e+08
2015-12-27,8065.8,8114.3,8065.8,8101.9,4.09246e+08
2015-12-28,8115.1,8133.7,8115.1,8132.6,4.03081e+08
2015-12-30,8142.9,8181.1,8139.6,8175.7,5.21425e+08
2016-01-02,8192.4,8204.7,8191.8,8200.7,3.55725e+08
2016-01-03,8208.8,8252.5,8208.8,8252.5,4.35245e+08
2016-01-04,8272.6,8337,8272.6,8335.6,5.52332e+08
2016-01-05,8363.7,8463.3,8363.7,8460.7,6.523e+08
2016-01-06,8509,8541.1,8509,8538.8,9.318e+08
2016-01-09,8569.9,8571.7,8531.8,8529.4,6.79363e+08
2016-01-10,8533.9,8539.9,8517.6,8537.2,6.0012e+08
2016-01-11,8552.3,8630,8552.3,8630,7.18504e+08
2016-01-12,8625.1,8675.9,8625.1,8651.4,9.83225e+08
2016-01-13,8665.7,8696.9,8665.7,8686.9,1.05488e+09
2016-01-16,8731.1,8812.5,8731.1,8812.5,1.11332e+09
2016-01-17,8854.5,8871.6,8790,8789.8,1.78167e+09
2016-01-18,8786.5,8786.5,8711.7,8716.9,1.02679e+09
2016-01-19,8754.6,8855.2,8754.6,8853.9,7.71802e+08
2016-01-20,8896.2,8960.2,8896.2,8959.6,1.25552e+09
2016-01-23,9004.3,9097.5,9004.3,9097.1,1.91719e+09
2016-01-24,9141.8,9244.6,9141.8,9237.1,1.70121e+09
2016-01-25,9279.8,9386.1,9279.8,9383,1.86474e+09
2016-01-26,9455.8,9632.9,9455.8,9632.9,1.84529e+09
2016-01-27,9717.1,9727.6,9637.2,9636.8,2.85486e+09
2016-01-30,9636.7,9662,9619.9,9619.9,1.79307e+09
2016-01-31,9628.2,9628.2,9574.3,9611.4,1.63826e+09
2016-02-01,9650.8,9804.6,9650.8,9804.6,1.794e+09
2016-02-02,9878.7,9970.9,9878.7,9969.6,2.16209e+09
2016-02-03,9997.5,9997.5,9974.1,10048.2,1.95806e+09
2016-02-06,10116.7,10219.2,10116.7,10216.1,1.61146e+09
2016-02-07,10290.3,10403.3,10290.3,10403.2,1.94028e+09
2016-02-08,10490.3,10604.1,10490.3,10604.1,2.13134e+09
2016-02-09,10711.5,10933,10711.5,10890.7,3.91794e+09
2016-02-10,10842.4,10870.4,10810.6,10855.4,3.03656e+09
2016-02-13,10841.3,10854.8,10715.3,10715.4,2.28488e+09
2016-02-14,10729.5,10751.3,10671.5,10660.8,1.64581e+09
2016-02-15,10708.1,10821.4,10708.1,10821.4,1.94479e+09
2016-02-16,10883.7,10884.3,10812.5,10812.5,1.74222e+09
2016-02-17,10832.8,10880,10832.8,10871.1,1.77476e+09
2016-02-20,10871.1,10911.2,10851.7,10850.2,3.1882e+09
2016-02-21,10861.7,10861.7,10743.9,10743.9,1.89177e+09
2016-02-22,10783.9,10837.7,10783.9,10837.6,1.25589e+09
2016-02-23,10862,10862,10778.8,10778.8,1.35528e+09
2016-02-24,10770.9,10770.9,10733.5,10734.5,1.1275e+09
2016-02-27,10757.2,10825.2,10757.2,10818.1,9.13332e+08
2016-02-28,10861.9,10872.8,10784.1,10784.1,1.29485e+09
2016-02-29,10813.9,10818.8,10778.5,10790.4,1.39136e+09
2016-03-01,10823.6,10831.8,10807.2,10793.3,9.21931e+08
2016-03-02,10811.1,10811.1,10780,10788.9,1.74859e+09
2016-03-05,10819.7,10868.8,10819.7,10856,1.20727e+09
2016-03-06,10897.9,10904.9,10883.2,10876.2,1.69603e+09
2016-03-07,10907.6,10913.2,10868.9,10868.9,2.24703e+09
2016-03-08,10867.3,10867.3,10833.3,10831.9,1.88901e+09
2016-03-09,10843.4,10863.7,10836.2,10852.8,1.6003e+09
2016-03-12,10879.9,10949.1,10879.9,10927.4,1.21323e+09
2016-03-14,10981.8,11034.2,10981.8,11028.3,1.2699e+09
2016-03-15,11083,11083.8,11036.5,11063.8,1.93675e+09
2016-03-16,11070,11209.6,11052.7,11201.9,2.32805e+09
2016-03-26,11194,11280.3,11182.6,11280.3,7.85545e+08
2016-03-27,11295,11308.3,11289.5,11289.2,1.0063e+09
2016-03-28,11286,11299.1,11282.9,11298.1,6.77383e+08
2016-03-29,11304,11307,11293.4,11295.6,1.49115e+09
2016-03-30,11319.2,11405,11319.2,11403.7,9.47224e+08
2016-04-02,11423,11432.9,11404.4,11401.4,1.15105e+09
2016-04-03,11412,11412.1,11330.7,11350.1,1.19406e+09
2016-04-04,11372.5,11421.9,11372.5,11418.7,1.15797e+09
2016-04-05,11463.9,11515.1,11463.9,11514.8,1.13409e+09
2016-04-06,11567,11585.6,11561.5,11565.4,1.33161e+09
2016-04-09,11595,11599.5,11566,11566.1,9.49985e+08
2016-04-10,11585,11593.5,11575.6,11575.6,1.40593e+09
2016-04-11,11595.5,11626.3,11595.5,11607,1.11298e+09
2016-04-12,11652,11658,11581.1,11581.1,1.05997e+09
2016-04-13,11593,11593.4,11440.4,11440.5,1.52916e+09
2016-04-16,11427,11427.9,11208,11208.7,7.70507e+08
2016-04-17,11157,11157,11101.2,11113.6,1.15329e+09
2016-04-18,11131,11262.1,11131,11262.1,1.41486e+09
2016-04-19,11291,11296.3,11248.7,11242.5,1.48744e+09
2016-04-20,11265,11265.4,11234.3,11230.8,1.10205e+09
2016-04-23,11247.8,11275.3,11247.8,11262.2,9.88554e+08
2016-04-24,11279.4,11326,11279.4,11326,8.95792e+08
2016-04-25,11358.2,11404.5,11358.2,11394.3,1.23225e+09
2016-04-26,11413,11415.6,11397.3,11397.3,9.78942e+08
2016-04-27,11429.4,11459.4,11429.4,11452,1.14424e+09
2016-04-30,11476,11487.4,11475.7,11475.7,1.4239e+09
2016-05-01,11492,11495.9,11478.3,11485.7,1.16944e+09
2016-05-02,11507,11524.1,11498.5,11493.4,1.3547e+09
2016-05-03,11512,11516.7,11504.6,11514.7,1.13848e+09
2016-05-04,11539.9,11560.7,11539.9,11538.5,1.00012e+09
2016-05-07,11559,11570.1,11510.3,11504.9,8.47546e+08
2016-05-08,11512,11512.5,11461.7,11458.3,1.07665e+09
2016-05-09,11477,11490,11469.8,11470.8,8.22621e+08
2016-05-10,11464,11468,11446.4,11435.2,1.059e+09
2016-05-11,11452,11452,11336.3,11335.8,1.23315e+09
2016-05-14,11352,11379.4,11351.7,11363.5,5.72683e+08
2016-05-15,11378,11378.1,11319.3,11309.7,1.03313e+09
2016-05-16,11323.9,11340.7,11323.2,11320,8.07516e+08
2016-05-17,11347.8,11400.1,11347.8,11390.4,8.24991e+08
2016-05-18,11412,11426.6,11410.6,11384.3,8.67967e+08
2016-05-21,11399.3,11433.3,11399.3,11410.2,6.1275e+08
2016-05-23,11428.4,11462.9,11428.4,11434.8,9.95001e+08
2016-05-24,11462,11464.6,11451.6,11442.3,8.65052e+08
2016-05-25,11457,11465.1,11455.7,11446.3,8.53943e+08
2016-05-28,11457,11469.4,11448.5,11412.8,1.01928e+09
2016-05-29,11420,11431.9,11389.4,11386.6,9.07391e+08
2016-05-30,11398,11398.5,11362.7,11352.5,7.58555e+08
2016-05-31,11363,11364.3,11297.5,11288.6,6.37134e+08
2016-06-01,11299,11309.4,11296.4,11284.4,7.1217e+08
2016-06-05,11298.8,11335.7,11298.8,11333.1,7.63734e+08
2016-06-06,11343,11353,11341.3,11327.3,7.46966e+08
2016-06-07,11338,11346.6,11316.3,11303.5,7.26875e+08
2016-06-08,11313,11313,11252.5,11252.5,8.03571e+08
2016-06-11,11262,11269.8,11124.4,11115.7,8.84784e+08
2016-06-12,11110,11110.8,11044,11036.9,7.96369e+08
2016-06-13,11044.4,11088.3,11044.4,11056.2,6.65629e+08
2016-06-14,11069,11070,10968,10963.2,8.11987e+08
2016-06-15,10974,10990.5,10961.6,10990.4,7.25865e+08
2016-06-18,11014,11022,10992.3,10991.4,6.01925e+08
2016-06-19,11003,11003.9,10917.3,10899.8,5.85218e+08
2016-06-20,10901,10901.3,10852.1,10844.1,5.86365e+08
2016-06-21,10850,10881.4,10845.3,10880.3,9.03109e+08
2016-06-22,10898.7,11041.6,10898.7,11041.1,6.81491e+08
2016-06-25,11056,11068.3,11032,11027.1,7.53487e+08
2016-06-26,11034,11065.1,11023.2,11064.1,8.70644e+08
2016-06-28,11106.1,11183.1,11106.1,11172.6,1.01664e+09
2016-06-29,11190,11197.2,11147.2,11143.9,1.34419e+09
2016-07-02,11154,11164.3,11143.9,11137.7,7.31508e+08
2016-07-03,11154,11167.2,11148.4,11144.7,9.06311e+08
2016-07-04,11150,11150.8,11110.7,11109.4,1.07224e+09
2016-07-05,11122,11134.2,11114.3,11126.8,7.68984e+08
2016-07-09,11137,11138.1,11106.5,11102.3,5.73228e+08
2016-07-10,11111,11117.2,11079.9,11075.9,7.18423e+08
2016-07-11,11087,11095.9,11075.3,11065,7.54076e+08
2016-07-12,11079,11082,11014.9,11015.8,8.54104e+08
2016-07-13,11024,11032.5,11021.8,11023.8,8.6636e+08
2016-07-16,11040,11056.1,11036.9,11018.8,9.10931e+08
2016-07-17,11031.1,11059,11031.1,11019.4,9.12158e+08
2016-07-18,11024,11027,11008.6,11012.3,9.18983e+08
2016-07-19,11024.2,11066,11024.2,11061.5,9.1362e+08
2016-07-20,11070.9,11125.6,11070.9,11111.3,4.47681e+08
2016-07-23,11131.7,11166.8,11131.7,11133.3,5.38663e+08
2016-07-24,11148,11163.5,11148,11156.7,7.18026e+08
2016-07-25,11163.7,11176.6,11163.7,11165.5,8.80614e+08
2016-07-26,11174,11188.1,11171.4,11185.4,6.07359e+08
2016-07-27,11197.3,11255.9,11197.3,11253.3,8.42047e+08
2016-07-31,11263.3,11288,11263.3,11272.6,8.99409e+08
2016-08-01,11282,11282,11266.6,11272.2,8.8194e+08
2016-08-02,11284.9,11327,11284.9,11322.5,8.85531e+08
2016-08-03,11357.2,11424.2,11357.2,11414.5,8.93892e+08
2016-08-06,11448.4,11505.7,11448.4,11462.7,1.23207e+09
2016-08-07,11479.8,11519.4,11479.8,11511.9,1.05832e+09
2016-08-08,11529,11535.3,11504.8,11502.6,6.99879e+08
2016-08-09,11520,11529.6,11508.4,11508.4,5.94333e+08
2016-08-10,11522.8,11543.9,11522.8,11536.2,5.90248e+08
2016-08-13,11543.1,11562.3,11543.1,11556.7,1.05208e+09
2016-08-14,11580,11597,11568.9,11568.9,6.21823e+08
2016-08-15,11582,11588,11557.6,11557.6,5.23894e+08
2016-08-16,11567,11569.3,11543.9,11543.9,9.72547e+08
2016-08-17,11563.1,11575.8,11563.1,11566.8,9.72247e+08
2016-08-20,11595.9,11623.5,11595.9,11619.9,5.18001e+08
2016-08-21,11634,11647.9,11618.6,11619.1,6.35546e+08
2016-08-22,11636,11658.3,11629.9,11629.9,7.79711e+08
2016-08-23,11637,11637.7,11595,11593.8,4.98563e+08
2016-08-24,11596,11596.6,11578.4,11578.4,5.99803e+08
2016-08-27,11583,11598.7,11569.9,11570.2,5.35622e+08
2016-08-28,11587,11589,11514.2,11514.2,6.48091e+08
2016-08-29,11525,11526.6,11498.9,11498.9,5.02069e+08
2016-08-30,11507.6,11524.1,11507.6,11516.1,4.48693e+08
2016-08-31,11524,11532,11494.9,11495,4.10053e+08
2016-09-03,11507,11510.6,11444,11444,3.86461e+08
2016-09-04,11461,11461.4,11398.1,11398.2,4.42121e+08
2016-09-05,11408,11410.6,11398.1,11398.1,3.44245e+08
2016-09-06,11411.2,11449.7,11411.2,11449.4,4.38588e+08
2016-09-07,11464.6,11516.9,11464.6,11506.4,5.40705e+08
2016-09-10,11519,11521.2,11479.7,11479,3.40525e+08
2016-09-11,11489.8,11499.3,11489.8,11492.7,3.35531e+08
2016-09-13,11518.6,11546.3,11518.6,11543.1,4.8133e+08
2016-09-14,11581,11589.2,11557.8,11559.2,4.82743e+08
2016-09-17,11571,11579,11562.5,11562.5,4.18171e+08
2016-09-18,11583,11629.1,11583,11621.3,4.41255e+08
2016-09-19,11629.5,11653.3,11629.3,11637.7,3.74432e+08
2016-09-21,11660.4,11691.6,11660.4,11687.8,4.43679e+08
2016-09-24,11718.1,11807.1,11718.1,11807,5.83727e+08
2016-09-25,11847,11858.4,11825,11825,8.51699e+08
2016-09-26,11841,11895.4,11840.5,11894.2,5.42233e+08
2016-09-27,11929.3,11981.5,11929.3,11979.8,6.07802e+08
2016-09-28,12034,12060.9,12031.3,12035.4,9.16197e+08
2016-10-01,12052,12062.1,12031.9,12031.9,8.88103e+08
2016-10-02,12050,12052.3,12027.1,12024.5,8.67379e+08
2016-10-03,12030,12039.3,12021.8,12021.8,1.12129e+09
2016-10-04,12052,12061.9,12037.4,12037.4,1.42637e+09
2016-10-05,12051,12054.3,12009.3,12009.3,1.02453e+09
2016-10-08,12018,12019.4,11990.8,11991.3,6.45547e+08
2016-10-09,11997.9,12039.8,11997.9,12035,6.59417e+08
2016-10-10,12057,12101.2,12057,12092.4,7.46328e+08
2016-10-15,12108,12114.7,12085.7,12082.6,7.89203e+08
2016-10-16,12084,12085.2,12051.2,12046.8,8.94502e+08
2016-10-17,12057.5,12098.1,12057.5,12097.6,7.09354e+08
2016-10-18,12122.5,12165.1,12122.5,12157.2,7.50398e+08
2016-10-19,12186.1,12210.6,12186.1,12204.9,7.89025e+08
2016-10-22,12227.1,12274.8,12227.1,12266.8,7.22413e+08
2016-10-23,12290.2,12316.7,12290.2,12299.8,7.29124e+08
2016-10-24,12313.4,12366.7,12313.4,12358.8,7.38689e+08
2016-10-25,12394.6,12480.2,12394.6,12480.2,7.28071e+08
2016-10-26,12487.9,12541.9,12487.9,12541.1,9.09023e+08
2016-10-29,12541.1,12656.2,12541.1,12647.7,9.95915e+08
2016-10-30,12665,12665.3,12612.7,12612.7,7.44415e+08
2016-10-31,12630,12665.6,12624.5,12624.5,7.82341e+08
2016-11-01,12638,12638.4,12550.8,12550.8,6.11761e+08
2016-11-02,12554,12563.4,12535.8,12563.4,4.9692e+08
2016-11-05,12605,12625,12581.4,12581.4,5.29008e+08
2016-11-06,12592,12594.7,12552.6,12552.6,4.77977e+08
2016-11-07,12572,12651.7,12572,12649.8,6.69907e+08
2016-11-08,12678,12716.1,12678,12708,6.49221e+08
2016-11-09,12588,12588.3,12433.3,12433.9,9.80869e+08
2016-11-12,12472,12528.4,12472,12523.8,9.72081e+08
2016-11-13,12569.6,12600.1,12569.6,12594.4,7.25779e+08
2016-11-14,12624.4,12693.9,12624.4,12682.6,6.15122e+08
2016-11-15,12713,12720.4,12683.4,12684.9,6.83483e+08
2016-11-16,12710,12719.8,12695.9,12695.9,7.6051e+08
2016-11-19,12707.7,12728.9,12707.7,12726.8,4.78374e+08
2016-11-21,12746.3,12770.1,12746.3,12752.5,3.65756e+08
2016-11-22,12777.6,12787,12777.6,12781.4,4.8964e+08
2016-11-23,12803,12826.4,12802.2,12791,4.38678e+08
2016-11-26,12808.9,12828.5,12808.9,12812.7,5.22042e+08
2016-11-27,12844,12871.9,12843.4,12862.4,5.32428e+08
2016-11-29,12877.5,12901.2,12877.5,12884.5,5.67699e+08
2016-12-03,12890,12890.6,12751.5,12751.5,5.65139e+08
2016-12-04,12756,12770.6,12755.6,12763.6,4.83516e+08
2016-12-05,12787.5,12824.8,12787.5,12817.7,5.51389e+08
2016-12-06,12827.4,12861,12827.4,12839.1,8.25085e+08
2016-12-07,12860.9,12905.5,12860.9,12888.9,8.7813e+08
2016-12-10,12905,12926,12887.5,12887.5,4.32761e+08
2016-12-11,12899,12900.9,12834.2,12833.6,3.21296e+08
2016-12-12,12844,12859.8,12792.7,12792.8,4.09799e+08
2016-12-13,12792,12806.7,12759.8,12759.8,3.11489e+08
2016-12-14,12763,12768.9,12718.6,12718.6,5.59333e+08
2016-12-18,12720,12724.4,12680.9,12676.1,3.37891e+08
2016-12-19,12676,12676.4,12591.4,12590.3,3.993e+08
2016-12-20,12585,12585.8,12514.2,12514.2,4.57719e+08
2016-12-21,12519.8,12578.4,12519.8,12573.4,3.02767e+08
2016-12-24,12580,12609.8,12580,12599.3,3.27758e+08
2016-12-25,12605,12614.7,12588.4,12588.6,3.21282e+08
2016-12-26,12593,12612,12558.4,12555.3,4.23291e+08
2016-12-27,12563,12563.8,12496.6,12496.6,4.56311e+08
2016-12-28,12505,12512,12468.9,12466,4.17276e+08
2016-12-31,12474,12485.2,12442.6,12441.3,3.77298e+08
2017-01-01,12445,12445.4,12370.7,12370.9,3.55387e+08
2017-01-02,12380,12390.7,12355.7,12355.7,5.23587e+08
2017-01-03,12360,12361.6,12305.9,12304.6,4.31589e+08
2017-01-04,12307,12308.8,12264.8,12265,3.36233e+08
2017-01-07,12274,12284.3,12221.2,12221.2,5.28364e+08
2017-01-08,12226,12235.3,12189.5,12189.5,5.39142e+08
2017-01-09,12189,12189.9,12139.7,12140,3.77573e+08
2017-01-11,12157,12159.9,12149,12150.2,4.64134e+08
2017-01-14,12182.2,12270.1,12182.2,12252.1,5.93739e+08
2017-01-15,12280,12295,12278,12275,6.36336e+08
2017-01-16,12283,12292.6,12279.1,12280,5.26417e+08
2017-01-17,12288.9,12320.3,12288.9,12314.1,5.22554e+08
2017-01-18,12325.6,12361.2,12325.6,12360.9,4.50933e+08
2017-01-21,12371,12375.4,12323.5,12313.8,3.2704e+08
2017-01-22,12320,12323.9,12299.6,12300.8,3.43161e+08
2017-01-23,12309,12348.6,12309,12345.7,3.69503e+08
2017-01-24,12361.3,12396.1,12361.3,12370.5,4.58621e+08
2017-01-25,12393.1,12412.6,12393.1,12397.7,5.78605e+08
2017-01-28,12411,12417.9,12400.6,12400.6,4.93441e+08
2017-01-29,12415.3,12436.5,12415.3,12428.1,4.00127e+08
2017-01-30,12447.2,12511.5,12447.2,12508,6.60599e+08
2017-01-31,12539,12545.7,12484.1,12484.1,1.09782e+09
2017-02-01,12487,12489.6,12405.9,12406,7.07988e+08
2017-02-04,12398,12398.2,12286.8,12286.8,4.30368e+08
2017-02-05,12278,12278.7,12217.7,12217.9,4.96089e+08
2017-02-06,12226.8,12264.9,12226.8,12243.6,5.93037e+08
2017-02-07,12260.6,12295.5,12260.6,12280.4,5.73465e+08
2017-02-08,12294,12299.8,12282,12277.6,5.47749e+08
2017-02-11,12301,12310.2,12281.7,12281.7,5.41702e+08
2017-02-12,12289,12294.7,12286.5,12281.6,4.38822e+08
2017-02-13,12296,12324.9,12292,12292,4.68334e+08
2017-02-14,12301.7,12322,12301.7,12316,4.49206e+08
2017-02-15,12334,12355.4,12334,12346.9,5.26633e+08
2017-02-18,12351.7,12403.6,12351.7,12393.2,6.89645e+08
2017-02-19,12410.1,12458.4,12410.1,12440,5.13805e+08
2017-02-20,12453.5,12476.7,12453.5,12472.6,4.92334e+08
2017-02-21,12498.6,12522.2,12498.6,12518.6,4.53864e+08
2017-02-22,12527.6,12535.9,12527.6,12527.8,5.40287e+08
2017-02-25,12539,12544.2,12527.4,12534.9,5.70238e+08
2017-02-26,12551,12562.7,12516.9,12511.1,6.60791e+08
2017-02-27,12515,12521.1,12507.2,12507.2,5.14918e+08
2017-02-28,12516,12524.5,12490.8,12490.8,6.98074e+08
2017-03-01,12501,12509.5,12490.5,12490.5,5.36848e+08
2017-03-04,12486,12486.7,12408.8,12398.1,4.77983e+08
2017-03-05,12395,12395.4,12335,12330.3,5.08084e+08
2017-03-06,12333,12335,12289.8,12289.8,4.74546e+08
2017-03-07,12296,12300.4,12264.7,12264.7,5.26249e+08
2017-03-08,12268,12272.4,12188.7,12174.9,7.28357e+08
2017-03-11,12168,12168.5,12099.9,12092.4,5.53986e+08
2017-03-12,12090.7,12114.8,12090.7,12097.3,4.97847e+08
2017-03-13,12106,12159.3,12106,12155.6,5.26016e+08
2017-03-14,12177.6,12233.2,12177.6,12229.1,6.31939e+08
2017-03-15,12243.5,12269.4,12243.5,12260.9,4.60658e+08
2017-03-18,12280,12379.2,12280,12376.8,4.83586e+08
2017-03-25,12385.6,12490.4,12385.6,12490.4,2.82764e+08
2017-03-26,12509.5,12540.6,12509.5,12536.2,3.62972e+08
2017-03-27,12555.6,12566.1,12555.6,12560.4,3.56511e+08
2017-03-28,12577,12636.7,12577,12636.5,4.66166e+08
2017-03-29,12669,12681.8,12668.7,12681,5.47432e+08
2017-04-03,12695.9,12762.1,12695.9,12762,4.09652e+08
2017-04-04,12791.7,12822.8,12791.7,12815.2,5.97068e+08
2017-04-05,12842.1,12898.7,12842.1,12898.6,6.52694e+08
2017-04-08,12939.1,13032.5,12939.1,13032.5,7.68552e+08
2017-04-09,13090.5,13141.8,13090.5,13141.8,8.91602e+08
2017-04-10,13207,13279.5,13207,13272.8,1.24336e+09
2017-04-12,13312,13321.5,13311.4,13317.9,1.14035e+09
2017-04-15,13364.3,13467.2,13364.3,13459.3,1.26962e+09
2017-04-16,13500,13515.3,13442.8,13442.9,1.24605e+09
2017-04-17,13463,13463.4,13373.6,13370.9,8.60912e+08
2017-04-18,13384,13407.4,13371.9,13371.9,7.76121e+08
2017-04-19,13397.2,13446.1,13397.2,13438.4,8.52667e+08
2017-04-22,13502,13640.4,13502,13636.7,9.82702e+08
2017-04-23,13688,13702.3,13656.8,13656.8,1.01268e+09
2017-04-24,13686.8,13718.6,13686.8,13716.2,8.03889e+08
2017-04-26,13766,13818.3,13766,13818.2,8.94705e+08
2017-04-29,13851,13865.7,13822.7,13819.4,8.13111e+08
2017-04-30,13836,13839.6,13811.4,13811.5,8.34677e+08
2017-05-01,13822,13844,13806.8,13831.6,8.86214e+08
2017-05-02,13856.8,13887.8,13856.8,13872.3,8.3222e+08
2017-05-03,13911,13928.7,13911,13911.1,6.8566e+08
2017-05-06,13955,13967.6,13916.3,13916.3,7.58427e+08
2017-05-07,13946,13946.9,13898.7,13893.2,7.93757e+08
2017-05-08,13916,13916.3,13832.5,13832.5,9.14492e+08
2017-05-09,13838,13838.2,13705,13717.5,9.66645e+08
2017-05-10,13733.1,13791.6,13733.1,13773.8,8.76365e+08
2017-05-13,13788,13792.5,13723.7,13718.4,5.0664e+08
2017-05-14,13721,13721.8,13611.5,13607.7,5.23528e+08
2017-05-15,13607,13607.6,13584.4,13580.6,3.8035e+08
2017-05-16,13589.4,13639.9,13589.4,13629.6,4.50154e+08
2017-05-17,13648,13660.7,13646.1,13644.2,7.68674e+08
2017-05-20,13719.8,13841.6,13719.8,13831.5,8.65549e+08
2017-05-21,13852,13863.9,13799.1,13782.9,6.83042e+08
2017-05-22,13790,13793.3,13761,13750.4,4.72249e+08
2017-05-23,13774.5,13798.1,13774.5,13769,5.04571e+08
2017-05-24,13794.7,13811.4,13794.7,13791,5.45233e+08
2017-05-27,13798.2,13803.7,13717.9,13712.5,3.97278e+08
2017-05-28,13720.3,13722.3,13636.8,13620.5,3.87485e+08
2017-05-29,13627.3,13628.9,13589.5,13585.2,4.79312e+08
2017-05-30,13598,13598,13564.3,13552.2,3.96938e+08
2017-05-31,13572.2,13592.3,13567.3,13572.6,4.71322e+08
2017-06-03,13590.8,13594.9,13564.1,13554.9,3.85263e+08
2017-06-06,13574.8,13574.8,13519,13514,3.17645e+08
2017-06-07,13521,13521,13355.8,13350.6,5.26406e+08
2017-06-10,13354,13380.3,13354,13354.2,3.06726e+08
2017-06-11,13355.1,13362.1,13300.3,13291.2,3.71698e+08
2017-06-12,13295.5,13296.9,13245.3,13240.8,2.6166e+08
2017-06-13,13238.2,13244.6,13230,13225.4,3.6873e+08
2017-06-14,13239.2,13291.3,13237.8,13288.6,4.27765e+08
2017-06-17,13300,13316.7,13261.2,13261.2,3.29197e+08
2017-06-18,13265.5,13270.8,13150.6,13145.4,4.09022e+08
2017-06-19,13145.6,13145.6,13093.8,13089,3.05464e+08
2017-06-20,13096.4,13128.8,13096.4,13099.8,3.12427e+08
2017-06-21,13114.2,13121.4,13099.7,13096.7,2.91781e+08
2017-06-24,13105.2,13139,13105.2,13128.3,2.41221e+08
2017-06-25,13149.2,13177.9,13149.2,13169.6,3.14538e+08
2017-06-28,13184.8,13203.4,13184.8,13198.2,2.7055e+08
2017-07-01,13228.1,13250.8,13228.1,13240.7,3.59152e+08
2017-07-02,13247.6,13248.8,13221.8,13211.9,2.71593e+08
2017-07-03,13216.5,13231.7,13213.9,13192.9,3.18721e+08
2017-07-04,13200.9,13218.5,13195.7,13194.6,3.59722e+08
2017-07-05,13212.4,13226.1,13212.4,13209.2,4.11699e+08
2017-07-08,13224.7,13242.2,13224.7,13228.9,4.55327e+08
2017-07-09,13241.7,13271.5,13241.7,13254.9,4.12709e+08
2017-07-10,13276.4,13304.4,13276.4,13283.7,5.50452e+08
2017-07-11,13303.4,13306.8,13295.4,13294.5,4.84421e+08
2017-07-12,13308.9,13317.2,13295.1,13289.2,3.9335e+08
2017-07-15,13306.1,13331.7,13306.1,13300.6,4.94584e+08
2017-07-16,13311.8,13322.6,13288.6,13279.7,3.87846e+08
2017-07-17,13292.3,13296.7,13270.9,13254.5,6.24199e+08
2017-07-18,13261.5,13285.8,13261.5,13277.2,3.60354e+08
2017-07-19,13299.8,13393.5,13299.8,13368.1,3.49691e+08
2017-07-22,13392.5,13466.4,13392.5,13448.6,4.25926e+08
2017-07-23,13468.9,13504.4,13468.9,13453.7,5.79637e+08
2017-07-24,13477.9,13512.4,13477.9,13493.6,4.93755e+08
2017-07-25,13511.3,13522.6,13490,13507,5.14927e+08
2017-07-26,13515,13524.1,13504.2,13504.2,7.8901e+08
2017-07-29,13511,13511,13461.5,13463.1,3.69815e+08
2017-07-30,13474.8,13486.2,13472.5,13469.1,4.35047e+08
2017-07-31,13485.8,13514.7,13485.8,13499.6,4.24389e+08
2017-08-01,13517.2,13523.8,13493.8,13493.9,3.44924e+08
2017-08-02,13501.1,13514.1,13497.8,13497.8,3.36267e+08
2017-08-06,13513.1,13552.2,13513.1,13519.1,3.58791e+08
2017-08-07,13525.8,13528.3,13435.4,13435.4,3.59097e+08
2017-08-08,13443.2,13444.6,13392.4,13392.4,3.51795e+08
2017-08-09,13398.9,13418,13398.9,13408.9,4.79424e+08
2017-08-12,13414.8,13421.8,13373.3,13373.3,4.05761e+08
2017-08-13,13379.3,13382.8,13304,13303.3,3.43666e+08
2017-08-14,13308,13313.9,13283.7,13283.8,3.6787e+08
2017-08-15,13288.2,13371.3,13288.2,13353.5,4.66185e+08
2017-08-16,13354.6,13358.7,13345.6,13350.8,3.74968e+08
2017-08-19,13376.3,13388.1,13358.8,13358.8,6.42394e+08
2017-08-20,13387.5,13388.2,13372.8,13374,3.45152e+08
2017-08-21,13386.5,13408.7,13385.6,13399.1,4.48068e+08
2017-08-22,13414.2,13425.8,13410,13410.1,5.81757e+08
2017-08-23,13420.4,13444.6,13420.4,13432.6,5.08258e+08
2017-08-26,13444.2,13461.1,13442.8,13445.4,5.95865e+08
2017-08-27,13460.1,13471.7,13457.9,13460.9,4.32196e+08
2017-08-28,13482.6,13519.2,13482.6,13512.1,0
2017-08-29,13537.5,13551.6,13534.8,13532.6,8.08687e+08
2017-08-30,13554.2,13571,13550.5,13552.9,5.4257e+08
2017-09-02,13562.6,13565.4,13517.3,13517.4,4.03999e+08
2017-09-03,13520.9,13520.9,13463.6,13463.6,7.03533e+08
2017-09-04,13466.9,13470.8,13412,13412,4.93862e+08
2017-09-05,13407.9,13418,13396.1,13396.3,4.40146e+08
2017-09-06,13387.5,13387.9,13355.3,13355.5,3.57293e+08
2017-09-10,13351.5,13351.5,13308.7,13307.3,3.42501e+08
2017-09-11,13312.2,13323.1,13294.7,13293.1,3.6743e+08
2017-09-12,13292,13301,13280.9,13280.9,3.44921e+08
2017-09-13,13296.8,13296.8,13277.3,13285.1,4.57535e+08
2017-09-16,13292.5,13319,13292.5,13311.4,4.40081e+08
2017-09-17,13327.9,13364.5,13327.9,13362.4,3.7626e+08
2017-09-18,13384.1,13450.6,13384.1,13450.5,3.69002e+08
2017-09-19,13461.1,13512.2,13461.1,13512.2,5.91741e+08
2017-09-20,13520.9,13589.9,13519.4,13582.8,7.46454e+08
2017-09-23,13594.5,13610.5,13593.2,13593.2,5.81279e+08
2017-09-24,13604.7,13607,13580.1,13585,5.23686e+08
2017-09-25,13594.5,13600.4,13584.1,13584.1,4.52173e+08
2017-09-26,13602.3,13626.8,13602.3,13618.2,5.31526e+08
2017-09-27,13642,13648.7,13623.2,13623.2,6.56097e+08
2017-10-02,13627.1,13627.1,13523.8,13523.8,7.34396e+08
2017-10-03,13519,13519,13437.7,13437.7,4.16995e+08
2017-10-04,13442.4,13460.6,13442.4,13443.3,4.44226e+08
2017-10-07,13444.6,13444.6,13311.5,13311.5,5.10525e+08
2017-10-08,13310.8,13310.8,13109.2,13108.8,6.19912e+08
2017-10-09,13107.7,13117.7,13093.8,13096.5,3.38339e+08
2017-10-10,13103.1,13126.7,13103.1,13123.1,3.47528e+08
2017-10-11,13138.1,13139,13131.7,13131.7,4.31028e+08
2017-10-14,13148.3,13228.8,13148.3,13228.2,3.41431e+08
2017-10-15,13240,13259.6,13240,13255.3,3.80881e+08
2017-10-16,13277,13304.3,13277,13301.1,4.47245e+08
2017-10-17,13314.7,13316.4,13273.2,13273.3,4.81134e+08
2017-10-18,13273.9,13276.1,13241.2,13241.3,4.21162e+08
2017-10-21,13255.9,13285.8,13255.9,13270.6,5.80515e+08
2017-10-22,13286.6,13297,13285.3,13282.5,4.68222e+08
2017-10-23,13283.6,13283.6,13224.9,13221.5,6.37587e+08
2017-10-24,13223.6,13226,13207.3,13207.3,5.70311e+08
2017-10-25,13215.9,13229.6,13206.2,13206.9,4.86602e+08
2017-10-28,13214.3,13222.8,13191.7,13191.7,5.14438e+08
2017-10-29,13196,13211.9,13167.8,13167.8,7.17769e+08
2017-10-30,13174.6,13191.8,13172.9,13176.4,5.26693e+08
2017-10-31,13180.2,13204.5,13180.2,13203.1,6.14298e+08
2017-11-01,13221,13246.8,13221,13240.7,5.50866e+08
2017-11-04,13258.8,13275.8,13258.8,13268.2,3.9782e+08
2017-11-05,13284,13320.4,13284,13309.5,5.89352e+08
2017-11-06,13319.6,13320,13281.5,13281.5,4.89018e+08
2017-11-07,13280.4,13284,13260.8,13260.8,4.08136e+08
2017-11-08,13265.6,13272.1,13254.1,13254.1,4.20925e+08
2017-11-11,13260.5,13267.3,13245.6,13245.6,3.96066e+08
2017-11-12,13255.7,13255.7,13230.7,13228.7,3.92759e+08
2017-11-13,13237.1,13247.9,13235.7,13233.5,3.94864e+08
2017-11-14,13239.8,13254.5,13239.8,13247.6,3.66824e+08
2017-11-15,13253.2,13269.7,13253.2,13244.4,4.55852e+08
2017-11-18,13249.9,13259,13248.1,13245.9,3.65136e+08
2017-11-20,13254.9,13263.4,13232.6,13233.7,4.52533e+08
2017-11-21,13243.2,13256.8,13232.1,13229.7,6.90754e+08
2017-11-22,13246.3,13262.3,13246.3,13250.8,7.72486e+08
2017-11-25,13270.9,13328.9,13270.9,13318.7,8.16234e+08
2017-11-26,13332,13332,13301.2,13301.2,8.39356e+08
2017-11-28,13314.8,13318.9,13297.7,13294.2,1.05909e+09
2017-11-29,13302.1,13308.6,13289.3,13289.9,6.091e+08
2017-12-02,13302.9,13322.5,13302.9,13313.9,4.21404e+08
2017-12-03,13324.8,13331,13307.7,13307.7,5.63361e+08
2017-12-04,13310.4,13321.5,13291.6,13291.7,6.32506e+08
2017-12-05,13298.4,13312.5,13291.2,13291.2,7.05537e+08
2017-12-09,13298.7,13310.9,13298.7,13310.9,6.88958e+08
2017-12-10,13326.7,13339.1,13326.7,13328.1,5.7963e+08
2017-12-11,13347.8,13365,13337.3,13337.3,1.05105e+09
2017-12-12,13347.5,13384.8,13347.5,13374.2,1.0974e+09
2017-12-13,13387.4,13399.5,13382.9,13382.9,1.05851e+09
2017-12-16,13440,13454,13382.9,13440,9.93217e+08
2017-12-17,13448.7,13474.3,13443.5,13448.7,1.04724e+09
2017-12-18,13449.2,13451,13431.5,13431.5,9.66729e+08
2017-12-19,13436.1,13489.5,13436.1,13485.6,7.56397e+08
2017-12-20,13493.1,13505.7,13485.7,13488.6,6.3201e+08
2017-12-23,13491.2,13552.3,13491.2,13551.8,7.60219e+08
2017-12-24,13554,13583.3,13554,13579.6,7.05509e+08
2017-12-25,13584.1,13598.5,13567.3,13567.3,1.01155e+09
2017-12-26,13567.3,13582,13523.2,13523.7,8.90179e+08
2017-12-27,13523.5,13531.2,13482.6,13482.6,6.7386e+08
2017-12-30,13484.1,13484.1,13318,13318,9.14849e+08
2017-12-31,13313.7,13313.7,12984.8,12984.8,1.52998e+09
2018-01-01,12973.9,13048.9,12959.6,13023,5.95868e+08
2018-01-02,13023.1,13027.3,12943.5,12943.5,5.70574e+08
2018-01-03,12943,12943,12851.6,12851.6,5.6534e+08
2018-01-06,12851.8,12943.2,12851.8,12943.2,4.47672e+08
2018-01-07,12949,13049.9,12949,13049.9,5.27099e+08
2018-01-08,13052.5,13103.2,13052.5,13103.2,4.74669e+08
2018-01-09,13105.4,13119.8,13051.6,13051.6,3.96642e+08
2018-01-10,13052.2,13083.3,13036.8,13041.1,4.93441e+08
2018-01-13,13049,13120.9,13049,13112.8,4.832e+08
2018-01-14,13119.8,13130.8,13119.8,13120.5,6.03722e+08
2018-01-15,13124.9,13146.5,13120.8,13120.5,7.70534e+08
2018-01-16,13123,13142.3,13118.4,13118.4,7.50576e+08
2018-01-17,13123,13147.4,13123,13139,6.73013e+08
2018-01-20,13144.9,13170,13144.9,13137.6,5.78081e+08
2018-01-21,13136.5,13142.2,13058.5,13044.2,6.41421e+08
2018-01-22,13043.5,13069.4,13043.5,13061.2,6.02466e+08
2018-01-23,13063.8,13117.2,13063.8,13106.9,5.57183e+08
2018-01-24,13117.1,13165.2,13117.1,13162.9,8.11472e+08
2018-01-27,13163.4,13193.6,13163.4,13181.1,5.93019e+08
2018-01-28,13187,13195.8,13160.9,13160.9,4.72837e+08
2018-01-29,13165.9,13190.1,13150.2,13150.2,5.2272e+08
2018-01-30,13158.7,13187,13158.7,13166.1,4.67614e+08
2018-01-31,13170.2,13173.3,13131.6,13131.6,5.24699e+08
2018-02-03,13130.1,13142.8,13113.9,13111.6,4.85608e+08
2018-02-04,13114.2,13166,13114.2,13157.2,5.0347e+08
2018-02-05,13158,13265.9,13158,13234.4,6.6545e+08
2018-02-06,13241.3,13246.8,13209.3,13209.4,5.52628e+08
2018-02-07,13209.7,13238,13209.7,13231.7,5.06546e+08
2018-02-10,13228.3,13228.3,13186,13188.2,5.70418e+08
2018-02-12,13192.8,13255,13192.8,13248,6.32552e+08
2018-02-13,13250.4,13266.5,13229.1,13223.2,8.68486e+08
2018-02-14,13230.9,13272.9,13230.9,13229.2,5.60849e+08
2018-02-17,13239.9,13262.2,13232.9,13232.9,7.02845e+08
2018-02-18,13233.5,13247.3,13197.7,13197.7,5.99153e+08
2018-02-19,13195.1,13211.5,13178,13178,5.36894e+08
2018-02-21,13185.6,13211.2,13185.6,13201.3,6.00997e+08
2018-02-24,13215.8,13250.5,13199.5,13199.5,9.72907e+08
2018-02-25,13205.3,13205.3,13151.6,13145.5,5.85445e+08
2018-02-26,13154.7,13184,13149.4,13149.4,5.99757e+08
2018-02-27,13158.3,13162,13150,13155.7,6.06924e+08
2018-02-28,13178.5,13211.1,13178.5,13195,7.24356e+08
2018-03-03,13219.9,13242.6,13219.9,13224.3,7.131e+08
2018-03-04,13244.2,13248.3,13182.7,13175.7,9.82784e+08
2018-03-05,13182,13188.7,13125.1,13125.1,6.57362e+08
2018-03-06,13125.9,13125.9,13041.5,13031.5,5.67635e+08
2018-03-07,13026.2,13026.2,12944.1,12937.7,4.3928e+08
2018-03-10,12939.6,12944,12886.1,12882.5,5.64978e+08
2018-03-11,12886.2,12887.7,12810.3,12810.3,6.08243e+08
2018-03-12,12816.1,12827.1,12816.1,12809.7,6.1521e+08
2018-03-13,12814.2,12826,12814.2,12812.1,5.14445e+08
2018-03-14,12815.2,12826.1,12773.5,12755,9.96558e+08
2018-03-17,12753.2,12754.3,12720.6,12716.5,8.28082e+08
2018-03-18,12719.7,12777.3,12719.7,12764.2,5.93074e+08
2018-03-19,12769.2,12857.2,12769.2,12854.7,6.42517e+08
2018-03-25,12859.5,12881.2,12859.5,12872.6,2.31123e+08
2018-03-26,12879.3,12888.3,12871.6,12871.6,6.38122e+08
2018-03-27,12875.8,12882.2,12866.8,12866.8,6.13589e+08
2018-03-28,12872,12894,12872,12893.6,5.56581e+08
2018-04-03,12900.8,12921.8,12900.8,12909.1,3.03436e+08
2018-04-04,12911.6,12921.1,12901.6,12901.6,4.65923e+08
2018-04-07,12910.2,12915.7,12855.8,12855.8,5.09293e+08
2018-04-08,12854,12854,12709.1,12709.1,6.81334e+08
2018-04-09,12708.7,12710.4,12593.3,12593.4,9.51531e+08
2018-04-10,12599.4,12619.9,12599.4,12615.4,6.17482e+08
2018-04-11,12620.7,12625,12476.6,12476.6,6.4343e+08
2018-04-15,12476.3,12479.5,12413,12413,4.15159e+08
2018-04-16,12414.6,12425.3,12403.4,12398.7,4.01671e+08
2018-04-17,12414.6,12419,12414.2,12413.6,3.44368e+08
2018-04-18,12421.6,12446.5,12421.6,12443.6,3.07682e+08
2018-04-21,12453.9,12492.9,12453.9,12477.2,3.15482e+08
2018-04-22,12483.8,12493.7,12449.8,12449.8,4.75819e+08
2018-04-23,12455.8,12463.1,12430,12430,3.36116e+08
2018-04-24,12436,12485.3,12436,12485.3,4.40045e+08
2018-04-25,12491.9,12518.3,12491.9,12508.3,4.05346e+08
2018-04-28,12510.1,12512.6,12415.7,12415.7,4.33557e+08
2018-04-29,12420.5,12422.2,12345.9,12339,4.09784e+08
2018-04-30,12342.2,12361.5,12335.9,12336,4.11792e+08
2018-05-01,12337,12343.1,12333.7,12330.1,4.6326e+08
2018-05-05,12338.7,12340.7,12268,12262.7,4.2606e+08
2018-05-06,12264.8,12264.8,12180,12176.3,4.93919e+08
2018-05-07,12180.9,12240.4,12180.9,12240.4,3.62164e+08
2018-05-08,12252.3,12341.6,12252.3,12335.4,5.8218e+08
2018-05-09,12318,12318,12230.6,12223.8,1.14649e+09
2018-05-12,12225.9,12283.9,12225.9,12266.4,4.9976e+08
2018-05-13,12277.5,12411.5,12277.5,12406.8,6.33614e+08
2018-05-14,12425.5,12595.7,12425.5,12584,6.72194e+08
2018-05-15,12609.4,12672.1,12609.4,12636.8,8.45228e+08
2018-05-16,12653.1,12658.3,12640,12634.6,7.89244e+08
2018-05-19,12648.8,12730.6,12648.8,12702.2,7.45671e+08
2018-05-20,12710.3,12764,12710.3,12726.1,7.18852e+08
2018-05-21,12729,12744.9,12721,12713.9,7.46724e+08
2018-05-22,12728.1,12738,12698.2,12686.5,5.60599e+08
2018-05-23,12696.4,12738.9,12696.4,12720,5.52911e+08
2018-05-26,12733.6,12775.1,12733.6,12746.2,6.9059e+08
2018-05-27,12748.7,12755.5,12738.1,12734.5,5.81641e+08
2018-05-28,12732.7,12746.9,12689.1,12660.5,5.54601e+08
2018-05-29,12660.7,12667.8,12622.5,12620.6,6.05059e+08
2018-05-30,12627.1,12650.6,12618.8,12608.1,6.58934e+08
2018-06-02,12612.6,12645.3,12612.6,12622.3,6.35002e+08
2018-06-03,12634.4,12663.5,12634.4,12649,5.01256e+08
2018-06-09,12660.4,12703.4,12660.4,12698.4,7.54003e+08
2018-06-10,12704.9,12749.8,12704.9,12716.9,7.50118e+08
2018-06-11,12718.2,12741,12718.2,12715.7,8.4244e+08
2018-06-12,12723.9,12792.2,12723.9,12779.6,9.94682e+08
2018-06-13,12797.4,13026.4,12797.4,13019.3,1.56175e+09
2018-06-17,13081.9,13308.6,13081.9,13302.2,1.71327e+09
2018-06-18,13380.1,13446.4,13348.5,13340,2.49269e+09
2018-06-19,13347.3,13350.1,13314.1,13308.2,1.76606e+09
2018-06-20,13332.9,13452.4,13332.9,13413.7,2.4187e+09
2018-06-23,13420.2,13546.4,13420.2,13537.6,1.41478e+09
2018-06-24,13560.9,13720.6,13560.9,13710.2,2.32234e+09
2018-06-25,13729.6,13865.3,13729.6,13837.6,2.89837e+09
2018-06-26,13856.1,13856.1,13682.5,13675.5,2.07716e+09
2018-06-27,13678.3,13689.3,13517.3,13517.3,1.75741e+09
2018-06-30,13525.3,13570,13525.3,13548.6,9.82619e+08
2018-07-01,13552.6,13558,13404.5,13387,1.2012e+09
2018-07-02,13389.8,13434.2,13389.8,13417.9,8.27792e+08
2018-07-03,13430.1,13506.6,13430.1,13493.8,1.27686e+09
2018-07-04,13509.9,13521.4,13475.4,13467.5,1.45245e+09
2018-07-07,13469.5,13470.7,13437.2,13434.2,8.95788e+08
2018-07-08,13443,13443,13381.1,13365.2,6.82847e+08
2018-07-10,13372.2,13379.9,13319,13316.6,5.57166e+08
2018-07-11,13311.7,13311.7,13176,13171.1,7.6178e+08
2018-07-14,13170.8,13245.4,13170.8,13170.4,7.21915e+08
2018-07-15,13171.7,13186.8,13145.1,13132.5,7.87747e+08
2018-07-16,13132.9,13158.8,13114.3,13094.3,7.59088e+08
2018-07-17,13104.6,13127.6,13096.8,13085,8.67494e+08
2018-07-18,13096.3,13121.3,13059,13047.4,1.47615e+09
2018-07-21,13060.1,13146.2,13060.1,13087.5,5.78246e+08
2018-07-22,13104.9,13152.5,13104.9,13066.6,8.92573e+08
2018-07-23,13067.1,13067.1,12956.3,12946.1,5.60449e+08
2018-07-24,12947.3,12984,12936.7,12936.1,7.97959e+08
2018-07-25,12950.4,12977,12941.6,12944.3,8.8455e+08
2018-07-28,12963,13026.7,12963,12991.6,1.33402e+09
2018-07-29,13005.2,13053.4,12988.5,12988.7,1.58679e+09
2018-07-30,12997.7,13029.5,12997.7,13002.3,1.95716e+09
2018-07-31,13016.4,13332.2,13016.4,13332.1,1.1824e+09
2018-08-01,13346.9,13506.6,13346.9,13407,2.0848e+09
2018-08-04,13410,13410,13298.4,13295.6,1.58794e+09
2018-08-05,13303.9,13428.4,13303.9,13366.7,2.57261e+09
2018-08-06,13371.2,13497.4,13371.2,13407.4,3.61652e+09
2018-08-07,13414.5,13414.5,13393.1,13412.6,2.52549e+09
2018-08-08,13431.2,13457.5,13386.7,13386.7,2.01201e+09
2018-08-11,13400.9,13419.2,13377.6,13377.6,1.50682e+09
2018-08-12,13395.9,13439.4,13395.9,13432.5,1.56516e+09
2018-08-13,13437.3,13477,13437.3,13458.4,1.55658e+09
2018-08-14,13475.9,13536.1,13475.9,13513.1,1.41609e+09
2018-08-15,13518.4,13553.1,13518.4,13542.7,1.06936e+09
2018-08-18,13573.6,13744.8,13573.6,13744.8,1.1835e+09
2018-08-19,13790.5,13935.1,13790.5,13934,1.5234e+09
2018-08-20,13961.5,14087.5,13961.5,14087.5,1.8684e+09
2018-08-21,14116.5,14191.1,14116.5,14190.1,1.48787e+09
2018-08-25,14219.9,14463.1,14219.9,14459.4,1.38628e+09
2018-08-26,14522.9,14761.8,14522.9,14761.8,1.62779e+09
2018-08-27,14793.8,14922.4,14793.8,14922.2,2.28409e+09
2018-08-28,14944.8,14995.7,14934.7,14947.9,2.04287e+09
2018-08-29,14955,15109.2,14955,15109.2,2.91982e+09
2018-09-01,15146.5,15325.1,15146.5,15325.1,2.89922e+09
2018-09-02,15359.8,15393.3,15302.3,15302.7,2.30525e+09
2018-09-03,15317.2,15371,15317.2,15365.1,1.7394e+09
2018-09-04,15424.8,15553.1,15424.8,15543.2,1.71264e+09
2018-09-05,15593.7,15693.3,15593.7,15693,1.38883e+09
2018-09-08,15754.4,16123.9,15754.4,16123.9,2.01815e+09
2018-09-09,16184,16575.5,16184,16575.4,3.07807e+09
2018-09-10,16606.6,17069.7,16606.6,17068.5,3.31901e+09
2018-09-11,17115.2,17396.7,17115.2,17396.7,3.26559e+09
2018-09-12,17426.2,17922.7,17426.2,17914.3,3.06228e+09
2018-09-15,17951.2,18408.7,17951.2,18359.1,4.21227e+09
2018-09-16,18389,18393.5,18156.7,18273.2,4.62092e+09
2018-09-17,18318.4,18770.1,18318.4,18769.3,3.59879e+09
2018-09-18,18802,19166.4,18802,19156,3.14046e+09
2018-09-22,19236,19740,19236,19740,3.21762e+09
2018-09-23,19780.6,20301.2,19780.6,20301.2,4.36241e+09
2018-09-24,20315.2,20741.5,20315.2,20741.4,3.70807e+09
2018-09-25,20782,21498,20782,21497.9,4.48593e+09
2018-09-26,21518.7,22231,21518.7,22231,4.22946e+09
2018-09-29,22261.1,23053.4,22261.1,23053,3.2985e+09
2018-09-30,23069,23935.2,23069,23935.2,4.57606e+09
2018-10-01,23982.6,24272.1,23903.7,24034.9,5.60728e+09
2018-10-02,24029.5,24029.5,23358.2,23358.2,4.96367e+09
2018-10-03,23358.2,23358.2,22776.2,22776.2,5.26256e+09
2018-10-06,22769.3,22829.3,22409.9,22410.4,5.84467e+09
2018-10-07,22375.2,22375.2,21772,21772,4.03657e+09
2018-10-08,21725.6,21725.6,21336.8,21336.8,2.76357e+09
2018-10-09,21337.4,21337.4,21194.8,21194.8,4.24635e+09
2018-10-10,21194.8,21194.8,20806.3,20803.3,2.52529e+09
2018-10-13,20797.4,20797.4,20309.3,20309.3,1.48662e+09
2018-10-14,20309.3,20309.3,20103.6,20103.6,1.95878e+09
2018-10-15,20104.4,20299.4,20073.5,20293.4,2.47258e+09
2018-10-16,20293.4,20586.3,20293.4,20491.9,3.51143e+09
2018-10-17,20491.9,20491.9,20175.6,20264.4,3.38552e+09
2018-10-20,20264.4,20741.4,20264.4,20737.2,2.23056e+09
2018-10-21,20737.2,20876.4,20704,20700.5,2.72463e+09
2018-10-22,20700.5,20709.4,20436.5,20435.2,2.74791e+09
2018-10-23,20435.2,20435.2,20003.1,20001,2.40226e+09
2018-10-24,20001,20001,19593.6,19593.6,1.75139e+09
2018-10-27,19593.6,19593.6,19331.6,19331.7,1.76787e+09
2018-10-28,19331.7,19453.9,19331.7,19450,1.78561e+09
2018-10-29,19450,19832.8,19450,19832.7,1.76439e+09
2018-10-31,19832.7,19983.5,19832.7,19980.8,2.02137e+09
2018-11-03,19980.8,20007.6,19853.7,19853.7,1.75302e+09
2018-11-04,19853.7,19883.8,19694.4,19694.4,1.9551e+09
2018-11-05,19694.4,19940.8,19694.4,19940.8,1.81859e+09
2018-11-06,19949.1,20102.3,19949.1,20079.3,1.7296e+09
2018-11-10,20071.4,20175.4,20071.4,20106.2,3.47927e+09
2018-11-11,20134.4,20135.3,19883.7,19876,1.97446e+09
2018-11-12,19885.1,20089,19885.1,20089,2.0464e+09
2018-11-13,20119.1,20275.9,20119.1,20224.7,2.65976e+09
2018-11-14,20235.5,20235.5,20132.7,20132.7,1.84324e+09
2018-11-17,20159.6,20182.2,19964.6,19964.6,1.64131e+09
2018-11-18,19981.2,20012.6,19573.9,19566.3,1.99795e+09
2018-11-19,19565.5,19704.5,19565.5,19686.7,1.62184e+09
2018-11-20,19693.3,19731.9,19693.3,19725.2,1.5803e+09
2018-11-21,19725.2,19857.4,19725.2,19853,1.65849e+09
2018-11-24,19870.4,19892.2,19714,19714,1.55381e+09
2018-11-26,19697.2,19697.2,19355.7,19355.7,1.3695e+09
2018-11-27,19356.2,19424.9,19356.2,19384.2,9.54189e+08
2018-11-28,19410.3,19411.2,19199.3,19199.3,1.52097e+09
2018-12-01,19193.3,19193.3,18766.2,18766.2,1.74584e+09
2018-12-02,18773.5,18949.8,18773.5,18943,1.19734e+09
2018-12-03,18989.6,19150.5,18989.6,19149.7,1.33394e+09
2018-12-04,19182.5,19213.7,19104.1,19102.2,1.19906e+09
2018-12-05,19132.3,19332.9,19132.3,19326.5,1.32234e+09
2018-12-08,19408,19537,19408,19534,1.17502e+09
2018-12-09,19617,19648.9,19547.3,19547.3,2.32256e+09
2018-12-10,19552.4,19565,19518.8,19518.8,1.52395e+09
2018-12-11,19536.1,19550.6,19518.6,19518.6,1.28204e+09
2018-12-12,19540.9,19602.2,19539.1,19539.1,1.14135e+09
2018-12-15,19569.7,19593,19474.3,19474.9,1.11083e+09
2018-12-16,19482.4,19482.4,19250.7,19250.7,1.34924e+09
2018-12-17,19276.5,19316.6,19141.7,19141.8,1.42462e+09
2018-12-18,19145.8,19145.8,18989.3,18989.3,8.50844e+08
2018-12-19,18991.3,18993.2,18759.8,18759.8,1.00613e+09
2018-12-22,18766.5,18782.6,18742.9,18742.9,8.79895e+08
2018-12-23,18751.1,18952.6,18751.1,18952.4,1.46753e+09
2018-12-24,18978.7,19043.6,18978.7,19030.4,1.79276e+09
2018-12-25,19046.2,19051,19024.5,19024.6,1.69309e+09
2018-12-26,19048.2,19195,19048.2,19194.9,2.64148e+09
2018-12-29,19226.1,19354.8,19226.1,19349.9,1.46068e+09
2018-12-30,19368.7,19437.8,19368.7,19427.4,1.73408e+09
2018-12-31,19449.1,19563.2,19449.1,19556.4,1.67185e+09
2019-01-01,19603.1,19713.7,19603.1,19710.2,3.50501e+09
2019-01-02,19749.7,19778.4,19674.7,19674.7,3.91277e+09
2019-01-05,19693.8,19702.1,19652.2,19652.2,1.74909e+09
2019-01-06,19674,19682.2,19664.2,19664.2,2.3948e+09
2019-01-07,19701.1,19796.8,19701.1,19792.3,1.91985e+09
2019-01-08,19830.6,19907.7,19830.6,19897.5,2.32139e+09
2019-01-09,19924.2,20074.4,19924.2,20018,1.49068e+09
2019-01-12,20081.6,20164,20081.6,20151.7,1.57221e+09
2019-01-13,20223,20276.5,20223,20276.5,2.06044e+09
2019-01-14,20314.1,20416.6,20314.1,20402.8,1.87267e+09
2019-01-15,20441.2,20567.8,20441.2,20553.2,2.14201e+09
2019-01-16,20601.8,20650.9,20601.8,20618.3,2.1548e+09
2019-01-19,20656.1,20736.2,20656.1,20713.8,1.65503e+09
2019-01-20,20754.1,20775.6,20632.1,20632.1,1.94237e+09
2019-01-21,20619.4,20619.4,20197.2,20186.5,1.76999e+09
2019-01-22,20191.9,20375.4,20191.1,20375.4,1.70736e+09
2019-01-23,20419.5,20617.9,20419.5,20604.5,1.35986e+09
2019-01-26,20663.9,20746.5,20663.9,20725.3,1.55035e+09
2019-01-27,20753.9,20818.5,20746.5,20746.5,3.15903e+09
2019-01-28,20779,20779,20747.2,20747.2,1.84168e+09
2019-01-29,20778.6,20827.8,20778.6,20827.8,1.35063e+09
2019-01-30,20870,20994.8,20870,20973.1,1.63899e+09
2019-02-02,21059.7,21081.7,20941.5,20941.6,1.56397e+09
2019-02-03,20937.5,20937.5,20600,20597.9,0
2019-02-04,20626.4,20728.2,20626.4,20690.8,1.53124e+09
2019-02-05,20729,20730.7,20682.8,20684.6,1.4999e+09
2019-02-06,20733.4,20808,20733.4,20803.5,1.45243e+09
2019-02-10,20864.8,20891.7,20864.8,20862.4,8.34192e+08
2019-02-12,20910.2,20932,20907.6,20907.6,1.14265e+09
2019-02-13,20971.6,20971.9,20879.2,20879.6,1.35753e+09
2019-02-16,20918.5,20951.7,20862.7,20862.7,1.07399e+09
2019-02-17,20855.6,20855.6,20677.4,20660,9.54711e+08
2019-02-18,20691.9,20791.3,20691.9,20780.7,1.01376e+09
2019-02-19,20831.3,20892.5,20831.3,20863.2,1.07779e+09
2019-02-20,20913,20952.4,20912.8,20941.6,1.33622e+09
2019-02-23,20995.7,21159.7,20995.7,21134.3,2.03426e+09
2019-02-24,21162.3,21217.4,21160.9,21217.4,1.5716e+09
2019-02-25,21269.8,21316.3,21269.8,21309.2,1.61367e+09
2019-02-26,21289.6,21289.6,21237.5,21250,1.362e+09
2019-02-27,21326.7,21458.2,21326.7,21458.1,1.15127e+09
2019-03-02,21521.7,21544.1,21506.6,21534,1.21398e+09
2019-03-03,21569.8,21643.7,21569.8,21631.3,1.38186e+09
2019-03-04,21663.5,21703.3,21651.5,21651.5,1.3768e+09
2019-03-05,21680.2,21695,21593.8,21593.9,1.24677e+09
2019-03-06,21611.5,21647.9,21611.5,21619.7,1.24104e+09
2019-03-09,21630.6,21630.6,21606.3,21593.7,1.35515e+09
2019-03-10,21622.8,21782.3,21622.8,21767.2,1.56253e+09
2019-03-11,21842.8,21919.4,21842.8,21919.2,1.93872e+09
2019-03-12,21959.5,21983.8,21959.5,21953.7,1.53118e+09
2019-03-13,22007.9,22169.8,22007.9,22081,1.742e+09
2019-03-16,22138.1,22318.6,22138.1,22273.5,1.353e+09
2019-03-17,22333.8,22470.3,22333.8,22446.5,1.57245e+09
2019-03-18,22477.5,22727.1,22477.5,22727,1.83355e+09
2019-03-19,22808.7,23021.9,22808.7,23012.1,1.53226e+09
2019-03-25,23050.3,23306.9,23050.3,23306.7,1.02693e+09
2019-03-26,23431.2,23761.7,23431.2,23755.7,1.50395e+09
2019-03-27,23889.8,24015.4,23889.8,24015.3,1.79937e+09
2019-03-30,24116.8,24488.6,24116.8,24488.6,1.85316e+09
2019-03-31,24631,24822.3,24631,24686.6,1.92175e+09
2019-04-06,24782.1,25148.7,24782.1,25147.3,2.03976e+09
2019-04-07,25328.4,25625.2,25328.4,25559.3,3.44816e+09
2019-04-08,25546.2,25646.8,25430.4,25646.8,3.04755e+09
2019-04-09,25723.4,25953.9,25723.4,25952.4,2.91821e+09
2019-04-10,26086.7,26647.7,26086.7,26643.1,3.37157e+09
2019-04-13,26902.2,27161.5,26902.2,27119.8,3.17169e+09
2019-04-14,27215.1,27295.9,27105.6,27295.7,2.69378e+09
2019-04-15,27490.5,27959.8,27490.5,27900.6,7.16947e+09
2019-04-16,27958.1,27958.1,27726.7,27728.9,8.20692e+09
2019-04-17,27583.2,27583.2,27314.1,27516.8,4.8586e+09
2019-04-20,27798.3,28346.5,27798.3,28325.4,3.74062e+09
2019-04-22,28669.6,28747,28391.4,28391.4,6.37193e+09
2019-04-23,28316.5,28333.1,28249.8,28282.2,3.5334e+09
2019-04-24,28391.1,28642.8,28391.1,28642.3,4.98482e+09
2019-04-27,28843.6,29172.4,28843.6,29165.9,4.2991e+09
2019-04-28,29362.5,29666.3,29362.5,29666.3,4.21779e+09
2019-04-29,29910.2,30293.3,29910.2,30293.2,7.25309e+09
2019-04-30,30641.4,30867.8,30572.7,30573.1,5.05914e+09
2019-05-01,30725.4,31111.9,30725.4,31111.6,4.63439e+09
2019-05-04,31412,31973.1,31412,31973.1,6.18503e+09
2019-05-05,32355.9,32495.6,32091,32091,7.64466e+09
2019-05-06,32068.5,32068.5,31196.9,31196.9,5.32985e+09
2019-05-07,30886.2,30886.2,30116.1,30116.7,4.3146e+09
2019-05-08,29778.9,30166.9,29778.9,30151.8,4.74754e+09
2019-05-11,30356,30849.2,30356,30551.6,4.06977e+09
2019-05-12,30584.6,30584.6,29862.2,29932,3.2319e+09
2019-05-13,30081.3,30520.3,30081.3,30500.2,3.37307e+09
2019-05-14,30795.6,31437.7,30795.6,31427.8,4.34042e+09
2019-05-15,31713.7,31842.8,31558.5,31748.9,3.44499e+09
2019-05-18,32041.4,32465.2,32041.4,32439.2,3.59114e+09
2019-05-19,32636.8,32733.4,32602.4,32713.9,3.20147e+09
2019-05-20,32840.2,32840.2,32410,32410,3.46071e+09
2019-05-21,32576,32970.8,32576,32920.7,2.84166e+09
2019-05-22,33185.4,33350.7,33185.4,33307.3,2.6523e+09
2019-05-25,33488.5,33524.1,33396.9,33501.9,2.22497e+09
2019-05-26,33827.4,34369.5,33827.4,34345.7,2.98544e+09
2019-05-28,34740.3,35171.2,34740.3,35081,4.30721e+09
2019-05-29,35386,35514.6,35386,35393.1,4.02789e+09
2019-06-01,35395.5,35395.5,35041.5,35245.5,4.9716e+09
2019-06-02,35427.6,36067.1,35427.6,35997.3,4.45453e+09
2019-06-03,36342.2,36948.4,36342.2,36862.7,4.68404e+09
2019-06-08,37117.2,37471.7,37086.2,37441.4,3.40457e+09
2019-06-09,37791.9,38503,37791.9,38459.1,3.59174e+09
2019-06-10,38910.8,39260.2,38910.8,39059.1,4.5985e+09
2019-06-11,39230,39328.8,38944.5,39315.1,4.5154e+09
2019-06-12,39727.9,40101.1,39727.9,39885.3,5.70071e+09
2019-06-15,39677.4,39806.1,39464.7,39736.9,4.64775e+09
2019-06-16,39948.6,40260.8,39849,39849,4.89846e+09
2019-06-17,39771.2,39771.2,39255.7,39255.7,2.99204e+09
2019-06-18,39246.3,39550.2,39128.6,39128.6,3.57154e+09
2019-06-19,39151.5,39151.5,38496.3,38496.3,3.22025e+09
2019-06-22,38338.5,38338.5,37828.7,37839.4,2.54885e+09
2019-06-23,37960.2,38597.2,37960.2,38563.5,2.61839e+09
2019-06-24,38892.4,39431,38892.4,39419.3,3.15038e+09
2019-06-25,39654.7,39691.1,39464.7,39589.3,3.23647e+09
2019-06-26,39806.1,39947.2,39806.1,39839.3,3.60748e+09
2019-06-30,40100.6,40196.2,39994,39994,3.07732e+09
2019-07-01,40083.8,40083.8,39838.1,39904.9,2.70327e+09
2019-07-02,40078.5,40391.6,40078.5,40365.2,2.52839e+09
2019-07-03,40662.7,40881.9,40662.7,40798.6,2.92572e+09
2019-07-06,41009.3,41009.3,40539.5,40539.5,2.71781e+09
2019-07-07,40664.4,40912.3,40664.4,40864.9,2.26397e+09
2019-07-08,41204.4,41729.6,41204.4,41708.7,3.23925e+09
2019-07-09,41989.9,41989.9,41723.9,41786,2.95517e+09
2019-07-10,41972.9,42065.6,41972.9,42002.4,2.85019e+09
2019-07-13,42092.7,42135.5,42039,42039,3.48236e+09
2019-07-14,42177.3,42396.7,42177.3,42270.9,2.84858e+09
2019-07-15,42411.7,42519.8,41985.8,41985.8,2.58755e+09
2019-07-16,41947.8,41947.8,40694.6,40694.6,2.53573e+09
2019-07-17,40398.1,40689.8,40286.5,40544.7,2.79733e+09
2019-07-20,40591.2,40667.3,40332.6,40332.6,2.51145e+09
2019-07-21,40397.9,40606.3,40397.9,40526.4,1.45158e+09
2019-07-22,40716.3,40841.6,40644.1,40644.1,1.7193e+09
2019-07-23,40717.6,40717.6,39945,39945,1.45344e+09
2019-07-24,39985.4,40247.5,39985.4,40217.1,1.32536e+09
2019-07-27,40452.1,40590.6,40452.1,40524.3,1.69998e+09
2019-07-28,40650.5,40728.7,40650.5,40679.9,1.94613e+09
2019-07-29,40813.6,40820.4,40665.5,40667.5,1.74607e+09
2019-07-30,40786,41031.9,40786,41031.8,1.5913e+09
2019-07-31,41191.1,41649.3,41191.1,41578.8,2.03822e+09
2019-08-03,41804,42015.1,41804,41978.9,1.77914e+09
2019-08-04,42278.7,42624.1,42278.7,42624,2.22249e+09
2019-08-05,43016.9,43272.6,43016.9,43266.3,2.31586e+09
2019-08-06,43627.3,43653.1,43441.6,43450.5,2.77915e+09
2019-08-07,43702.8,43922.5,43702.8,43795.3,2.8151e+09
2019-08-10,44055.8,44180,44055.8,44166.8,2.42788e+09
2019-08-11,44377.1,44552.4,44377.1,44532.1,2.63866e+09
2019-08-13,44767.9,45016.1,44767.9,45015.4,3.14907e+09
2019-08-14,45379.5,45793,45379.5,45757.7,2.94592e+09
2019-08-17,46030.3,46209.9,46009.1,46204.9,3.30438e+09
2019-08-18,46484.2,46526.2,46460,46460,2.95981e+09
2019-08-19,46747.7,47227.7,46747.7,47227.6,2.87044e+09
2019-08-21,47667.9,48339.8,47667.9,48339.8,2.94481e+09
2019-08-24,48867.3,49546,48867.3,49462.5,4.95142e+09
2019-08-25,49968.8,49990.8,49185.9,49348.8,4.95252e+09
2019-08-26,49792.1,50832.8,49792.1,50832.8,4.06745e+09
2019-08-27,51456.5,51873.5,51456.5,51589.6,3.99827e+09
2019-08-28,51161.1,51487.3,50555.6,51487.3,3.4568e+09
2019-08-31,52038.4,52833.6,52038.4,52279.2,4.28652e+09
2019-09-01,52257.2,52360.3,52049.8,52341.4,3.73085e+09
2019-09-02,52542,52542,51537.5,51542.9,3.8362e+09
2019-09-03,51514.7,51846.4,51446.4,51846.4,2.86132e+09
2019-09-04,52197.5,53019.4,52197.5,53019.3,2.87412e+09
2019-09-07,53492,54146.6,53492,54146.6,3.27884e+09
2019-09-08,54685.8,55025.3,54685.8,54966.4,3.56649e+09
2019-09-11,55369.4,55894.9,55369.4,55894.9,3.96999e+09
2019-09-14,56502.2,57057,56502.2,57037.2,7.22277e+09
2019-09-15,57347.4,57347.4,56639.2,57071.9,6.42062e+09
2019-09-16,57657.1,58398.8,57657.1,58143.7,6.98297e+09
2019-09-17,58217.1,58217.1,57596.5,57815.3,9.76773e+09
2019-09-18,57680.3,57680.3,56338.1,56395.4,5.01743e+09
2019-09-21,56530.1,57432.7,56530.1,57412.1,3.68268e+09
2019-09-22,58083.3,58810.3,58083.3,58808.2,4.03921e+09
2019-09-23,59464.8,60296.7,59464.8,60258.1,5.03808e+09
2019-09-24,60764.2,60958,60480.8,60480.8,4.57277e+09
2019-09-25,60720.4,61284,60720.4,61284,4.3157e+09
2019-09-28,62148.7,62899.8,62148.7,62899.7,4.24604e+09
2019-09-29,63620.1,63620.1,62922.5,63035.5,7.2867e+09
2019-09-30,63698.6,64448.7,63698.6,64393.8,5.81959e+09
2019-10-01,65171.4,65369.8,64814.4,64814.4,8.38393e+09
2019-10-02,64439.8,64570.4,63849.5,64535.3,6.59149e+09
2019-10-05,65161.2,65740.8,65161.2,65184,5.85708e+09
2019-10-06,64995.1,64995.1,63736,63876.8,5.06695e+09
2019-10-07,64166.4,64640.4,63912.7,63912.7,4.78856e+09
2019-10-08,63922.1,63922.1,62290.7,62291.1,4.39277e+09
2019-10-09,61421.4,61421.4,60732.4,61116.2,3.77391e+09
2019-10-12,61646.6,62472.3,61646.6,62295,3.67384e+09
2019-10-13,62645.5,62869.8,61975.6,61975.6,3.13312e+09
2019-10-14,61669.9,61669.9,60064.8,60064.8,2.63615e+09
2019-10-15,59761.9,59761.9,58075.7,58075.8,3.16271e+09
2019-10-16,57305.7,57305.7,56652.1,56652.1,3.2257e+09
2019-10-20,56216.7,56216.7,54942.7,54942.7,2.59764e+09
2019-10-21,54413.3,54413.3,53682.8,53805.7,2.89255e+09
2019-10-22,54131.9,55223.2,54131.9,54848.3,3.01487e+09
2019-10-23,54916.6,54916.6,54054.4,54064.1,2.27171e+09
2019-10-26,54015.6,54015.6,53560.7,53621.2,1.88847e+09
2019-10-28,53814.9,54816.4,53814.9,54816.3,2.22489e+09
2019-10-30,55369.2,56568.6,55369.2,56546.3,2.11345e+09
2019-11-02,57284.7,57448.2,56878,56899.9,2.8324e+09
2019-11-03,57068.8,57634.6,57005.8,57574.3,3.39474e+09
2019-11-04,57773.8,57773.8,57047,57047.1,2.74083e+09
2019-11-05,57035.3,57380.1,56729.4,57296.3,2.27083e+09
2019-11-09,57606.1,57921.4,57606.1,57672.7,2.39607e+09
2019-11-10,57872.4,57872.4,57060.8,57062.6,2.1062e+09
2019-11-11,57217.8,57580.4,57217.8,57580.3,2.05054e+09
2019-11-12,57986.1,58686.9,57986.1,58684.7,2.25305e+09
2019-11-13,58971.2,59143.8,58970,59143.8,2.07315e+09
2019-11-16,59464,59464,58987.1,58987.1,2.45331e+09
2019-11-17,58114,58114,57127.7,57127.7,2.92938e+09
2019-11-18,56464.5,56985.5,56335.8,56978.9,1.87879e+09
2019-11-19,57214,58034.9,57214,58031.3,1.76204e+09
2019-11-20,58261,58685,58261,58684.5,1.75096e+09
2019-11-23,59047.2,59481.4,59047.2,59240.5,2.03245e+09
2019-11-24,59530.9,59703.2,59405.5,59702.9,2.6033e+09
2019-11-25,60141.3,61148.4,60141.3,61148.4,2.83197e+09
2019-11-26,61694,61919.6,61694,61752.8,2.935e+09
2019-11-27,61943.9,62092,61788.5,62092,2.36091e+09
2019-11-30,62588.1,63388.2,62588.1,63388.1,3.02781e+09
2019-12-01,63960.3,64523.1,63960.3,64523.1,3.34274e+09
2019-12-02,65138.9,65401.1,64565.3,64565.3,3.80558e+09
2019-12-03,64671.5,65139.1,64437.7,65138.6,2.67876e+09
2019-12-04,65680.2,66366.2,65680.2,66365.4,2.85296e+09
2019-12-07,67140.6,67759.4,67140.6,67532.4,3.53981e+09
2019-12-08,68002.5,68693.1,67957.3,68693.1,4.31098e+09
2019-12-09,69265.5,69615.1,69265.5,69615.1,3.94876e+09
2019-12-10,70107.1,70571.3,70107.1,70245.3,5.33532e+09
2019-12-11,69841.4,70297.8,69486.1,70296.4,3.16258e+09
2019-12-14,70895.7,71621.2,70895.7,71621.1,3.43096e+09
2019-12-15,72459.7,72705.3,71968.5,71968.5,4.08302e+09
2019-12-16,72199.7,72548,72113.9,72548,3.32304e+09
2019-12-17,73193.7,73708.9,73193.7,73646.7,4.19196e+09
2019-12-18,74117.6,74117.6,73936,74090,4.33861e+09
2019-12-21,74582.5,74959.3,74582.5,74726.5,4.25442e+09
2019-12-22,75072.3,75371.3,75019.9,75370.7,4.011e+09
2019-12-23,75877.8,76620.6,75203,75203,6.17509e+09
2019-12-24,75352.6,75897.7,75296,75855.2,3.51414e+09
2019-12-25,76395.3,76449.3,76148.1,76333.6,4.08419e+09
2019-12-28,77325.4,78290,77325.4,78248.8,5.01087e+09
2019-12-29,78954.1,78954.1,78283.1,78919.7,4.65495e+09
2019-12-30,79698.4,80386.1,79698.4,80381.8,4.80529e+09
2019-12-31,81176.5,81176.5,79978.6,80121.6,5.65208e+09
2020-01-01,80576.6,81429.6,80576.6,81134,4.57855e+09
2020-01-04,79940.8,79940.8,77929.8,77929.9,6.45675e+09
2020-01-05,76514.2,76514.2,75558.6,75566.5,5.46258e+09
2020-01-07,74567.7,74567.7,73194.9,73195,4.51998e+09
2020-01-08,72946,73025.8,72241.7,72241.8,4.82195e+09
2020-01-11,72821.9,73444.4,72821.9,73436.2,1.38914e+09
2020-01-12,75207.7,76494.9,75207.7,76494.9,4.75151e+09
2020-01-13,78191.9,79441.4,78191.9,79404.8,6.40109e+09
2020-01-14,80765.6,80878.8,80283.5,80516.1,5.75304e+09
2020-01-15,80829.3,81469.2,80454.1,81430.7,5.16983e+09
2020-01-18,82764.1,84359.5,82764.1,84092.6,8.64968e+09
2020-01-19,84448.7,84632.1,83493,84601.9,5.88266e+09
2020-01-20,85222.6,85471.7,84973.7,85455.5,5.69751e+09
2020-01-21,86355.1,86485.8,86337.7,86337.7,6.26194e+09
2020-01-22,86852.9,87959,86751.6,87958.7,4.8111e+09
2020-01-25,89523.6,90421.2,89523.6,90421.2,4.95815e+09
2020-01-26,92204,92490.7,91616.1,91616.3,7.64999e+09
2020-01-27,91720,92260.4,90968.3,92217.9,6.20775e+09
2020-01-28,92868.7,93583.2,92868.7,93369.8,4.91265e+09
2020-02-01,94254,94259.4,93529.8,93529.8,8.35922e+09
2020-02-02,93804.3,94637.7,93386.3,94624.6,7.16835e+09
2020-02-03,95805,97121.3,95805,97079.4,6.84816e+09
2020-02-04,98123.7,98131.4,96750.4,96750.4,9.87543e+09
2020-02-05,97002.4,97765.8,96880,97765.6,7.44697e+09
2020-02-08,99292.7,99468.5,98116.8,98116.8,9.27621e+09
2020-02-09,98203.6,98391.1,97883.1,98353.8,5.15159e+09
2020-02-10,99171,99171,96734.8,96923,5.79497e+09
2020-02-12,97660.4,99503.3,97660.4,99326.7,6.41229e+09
2020-02-15,100810,101052,99934.3,100061,5.77667e+09
2020-02-16,100960,101679,100960,101626,6.22945e+09
2020-02-17,102806,102816,101766,101766,5.9658e+09
2020-02-18,101940,101940,100759,101427,4.79796e+09
2020-02-19,102440,103781,102440,103706,4.66294e+09
2020-02-22,101554,104752,101415,104728,6.04453e+09
2020-02-23,106728,108856,106728,108771,4.6821e+09
2020-02-24,111155,111317,110449,110667,5.04981e+09
2020-02-25,112441,113803,112441,113803,7.26413e+09
2020-02-26,116339,116896,115370,115370,7.16094e+09
2020-02-29,113260,113260,111989,112899,5.74101e+09
2020-03-01,113891,116150,113891,116124,4.94377e+09
2020-03-02,116836,119099,116836,119099,6.07081e+09
2020-03-03,119823,121799,119823,121799,4.90175e+09
2020-03-04,122504,123975,122504,123975,6.50642e+09
2020-03-07,123938,123938,122800,122800,4.70309e+09
2020-03-09,122350,122350,120437,120437,3.29926e+09
2020-03-10,119838,119838,118413,118413,4.70207e+09
2020-03-11,118395,119228,118395,119071,5.07061e+09
2020-03-14,119272,119272,116911,116914,4.00074e+09
2020-03-15,116404,116404,114689,114703,4.76177e+09
2020-03-16,114766,116208,114766,116207,4.54116e+09
2020-03-17,116406,116445,115433,115619,3.26061e+09
2020-03-18,115982,117815,115982,117812,4.05412e+09
2020-03-24,118075,119115,118075,118856,3.96621e+09
2020-03-25,119195,122069,119195,122069,4.35596e+09
2020-03-28,122720,125537,122720,125537,4.89411e+09
2020-03-29,126371,129069,126371,129052,8.24308e+09
2020-03-30,129445,129870,128910,129869,7.14821e+09
2020-04-04,130676,133784,130676,133654,6.42396e+09
2020-04-05,134431,135981,134431,135961,6.96455e+09
2020-04-06,136446,136521,135887,136401,6.90669e+09
2020-04-07,136840,139260,136840,139233,6.08848e+09
2020-04-08,139921,142232,139921,142232,6.42086e+09
2020-04-11,142618,143400,142355,143329,6.37288e+09
2020-04-12,143657,146252,143657,146161,6.64804e+09
2020-04-13,146678,147051,146100,146100,5.8692e+09
2020-04-14,145755,145759,144646,145749,5.39989e+09
2020-04-15,146429,150010,146429,150008,1.21157e+10
2020-04-18,151277,155310,151277,155273,4.08488e+09
2020-04-19,156656,158835,156656,158319,1.06004e+10
2020-04-20,158368,161083,158368,161066,6.77143e+09
2020-04-21,161941,164023,161941,163649,6.76172e+09
2020-04-22,164332,167960,164332,167526,5.82869e+09
2020-04-25,169258,174180,169258,173515,3.26601e+09
2020-04-26,175265,177975,175265,177708,8.72099e+09
2020-04-27,178794,180571,178759,180570,7.00215e+09
2020-04-28,181646,183814,181646,183737,6.38569e+09
2020-04-29,184858,189836,184858,189697,4.4298e+09
2020-05-02,192111,197989,192111,197799,3.55812e+09
2020-05-03,200092,207397,200092,205804,5.24869e+09
2020-05-04,205845,207171,204811,207118,9.43054e+09
2020-05-05,208194,208689,205928,205991,1.84391e+10
2020-05-06,205972,205972,203416,204450,1.22009e+10
2020-05-09,205768,212095,205768,211912,6.11817e+09
2020-05-10,213509,215919,213509,215539,5.9087e+09
2020-05-11,216450,216512,215020,215392,6.99847e+09
2020-05-12,215116,215116,210999,211033,2.20253e+10
2020-05-13,209969,210268,208778,209534,1.62573e+10
2020-05-16,209497,209497,205242,205589,5.49866e+09
2020-05-17,204457,204457,202739,203241,1.03681e+10
2020-05-18,204655,208406,204655,208344,1.14418e+10
2020-05-19,210008,212788,210008,212675,8.73052e+09
2020-05-20,213756,214102,212991,213223,9.26523e+09
2020-05-23,213193,213209,210704,210744,1.13597e+10
2020-05-26,209941,209941,206801,206801,7.37747e+09
2020-05-27,205455,206524,205060,206524,1.11525e+10
2020-05-30,206617,211113,206617,211054,7.10481e+09
2020-05-31,211786,212766,210630,210630,1.22115e+10
2020-06-01,210704,212697,210684,212681,8.80159e+09
2020-06-02,213732,218689,213732,218610,1.04972e+10
2020-06-06,220693,225472,220693,225417,8.91996e+09
2020-06-07,227973,234061,227973,234024,6.65929e+09
2020-06-08,235017,236651,234625,235788,1.04301e+10
2020-06-09,235836,237401,235836,237380,9.10459e+09
2020-06-10,238518,243333,238518,243286,1.01903e+10
2020-06-13,245925,249912,245925,249869,7.40996e+09
2020-06-14,251879,251879,250287,251417,1.2623e+10
2020-06-15,252882,257205,252882,257166,7.82558e+09
2020-06-16,258596,263389,258596,263357,6.26003e+09
2020-06-20,266110,270286,266110,270251,5.97916e+09
2020-06-21,272157,272157,271152,271456,1.11575e+10
2020-06-22,272450,276806,272450,276684,8.99557e+09
2020-06-23,279339,284675,279339,284012,6.4101e+09
2020-06-24,283013,285045,282181,285042,5.86657e+09
2020-06-27,287642,291491,287642,291344,5.38498e+09
2020-06-28,294131,294131,290251,290251,1.56976e+10
2020-06-29,289029,289029,285291,286628,1.19659e+10
2020-06-30,288641,298685,288641,298604,5.42373e+09
2020-07-01,302055,307384,302055,307328,9.7424e+09
2020-07-04,308858,310762,306013,306087,1.35172e+10
2020-07-05,306138,309643,304410,309522,9.07616e+09
2020-07-06,311120,318837,311120,318310,5.96064e+09
2020-07-07,319374,320435,317223,318005,8.76905e+09
2020-07-08,318485,318485,315072,315079,1.4499e+10
2020-07-11,312826,312826,308144,310176,9.08548e+09
2020-07-12,311763,320440,311763,319776,1.02272e+10
2020-07-13,319637,319637,316437,317445,1.14468e+10
2020-07-14,317799,318251,316143,316457,8.35959e+09
2020-07-15,315642,317286,314584,316539,1.3502e+10
2020-07-18,316316,321077,316316,320784,7.16543e+09
2020-07-19,321507,330454,321507,329519,1.26566e+10
2020-07-20,331691,337408,331691,336811,7.90872e+09
2020-07-21,336899,336899,332913,333400,7.83564e+09
2020-07-22,332661,332661,329513,330375,6.60809e+09
2020-07-25,332879,334970,332879,334726,8.97613e+09
2020-07-26,335361,335675,332573,332949,8.08088e+09
2020-07-27,331790,331790,329116,330358,1.3329e+10
2020-07-28,330851,334229,330851,332861,1.30798e+10
2020-07-29,332930,333125,331802,332996,9.36341e+09
2020-08-01,333830,340182,333830,340118,9.99808e+09
2020-08-02,340118,345953,340118,345867,1.26089e+10
2020-08-03,345875,347101,345049,345196,7.97564e+09
2020-08-04,345622,346341,345622,346325,1.15563e+10
2020-08-05,347743,349135,347743,349027,9.24666e+09
2020-08-09,352059,352498,349894,350069,8.35715e+09
2020-08-10,350660,350660,344279,344415,1.10267e+10
2020-08-11,342081,342081,337443,337579,6.1835e+09
2020-08-12,338424,341151,335831,335998,1.22733e+10
2020-08-15,334664,334664,328703,328847,5.56045e+09
2020-08-16,327254,327254,321826,321876,4.65256e+09
2020-08-17,320108,320108,319302,320016,1.30661e+10
2020-08-18,321679,324926,321679,322447,1.10529e+10
2020-08-19,321537,321537,316051,316106,3.92486e+09
2020-08-22,316228,316524,311239,311239,8.79197e+09
2020-08-23,309552,309552,305134,305135,5.50738e+09
2020-08-24,303110,303110,299268,299284,9.71218e+09
2020-08-25,298519,299151,297729,299051,8.35382e+09
2020-08-26,301001,306332,301001,306289,3.5324e+09
2020-08-31,309032,309299,303363,303370,1.48419e+10
2020-09-01,302156,302156,298985,298985,4.77976e+09
2020-09-02,297519,297519,294644,294649,3.84973e+09
2020-09-05,293807,293807,291934,291934,9.32476e+09
2020-09-06,292072,292072,289646,289646,9.06289e+09
2020-09-07,288662,288662,286401,286401,3.8022e+09
2020-09-08,285597,285597,283390,283390,8.54554e+08
2020-09-09,282501,282501,279897,279897,1.13144e+10
2020-09-12,280148,280794,279598,279598,4.76518e+09
2020-09-13,279284,279284,277374,277374,8.29617e+09
2020-09-14,277163,277204,276923,277195,7.006e+09
2020-09-15,278350,281093,278350,280610,7.40082e+09
2020-09-16,282072,283445,281986,281987,1.431e+10
2020-09-19,281385,281385,280320,280328,1.00781e+10
2020-09-20,279910,279910,276645,276647,5.18039e+09
2020-09-21,275436,275436,272587,272587,2.68298e+09
2020-09-22,271996,271996,270533,270592,9.71737e+09
2020-09-23,270856,271912,270856,270921,1.06844e+10
2020-09-26,271175,271515,270284,270284,6.24927e+09
2020-09-27,269695,269695,267127,267127,2.90581e+09
2020-09-28,266471,266471,263596,263596,1.41245e+09
2020-09-29,263017,263017,261062,261062,8.87375e+09
2020-09-30,261092,261106,260423,260524,8.10235e+09
2020-10-03,260739,262559,260739,262547,6.39498e+09
2020-10-04,263229,263229,261245,261245,1.32101e+10
2020-10-05,260454,260454,259370,259975,8.48548e+09
2020-10-06,260659,263486,260659,263486,5.57355e+09
2020-10-07,264460,266810,264460,266810,7.40188e+09
2020-10-10,267311,269032,267265,268981,6.25912e+09
2020-10-11,270214,274740,270214,274533,1.17689e+10
2020-10-12,274200,274731,272864,272864,1.5161e+10
2020-10-13,272720,272848,271320,271525,1.07221e+10
2020-10-14,271557,271557,269863,269903,5.8842e+09
2020-10-18,269650,269650,266287,266287,3.33734e+09
2020-10-19,265456,265456,262495,262495,1.48491e+09
2020-10-20,261839,261839,258735,258735,3.40125e+09
2020-10-21,258926,259494,258025,258026,1.01705e+10
2020-10-24,257634,257634,254906,254906,2.56901e+09
2020-10-26,254076,254076,251732,251732,6.00006e+09
2020-10-27,251345,251345,248957,248991,4.61891e+09
2020-10-28,248088,248088,246905,246906,5.61064e+09
2020-10-31,247177,248281,247177,247792,6.50443e+09
2020-11-01,247605,247605,245576,245576,4.95663e+09
2020-11-02,245131,245131,244116,244116,5.21616e+09
2020-11-04,244202,245545,244202,245541,5.26844e+09
2020-11-07,244982,244982,243337,243373,5.54161e+09
2020-11-08,242720,242720,241577,241604,1.1016e+09
2020-11-09,241118,241118,239757,239757,6.62097e+09
2020-11-10,239919,240215,238966,238974,8.21424e+09
2020-11-11,239230,239320,238790,239052,8.5544e+09
2020-11-14,239566,242018,239566,242018,4.12285e+09
2020-11-15,242980,243490,242062,242066,1.6101e+10
2020-11-16,241759,242494,241663,242422,8.79879e+09
2020-11-17,243003,245433,243003,245382,8.6634e+09
2020-11-18,246601,249771,246601,249702,6.54965e+09
2020-11-21,251079,251757,250951,251196,1.9667e+10
2020-11-22,250775,250775,249144,250606,1.7107e+10
2020-11-23,251144,253830,251144,253812,1.1225e+10
2020-11-24,254886,256590,254886,255757,2.15027e+10
2020-11-25,255880,258737,255842,258739,1.44632e+10
2020-11-28,259608,262929,259608,262929,1.72816e+10
2020-11-29,264618,269023,264618,269029,1.58143e+10
2020-11-30,270546,273575,270546,273578,1.43348e+10
2020-12-01,273511,274963,273015,274948,1.2742e+10
2020-12-02,275301,277618,275301,277098,1.3833e+10
2020-12-05,277735,282795,277735,282793,1.06653e+10
2020-12-06,284960,289517,284960,289483,1.24907e+10
2020-12-07,290104,291849,289913,289911,2.18089e+10
2020-12-08,290374,291277,289673,290961,1.37223e+10
2020-12-09,292106,295289,292106,295283,1.07985e+10
2020-12-12,297466,300393,297466,299288,1.45934e+10
2020-12-13,299159,299159,297789,298712,1.16442e+10
2020-12-14,299316,299836,295852,295855,1.4085e+10
2020-12-15,293836,293836,288815,288823,6.5215e+09
2020-12-16,286565,286565,285001,285667,1.24186e+10
2020-12-19,287141,291455,287141,291464,1.00537e+10
2020-12-20,293187,293687,292503,293145,9.046e+09
2020-12-21,293236,296172,293083,296146,9.01627e+09
2020-12-22,297070,301360,297070,301371,1.06094e+10
2020-12-23,303173,306677,303173,306675,9.4793e+09
2020-12-26,308089,309985,308089,309893,8.82969e+09
2020-12-27,310382,310469,309002,309050,9.96398e+09
2020-12-28,309282,309282,307072,307089,8.17562e+09
2020-12-29,307109,307109,304194,304663,8.23092e+09
2020-12-30,304990,305085,303533,303533,7.84008e+09
2021-01-02,302957,302957,297943,297944,6.06558e+09
2021-01-03,297511,298767,297426,298292,8.92508e+09
2021-01-04,299587,302728,299587,302731,8.79175e+09
2021-01-05,303733,304623,303733,304628,8.90461e+09
2021-01-06,304986,304986,301208,301479,8.50325e+09
2021-01-09,301737,302453,300978,300924,1.0288e+10
2021-01-10,302208,305403,302208,305402,8.67353e+09
2021-01-11,306581,307519,306581,307174,9.67961e+09
2021-01-12,307376,307376,303138,303086,6.82816e+09
2021-01-13,301757,301757,297585,297607,1.02502e+10
2021-01-16,296963,296963,290855,290846,7.77206e+09
2021-01-18,289331,289331,285661,285857,3.47428e+09
2021-01-19,284810,284810,281628,281508,1.03653e+10
2021-01-20,281556,283579,281556,283278,5.19551e+09
2021-01-23,284341,288022,284341,288024,4.73716e+09
2021-01-24,289586,290990,286181,286184,1.56816e+10
2021-01-25,285501,285501,282818,282820,9.11661e+09
2021-01-26,282940,282940,279180,279184,7.45737e+09
2021-01-27,278414,278414,277234,277714,8.64307e+09
2021-01-30,278589,282514,278589,282518,5.54735e+09
2021-01-31,284137,284759,282225,282236,1.23357e+10
2021-02-01,281940,281940,280981,280988,8.0874e+09
2021-02-02,280727,280727,279520,279627,1.11587e+10
2021-02-03,280238,280447,276747,276738,8.05384e+09
2021-02-06,276227,276227,272046,272053,5.82291e+09
2021-02-07,271792,275305,271792,275313,5.25043e+09
2021-02-08,276350,276477,274737,274740,1.0987e+10
2021-02-09,274694,276684,274577,276680,7.65688e+09
2021-02-13,278997,284893,278997,284898,6.81202e+09
2021-02-14,286198,286658,285853,285857,1.1019e+10
2021-02-15,285713,286033,285707,285899,5.87408e+09
2021-02-16,286222,286422,286163,286348,3.64649e+09
2021-02-17,286692,287092,286692,286931,3.46515e+09
2021-02-20,287201,287328,286514,286511,3.19892e+09
2021-02-21,286354,286354,285758,285656,1.14639e+09
2021-02-22,285617,285617,284953,284952,1.59035e+09
2021-02-23,284795,284871,284300,284306,5.86056e+09
2021-02-24,284358,284393,283838,283773,3.22576e+09
2021-02-27,283745,283745,283113,283123,1.82223e+09
2021-02-28,283111,283114,282451,282463,1.05741e+09
2021-03-01,282227,282238,281827,281832,3.33199e+09
2021-03-02,281933,282419,281933,281968,4.49866e+09
2021-03-03,282097,282097,281720,281704,2.71313e+09
2021-03-06,281776,281818,281488,281495,1.9754e+09
2021-03-07,281617,281624,281386,281266,4.42361e+09
2021-03-08,281410,282076,281410,282040,6.66418e+09
2021-03-09,282198,282669,282198,282051,6.03821e+09
2021-03-10,281928,281928,281690,281667,2.85811e+09
2021-03-13,281730,282645,281718,282588,5.81163e+09
2021-03-14,282839,283432,282839,283262,7.95574e+09
2021-03-15,283150,283681,283105,283516,5.72869e+09
2021-03-16,283561,285530,283561,285481,6.83221e+09
2021-03-17,285931,286711,285931,286534,5.26713e+09
2021-03-27,286741,287852,286741,287858,6.01649e+09
2021-03-28,288133,288461,288007,288326,4.23745e+09
2021-03-30,288323,288582,288322,288513,3.06302e+09
2021-03-31,288689,288801,288386,288388,2.42065e+09
2021-04-03,288291,288291,287388,287392,1.43858e+09
2021-04-04,287254,287254,286608,286611,8.33647e+08
2021-04-05,286498,286498,285995,285996,2.74509e+09
2021-04-06,285996,286004,285345,285602,2.78703e+09
2021-04-07,285498,285498,284783,284735,1.06864e+09
2021-04-10,284654,284654,284123,284100,5.88397e+08
2021-04-11,284043,284043,283557,283566,1.26521e+09
2021-04-12,283457,283457,283127,283139,2.40903e+09
2021-04-13,283378,283678,283377,283480,5.63102e+09
2021-04-14,283442,283442,282952,282928,2.98008e+09
2021-04-17,282833,282833,282198,282120,8.8561e+08
2021-04-18,281987,281987,281533,281537,6.29874e+08
2021-04-19,281446,281446,281067,281076,2.26594e+09
2021-04-20,281076,281087,280959,281018,4.42492e+09
2021-04-21,280906,280906,279597,279960,2.01143e+09
2021-04-24,279829,279829,279024,279307,1.49063e+09
2021-04-25,279277,279277,278692,278700,1.21677e+09
2021-04-26,278652,278652,278129,278140,3.05684e+09
2021-04-27,278136,278403,278099,278258,4.98386e+09
2021-04-28,278241,278496,278121,278134,5.43714e+09
2021-05-01,278101,278101,277087,277097,3.70177e+09
2021-05-02,276958,276958,276317,276320,2.04146e+09
2021-05-03,276228,276228,275365,275198,1.5893e+09
2021-05-05,275083,275216,275083,274932,3.57378e+09
2021-05-08,274946,274952,274388,274253,1.8955e+09
2021-05-09,274177,274177,273468,273467,2.04188e+09
2021-05-10,273339,273339,271948,272088,4.47185e+09
2021-05-11,272207,272677,272207,272088,4.49527e+09
2021-05-12,272295,272413,271176,271085,3.67239e+09
2021-05-15,270810,270810,269160,269018,3.04041e+09
2021-05-16,268645,268645,266291,266241,4.76808e+09
2021-05-17,266031,266031,263560,263279,3.95163e+09
2021-05-18,263009,263009,260822,260790,3.96663e+09
2021-05-19,260572,260572,257011,256974,2.83761e+09
2021-05-22,256515,256515,253803,253633,3.14085e+09
2021-05-23,253187,253187,251076,251001,2.73687e+09
2021-05-24,250672,250672,247768,247744,3.10036e+09
2021-05-25,247552,248005,245200,247416,3.82884e+09
2021-05-26,247515,247862,247515,247438,3.18757e+09
2021-05-29,247688,249136,247688,248860,5.19203e+09
2021-05-30,249270,250179,248796,248749,6.54453e+09
2021-05-31,248466,248466,247113,247095,4.23136e+09
2021-06-01,246933,246933,246045,245958,3.86703e+09
2021-06-02,245985,246560,245985,246384,4.34823e+09
2021-06-07,246735,247543,246735,247414,4.34669e+09
2021-06-08,247711,248656,247488,247380,7.22389e+09
2021-06-09,247138,247138,245316,245025,5.2829e+09
2021-06-12,245089,245118,243549,243494,4.3861e+09
2021-06-13,243350,243350,242709,242642,4.2855e+09
2021-06-14,242736,243131,242056,242055,5.29176e+09
2021-06-15,242095,242095,240159,240124,6.21163e+09
2021-06-16,239949,239949,238332,238147,4.46052e+09
2021-06-19,238158,238378,238050,238125,4.94427e+09
2021-06-20,238318,238391,237538,237537,5.70259e+09
2021-06-21,237500,237625,237110,237448,6.85516e+09
2021-06-22,237828,239474,237828,239345,6.92206e+09
2021-06-23,239817,241709,239817,241579,8.9191e+09
2021-06-26,241984,244442,241984,244082,7.29419e+09
2021-06-27,244222,245438,244061,244990,7.95831e+09
2021-06-28,245202,245202,244629,244825,7.72693e+09
2021-06-29,244968,245597,244933,244948,6.45914e+09
2021-06-30,245284,246005,245238,245829,6.15233e+09
2021-07-03,246061,246450,244977,244876,6.30832e+09
2021-07-04,244639,244639,243847,244143,5.32941e+09
2021-07-05,244546,246952,244546,246784,5.79197e+09
2021-07-06,247708,250084,247708,250074,6.46462e+09
2021-07-07,250289,250895,250074,250333,5.66086e+09
2021-07-10,250542,250635,249849,250105,5.27653e+09
2021-07-11,250406,253367,250406,253297,6.74379e+09
2021-07-12,254067,256162,254067,254974,6.66486e+09
2021-07-13,255113,255510,254772,254572,6.6769e+09
2021-07-14,254744,255431,254744,255351,6.35577e+09
2021-07-17,256213,256798,255969,255696,7.53126e+09
2021-07-18,255780,255780,254259,254080,6.78217e+09
2021-07-19,254322,255820,254322,255640,4.37832e+09
2021-07-26,256403,256739,256258,255542,4.01561e+09
2021-07-27,255716,255716,251563,251492,4.90851e+09
2021-07-28,251394,251830,250759,250761,5.44209e+09
2021-07-31,251179,253527,251179,253370,6.71825e+09
2021-08-01,253884,254476,253784,254076,6.20105e+09
2021-08-02,254386,254476,253343,253364,5.72166e+09
2021-08-03,253543,253543,253113,253193,6.42204e+09
2021-08-04,253682,254821,253682,254787,7.2946e+09
2021-08-07,255621,256323,255415,255414,6.95954e+09
2021-08-08,255786,257648,255786,257647,5.93507e+09
2021-08-09,258407,260781,258407,260777,8.10975e+09
2021-08-10,261455,264203,261455,264202,8.16255e+09
2021-08-11,265179,267233,265179,266706,8.98183e+09
2021-08-14,267433,267857,266518,266841,1.17031e+10
2021-08-15,267099,270392,267099,270383,8.86171e+09
2021-08-22,271645,275447,271645,275252,1.13475e+10
2021-08-23,276442,277840,275543,277729,1.02696e+10
2021-08-24,279135,284735,279135,284722,9.73677e+09
2021-08-25,286197,287928,286197,287964,1.05796e+10
2021-08-28,289946,295000,289946,294999,1.03108e+10
2021-08-29,297263,297515,295005,295002,1.44553e+10
2021-08-30,292249,292249,286685,286703,1.12278e+10
2021-08-31,283187,283187,279022,281992,1.28324e+10
2021-09-01,282777,287344,282777,287343,8.56413e+09
2021-09-04,289630,293515,289630,293058,9.3492e+09
2021-09-05,293717,294690,292401,294694,8.97264e+09
2021-09-06,295766,297942,295766,296325,9.5854e+09
2021-09-07,295810,295810,293639,293637,8.08947e+09
2021-09-08,294118,294786,294020,294111,6.28397e+09
2021-09-11,294728,295514,292371,292371,6.51986e+09
2021-09-12,291963,291963,283953,283991,5.88011e+09
2021-09-13,283175,283250,279536,280166,6.77622e+09
2021-09-14,280739,285167,280739,285155,5.8393e+09
2021-09-15,285598,285598,284239,284244,6.04905e+09
2021-09-18,284645,284645,277597,277603,5.81096e+09
2021-09-19,277073,277073,271962,271971,6.0792e+09
2021-09-20,272101,273313,272101,272978,5.09857e+09
2021-09-21,273405,273405,265980,265979,5.80878e+09
2021-09-22,265606,265626,261493,262180,6.44309e+09
2021-09-25,262651,266877,262651,266878,5.74756e+09
2021-09-26,267241,267309,265623,265626,4.65268e+09
2021-09-28,265609,265698,264736,264736,4.82218e+09
2021-09-29,264831,265525,264831,265522,5.00052e+09
2021-10-02,266184,268250,266184,268066,5.99446e+09
2021-10-03,268258,268258,266320,266646,7.05563e+09
2021-10-04,267032,268524,267032,268439,4.97582e+09
2021-10-06,268785,269663,268785,269565,5.14016e+09
2021-10-09,269716,269716,265335,265331,5.09522e+09
2021-10-10,264959,264959,261610,261613,4.18529e+09
2021-10-11,261793,262534,261028,261006,3.78869e+09
2021-10-12,260803,260803,253320,253316,5.11873e+09
2021-10-13,252798,252798,247772,247771,4.88608e+09
2021-10-16,248416,253700,248416,253697,4.39211e+09
2021-10-17,254292,254307,251256,251227,4.93042e+09
2021-10-18,250951,250951,248409,248488,4.79854e+09
2021-10-19,248600,251251,248600,251148,4.51039e+09
2021-10-20,251378,251461,250465,250464,3.71088e+09
2021-10-23,250186,250186,244674,244624,4.43581e+09
2021-10-25,244005,244005,239620,239625,4.5116e+09
2021-10-26,239121,239121,237335,237331,4.13602e+09
2021-10-27,237218,237301,236625,237300,3.75137e+09
2021-10-30,237511,237522,233491,233448,4.56937e+09
2021-10-31,233185,233185,226866,226868,5.26286e+09
2021-11-01,226851,229174,226851,228835,3.60536e+09
2021-11-02,228863,231061,228844,231055,3.55786e+09
2021-11-03,231450,235925,231450,235917,4.37961e+09
2021-11-06,236884,243425,236884,243385,3.43225e+09
2021-11-07,243990,244308,242403,242401,1.03437e+10
2021-11-08,242307,242965,241957,242550,8.27998e+09
2021-11-09,242647,243564,242613,243081,7.39129e+09
2021-11-10,243661,246566,243661,246555,5.14083e+09
2021-11-13,245863,245863,244449,244454,4.28402e+09
2021-11-14,244775,246026,244775,245087,5.00739e+09
2021-11-15,245316,245348,242494,242488,4.47031e+09
2021-11-16,242335,242335,241836,241892,3.41768e+09
2021-11-17,242271,243727,242271,243658,3.96573e+09
2021-11-20,244126,244262,241619,241571,4.18008e+09
2021-11-21,241511,241899,241103,241445,4.55779e+09
2021-11-22,241891,243785,241891,243717,4.69275e+09
2021-11-23,243935,243935,242527,242525,3.46164e+09
2021-11-24,242680,242680,241345,241468,3.95709e+09
2021-11-27,241345,241345,237320,237328,3.69787e+09
2021-11-28,237208,237227,236129,236038,3.17989e+09
2021-11-29,236084,236691,235520,235525,2.69539e+09
2021-11-30,235649,235649,234468,234468,3.25852e+09
2021-12-01,234484,234484,231362,231362,3.36626e+09
2021-12-04,231399,231533,228433,228439,3.224e+09
2021-12-05,228384,228722,228237,228630,2.77835e+09
2021-12-06,228784,229298,228784,228903,2.75544e+09
2021-12-07,228797,228797,227244,227246,2.3436e+09
2021-12-08,227280,228784,227280,228786,4.0379e+09
2021-12-11,228909,228982,227468,227468,4.80135e+09
2021-12-12,227221,227221,223766,223686,3.81133e+09
2021-12-13,223493,223493,219648,219648,4.33388e+09
2021-12-14,219137,219137,217296,217301,3.95169e+09
2021-12-15,217158,217475,216696,216699,3.66778e+09
2021-12-18,216925,218253,216925,218251,3.99765e+09
2021-12-19,218385,218385,216059,216061,3.51478e+09
2021-12-20,216082,216317,216047,216317,3.79587e+09
2021-12-21,216383,219029,216383,219026,3.37766e+09
2021-12-22,219607,225038,219607,225036,4.38516e+09
2021-12-25,225821,228041,225821,227642,5.99886e+09
2021-12-26,227701,227701,226267,226610,4.58744e+09
2021-12-27,227059,229847,227059,229788,5.41562e+09
2021-12-28,230049,231032,230047,231030,4.49891e+09
2021-12-29,231411,232061,231411,231496,5.37847e+09
2022-01-01,231383,231383,228583,228584,3.94075e+09
2022-01-02,228503,228811,228503,228615,2.96438e+09
2022-01-03,228703,229193,228440,228416,2.98133e+09
2022-01-04,228524,228524,226365,226365,3.29864e+09
2022-01-05,226333,226410,226043,226044,2.72447e+09
2022-01-08,226096,226878,225832,225778,5.18005e+09
2022-01-09,225731,225731,222040,222014,4.20187e+09
2022-01-10,221899,221899,220938,221327,4.46558e+09
2022-01-11,221518,222511,221518,222145,3.97344e+09
2022-01-12,222279,222711,222279,222365,3.35605e+09
2022-01-15,222380,222380,220118,220118,3.77495e+09
2022-01-16,220026,220026,217786,217784,3.2083e+09
2022-01-17,217862,218424,216906,216907,3.74684e+09
2022-01-18,216874,216874,211845,211803,4.50467e+09
2022-01-19,211660,211660,210931,210832,3.4363e+09
2022-01-22,211092,211449,209924,209858,3.52101e+09
2022-01-23,209713,209713,206099,206126,4.62236e+09
2022-01-24,205938,205938,203442,203353,3.36152e+09
2022-01-25,203138,203138,199016,199017,5.44284e+09
2022-01-26,199191,200079,199191,200077,4.48923e+09
2022-01-29,200368,204083,200368,204065,3.36074e+09
2022-01-30,204692,205797,204692,205712,4.84576e+09
2022-01-31,205782,207578,205623,207576,5.53497e+09
2022-02-01,208058,209198,208058,209172,6.73948e+09
2022-02-02,209248,209248,208862,209008,5.57887e+09
2022-02-05,209169,209428,208773,208773,4.55447e+09
2022-02-06,208753,208753,204875,204877,5.46833e+09
2022-02-07,204512,204512,203298,203300,4.52201e+09
2022-02-08,203433,204398,203433,204325,4.43365e+09
2022-02-09,204443,204720,204443,204719,4.58704e+09
2022-02-12,205062,205184,204746,204688,4.87955e+09
2022-02-13,204836,204836,203795,203793,3.67676e+09
2022-02-14,203880,204196,203880,204115,3.24041e+09
2022-02-16,204264,204323,203978,203978,2.95222e+09
2022-02-19,204036,204251,203853,203856,4.40554e+09
2022-02-20,203924,203960,203439,203437,3.72773e+09
2022-02-21,203673,205605,203673,205544,6.04441e+09
2022-02-22,205773,206138,205773,205869,4.42202e+09
2022-02-23,206108,206917,206104,206901,4.05858e+09
2022-02-26,207004,207004,206401,206406,4.38632e+09
2022-02-27,206481,207207,206481,207183,2.8703e+09
2022-02-28,207490,209156,207490,209155,3.11436e+09
2022-03-02,209484,209840,209285,209183,5.50453e+09
2022-03-05,209603,210386,209603,210113,8.43199e+09
2022-03-06,210409,211907,210409,211890,7.98884e+09
2022-03-07,212487,213843,212487,213658,7.9526e+09
2022-03-08,213698,213698,212927,212923,5.50512e+09
2022-03-09,213278,214396,213278,214191,6.35121e+09
2022-03-12,213832,213832,211948,211876,7.53953e+09
2022-03-13,211955,211955,211645,211528,4.47452e+09
2022-03-14,211661,211833,211661,211589,3.54223e+09
2022-03-15,211716,212401,211716,212258,4.97707e+09
2022-03-16,212591,213897,212591,213871,4.19159e+09
2022-03-19,214560,217285,214560,217196,5.43137e+09
2022-03-26,217754,218616,217754,218615,8.73059e+09
2022-03-27,218873,220509,218873,220366,7.64098e+09
2022-03-28,220841,224640,220841,224642,9.94857e+09
2022-03-29,225398,226301,225398,226192,1.23568e+10
2022-03-30,226470,228073,226462,228048,7.4006e+09
2022-04-03,228777,232291,228777,232286,9.49621e+09
2022-04-04,233003,234195,232637,232636,1.39366e+10
2022-04-05,232887,234233,232808,234234,9.62557e+09
2022-04-06,234722,236023,234722,235180,1.11654e+10
2022-04-09,235106,235635,234608,235634,8.42363e+09
2022-04-10,236281,239015,236281,238988,1.12709e+10
2022-04-11,239534,241211,239534,241197,1.00709e+10
2022-04-12,241631,241631,236993,236992,9.28911e+09
2022-04-13,236599,238659,236597,238648,8.47321e+09
2022-04-16,239326,241562,239326,241504,7.49476e+09
2022-04-17,241920,243589,241737,243443,8.64513e+09
2022-04-18,244351,248073,244351,247670,1.06685e+10
2022-04-19,247865,249412,247637,249401,8.46432e+09
2022-04-20,250043,250267,249614,249934,8.78904e+09
2022-04-24,250566,250967,250543,250450,7.04827e+09
2022-04-25,250825,252387,250815,252385,7.87307e+09
2022-04-26,253032,255386,253032,255363,1.07859e+10
2022-04-27,256241,257066,256179,256181,1.01777e+10
2022-04-30,256647,258352,256647,258251,7.98052e+09
2022-05-01,258998,261063,258998,260742,8.53617e+09
2022-05-02,261265,262927,261265,262629,7.3868e+09
2022-05-07,263617,265041,263617,264894,9.48761e+09
2022-05-08,265733,266584,265733,266499,1.0278e+10
2022-05-09,267227,267520,265117,264980,9.67731e+09
2022-05-10,265049,266270,264403,265964,7.2523e+09
2022-05-11,267273,271880,267273,271708,8.81894e+09
2022-05-14,273944,275738,273944,275478,1.12317e+10
2022-05-15,276390,276591,274891,275587,1.08859e+10
2022-05-16,276267,278290,276267,278220,1.01489e+10
2022-05-17,278672,278944,277344,277286,1.02393e+10
2022-05-18,277250,277250,274074,273865,8.28303e+09
2022-05-21,273924,273924,272353,271939,8.13684e+09
2022-05-22,272068,272967,272068,272568,6.74648e+09
2022-05-23,273013,273034,267177,267102,1.05439e+10
2022-05-24,266999,266999,266148,265954,6.54134e+09
2022-05-25,266653,269392,266653,269387,6.90038e+09
2022-05-28,270069,270377,266764,266598,7.69878e+09
2022-05-29,266370,266370,261758,261515,7.47472e+09
2022-05-30,261855,262517,261731,261719,5.76952e+09
2022-05-31,261885,263674,261885,263343,4.9989e+09
2022-06-01,263760,264597,263760,264164,5.0705e+09
2022-06-06,264163,264163,258230,258057,6.98983e+09
2022-06-07,257444,257914,257221,257431,4.61907e+09
2022-06-08,257884,258902,257884,258866,3.87698e+09
2022-06-11,259201,259201,257922,257500,4.46603e+09
2022-06-12,257553,258487,257030,258404,5.27772e+09
2022-06-13,259028,263176,259028,262981,6.77551e+09
2022-06-14,263428,263675,263428,263438,6.41627e+09
2022-06-15,263577,263593,262826,262826,4.07621e+09
2022-06-18,263053,263225,260528,260353,5.31803e+09
2022-06-19,260375,261048,260371,260438,5.43896e+09
2022-06-20,261153,262021,261153,260964,5.06257e+09
2022-06-21,260904,260904,259051,258803,3.89645e+09
2022-06-22,258757,258757,258091,258066,4.65598e+09
2022-06-25,258452,259237,258291,258165,5.98574e+09
2022-06-26,258338,258338,255125,255121,5.28769e+09
2022-06-27,255110,255123,254883,254868,4.80201e+09
2022-06-28,255254,257241,255254,257105,4.39284e+09
2022-06-29,257440,257440,257203,257343,4.55045e+09
2022-07-02,257296,257296,254730,254401,4.82595e+09
2022-07-03,254560,255109,254560,254936,3.77211e+09
2022-07-04,255313,256357,255313,256288,3.9251e+09
2022-07-05,256460,256748,256374,256348,4.47575e+09
2022-07-06,256425,256425,254851,254852,4.20153e+09
2022-07-09,254929,254929,253214,252671,3.90735e+09
2022-07-11,252723,252726,248860,248821,4.80938e+09
2022-07-12,248461,248461,246339,245999,4.23882e+09
2022-07-13,246156,246983,246156,246932,3.71303e+09
2022-07-16,247209,247292,246061,245569,4.17648e+09
2022-07-17,245843,245894,243627,243006,3.45138e+09
2022-07-19,243040,243201,242549,242456,2.41342e+09
2022-07-20,242514,243726,242514,243726,2.03087e+09
2022-07-23,243936,244553,243936,242810,3.54958e+09
2022-07-24,242914,242914,240136,240137,3.65348e+09
2022-07-25,240029,240029,234769,234704,3.97389e+09
2022-07-26,234577,234586,232998,233006,3.45694e+09
2022-07-27,233004,233709,233004,233706,2.84014e+09
2022-07-30,233818,234001,232355,232272,3.19087e+09
2022-07-31,232287,232287,227928,227929,4.32969e+09
2022-08-01,228004,228292,228004,228161,2.65309e+09
2022-08-02,228261,228378,228160,228295,2.84851e+09
2022-08-03,228365,230374,228365,230177,3.68089e+09
2022-08-06,230551,233826,230551,233817,4.1572e+09
2022-08-09,233974,234435,233756,234298,4.90622e+09
2022-08-10,234333,234386,233493,233493,3.55091e+09
2022-08-13,234053,237258,234053,237227,5.23943e+09
2022-08-14,237837,237861,236965,236889,6.17649e+09
2022-08-15,236916,237961,236883,237951,6.47448e+09
2022-08-16,238522,239222,238522,238752,7.63602e+09
2022-08-17,239197,239385,239023,239025,7.26492e+09
2022-08-20,239001,239001,238025,237997,5.34399e+09
2022-08-21,238001,238216,237465,237381,4.31399e+09
2022-08-22,237552,238101,237552,237756,5.07754e+09
2022-08-23,238031,240766,238031,240765,4.84594e+09
2022-08-24,241229,244311,241229,244311,5.44769e+09
2022-08-27,244595,245801,244595,245554,5.39806e+09
2022-08-28,245522,245522,244494,244494,5.25307e+09
2022-08-29,244690,245768,244690,245736,3.91766e+09
2022-08-30,245852,246001,245822,245822,3.80068e+09
2022-08-31,246047,246493,246047,246494,3.44112e+09
2022-09-03,246554,246554,244144,244144,4.1273e+09
2022-09-04,244219,244791,244219,244625,2.8857e+09
2022-09-05,244891,245511,244891,245493,3.19578e+09
2022-09-06,245787,245947,245731,245732,3.1217e+09
2022-09-07,245954,246137,245463,245463,3.27196e+09
2022-09-10,245526,245526,242617,242591,3.69237e+09
2022-09-11,242730,242730,241068,241069,3.30909e+09
2022-09-12,241012,241232,240715,240744,3.33219e+09
2022-09-13,240913,242404,240913,242403,3.72498e+09
2022-09-14,242666,242928,242183,242183,3.14283e+09
2022-09-18,242366,242418,240400,240401,3.13722e+09
2022-09-19,240474,240474,239385,239385,2.93238e+09
2022-09-20,239514,239528,238008,237970,2.87098e+09
2022-09-21,237957,237957,236634,236632,3.06429e+09
2022-09-24,236478,236478,231152,231154,4.24094e+09
2022-09-26,230943,232059,230929,232059,3.10928e+09
2022-09-28,232143,234731,232143,234731,3.43087e+09
2022-10-01,234631,234631,230926,230927,4.38855e+09
2022-10-02,230788,230788,228519,228352,3.46636e+09
2022-10-03,228437,228663,227755,227755,2.89839e+09
2022-10-04,227754,227772,227297,227298,2.48002e+09
2022-10-08,227368,228198,227368,228075,2.96361e+09
2022-10-09,227904,227904,224710,224711,3.76051e+09
2022-10-10,224826,224889,224442,224517,3.03043e+09
2022-10-11,224684,226441,224684,226420,3.19697e+09
2022-10-12,226630,227251,226630,227251,2.84245e+09
2022-10-15,227286,227433,226833,226833,2.74372e+09
2022-10-16,226877,226877,225020,225022,3.20708e+09
2022-10-17,225019,225040,224822,224831,2.81507e+09
2022-10-18,224933,225937,224933,225858,2.48836e+09
2022-10-19,225933,226310,225915,226247,2.03075e+09
2022-10-22,226369,226764,226369,226283,2.39779e+09
2022-10-23,226483,226489,225507,225498,3.06974e+09
2022-10-24,225544,225544,222836,222836,3.47272e+09
2022-10-25,222824,222824,220704,220704,3.27834e+09
2022-10-26,220695,220695,215743,215745,4.71222e+09
2022-10-29,215800,215894,213822,213822,4.40116e+09
2022-10-30,213627,213627,212581,212689,3.56813e+09
2022-10-31,212735,215420,212735,215420,3.84555e+09
2022-11-01,215699,217954,215699,217954,3.80985e+09
2022-11-02,217999,218366,217683,218365,3.50898e+09
2022-11-05,218554,223759,218554,223658,6.34298e+09
2022-11-06,223974,226689,223974,226588,5.75245e+09
2022-11-07,227157,234490,227157,234490,7.91459e+09
2022-11-08,235574,237526,235574,236333,1.12885e+10
2022-11-09,236276,237149,235457,237149,8.34963e+09
2022-11-12,237547,239742,237547,239694,6.30385e+09
2022-11-13,239806,240023,239645,239617,5.8891e+09
2022-11-14,239787,239819,237822,237822,5.0684e+09
2022-11-15,237961,238575,237961,238391,4.04905e+09
2022-11-16,238477,239405,238403,239403,4.10652e+09
2022-11-19,239614,239639,237309,237040,5.30822e+09
2022-11-20,237574,239957,237574,239957,5.72957e+09
2022-11-21,240386,241029,240386,240919,6.90739e+09
2022-11-22,240956,241524,240936,241516,5.82584e+09
2022-11-23,241795,242729,241795,242598,5.15579e+09
2022-11-26,242856,243423,242856,243074,5.21399e+09
2022-11-27,243227,243396,243194,243397,5.02368e+09
2022-11-28,243606,244085,243606,244017,4.91096e+09
2022-11-29,244106,245785,244094,245785,4.91779e+09
2022-11-30,246027,246518,246027,246060,3.88855e+09
2022-12-03,246145,246356,246003,246003,4.05919e+09
2022-12-04,246116,246862,246116,246558,5.35745e+09
2022-12-05,246780,247095,246780,246845,4.51148e+09
2022-12-06,247051,247813,247051,247808,4.96038e+09
2022-12-07,248289,248898,248289,248340,7.20806e+09
2022-12-10,248483,248483,245807,245746,6.15282e+09
2022-12-11,245810,246612,245677,246591,5.76442e+09
2022-12-12,246840,250251,246840,250242,7.41993e+09
2022-12-13,250784,256041,250784,256018,9.02435e+09
2022-12-14,256518,258384,256518,258206,6.40147e+09
2022-12-17,258681,259822,258681,259822,5.83241e+09
2022-12-18,260367,264317,260367,264277,8.07976e+09
2022-12-19,264570,264828,263886,263886,9.42616e+09
2022-12-20,264152,264208,263306,263346,6.77668e+09
2022-12-21,263769,265388,263769,265324,6.18514e+09
2022-12-24,265834,271606,265834,271603,1.01034e+10
2022-12-25,272637,275469,272637,275448,1.0777e+10
2022-12-26,275880,278064,275880,278008,9.44669e+09
2022-12-28,279292,286119,279292,286119,1.51752e+10
2022-12-31,284685,284685,279084,279170,1.34994e+10
2023-01-01,279693,280741,276411,276411,1.06816e+10
2023-01-02,276995,281628,276995,281628,9.61406e+09
2023-01-03,283021,285094,282985,282899,1.45453e+10
2023-01-04,282862,282862,281538,281579,9.46069e+09
2023-01-07,282737,286890,282737,286890,1.31604e+10
2023-01-08,288206,293031,288206,293028,1.55308e+10
2023-01-09,293832,295386,293832,295380,1.66344e+10
2023-01-10,296655,300548,296655,299685,1.4354e+10
2023-01-11,300013,301061,299510,300024,1.36014e+10
2023-01-14,299164,300441,296943,300434,9.36558e+09
2023-01-16,302508,309655,302508,309567,1.23331e+10
2023-01-17,311371,312567,311371,311483,1.36573e+10
2023-01-18,311720,313162,311654,312898,1.21797e+10
2023-01-21,314030,314327,310374,310186,1.34538e+10
2023-01-22,310816,311825,308203,308986,1.05774e+10
2023-01-23,310360,313033,310360,310628,1.25753e+10
2023-01-24,311292,311435,310720,310802,7.52976e+09
2023-01-25,311766,311961,304561,304561,1.14929e+10
2023-01-28,304524,304524,299634,299634,9.40336e+09
2023-01-29,299129,299129,288000,288010,1.10359e+10
2023-01-30,287473,287668,283838,285037,8.97624e+09
2023-01-31,285596,289231,285596,288752,7.91729e+09
2023-02-01,289366,289669,289065,289653,6.03865e+09
2023-02-05,289701,289701,285253,285158,7.50086e+09
2023-02-06,284452,284452,282286,282777,6.34846e+09
2023-02-07,283318,287656,283318,287649,5.82657e+09
2023-02-08,288338,288815,288300,288300,5.02616e+09
2023-02-12,288345,288345,285501,285265,3.85102e+09
2023-02-13,285458,286596,285458,286407,4.32825e+09
2023-02-14,286465,286554,284396,284345,4.06289e+09
2023-02-15,284318,284318,281611,281609,3.89253e+09
2023-02-19,281644,282792,281644,282662,5.06301e+09
2023-02-20,283540,292411,283540,292407,8.48389e+09
2023-02-21,294491,301194,294491,300655,1.44265e+10
2023-02-22,300840,300840,298082,298359,1.05447e+10
2023-02-25,301684,311677,301684,311666,1.35565e+10
2023-02-26,315948,321323,315948,318016,2.26205e+10
2023-02-27,318263,318263,316132,316881,1.77131e+10
2023-02-28,317177,319496,317128,319452,1.22584e+10
2023-03-01,319865,320173,318903,318904,1.34157e+10
2023-03-04,318688,318688,316010,316011,9.24786e+09
2023-03-05,316946,319141,316946,318721,8.49066e+09
2023-03-06,319099,319216,318486,318973,8.31269e+09
2023-03-07,319837,323350,319837,323217,1.15297e+10
2023-03-11,324694,326483,324694,325055,1.16324e+10
2023-03-12,324777,324777,319361,319368,7.66104e+09
2023-03-13,319620,320657,319045,319028,7.15475e+09
2023-03-14,319380,320256,319380,319957,7.02487e+09
2023-03-15,320675,327741,320675,327701,1.00832e+10
2023-03-18,329242,340525,329242,339986,1.31697e+10
2023-03-19,341611,345764,341611,345763,1.26957e+10
2023-03-25,346519,350186,346519,350078,1.09071e+10
2023-03-26,350774,352380,350044,349931,1.30684e+10
2023-03-27,350009,353335,349599,353335,1.11116e+10
2023-03-28,355288,360276,355288,360268,1.29923e+10
2023-03-29,362017,367667,362017,367667,1.40822e+10
2023-04-03,368057,372509,366448,372509,1.51543e+10
2023-04-04,374897,379865,374897,376645,1.60012e+10
2023-04-05,376753,384520,376606,384513,1.4482e+10
2023-04-08,388024,399777,388024,399561,1.91248e+10
2023-04-09,401244,406265,401244,406265,1.80093e+10
2023-04-10,409084,412968,406074,406074,2.05597e+10
2023-04-11,405687,409246,405216,409246,1.4206e+10
2023-04-15,414194,425070,414194,424977,1.68601e+10
2023-04-16,429303,431833,428824,431593,1.99081e+10
2023-04-17,432498,437248,431652,437202,1.79657e+10
2023-04-18,440233,447997,440233,446650,2.11244e+10
2023-04-19,448074,449978,447041,449064,1.66226e+10
2023-04-24,451415,453628,451189,453150,1.36354e+10
2023-04-25,457016,462803,457016,460786,1.75281e+10
2023-04-26,460929,463860,458372,463592,1.79712e+10
2023-04-29,467637,472181,467637,472119,2.31309e+10
2023-04-30,476226,481295,476226,481168,1.96299e+10
2023-05-01,485458,486971,484403,486016,2.0087e+10
2023-05-02,490122,498054,490122,498054,1.93847e+10
2023-05-03,503242,505855,503242,504235,2.40391e+10
2023-05-06,509947,513516,509947,512785,2.43216e+10
2023-05-07,514951,514951,495069,494959,2.16893e+10
2023-05-08,485208,485208,473158,473059,1.16789e+10
2023-05-09,462941,462941,458410,460310,2.36495e+10
2023-05-10,463134,465799,450016,449993,1.76899e+10
2023-05-13,444945,444945,432290,432025,1.65395e+10
2023-05-14,431155,440111,431155,439959,1.64085e+10
2023-05-15,443155,443767,440180,442025,1.35957e+10
2023-05-17,442095,449513,441958,449454,1.13766e+10
2023-05-20,451649,453241,447038,446576,1.24288e+10
2023-05-21,446324,448387,445277,448120,9.71689e+09
2023-05-22,450160,455671,450160,455434,1.25466e+10
2023-05-23,457903,464200,457903,463603,1.11529e+10
2023-05-24,465215,465535,464638,464418,1.10036e+10
2023-05-27,464469,464469,457334,457053,1.00253e+10
2023-05-28,456308,456308,441554,441492,1.15169e+10
2023-05-29,442413,446521,442413,446287,8.57604e+09
2023-05-30,448181,453194,448181,452524,8.57419e+09
2023-05-31,453174,453174,447006,447622,7.78388e+09
2023-06-03,447775,451011,447775,450493,5.99731e+09
2023-06-06,451389,453554,451389,453353,7.9497e+09
2023-06-07,454110,454810,453488,453229,7.83903e+09
2023-06-10,450035,450035,438153,437461,7.8559e+09
2023-06-11,436299,437999,436180,435971,7.23502e+09
2023-06-12,436982,437519,424970,424778,9.75391e+09
2023-06-13,424744,425168,423611,425167,6.68584e+09
2023-06-14,425950,431770,425950,431277,7.07503e+09
2023-06-17,431854,434339,431854,432426,6.7273e+09
2023-06-18,432034,432034,425802,425811,7.45908e+09
2023-06-19,426080,429837,426080,428759,7.70514e+09
2023-06-20,428931,429258,428043,429133,4.90514e+09
2023-06-21,430303,434013,430303,433228,5.19416e+09
2023-06-24,433315,433315,431132,431106,6.44947e+09
2023-06-25,431622,435532,431622,435197,7.45623e+09
2023-06-26,435612,438758,435612,438505,6.51467e+09
2023-06-27,438879,438982,435289,435282,6.32006e+09
2023-06-28,434564,434564,432695,432961,5.54189e+09
2023-07-01,433151,434771,433148,433067,5.03387e+09
2023-07-02,433415,437717,433415,437503,5.78883e+09
2023-07-03,438211,442403,438211,442058,6.60919e+09
2023-07-04,443134,447998,443134,447625,6.96208e+09
2023-07-05,448039,449479,448039,449114,6.1176e+09
2023-07-08,449626,451266,449626,449183,5.06689e+09
2023-07-09,449305,449305,445347,444914,5.89345e+09
2023-07-10,444861,444861,439162,438966,5.80969e+09
2023-07-11,438797,438797,430728,430614,8.52125e+09
2023-07-12,429822,429822,417998,417998,8.13062e+09
2023-07-15,418489,421653,418489,418774,4.68561e+09
2023-07-16,418577,418577,407548,407135,5.87664e+09
2023-07-17,406230,406230,395113,394942,7.7842e+09
2023-07-18,395730,403843,395730,403341,7.4854e+09
2023-07-19,404407,411169,404407,408565,5.91176e+09
2023-07-22,407823,407823,401337,399928,4.60374e+09
2023-07-23,399650,401315,399607,400589,3.63893e+09
2023-07-24,401178,404894,401178,404832,4.02e+09
2023-07-25,405424,407586,405424,405428,4.87715e+09
2023-07-26,405516,405726,404717,405684,4.22759e+09
2023-07-29,406299,407137,405672,405673,4.08752e+09
2023-07-30,405843,405843,397779,397560,6.75926e+09
2023-07-31,397887,398573,397887,398573,4.69916e+09
2023-08-01,399064,402431,399064,402424,4.30248e+09
2023-08-05,403051,409186,403051,408794,6.02884e+09
2023-08-06,409207,409207,408318,408352,4.89082e+09
2023-08-07,408910,410541,408910,409659,6.93647e+09
2023-08-08,409550,409550,406231,406231,4.76308e+09
2023-08-09,406725,407531,406009,406012,3.96035e+09
2023-08-12,405578,405578,395026,395027,5.29555e+09
2023-08-13,394434,394495,392889,393840,4.7842e+09
2023-08-14,394879,397409,394879,396424,3.88509e+09
2023-08-15,396584,396584,391187,391187,4.66902e+09
2023-08-16,391639,391914,389944,389888,3.28578e+09
2023-08-19,390168,390256,385377,385375,4.03479e+09
2023-08-20,385217,385217,382968,383224,3.92952e+09
2023-08-21,383200,384554,383200,383587,3.40725e+09
2023-08-22,383455,383455,377330,377336,4.02178e+09
2023-08-23,377565,379969,377531,379959,3.6344e+09
2023-08-26,380792,389666,380792,389653,5.51962e+09
2023-08-27,390309,398555,390309,398487,9.5546e+09
2023-08-28,399022,401359,398970,401005,8.01409e+09
2023-08-29,401243,402827,401243,401922,6.69577e+09
2023-08-30,402024,403941,401857,403911,7.93645e+09
2023-09-02,404596,405936,404570,404570,6.35169e+09
2023-09-03,404703,405840,404687,405691,4.96187e+09
2023-09-04,405935,409821,405935,409780,6.62281e+09
2023-09-05,410702,413607,410702,412926,6.7833e+09
2023-09-09,412868,412868,407444,407444,5.67514e+09
2023-09-10,407216,407216,406222,406222,4.21393e+09
2023-09-11,406472,406801,406472,406535,4.04215e+09
2023-09-12,406915,408682,406915,408352,4.187e+09
2023-09-13,408885,409094,408003,408003,4.1347e+09
2023-09-17,408237,410935,408237,410925,5.17325e+09
2023-09-18,411206,412235,411206,411379,4.9286e+09
2023-09-19,411460,411460,410497,410503,4.02284e+09
2023-09-20,410647,410647,410124,410141,3.84048e+09
2023-09-23,410303,410589,410125,410132,3.6187e+09
2023-09-25,410216,410383,407181,407180,5.40123e+09
2023-09-26,407380,408077,407380,407631,3.7572e+09
2023-09-27,407876,408725,407876,408335,4.32671e+09
2023-09-30,408799,409211,406448,406448,4.90603e+09
2023-10-01,406617,406617,403685,403684,5.70378e+09
2023-10-02,403783,404996,403783,404921,4.22117e+09
2023-10-04,405131,406947,405131,406576,3.61607e+09
2023-10-07,406925,406925,402762,402765,4.33e+09
2023-10-08,401828,401828,387986,387986,7.0574e+09
2023-10-09,386987,388424,386695,386695,4.66908e+09
2023-10-10,387048,389539,387048,389539,3.38991e+09
2023-10-11,390071,392372,390071,392060,3.31838e+09
2023-10-14,391939,391939,386146,386155,4.47176e+09
2023-10-15,386080,386675,385408,385408,3.69533e+09
2023-10-16,385688,390006,385688,389996,4.0547e+09
2023-10-17,390494,392019,390494,391785,4.10366e+09
2023-10-18,391118,391118,387830,387830,5.00992e+09
2023-10-21,387886,389763,387886,389627,3.22115e+09
2023-10-22,390055,391871,390055,391580,3.58135e+09
2023-10-23,391726,391726,389169,389172,4.10028e+09
2023-10-24,389348,389348,383628,383635,4.24222e+09
2023-10-25,383626,383973,383440,383964,3.91484e+09
2023-10-28,382388,382388,370600,370600,6.64118e+09
2023-10-29,370411,373915,370411,373909,4.06028e+09
2023-10-30,374619,380215,374619,380202,4.04697e+09
2023-10-31,380597,381594,380269,380270,3.78326e+09
2023-11-01,379692,379692,374522,374617,4.53867e+09
2023-11-04,375979,381853,375979,381854,4.95658e+09
2023-11-05,382476,385211,382476,385209,4.70511e+09
2023-11-06,385396,388566,385396,388565,4.84398e+09
2023-11-07,389367,395008,389367,395008,7.57247e+09
2023-11-08,395756,396776,395756,396468,4.50157e+09
2023-11-11,396740,397796,396655,396655,4.55344e+09
2023-11-12,396701,397753,396540,397748,4.49401e+09
2023-11-13,398154,400956,398154,400321,4.68905e+09
2023-11-14,400431,400431,398344,398156,4.15171e+09
2023-11-15,398370,399046,398146,398149,4.12481e+09
2023-11-18,398481,398960,398024,397962,3.69727e+09
2023-11-19,398471,399852,398471,399018,3.89427e+09
2023-11-20,399166,399192,397166,397166,3.94181e+09
2023-11-21,397597,398877,397597,398876,3.76073e+09
2023-11-22,399550,401174,399550,400396,4.06777e+09
2023-11-25,401013,401378,400104,400104,3.94241e+09
2023-11-26,400381,401782,400347,401760,4.68154e+09
2023-11-27,402340,403537,402340,402989,4.19608e+09
2023-11-28,403406,403702,403212,403697,4.36593e+09
2023-11-29,404169,408561,404169,408561,6.70103e+09
2023-12-02,409238,413407,409238,413134,6.98336e+09
2023-12-03,413137,414687,412717,414687,1.0105e+10
2023-12-04,416190,420598,416190,420322,9.6241e+09
2023-12-05,420812,423976,420812,423826,8.81659e+09
2023-12-06,424360,424655,423671,423568,5.58557e+09
2023-12-09,423881,424111,422072,421936,5.63785e+09
2023-12-10,422192,423002,422161,422780,4.81667e+09
2023-12-11,423525,425200,423525,424863,5.257e+09
2023-12-12,425343,426410,425343,425912,5.86261e+09
2023-12-13,426321,426424,425906,425905,4.60752e+09
2023-12-16,426151,428200,426151,428185,4.8594e+09
2023-12-18,428723,433002,428723,432829,8.04981e+09
2023-12-19,433034,433490,431853,431854,6.93804e+09
2023-12-20,431624,431682,430982,430982,5.5416e+09
2023-12-23,431101,431805,431099,431223,5.06958e+09
2023-12-24,431504,431722,430912,430912,5.19832e+09
2023-12-25,431130,431567,430566,430563,5.58559e+09
2023-12-26,430589,430589,427523,427523,5.647e+09
2023-12-27,427625,427837,427512,427371,4.18165e+09
2023-12-30,427920,430114,427920,429832,5.08827e+09
2023-12-31,429910,429973,429071,429078,4.46149e+09
2024-01-01,429340,429399,428898,428895,4.27812e+09
2024-01-02,429203,429205,427733,427738,3.68253e+09
2024-01-03,428060,429114,428060,428198,4.15516e+09
2024-01-06,428485,428598,428143,428390,4.67542e+09
2024-01-07,428875,430312,428875,430045,3.97026e+09
2024-01-08,430264,430565,429792,429794,4.03178e+09
2024-01-09,430047,430078,429224,429225,4.39366e+09
2024-01-10,429687,431958,429687,431850,5.02281e+09
2024-01-13,432207,432913,432124,432312,5.69826e+09
2024-01-14,432605,434693,432605,434474,5.7999e+09
2024-01-15,435092,435129,433605,433552,5.1507e+09
2024-01-16,433278,433278,430831,430831,5.01762e+09
2024-01-17,431057,431931,431057,431219,4.00294e+09
2024-01-20,431362,431476,426691,426341,6.51216e+09
2024-01-21,425761,425761,420671,420654,5.17521e+09
2024-01-22,420892,421834,418094,417955,5.35153e+09
2024-01-23,418040,418040,409108,409108,5.66222e+09
2024-01-24,409020,411284,409020,411283,3.18565e+09
2024-01-27,411903,414341,411903,414312,3.85905e+09
2024-01-28,414883,418336,414883,418306,5.43547e+09
2024-01-29,418366,418366,417133,417257,5.1113e+09
2024-01-30,417369,417409,414894,414903,5.14067e+09
2024-01-31,414902,414902,413593,413737,4.39034e+09
2024-02-03,413748,416560,413748,416494,4.13931e+09
2024-02-04,416917,417175,415991,415979,4.4819e+09
2024-02-05,416268,417168,416268,416800,3.63929e+09
2024-02-06,417033,417654,417033,417148,3.24312e+09
2024-02-07,417249,417508,417021,416808,3.89551e+09
2024-02-10,417090,417758,417090,417463,3.55658e+09
2024-02-12,417648,417648,414631,414633,3.8235e+09
2024-02-13,414779,414907,413388,413382,4.35184e+09
2024-02-14,413686,413727,410571,410571,4.44576e+09
2024-02-17,410808,410921,407042,406927,4.31424e+09
2024-02-18,406776,407701,406522,407683,3.3367e+09
2024-02-19,407888,410295,407888,410112,3.57975e+09
2024-02-20,410112,410181,409958,410004,3.41741e+09
2024-02-21,410290,410455,409914,409917,3.4104e+09
2024-02-24,410279,410338,407778,407792,3.92357e+09
2024-02-26,407750,407750,401739,401505,4.13147e+09
2024-02-27,401386,401386,399676,399576,3.50909e+09
2024-02-28,399818,402570,399818,402084,3.6653e+09
2024-03-02,402236,408098,402236,407985,7.09668e+09
2024-03-03,409437,417020,409437,416754,7.92545e+09
2024-03-04,417139,417188,414249,414250,8.55827e+09
2024-03-05,414483,417290,414483,416487,7.47152e+09
2024-03-06,416675,416770,415859,415848,5.03997e+09
2024-03-09,416408,417248,416408,416320,5.62548e+09
2024-03-10,416539,416772,415773,415773,4.82301e+09
2024-03-11,415740,415740,415240,415061,7.82253e+09
2024-03-12,415370,415733,413984,413934,6.98365e+09
2024-03-13,414103,414135,411727,411665,5.44208e+09
2024-03-16,411537,411794,410644,410590,5.0468e+09
2024-03-17,410791,412606,410791,412376,4.79478e+09
2024-03-18,412732,417319,412732,417319,4.53582e+09
2024-03-24,417902,426060,417902,425950,5.46839e+09
2024-03-25,427110,430988,427110,430983,6.78441e+09
2024-03-26,431351,431399,430914,431316,4.9182e+09
2024-03-27,431925,433440,431815,432879,1.21913e+10
2024-03-30,432930,432981,432666,432750,8.26723e+09
2024-04-02,430735,430735,426913,426915,8.21942e+09
2024-04-03,427224,428338,426843,426790,5.97241e+09
2024-04-06,427022,427022,417637,417653,1.04524e+10
2024-04-07,417614,417839,416229,416097,7.51179e+09
2024-04-08,416373,420818,416373,420811,5.07994e+09
2024-04-09,421306,421820,421256,421591,6.23437e+09
2024-04-13,419915,419915,407504,407506,9.13887e+09
2024-04-14,407234,407234,406004,405763,1.77587e+09
2024-04-15,405657,407142,405657,406972,4.88581e+09
2024-04-16,406940,406940,405383,405260,5.76438e+09
2024-04-17,405235,405539,405235,405394,3.77848e+09
2024-04-20,406922,417415,406922,417064,9.14861e+09
2024-04-21,418506,421924,418506,421702,7.70721e+09
2024-04-22,422261,424219,422261,424116,6.38755e+09
2024-04-23,424660,424957,424660,424846,7.26867e+09
2024-04-24,425280,427449,425280,427446,6.25789e+09
2024-04-27,427855,429414,427855,428226,5.8106e+09
2024-04-28,428334,428334,424008,424008,4.76659e+09
2024-04-29,424240,425110,423620,423624,4.80979e+09
2024-04-30,423922,423990,420254,420246,4.50437e+09
2024-05-01,420257,420403,420236,420115,4.28495e+09
2024-05-05,420573,421357,420222,420219,4.61902e+09
2024-05-06,420164,420164,416334,416340,4.52839e+09
2024-05-07,416631,416815,414794,414484,4.30479e+09
2024-05-08,414456,414627,412584,412304,4.27847e+09
2024-05-11,412560,412752,409829,409674,4.45447e+09
2024-05-12,410201,410201,407072,406754,5.23219e+09
2024-05-13,407058,407058,399610,399411,5.82484e+09
2024-05-14,399642,400630,399162,399020,4.25332e+09
2024-05-15,399382,399394,397635,397846,4.12519e+09
2024-05-18,397787,399141,397787,398252,4.41031e+09
2024-05-19,397873,397873,386852,386502,5.68964e+09
2024-05-21,386143,386257,385806,385555,3.2058e+09
2024-05-25,385554,385589,383164,382812,3.88238e+09
2024-05-26,382567,382567,380444,380018,2.61538e+09
2024-05-27,379750,379750,377151,377174,4.15179e+09
2024-05-28,376918,377815,376918,377538,3.88056e+09
2024-05-29,377762,379573,377762,379208,2.39428e+09
2024-06-01,379535,379813,378862,378464,5.05261e+09
2024-06-02,378426,378426,376707,376236,3.29615e+09
2024-06-05,376302,376302,374856,374736,3.69817e+09
2024-06-08,374723,374723,372752,372575,3.24057e+09
2024-06-09,372419,372419,370735,370698,3.91316e+09
2024-06-10,370694,372123,370694,371777,4.06165e+09
2024-06-11,371939,372127,371746,371750,5.4897e+09
2024-06-12,371750,371750,370646,370313,4.55023e+09
2024-06-15,370282,370282,368495,368130,3.73758e+09
2024-06-16,367974,367974,366183,365974,3.98185e+09
2024-06-18,365890,365890,365399,365431,2.81603e+09
2024-06-19,365379,365759,365305,365582,3.34396e+09
2024-06-22,365679,365813,365665,365325,3.63464e+09
2024-06-23,365403,365403,365104,365033,3.56131e+09
2024-06-24,365083,366633,365083,366482,3.51629e+09
2024-06-26,366726,368980,366726,368771,3.35581e+09
2024-06-29,369327,371792,369327,371588,4.43268e+09
2024-06-30,371646,371646,365874,365530,5.69054e+09
2024-07-01,365534,365534,365264,365251,3.37012e+09
2024-07-02,365478,368011,365478,367765,3.5268e+09
2024-07-03,368042,368807,367758,368805,4.63102e+09
2024-07-06,370948,381143,370948,380431,3.90199e+09
2024-07-07,384035,386520,384035,385751,1.04616e+10
2024-07-08,385973,386366,385673,385840,6.14194e+09
2024-07-09,386140,386433,385657,385528,4.46696e+09
2024-07-10,385863,385863,384000,383788,4.97121e+09
2024-07-13,384079,384270,382154,381682,3.57117e+09
2024-07-14,381932,382123,381441,380839,3.71864e+09
2024-07-17,380945,381539,380922,381098,2.59133e+09
2024-07-20,381483,381537,379767,377790,3.04619e+09
2024-07-21,377684,377684,373587,372412,2.85857e+09
2024-07-22,372602,372891,372125,371801,3.07923e+09
2024-07-23,372268,373728,372268,373153,3.16555e+09
2024-07-24,373300,373300,372168,372168,3.24361e+09
2024-07-27,372325,372325,370642,370641,3.42446e+09
2024-07-29,370757,370757,366143,366143,4.68748e+09
2024-07-30,366132,366132,363808,363808,4.03032e+09
2024-07-31,361133,361133,352473,352484,8.81345e+09
2024-08-03,351503,351503,341826,341808,7.68561e+09
2024-08-04,341690,341690,341361,341361,3.13878e+09
2024-08-05,341345,341345,340851,340806,3.95577e+09
2024-08-06,340746,340746,340359,340286,2.95565e+09
2024-08-10,340224,340268,340026,340029,2.92783e+09
2024-08-11,340027,340051,339908,339902,2.39254e+09
2024-08-12,339892,339892,339449,339449,2.55312e+09
2024-08-13,339400,339400,338777,338778,2.25884e+09
2024-08-14,338710,339150,338710,339010,2.81696e+09
2024-08-17,339128,340247,339128,340247,2.58729e+09
2024-08-18,340476,342054,340476,341870,2.72899e+09
2024-08-19,342236,342540,342236,342274,4.97949e+09
2024-08-20,342294,342294,341789,341790,3.16156e+09
2024-08-21,341779,342004,341772,341865,3.17065e+09
2024-08-24,341987,343399,341987,343384,2.85592e+09
2024-08-26,343579,344303,343579,344303,4.13266e+09
2024-08-27,344391,345047,344359,345047,3.71392e+09
2024-08-28,345198,346812,345198,346809,3.57898e+09
2024-08-31,347164,349901,347164,349900,3.06297e+09
2024-09-01,350398,352149,350398,352022,6.75822e+09
2024-09-03,352186,352803,352186,352797,4.85191e+09
2024-09-07,353041,353865,353041,353704,4.3394e+09
2024-09-08,353906,354191,353558,353453,5.77889e+09
2024-09-09,353709,355977,353709,355851,5.2148e+09
2024-09-10,356112,357205,356112,357204,4.20964e+09
2024-09-11,357472,359805,357472,359805,5.47096e+09
2024-09-14,360277,361445,360277,361433,5.86298e+09
2024-09-15,361550,361550,360448,360449,4.80638e+09
2024-09-16,360478,361525,360478,361408,4.52144e+09
2024-09-17,361579,364665,361579,364664,6.09844e+09
2024-09-18,365076,367316,365076,367099,5.39763e+09
2024-09-22,367354,368275,367354,368255,6.12279e+09
2024-09-23,368439,371559,368439,371559,7.04095e+09
2024-09-24,372142,376916,372142,376917,9.38172e+09
2024-09-25,377377,377962,377377,377452,8.63714e+09
2024-09-28,377284,377284,376612,376612,3.68906e+09
2024-09-29,376437,376437,375667,375464,6.19057e+09
2024-09-30,375364,375364,375004,374916,4.53401e+09
2024-10-01,374899,374899,374407,374411,2.92798e+09
2024-10-02,374291,374291,373610,373510,3.28367e+09
2024-10-05,373414,373414,372969,372975,1.52396e+09
2024-10-06,372919,372919,372578,372373,7.912e+08
2024-10-07,372126,372126,371502,371503,4.06926e+09
2024-10-08,371408,371408,371214,371223,4.35264e+09
2024-10-09,371195,371349,371185,371347,2.72064e+09
2024-10-12,370809,371437,370760,371421,7.92598e+09
2024-10-13,371381,371894,371198,371215,7.00935e+09
2024-10-14,371109,371109,367897,367911,4.18654e+09
2024-10-15,367577,367577,364955,364958,3.31046e+09
2024-10-16,364529,364529,362944,362950,5.73892e+09
2024-10-19,362770,362770,359895,359896,3.35433e+09
2024-10-20,359424,359424,356983,356811,2.29022e+09
2024-10-21,356346,356346,354742,354487,5.40626e+09
2024-10-22,354333,354333,352247,352159,4.98571e+09
2024-10-23,351791,351791,348926,348936,4.05889e+09
2024-10-26,348597,351847,348597,351847,4.81123e+09
2024-10-27,352399,356591,352399,356590,3.70608e+09
2024-10-28,357777,358520,357777,358519,8.69554e+09
2024-10-29,358760,358760,357428,357436,7.01762e+09
2024-10-30,357352,357352,356349,356828,7.79174e+09
2024-11-02,357236,358092,356845,356845,6.85159e+09
2024-11-03,356391,356391,353590,353590,3.33019e+09
2024-11-04,353022,353022,351127,351132,6.16856e+09
2024-11-05,351263,351599,351047,351122,4.00362e+09
2024-11-06,350975,350975,348857,349394,6.78514e+09
2024-11-09,349882,354188,349882,354187,3.90949e+09
2024-11-10,355049,359986,355049,359897,3.83049e+09
2024-11-11,361608,364493,361608,364202,1.27929e+10
2024-11-12,364407,365525,364407,365203,9.79271e+09
2024-11-13,365455,368116,365455,368104,7.45397e+09
2024-11-16,369205,375155,369205,375072,6.81955e+09
2024-11-17,376732,377481,376732,376777,1.39753e+10
2024-11-18,377257,382944,377257,382901,1.01955e+10
2024-11-19,384023,386023,384023,384790,1.68979e+10
2024-11-20,384506,384506,382701,382896,1.21151e+10
2024-11-23,383361,387050,383361,387050,1.11564e+10
2024-11-24,387896,394535,387896,394529,1.06772e+10
2024-11-25,396377,403176,396377,403176,9.71925e+09
2024-11-26,405726,408893,405726,406025,2.51221e+10
2024-11-27,406151,407917,406151,407736,1.59763e+10
2024-11-30,408740,411089,408451,408451,1.77333e+10
2024-12-01,408449,409036,408200,408909,1.36158e+10
2024-12-02,410677,418218,410677,418218,9.39331e+09
2024-12-03,421095,423231,421095,423106,2.20363e+10
2024-12-04,423489,426422,423489,426248,1.74267e+10
2024-12-07,426764,426796,422086,421934,2.15967e+10
2024-12-08,421007,421007,418683,419671,1.70806e+10
2024-12-09,421171,428540,421171,428536,1.39471e+10
2024-12-10,430327,431193,430002,430003,2.30222e+10
2024-12-11,430199,433185,430071,433180,1.7132e+10
2024-12-14,435573,443041,435573,442995,9.02115e+09
2024-12-15,445705,449489,445705,449073,2.21888e+10
2024-12-16,449914,449914,448127,448127,3.04766e+10
2024-12-17,447312,447312,442525,442525,1.99568e+10
2024-12-18,440808,440808,438713,438958,2.01066e+10
2024-12-21,440141,446770,440141,446648,1.07342e+10
2024-12-22,447499,447499,445357,445564,2.02456e+10
2024-12-23,445647,448339,445574,448332,1.53168e+10
2024-12-24,449692,453775,449692,452864,1.98501e+10
2024-12-25,453695,453904,450319,450603,2.77689e+10
2024-12-28,451500,454810,451500,454808,2.10287e+10
2024-12-29,455101,455416,452558,452497,1.62927e+10
2024-12-30,452074,452074,449235,449235,2.05119e+10
2024-12-31,449350,450330,449212,449221,1.87081e+10
2025-01-01,449809,452047,449809,452047,1.8366e+10
2025-01-04,453667,461235,453667,461235,1.42234e+10
2025-01-05,462560,465157,462560,465026,1.62295e+10
2025-01-06,465518,470402,465452,470364,1.33748e+10
2025-01-07,472103,479846,472103,479791,1.42521e+10
2025-01-08,481921,486321,481921,486185,1.43251e+10
2025-01-11,488168,488762,485032,484999,1.86939e+10
2025-01-12,483741,483741,477551,477508,1.38768e+10
2025-01-13,476891,478495,476891,478380,1.24196e+10
2025-01-15,479130,481091,478909,478902,1.0605e+10
2025-01-18,478790,478790,472248,472056,9.15565e+09
2025-01-19,471110,471110,469943,469787,1.17907e+10
2025-01-20,470100,470643,465210,465210,1.18961e+10
2025-01-21,464882,464882,462148,463734,1.05473e+10
2025-01-22,464609,470051,464609,470051,8.23147e+09
2025-01-25,470853,471683,470853,471406,9.63509e+09
2025-01-26,471795,472924,469696,469696,9.79161e+09
2025-01-27,469657,469657,466756,466757,1.04924e+10
2025-01-29,467080,467080,465094,465094,6.30616e+09
2025-02-01,465080,465080,460115,459954,8.86605e+09
2025-02-02,460013,460907,460013,460573,6.93761e+09
2025-02-03,460589,460982,460334,460527,6.32505e+09
2025-02-04,461052,464668,461052,464643,6.82495e+09
2025-02-05,464673,464673,463463,463775,8.23718e+09
2025-02-09,463672,464779,461818,461732,1.40037e+10
2025-02-11,461328,461328,454949,454785,1.20442e+10
2025-02-15,453196,453196,447669,447600,7.71825e+09
2025-02-16,445244,445244,441442,441442,9.24402e+09
2025-02-17,440365,440527,439692,439491,9.94097e+09
2025-02-18,439523,440280,439488,439746,7.37993e+09
2025-02-19,440070,440618,440070,440328,6.11166e+09
2025-02-22,440524,440524,436695,436697,7.68428e+09
2025-02-23,436908,438477,436908,438313,5.51211e+09
2025-02-24,438954,444974,438954,444799,6.15207e+09
2025-02-25,446072,449949,446072,449188,1.15701e+10
2025-02-26,449399,449399,447098,446932,1.18461e+10
2025-03-01,446978,447283,446066,445784,9.64414e+09
2025-03-02,445789,446386,445781,445915,1.01293e+10
2025-03-03,444135,444135,439051,439053,1.19838e+10
2025-03-04,438657,439388,436902,436902,1.17458e+10
2025-03-05,436669,436669,434211,434041,9.79036e+09
2025-03-08,434090,434090,428739,428802,1.10684e+10
2025-03-09,427851,427851,422930,422932,9.83578e+09
2025-03-10,422659,423157,420890,420804,8.52639e+09
2025-03-11,420576,420576,417072,417038,5.87511e+09
2025-03-12,416538,417667,416132,417391,8.74436e+09
2025-03-15,418060,422375,418060,421831,8.39107e+09
2025-03-16,422515,423582,422515,423360,1.12543e+10
2025-03-17,423478,423620,422444,422299,7.0502e+09
2025-03-18,421390,421390,417542,417492,1.17031e+10
2025-03-25,417695,420613,417695,420615,6.43862e+09
2025-03-26,421161,422435,421161,422273,7.6891e+09
2025-03-29,422372,422372,421698,421811,1.31596e+10
2025-03-30,422127,424365,422127,424362,9.94245e+09
2025-04-05,424702,426025,424702,426016,1.36908e+10
2025-04-06,426334,426626,425424,425425,2.01978e+10
2025-04-07,425537,425537,422550,422551,1.77249e+10
2025-04-08,423869,429456,423869,429456,1.12492e+10
2025-04-09,430987,431542,429562,429424,1.91219e+10
2025-04-12,429818,430089,429684,429844,1.47534e+10
2025-04-13,431472,438783,431472,438783,1.5873e+10
2025-04-14,441020,446125,441020,446125,1.83457e+10
2025-04-15,447071,447071,443982,443982,3.96015e+10
2025-04-16,444228,446039,444228,445818,2.19758e+10
2025-04-19,446917,451506,446917,451124,1.94997e+10
2025-04-20,452564,460526,452564,460134,1.80768e+10
2025-04-21,462262,469592,462262,469159,4.9171e+10
2025-04-22,469775,469800,469256,469792,9.84657e+10
2025-04-23,469747,470483,468973,470482,6.49462e+10
2025-04-26,472185,474706,472185,474706,5.54829e+10
2025-04-27,473956,473956,472138,473830,5.20645e+10
2025-04-28,475053,477976,475053,477796,4.21631e+10
2025-04-29,478755,484948,478755,484919,3.60208e+10
2025-04-30,487243,494432,487243,494313,2.98853e+10
2025-05-03,491360,491360,488601,488421,3.95388e+10
2025-05-04,487591,490446,487518,490446,3.80117e+10
2025-05-05,492141,495690,492141,494937,3.29278e+10
2025-05-06,496102,498603,496102,498599,3.33997e+10
2025-05-07,500879,505396,500879,505222,7.95565e+10
2025-05-10,504703,504703,498991,498475,4.08691e+10
2025-05-11,497858,497858,493890,493892,3.2946e+10
2025-05-12,497149,503799,497149,503639,2.57914e+10
2025-05-13,505679,506117,505579,505690,3.77077e+10
2025-05-14,506379,507888,506261,507788,4.3206e+10
2025-05-17,509199,510354,507552,507437,4.77152e+10
2025-05-18,508255,510012,508255,509626,3.05345e+10
2025-05-19,510456,511199,508478,508421,3.84169e+10
2025-05-20,508089,508089,502606,502443,3.23902e+10
2025-05-21,500333,500333,497627,497263,3.48334e+10
2025-05-24,498338,500355,498338,498756,1.98969e+10
2025-05-25,499210,499210,495284,495093,1.53879e+10
2025-05-26,495634,496225,495076,495168,2.33608e+10
2025-05-27,496147,499196,496147,498878,1.98604e+10
2025-05-28,499945,501327,499945,501128,2.21068e+10
2025-05-31,501779,503282,501779,501932,2.18271e+10
2025-06-01,501603,501603,496954,496841,2.34142e+10
2025-06-02,497079,499171,497079,498872,1.6889e+10
2025-06-03,498733,498733,495455,495257,1.77111e+10
2025-06-07,494298,494298,488308,488144,2.08998e+10
2025-06-08,487103,487103,485047,485047,1.57221e+10
2025-06-09,485078,485146,479829,479829,1.5431e+10
2025-06-10,479593,479700,478416,478444,1.58302e+10
2025-06-11,478451,479106,477808,477808,8.83332e+09
2025-06-28,477291,477291,469586,469657,6.02636e+09
2025-06-29,468088,468088,458748,458748,1.27245e+10
2025-06-30,457785,457785,449459,449526,4.13234e+10
2025-07-01,447869,447869,444663,444664,5.50602e+10
2025-07-02,437436,437436,435771,437011,6.24101e+10
2025-07-07,437371,438516,436552,436552,1.87123e+10
2025-07-08,436408,436408,431384,431384,9.22332e+09
2025-07-09,430047,430047,426356,426462,1.19448e+10
2025-07-12,426253,427488,426253,427485,1.52553e+10
2025-07-13,427479,427479,426752,426962,1.69213e+10
2025-07-14,426643,427561,426643,427561,1.4424e+10
2025-07-15,427734,428173,427508,428170,1.72956e+10
2025-07-16,427923,430810,427923,430810,1.08959e+10
2025-07-19,430762,432592,430762,432539,1.27433e+10
2025-07-20,432007,432619,432007,432529,1.66237e+10
2025-07-21,431610,434106,431610,434082,4.94866e+09
2025-07-22,432958,434158,432119,432119,9.72302e+09
2025-07-23,431925,431925,428788,428788,1.22115e+10
2025-07-26,428799,428799,426539,426546,1.13675e+10
2025-07-27,426061,426061,423285,423285,1.1336e+10
2025-07-28,422816,422816,418388,418391,6.73781e+09
2025-07-29,417692,417692,414904,414904,4.82466e+09
2025-07-30,414097,414097,410495,410495,1.05109e+10
2025-08-02,409161,409161,404184,404184,3.83087e+10
2025-08-03,402717,402717,400907,400913,2.14836e+10
2025-08-04,400474,400474,398718,398905,1.67884e+10
2025-08-05,398892,399014,396589,396589,1.85176e+10
2025-08-06,396204,396204,393740,393740,1.45044e+10
2025-08-09,393777,395220,393777,394632,1.22396e+10
2025-08-10,394789,394926,393303,393316,1.31588e+10
2025-08-11,393309,393309,391371,391372,1.01084e+10
2025-08-12,391266,391266,387656,387658,1.25213e+10
2025-08-13,387216,387216,383447,383448,6.03632e+09
2025-08-16,382725,382725,381061,382100,1.36729e+10
2025-08-17,382055,385992,382055,385982,5.89374e+09
2025-08-18,386873,387985,386873,387559,1.0536e+10
2025-08-19,387576,387576,386881,386886,9.70039e+09
2025-08-20,386858,386876,386028,386044,1.10141e+10
2025-08-25,386321,386321,383614,383614,7.84705e+09
2025-08-26,383288,383288,381864,381757,1.09788e+10
2025-08-27,381796,382953,381796,382388,8.64912e+09
2025-08-30,381896,381896,378829,378829,1.09099e+10
2025-08-31,378822,380336,378822,380118,1.11046e+10
2025-09-02,380417,384425,380417,384420,7.42877e+09
2025-09-03,385473,388482,385473,388482,1.4132e+10
2025-09-06,389184,390256,389184,389423,1.86873e+10
2025-09-07,389491,391448,389481,391448,1.38736e+10
2025-09-08,391932,396879,391932,396879,1.23785e+10
2025-09-09,397875,398296,397875,397987,2.16911e+10
2025-09-13,398141,398534,398065,398507,1.26475e+10
2025-09-14,398662,402809,398662,402637,1.51591e+10
2025-09-15,403374,403963,402857,402721,2.34125e+10
2025-09-16,402604,402604,399391,399398,1.37135e+10
2025-09-17,398983,398983,396678,396531,1.22322e+10
2025-09-20,395270,395270,392073,392076,1.04231e+10
2025-09-21,390633,390633,388092,387995,2.0331e+10
2025-09-22,387942,389634,387942,389216,1.12841e+10
2025-09-23,389284,389284,388686,388686,9.7165e+09
2025-09-24,387902,387902,385509,385381,1.38746e+10
2025-09-27,385215,390812,385215,390788,1.19522e+10
2025-09-28,391996,398058,391996,398058,9.01196e+09
2025-09-29,399612,405179,399612,405164,1.36745e+10
2025-09-30,406809,406980,404880,404880,3.16643e+10
2025-10-01,404393,404393,402293,402295,2.09454e+10
2025-10-04,403369,409540,403369,409540,1.02328e+10
2025-10-05,411466,414252,411466,414252,3.4798e+10
2025-10-06,415028,416729,414944,414949,3.35982e+10
2025-10-07,415174,418739,415174,418737,2.52995e+10
2025-10-08,419497,419925,418921,418747,3.72032e+10
2025-10-11,419299,423173,419299,423136,2.29446e+10
2025-10-12,423974,431030,423974,431023,2.01273e+10
2025-10-13,432850,436071,432850,436018,3.17533e+10
2025-10-14,436765,438477,436691,436692,4.09681e+10
2025-10-15,436084,436084,434840,435399,3.15529e+10
2025-10-18,436904,444350,436904,444334,1.94379e+10
2025-10-19,446354,448161,446354,447860,2.80085e+10
2025-10-20,448351,448726,446909,446909,2.96431e+10
2025-10-21,447116,448003,446949,447060,2.36701e+10
2025-10-22,447986,450315,447986,450041,2.33041e+10
2025-10-25,450509,450614,450118,450540,2.74831e+10
2025-10-26,450947,453976,450947,453972,1.98805e+10
2025-10-27,455051,457982,455051,457955,2.6027e+10
2025-10-28,459294,461494,459294,461083,2.55887e+10
2025-10-29,461849,462351,461729,462349,2.35632e+10
2025-11-01,463362,465775,463362,463956,3.17093e+10
2025-11-02,463752,464470,462656,464434,2.43412e+10
2025-11-03,465303,468353,465303,467988,3.34721e+10
2025-11-04,468086,468086,464384,464232,3.2101e+10
2025-11-05,463511,463511,460581,460918,2.71939e+10
2025-11-08,461660,464273,461660,462948,1.8446e+10
2025-11-09,462805,462805,455551,455552,1.87708e+10
2025-11-10,454598,454598,452301,452310,2.83799e+10
2025-11-11,452669,453187,451745,451748,1.62772e+10
2025-11-12,451824,451824,451074,451694,1.32782e+10
2025-11-15,452172,453530,452172,453395,1.10549e+10
2025-11-16,453853,457198,453853,457198,1.58226e+10
2025-11-17,458427,461745,458427,460964,1.71484e+10
2025-11-18,461367,461367,460240,460134,1.40928e+10
2025-11-19,460650,461512,460650,461512,1.36873e+10
2025-11-22,462277,464963,462277,464854,1.26863e+10
2025-11-23,465352,468458,465352,468122,1.80906e+10
2025-11-25,468912,472395,468912,472191,2.32609e+10
2025-11-26,472813,472898,469840,469840,2.24012e+10
2025-11-29,469760,470348,468326,468340,2.19699e+10
2025-11-30,468557,468557,467819,467879,1.60326e+10
2025-12-01,468677,471368,468677,471081,1.48605e+10
2025-12-02,471695,474165,471695,474165,1.79586e+10
2025-12-03,474780,479045,474780,479038,1.81676e+10
2025-12-06,480376,485831,480376,485831,2.24221e+10
2025-12-07,487227,488153,485761,485762,3.28271e+10
2025-12-08,485862,487905,485862,487904,2.59096e+10
2025-12-09,488463,491718,488463,491224,3.05693e+10
2025-12-10,492105,498634,492105,498633,2.82307e+10
2025-12-13,500272,506416,500272,506413,3.712e+10
2025-12-14,507688,509809,506279,509803,3.60678e+10
2025-12-15,511288,517580,511288,517580,3.16042e+10
2025-12-16,519225,523855,519225,519718,4.44298e+10
2025-12-17,519792,522143,519766,522100,2.57414e+10
2025-12-20,524652,533423,524652,533423,3.74537e+10
2025-12-21,535467,538761,535467,538516,2.89187e+10
2025-12-22,544096,545713,542915,542915,2.94054e+10
2025-12-23,547597,548774,546856,548405,2.70356e+10
2025-12-24,558209,561119,558209,561119,3.55118e+10
2025-12-27,572132,572471,568986,568986,4.49853e+10
2025-12-28,571760,573101,571017,571771,4.54203e+10
2025-12-29,573462,573462,564570,564570,4.96016e+10
2025-12-30,554868,554868,551761,551761,4.29896e+10
2025-12-31,542712,550298,542712,550296,4.24043e+10
2026-01-04,548372,548476,542509,542716,4.93295e+10
2026-01-05,548366,552489,548366,551533,3.07313e+10
2026-01-06,560161,563898,560161,563898,2.46357e+10
2026-01-07,572992,572992,561390,561390,4.99049e+10
2026-01-10,548951,551162,548610,550844,4.99549e+10
2026-01-11,544262,547188,544262,546458,3.67692e+10
2026-01-12,553844,557186,553844,554441,3.66697e+10
2026-01-13,558577,558867,550116,550116,4.90867e+10
2026-01-14,541190,541190,538773,539820,3.02045e+10
2026-01-18,546109,548838,546109,547410,2.58408e+10
2026-01-19,554868,556066,551911,551911,3.73552e+10
2026-01-20,554686,555849,551302,555656,3.93617e+10
2026-01-21,560435,562402,560435,562393,3.82935e+10
2026-01-24,561660,561660,553462,553462,2.89712e+10
2026-01-25,541960,541960,540791,540872,1.37283e+10
2026-01-26,528462,528462,527380,527380,8.99609e+09
2026-01-27,514621,515979,514621,515922,1.20494e+10
2026-01-28,507815,509127,507815,509127,3.46501e+10
2026-01-31,507355,507839,500091,500092,1.60575e+10
2026-02-01,494326,498021,494326,498013,1.9113e+10
2026-02-02,505022,506639,505022,505385,1.53131e+10
2026-02-03,510277,510277,502442,502489,1.56108e+10
2026-02-04,510277,510277,502442,502489,1.56108e+10
2026-02-07,511016,513852,511016,513829,1.01751e+10
2026-02-08,522218,522229,511622,511627,2.16201e+10
2026-02-09,506654,506654,501455,501455,1.01697e+10
2026-02-10,498114,499318,498114,498967,1.43038e+10
2026-02-14,503279,504903,496402,496403,2.18446e+10
2026-02-15,491383,491383,486568,486568,2.38107e+10
2026-02-16,482802,484456,482578,484407,2.27092e+10
2026-02-17,488630,489012,487668,487767,1.37103e+10
2026-02-18,492401,492532,486029,486143,1.96372e+10
2026-02-21,478272,478272,474873,474885,7.91419e+09
2026-02-22,466092,466433,465538,466431,2.45399e+10
2026-02-23,470634,472439,470634,470658,1.35236e+10
2026-02-24,469896,469896,466732,467217,1.57658e+10
2026-02-25,468863,472705,468863,471299,1.20739e+10
2026-05-19,464677,468293,464677,468293,5.13185e+10
2026-05-20,472186,474787,472186,474787,3.38169e+10
2026-05-23,481895,489390,481895,488847,1.58534e+10
2026-05-24,498394,505160,498394,504472,1.97331e+10
2026-05-25,515169,515970,514834,515538,5.01094e+10
2026-05-26,521231,524493,520958,523998,4.23906e+10
2026-05-30,535626,537566,535626,537152,2.28156e+10
2026-05-31,549792,552118,549792,551987,3.71768e+10
2026-06-01,563981,563981,561042,561042,9.22569e+10
2026-06-02,565293,566115,562958,566098,6.6336e+10
2026-06-03,568825,568825,565703,566513,5.0903e+10
2026-06-06,569649,571649,568254,571408,4.4958e+10
2026-06-07,582464,586201,582464,586201,3.20881e+10
2026-06-08,577617,578724,577617,578406,3.97132e+10
2026-06-09,590887,592885,590887,592209,3.04659e+10
2026-06-10,601058,601058,598949,600692,6.20444e+10
2026-06-13,613774,616391,613774,614968,3.84718e+10
2026-06-14,629186,631283,629186,630734,6.4324e+10
2026-06-15,645727,649418,645727,648778,4.68463e+10
2026-06-16,663300,663300,655142,655142,1.34003e+11
2026-06-17,654002,655320,650899,655300,7.4597e+10
2026-06-20,662995,662995,653686,653686,8.96788e+10
2026-06-21,653400,653400,647300,647300,9.98468e+10
2026-06-22,640104,640104,638023,639200,9.29489e+10
2026-06-23,644978,647840,644812,644861,4.75851e+10
2026-06-27,650771,650771,644875,644876,7.15844e+10
2026-06-28,637482,637482,634938,634938,5.26903e+10
2026-06-29,630860,635946,630860,635942,5.49766e+10
2026-06-30,645731,647964,645731,646161,4.44372e+10
2026-07-01,652771,655630,651740,655625,4.46733e+10
2026-07-07,666221,668618,666221,668082,3.4143e+10
2026-07-08,668549,669206,665016,665016,1.01401e+11
2026-07-11,657613,657615,655416,655835,5.60502e+10
2026-07-12,642309,642632,642110,642624,0
2026-07-13,630468,635910,630468,635910,4.53739e+10
2026-07-14,630852,633511,630502,633089,5.70059e+10
2026-07-15,635902,637536,634346,634346,4.01043e+10
2026-07-18,624276,624276,621270,621270,2.02435e+10
2026-07-19,615010,620705,615010,618936,4.89122e+10
2026-07-20,627366,629497,627102,627102,3.3386e+10
2026-07-21,636209,639694,636209,637814,1.0969e+10
2026-07-22,645613,645613,639865,639865,1.73584e+10
2026-07-25,646638,646638,641518,641518,2.27008e+10
2026-07-26,654154,655527,654154,655339,4.10476e+10
2026-07-27,665071,665071,661917,662330,5.65405e+10
2026-07-28,668856,670908,668616,670597,4.35491e+10
2026-07-29,670311,673537,669457,673512,5.35795e+10
2026-08-01,678046,678046,676199,676667,5.08947e+10
2026-08-02,689212,689683,686165,686909,4.09789e+10
2026-08-03,701250,704074,701250,703859,3.82593e+10
2026-08-05,719829,721144,719829,721020,4.42882e+10
2026-08-08,737830,739510,737830,739361,5.10519e+10
2026-08-09,753571,753571,739314,739314,1.54821e+11
2026-08-10,737943,745574,737943,745573,7.50324e+10
2026-08-11,757581,757789,753694,753760,6.19685e+10
2026-08-15,759325,759325,753139,754510,9.13914e+10
2026-08-16,758703,764666,758703,764666,7.25009e+10
2026-08-17,780554,782329,780554,781687,5.10351e+10
2026-08-18,788728,788728,784645,785801,1.10607e+11
2026-08-19,785122,792003,784349,791996,6.23436e+10
2026-08-22,805144,807315,805144,806188,4.66038e+10
2026-08-23,819141,819380,811861,811863,7.98684e+10
2026-08-24,810594,816785,809442,816082,8.1389e+10
2026-08-25,822348,827834,822348,827834,5.8942e+10
2026-08-26,844007,845386,844007,845385,5.28537e+10
2026-08-29,860000,860000,856452,857194,5.89703e+10
2026-08-31,850021,854311,850021,854249,9.20856e+10
2026-09-01,864682,869435,855971,855971,1.47572e+11
2026-09-02,835997,843459,835997,843459,1.06947e+11
2026-09-05,856280,859070,853775,854110,1.05905e+11
2026-09-06,868511,869373,865102,869373,7.8734e+10
2026-09-07,888380,891749,888380,891482,3.60102e+10
2026-09-08,912019,912019,907180,907502,8.70621e+10
2026-09-09,909880,910986,905910,910013,8.77876e+10
2026-09-12,923740,924197,918848,924197,7.30368e+10
2026-09-13,943826,943985,938288,938288,9.23635e+10
2026-09-14,939262,939262,932196,934298,6.74831e+10
2026-09-15,938601,944936,938601,944936,6.99711e+10
2026-09-16,956885,956983,944316,944320,9.57128e+10
2026-09-19,949042,949042,930545,930545,7.24026e+10
2026-09-20,913623,913623,910031,911523,5.93186e+10
2026-09-21,909576,912824,906893,906896,7.46268e+10
