date,open,high,low,close,volume
1997-08-29,18.55,18.61,18.38,18.4,0
1997-09-02,18.5,18.55,18.4,18.43,0
1997-09-03,18.38,18.63,18.21,18.44,0
1997-09-04,18.6,18.6,18.34,18.37,0
1997-09-05,18.45,18.49,18.24,18.26,0
1997-09-09,18.55,18.56,18.32,18.33,0
1997-09-10,18.3,18.45,18.25,18.28,0
1997-09-11,18.43,18.48,18.28,18.3,0
1997-09-12,18.35,18.53,18.27,18.3,0
1997-09-16,18.2,18.3,18.16,18.23,0
1997-09-17,18.35,18.8,18.31,18.58,0
1997-09-18,18.59,18.67,18.4,18.41,0
1997-09-19,18.44,18.6,18.33,18.41,0
1997-09-23,18.53,18.74,18.48,18.63,0
1997-09-24,18.7,18.82,18.63,18.64,0
1997-09-25,18.55,18.84,18.53,18.8,0
1997-09-26,18.84,19.24,18.84,19.14,0
1997-09-30,19.54,19.97,19.43,19.95,0
1997-10-01,19.85,20.13,19.8,19.9,0
1997-10-02,19.82,19.95,19.75,19.82,0
1997-10-03,19.76,20.5,19.63,20.48,0
1997-10-07,21.63,21.75,20.5,20.64,0
1997-10-08,20.55,20.85,20.5,20.69,0
1997-10-09,20.55,21,20.45,20.82,0
1997-10-10,20.9,21.03,20.57,20.79,0
1997-10-14,20.42,20.62,20.03,20.14,0
1997-10-15,20.14,20.3,19.5,19.58,0
1997-10-16,19.7,19.84,19.49,19.51,0
1997-10-17,19.67,19.82,19.63,19.79,0
1997-10-21,19.85,19.88,19.63,19.77,0
1997-10-22,19.8,19.9,19.73,19.75,0
1997-10-23,19.94,20.39,19.91,20.34,0
1997-10-24,20.35,20.37,20,20.02,0
1997-10-29,20.1,20.32,19.97,19.99,0
1997-10-30,19.94,19.97,19.3,19.43,0
1997-10-31,19.55,19.93,19.5,19.64,0
1997-11-01,19.85,20.23,19.78,20.1,0
1997-11-05,20.45,20.45,19.9,19.95,0
1997-11-06,19.94,20.04,19.6,19.61,0
1997-11-07,19.61,19.73,19.35,19.38,0
1997-11-08,19.6,19.66,19.39,19.47,0
1997-11-12,20.08,20.08,19.44,19.45,0
1997-11-13,19.57,19.65,19.5,19.6,0
1997-11-14,19.65,19.68,19.5,19.52,0
1997-11-15,19.56,19.84,19.51,19.78,0
1997-11-19,19.71,19.78,19.25,19.38,0
1997-11-20,19.44,19.56,19.15,19.22,0
1997-11-21,19.22,19.3,19.03,19.18,0
1997-11-22,18.9,19.04,18.56,18.68,0
1997-11-26,18.84,19.1,18.81,19.09,0
1997-11-27,19.12,19.13,18.98,19.09,0
1997-11-28,18.87,18.89,18.36,18.56,0
1997-11-29,18.6,18.79,18.55,18.76,0
1997-12-03,18.44,18.48,17.95,18.16,0
1997-12-04,18.23,18.3,18.08,18.19,0
1997-12-05,18.05,18.2,17.87,18.17,0
1997-12-06,18.2,18.27,17.93,18,0
1997-12-10,18.27,18.34,18.14,18.15,0
1997-12-11,18.15,18.18,17.9,17.92,0
1997-12-12,17.99,18,17.4,17.42,0
1997-12-13,17.36,17.59,17.2,17.41,0
1997-12-17,17.25,17.49,17.25,17.26,0
1997-12-18,17.15,17.3,17.1,17.22,0
1997-12-19,17.2,17.55,17.2,17.4,0
1997-12-20,17.47,17.88,17.46,17.8,0
1997-12-24,17.35,17.49,17.28,17.28,0
1997-12-25,17.2,17.44,17.15,17.33,0
1997-12-26,17.4,17.4,17.3,17.33,0
1997-12-31,17.13,17.18,16.56,16.6,0
1998-01-01,16.8,16.8,16.56,16.67,0
1998-01-02,16.6,16.62,16.5,16.52,0
1998-01-07,16.27,16.29,15.78,15.79,0
1998-01-08,15.81,16.23,15.55,15.67,0
1998-01-09,15.5,15.85,15.49,15.61,0
1998-01-10,15.85,15.94,15.7,15.72,0
1998-01-14,15.1,15.5,15.1,15.33,0
1998-01-15,15.45,15.72,15.36,15.38,0
1998-01-16,15.4,15.57,15.33,15.35,0
1998-01-17,15.37,15.67,15.37,15.44,0
1998-01-21,15.69,15.88,15.69,15.83,0
1998-01-22,15.83,15.89,15.36,15.4,0
1998-01-23,15.38,15.44,15.18,15.26,0
1998-01-24,15.02,15.04,14.78,15,0
1998-01-28,14.9,16.2,14.86,15.77,0
1998-01-29,15.85,16.15,15.6,15.79,0
1998-01-30,15.9,16.15,15.85,16.08,0
1998-01-31,16.18,16.73,16.14,16.59,0
1998-02-04,15.95,15.95,15.45,15.68,0
1998-02-05,15.76,15.78,15.16,15.17,0
1998-02-06,15.25,15.29,14.96,15.05,0
1998-02-07,15.15,15.48,15.05,15.22,0
1998-02-11,15.3,15.37,15.2,15.24,0
1998-02-12,15.25,15.28,15.02,15.03,0
1998-02-13,15.12,15.2,14.55,14.59,0
1998-02-14,14.6,14.67,14.5,14.55,0
1998-02-18,14.85,14.86,14.45,14.48,0
1998-02-19,14.62,14.65,14.37,14.41,0
1998-02-20,14.42,15.1,14.22,14.94,0
1998-02-21,14.92,15.3,14.82,14.85,0
1998-02-25,14.12,14.44,13.8,13.83,0
1998-02-26,13.93,14.1,13.73,13.83,0
1998-02-27,13.78,14.15,13.78,13.91,0
1998-02-28,14.12,14.43,13.93,14.03,0
1998-03-04,14.3,14.3,14.03,14.05,0
1998-03-05,14,14.22,13.85,13.92,0
1998-03-06,14.04,14.15,13.8,13.92,0
1998-03-07,13.92,14.2,13.92,14,0
1998-03-11,13.45,13.45,12.85,12.98,0
1998-03-12,13.08,13.21,12.94,13,0
1998-03-13,13.19,13.27,12.95,12.96,0
1998-03-14,12.92,13.05,12.7,12.97,0
1998-03-18,12.65,12.68,12.26,12.31,0
1998-03-19,12.25,12.46,11.9,12.26,0
1998-03-20,12.47,13.4,12.4,13.11,0
1998-03-21,13.2,13.52,13.1,13.11,0
1998-03-25,14.9,15.63,14.78,15.04,0
1998-03-26,14.75,14.88,14.46,14.53,0
1998-03-27,14.15,15.15,14.15,15.14,0
1998-03-28,15.1,15.82,14.95,15.44,0
1998-04-01,15.45,15.52,14.76,14.77,0
1998-04-02,14.45,14.47,14.14,14.26,0
1998-04-03,14.2,14.42,13.91,13.93,0
1998-04-04,14.18,14.34,14.04,14.17,0
1998-04-07,14.35,14.35,13.82,13.87,0
1998-04-08,13.7,13.77,13.57,13.68,0
1998-04-09,13.86,14.12,13.67,13.98,0
1998-04-10,14.15,14.21,14,14,0
1998-04-15,13.7,13.78,13.41,13.45,0
1998-04-16,13.45,13.55,13.32,13.48,0
1998-04-17,14.4,14.78,14.33,14.64,0
1998-04-21,14.35,14.54,14.35,14.39,0
1998-04-22,14.4,14.68,14.32,14.51,0
1998-04-23,14.38,14.49,14.07,14.1,0
1998-04-24,14.21,14.3,13.84,13.98,0
1998-04-28,13.98,14.25,13.75,14.21,0
1998-04-29,14.34,14.62,14.26,14.6,0
1998-04-30,14.63,14.67,14.18,14.25,0
1998-05-01,14.35,14.5,14.13,14.46,0
1998-05-06,14.85,14.9,14.58,14.64,0
1998-05-07,14.53,14.79,14.45,14.49,0
1998-05-08,14.47,14.8,14.44,14.47,0
1998-05-12,14.7,15.08,14.59,14.84,0
1998-05-13,14.85,15.25,14.85,15.11,0
1998-05-14,15.29,15.29,14.65,14.68,0
1998-05-15,14.9,14.9,14.43,14.68,0
1998-05-19,14.28,14.49,14.24,14.46,0
1998-05-20,14.38,14.52,14.28,14.38,0
1998-05-21,14.2,14.32,13.65,13.72,0
1998-05-22,13.85,14,13.72,13.98,0
1998-05-27,14.07,14.15,13.65,14.14,0
1998-05-28,14.1,14.25,13.99,14.23,0
1998-05-29,14.05,14.14,13.9,14.13,0
1998-06-02,15,15,14.03,14.23,0
1998-06-03,14.1,14.36,14.1,14.14,0
1998-06-04,14,14.22,13.76,14.04,0
1998-06-05,14.4,14.76,14.3,14.48,0
1998-06-09,14.53,14.57,14.2,14.22,0
1998-06-10,14.05,14.24,13.47,13.49,0
1998-06-11,13.45,13.74,13.13,13.33,0
1998-06-12,13.5,13.63,12.85,12.87,0
1998-06-16,12.55,12.55,12.15,12.17,0
1998-06-17,12.69,13.15,12.58,12.72,0
1998-06-18,13.05,13.49,13,13.06,0
1998-06-19,13.03,13.13,12.72,12.78,0
1998-06-23,13,13.49,13,13.24,0
1998-06-24,13.6,14,13.55,13.92,0
1998-06-25,14.08,14.39,13.5,13.61,0
1998-06-26,13.58,13.58,12.99,13.11,0
1998-06-30,13.15,13.26,13.07,13.19,0
1998-07-01,13.26,13.65,13.26,13.38,0
1998-07-02,13.42,13.47,13.32,13.42,0
1998-07-03,13.51,13.7,13.5,13.57,0
1998-07-07,13.46,13.54,12.93,12.95,0
1998-07-08,12.95,13.02,12.7,12.75,0
1998-07-09,12.76,13.24,12.76,13.12,0
1998-07-10,13.25,13.32,13,13.03,0
1998-07-14,12.68,12.9,12.6,12.71,0
1998-07-15,12.85,13.16,12.82,13.02,0
1998-07-16,13.3,13.36,12.89,12.93,0
1998-07-17,12.82,12.9,12.74,12.78,0
1998-07-21,12.85,12.88,12.25,12.36,0
1998-07-22,12.45,12.9,12.38,12.9,0
1998-07-23,12.62,12.91,12.41,12.87,0
1998-07-24,12.94,13.01,12.5,12.7,0
1998-07-28,12.9,13.15,12.82,13.12,0
1998-07-29,13.13,13.25,13.02,13.19,0
1998-07-30,13,13.11,12.88,13.06,0
1998-07-31,13.13,13.24,12.87,13.08,0
1998-08-04,13.06,13.06,12.55,12.56,0
1998-08-05,12.72,12.79,12.56,12.7,0
1998-08-06,12.58,12.98,12.42,12.57,0
1998-08-07,12.6,12.82,12.51,12.61,0
1998-08-11,12.61,12.69,11.9,11.91,0
1998-08-12,11.95,12.02,11.55,11.64,0
1998-08-13,11.75,11.9,11.68,11.77,0
1998-08-14,11.9,12.36,11.9,12.09,0
1998-08-18,12.55,12.56,12.21,12.28,0
1998-08-19,12.25,12.37,12.02,12.09,0
1998-08-20,12.3,12.34,12.15,12.29,0
1998-08-21,12.2,12.68,12.15,12.64,0
1998-08-25,12.3,12.56,12.17,12.55,0
1998-08-26,12.49,12.7,12.48,12.68,0
1998-08-27,12.55,12.7,12.31,12.5,0
1998-08-28,12.41,12.46,11.98,12.28,0
1998-09-02,12.3,12.61,12.19,12.59,0
1998-09-03,12.5,12.66,12.44,12.46,0
1998-09-04,12.47,13.47,12.47,13.44,0
1998-09-08,13.4,13.45,13.03,13.06,0
1998-09-09,13.08,13.24,12.91,12.99,0
1998-09-10,13.05,13.1,12.75,12.76,0
1998-09-11,12.94,13.47,12.89,13.27,0
1998-09-15,13.09,13.24,12.83,12.85,0
1998-09-16,12.87,13.1,12.86,13.02,0
1998-09-17,13.4,13.6,13.25,13.26,0
1998-09-18,13.45,13.61,13.37,13.54,0
1998-09-22,14.33,14.45,14.1,14.38,0
1998-09-23,14.21,14.58,14.13,14.49,0
1998-09-24,14.59,14.73,14.43,14.52,0
1998-09-25,14.35,14.9,14.31,14.68,0
1998-09-29,14.53,14.55,14.21,14.35,0
1998-09-30,14.34,14.63,14.14,14.61,0
1998-10-01,14.47,14.73,14.38,14.68,0
1998-10-02,14.68,14.9,13.95,14.11,0
1998-10-06,14.13,14.29,13.89,14.07,0
1998-10-07,14,14.14,13.81,14.12,0
1998-10-08,14.02,14.1,13.75,13.78,0
1998-10-09,13.71,13.79,13.15,13.18,0
1998-10-13,13.29,13.4,13.1,13.1,0
1998-10-14,13.13,13.3,12.87,13.03,0
1998-10-15,13.1,13.13,12.65,12.69,0
1998-10-16,12.65,12.73,12.5,12.58,0
1998-10-20,13.25,13.36,12.38,12.39,0
1998-10-21,12.44,12.52,12.22,12.36,0
1998-10-22,12.51,13.17,12.45,12.85,0
1998-10-23,12.85,12.95,12.64,12.76,0
1998-10-28,13,13.2,12.93,13.04,0
1998-10-29,13.16,13.38,12.72,12.96,0
1998-10-30,12.94,13.2,12.78,13.19,0
1998-10-31,13.16,13.24,12.9,13.08,0
1998-11-04,13.32,13.45,13.06,13.06,0
1998-11-05,13.06,13.08,12.78,12.84,0
1998-11-06,12.62,12.95,12.57,12.82,0
1998-11-07,12.78,12.79,12.49,12.5,0
1998-11-11,12.45,12.48,11.85,11.9,0
1998-11-12,12,12.2,11.87,12.04,0
1998-11-13,12.2,12.45,12.1,12.11,0
1998-11-14,12.36,12.51,12.24,12.41,0
1998-11-18,12.03,12.32,11.72,11.73,0
1998-11-19,11.77,11.85,11.42,11.43,0
1998-11-20,11.4,11.7,11.15,11.55,0
1998-11-21,11.65,11.73,11.42,11.49,0
1998-11-25,11.84,11.87,11.27,11.3,0
1998-11-26,11.32,11.43,11.13,11.19,0
1998-11-27,11.2,11.36,10.65,10.9,0
1998-11-28,10.85,11.05,10.81,11,0
1998-12-02,11,11,10.08,10.46,0
1998-12-03,10.44,10.51,10.06,10.22,0
1998-12-04,10.24,10.43,10.09,10.36,0
1998-12-05,10.41,10.62,10.16,10.18,0
1998-12-09,10.39,10.39,9.9,10.26,0
1998-12-10,10.38,10.64,10.05,10.11,0
1998-12-11,10.08,10.33,9.96,9.98,0
1998-12-12,9.91,10.06,9.6,9.64,0
1998-12-16,9.97,10.19,9.82,10.13,0
1998-12-17,10.2,10.5,10.1,10.23,0
1998-12-18,10.75,11.2,10.71,11,0
1998-12-19,11,11.3,10.08,10.09,0
1998-12-23,9.95,10.19,9.55,9.75,0
1998-12-24,9.8,10.05,9.8,10.01,0
1998-12-25,10.1,10.28,10.05,10.17,0
1998-12-26,10.14,10.2,10.09,10.11,0
1998-12-31,10.42,10.63,10.31,10.61,0
1999-01-01,10.55,10.6,10.31,10.53,0
1999-01-02,10.45,10.56,10.4,10.53,0
1999-01-06,10.93,11.03,10.88,10.96,0
1999-01-07,11.05,11.05,10.51,10.53,0
1999-01-08,10.75,11.5,10.65,11.46,0
1999-01-09,11.3,11.79,11.23,11.53,0
1999-01-13,11.9,12.33,11.8,12.04,0
1999-01-14,12,12.03,11.49,11.5,0
1999-01-15,11.4,11.46,10.84,11.06,0
1999-01-16,11.23,11.47,11.15,11.18,0
1999-01-20,10.85,10.9,10.57,10.71,0
1999-01-21,10.67,11.14,10.63,10.81,0
1999-01-22,10.85,10.85,10.42,10.51,0
1999-01-23,10.65,11.02,10.53,10.98,0
1999-01-27,11.03,11.03,10.78,10.85,0
1999-01-28,10.85,10.85,10.46,10.64,0
1999-01-29,10.52,10.95,10.49,10.88,0
1999-01-30,10.95,11,10.73,11,0
1999-02-03,11.41,11.45,10.86,10.88,0
1999-02-04,10.87,10.94,10.73,10.85,0
1999-02-05,10.75,11.22,10.74,10.89,0
1999-02-06,10.89,10.92,10.56,10.57,0
1999-02-10,10.43,10.49,10.1,10.16,0
1999-02-11,10.17,10.24,10.03,10.09,0
1999-02-12,10.28,10.35,10.13,10.17,0
1999-02-13,10.17,10.27,10.07,10.1,0
1999-02-17,10.45,10.49,10.33,10.37,0
1999-02-18,10.45,10.49,10.02,10.05,0
1999-02-19,9.95,10.21,9.9,10.13,0
1999-02-20,10.1,10.78,10.06,10.61,0
1999-02-24,10.45,10.59,10.35,10.58,0
1999-02-25,10.63,11.03,10.61,10.94,0
1999-02-26,10.9,11.16,10.71,11.08,0
1999-02-27,11.08,11.22,10.86,11.1,0
1999-03-03,10.93,11,10.71,10.73,0
1999-03-04,10.65,11.02,10.63,11,0
1999-03-05,11.05,11.38,11.02,11.25,0
1999-03-06,11.24,11.76,11.11,11.53,0
1999-03-10,11.85,12.14,11.75,11.76,0
1999-03-11,11.67,11.99,11.49,11.56,0
1999-03-12,11.58,12.63,11.52,12.46,0
1999-03-13,12.47,12.7,12.15,12.18,0
1999-03-17,12.63,12.79,12.43,12.56,0
1999-03-18,12.58,12.7,12.51,12.67,0
1999-03-19,12.85,13.35,12.8,13.27,0
1999-03-20,13.53,13.97,13.13,13.37,0
1999-03-24,13.7,13.97,13.39,13.88,0
1999-03-25,13.84,13.9,13.62,13.73,0
1999-03-26,13.9,14.02,13.42,13.68,0
1999-03-27,13.55,13.97,13.45,13.94,0
1999-03-31,14.4,14.65,14.3,14.58,0
1999-04-01,14.85,14.85,14.46,14.81,0
1999-04-02,14.81,15.28,14.59,15.24,0
1999-04-03,14.7,14.84,14.57,14.72,0
1999-04-07,15.07,15.1,14.9,14.93,0
1999-04-08,14.73,14.79,14.33,14.35,0
1999-04-09,14.3,14.52,14,14.21,0
1999-04-13,14.87,14.93,14.74,14.81,0
1999-04-14,14.79,15.23,14.74,15.2,0
1999-04-15,15,15.1,14.75,14.92,0
1999-04-16,14.95,15.24,14.95,15.2,0
1999-04-20,15.72,16.1,15.61,15.92,0
1999-04-21,15.85,15.96,15.64,15.7,0
1999-04-22,15.65,16.06,15.6,15.89,0
1999-04-23,15.83,16.2,15.76,16.13,0
1999-04-27,15.82,15.85,15.47,15.7,0
1999-04-28,15.7,15.8,15.56,15.8,0
1999-04-29,15.9,16.42,15.9,16.4,0
1999-04-30,16.35,16.47,16.17,16.45,0
1999-05-05,16.7,16.94,16.65,16.93,0
1999-05-06,16.78,17.09,16.52,17.05,0
1999-05-07,16.88,16.92,16.5,16.56,0
1999-05-11,16.38,16.5,16.18,16.45,0
1999-05-12,16.45,16.45,15.84,15.96,0
1999-05-13,15.56,15.65,15.45,15.6,0
1999-05-14,15.6,16.13,15.58,16.1,0
1999-05-18,15.85,15.94,15.65,15.81,0
1999-05-19,15.67,15.67,15.03,15.14,0
1999-05-20,15.18,15.35,15.01,15.02,0
1999-05-21,14.95,15.52,14.91,15.23,0
1999-05-25,15.5,15.6,15.25,15.28,0
1999-05-26,15.1,15.45,15.01,15.43,0
1999-05-27,15.5,15.66,15.42,15.47,0
1999-05-28,15.3,15.59,15.3,15.36,0
1999-06-02,14.95,15,14.53,14.55,0
1999-06-03,14.6,14.94,14.6,14.88,0
1999-06-04,14.8,15.04,14.73,14.95,0
1999-06-08,15.64,16.24,15.51,16.1,0
1999-06-09,15.99,16.2,15.81,15.84,0
1999-06-10,15.75,16.18,15.59,16.18,0
1999-06-11,16.12,16.39,16,16.07,0
1999-06-15,16.55,16.8,16.38,16.41,0
1999-06-16,16.3,16.49,16.28,16.46,0
1999-06-17,16.95,17.2,16.42,16.47,0
1999-06-18,16.55,16.78,16.43,16.76,0
1999-06-22,16.45,16.48,16.15,16.37,0
1999-06-23,16.25,16.38,16.08,16.1,0
1999-06-24,16.33,16.78,16.27,16.63,0
1999-06-25,16.68,16.86,16.5,16.55,0
1999-06-29,16.64,16.67,16.52,16.53,0
1999-06-30,16.5,16.8,16.5,16.79,0
1999-07-01,16.9,17.52,16.88,17.51,0
1999-07-02,17.55,17.76,17.49,17.62,0
1999-07-06,17.85,18.2,17.82,18.18,0
1999-07-07,18.15,18.28,17.86,18.1,0
1999-07-08,18.02,18.17,17.88,18.15,0
1999-07-09,18.37,18.64,18.17,18.24,0
1999-07-13,18.55,18.65,18.31,18.59,0
1999-07-14,18.55,19.09,18.55,19.03,0
1999-07-15,19.25,19.43,18.8,18.94,0
1999-07-16,18.79,19.12,18.66,19.03,0
1999-07-20,19.2,19.36,19.04,19.2,0
1999-07-21,19.02,19.06,18.36,18.55,0
1999-07-22,18.35,18.7,18.15,18.58,0
1999-07-23,18.58,18.86,18.46,18.85,0
1999-07-27,19.5,19.54,19.2,19.36,0
1999-07-28,19.2,19.27,18.9,19.13,0
1999-07-29,19.01,19.5,19.01,19.34,0
1999-07-30,19.48,19.88,19.37,19.8,0
1999-08-03,19.28,19.49,19.2,19.41,0
1999-08-04,19.51,19.57,19.27,19.4,0
1999-08-05,19.25,19.9,19.25,19.63,0
1999-08-06,19.55,19.85,19.55,19.8,0
1999-08-10,20.1,20.51,19.98,20.5,0
1999-08-11,20.4,20.57,20.25,20.49,0
1999-08-12,20.5,20.85,20.31,20.63,0
1999-08-13,20.64,20.64,20.41,20.49,0
1999-08-17,20.58,20.93,20.58,20.84,0
1999-08-18,20.34,20.87,20.26,20.74,0
1999-08-19,20.75,20.77,20.52,20.57,0
1999-08-20,20.5,20.97,20.49,20.9,0
1999-08-24,21.11,21.27,20.84,20.98,0
1999-08-25,20.95,21,20.57,20.63,0
1999-08-26,20.5,20.55,19.67,19.78,0
1999-08-27,19.94,20.58,19.83,20.57,0
1999-09-01,21.22,21.42,21.11,21.33,0
1999-09-02,21.2,21.45,20.95,21.11,0
1999-09-03,20.95,21.05,20.74,20.8,0
1999-09-07,21.25,21.41,21.2,21.36,0
1999-09-08,21.46,22.04,21.34,21.98,0
1999-09-09,21.9,22.35,21.86,22.27,0
1999-09-10,22.4,23.19,22.4,23.04,0
1999-09-14,23.35,23.72,23.15,23.48,0
1999-09-15,23.41,23.8,23.41,23.71,0
1999-09-16,23.7,23.77,23,23.59,0
1999-09-17,22.8,23.24,22.7,22.72,0
1999-09-21,22.85,22.92,22.65,22.66,0
1999-09-22,22.6,22.95,22.32,22.68,0
1999-09-23,22.88,23,22.71,22.93,0
1999-09-24,23.1,23.89,23.1,23.82,0
1999-09-28,23.8,24.18,23.76,24.07,0
1999-09-29,23.95,23.98,23.64,23.76,0
1999-09-30,24.05,24.3,23.79,23.81,0
1999-10-01,23.6,23.74,23.48,23.58,0
1999-10-05,23.55,23.58,22.89,22.98,0
1999-10-06,22.87,22.96,22.35,22.93,0
1999-10-07,22.75,23.03,22.65,22.76,0
1999-10-08,22.46,22.46,21.97,22.08,0
1999-10-12,20.7,21.25,20.35,21.23,0
1999-10-13,21.35,22.08,21.35,22.05,0
1999-10-14,22.6,22.6,22.06,22.22,0
1999-10-15,22.17,22.23,21.97,22.08,0
1999-10-19,22.65,22.65,22,22.02,0
1999-10-20,21.92,22.25,21.7,21.76,0
1999-10-21,21.99,22.2,21.55,21.87,0
1999-10-22,22.03,22.35,21.97,22.11,0
1999-10-26,23.25,23.4,22.75,22.82,0
1999-10-27,22.7,22.97,22.65,22.7,0
1999-10-28,22.77,22.86,22.57,22.59,0
1999-10-29,22.45,22.45,21.4,21.42,0
1999-11-03,21.85,22.36,21.74,22.35,0
1999-11-04,22.3,22.45,22.07,22.08,0
1999-11-05,22.1,22.72,22.06,22.57,0
1999-11-06,22.7,22.88,22.5,22.85,0
1999-11-10,22.63,23.3,22.63,23.28,0
1999-11-11,23.45,24.15,23.44,24.13,0
1999-11-12,24.3,24.81,24.15,24.49,0
1999-11-13,24.34,24.36,23.76,24.28,0
1999-11-17,24.85,25.02,24.65,25,0
1999-11-18,24.4,24.55,24.16,24.54,0
1999-11-19,24.9,25.09,24.75,24.92,0
1999-11-20,24.72,25.01,24.3,24.36,0
1999-11-24,25.9,25.9,25.5,25.78,0
1999-11-25,25.58,25.71,25.1,25.15,0
1999-11-26,25.45,25.85,25.45,25.61,0
1999-11-27,25.88,25.88,25.45,25.52,0
1999-12-01,25.2,25.25,24.82,24.85,0
1999-12-02,24.75,24.75,23.58,23.64,0
1999-12-03,24.25,24.29,23.2,24.03,0
1999-12-04,24.35,25.05,24.13,24.96,0
1999-12-08,25.18,25.8,25.12,25.79,0
1999-12-09,25.7,25.7,25.1,25.4,0
1999-12-10,24.95,25.72,24.54,25.69,0
1999-12-11,25.7,25.73,24.87,25.05,0
1999-12-15,24.7,24.71,24.13,24.58,0
1999-12-16,24.47,25.15,24.43,25.02,0
1999-12-17,25.45,25.69,25.34,25.43,0
1999-12-18,25.37,26.15,25.36,26.09,0
1999-12-22,25.45,25.48,25.2,25.3,0
1999-12-23,25.37,25.37,25.1,25.29,0
1999-12-24,25.31,25.32,24.56,24.65,0
1999-12-25,24.55,25.25,24.54,25.19,0
1999-12-31,25.85,25.85,25.25,25.45,0
2000-01-01,25.28,25.33,25.05,25.08,0
2000-01-06,23.9,24.7,23.89,24.39,0
2000-01-07,24.25,24.37,23.7,23.73,0
2000-01-08,23.55,24.22,23.35,23.62,0
2000-01-12,23.04,23.78,23.04,23.73,0
2000-01-13,23.9,24.67,23.83,24.62,0
2000-01-14,24.35,25.1,24.15,24.81,0
2000-01-15,24.84,25.25,24.7,24.98,0
2000-01-19,25.55,25.75,25.42,25.65,0
2000-01-20,25.95,26.13,25.62,26.05,0
2000-01-21,26.3,26.3,25.65,25.84,0
2000-01-22,25.98,26.43,25.63,26.1,0
2000-01-26,26.68,26.85,25.88,26.06,0
2000-01-27,25.88,26.65,25.58,26.54,0
2000-01-28,26.9,26.95,26.05,26.13,0
2000-01-29,25.9,26.38,25.45,25.62,0
2000-02-02,25.4,26.19,25.21,25.97,0
2000-02-03,26.1,26.6,26.08,26.39,0
2000-02-04,26.62,26.82,25.82,25.93,0
2000-02-05,26.12,26.69,26.07,26.66,0
2000-02-09,26.85,27.05,26.67,26.88,0
2000-02-10,26.73,26.86,26.32,26.37,0
2000-02-11,26.45,26.99,26.06,26.92,0
2000-02-12,26.75,27.62,26.75,27.48,0
2000-02-16,27.85,28.78,27.82,28.76,0
2000-02-17,27.2,27.48,26.98,27.13,0
2000-02-18,27.15,27.47,26.9,27.37,0
2000-02-19,27.15,27.16,26.55,26.67,0
2000-02-23,26.35,26.4,25.78,25.93,0
2000-02-24,25.85,26.75,25.73,26.58,0
2000-02-25,26.5,27.14,26.44,27.06,0
2000-02-26,27,27.49,27,27.37,0
2000-03-01,27.2,27.78,27.2,27.41,0
2000-03-02,27.4,28.12,27.35,28.09,0
2000-03-03,28,29.14,28,29.06,0
2000-03-04,28.7,29.47,28.55,29.22,0
2000-03-08,28.95,29.69,28.95,29.63,0
2000-03-09,30.1,31.95,30.1,31.9,0
2000-03-10,31.4,31.4,28.3,28.8,0
2000-03-11,29.35,29.9,28.39,29.29,0
2000-03-15,28.9,29.13,28.55,28.89,0
2000-03-16,29,29.13,28.2,28.34,0
2000-03-17,28.35,28.47,27.35,27.53,0
2000-03-18,27.2,27.77,26.9,27.41,0
2000-03-22,26.4,26.43,25.2,25.21,0
2000-03-23,25.2,25.85,25.14,25.72,0
2000-03-24,25.45,26.18,25.26,25.4,0
2000-03-25,25.35,25.79,25.32,25.48,0
2000-03-29,25.65,25.9,25.38,25.68,0
2000-03-30,25.55,25.96,25.3,25.51,0
2000-03-31,25.24,25.27,24.25,24.4,0
2000-04-01,24.4,24.76,24.37,24.63,0
2000-04-04,25,25.22,24.5,24.51,0
2000-04-05,24.35,24.44,23.62,23.65,0
2000-04-06,23.4,23.91,23.35,23.75,0
2000-04-07,23.9,24.13,23.42,23.45,0
2000-04-11,22.4,22.4,21.3,21.3,0
2000-04-12,21.8,22.02,21.4,21.67,0
2000-04-13,21.9,23.2,21.9,23.12,0
2000-04-14,23.09,23.15,22.6,22.66,0
2000-04-18,22.15,22.93,21.9,22.74,0
2000-04-19,23.15,23.2,22.67,23.05,0
2000-04-20,23,24,23,23.77,0
2000-04-21,23.75,23.97,23.55,23.83,0
2000-04-26,23.85,23.85,23.3,23.33,0
2000-04-27,23.3,23.35,22.95,22.98,0
2000-04-28,23.05,23.85,23.05,23.76,0
2000-05-03,24.1,25.37,24.05,25.08,0
2000-05-04,25.15,25.7,24.9,25,0
2000-05-05,24.9,25.5,24.73,25.15,0
2000-05-09,25.3,26.15,25.25,26.08,0
2000-05-10,26.71,26.95,25.71,26.82,0
2000-05-11,26.6,26.74,26.32,26.42,0
2000-05-12,26.45,27.6,26.32,27.45,0
2000-05-16,27.64,28.52,27.48,28.33,0
2000-05-17,28.36,28.85,28.35,28.78,0
2000-05-18,27.95,28.12,27.56,27.89,0
2000-05-19,28,28.95,28,28.92,0
2000-05-23,28.55,28.6,27.19,27.43,0
2000-05-24,27.5,27.6,27.1,27.5,0
2000-05-25,27.7,28.65,27.7,28.61,0
2000-05-26,28.61,29.2,28.37,29.19,0
2000-05-31,28.65,29.13,28.65,28.96,0
2000-06-01,29.1,29.52,28.2,28.31,0
2000-06-02,28.4,29.2,28.4,29.19,0
2000-06-06,29.4,29.41,28.26,28.37,0
2000-06-07,28.45,28.8,28.31,28.59,0
2000-06-08,28.55,29.28,27.9,29.22,0
2000-06-09,29.15,29.48,28.7,29.07,0
2000-06-13,29.85,31.27,29.8,31.21,0
2000-06-14,30.9,31.7,30.9,31.49,0
2000-06-15,31.41,31.41,30.87,31.02,0
2000-06-16,30.65,31.38,30.56,31.26,0
2000-06-20,27.95,28.15,27.58,27.98,0
2000-06-21,27.86,29.1,27.86,29.02,0
2000-06-22,29.1,30.11,28.58,29.33,0
2000-06-23,29.2,30.25,29,30.15,0
2000-06-27,30.65,30.8,29.73,29.75,0
2000-06-28,29.65,30.55,29.36,30.24,0
2000-06-29,30.03,30.57,29.97,30.11,0
2000-06-30,30.05,30.95,29.96,30.8,0
2000-07-04,30.65,31.25,30.62,31.1,0
2000-07-05,30.4,30.59,29.5,29.58,0
2000-07-06,29.22,29.4,28.55,29.38,0
2000-07-07,29.4,29.95,28.92,29.67,0
2000-07-11,29.35,29.63,28.75,28.85,0
2000-07-12,28.65,29.29,28.51,29.22,0
2000-07-13,28.95,29.8,28.81,29.67,0
2000-07-14,29.65,30.3,29.4,30.26,0
2000-07-18,28.9,28.9,28.52,28.56,0
2000-07-19,28.5,29.8,28.4,29.32,0
2000-07-20,29.35,29.45,28.72,28.88,0
2000-07-21,28.75,29.06,28.25,28.27,0
2000-07-25,27.5,27.67,26.9,26.92,0
2000-07-26,26.9,27.27,26.81,26.94,0
2000-07-27,26.9,27.45,26.78,26.83,0
2000-07-28,27,27.25,26.9,27.15,0
2000-08-01,27.35,27.45,26.65,26.93,0
2000-08-02,26.8,27.45,26.73,27.14,0
2000-08-03,27.6,27.87,27.5,27.59,0
2000-08-04,27.6,28.35,27.6,28.31,0
2000-08-08,29.45,29.5,28.47,28.52,0
2000-08-09,28.55,28.95,28.37,28.9,0
2000-08-10,29.8,30.15,29.52,29.87,0
2000-08-11,29.8,31.08,29.63,30.88,0
2000-08-15,30.5,31.5,30.5,31.48,0
2000-08-16,31.5,32.8,31.5,32.18,0
2000-08-17,31.6,32.68,31.6,32.53,0
2000-08-18,30,30.77,30,30.16,0
2000-08-22,30.6,31.15,30.58,30.6,0
2000-08-23,30.8,31.24,29.9,29.93,0
2000-08-24,30.9,31.18,30.55,30.69,0
2000-08-25,30.81,30.86,30.22,30.35,0
2000-08-30,31.49,31.49,31.1,31.36,0
2000-08-31,31.36,32,30.67,31.98,0
2000-09-01,31.75,32.12,31.62,31.72,0
2000-09-05,31.95,32.85,31.95,32.84,0
2000-09-06,32.8,33,32.38,32.98,0
2000-09-07,33.05,34.3,33.03,34.28,0
2000-09-08,34.35,34.6,33.46,34.55,0
2000-09-12,32.2,34.25,32.1,33.62,0
2000-09-13,33.9,34.37,32.26,32.48,0
2000-09-14,32.01,32.37,31.3,31.53,0
2000-09-15,31.7,32.02,31.4,31.94,0
2000-09-19,33.8,34.98,33.75,34.46,0
2000-09-20,34.38,34.46,33.6,33.63,0
2000-09-21,34.25,34.81,33.7,33.74,0
2000-09-22,33.55,34.08,32.7,32.73,0
2000-09-26,30.25,30.97,29.9,30.24,0
2000-09-27,30.4,30.75,30.27,30.42,0
2000-09-28,30.6,31.27,30.5,30.54,0
2000-09-29,30.35,30.35,29.25,29.26,0
2000-10-03,30.2,31.27,30.1,31.08,0
2000-10-04,31,31.19,30.7,31.05,0
2000-10-05,30.75,30.75,30.35,30.52,0
2000-10-06,29.9,29.95,29.42,29.89,0
2000-10-10,30.7,30.96,30.24,30.76,0
2000-10-11,31.1,31.9,31,31.85,0
2000-10-12,32.65,32.65,31.5,31.79,0
2000-10-13,31.58,35.3,31.55,34.59,0
2000-10-17,31.95,32.97,31.85,31.9,0
2000-10-18,31.45,31.58,30.56,31.13,0
2000-10-19,31.6,32.05,30.85,31.1,0
2000-10-20,31.1,31.7,30.7,30.74,0
2000-10-24,32.05,32.18,31.32,32.09,0
2000-10-25,32.05,32.29,31.55,31.59,0
2000-10-26,31.8,32.15,31.3,31.36,0
2000-10-27,31.4,32.16,31.27,31.96,0
2000-11-01,30.74,31.38,30.74,31.14,0
2000-11-02,31.09,31.1,30.38,30.76,0
2000-11-03,31.1,31.71,31.05,31.31,0
2000-11-04,30.85,31.13,30.45,30.78,0
2000-11-08,30.63,31.3,30.4,31.29,0
2000-11-09,31.27,31.7,31.12,31.68,0
2000-11-10,31.68,31.74,30.88,31.32,0
2000-11-11,31.32,32.2,31.31,32.16,0
2000-11-15,32.3,32.98,31.95,32.94,0
2000-11-16,32.98,33.55,32.25,32.69,0
2000-11-17,32.8,34,32.8,33.9,0
2000-11-18,32.8,33.12,32.7,32.77,0
2000-11-22,33.38,33.95,32.8,33.07,0
2000-11-23,33,33.48,32.85,33.1,0
2000-11-24,32.73,33.32,32.65,33.24,0
2000-11-25,33.24,33.65,32.9,33.28,0
2000-11-29,33,33.45,32.91,33.06,0
2000-11-30,33,33,32.1,32.19,0
2000-12-01,32,32.75,31.95,32.68,0
2000-12-02,32.64,33.15,31.8,31.88,0
2000-12-06,30.5,30.81,29.2,29.34,0
2000-12-07,29.55,29.65,27.65,27.79,0
2000-12-08,27.84,28.43,26.7,28.01,0
2000-12-09,28.36,28.45,27.2,27.47,0
2000-12-13,26.98,27.6,26.8,27.54,0
2000-12-14,27.6,27.82,26.8,27.06,0
2000-12-15,27.4,27.4,25,25.14,0
2000-12-16,25.6,26.25,25.2,25.36,0
2000-12-20,26.14,26.84,25.98,26.24,0
2000-12-21,26.25,26.25,24.95,25,0
2000-12-22,25.2,25.23,22.9,22.97,0
2000-12-23,23.56,24.08,23.4,23.61,0
2000-12-29,24.3,24.54,23.94,24.04,0
2000-12-30,23.65,23.93,23.63,23.71,0
2001-01-04,24.4,24.9,24.2,24.3,0
2001-01-05,24.5,25.3,24.2,25.03,0
2001-01-06,25.09,25.85,24.77,25.35,0
2001-01-10,25.33,25.63,24.4,24.43,0
2001-01-11,24.5,24.83,24.12,24.59,0
2001-01-12,24.78,25.4,24.42,25.34,0
2001-01-13,25.55,25.9,25.2,25.61,0
2001-01-17,25.98,26.28,25.75,26.18,0
2001-01-18,26.18,26.5,26.03,26.2,0
2001-01-19,25.69,25.75,24.33,24.79,0
2001-01-20,24.9,25.7,24.55,25.62,0
2001-01-24,26.9,27.28,26.5,26.53,0
2001-01-25,26.4,26.72,26.2,26.67,0
2001-01-26,26.5,26.79,25.83,26.26,0
2001-01-27,26.3,26.52,25.94,26.46,0
2001-01-31,26.85,27.48,26.25,26.6,0
2001-02-01,26.58,27.08,26.3,26.89,0
2001-02-02,27.1,27.22,26.31,26.66,0
2001-02-03,26.55,28.25,26.35,28.1,0
2001-02-07,29.2,29.2,28.08,28.45,0
2001-02-08,28.25,28.89,28.25,28.7,0
2001-02-09,28.6,29.95,28.6,29.91,0
2001-02-10,29.7,30.36,29.62,29.84,0
2001-02-14,29.3,29.39,28.75,29,0
2001-02-15,28.85,29,28.35,28.46,0
2001-02-16,27.56,28.26,27.22,27.28,0
2001-02-17,27,27.18,26.35,26.64,0
2001-02-21,27.4,27.62,27.07,27.31,0
2001-02-22,27.34,27.46,26.6,26.62,0
2001-02-23,26.74,26.85,26.25,26.37,0
2001-02-24,26.7,26.8,26.05,26.46,0
2001-02-28,26.5,26.67,26.05,26.11,0
2001-03-01,25.95,26.32,25.7,26.02,0
2001-03-02,25.95,26.42,25.5,25.57,0
2001-03-03,25.7,25.95,25.4,25.85,0
2001-03-07,26.18,26.9,26.18,26.71,0
2001-03-08,26.79,26.81,26.32,26.48,0
2001-03-09,26.63,27.25,26.42,27.23,0
2001-03-10,27.1,27.25,26.65,26.68,0
2001-03-14,26.1,26.25,25.88,25.9,0
2001-03-15,25.95,25.95,25.25,25.28,0
2001-03-16,25.15,25.56,23.75,23.93,0
2001-03-17,24.15,24.54,23.9,24.19,0
2001-03-21,25.3,25.4,24.73,24.81,0
2001-03-22,24.81,25.19,24.6,24.62,0
2001-03-23,24.55,25.2,24.5,25,0
2001-03-24,25.1,25.28,24.6,24.63,0
2001-03-28,25.54,25.8,25.36,25.4,0
2001-03-29,25.55,25.97,25.54,25.89,0
2001-03-30,25.65,25.95,25.25,25.27,0
2001-03-31,24.8,25.2,24.33,24.5,0
2001-04-03,24.85,24.9,24.1,24.11,0
2001-04-04,24.25,24.8,24.16,24.77,0
2001-04-05,25.17,25.48,25.06,25.32,0
2001-04-06,25.26,25.95,25.09,25.32,0
2001-04-10,25.15,25.58,25.08,25.28,0
2001-04-11,25.57,26.77,25.46,26.54,0
2001-04-12,26.25,26.75,26.19,26.53,0
2001-04-13,27.07,27.87,27.05,27.37,0
2001-04-18,27.95,28.25,27.51,27.63,0
2001-04-19,27.2,27.4,26.8,27.29,0
2001-04-20,27.3,27.42,26.68,26.83,0
2001-04-24,26.45,26.83,26.35,26.55,0
2001-04-25,26.75,26.92,26.3,26.32,0
2001-04-26,26.22,26.9,26.2,26.82,0
2001-04-27,26.98,27.95,26.9,27.6,0
2001-05-01,27.9,28.48,27.52,27.89,0
2001-05-02,27.62,28.4,27.62,28.33,0
2001-05-03,27.8,27.89,27.51,27.59,0
2001-05-04,27.7,28.15,27.01,28.07,0
2001-05-09,27.6,28.05,27.6,27.9,0
2001-05-10,28.09,28.18,27.5,28.15,0
2001-05-11,28.5,28.8,28,28.48,0
2001-05-15,28.19,28.36,27.78,28.28,0
2001-05-16,28.35,28.4,27.96,28.16,0
2001-05-17,28.16,28.88,27.95,28.36,0
2001-05-18,28.3,28.55,28.16,28.46,0
2001-05-22,29.68,29.68,29.22,29.42,0
2001-05-23,29.5,29.6,29.31,29.36,0
2001-05-24,29.28,29.4,29.05,29.24,0
2001-05-25,29.17,29.48,28.2,28.53,0
2001-05-30,28.47,29.23,28.42,29.17,0
2001-05-31,29.28,29.3,28.88,29.14,0
2001-06-01,28.89,29.35,28.38,29.34,0
2001-06-05,29.43,29.71,29.03,29.26,0
2001-06-06,29.32,29.69,28.93,29.68,0
2001-06-07,29.18,29.25,28.7,28.96,0
2001-06-08,28.84,28.84,28.43,28.5,0
2001-06-12,29.72,30,29.44,29.57,0
2001-06-13,29.6,29.62,29.03,29.46,0
2001-06-14,29.79,29.83,29.25,29.34,0
2001-06-15,29.13,29.82,29.04,29.59,0
2001-06-19,28.08,28.08,26.97,27.01,0
2001-06-20,27.1,27.34,26.72,26.98,0
2001-06-21,26.88,27.15,26.05,26.09,0
2001-06-22,26.24,26.47,25.87,26.3,0
2001-06-26,26.65,27.08,26.65,27.07,0
2001-06-27,27.25,27.31,26.7,26.99,0
2001-06-28,26.55,26.68,25.24,25.66,0
2001-06-29,25.68,25.77,24.91,25.4,0
2001-07-03,26.3,26.42,25.1,25.64,0
2001-07-04,25.55,25.61,25.07,25.36,0
2001-07-05,25.5,25.85,25.5,25.8,0
2001-07-06,25.9,25.95,25.3,25.84,0
2001-07-10,26.7,26.76,26.15,26.15,0
2001-07-11,26.18,26.26,25.75,25.93,0
2001-07-12,25.62,25.92,25.25,25.52,0
2001-07-13,25.25,25.28,24.53,25.14,0
2001-07-17,24.95,25,24.56,24.78,0
2001-07-18,24.95,25.54,24.87,24.89,0
2001-07-19,24.65,24.9,24.2,24.22,0
2001-07-20,24.22,24.92,23.97,24.05,0
2001-07-24,25.1,25.18,24.75,24.92,0
2001-07-25,25,25.08,24.85,24.9,0
2001-07-26,25,25.45,24.95,25.25,0
2001-07-27,25.32,25.51,25.1,25.14,0
2001-07-31,25.19,25.19,24.9,24.96,0
2001-08-01,24.87,25.1,24.67,24.69,0
2001-08-02,25.09,25.2,24.7,24.96,0
2001-08-03,24.97,26.18,24.97,26.13,0
2001-08-07,25.62,25.88,25.6,25.83,0
2001-08-08,25.8,26.55,25.8,26.08,0
2001-08-09,26.28,26.41,25.57,25.7,0
2001-08-10,25.7,25.75,25.51,25.68,0
2001-08-14,26.15,26.28,25.8,25.88,0
2001-08-15,25.95,26.04,25.75,25.99,0
2001-08-16,26.1,26.33,25.51,25.55,0
2001-08-17,25.55,25.75,25.45,25.55,0
2001-08-21,24.68,25.15,24.5,25.05,0
2001-08-22,25.24,25.55,25.02,25.49,0
2001-08-23,25.9,25.94,25.33,25.34,0
2001-08-24,25.3,25.7,25.26,25.6,0
2001-08-29,25.85,26.55,25.8,26.47,0
2001-08-30,26.57,26.79,26.2,26.53,0
2001-08-31,26.4,26.42,26.03,26.09,0
2001-09-04,26.5,26.68,26.5,26.54,0
2001-09-05,26.52,26.6,26.13,26.26,0
2001-09-06,26.24,26.6,26.06,26.32,0
2001-09-07,26.33,27,26.32,26.96,0
2001-09-11,27.6,27.75,27.4,27.45,0
2001-09-12,27.39,31.05,27.25,29.06,0
2001-09-13,29.1,29.5,28,28.02,0
2001-09-14,27.74,28.18,27.55,28.1,0
2001-09-18,29.43,29.8,28.35,28.38,0
2001-09-19,28.5,28.52,27.2,27.27,0
2001-09-20,27.38,27.6,25.65,26.32,0
2001-09-21,26.4,26.86,25.83,25.92,0
2001-09-25,25.1,25.16,21.7,22.02,0
2001-09-26,22.5,23.15,21.35,22.38,0
2001-09-27,22,23.05,20.7,23,0
2001-09-28,22.8,23.12,22.15,22.79,0
2001-10-02,23.2,23.25,22.25,22.89,0
2001-10-03,22.79,22.79,22.02,22.05,0
2001-10-04,21.82,21.94,21.29,21.52,0
2001-10-05,21.65,22.38,21.53,22.15,0
2001-10-09,21.8,22.1,21.53,21.57,0
2001-10-10,21.77,22,21.6,21.88,0
2001-10-11,21.8,22.45,21.77,22.01,0
2001-10-12,22.25,22.7,22.15,22.46,0
2001-10-16,21.7,21.9,21.44,21.68,0
2001-10-17,21.63,21.93,21.45,21.7,0
2001-10-18,21.7,21.7,20.84,20.99,0
2001-10-19,21,21.02,20.32,20.62,0
2001-10-23,21.33,21.59,20.95,21.05,0
2001-10-24,21.16,21.57,20.93,20.94,0
2001-10-25,20.75,21.51,20.53,21.26,0
2001-10-26,21.32,21.55,21,21.01,0
2001-10-31,21.25,21.52,20.95,21.1,0
2001-11-01,21.11,21.21,20.86,20.91,0
2001-11-02,21,21,20.05,20.37,0
2001-11-03,20.35,20.5,19.55,19.62,0
2001-11-07,19.72,19.95,19.16,19.44,0
2001-11-08,19.45,19.46,18.89,19.07,0
2001-11-09,19.05,19.52,18.85,19.33,0
2001-11-10,19.5,20.37,19.5,20.28,0
2001-11-14,21.63,21.63,19.85,20.39,0
2001-11-15,20.4,21.05,20,20.81,0
2001-11-16,20.32,20.32,18.65,18.75,0
2001-11-17,17.99,18.8,16.8,17.68,0
2001-11-21,17.4,18.05,16.65,18.01,0
2001-11-22,17.79,19.12,17.79,18.75,0
2001-11-23,19,19.2,18.55,18.73,0
2001-11-24,18.8,20.08,18.7,19.9,0
2001-11-28,18.6,18.9,18.1,18.36,0
2001-11-29,18.48,19.22,18.15,19.02,0
2001-11-30,18.84,19.05,18.5,18.69,0
2001-12-01,18.9,18.9,18.2,18.41,0
2001-12-05,18.92,19.98,18.65,19.71,0
2001-12-06,19.85,20.04,19.26,19.29,0
2001-12-07,19.2,20.25,19.15,19.22,0
2001-12-08,19.33,19.75,18.12,18.39,0
2001-12-12,18.7,18.7,18.1,18.17,0
2001-12-13,18.2,18.21,17.8,17.91,0
2001-12-14,17.85,18.55,17.7,18.2,0
2001-12-15,18.09,18.38,17.73,17.8,0
2001-12-19,19.05,19.38,18.65,19.06,0
2001-12-20,19.05,19.39,18.86,19.18,0
2001-12-21,19.25,19.76,19.25,19.47,0
2001-12-22,19.4,19.86,19.04,19.13,0
2001-12-26,19.58,19.68,19.32,19.34,0
2001-12-29,20.88,20.88,19.98,20.34,0
2002-01-02,20.2,20.23,19.85,19.9,0
2002-01-04,19.46,21,19.46,21,0
2002-01-05,21,21.1,20.62,20.66,0
2002-01-09,22,22.4,21.65,22.03,0
2002-01-10,21.94,22.15,21.55,22.02,0
2002-01-11,21.4,21.55,20.85,20.89,0
2002-01-12,20.9,21.3,20.45,21.29,0
2002-01-16,20.6,20.68,19.6,19.78,0
2002-01-17,19.88,20.1,19.67,19.7,0
2002-01-18,19.32,19.44,18.94,19.36,0
2002-01-19,19.15,19.38,18.23,18.41,0
2002-01-23,18.52,18.66,18.41,18.57,0
2002-01-24,18.6,19.25,18.56,18.75,0
2002-01-25,18.86,19.29,18.86,19.19,0
2002-01-26,19.19,19.25,18.7,19.13,0
2002-01-30,19.6,19.75,19.4,19.65,0
2002-01-31,19.5,19.53,19.08,19.24,0
2002-02-01,18.92,19.05,18.38,18.79,0
2002-02-02,19,19.22,18.75,19.18,0
2002-02-06,19.8,19.92,19.6,19.81,0
2002-02-07,19.77,19.77,19.3,19.56,0
2002-02-08,19.6,19.77,19.25,19.31,0
2002-02-09,19.25,19.27,18.85,19.21,0
2002-02-13,19.65,21.71,19.5,21.44,0
2002-02-14,21.3,21.38,20.4,20.46,0
2002-02-15,20.35,21,20.28,20.7,0
2002-02-16,21.05,21.4,20.8,20.82,0
2002-02-20,20.87,20.89,20.3,20.33,0
2002-02-21,20.35,20.7,20.31,20.52,0
2002-02-22,20.3,20.3,19.8,19.86,0
2002-02-23,20.3,20.66,20.03,20.37,0
2002-02-27,20.3,20.34,19.96,19.98,0
2002-02-28,19.85,21.06,19.85,20.86,0
2002-03-01,20.8,21.32,20.63,20.85,0
2002-03-02,20.9,21.4,20.85,21.33,0
2002-03-06,21.85,22.02,21.62,21.94,0
2002-03-07,22.15,22.92,22.1,22.79,0
2002-03-08,22.91,23,22.18,22.72,0
2002-03-09,23.1,24.15,22.9,23.3,0
2002-03-13,23.8,24.05,23.53,23.89,0
2002-03-14,23.67,23.9,23.37,23.7,0
2002-03-15,24.2,24.25,23.6,23.89,0
2002-03-16,23.8,24.23,23.46,24.06,0
2002-03-20,24.4,25.2,24.16,25.07,0
2002-03-21,25.12,25.23,24.73,24.91,0
2002-03-22,25.17,25.6,24.6,24.66,0
2002-03-23,24.55,25.58,24.4,25.42,0
2002-03-27,25.15,25.17,24.65,25.13,0
2002-03-28,25.14,25.35,24.75,25.31,0
2002-03-29,25.65,25.72,25.32,25.44,0
2002-03-30,25.62,25.95,25.3,25.92,0
2002-04-04,26.36,27.68,26.35,27.66,0
2002-04-05,26.98,27.4,26.8,27.27,0
2002-04-06,27.28,28.15,26.8,27.31,0
2002-04-09,26.78,27.43,26.4,27.02,0
2002-04-10,26.6,26.7,26.05,26.08,0
2002-04-11,25.95,26.3,25.73,26.01,0
2002-04-12,25.91,25.91,25,25.04,0
2002-04-16,24.62,24.8,24.35,24.7,0
2002-04-17,24.1,24.91,24.08,24.58,0
2002-04-18,25.08,25.43,24.82,25.38,0
2002-04-19,25.45,26.05,25.45,25.77,0
2002-04-23,26.3,26.39,25.32,25.89,0
2002-04-24,26.05,26.15,25.7,26,0
2002-04-25,25.56,25.78,25.37,25.76,0
2002-04-26,25.65,26.25,25.37,25.93,0
2002-04-30,25.95,26.73,25.85,26.68,0
2002-05-01,26.55,26.71,26.26,26.47,0
2002-05-02,26,26.2,25.77,25.87,0
2002-05-03,25.62,25.65,24.79,25.43,0
2002-05-08,25.4,25.53,24.78,25.41,0
2002-05-09,25.74,26.1,25.4,26.03,0
2002-05-10,25.9,26.2,25.58,25.94,0
2002-05-14,25.9,26.6,25.9,26.58,0
2002-05-15,26.8,27.35,26.8,27.31,0
2002-05-16,27.1,27.1,26.15,26.17,0
2002-05-17,26.3,26.61,26.09,26.22,0
2002-05-21,26.36,26.67,26.15,26.38,0
2002-05-22,26.28,26.3,25.5,25.6,0
2002-05-23,25.8,25.85,25.35,25.5,0
2002-05-24,25.75,25.98,25.35,25.39,0
2002-05-28,25.27,25.27,24.91,24.94,0
2002-05-29,24.95,25.3,24.75,24.76,0
2002-05-30,24.5,25.18,24.4,25.12,0
2002-05-31,24.68,24.68,23.93,24.05,0
2002-06-06,24.1,24.3,24,24.18,0
2002-06-07,24.4,24.55,23.63,24.22,0
2002-06-11,23.94,24.07,23.62,23.66,0
2002-06-12,23.65,23.74,23.22,23.3,0
2002-06-13,23.4,23.7,23.24,23.51,0
2002-06-14,23.75,24.23,23.75,24.06,0
2002-06-18,25.28,25.64,25.05,25.24,0
2002-06-19,25.05,25.1,24.75,24.79,0
2002-06-20,24.9,25.2,24.5,24.55,0
2002-06-21,24.72,25.1,24.52,25.07,0
2002-06-25,24.89,25.32,24.76,25.27,0
2002-06-26,25.45,25.85,25.15,25.2,0
2002-06-27,25.3,25.35,24.66,25.24,0
2002-06-28,25.24,25.59,25.24,25.45,0
2002-07-02,25.5,25.72,25.39,25.64,0
2002-07-03,25.61,25.97,25.6,25.75,0
2002-07-04,25.73,25.96,25.52,25.84,0
2002-07-05,25.88,25.94,25.5,25.55,0
2002-07-09,25.7,25.75,24.96,25.08,0
2002-07-10,25.1,25.2,24.75,25.17,0
2002-07-11,25.38,26.02,25.31,25.93,0
2002-07-12,25.72,26.07,25.7,25.96,0
2002-07-16,26.5,26.66,26.05,26.06,0
2002-07-17,26.14,26.41,25.9,26.28,0
2002-07-18,26.35,26.5,26.05,26.44,0
2002-07-19,26.3,26.4,26.16,26.28,0
2002-07-23,25.23,26.15,25.15,25.42,0
2002-07-24,25.46,25.57,24.98,25.04,0
2002-07-25,25.35,25.54,24.65,25.33,0
2002-07-26,25.42,25.47,25.05,25.26,0
2002-07-30,25.03,25.08,24.8,25,0
2002-07-31,25.03,25.82,25.03,25.68,0
2002-08-01,25.82,26.01,25.4,25.44,0
2002-08-02,25.35,25.63,24.99,25.01,0
2002-08-06,25.35,25.45,24.73,24.89,0
2002-08-07,24.89,25.56,24.84,25.53,0
2002-08-08,25.32,25.49,24.76,24.95,0
2002-08-09,24.95,25.2,24.75,25.11,0
2002-08-13,25.3,26.05,25,26.04,0
2002-08-14,25.97,26.28,25.82,26.15,0
2002-08-15,26.59,26.6,26.34,26.38,0
2002-08-16,26.4,26.92,26.32,26.8,0
2002-08-20,26.8,27.5,26.75,27.26,0
2002-08-21,27.3,27.45,27.04,27.1,0
2002-08-22,26.8,27.68,26.77,27.41,0
2002-08-23,27.4,27.59,27,27.02,0
2002-08-28,27.68,27.92,27.17,27.22,0
2002-08-29,27.29,27.29,26.81,26.95,0
2002-08-30,26.85,27.57,26.77,27.52,0
2002-09-03,27.4,27.56,27.25,27.54,0
2002-09-04,27.3,27.35,26.45,26.57,0
2002-09-05,26.54,27.35,26.54,27.1,0
2002-09-06,27.48,27.7,27.13,27.66,0
2002-09-10,28.61,28.65,28.05,28.49,0
2002-09-11,28.57,29.02,28.52,28.58,0
2002-09-12,28.38,28.75,28.36,28.39,0
2002-09-13,28.39,28.59,27.48,27.73,0
2002-09-17,28.68,28.68,28.21,28.52,0
2002-09-18,27.27,28.08,27.27,27.97,0
2002-09-19,28.17,28.54,28.06,28.32,0
2002-09-20,28.42,28.65,28.09,28.38,0
2002-09-24,28.86,29.37,28.72,29.13,0
2002-09-25,29.45,29.88,28.99,29.11,0
2002-09-26,29.02,29.23,28.83,29.06,0
2002-09-27,29.1,29.2,28.66,28.89,0
2002-10-01,29.3,29.3,28.69,28.75,0
2002-10-02,28.85,29.39,28.7,29.01,0
2002-10-03,29.1,29.24,28.73,28.82,0
2002-10-04,28.92,29.05,28.15,28.26,0
2002-10-08,28.5,28.6,28.02,28.23,0
2002-10-09,28.2,28.2,27.6,28.09,0
2002-10-10,28.09,28.4,27.87,28.13,0
2002-10-11,28,28,27.35,27.74,0
2002-10-15,28.06,28.54,27.88,28.5,0
2002-10-16,28.36,28.78,28.3,28.5,0
2002-10-17,28.5,28.7,28.34,28.58,0
2002-10-18,27.68,28.09,27.55,27.97,0
2002-10-22,27.72,27.75,26.52,26.59,0
2002-10-23,26.49,26.76,26.15,26.43,0
2002-10-24,26.4,26.75,26.3,26.51,0
2002-10-25,26.73,26.81,26.36,26.46,0
2002-10-30,25.6,25.8,25.12,25.68,0
2002-10-31,25.68,25.78,25.3,25.31,0
2002-11-01,25.36,25.7,25.05,25.3,0
2002-11-02,25.41,25.85,25.38,25.72,0
2002-11-06,25.25,25.54,25,25.02,0
2002-11-07,25.05,25.13,24.1,24.12,0
2002-11-08,24.03,24.39,23.6,23.7,0
2002-11-09,23.86,24.6,23.25,23.48,0
2002-11-13,23.75,24.3,23.65,23.79,0
2002-11-14,23.84,24.1,23.6,23.72,0
2002-11-15,24,24.04,22.6,22.7,0
2002-11-16,22.85,23.02,22.56,22.81,0
2002-11-20,23.59,24.38,23.52,24.28,0
2002-11-21,24.6,24.78,24.05,24.08,0
2002-11-22,24.15,24.65,24.07,24.53,0
2002-11-23,24.65,25.06,24.65,24.83,0
2002-11-27,25.51,25.71,24.65,24.67,0
2002-11-28,24.78,25,24.67,24.85,0
2002-11-29,25.04,25.42,25.04,25.25,0
2002-11-30,25.35,25.37,24.95,25.01,0
2002-12-04,25.35,25.75,25.17,25.62,0
2002-12-05,25.8,26.1,25.61,25.85,0
2002-12-06,25.78,26,25.12,25.18,0
2002-12-07,25.32,25.9,25.2,25.8,0
2002-12-11,25.9,25.92,25.61,25.76,0
2002-12-12,25.67,26.48,25.47,26.42,0
2002-12-13,26.35,26.72,26.1,26.25,0
2002-12-14,26.35,26.94,26.24,26.87,0
2002-12-18,27.71,28.4,27.65,28.38,0
2002-12-19,28.17,28.17,27.75,27.92,0
2002-12-20,27.81,29,27.55,28.49,0
2002-12-21,28.85,29.4,28.2,28.22,0
2002-12-25,28.9,29.85,28.82,29.72,0
2002-12-26,29.8,29.82,29.4,29.61,0
2002-12-27,29.82,29.82,29.4,29.4,0
2002-12-28,29.82,29.82,29.4,29.4,0
2003-01-01,30.6,31.02,29.59,29.66,0
2003-01-02,29,29.44,28.64,28.66,0
2003-01-04,29.3,29.58,29,29.43,0
2003-01-08,30.69,30.88,29.9,30.2,0
2003-01-09,29.9,29.95,29.1,29.33,0
2003-01-10,29.32,29.32,27.85,28.79,0
2003-01-11,29.27,29.72,28.85,29.64,0
2003-01-15,29.3,30.45,29.2,30.2,0
2003-01-16,29.95,31.25,29.9,30.61,0
2003-01-17,30.54,31.25,30.51,31.22,0
2003-01-18,31.3,31.8,31.1,31.66,0
2003-01-22,30.75,30.83,30.53,30.65,0
2003-01-23,30.82,31.21,30,30.74,0
2003-01-24,30.6,30.8,30.15,30.34,0
2003-01-25,30.3,30.5,29.61,29.72,0
2003-01-29,30.75,30.75,29.83,29.86,0
2003-01-30,30.3,30.33,30.05,30.27,0
2003-01-31,30.25,31.26,29.84,31.02,0
2003-02-01,30.82,31.28,30.74,31.21,0
2003-02-05,30.89,30.92,30.22,30.25,0
2003-02-06,30.46,31.2,30.1,31.09,0
2003-02-07,31.15,31.8,30.7,31.36,0
2003-02-08,31.21,32,31.2,31.44,0
2003-02-12,32.6,32.7,31.64,31.7,0
2003-02-13,31.7,32.48,31.58,32.37,0
2003-02-14,32.5,32.83,32.1,32.45,0
2003-02-15,32.68,33.11,32.68,33.06,0
2003-02-19,32.66,32.66,31.8,31.92,0
2003-02-20,31.92,32.55,31.68,32.54,0
2003-02-21,32.3,32.6,32.05,32.33,0
2003-02-22,32.32,32.4,31.54,31.56,0
2003-02-26,32.55,33.2,32.4,33.15,0
2003-02-27,33.55,33.94,32.2,32.32,0
2003-02-28,32.65,33.38,32.45,33.07,0
2003-03-01,33.7,33.8,32.8,33.04,0
2003-03-05,32.45,32.52,32.01,32.48,0
2003-03-06,32.48,33.5,32.45,33.09,0
2003-03-07,33.32,33.8,32.55,33,0
2003-03-08,33.3,33.71,33.3,33.53,0
2003-03-12,34.55,34.55,33.63,33.69,0
2003-03-13,33.94,34,33.05,33.29,0
2003-03-14,32.84,34.01,32.84,33.91,0
2003-03-15,33.85,34.06,32.25,32.43,0
2003-03-19,30.35,31.65,29,29.48,0
2003-03-20,28.7,28.8,26.4,27.25,0
2003-03-21,27.75,28,26.7,26.75,0
2003-03-22,26.11,27.5,25.3,25.5,0
2003-03-26,24.5,26.35,24.5,26.09,0
2003-03-27,26.4,26.92,24.6,24.81,0
2003-03-28,25.8,25.8,25.05,25.29,0
2003-03-29,25.58,27,25.58,26.82,0
2003-04-02,26.36,27.5,26.36,27.18,0
2003-04-03,27.56,27.56,26.25,26.36,0
2003-04-04,26.18,26.3,25.05,25.21,0
2003-04-05,25.04,25.87,24.53,25.5,0
2003-04-08,24.3,24.9,23.4,24.58,0
2003-04-09,24.1,24.88,23.86,24.6,0
2003-04-10,24.9,25.4,24.47,25.25,0
2003-04-11,25.1,25.34,24.3,24.47,0
2003-04-15,24.65,25.08,24.2,24.99,0
2003-04-16,24.9,25.37,24.5,25.2,0
2003-04-17,25.22,25.45,24.8,25.02,0
2003-04-18,25.1,25.9,25.1,25.88,0
2003-04-23,25.95,26.11,25.4,25.46,0
2003-04-24,25.6,25.84,24.16,24.26,0
2003-04-25,24.6,24.66,23.5,24.33,0
2003-04-29,23.75,23.93,23.3,23.5,0
2003-04-30,23.2,23.4,23.05,23.26,0
2003-05-01,23.35,24.24,23.3,23.68,0
2003-05-02,24,24.1,23.71,23.82,0
2003-05-07,24.25,24.29,23.45,23.57,0
2003-05-08,23.67,24.16,23.37,24.11,0
2003-05-09,24.15,24.9,23.94,24.65,0
2003-05-13,25.58,25.9,24.84,24.89,0
2003-05-14,25.39,25.93,25.1,25.9,0
2003-05-15,25.89,26.95,25.73,26.75,0
2003-05-16,26.65,27.01,26.53,26.73,0
2003-05-20,26.3,26.5,25.41,25.61,0
2003-05-21,25.7,25.85,25.32,25.65,0
2003-05-22,25.75,26.7,25.73,26.21,0
2003-05-23,26.15,26.18,25.62,25.97,0
2003-05-28,26.28,26.71,25.7,26.34,0
2003-05-29,26.2,26.35,25.5,25.59,0
2003-05-30,25.65,26.25,25.27,26.03,0
2003-06-03,26.7,27.54,26.5,27.38,0
2003-06-04,27.7,27.7,27.06,27.28,0
2003-06-05,27.1,27.57,26.58,26.81,0
2003-06-06,26.6,27.7,26.35,27.44,0
2003-06-10,27.78,28.2,27.3,27.85,0
2003-06-11,28.17,28.17,27.44,28.08,0
2003-06-12,27.9,28.52,27.78,28.39,0
2003-06-13,28.4,28.43,27.68,27.83,0
2003-06-17,26.65,26.75,26.11,26.65,0
2003-06-18,26.68,27.1,26.3,26.67,0
2003-06-19,26.47,26.51,25.8,26.26,0
2003-06-20,26.15,26.45,25.8,26.29,0
2003-06-24,27.15,27.53,26.67,26.93,0
2003-06-25,26.95,26.95,26.55,26.62,0
2003-06-26,26.8,27.75,26.51,27.65,0
2003-06-27,27.6,27.65,27.01,27.04,0
2003-07-01,27.55,28.35,27.1,28.33,0
2003-07-02,28.2,28.36,27.65,28.31,0
2003-07-03,28.15,28.55,27.92,27.97,0
2003-07-04,28.13,28.76,27.99,28.2,0
2003-07-08,27.85,27.99,27.55,27.82,0
2003-07-09,27.6,28.04,27.21,27.97,0
2003-07-10,27.85,28.8,27.85,28.71,0
2003-07-11,28.71,29.4,28.62,28.88,0
2003-07-15,28.95,29.3,28.65,28.96,0
2003-07-16,29.1,29.2,28.68,29.17,0
2003-07-17,29.09,29.22,28.45,28.72,0
2003-07-18,28.55,28.74,28.33,28.62,0
2003-07-22,29,29,28.26,28.69,0
2003-07-23,28.5,28.59,27.4,27.49,0
2003-07-24,27.75,27.86,27.29,27.78,0
2003-07-25,27.75,28.25,27.45,28.16,0
2003-07-29,28,28.25,27.61,28.03,0
2003-07-30,27.9,28.23,27.76,28.1,0
2003-07-31,28.05,28.58,27.86,28.5,0
2003-08-01,28.55,28.87,28.23,28.37,0
2003-08-05,29.63,30.11,29.52,29.53,0
2003-08-06,29.52,30.16,29.38,29.93,0
2003-08-07,30.2,30.59,29.3,29.48,0
2003-08-08,29.56,30.3,29.56,30.25,0
2003-08-12,29.85,30.05,29.67,29.91,0
2003-08-13,29.85,30.2,29.35,29.87,0
2003-08-14,29.97,30.11,28.84,29.01,0
2003-08-15,28.92,29.25,28.38,28.83,0
2003-08-19,29.2,29.3,28.63,28.66,0
2003-08-20,28.68,28.9,28.18,28.47,0
2003-08-21,28.46,28.94,28.02,28.84,0
2003-08-22,28.85,30.15,28.85,29.71,0
2003-08-27,29.4,29.84,29.4,29.77,0
2003-08-28,29.75,29.77,29.1,29.18,0
2003-08-29,29.38,29.57,29.17,29.44,0
2003-09-02,29.45,29.55,29.06,29.25,0
2003-09-03,29.32,29.32,27.43,27.52,0
2003-09-04,27.8,28,27.38,27.74,0
2003-09-05,27.7,27.87,26.81,27.31,0
2003-09-09,27.37,27.65,27.15,27.17,0
2003-09-10,27.18,27.4,27.06,27.37,0
2003-09-11,27.37,27.56,26.92,27.52,0
2003-09-12,27.58,27.72,26.92,27.02,0
2003-09-16,26.77,26.85,26.5,26.7,0
2003-09-17,26.55,26.6,25.87,25.99,0
2003-09-18,26.11,26.12,25.5,25.67,0
2003-09-19,25.65,25.7,25.25,25.59,0
2003-09-23,25.2,25.52,25.05,25.53,0
2003-09-24,25.66,26,25.52,25.52,0
2003-09-25,25.5,26.95,25.27,26.67,0
2003-09-26,26.85,27.2,26.74,26.81,0
2003-09-30,26.78,27.05,26.74,26.83,0
2003-10-01,26.83,27.8,26.83,27.61,0
2003-10-02,27.58,27.9,27.33,27.88,0
2003-10-03,27.8,28.47,27.8,28.27,0
2003-10-07,28.94,29.27,28.8,28.89,0
2003-10-08,28.89,29.13,28.5,29.03,0
2003-10-09,28.82,28.99,28.35,28.73,0
2003-10-10,28.6,30.22,28.47,30.14,0
2003-10-14,30.71,30.85,30.42,30.67,0
2003-10-15,30.54,31.2,30.39,30.69,0
2003-10-16,30.4,30.92,30.4,30.87,0
2003-10-17,30.87,31.2,30.8,31.11,0
2003-10-21,28.75,28.9,28.05,28.62,0
2003-10-22,28.6,28.99,28.5,28.63,0
2003-10-23,28.65,29,28.25,28.28,0
2003-10-24,28.4,28.7,27.85,28.63,0
2003-10-29,28.66,28.8,28.2,28.39,0
2003-10-30,28.28,28.4,28.02,28.04,0
2003-10-31,28.1,28.54,27.41,27.44,0
2003-11-01,27.4,27.46,26.75,27.1,0
2003-11-05,27.98,28.14,27.3,27.36,0
2003-11-06,27.36,27.38,26.97,27.16,0
2003-11-07,27.18,28.7,27.12,28.6,0
2003-11-08,28.6,28.92,28.2,28.41,0
2003-11-12,29.26,29.44,28.82,28.99,0
2003-11-13,29.08,29.18,28.65,29.09,0
2003-11-14,29.05,29.29,28.72,29.2,0
2003-11-15,29.2,29.37,28.95,29.21,0
2003-11-19,29.56,29.56,28.94,29.05,0
2003-11-20,29,30.52,28.65,30.47,0
2003-11-21,30.22,30.43,29.6,29.78,0
2003-11-22,29.58,30.4,29.4,29.56,0
2003-11-26,29.01,29.15,27.68,27.86,0
2003-11-27,28,28.25,27.4,27.94,0
2003-11-28,28.05,28.52,28.05,28.47,0
2003-11-29,28.5,28.75,28.37,28.7,0
2003-12-03,28.43,28.43,27.76,28.25,0
2003-12-04,28.25,29.2,28.11,28.94,0
2003-12-05,28.85,29.2,28.59,29.14,0
2003-12-06,29.37,29.65,28.4,29.23,0
2003-12-10,28.91,30.25,28.89,29.98,0
2003-12-11,29.9,29.95,29.49,29.63,0
2003-12-12,29.63,30.3,29.43,29.66,0
2003-12-13,29.62,29.72,29.13,29.57,0
2003-12-17,29.61,30.42,29.6,30.32,0
2003-12-18,30.32,30.6,30,30.38,0
2003-12-19,30.08,30.9,30.05,30.59,0
2003-12-20,30.8,30.98,30.1,30.8,0
2003-12-24,30,30.11,28.9,28.99,0
2003-12-25,28.94,29.2,28.47,29.04,0
2003-12-26,29.43,29.55,29,29.06,0
2003-12-31,29.5,29.53,29.15,29.31,0
2004-01-01,29.38,30,29.38,29.74,0
2004-01-02,29.85,30.2,29.79,30.17,0
2004-01-07,29.65,31,29.65,30.89,0
2004-01-08,30.72,31.4,30.55,30.82,0
2004-01-09,30.64,30.97,30.25,30.76,0
2004-01-10,30.72,31.24,30.55,31.08,0
2004-01-14,31.43,31.78,30.88,31.76,0
2004-01-15,32.02,32.12,31.32,31.37,0
2004-01-16,31.42,31.45,30.89,31.03,0
2004-01-17,31.25,31.77,31.25,31.56,0
2004-01-21,30.65,30.7,30.3,30.57,0
2004-01-22,30.8,31.32,30.73,31.23,0
2004-01-23,31.13,31.32,30.61,30.86,0
2004-01-24,31.08,31.19,30.2,31.11,0
2004-01-28,30.76,30.76,30.1,30.45,0
2004-01-29,30.48,30.83,30.05,30.23,0
2004-01-30,30,30.72,29.47,29.77,0
2004-01-31,29.8,29.97,28.81,29.13,0
2004-02-04,29,30.38,28.6,30.23,0
2004-02-05,29.91,30.15,29.43,29.5,0
2004-02-06,29.55,29.8,28.85,28.88,0
2004-02-07,29,29.37,28.44,29.27,0
2004-02-11,29.05,29.18,28.77,29.11,0
2004-02-12,29.29,30.47,29.15,30.04,0
2004-02-13,30,30.29,29.55,29.87,0
2004-02-14,29.65,30.15,29.57,30.07,0
2004-02-18,30.55,30.63,30.3,30.32,0
2004-02-19,30.55,31.1,30.37,30.69,0
2004-02-20,31.14,31.37,30.85,30.99,0
2004-02-21,30.96,31.18,30.75,30.82,0
2004-02-25,30.55,31.08,30.45,30.81,0
2004-02-26,30.95,31.27,30.68,30.81,0
2004-02-27,30.9,31.79,30.7,31.57,0
2004-02-28,31.63,32,31.3,31.57,0
2004-03-03,32.33,33.38,32.15,33.34,0
2004-03-04,33.3,33.42,32.9,33.15,0
2004-03-05,32.95,33.1,32,32.23,0
2004-03-06,32.2,33.05,31.81,32.89,0
2004-03-10,33.51,33.57,32.56,32.77,0
2004-03-11,32.95,33.14,32.15,32.23,0
2004-03-12,32.45,32.57,31.62,31.99,0
2004-03-13,32.27,32.85,32.13,32.83,0
2004-03-17,32.5,33.82,32.34,33.8,0
2004-03-18,33.5,33.55,33.2,33.45,0
2004-03-19,32.6,33.58,32.5,33.53,0
2004-03-20,33.4,33.4,32.65,33.13,0
2004-03-24,33.04,33.04,32.4,32.8,0
2004-03-25,32.85,33.45,32.53,33.31,0
2004-03-26,33.45,33.6,32.6,33.01,0
2004-03-27,32.76,32.83,31.68,31.83,0
2004-03-31,31.66,31.76,31.4,31.74,0
2004-04-01,31.6,32.7,31.52,32.45,0
2004-04-02,32.55,33,31.15,31.51,0
2004-04-03,32.23,32.23,31.35,31.55,0
2004-04-06,30.8,30.92,30.15,30.69,0
2004-04-07,30.69,31.35,30.3,31.35,0
2004-04-08,31.35,32.74,31.05,32.45,0
2004-04-09,32.5,33.4,32.5,33.34,0
2004-04-14,33.7,33.7,33.08,33.19,0
2004-04-15,32.85,33.55,32.42,33.45,0
2004-04-16,33.1,33.43,32.78,33.12,0
2004-04-20,33.6,34.2,33.35,33.46,0
2004-04-21,33.4,33.42,32.9,33.11,0
2004-04-22,32.85,33.08,32.31,32.46,0
2004-04-23,32.71,33.7,32.65,33.39,0
2004-04-27,33.35,33.85,33.25,33.58,0
2004-04-28,33.6,34.45,33.55,34.28,0
2004-04-29,34.12,34.9,33.6,34.31,0
2004-04-30,34.03,34.45,33.65,34.38,0
2004-05-05,35.22,36,34.95,35.93,0
2004-05-06,35.75,36.9,35.5,36.72,0
2004-05-07,36.79,37.2,36.4,36.53,0
2004-05-11,36.74,37,35.33,35.97,0
2004-05-12,35.8,37.4,35.56,37.36,0
2004-05-13,37.46,38.28,36.96,37.95,0
2004-05-14,37.86,38.53,37.5,38.49,0
2004-05-18,38.25,38.5,37.28,37.91,0
2004-05-19,37.45,37.72,36.81,36.95,0
2004-05-20,36.6,37.91,36.4,37.9,0
2004-05-21,38.15,38.16,37.25,37.26,0
2004-05-25,36.1,38.2,36,38.17,0
2004-05-26,37.92,38.19,37.25,37.44,0
2004-05-27,37.5,37.9,37.05,37.08,0
2004-05-28,36.96,37.07,35.95,36.25,0
2004-06-02,37.15,39.12,37.15,39.08,0
2004-06-03,38.85,38.95,36.82,36.86,0
2004-06-04,36.9,37.77,35.5,36.4,0
2004-06-08,35.67,36.05,34.8,35.96,0
2004-06-09,35.97,36.55,35,35.05,0
2004-06-10,34.75,35.44,34.45,35.29,0
2004-06-11,35.3,35.88,35.3,35.74,0
2004-06-15,35.75,35.9,35.19,35.49,0
2004-06-16,35.05,35.9,34.75,35.29,0
2004-06-17,35.05,35.48,34.85,35.2,0
2004-06-18,35.34,36.45,35.25,36.21,0
2004-06-22,36.04,36.59,35.05,35.13,0
2004-06-23,35.2,35.7,35,35.61,0
2004-06-24,35.6,36,34.85,35.03,0
2004-06-25,35.12,35.53,35,35.3,0
2004-06-29,34.6,34.64,33.56,33.7,0
2004-06-30,33.48,33.88,33.08,33.11,0
2004-07-01,33.31,34.55,33.26,34.5,0
2004-07-02,34.25,36.45,34.18,36.07,0
2004-07-06,36.1,36.65,36.1,36.3,0
2004-07-07,36.46,37.3,36.46,37.18,0
2004-07-08,37.2,37.2,36.26,36.61,0
2004-07-09,36.83,37.8,36.41,37.77,0
2004-07-13,36.95,37.7,36.6,36.63,0
2004-07-14,36.4,36.88,36.11,36.69,0
2004-07-15,36.9,38.58,36.6,38.54,0
2004-07-16,38.18,38.39,37.84,38.11,0
2004-07-20,37.5,38.25,37.5,37.9,0
2004-07-21,38,38.15,36.96,37.01,0
2004-07-22,37.06,37.66,36.99,37.16,0
2004-07-23,37.2,38.15,37.05,38.01,0
2004-07-27,38.5,38.5,37.75,38.11,0
2004-07-28,38.2,38.73,38,38.54,0
2004-07-29,38.4,39.68,38.25,39.53,0
2004-07-30,39.25,39.38,38.7,39.25,0
2004-08-03,39.7,40.04,39.54,39.97,0
2004-08-04,40.18,40.75,39.92,40.64,0
2004-08-05,40.6,40.99,39.7,39.7,0
2004-08-06,39.85,41.3,39.85,41.12,0
2004-08-10,40.4,41.66,40.27,41.56,0
2004-08-11,41.41,41.69,41.11,41.28,0
2004-08-12,41.2,41.7,40.4,41.57,0
2004-08-13,41.5,42.56,41.5,42.29,0
2004-08-17,43.85,44.11,43.3,43.67,0
2004-08-18,42.58,43.17,42.15,42.99,0
2004-08-19,42.83,43.4,42.55,43.03,0
2004-08-20,43.25,44.35,43.18,44.33,0
2004-08-24,43.88,44.05,42.96,43.03,0
2004-08-25,42.8,42.99,42,42.32,0
2004-08-26,42.55,42.74,40.42,40.68,0
2004-08-27,40.8,41.25,39.67,40.33,0
2004-09-01,39.75,39.95,39.2,39.61,0
2004-09-02,39.9,41.85,39.7,41.47,0
2004-09-03,41.4,43.04,41.3,41.57,0
2004-09-07,41.3,41.4,40.54,40.62,0
2004-09-08,40.62,40.9,40.25,40.76,0
2004-09-09,40.64,41.1,40.06,40.39,0
2004-09-10,40.25,42.3,40.1,42.22,0
2004-09-14,41.05,41.5,40.3,41.06,0
2004-09-15,41.06,42.02,41.06,41.73,0
2004-09-16,41.93,42.3,41.6,41.85,0
2004-09-17,40.7,41.15,40,40.75,0
2004-09-21,42.55,43.17,42.1,42.91,0
2004-09-22,43.1,43.78,42.6,43.39,0
2004-09-23,43.45,45.15,43.2,44.93,0
2004-09-24,44.93,45.75,44.35,45.13,0
2004-09-28,45.7,46.28,45.5,45.93,0
2004-09-29,46.8,46.8,45.95,46.45,0
2004-09-30,46.57,46.7,45.05,46.08,0
2004-10-01,46.02,46.72,45.65,46.38,0
2004-10-05,46.25,46.35,45.85,46.19,0
2004-10-06,45.8,47.41,45.8,47.13,0
2004-10-07,47.1,48.1,46.85,47.99,0
2004-10-08,48.1,49.2,48.1,48.9,0
2004-10-12,49.6,50.7,49.4,50.66,0
2004-10-13,50.55,51.5,49.6,49.6,0
2004-10-14,49.62,50.37,48.5,50.05,0
2004-10-15,50.25,50.9,50,50.84,0
2004-10-19,50.3,50.4,48.37,48.91,0
2004-10-20,48.85,48.86,47.9,48.77,0
2004-10-21,48.7,50.62,48.7,50.52,0
2004-10-22,50.55,51.14,50.38,50.72,0
2004-10-26,51.3,51.9,50.45,50.78,0
2004-10-27,50.47,51.6,50.15,51.56,0
2004-10-28,51.4,51.95,49.25,49.45,0
2004-10-29,48.75,49.75,48.3,48.37,0
2004-11-03,49.2,49.6,46.21,47.06,0
2004-11-04,47.06,47.35,46.4,46.55,0
2004-11-05,46.3,47.85,45.45,47.56,0
2004-11-06,47.05,47.65,45.9,46.01,0
2004-11-10,46.3,46.3,45.4,45.92,0
2004-11-11,46,46.28,43.6,43.71,0
2004-11-12,43.46,44.8,43.3,44.75,0
2004-11-13,44.55,44.7,42.95,43.02,0
2004-11-17,42.19,42.19,40.05,40.34,0
2004-11-18,43.04,43.65,42.2,42.29,0
2004-11-19,42.29,43.12,41.3,42.76,0
2004-11-20,42.76,43.4,42.1,42.72,0
2004-11-24,44.95,45.74,44.15,44.38,0
2004-11-25,44.04,45.92,43.84,44.45,0
2004-11-26,44.5,44.95,43.5,44.82,0
2004-11-27,45.07,45.55,44.6,44.66,0
2004-12-01,44.7,45.88,44.7,45.75,0
2004-12-02,45.62,46.7,44.92,45.51,0
2004-12-03,45.35,45.43,42.15,42.31,0
2004-12-04,42.4,42.75,39.5,40.15,0
2004-12-08,39.5,40.45,39.27,39.65,0
2004-12-09,39.78,39.9,38.05,38.27,0
2004-12-10,38.42,39.2,37.3,38.69,0
2004-12-11,39.03,40.05,38.9,39.67,0
2004-12-15,37.8,38.55,37,37.84,0
2004-12-16,38.24,39.3,37.73,39.25,0
2004-12-17,39.45,42.3,39.45,42.22,0
2004-12-18,42.1,42.1,40.7,41.43,0
2004-12-22,43.1,43.4,41.9,42.45,0
2004-12-23,42.43,42.63,41.8,42.37,0
2004-12-24,42.17,42.42,40.5,40.64,0
2004-12-25,40.6,40.85,40.12,40.71,0
2004-12-31,38.7,39.6,38.4,39.17,0
2005-01-01,40.08,40.45,39.3,40.37,0
2005-01-06,39.4,41.25,38.81,41.04,0
2005-01-07,40.8,41,39.9,40.51,0
2005-01-08,40.43,43.2,39.82,42.85,0
2005-01-12,43.2,44.85,42.9,42.92,0
2005-01-13,42.95,43.65,42.55,43.12,0
2005-01-14,43.4,43.9,42.5,43.68,0
2005-01-15,43.97,45.47,43.79,45.21,0
2005-01-19,45.35,45.4,44.77,45.03,0
2005-01-20,45.83,46.35,44.6,45.39,0
2005-01-21,45.07,45.37,44.66,44.71,0
2005-01-22,44.2,44.67,43.73,44.32,0
2005-01-26,46.2,46.44,45.05,46.01,0
2005-01-27,45.79,46.99,45.63,46.96,0
2005-01-28,46.7,47,45.6,46.51,0
2005-01-29,46.55,47.35,46.35,46.44,0
2005-02-02,44.5,45.95,43.58,45.92,0
2005-02-03,45.48,45.85,44.65,44.82,0
2005-02-04,44.7,45,43.93,44.01,0
2005-02-05,44.13,44.13,43.15,43.85,0
2005-02-09,43.7,43.87,42.76,43.04,0
2005-02-10,42.94,43.38,42.46,43.07,0
2005-02-11,42.7,44.15,42.57,43.13,0
2005-02-12,43.25,44.7,43.17,44.48,0
2005-02-16,45.07,45.85,44.65,45.53,0
2005-02-17,45.47,45.7,45.28,45.39,0
2005-02-18,45.4,46.55,44.95,46.15,0
2005-02-19,46.55,46.64,45.5,45.82,0
2005-02-23,46.45,47.08,46.39,46.73,0
2005-02-24,46.73,48.9,46.55,48.62,0
2005-02-25,48.62,48.95,48.1,48.51,0
2005-02-26,48.68,49.75,48.45,49.44,0
2005-03-02,50,50.34,49.45,50.06,0
2005-03-03,50.08,50.32,49.05,50.11,0
2005-03-04,50.1,51.39,49.85,51.22,0
2005-03-05,51.5,53,51.12,51.95,0
2005-03-09,51.74,52.2,50.95,52.09,0
2005-03-10,51.75,53.3,51.34,52.84,0
2005-03-11,52.8,54.3,52.67,53.38,0
2005-03-12,53.1,53.42,52.1,52.66,0
2005-03-16,53.09,53.7,52.46,53.66,0
2005-03-17,53.68,54.28,53.05,53.85,0
2005-03-18,53.25,54.95,53.17,54.8,0
2005-03-19,55.05,56.15,54.91,55.06,0
2005-03-23,55.59,55.87,55.05,55.65,0
2005-03-24,55.75,55.75,54.4,54.59,0
2005-03-25,54.35,54.4,52.65,53.04,0
2005-03-26,53,53.97,53,53.93,0
2005-03-31,53,54,52.5,53.03,0
2005-04-01,53.23,53.26,51.8,52.09,0
2005-04-02,53.3,54.95,52.84,54.29,0
2005-04-05,56.8,57.65,55.9,56.23,0
2005-04-06,56.2,56.65,55.4,55.44,0
2005-04-07,55.38,55.92,54.6,55.27,0
2005-04-08,55.4,56.48,53.6,54.04,0
2005-04-12,52.8,53.4,51.52,53.21,0
2005-04-13,53.3,53.6,51.6,51.98,0
2005-04-14,51.35,51.65,50.41,50.48,0
2005-04-15,50.6,51.14,50.4,50.91,0
2005-04-19,51.15,51.73,50.44,50.78,0
2005-04-20,51,53,50.95,52.94,0
2005-04-21,53.3,54.1,53.02,53.78,0
2005-04-22,53.3,54.3,52.9,54.01,0
2005-04-26,55.54,55.74,54.07,54.4,0
2005-04-27,54.25,54.38,53.33,54.14,0
2005-04-28,54.15,54.35,51.72,52.29,0
2005-04-29,51.85,52.85,50.96,52.48,0
2005-05-04,51.78,51.8,50.45,50.52,0
2005-05-05,50.46,51.49,49.66,50.97,0
2005-05-06,51.22,51.91,50.11,51.13,0
2005-05-10,51.4,51.6,50.41,51.29,0
2005-05-11,51.75,52.43,51.01,51.43,0
2005-05-12,51.2,51.38,49.82,50.07,0
2005-05-13,49.78,49.78,48.18,48.34,0
2005-05-17,48.36,48.36,47.65,48.05,0
2005-05-18,49.4,49.67,48.6,49.34,0
2005-05-19,49.6,49.8,47.95,48.15,0
2005-05-20,47.9,48.82,47.8,47.88,0
2005-05-24,47.91,48.8,47.47,48.37,0
2005-05-25,48.51,49.04,48.05,48.82,0
2005-05-26,48.75,50.58,48.62,50.07,0
2005-05-27,50.08,50.79,49.76,50.16,0
2005-06-01,50.47,50.86,49.87,50.73,0
2005-06-02,50.85,53.46,50.85,53.27,0
2005-06-03,53.05,53.97,52.26,52.4,0
2005-06-07,54.3,54.62,53.12,53.67,0
2005-06-08,53.65,53.9,52.72,53.13,0
2005-06-09,53.05,54.5,51.95,52.11,0
2005-06-10,51.95,53.95,51.61,53.82,0
2005-06-14,52.55,54.86,52.55,54.78,0
2005-06-15,54.61,54.71,53.65,53.73,0
2005-06-16,54.1,55.07,54.02,54.5,0
2005-06-17,55.24,56.39,55.08,56.22,0
2005-06-21,57.8,58.58,57.3,58.32,0
2005-06-22,57.95,58.48,57.3,57.5,0
2005-06-23,57.26,58,56.38,56.58,0
2005-06-24,56.88,58.55,56.66,57.96,0
2005-06-28,58.85,59.59,58.7,59.3,0
2005-06-29,59.1,59.14,56.85,57.18,0
2005-06-30,57.33,57.33,55.86,56.15,0
2005-07-01,56.15,56.71,55.04,55.58,0
2005-07-05,57.65,58.1,57.4,57.94,0
2005-07-06,57.9,58.72,57.85,58.29,0
2005-07-07,58.4,60.01,58.38,59.85,0
2005-07-08,60.04,60.7,55.55,59.28,0
2005-07-12,57.6,57.79,56.62,57.44,0
2005-07-13,57.65,59.46,57.35,58.82,0
2005-07-14,59.01,59.58,57.9,58.27,0
2005-07-15,57.95,58.5,56.9,57.31,0
2005-07-19,57.8,58.54,56.49,56.99,0
2005-07-20,57.04,57.53,56.6,57.36,0
2005-07-21,57.5,58.3,56.15,56.65,0
2005-07-22,56.3,56.68,55.25,55.72,0
2005-07-26,57.55,58,56.56,57.86,0
2005-07-27,57.69,58.65,57.35,58.03,0
2005-07-28,57.73,58.5,57.55,58.01,0
2005-07-29,58.01,58.97,57.75,58.76,0
2005-08-02,59.85,60.98,59.58,60.44,0
2005-08-03,60.45,60.74,59.65,60.62,0
2005-08-04,60.72,61.26,59.37,59.65,0
2005-08-05,59.56,60.86,59.56,60.12,0
2005-08-09,61.3,62.76,61.24,62.7,0
2005-08-10,62.75,63.06,61.87,61.98,0
2005-08-11,62.13,64.24,61.94,63.99,0
2005-08-12,64.15,65.66,63.5,65.38,0
2005-08-16,65.73,66.85,64.79,65.58,0
2005-08-17,64.9,65.92,64.9,65.41,0
2005-08-18,65,65.5,62.38,62.56,0
2005-08-19,62.45,63.11,61.45,62.4,0
2005-08-23,64.4,65.38,64.02,64.5,0
2005-08-24,64.39,64.96,63.59,64.65,0
2005-08-25,65,66.65,64.29,66.01,0
2005-08-26,66.56,66.56,65.25,66.27,0
2005-08-31,66.65,68.89,66.07,67.57,0
2005-09-01,68.05,68.24,65.64,67.02,0
2005-09-02,66.7,67.84,66.65,67.72,0
2005-09-06,66,66,64.43,64.85,0
2005-09-07,64.85,66.08,64.2,64.67,0
2005-09-08,64.15,65,62.58,62.89,0
2005-09-09,63.23,63.74,61.59,63.08,0
2005-09-13,62.83,63.1,61.14,61.8,0
2005-09-14,61.75,62.33,61.15,61.61,0
2005-09-15,61.8,63.59,61.58,63.37,0
2005-09-16,63.41,63.96,62.9,63.16,0
2005-09-20,63.5,65.8,62.11,65.61,0
2005-09-21,65.5,65.72,63.18,64.2,0
2005-09-22,64.99,65.8,64.53,64.73,0
2005-09-23,65.38,65.78,62.9,64.6,0
2005-09-27,62.16,64.1,61,63.93,0
2005-09-28,64.04,64.09,62.7,62.97,0
2005-09-29,62.85,64.72,62.54,63.93,0
2005-09-30,63.95,64.28,62.08,63.84,0
2005-10-04,63.63,63.96,62.39,62.8,0
2005-10-05,62.8,62.8,60.31,61.22,0
2005-10-06,61.23,62.18,59.73,60.12,0
2005-10-07,59.65,59.95,58.24,58.37,0
2005-10-11,59.2,59.66,57.43,58.78,0
2005-10-12,59.08,60.29,58.81,60.08,0
2005-10-13,60.3,61.31,59.92,60.57,0
2005-10-14,60.52,60.92,59.47,60.14,0
2005-10-18,60.28,61.12,59.76,60.57,0
2005-10-19,60.6,60.6,58.99,59.28,0
2005-10-20,58.93,59.65,57.67,58.6,0
2005-10-21,58.27,58.88,57.12,57.91,0
2005-10-25,58.01,58.47,57.36,58.24,0
2005-10-26,58.18,60.35,57.83,60.24,0
2005-10-27,59.92,60.78,58.8,58.87,0
2005-10-28,58.88,59.62,58.5,59.14,0
2005-11-02,59.24,59.45,57.69,58.1,0
2005-11-03,58.07,58.81,57.58,58.37,0
2005-11-04,58.22,58.82,57.44,58.38,0
2005-11-05,57.75,60.65,57.75,60.52,0
2005-11-09,58.9,59.25,57.18,58.04,0
2005-11-10,58.2,58.28,57.24,57.81,0
2005-11-11,57.81,58.44,56.5,56.88,0
2005-11-12,56.51,56.75,55.21,55.68,0
2005-11-16,55.25,55.72,54.5,54.73,0
2005-11-17,54.75,54.75,53.9,54.05,0
2005-11-18,55.11,56.3,54.75,56,0
2005-11-19,55.88,56.78,54.74,54.85,0
2005-11-23,55.25,56.05,54.75,55.34,0
2005-11-24,55.52,56.66,55.52,56.41,0
2005-11-25,56.5,56.6,55.5,56.21,0
2005-11-26,56.25,56.45,55.2,55.3,0
2005-11-30,55.3,55.75,54.2,54.88,0
2005-12-01,54.65,55.39,53.92,54.32,0
2005-12-02,54.01,55.22,53.75,55.05,0
2005-12-03,55,56.43,54.63,56.15,0
2005-12-07,57.22,58.57,57.22,57.73,0
2005-12-08,57.6,58.16,57.33,57.61,0
2005-12-09,58.1,58.44,56.85,56.98,0
2005-12-10,57.15,59.05,56.92,58.67,0
2005-12-14,58.03,59.54,57.6,59.44,0
2005-12-15,59.22,59.98,58.66,59.52,0
2005-12-16,59.56,60.31,59.2,59.6,0
2005-12-17,59.6,60.4,59.2,59.85,0
2005-12-21,57.12,57.68,55.91,56.11,0
2005-12-22,56.28,56.66,55.87,56.17,0
2005-12-23,56.17,56.99,55.81,56.72,0
2005-12-24,56.24,57.73,56.04,56.55,0
2005-12-29,56.1,56.46,55.52,56.29,0
2005-12-30,56.05,58.08,55.7,57.64,0
2005-12-31,57.69,58.52,57.2,58.07,0
2006-01-05,59.35,62.05,59.08,61.35,0
2006-01-06,61.35,61.84,60.36,61.68,0
2006-01-07,61.68,62.09,61.05,61.13,0
2006-01-11,62.75,63.21,61.41,62.01,0
2006-01-12,61.81,62.61,61.53,61.92,0
2006-01-13,61.95,62.94,61.04,62.17,0
2006-01-14,62.6,63.28,62.48,62.62,0
2006-01-18,62.4,63.18,62.4,62.93,0
2006-01-19,63.55,65.32,63.35,64.9,0
2006-01-20,65.24,65.52,63.84,64.19,0
2006-01-21,64.44,65.5,63.8,65.23,0
2006-01-25,67.05,67.11,65.63,66.16,0
2006-01-26,65.9,66.35,65.05,65.34,0
2006-01-27,65.03,65.17,63.87,64.23,0
2006-01-28,63.95,65.51,63.95,64.92,0
2006-02-01,66.5,66.8,65.6,66.59,0
2006-02-02,66.4,66.94,65.44,65.99,0
2006-02-03,65.76,67.27,64.19,65.03,0
2006-02-04,64.81,65.52,62.53,62.88,0
2006-02-08,63.85,64.5,63.1,63.33,0
2006-02-09,63.21,63.23,61.23,61.56,0
2006-02-10,61.51,61.89,60.75,61.06,0
2006-02-11,61.23,62.05,60.57,60.75,0
2006-02-15,59.26,60.03,58.94,59.38,0
2006-02-16,60.51,60.97,59.3,59.52,0
2006-02-17,59.52,59.92,57.9,58.15,0
2006-02-18,58.15,59.5,58.05,58.79,0
2006-02-22,60.48,61.74,60.48,61.54,0
2006-02-23,61.51,61.75,60.9,61.6,0
2006-02-24,61.33,61.42,60,60.44,0
2006-02-25,60.17,61.11,59.81,60.54,0
2006-03-01,62.2,62.28,60.73,60.99,0
2006-03-02,60.36,62.1,60.36,61.76,0
2006-03-03,61.95,62.76,61.65,62.45,0
2006-03-04,62.55,64.35,62.55,64.07,0
2006-03-08,64.18,64.18,62.11,62.34,0
2006-03-09,62.3,62.84,60.78,61.17,0
2006-03-10,61.35,61.42,59.26,60.03,0
2006-03-11,59.86,61.55,59.85,61.06,0
2006-03-15,60.8,62.51,60.6,62.2,0
2006-03-16,62.36,64.09,61.83,63.97,0
2006-03-17,63.56,64.1,62.51,62.94,0
2006-03-18,62.8,63.1,62.15,62.91,0
2006-03-22,63.29,63.56,61.09,61.34,0
2006-03-23,61.32,62.41,60.98,62.13,0
2006-03-24,61.99,62.8,61.4,61.5,0
2006-03-25,61.81,63.61,61.42,63.27,0
2006-03-29,63.5,63.8,62.8,63.61,0
2006-03-30,63.62,65.27,63.44,64.97,0
2006-03-31,64.97,65.87,64.69,65.55,0
2006-04-01,65.6,67.05,65.27,66.46,0
2006-04-04,66.69,67.93,66.5,66.84,0
2006-04-05,66.7,66.87,65.73,66.39,0
2006-04-06,66.39,67.4,65.84,67.1,0
2006-04-07,67.5,68.24,67.38,67.84,0
2006-04-11,67.3,68.99,67.3,68.75,0
2006-04-12,68.8,69.7,68.35,69.37,0
2006-04-13,69.15,69.97,69.13,69.42,0
2006-04-14,69.45,70.99,69.08,70.57,0
2006-04-18,70.99,71.62,70.52,71.46,0
2006-04-19,71.5,72.64,71.22,72.51,0
2006-04-20,72.35,74,72.22,73.73,0
2006-04-21,73.78,74.22,72.37,73.18,0
2006-04-25,74.63,74.76,72.7,73,0
2006-04-26,72.66,74.02,72.04,73.21,0
2006-04-27,73.1,73.63,71.73,72.09,0
2006-04-28,71.95,72.11,70.67,70.91,0
2006-05-02,71.98,74.07,71.98,73.89,0
2006-05-03,74,74.97,73.53,74.64,0
2006-05-04,74.9,74.97,72.46,72.65,0
2006-05-05,72.55,72.61,69.79,70.29,0
2006-05-09,71.1,71.25,69.06,70.21,0
2006-05-10,70.64,71.78,70.17,71.08,0
2006-05-11,70.98,72.58,70.16,72.44,0
2006-05-12,72.34,73.88,72.29,73.43,0
2006-05-16,71.5,71.5,68.65,69.67,0
2006-05-17,69.01,70.36,68.58,70.34,0
2006-05-18,70.14,70.69,68.64,69.04,0
2006-05-19,68.8,70.08,68.32,69.67,0
2006-05-23,68.95,69.58,67.63,69.35,0
2006-05-24,69.65,71.35,69.57,71,0
2006-05-25,70.5,70.85,68.81,69.22,0
2006-05-26,69.02,70.86,69.02,70.71,0
2006-05-31,70.8,71.99,70.45,71.05,0
2006-06-01,71,71.15,69.07,70.41,0
2006-06-02,70.25,70.95,69.01,69.39,0
2006-06-06,72.2,72.67,70.87,71.37,0
2006-06-07,71.3,71.66,69.88,70.81,0
2006-06-08,70.86,70.99,68.88,69.19,0
2006-06-09,69.05,69.2,67.73,69.05,0
2006-06-13,70.5,71.2,68.66,68.93,0
2006-06-14,68.7,68.75,66.68,66.92,0
2006-06-15,66.62,67.33,66.33,66.98,0
2006-06-16,67,68,67,67.43,0
2006-06-20,68.75,68.75,67.42,68.11,0
2006-06-21,68.02,69.04,67.48,68.08,0
2006-06-22,68.05,69.5,67.57,69.17,0
2006-06-23,69.09,70.17,69.08,69.95,0
2006-06-27,69.86,70.8,69.47,70.73,0
2006-06-28,70.79,71.56,70.65,70.98,0
2006-06-29,71.19,71.87,70.76,71.41,0
2006-06-30,71.69,73.12,71.58,72.88,0
2006-07-04,73.26,73.99,73.17,73.39,0
2006-07-05,73.3,73.7,72.45,72.51,0
2006-07-06,72.9,74.22,72.51,73.98,0
2006-07-07,73.95,74.3,73.16,74.08,0
2006-07-11,73.2,73.26,72.11,72.89,0
2006-07-12,72.75,74.05,72.55,73.67,0
2006-07-13,73.41,74.74,73.27,74.39,0
2006-07-14,74.76,77.5,74.7,76.69,0
2006-07-18,77.98,78.18,75.67,75.92,0
2006-07-19,75.7,77.29,74.3,74.36,0
2006-07-20,74.75,75.13,72.59,73.9,0
2006-07-21,74,74.72,73.2,73.72,0
2006-07-25,73.85,74.8,72.78,74.61,0
2006-07-26,74.94,75.41,73.1,73.28,0
2006-07-27,73.28,74.73,73,74,0
2006-07-28,73.8,75.36,73.79,75.01,0
2006-08-01,73.22,75.23,72.7,75.15,0
2006-08-02,75.15,76.58,74.65,75.89,0
2006-08-03,75.81,77.47,75.81,76.89,0
2006-08-04,77.18,77.18,76.02,76.56,0
2006-08-08,76.15,78.64,76.15,78.3,0
2006-08-09,78.3,78.38,77.45,77.55,0
2006-08-10,77.56,78.43,77.17,77.28,0
2006-08-11,77.27,77.55,75.1,75.28,0
2006-08-15,75.16,75.26,73.7,74.3,0
2006-08-16,74.2,74.6,73.55,73.8,0
2006-08-17,73.65,73.83,72.72,73.08,0
2006-08-18,72.45,72.58,71.31,71.58,0
2006-08-22,72.59,73.74,72.53,73.38,0
2006-08-23,73.5,73.79,72.96,73.24,0
2006-08-24,73.1,73.17,71.61,72.02,0
2006-08-25,72.05,73,71.73,72.68,0
2006-08-29,72.21,72.47,70.44,70.82,0
2006-08-30,70.65,71.25,69.48,69.86,0
2006-08-31,70.2,70.7,68.82,70.18,0
2006-09-01,70.6,71.06,69.43,70.25,0
2006-09-05,69.15,69.49,67.59,67.71,0
2006-09-06,68.2,68.8,67.42,68.09,0
2006-09-07,68.25,68.25,66.84,66.93,0
2006-09-08,66.93,67.46,66.11,66.53,0
2006-09-12,65.2,65.31,63.97,64.55,0
2006-09-13,64.54,65.44,62.79,62.99,0
2006-09-14,62.97,63.83,62.62,62.99,0
2006-09-15,63.43,63.77,61.96,62.24,0
2006-09-19,63.47,64.62,63,64.05,0
2006-09-20,64.1,64.86,61.87,62.17,0
2006-09-21,62.19,62.36,60.3,60.47,0
2006-09-22,60.7,61.55,60.34,61.34,0
2006-09-26,60.05,61.65,59.32,60.8,0
2006-09-27,61.2,61.24,59.7,60.12,0
2006-09-28,60.21,62.41,59.67,62.21,0
2006-09-29,62.28,63.63,61.87,62.54,0
2006-10-03,62.7,62.82,60.3,60.45,0
2006-10-04,60.55,60.58,58.25,58.43,0
2006-10-05,58.21,59.53,57.7,59.22,0
2006-10-06,59.53,60.94,59.06,60,0
2006-10-10,60.25,61.66,59.93,60.54,0
2006-10-11,60.28,61.25,59.09,59.34,0
2006-10-12,59.42,59.93,58.42,58.65,0
2006-10-13,58.26,59.3,58.16,58.76,0
2006-10-17,59.4,60.16,58.82,59.96,0
2006-10-18,61.99,62.5,60.57,60.94,0
2006-10-19,61.2,61.56,59.32,59.58,0
2006-10-20,59.78,61.25,59.31,60.87,0
2006-10-24,59.25,59.75,58.52,59.21,0
2006-10-25,59.07,60.09,58.77,59.86,0
2006-10-26,59.95,62.19,59.75,62.05,0
2006-10-27,62.25,62.35,60.47,60.77,0
2006-11-01,61.2,61.2,58.53,58.68,0
2006-11-02,58.77,59.14,57.39,59.03,0
2006-11-03,58.85,59.67,58.01,58.98,0
2006-11-04,58.77,59.08,57.75,57.87,0
2006-11-08,59,60.4,58.49,59.75,0
2006-11-09,59.75,60.05,58.44,58.48,0
2006-11-10,58.9,59.9,58.46,59.59,0
2006-11-11,59.9,61.43,59.76,61.32,0
2006-11-15,59.8,60.23,58.54,59.05,0
2006-11-16,59.2,59.89,58.8,58.84,0
2006-11-17,59.15,59.76,58.92,59.46,0
2006-11-18,60.61,61.37,58.31,58.54,0
2006-11-22,58.56,59.18,58.24,58.98,0
2006-11-23,59.15,60.58,59,60.39,0
2006-11-24,60.39,60.55,58.66,59.49,0
2006-11-25,59.49,59.72,58.85,59.35,0
2006-11-29,59.78,60.6,59.47,60.44,0
2006-11-30,60.62,61.42,60.4,61.21,0
2006-12-01,61.3,63.16,61.2,63.07,0
2006-12-02,62.98,64.77,62.83,64.26,0
2006-12-06,64.62,64.75,63.13,63.45,0
2006-12-07,63.65,64.2,62.61,63.32,0
2006-12-08,63.5,63.99,62.89,63.07,0
2006-12-09,63.29,63.52,62.33,62.57,0
2006-12-13,62.16,62.64,61.71,61.84,0
2006-12-14,62.15,62.48,61.07,61.52,0
2006-12-15,61.38,61.85,61.05,61.33,0
2006-12-16,62.12,62.12,62.12,62.12,0
2006-12-20,63.34,63.57,61.94,62.13,0
2006-12-21,62.2,63.27,61.47,62.81,0
2006-12-22,62.8,63.59,62.55,63.23,0
2006-12-23,63,63.13,61.95,62.46,0
2006-12-28,62.54,63.3,60.66,61.1,0
2006-12-29,61.15,61.59,60.39,60.52,0
2006-12-30,60.56,60.96,60.21,60.67,0
2007-01-04,60.88,61.64,60.15,60.44,0
2007-01-05,60.68,60.68,57.42,57.96,0
2007-01-06,58.19,58.41,54.76,55.11,0
2007-01-10,55.85,57.19,54.41,55.6,0
2007-01-11,55.6,55.63,53.64,55.18,0
2007-01-12,55.2,55.31,53.09,53.69,0
2007-01-13,53.03,54.42,51.65,51.7,0
2007-01-17,53.09,53.62,52.65,53.19,0
2007-01-18,53,53.63,52.04,52.26,0
2007-01-19,51.7,53.03,50.75,52.78,0
2007-01-20,53.1,53.35,50.91,51.75,0
2007-01-24,53.75,54.6,52.18,52.7,0
2007-01-25,52.81,55.18,52.59,55.1,0
2007-01-26,54.92,55.61,53.88,55.43,0
2007-01-27,55.55,55.88,54.05,54.12,0
2007-01-31,55.46,55.83,53.56,53.68,0
2007-02-01,53.79,56.48,53.67,56.39,0
2007-02-02,56.25,57.55,55.16,57.4,0
2007-02-03,57.2,58.37,56.63,56.72,0
2007-02-07,58.55,59.39,57.85,58.1,0
2007-02-08,58.35,59.42,58.06,58.42,0
2007-02-09,58.7,59.46,56.74,57.23,0
2007-02-10,57.26,59.21,56.81,59.03,0
2007-02-14,59.01,59.01,56.26,56.6,0
2007-02-15,56.64,57.16,56.1,57.03,0
2007-02-16,58.65,58.83,57,57.43,0
2007-02-17,57.55,58.18,56.2,57.6,0
2007-02-21,58.8,59,58.05,58.14,0
2007-02-22,58.34,58.5,56.81,57.98,0
2007-02-23,57.81,59.94,57.22,59.35,0
2007-02-24,59.26,60.85,58.87,60.62,0
2007-02-28,61.05,61.59,60.51,61.33,0
2007-03-01,61.29,62.18,60.1,61.36,0
2007-03-02,60.25,62.16,60.24,61.89,0
2007-03-03,61.78,62.74,61.05,62.11,0
2007-03-07,61.7,61.7,60,60.54,0
2007-03-08,60.62,61.5,60.55,61.39,0
2007-03-09,61.55,62.81,61.37,62.5,0
2007-03-10,62.46,62.84,61.8,62.33,0
2007-03-13,61.01,61.14,60.17,60.74,0
2007-03-14,60.87,62.11,60.5,60.9,0
2007-03-15,60.92,61.51,60.5,61.06,0
2007-03-16,61.16,61.85,60.5,60.98,0
2007-03-20,60.48,61.08,60.11,60.52,0
2007-03-21,60.9,61.06,60,60.2,0
2007-03-22,60.45,61.31,60.35,60.77,0
2007-03-23,61.01,62.83,61.01,62.51,0
2007-03-27,63.37,64.63,63.33,64.41,0
2007-03-28,64.6,69,64.03,64.6,0
2007-03-29,65.34,66.67,65.19,65.78,0
2007-03-30,65.75,68.36,65.36,67.88,0
2007-04-03,67.91,69.58,67.48,68.74,0
2007-04-04,68.55,68.72,67.04,67.81,0
2007-04-05,67.81,68.52,66.93,68.4,0
2007-04-06,68.26,68.87,67.51,68.24,0
2007-04-10,67.87,68.79,66.38,66.59,0
2007-04-11,66.89,67.67,66.4,67.42,0
2007-04-12,67.41,68.69,67.32,67.84,0
2007-04-13,67.78,68.87,67.78,68.72,0
2007-04-17,68.75,69.17,67,67.25,0
2007-04-18,67.5,67.84,65.8,65.93,0
2007-04-19,66.12,66.33,64.76,66.04,0
2007-04-20,66.2,66.85,65.64,65.94,0
2007-04-24,66.51,68.2,65.98,68.15,0
2007-04-25,68.04,68.55,66.57,67.16,0
2007-04-26,67.17,68.66,67.06,68.57,0
2007-04-27,68.57,68.75,67.6,67.65,0
2007-05-01,68.23,68.44,67.45,67.65,0
2007-05-02,67.53,68.73,66.89,67,0
2007-05-03,67.24,67.41,65.59,66.25,0
2007-05-04,66.39,66.98,65.57,66.05,0
2007-05-08,65.38,65.5,63.8,64.44,0
2007-05-09,64.56,65.89,64.46,65.54,0
2007-05-10,65.6,66.14,64.14,65.2,0
2007-05-11,65.34,66.34,65.19,65.79,0
2007-05-15,66.65,67.51,66.51,66.83,0
2007-05-16,66.78,68.18,65.93,68.11,0
2007-05-17,67.95,68.54,67.46,68.01,0
2007-05-18,68.1,70.35,68.08,70.27,0
2007-05-22,69.44,70.83,69.1,70.49,0
2007-05-23,70.43,70.6,69.46,69.52,0
2007-05-24,69.69,70.84,69.45,70.6,0
2007-05-25,70.65,71.8,70.39,70.72,0
2007-05-29,70.5,70.5,69.51,69.71,0
2007-05-30,69.84,70.24,67.59,68.13,0
2007-05-31,68.32,68.64,67.15,67.84,0
2007-06-01,67.99,68.2,66.8,68.04,0
2007-06-05,68.94,70.63,68.7,70.4,0
2007-06-06,70.25,70.67,69.85,70.45,0
2007-06-07,70.51,71.4,70.09,71.02,0
2007-06-08,71.05,71.72,70.51,71.22,0
2007-06-12,68.69,69.65,68.2,69.56,0
2007-06-13,69.4,69.62,68.3,68.79,0
2007-06-14,68.7,70.36,68.34,69.94,0
2007-06-15,69.95,71.33,69.91,70.96,0
2007-06-19,71.59,72.25,70.72,72.18,0
2007-06-20,72.08,72.25,71.61,71.84,0
2007-06-21,71.7,71.96,69.56,70.42,0
2007-06-22,70.49,71.6,70,70.22,0
2007-06-26,70.75,71.5,69.8,71.36,0
2007-06-27,71.05,71.23,70.11,70.17,0
2007-06-28,70.13,71.03,69.4,70.53,0
2007-06-29,70.49,71.15,70.32,70.52,0
2007-07-03,71.22,72.77,70.92,72.63,0
2007-07-04,72.69,73.1,72.13,72.93,0
2007-07-05,72.85,73.12,72.43,73.05,0
2007-07-06,72.85,74.93,72.85,74.75,0
2007-07-10,75.46,76.34,74.91,75.78,0
2007-07-11,75.67,76.63,75.06,76.4,0
2007-07-12,76.25,76.44,75.3,75.44,0
2007-07-13,75.44,77.07,75.31,76.4,0
2007-07-17,77.55,78.4,76.48,77.33,0
2007-07-18,76.33,76.65,75.03,75.53,0
2007-07-19,75.68,76.84,75.32,76.76,0
2007-07-20,76.74,77.78,76.6,77.67,0
2007-07-24,77.32,77.5,76.42,76.86,0
2007-07-25,76.85,76.85,74.85,75.08,0
2007-07-26,74.7,76.54,74.23,76.32,0
2007-07-27,76.47,77.16,74.81,75.18,0
2007-07-31,76.06,76.51,75.42,75.74,0
2007-08-01,75.6,77.18,75.47,77.05,0
2007-08-02,76.95,77.16,74.85,75.35,0
2007-08-03,75.5,76.23,74.24,75.76,0
2007-08-07,74.43,74.73,70.87,71.17,0
2007-08-08,71.14,72,70.2,71.8,0
2007-08-09,71.49,72.04,70.61,70.99,0
2007-08-10,71,71.21,69.25,70.21,0
2007-08-14,70.4,71.85,69.89,70.23,0
2007-08-15,70.05,70.9,69.6,70.51,0
2007-08-16,70.9,72.24,70.46,71.64,0
2007-08-17,71.25,71.25,68.87,69.42,0
2007-08-21,69.7,70.34,68.93,69.85,0
2007-08-22,70.17,70.5,68.14,68.69,0
2007-08-23,68.8,69.45,68.2,68.7,0
2007-08-24,69.02,70,68.75,69.86,0
2007-08-28,70.55,71.1,69.49,70.95,0
2007-08-29,71.05,71.25,70.21,70.55,0
2007-08-30,70.55,72.28,70.23,72.13,0
2007-08-31,72.13,72.47,71.37,71.9,0
2007-09-04,72.69,73.51,72.69,73.41,0
2007-09-05,73.41,74.05,72.78,73.92,0
2007-09-06,74.25,74.48,73.74,74.34,0
2007-09-07,74.5,75.7,73.74,74.77,0
2007-09-11,74.83,76.39,73.86,75.48,0
2007-09-12,75.95,76.49,75,76.38,0
2007-09-13,76.39,77.93,76.09,77.68,0
2007-09-14,77.62,77.86,77.18,77.4,0
2007-09-18,76.2,77.24,75.52,76.98,0
2007-09-19,77.2,78.6,76.29,77.59,0
2007-09-20,78.29,78.57,77.45,78.47,0
2007-09-21,78.2,79.28,77.76,79.09,0
2007-09-25,78.9,79.48,78.23,78.91,0
2007-09-26,78.54,78.63,77.17,77.62,0
2007-09-27,77.7,78.29,76.36,77.43,0
2007-09-28,77.77,80.2,77.65,80.03,0
2007-10-02,79.25,79.54,76.92,77.64,0
2007-10-03,77.56,77.74,76.31,77.38,0
2007-10-04,77.45,77.86,76.85,77.19,0
2007-10-05,76.9,79.28,76.56,78.97,0
2007-10-09,78.42,78.65,76.15,76.58,0
2007-10-10,76.41,78.15,75.64,77.49,0
2007-10-11,77.38,78.67,77.02,78.6,0
2007-10-12,78.8,80.68,78.69,80.15,0
2007-10-16,80,83,80,82.75,0
2007-10-17,82.85,84.49,82.84,84.16,0
2007-10-18,83.4,84.43,82.65,83.13,0
2007-10-19,83,84.88,82.77,84.6,0
2007-10-23,83.66,84.09,81.63,83.27,0
2007-10-24,83,84.04,82.35,82.85,0
2007-10-25,82.55,85.08,82.41,84.37,0
2007-10-26,85.04,87.59,84.7,87.48,0
2007-10-30,88.69,90.49,88.69,90.32,0
2007-10-31,90.25,90.25,86.64,87.44,0
2007-11-01,86.92,91.18,86.13,90.63,0
2007-11-02,90.94,91.71,88.57,89.72,0
2007-11-07,91.84,92.31,90.18,90.49,0
2007-11-08,91.05,93.56,91.05,93.26,0
2007-11-09,93.59,95.19,91.74,93.24,0
2007-11-10,92.45,94.76,92.27,92.79,0
2007-11-14,92.54,93.46,90.96,91.98,0
2007-11-15,91.48,91.95,87.88,88.83,0
2007-11-16,88.99,91.58,88.99,91.36,0
2007-11-17,91.24,92.14,89.92,90.94,0
2007-11-21,91.87,92.81,90.98,92.28,0
2007-11-22,92.08,96.24,91.76,95.49,0
2007-11-23,95.87,96.53,94.05,94.84,0
2007-11-24,95.1,95.29,93.98,94.5,0
2007-11-28,95.9,96.65,94.26,95.32,0
2007-11-29,94.47,95.05,92.4,92.52,0
2007-11-30,92.36,93.39,89.56,89.81,0
2007-12-01,90.45,92.82,89.73,90.22,0
2007-12-05,88.74,90.43,86.93,89.8,0
2007-12-06,89.9,90.45,88.97,89.53,0
2007-12-07,89.75,91.91,87.85,88.49,0
2007-12-08,88,90.68,86.56,90.18,0
2007-12-12,88.77,89.85,87.51,88.04,0
2007-12-13,88.28,90.35,88.15,89.99,0
2007-12-14,89.59,94.44,89.34,94.02,0
2007-12-15,93.65,94.36,91.92,92.12,0
2007-12-19,91.69,92.42,90.12,91.29,0
2007-12-20,91.58,92.89,89.33,90.12,0
2007-12-21,90.5,92.27,89.75,91.48,0
2007-12-22,91.91,92.48,90.66,90.88,0
2007-12-26,92.29,92.82,91.35,92.7,0
2007-12-28,93,95.06,92.8,93.94,0
2007-12-29,94,95.87,93.27,94.78,0
2008-01-02,94.29,95.29,93.25,93.85,0
2008-01-04,94.47,98,94.15,97.84,0
2008-01-05,97.45,98.5,97.04,97.6,0
2008-01-09,96.69,97.48,93.72,94.39,0
2008-01-10,94.77,96.69,94.47,95.54,0
2008-01-11,95.55,96.7,94.1,94.37,0
2008-01-12,94.49,95.09,92.13,92.22,0
2008-01-16,91.07,93.05,91.01,92.92,0
2008-01-17,92.9,93.25,90.35,90.98,0
2008-01-18,90.94,91,88.71,89.75,0
2008-01-19,89.6,90.69,88.21,88.75,0
2008-01-23,89.57,89.65,87.36,87.51,0
2008-01-24,87.38,88.86,85,88.45,0
2008-01-25,88.25,88.67,86.4,86.62,0
2008-01-26,87.4,89.42,86.88,89.07,0
2008-01-30,90.7,91.75,89.33,91.38,0
2008-01-31,91.55,92.5,91.03,92,0
2008-02-01,92.45,92.8,91.48,92.53,0
2008-02-02,91.6,92.83,90.16,92.21,0
2008-02-06,89.1,91.12,88.63,90.47,0
2008-02-07,90.06,90.4,88.05,88.82,0
2008-02-08,88.5,89.6,87.53,87.78,0
2008-02-09,87.6,88.77,86.83,88.51,0
2008-02-13,92.68,94.52,91.09,93.53,0
2008-02-14,93.29,94.13,92.08,92.86,0
2008-02-15,92.99,94,92.39,93.32,0
2008-02-16,93.47,95.49,93.38,95.09,0
2008-02-20,94.9,95.44,94.44,94.91,0
2008-02-21,94.84,98.7,94.81,98.56,0
2008-02-22,97.82,99.22,96.77,98.42,0
2008-02-23,98.35,99,95.42,96.24,0
2008-02-27,97.23,98.16,96.34,97.69,0
2008-02-28,98.05,100.03,97.05,99.47,0
2008-02-29,100,100.53,97.98,98.27,0
2008-03-01,98.54,101.27,97.45,100.9,0
2008-03-05,100.12,102.29,99.2,100.48,0
2008-03-06,100.6,101.31,96.92,97.52,0
2008-03-07,97.75,102.07,97.52,101.64,0
2008-03-08,101.67,102.95,100.28,102.61,0
2008-03-11,102.3,104.45,101.2,104.16,0
2008-03-12,104.21,105.82,103.3,105.25,0
2008-03-13,105.43,106.45,104,106.27,0
2008-03-14,106.31,107.88,105.56,107.54,0
2008-03-18,106,107.97,99.5,101.75,0
2008-03-19,102.31,106.18,101.7,105.56,0
2008-03-20,104.93,105.1,100.16,100.72,0
2008-03-21,100.07,100.81,98,100.38,0
2008-03-25,99.75,101.28,98.92,99.86,0
2008-03-26,98.97,101.1,98.7,100.6,0
2008-03-27,100.9,104.18,100.75,103.99,0
2008-03-28,104.22,105.6,103.41,105,0
2008-04-01,103.36,105.32,99.14,100.3,0
2008-04-02,100.5,101.47,98.99,100.17,0
2008-04-03,100.41,103.98,99.1,103.75,0
2008-04-04,103.88,104.5,102.01,102.52,0
2008-04-08,104.68,107.5,104.6,107.14,0
2008-04-09,106.83,107.78,105.72,106.34,0
2008-04-10,106.8,109.5,105.75,108.47,0
2008-04-11,108.54,109.98,106.86,108.2,0
2008-04-15,108.26,110.01,108.09,109.84,0
2008-04-16,109.95,112.08,109.68,111.31,0
2008-04-17,111.33,112.83,110.15,112.66,0
2008-04-18,112.83,113.38,111.74,112.43,0
2008-04-22,113.85,114.86,113.03,114.43,0
2008-04-23,114.35,116.75,113.94,115.95,0
2008-04-24,115.9,116.63,114.58,116.46,0
2008-04-25,116.05,116.87,112.57,114.34,0
2008-04-29,117.32,117.51,116.07,116.74,0
2008-04-30,116.74,116.74,113.01,113.43,0
2008-05-01,113.5,114.66,111.17,111.36,0
2008-05-02,112.74,112.74,108.42,110.5,0
2008-05-06,114.54,118.58,114.21,117.99,0
2008-05-07,118.13,120.99,117.69,120.31,0
2008-05-08,120.15,122.78,119.34,122.32,0
2008-05-09,122.39,123.93,120.89,122.84,0
2008-05-13,125.63,125.63,122.47,122.91,0
2008-05-14,122.85,124.99,121.95,124.1,0
2008-05-15,123.85,124.29,121.45,121.86,0
2008-05-16,121.62,124.1,120.1,121.25,0
2008-05-20,125.28,126,123.59,125.06,0
2008-05-21,125.2,128.07,124.5,127.84,0
2008-05-22,127.8,133.67,127.8,132.7,0
2008-05-23,133.67,135.14,130,130.51,0
2008-05-27,131.25,133.16,131.25,132.37,0
2008-05-28,132.97,133.41,127.83,128.31,0
2008-05-29,128.19,131.29,126.04,130.93,0
2008-05-30,130.36,132.85,126.09,126.89,0
2008-06-03,127.22,129.25,125.62,128.02,0
2008-06-04,127.88,128.09,124.18,124.58,0
2008-06-05,124.18,124.9,121.7,122.1,0
2008-06-06,121.75,127.9,121.32,127.54,0
2008-06-10,137.25,137.51,131.6,133.91,0
2008-06-11,134.47,137.74,130.5,131.02,0
2008-06-12,131.75,137.3,131.65,135.02,0
2008-06-13,135,136.8,131.35,136.09,0
2008-06-17,134.79,139.32,132.82,134.71,0
2008-06-18,134.25,135.28,132,133.72,0
2008-06-19,133,136.6,132.14,136.44,0
2008-06-20,136.22,137.4,131.73,132,0
2008-06-24,134.56,137.34,133.65,135.91,0
2008-06-25,136.38,137.76,135.46,136.46,0
2008-06-26,137,137.22,132,134.33,0
2008-06-27,134.25,140.56,133.52,139.83,0
2008-07-01,141.29,143.91,139.54,139.83,0
2008-07-02,140.44,143.31,140.11,140.67,0
2008-07-03,141.7,144.95,140.4,144.26,0
2008-07-04,144.76,146.69,144.18,146.08,0
2008-07-08,144.4,144.86,140.33,141.87,0
2008-07-09,141.86,142.96,135.5,136.43,0
2008-07-10,136.02,138.91,135.9,136.58,0
2008-07-11,136.8,142.41,136.18,142.03,0
2008-07-15,144.37,145.45,142.25,143.92,0
2008-07-16,143.85,145.55,134.96,138.75,0
2008-07-17,138.76,139.26,132.5,136.19,0
2008-07-18,136.31,137.85,130.73,131.07,0
2008-07-22,131.04,133.57,130.19,132.61,0
2008-07-23,132.69,133.75,127.6,129.55,0
2008-07-24,129.4,129.5,124.61,125.29,0
2008-07-25,125.23,127.25,124.1,126.44,0
2008-07-29,124.4,126.49,124.05,125.84,0
2008-07-30,126.12,126.79,120.88,122.71,0
2008-07-31,122.59,127.61,121.42,127.1,0
2008-08-01,126.9,127.52,122.92,123.98,0
2008-08-05,125.3,125.3,118.8,120.68,0
2008-08-06,119.99,120.05,116.91,117.7,0
2008-08-07,116.98,118.77,115.6,117,0
2008-08-08,117.2,119.75,116.25,117.86,0
2008-08-12,113.85,115.32,111.07,112.67,0
2008-08-13,112.88,114.31,110.47,111.15,0
2008-08-14,111.55,114.93,111.01,113.47,0
2008-08-15,114.41,114.89,111.88,112.64,0
2008-08-19,112.3,114.15,110.85,111.94,0
2008-08-20,111.94,115.38,110.7,113.25,0
2008-08-21,113.85,115.59,111.61,114.36,0
2008-08-22,114.75,120.93,114.55,120.16,0
2008-08-26,113,115.6,113,114.03,0
2008-08-27,114.45,116.52,111.65,114.63,0
2008-08-28,114.32,117.25,114.32,116.22,0
2008-08-29,116.42,118.26,112.81,114.17,0
2008-09-02,115.5,115.56,109.17,109.41,0
2008-09-03,110.45,110.45,104.14,108.34,0
2008-09-04,108.33,108.4,106.17,108.06,0
2008-09-05,108.39,109.16,105.16,106.3,0
2008-09-09,105.74,106.9,102.34,103.44,0
2008-09-10,103.58,103.79,98.94,100.34,0
2008-09-11,100,102.06,98.1,98.97,0
2008-09-12,99.2,100.2,96.99,97.64,0
2008-09-16,95.99,96.59,91.17,92.38,0
2008-09-17,91.57,92.13,88.9,89.22,0
2008-09-18,91.95,95.13,89.03,94.84,0
2008-09-19,94.85,99.69,93.29,95.19,0
2008-09-23,99.5,107.11,99.5,106.04,0
2008-09-24,106.09,106.09,100.57,103.08,0
2008-09-25,103.48,105.94,101.63,102.45,0
2008-09-26,102.56,105.27,100.01,104.6,0
2008-09-30,103.29,103.29,92.64,93.98,0
2008-10-01,93.3,99.87,91.1,98.17,0
2008-10-02,99.45,100.31,92.87,95.33,0
2008-10-03,96.1,97.03,90.26,90.56,0
2008-10-07,88.3,88.65,83.36,83.68,0
2008-10-08,83.91,87.99,82.84,84.66,0
2008-10-09,83.94,85.6,81,84.36,0
2008-10-10,83.62,85.07,80.4,82.66,0
2008-10-14,77,78.42,75.54,77.46,0
2008-10-15,78.46,80.74,74.26,74.53,0
2008-10-16,74.3,75.04,69.97,70.8,0
2008-10-17,69.5,70.15,65.45,66.32,0
2008-10-21,70.65,73.61,69.41,72.03,0
2008-10-22,73.2,73.29,67.91,69.72,0
2008-10-23,68.87,68.87,63.96,64.52,0
2008-10-24,65.21,67.7,64,65.92,0
2008-10-28,61.93,63.59,59.02,61.41,0
2008-10-29,60.49,62.95,59.47,60.29,0
2008-10-30,62.88,67.12,61.24,65.47,0
2008-10-31,66.18,68.35,61.93,63.71,0
2008-11-05,64.3,66.7,60.18,60.48,0
2008-11-06,60.5,67.76,58.38,66.44,0
2008-11-07,65.95,66,61.13,61.87,0
2008-11-08,61.56,62,56.44,57.43,0
2008-11-12,58.38,61.98,56.18,59.08,0
2008-11-13,57.53,57.58,54.92,55.71,0
2008-11-14,55.62,55.92,51.64,52.37,0
2008-11-15,51.96,53.26,50.6,51.99,0
2008-11-19,53.37,56.15,52.04,52.31,0
2008-11-20,52.42,53.06,51.25,51.84,0
2008-11-21,51.88,52.95,50.61,51.72,0
2008-11-22,51,51.3,47.46,48.08,0
2008-11-26,50,54.5,48,53.93,0
2008-11-27,53.7,53.86,50.1,50.35,0
2008-11-28,50.69,54.45,49.81,53.92,0
2008-11-29,53.75,53.91,51.98,53.13,0
2008-12-03,53,53,47.5,47.97,0
2008-12-04,47.7,48.97,45.3,45.44,0
2008-12-05,45.9,46.59,44.87,45.44,0
2008-12-06,45.1,45.68,41.8,42.28,0
2008-12-10,40.48,44.25,40.48,43.42,0
2008-12-11,43.87,44.17,41.25,41.53,0
2008-12-12,42.44,45.27,40.92,42.4,0
2008-12-13,42.6,48.36,42,47.39,0
2008-12-17,46,49.96,44.25,44.6,0
2008-12-18,44.76,46.48,43.9,44.56,0
2008-12-19,47.79,48.91,45.3,45.53,0
2008-12-20,45.35,46.68,43.2,43.36,0
2008-12-24,44.65,44.77,41.03,41.45,0
2008-12-25,41.05,42.02,39.2,40.36,0
2008-12-26,40.6,40.6,36.2,36.61,0
2008-12-31,39.78,43.18,38.15,40.55,0
2009-01-01,40.8,40.88,38.58,40.15,0
2009-01-02,40.11,46.31,38.1,45.59,0
2009-01-07,48.2,50.05,46.31,49.62,0
2009-01-08,48.8,52.21,48.6,50.53,0
2009-01-09,50.53,51.4,45.67,45.86,0
2009-01-10,46.02,47.36,43.75,44.67,0
2009-01-14,44.57,44.7,42.12,42.91,0
2009-01-15,43.1,45.59,41.84,44.83,0
2009-01-16,45.08,46,43.74,45.08,0
2009-01-17,44.97,47.2,43.8,44.69,0
2009-01-21,46.3,46.5,43.8,44.5,0
2009-01-22,44.6,45.64,42.96,43.62,0
2009-01-23,43.89,45.76,42.85,45.02,0
2009-01-24,45.12,46.64,43.4,45.39,0
2009-01-28,47.46,49.65,46.67,46.96,0
2009-01-29,46.94,48.4,43.55,43.73,0
2009-01-30,44.2,46.19,43.76,44.9,0
2009-01-31,44.51,46.06,44,45.4,0
2009-02-04,46.06,46.56,43.77,43.82,0
2009-02-05,44.51,44.92,43.84,44.08,0
2009-02-06,44.23,45.1,43.7,44.15,0
2009-02-07,44.22,46.6,44.05,46.46,0
2009-02-11,46.06,48.42,45.53,46.02,0
2009-02-12,46.02,48.22,44.38,44.61,0
2009-02-13,45.11,45.68,43.93,44.28,0
2009-02-14,44.65,45.14,43.92,44.65,0
2009-02-18,44.3,45.5,43.15,43.28,0
2009-02-19,43.66,44,40.23,41.03,0
2009-02-20,40.41,41.77,39.35,39.55,0
2009-02-21,39.91,42.19,39.64,41.99,0
2009-02-25,41.66,43.45,40.3,40.99,0
2009-02-26,40.63,42.6,40.43,42.5,0
2009-02-27,42.35,44.5,41.85,44.29,0
2009-02-28,44.4,46.63,44.15,46.51,0
2009-03-04,45.56,45.65,41.9,42.21,0
2009-03-05,42.16,44.1,41.6,43.7,0
2009-03-06,43.3,46.54,43.1,46.12,0
2009-03-07,46.28,46.42,42.85,43.64,0
2009-03-10,45.42,45.74,43.07,44.13,0
2009-03-11,44.4,45.77,43.61,43.96,0
2009-03-12,43.81,44.44,41.3,41.4,0
2009-03-13,41.83,45.48,41.48,45.09,0
2009-03-17,44.25,44.57,42.59,43.98,0
2009-03-18,45.9,48.65,45.22,48.24,0
2009-03-19,47.4,48.94,46.05,47.66,0
2009-03-20,48.21,51.64,48.16,50.67,0
2009-03-24,51.3,53.86,51.1,53.47,0
2009-03-25,53.23,53.61,52.42,53.5,0
2009-03-26,53.04,53.48,51.17,51.75,0
2009-03-27,52.39,53.8,52.3,53.46,0
2009-03-31,51.5,51.6,47.66,47.99,0
2009-04-01,48.5,49.81,47.47,49.23,0
2009-04-02,48.37,48.7,47.26,48.44,0
2009-04-03,48.59,53.06,48.59,52.75,0
2009-04-07,53.5,54.31,51.15,52.24,0
2009-04-08,52.44,53.18,50.65,51.22,0
2009-04-09,50.56,53.59,49.8,51.59,0
2009-04-10,52.05,54.27,51.85,54.06,0
2009-04-14,53.98,54.12,50.9,52.14,0
2009-04-15,52.25,53.56,51.21,51.96,0
2009-04-16,51.86,52.87,51.35,51.79,0
2009-04-17,53.25,53.91,52.53,53.06,0
2009-04-21,53.06,53.06,49.6,49.86,0
2009-04-22,49.86,50.63,48.31,49.82,0
2009-04-23,49.82,50.32,48.85,49.81,0
2009-04-24,49.32,50.51,49.25,50.11,0
2009-04-28,51.04,51.19,48.4,50.32,0
2009-04-29,50.08,50.42,48.88,49.99,0
2009-04-30,49.57,51.28,49.25,50.78,0
2009-05-01,51.17,51.39,50,50.8,0
2009-05-05,52.6,54.78,52.36,54.58,0
2009-05-06,54.62,54.91,53.64,54.12,0
2009-05-07,54.38,56.3,53.86,56.15,0
2009-05-08,56.3,58.22,55.43,56.47,0
2009-05-12,57.8,58.09,56.31,57.48,0
2009-05-13,57.3,58.91,56.87,57.94,0
2009-05-14,58.36,59.05,56.88,57.34,0
2009-05-15,57.21,57.28,56,56.69,0
2009-05-19,56.17,58.86,55.91,58.47,0
2009-05-20,58.5,59.65,57.69,58.92,0
2009-05-21,58.9,60.8,58.76,60.59,0
2009-05-22,60.37,60.68,58.83,59.93,0
2009-05-26,61,61.16,59.85,60.21,0
2009-05-27,60.03,61.35,58.41,61.24,0
2009-05-28,61.43,62.75,60.99,62.5,0
2009-05-29,61.86,64.68,61.78,64.39,0
2009-06-02,65.77,68.03,65.49,67.97,0
2009-06-03,67.44,68.55,67.05,68.17,0
2009-06-04,67.75,68.65,64.91,65.88,0
2009-06-05,65.94,69.5,65.84,68.71,0
2009-06-09,67.79,68.79,66.88,67.88,0
2009-06-10,68.66,70.06,68.24,69.62,0
2009-06-11,70,71.2,69.92,70.8,0
2009-06-12,70.87,72.27,70.63,71.79,0
2009-06-16,70.93,70.93,68.56,69.44,0
2009-06-17,69.89,72.4,69.55,70.24,0
2009-06-18,70,71.12,69.02,70.85,0
2009-06-19,70.99,71.49,69.8,71.06,0
2009-06-23,69.47,69.62,66.12,66.98,0
2009-06-24,66.89,69.25,65.9,68.8,0
2009-06-25,68.41,69.31,67.58,68.33,0
2009-06-26,68.11,70.51,68.05,69.78,0
2009-06-30,68.95,71.42,68.1,70.99,0
2009-07-01,71.3,73.5,68.4,69.3,0
2009-07-02,69.9,71.32,68.08,68.79,0
2009-07-03,68.9,69.19,66.21,66.65,0
2009-07-07,65.2,65.46,63.26,64.05,0
2009-07-08,64.36,64.89,62.59,63.23,0
2009-07-09,62.5,63.13,60.3,60.43,0
2009-07-10,60.9,62.17,59.76,61.1,0
2009-07-14,60.66,61.59,59.49,60.69,0
2009-07-15,61.09,62.26,60.48,60.86,0
2009-07-16,61.35,63.83,61.33,63.09,0
2009-07-17,63.23,63.3,61.99,62.75,0
2009-07-21,65.03,66.76,65.03,66.44,0
2009-07-22,66.63,67.92,65.69,66.87,0
2009-07-23,66.37,67.48,65.5,67.21,0
2009-07-24,66.87,69.78,66.7,69.25,0
2009-07-28,70.06,71.28,69.96,70.81,0
2009-07-29,70.57,71.36,69.07,69.88,0
2009-07-30,69.42,69.89,66.14,66.53,0
2009-07-31,66.37,70.37,66.36,70.11,0
2009-08-04,71.98,73.95,71.5,73.55,0
2009-08-05,73.31,74.89,72.24,74.28,0
2009-08-06,74.65,75.62,73.2,75.51,0
2009-08-07,75.18,76,74,74.83,0
2009-08-11,73.23,74.26,73.04,73.5,0
2009-08-12,73.5,74.19,71.91,72.46,0
2009-08-13,72.49,73.52,71.68,72.89,0
2009-08-14,73.24,74.72,72.96,73.48,0
2009-08-18,71.35,71.44,69.21,70.54,0
2009-08-19,70.61,73.2,69.46,72.37,0
2009-08-20,73.13,74.9,71.17,74.59,0
2009-08-21,74.74,74.78,73.1,73.33,0
2009-08-25,74.21,74.75,73.82,74.26,0
2009-08-26,73.95,74.23,71.04,71.82,0
2009-08-27,71.28,72.48,70.6,71.65,0
2009-08-28,71.55,72.94,70.42,72.51,0
2009-09-01,72.79,72.95,68.85,69.65,0
2009-09-02,69.65,71.05,67.61,67.73,0
2009-09-03,67.99,68.55,66.76,67.66,0
2009-09-04,67.51,68.7,66.95,67.12,0
2009-09-08,66.69,68.05,66.38,66.53,0
2009-09-09,66.79,70.1,66.79,69.42,0
2009-09-10,69.45,70.88,69.09,69.83,0
2009-09-11,70.06,70.7,69.11,69.86,0
2009-09-15,67.68,68,66.66,67.44,0
2009-09-16,67.55,67.93,66.68,67.35,0
2009-09-17,69.56,71.72,69.01,71.67,0
2009-09-18,71.63,72.2,70.92,71.55,0
2009-09-22,71.17,71.45,68.07,68.69,0
2009-09-23,68.84,70.75,68.82,70.53,0
2009-09-24,70.39,70.48,67.3,67.99,0
2009-09-25,67.56,67.98,64.58,64.82,0
2009-09-29,65.42,66.29,64.49,65.54,0
2009-09-30,65.93,66,64.66,65.49,0
2009-10-01,65.35,69.34,65,69.07,0
2009-10-02,68.92,69.79,67.61,69.19,0
2009-10-06,67.45,68.69,65.9,68.04,0
2009-10-07,68.11,69.74,67.66,68.56,0
2009-10-08,69.12,69.45,66.65,67.2,0
2009-10-09,67.4,70.49,67.07,69.77,0
2009-10-13,70.29,72.02,70.29,71.36,0
2009-10-14,71.13,72.83,70.84,72.4,0
2009-10-15,72.75,73.45,72.32,73.1,0
2009-10-16,73.4,74.65,72.84,74.45,0
2009-10-20,77.09,77.87,76.51,77.77,0
2009-10-21,77.72,78.18,76.45,77.24,0
2009-10-22,76.92,80.26,76.04,79.69,0
2009-10-23,79.41,79.93,78.3,79.51,0
2009-10-27,78.49,80.1,76.62,77.26,0
2009-10-28,77.23,78.45,76.42,77.92,0
2009-10-29,78,78.1,75.62,75.86,0
2009-10-30,75.72,78.63,75.57,78.04,0
2009-11-04,75.24,77.08,74.98,76.55,0
2009-11-05,76.55,78.32,75.08,78.11,0
2009-11-06,77.79,79.45,77.67,78.89,0
2009-11-07,78.31,78.95,77.8,77.99,0
2009-11-11,76.26,78.52,76.26,77.77,0
2009-11-12,77.5,78.92,76.36,77.5,0
2009-11-13,77.7,78.62,77.07,77.95,0
2009-11-14,77.95,78.26,75.63,76.02,0
2009-11-18,76.79,79.27,76.57,78.76,0
2009-11-19,78.8,79.56,78.02,78.97,0
2009-11-20,79.45,80.14,78.67,79.47,0
2009-11-21,79.4,79.79,77.2,77.64,0
2009-11-25,77.55,79.58,77.12,77.46,0
2009-11-26,77.46,77.84,76.01,76.46,0
2009-11-27,76.6,78.63,76.31,78.44,0
2009-11-28,78.31,78.31,76.95,76.99,0
2009-12-02,77.46,79.3,76.4,78.47,0
2009-12-03,78.42,79.91,78.25,79.35,0
2009-12-04,79.34,79.67,77.48,77.88,0
2009-12-05,78.09,78.95,77.41,78.36,0
2009-12-09,77.83,78.25,76.28,76.43,0
2009-12-10,76.78,77.02,75.08,75.19,0
2009-12-11,75.47,76.19,72,72.39,0
2009-12-12,72.75,73.26,71.15,71.86,0
2009-12-16,71.47,72.37,71.16,71.89,0
2009-12-17,72.04,72.81,71.57,72.05,0
2009-12-18,72.29,73.86,72.03,73.55,0
2009-12-19,74.78,74.78,72.35,73.37,0
2009-12-23,73.62,74.64,72.48,72.99,0
2009-12-24,72.99,74,71.97,73.46,0
2009-12-25,73.61,75.66,73.24,75.45,0
2009-12-26,75.53,76.5,74.71,76.31,0
2009-12-30,76.3,77.42,76.2,77.32,0
2009-12-31,77.42,78.03,76.8,77.64,0
2010-01-01,77.53,78.65,77.51,78.03,0
2010-01-02,78.65,78.94,77.77,77.93,0
2010-01-06,78.49,80.48,78.34,80.12,0
2010-01-07,80.29,80.84,79.75,80.59,0
2010-01-08,80.38,82.21,79.77,81.89,0
2010-01-09,82,82.05,81.05,81.51,0
2010-01-13,81.53,82.45,80.41,80.97,0
2010-01-14,80.55,80.86,78.49,79.3,0
2010-01-15,78.49,79.09,77.04,78.31,0
2010-01-16,78.55,78.98,77.49,77.82,0
2010-01-20,76.91,77.59,76.39,77.1,0
2010-01-21,77.23,77.85,75.37,77.63,0
2010-01-22,77.5,77.56,75.7,76.32,0
2010-01-23,76.06,76.82,74.23,74.58,0
2010-01-27,72.46,73.8,72.46,73.69,0
2010-01-28,73.69,73.7,72.45,73.29,0
2010-01-29,73.2,73.62,71.28,72.24,0
2010-01-30,72.36,73.11,71.51,72.13,0
2010-02-03,71.35,73.65,71.13,73.11,0
2010-02-04,73.6,76.17,73,76.06,0
2010-02-05,75.8,76.99,75.46,75.92,0
2010-02-06,75.9,75.95,71.43,72.13,0
2010-02-10,70.36,70.82,69.21,70.11,0
2010-02-11,69.63,72.47,69.61,72.13,0
2010-02-12,71.89,73,70.83,72.54,0
2010-02-13,72.8,73.58,72.02,73.05,0
2010-02-17,73.12,73.15,72.29,72.51,0
2010-02-18,72.62,76,72.55,75.68,0
2010-02-19,75.75,76.48,75.4,76.27,0
2010-02-20,75.85,78,75.27,77.78,0
2010-02-24,78.44,78.94,77.85,78.61,0
2010-02-25,78.4,78.64,76.57,77.25,0
2010-02-26,77.35,78.5,76.63,78.09,0
2010-02-27,77.74,78.42,75.29,76.29,0
2010-03-03,77.69,78.47,76.21,76.89,0
2010-03-04,77.05,79.25,76.55,78.18,0
2010-03-05,78.27,79.58,77.88,79.25,0
2010-03-06,79.32,79.42,78.15,78.54,0
2010-03-10,80.21,80.92,79.45,80.47,0
2010-03-11,80.26,80.4,78.7,79.91,0
2010-03-12,79.7,81.46,79.22,80.48,0
2010-03-13,80.25,80.67,79.65,80.28,0
2010-03-16,79.09,79.53,77.27,77.89,0
2010-03-17,77.6,79.86,77.25,79.02,0
2010-03-18,80.92,82.08,80.53,81.96,0
2010-03-19,81.9,81.9,80.9,81.48,0
2010-03-23,79.61,80.8,78,80.54,0
2010-03-24,80.74,81.17,79.85,80.7,0
2010-03-25,80.37,80.37,78.9,79.62,0
2010-03-26,79.43,80.46,79.2,79.61,0
2010-03-30,79.48,81.9,79.48,81.17,0
2010-03-31,81.32,81.78,80.71,81.28,0
2010-04-01,81.14,82.82,81.1,82.7,0
2010-04-02,82.44,84.5,82.22,84.01,0
2010-04-06,84.47,86.09,84.05,85.88,0
2010-04-07,85.9,86.63,85.35,86.15,0
2010-04-08,85.97,86.47,85.16,85.59,0
2010-04-09,85.35,85.55,84.2,84.81,0
2010-04-13,84.87,85.74,84.48,84.77,105
2010-04-14,84.66,85,83.51,84.72,906
2010-04-15,84.68,86.64,84.49,86.15,147
2010-04-16,86.28,87.58,86.1,87.17,0
2010-04-19,87.15,87.15,84.23,84.47,166
2010-04-20,85.74,85.74,83.25,84.23,227
2010-04-21,84.51,85.5,84.48,84.8,84
2010-04-22,85.17,86.16,84.59,85.7,440
2010-04-23,85.68,86.3,84.15,85.67,634
2010-04-26,87.24,87.72,86.44,86.58,1219
2010-04-27,87.27,87.75,86.46,86.83,57196
2010-04-28,85.22,86.27,84.86,86.27,67148
2010-04-29,86.27,87.63,85.87,87.01,39248
2010-04-30,87.01,87.7,86.72,87.28,42696
2010-05-03,87.28,89.55,87.14,88.77,18115
2010-05-04,88.77,89.03,85.14,85.2,52072
2010-05-05,85.2,85.92,82.11,82.27,67799
2010-05-06,82.27,82.95,77.44,79.68,118732
2010-05-07,79.68,80.62,77.55,78.53,143646
2010-05-10,78.53,81.74,78.08,80.53,82339
2010-05-11,80.53,80.97,78.89,80.22,73423
2010-05-12,80.22,81.68,79.91,81.15,63446
2010-05-13,81.15,81.66,79.64,79.67,56151
2010-05-14,79.67,79.98,76.35,78.11,29320
2010-05-17,78.11,78.35,74.73,75.57,80288
2010-05-18,75.57,76.57,73.99,74.26,91735
2010-05-19,74.26,74.47,72.7,73.89,104287
2010-05-20,73.89,74.21,70.21,70.83,127980
2010-05-21,70.83,72.77,70.51,71.75,119462
2010-05-24,71.75,72.22,70.86,70.98,60610
2010-05-25,70.98,71.07,68.14,70.46,87800
2010-05-26,70.46,72.05,69.66,71.19,77777
2010-05-27,71.19,74.88,71,74.85,71796
2010-05-28,74.85,75.71,73.25,74.1,64576
2010-05-31,74.1,74.69,73.86,74.57,8410
2010-06-01,74.57,75.38,71.49,72.15,78097
2010-06-02,72.15,74.56,71.95,74.54,76916
2010-06-03,74.54,75.55,73.77,75.31,74393
2010-06-04,75.31,76.52,71.46,71.75,113651
2010-06-07,71.75,72.92,70.47,71.71,49077
2010-06-08,71.71,72.66,71.24,72.53,62463
2010-06-09,72.53,74.72,71.98,73.93,39174
2010-06-10,73.93,75.86,73.5,75.31,42895
2010-06-11,75.31,75.69,73.57,74.71,40065
2010-06-14,74.71,76.3,74.35,74.65,36266
2010-06-15,74.65,77.3,74.55,77.26,30867
2010-06-16,77.26,78.54,76.58,78.03,32214
2010-06-17,78.03,79.06,77.63,78.6,41044
2010-06-18,78.6,78.85,77.23,78.36,27310
2010-06-21,78.36,79.83,77.71,78.35,30801
2010-06-22,78.35,79.09,77.55,77.76,43266
2010-06-23,77.76,78.15,75.54,75.77,54344
2010-06-24,75.77,76.47,75.39,76.4,45332
2010-06-25,76.4,78.47,75.72,78.42,41403
2010-06-28,78.42,78.64,77.04,77.51,34796
2010-06-29,77.51,77.67,74.8,75.11,47607
2010-06-30,75.11,76.22,73.99,74.71,53944
2010-07-01,74.71,74.78,71.48,72.22,69566
2010-07-02,72.22,72.8,71.18,71.75,39385
2010-07-05,71.75,73.66,71.04,71.44,8605
2010-07-06,71.44,73.25,70.75,71.51,31737
2010-07-07,71.51,74.25,70.85,74.22,27508
2010-07-08,74.22,75.21,73.68,75.16,28786
2010-07-09,75.16,75.83,74.39,75.47,21769
2010-07-12,75.47,75.69,73.85,74.26,24140
2010-07-13,74.26,76.96,73.65,76.6,29065
2010-07-14,76.6,77.75,76.04,76.45,33794
2010-07-15,76.45,77.21,74.98,76.29,32891
2010-07-16,76.29,76.45,74.63,75.31,28651
2010-07-19,75.31,77.17,74.76,75.49,27583
2010-07-20,75.49,76.47,74.73,76.46,27778
2010-07-21,76.46,77.17,75.03,75.14,47157
2010-07-22,75.14,77.89,74.88,77.62,38802
2010-07-23,77.62,78.08,76.91,77.6,41960
2010-07-26,77.6,77.89,76.53,77.39,22814
2010-07-27,77.39,78.19,75.46,75.83,29103
2010-07-28,75.83,76.37,74.79,75.87,25014
2010-07-29,75.87,78.12,75.58,77.47,44051
2010-07-30,77.47,78.29,76.19,78.15,43463
2010-08-02,78.15,81.17,78.09,80.87,29176
2010-08-03,80.87,82.78,80.62,82.58,30943
2010-08-04,82.58,82.83,81.59,82.15,34182
2010-08-05,82.15,82.25,81.03,81.63,24940
2010-08-06,81.63,82.14,79.54,80.33,49707
2010-08-09,80.33,81.35,80.23,80.96,25222
2010-08-10,80.96,81.09,78.48,79.54,37686
2010-08-11,79.54,79.62,77,77.01,50744
2010-08-12,77.01,77.53,75.23,75.48,42887
2010-08-13,75.48,76.4,74.64,75.33,42160
2010-08-16,75.33,76.12,74.99,75.49,26837
2010-08-17,75.49,77.66,75.32,76.65,36093
2010-08-18,76.65,76.83,75.29,76.29,38769
2010-08-19,76.29,77.14,74.98,75.21,46874
2010-08-20,75.21,75.62,73.98,74.43,36265
2010-08-23,74.43,74.88,73.23,73.59,37120
2010-08-24,73.59,73.62,72.1,72.3,52781
2010-08-25,72.3,73.88,71.73,73.77,52946
2010-08-26,73.77,75.53,73.37,74.68,54086
2010-08-27,74.68,76.86,74.37,76.85,57534
2010-08-30,76.85,76.97,75.89,76.03,4666
2010-08-31,76.03,76.77,74.21,74.38,9537
2010-09-01,74.38,76.73,74.34,76.33,7391
2010-09-02,76.33,77.11,75.2,76.75,7027
2010-09-03,76.75,77.43,75.31,76.49,6943
2010-09-06,76.49,77.16,76.1,76.79,813
2010-09-07,76.79,78.3,75.54,77.39,8476
2010-09-08,77.39,78.82,76.76,78.16,8610
2010-09-09,78.16,78.8,77.03,77.05,7807
2010-09-10,77.05,78.36,76.98,78.24,4812
2010-09-13,78.24,79.38,78.08,79.07,4696
2010-09-14,79.07,79.87,78.45,78.99,4377
2010-09-15,78.99,79.51,78.48,79.05,3635
2010-09-16,79.05,79.61,77.86,78.41,4412
2010-09-17,78.41,79.44,77.23,78.05,5456
2010-09-20,78.05,79.89,77.62,79.31,4639
2010-09-21,79.31,79.97,77.98,78.05,3349
2010-09-22,78.05,78.8,77.48,78.08,5704
2010-09-23,78.08,78.45,76.74,77.86,5130
2010-09-24,77.86,79.38,77.67,78.87,6720
2010-09-27,78.87,79.16,77.58,78.24,4844
2010-09-28,78.24,79.52,77.73,78.76,6838
2010-09-29,78.76,80.9,78.3,80.69,5292
2010-09-30,80.69,82.38,80.4,82.12,7319
2010-10-01,82.12,83.77,82.09,83.76,6233
2010-10-04,83.76,84.38,82.89,83.32,5705
2010-10-05,83.32,84.9,82.91,84.65,5878
2010-10-06,84.65,85.85,84.24,85.11,5496
2010-10-07,85.11,86,82.92,83.15,7058
2010-10-08,83.15,84.55,81.84,84.2,8329
2010-10-11,84.2,84.65,83.28,83.32,3304
2010-10-12,83.32,83.96,82.46,83.41,8178
2010-10-13,83.41,84.95,83.29,84.75,3050
2010-10-14,84.75,85.72,83.69,84.2,3054
2010-10-15,84.2,84.47,81.93,82.66,3144
2010-10-18,82.66,84.47,81.51,84.13,2671
2010-10-19,84.13,84.44,80.78,80.8,5060
2010-10-20,80.8,83.67,80.72,83.67,3098
2010-10-21,83.67,83.85,81.43,81.98,3555
2010-10-22,81.98,83.23,81.81,83.22,3075
2010-10-25,83.22,84.18,82.68,83.39,3241
2010-10-26,83.39,83.86,82.95,83.48,3209
2010-10-27,83.48,83.69,81.83,83.26,3598
2010-10-28,83.26,83.83,82.95,83.4,2612
2010-10-29,83.4,83.56,82.2,83.08,2302
2010-11-01,83.08,85.52,83.01,84.5,3937
2010-11-02,84.5,85.86,84.48,85.85,2562
2010-11-03,85.85,86.87,85.22,86.56,2663
2010-11-04,86.56,88.26,86.38,88.16,2640
2010-11-05,88.16,88.76,87.29,88.27,2827
2010-11-09,88.27,88.55,87.29,88.23,2592
2010-11-10,88.23,88.99,87.16,87.99,2396
2010-11-11,87.99,89.29,87.71,89.16,3794
2010-11-12,89.16,89.67,88.6,88.74,2983
2010-11-13,88.74,88.76,85.74,85.95,4038
2010-11-16,85.95,87.46,85.95,86.54,2725
2010-11-17,86.54,86.69,84.48,84.76,2937
2010-11-18,84.76,85.04,82.94,83.15,2596
2010-11-19,83.15,85.47,83,85.41,2610
2010-11-20,85.41,86.12,83.85,84.4,2397
2010-11-23,84.4,85.42,83.09,83.7,2466
2010-11-24,83.7,83.98,82.42,83,2726
2010-11-25,83,86.08,82.98,86.05,2860
2010-11-26,86.05,86.47,85.37,85.9,1460
2010-11-27,85.9,85.92,84.73,85.76,1698
2010-11-30,85.76,87.48,85.49,87.44,3275
2010-12-01,87.44,87.54,85.4,85.56,3511
2010-12-02,85.56,88.98,85.4,88.95,2906
2010-12-03,88.95,90.81,88.39,90.68,2931
2010-12-04,90.68,91.84,90.09,91.57,2645
2010-12-07,91.57,92,90.84,90.97,2462
2010-12-08,90.97,92.84,90.7,90.87,3154
2010-12-09,90.87,91.71,90.13,91,2934
2010-12-10,91,91.61,90.26,91.27,2818
2010-12-11,91.27,91.54,89.85,90.54,2461
2010-12-14,90.54,92.26,90.42,90.79,2537
2010-12-15,90.79,91.7,90.57,91.27,2223
2010-12-16,91.27,92.39,90.31,92.05,3237
2010-12-17,92.05,92.22,91.49,91.75,1864
2010-12-18,91.75,92.36,90.88,91.56,1302
2010-12-21,91.56,92.87,91.01,92.54,1408
2010-12-22,92.54,93.47,92.35,93.41,1340
2010-12-23,93.41,93.91,93.23,93.74,1130
2010-12-24,93.74,94.52,93.27,94.26,891
2010-12-28,94.26,94.5,93.07,93.61,1003
2010-12-29,93.61,94.39,93.51,94.16,1109
2010-12-30,94.16,94.35,93.61,93.98,774
2010-12-31,93.98,94.39,92.32,92.63,1306
2011-01-01,92.63,94.27,92.17,94.12,560
2011-01-04,94.12,96.14,94.12,94.8,1571
2011-01-05,94.8,95.71,92.57,93.26,1921
2011-01-06,93.26,95.8,92.35,95.44,1978
2011-01-07,95.44,96.09,93.99,94.35,2401
2011-01-08,94.35,94.54,92.58,93.58,2305
2011-01-11,93.58,95.86,93.58,95.69,2225
2011-01-12,95.69,97.8,95.06,97.47,2178
2011-01-13,97.47,98.82,97.27,98.2,2114
2011-01-14,98.2,98.64,97.27,98.41,1443
2011-01-15,98.41,98.55,96.76,98.55,2044
2011-01-18,98.55,98.63,97.38,97.55,742
2011-01-19,97.55,98.34,96.59,97.51,1829
2011-01-20,97.51,98.57,97.33,97.92,1742
2011-01-21,97.92,98.09,95.42,96.29,2383
2011-01-22,96.29,97.82,96.15,97.61,1752
2011-01-25,97.61,98.13,96.21,96.44,1875
2011-01-26,96.44,96.66,94.73,95.31,2085
2011-01-27,95.31,98.31,95.21,98.2,2062
2011-01-28,98.2,98.92,97.19,97.26,3107
2011-01-29,97.26,99.7,97.12,99.32,3657
2011-02-01,99.32,101.67,98.48,100.5,3485
2011-02-02,100.5,102.05,100.18,101.53,2806
2011-02-03,101.53,102.56,101.29,102.29,2263
2011-02-04,102.29,103.32,101.4,101.8,2937
2011-02-05,101.8,102.45,99.47,99.89,2504
2011-02-08,99.89,100.87,98.76,99.15,2440
2011-02-09,99.15,100.39,97.49,100.18,3330
2011-02-10,100.18,102.22,100.02,102.05,3326
2011-02-11,102.05,102.85,100.46,101.59,4194
2011-02-12,101.59,102.51,100.51,101.32,3372
2011-02-15,101.32,104.26,100.89,102.96,2785
2011-02-16,102.96,104,101.28,101.75,2831
2011-02-17,101.75,104.49,101.62,103.89,3173
2011-02-18,103.89,104.3,102.35,102.82,3126
2011-02-19,102.82,103.47,100.73,103.03,2510
2011-02-22,103.03,108.64,103.03,108.01,1815
2011-02-23,108.01,108.53,105.55,106.41,4237
2011-02-24,106.41,112.28,105.9,112.13,3965
2011-02-25,112.13,119.47,109.6,110.79,7075
2011-02-26,110.79,113.9,110.5,112.2,4487
2011-03-01,112.2,114.34,111.26,111.86,3813
2011-03-02,111.86,116.74,111.73,116.54,3695
2011-03-03,116.54,117.77,114.52,116.33,4566
2011-03-04,116.33,116.88,113,114.46,3747
2011-03-05,114.46,116.46,114.45,115.93,3522
2011-03-08,115.93,118.48,114.49,114.56,3830
2011-03-09,114.56,115.28,112.12,112.77,4723
2011-03-10,112.77,116.14,112.14,116.02,3726
2011-03-11,116.02,116.52,113.5,115.06,4436
2011-03-12,115.06,115.67,112.23,113.31,4453
2011-03-14,113.31,114.06,111.14,113.72,4881
2011-03-15,113.72,113.79,107.88,108.11,6500
2011-03-16,108.11,111.73,106.7,110.83,3635
2011-03-17,110.83,115.36,109.43,115.19,2220
2011-03-18,115.19,117.23,113.07,114.29,3148
2011-03-21,114.29,116.19,114.29,114.64,2231
2011-03-22,114.64,116.06,114.14,115.85,2058
2011-03-23,115.85,116.36,115.05,115.35,2333
2011-03-24,115.35,115.89,114.48,115.69,2218
2011-03-25,115.69,116.09,115.18,115.84,1942
2011-03-28,115.84,115.96,114.53,114.75,2285
2011-03-29,114.75,115.61,113.53,115.16,2202
2011-03-30,115.16,115.68,114.52,115.16,2020
2011-03-31,115.16,117.67,115.03,117.02,2468
2011-04-01,117.02,118.94,116.75,118.72,1822
2011-04-04,118.72,121.27,118.72,121.07,2055
2011-04-05,121.07,122.86,119.97,121.48,2432
2011-04-06,121.48,123.35,121.36,122,2113
2011-04-07,122,122.87,121.37,122.52,2310
2011-04-08,122.52,126.88,122.27,126.87,2153
2011-04-11,126.87,126.96,122.98,123.17,2271
2011-04-12,123.17,125.33,119.98,120.99,2869
2011-04-13,120.99,123.23,120.18,123,2742
2011-04-14,123,123.11,121.13,122.29,3586
2011-04-15,122.29,123.99,121.57,123.35,2766
2011-04-18,123.35,123.35,120.98,121.8,3002
2011-04-19,121.8,122.26,119.03,121.17,3282
2011-04-20,121.17,124.2,121.07,123.88,2594
2011-04-21,123.88,124.8,123.18,123.93,2063
2011-04-25,123.93,124.72,122.69,123.61,1720
2011-04-26,123.61,124.37,122.78,123.78,2048
2011-04-27,123.78,125.77,123.23,125.52,2083
2011-04-28,125.52,126.63,124.07,124.76,2579
2011-04-29,124.76,126.06,124.23,125.85,1607
2011-05-02,125.85,126.51,121.66,124.5,2667
2011-05-03,124.5,124.97,121.73,122.15,3007
2011-05-04,122.15,123.02,120.46,120.68,2425
2011-05-05,120.68,121.93,109.01,110.44,4146
2011-05-06,110.44,114.22,105.13,109.7,5187
2011-05-09,109.7,116.49,109.2,116.13,4300
2011-05-10,116.13,117.92,113.56,117.38,4178
2011-05-11,117.38,118.4,111.94,113.06,4073
2011-05-12,113.06,114.51,110.13,112.96,4637
2011-05-13,112.96,114.88,111.71,113.94,4150
2011-05-16,113.94,113.94,110.12,110.2,3524
2011-05-17,110.2,111.76,108.11,110.6,3821
2011-05-18,110.6,113.07,110.39,112.14,3298
2011-05-19,112.14,113.01,111.15,111.43,3523
2011-05-20,111.43,112.86,108.58,112.47,4116
2011-05-23,112.47,112.47,108.58,109.83,3650
2011-05-24,109.83,112.62,109.48,112.18,4014
2011-05-25,112.18,115.04,111.12,114.94,3338
2011-05-26,114.94,115.45,114.08,114.95,3692
2011-05-27,114.95,115.65,114.41,114.93,2735
2011-05-30,114.93,114.97,114.21,114.67,378
2011-05-31,114.67,117.46,114.55,116.5,2578
2011-06-01,116.5,117.26,113.86,114.03,2707
2011-06-02,114.03,115.87,113.74,115.86,3395
2011-06-03,115.86,116.22,113.38,115.96,2638
2011-06-06,115.96,115.96,113.95,114.19,2685
2011-06-07,114.19,117.4,113.79,116.94,2787
2011-06-08,116.94,118.56,115.75,117.71,2863
2011-06-09,117.71,119.82,117.37,119.61,2499
2011-06-10,119.61,120.06,117.62,118.4,2860
2011-06-13,118.4,120.22,117.11,118.77,2880
2011-06-14,118.77,120.72,118.51,120.23,2619
2011-06-15,120.23,120.31,112.3,113.91,3667
2011-06-16,113.91,114.91,112.53,114.11,3574
2011-06-17,114.11,114.28,111.05,113.22,3896
2011-06-20,113.22,113.22,111.21,111.45,3519
2011-06-21,111.45,113.08,109.91,110.67,3616
2011-06-22,110.67,114.44,110.33,113.39,2679
2011-06-23,113.39,113.44,105.7,108.49,4997
2011-06-24,108.49,108.75,103.62,105.51,4039
2011-06-27,105.51,106.7,102.27,106.6,3177
2011-06-28,106.6,109.02,105.33,108.78,2946
2011-06-29,108.78,112.64,108.08,112.57,4166
2011-06-30,112.57,113.21,110.7,111.95,3388
2011-07-01,111.95,112.46,109.5,111.57,3375
2011-07-04,111.57,112.12,111.02,111.4,764
2011-07-05,111.4,114.41,110.43,113.61,2429
2011-07-06,113.61,114.28,111.89,114.15,3265
2011-07-07,114.15,118.67,113.73,118.34,3265
2011-07-08,118.34,119.85,116.87,118.22,3420
2011-07-11,118.22,118.36,115.22,117.16,2836
2011-07-12,117.16,117.8,114.95,116.96,3690
2011-07-13,116.96,119.81,116.69,118.81,4048
2011-07-14,118.81,118.81,115.39,116.37,3246
2011-07-15,116.37,117.72,115.14,117.58,3377
2011-07-18,117.58,117.64,114.71,116.16,2799
2011-07-19,116.16,118.42,116.06,117.32,2763
2011-07-20,117.32,118.83,117.03,118.18,2192
2011-07-21,118.18,119.22,116.61,117.76,2737
2011-07-22,117.76,118.77,117.33,118.58,2294
2011-07-25,118.58,118.58,116.91,117.63,2544
2011-07-26,117.63,119.02,116.52,118.09,1657
2011-07-27,118.09,118.47,117.17,117.4,2971
2011-07-28,117.4,118.67,117.03,117.22,2849
2011-07-29,117.22,117.67,115.73,116.61,2074
2011-08-01,116.61,120.05,114.79,116.71,3768
2011-08-02,116.71,118.37,115.51,115.95,3142
2011-08-03,115.95,116.27,112.81,113.21,3358
2011-08-04,113.21,113.72,106.99,107.37,5802
2011-08-05,107.37,110.19,104.25,109.3,6651
2011-08-08,109.3,109.3,102.7,103.89,4718
2011-08-09,103.89,105.87,98.65,105.24,6459
2011-08-10,105.24,107.09,103.37,105.72,6585
2011-08-11,105.72,108.2,104.4,107.93,6549
2011-08-12,107.93,109.1,106.84,107.83,4088
2011-08-15,107.83,109.97,107.39,109.69,3633
2011-08-16,109.69,109.87,108.02,109.54,3080
2011-08-17,109.54,111.7,109.02,110.55,3822
2011-08-18,110.55,110.73,106.25,106.5,4865
2011-08-19,106.5,109.34,105.05,108.9,5155
2011-08-22,108.9,108.9,105.13,108.45,4682
2011-08-23,108.45,110.16,107.17,109.75,4360
2011-08-24,109.75,110.97,108.69,110.18,4033
2011-08-25,110.18,111.43,108.98,110.31,4153
2011-08-26,110.31,111.67,109.28,111.03,4256
2011-08-29,111.03,112.7,110.51,112.08,2295
2011-08-30,112.08,114.21,111.14,114.05,3816
2011-08-31,114.05,115.16,113.5,114.62,3618
2011-09-01,114.62,115.33,113.6,114.1,3903
2011-09-02,114.1,114.56,111.35,112.54,3752
2011-09-05,112.54,112.54,109.91,110,1646
2011-09-06,110,113.31,109.8,113.07,4004
2011-09-07,113.07,116.44,112.7,116.38,3622
2011-09-08,116.38,116.57,114.09,114.1,4733
2011-09-09,114.1,115.14,110.86,112.6,4498
2011-09-12,112.6,113.73,110.41,112.82,4024
2011-09-13,112.82,113.21,111.27,111.6,3817
2011-09-14,111.6,112.67,110.84,112.16,2970
2011-09-15,112.16,113.48,108.98,112.21,3712
2011-09-16,112.21,114.21,111.5,112.06,2282
2011-09-19,112.06,112.08,108.7,109.25,2793
2011-09-20,109.25,111.56,108.7,110.44,3297
2011-09-21,110.44,112.42,108.99,109.08,3270
2011-09-22,109.08,109.15,104.83,105.37,4608
2011-09-23,105.37,106.97,103.41,104.04,4522
2011-09-26,104.04,105.31,101.65,104.89,4197
2011-09-27,104.89,107.46,104.48,106.89,3478
2011-09-28,106.89,107.38,103.22,103.37,3340
2011-09-29,103.37,105.79,102.35,104.98,4180
2011-09-30,104.98,105.03,101.76,102.32,4539
2011-10-03,102.32,102.77,100.72,100.81,27984
2011-10-04,100.81,102.26,99.1,102.11,30589
2011-10-05,102.11,102.81,100.64,102.72,26878
2011-10-06,102.72,105.84,101.52,105.46,26653
2011-10-07,105.46,106.62,104.35,105.67,29824
2011-10-10,105.67,109.47,105.63,109.39,24214
2011-10-11,109.39,111.22,107.45,110.36,24877
2011-10-12,110.36,112.97,109.87,111.29,24929
2011-10-13,111.29,111.85,109.07,111.17,25911
2011-10-14,111.17,112.77,108.84,112.65,23791
2011-10-17,112.65,113.81,109.71,109.83,22296
2011-10-18,109.83,111.86,108.43,111.13,26562
2011-10-19,111.13,111.83,108.11,108.55,25877
2011-10-20,108.55,110.14,107.29,109.83,30816
2011-10-21,109.83,111.85,109.24,109.85,23169
2011-10-24,109.85,111.57,109.69,111.27,22829
2011-10-25,111.27,112.12,109.44,110.87,27573
2011-10-26,110.87,111.74,108.77,109.26,24071
2011-10-27,109.26,112.75,109.15,112.15,22330
2011-10-28,112.15,112.25,109.64,110.05,20684
2011-10-31,110.05,110.13,108.18,109.2,17996
2011-11-01,109.2,109.65,106.1,109.21,26568
2011-11-02,109.21,111.44,108.55,109.48,24104
2011-11-03,109.48,111.22,107.82,110.75,24921
2011-11-04,110.75,112.25,110.29,112.19,22227
2011-11-08,112.19,115.11,111.25,114.71,23404
2011-11-09,114.71,116.44,114.18,115.12,21454
2011-11-10,115.12,115.72,111.75,112.22,26697
2011-11-11,112.22,114.08,111.28,113.01,25054
2011-11-12,113.01,114.87,112.9,114.17,17123
2011-11-15,114.17,114.74,111.31,111.99,21961
2011-11-16,111.99,112.57,111.03,112.34,20286
2011-11-17,112.34,112.47,110.12,110.87,23676
2011-11-18,110.87,111.94,107.52,107.77,28905
2011-11-19,107.77,109.96,106.95,107.71,22922
2011-11-22,107.71,107.72,105.63,106.9,21784
2011-11-23,106.9,109.42,106.62,108.73,23201
2011-11-24,108.73,108.82,106.81,106.94,22972
2011-11-25,106.94,108.06,106.91,107.5,8056
2011-11-26,107.5,107.76,105.83,106.12,14035
2011-11-29,106.12,109.46,106.12,108.51,18382
2011-11-30,108.51,110.97,108.26,110.4,19357
2011-12-01,110.4,112,109.63,110.36,20284
2011-12-02,110.36,111.22,108.18,109.05,19582
2011-12-03,109.05,110.37,108.62,110.14,17459
2011-12-06,110.14,111.58,109.19,109.36,15941
2011-12-07,109.36,110.93,109.01,110.63,16799
2011-12-08,110.63,111.46,108.98,109.56,18126
2011-12-09,109.56,110.64,107.27,107.54,19486
2011-12-10,107.54,108.93,107.09,108.71,19309
2011-12-13,108.71,108.71,107,107.15,20700
2011-12-14,107.15,111,107.05,109.63,19709
2011-12-15,109.63,109.73,104.34,104.79,24039
2011-12-16,104.79,105.72,103.02,103.25,19572
2011-12-17,103.25,104.53,102.44,103.76,16659
2011-12-20,103.76,104.54,102.35,103.8,16869
2011-12-21,103.8,107.24,103.64,107.12,16376
2011-12-22,107.12,108.13,106.14,107.97,20882
2011-12-23,107.97,108.47,107.26,107.69,15527
2011-12-24,107.69,108.52,107.38,107.94,9570
2011-12-28,107.94,109.47,107.8,108.95,8999
2011-12-29,108.95,109.44,106.75,107.28,15568
2011-12-30,107.28,108.07,106.48,107.97,12333
2011-12-31,107.97,108.21,106.61,107.35,13463
2012-01-04,107.35,112.4,107.35,112.16,30734
2012-01-05,112.16,113.94,111.27,113.56,23503
2012-01-06,113.56,114.61,112.09,112.18,25287
2012-01-07,112.18,113.65,112.02,113.37,21373
2012-01-10,113.37,113.86,111.79,112.32,21467
2012-01-11,112.32,113.98,112.23,113.23,18973
2012-01-12,113.23,113.74,112.09,112.68,22686
2012-01-13,112.68,115.09,110.3,111.19,25339
2012-01-14,111.19,112.44,109.69,110.95,34398
2012-01-17,110.95,111.57,110.54,111.35,9527
2012-01-18,111.35,112.74,110.54,111.51,18149
2012-01-19,111.51,112.17,110.31,111.04,21881
2012-01-20,111.04,111.72,110.35,111.53,20675
2012-01-21,111.53,112.04,109.39,110.15,20758
2012-01-24,110.15,111.33,109.39,110.92,19880
2012-01-25,110.92,111.08,109.68,110.13,19413
2012-01-26,110.13,110.86,108.89,110.41,23065
2012-01-27,110.41,111.86,110.25,111.02,18522
2012-01-28,111.02,111.96,110.47,111.57,20920
2012-01-31,111.57,111.75,110.23,110.95,17936
2012-02-01,110.95,113.19,110.49,111,22886
2012-02-02,111,112.79,110.92,111.71,22678
2012-02-03,111.71,112.5,111.02,112.4,22580
2012-02-04,112.4,114.65,111.91,114.56,22617
2012-02-07,114.56,116.52,113.64,116.46,20890
2012-02-08,116.46,117.47,115.58,116.11,23814
2012-02-09,116.11,117.78,115.88,117.67,22804
2012-02-10,117.67,118.76,117.26,118.7,21894
2012-02-11,118.7,118.72,116.27,117.59,20053
2012-02-14,117.59,118.57,117.33,117.53,20094
2012-02-15,117.53,117.86,116.5,117.8,19169
2012-02-16,117.8,119.8,117.4,119.1,18068
2012-02-17,119.1,120.35,118.31,120.09,18713
2012-02-18,120.09,120.66,118.83,119.6,16862
2012-02-21,119.6,121.12,119.6,119.89,8679
2012-02-22,119.89,121.86,119.18,121.02,26165
2012-02-23,121.02,123.21,120.15,122.64,16590
2012-02-24,122.64,124.47,122.08,124.19,21278
2012-02-25,124.19,125.53,123.28,125.29,15539
2012-02-28,125.29,125.49,123,123.19,18235
2012-02-29,123.19,123.92,121.48,121.73,17956
2012-03-01,121.73,123.17,120.53,122.86,22742
2012-03-02,122.86,128.37,122.47,126.14,25525
2012-03-03,126.14,126.18,123.1,123.55,20645
2012-03-06,123.55,124.64,122.65,124.13,20176
2012-03-07,124.13,124.34,121.57,122.32,22560
2012-03-08,122.32,124.43,121.96,124.28,20138
2012-03-09,124.28,126.29,123.78,125.37,20354
2012-03-10,125.37,126.35,124.66,125.91,19887
2012-03-12,125.91,125.91,124.18,125.44,15780
2012-03-13,125.44,126.76,124.99,126.28,18167
2012-03-14,126.28,126.64,124.61,124.95,23847
2012-03-15,124.95,124.95,121.5,122.59,22620
2012-03-16,122.59,126.12,122.44,125.96,18099
2012-03-19,125.96,126.02,124.81,125.33,14881
2012-03-20,125.33,125.4,123.18,124.1,18495
2012-03-21,124.1,124.77,123.74,124.05,17686
2012-03-22,124.05,124.24,122.29,123.2,19982
2012-03-23,123.2,126.71,123.08,124.96,19977
2012-03-26,124.96,125.86,124.57,125.65,14493
2012-03-27,125.65,126.15,124.89,125.19,15423
2012-03-28,125.19,125.21,123.51,124.25,17835
2012-03-29,124.25,124.62,121.37,122.64,19378
2012-03-30,122.64,124.05,122.55,122.96,17169
2012-04-02,122.96,125.6,121.68,125.38,19006
2012-04-03,125.38,125.95,124.28,124.99,16975
2012-04-04,124.99,125.06,122.28,122.42,20305
2012-04-05,122.42,123.52,121.79,123.18,17174
2012-04-06,123.18,123.4,123.15,123.23,77
2012-04-09,123.23,123.23,121,122.66,10121
2012-04-10,122.66,122.8,119.45,119.59,20025
2012-04-11,119.59,120.77,119.04,119.93,18962
2012-04-12,119.93,121.89,119.25,121.82,17299
2012-04-13,121.82,121.86,120.35,121.25,14712
2012-04-16,121.25,121.25,118.18,118.42,19286
2012-04-17,118.42,119.31,117.96,118.6,17082
2012-04-18,118.6,118.82,116.68,118.11,16524
2012-04-19,118.11,119.13,117.66,118.06,18809
2012-04-20,118.06,119.66,117.85,118.81,16664
2012-04-23,118.81,118.86,117.19,118.81,16537
2012-04-24,118.81,118.92,117.83,118.29,14777
2012-04-25,118.29,119.22,117.43,119.01,18020
2012-04-26,119.01,120.14,118.76,119.65,13640
2012-04-27,119.65,119.92,119.04,119.57,13153
2012-04-30,119.57,119.77,118.71,119.21,12833
2012-05-01,119.21,120,118.78,119.63,10920
2012-05-02,119.63,119.77,117.63,118.31,14949
2012-05-03,118.31,118.43,115.91,116.12,16385
2012-05-04,116.12,116.26,111.77,113.4,21428
2012-05-07,113.4,113.4,110.98,113.34,17649
2012-05-08,113.34,113.61,110.5,113.11,19130
2012-05-09,113.11,113.25,111.3,112.77,20203
2012-05-10,112.77,113.62,112.1,112.26,17976
2012-05-11,112.26,112.77,111.39,111.97,15142
2012-05-14,111.97,111.97,110.02,110.92,16638
2012-05-15,110.92,112.64,110.88,111.77,20948
2012-05-16,111.77,111.99,109.08,109.27,20458
2012-05-17,109.27,110.12,106.92,106.96,19807
2012-05-18,106.96,107.96,106.38,106.77,18924
2012-05-21,106.77,109.4,106.68,109.29,15582
2012-05-22,109.29,109.35,107.78,108.21,15249
2012-05-23,108.21,108.25,105.37,106.11,20501
2012-05-24,106.11,107.22,105.01,106.76,19935
2012-05-25,106.76,107.21,106.01,106.74,14746
2012-05-28,106.74,108.01,106.74,107.15,4951
2012-05-29,107.15,107.92,106.04,106.83,18445
2012-05-30,106.83,106.86,102.87,102.97,19890
2012-05-31,102.97,104.11,101.25,101.78,22963
2012-06-01,101.78,101.93,97.69,99.13,17045
2012-06-04,99.13,99.13,95.61,98.85,21104
2012-06-05,98.85,99.59,97.66,98.72,20441
2012-06-06,98.72,101.36,98.54,100.96,21113
2012-06-07,100.96,102.42,99.05,99.08,23471
2012-06-08,99.08,99.96,97.17,99.83,24151
2012-06-11,99.83,102.17,96.48,96.7,21582
2012-06-12,96.7,97.94,96.48,97.29,22189
2012-06-13,97.29,98.35,96.68,97.1,23494
2012-06-14,97.1,97.84,95.9,97.84,19746
2012-06-15,97.84,98.07,96.95,97.58,15428
2012-06-18,97.58,99.21,95.38,95.76,24728
2012-06-19,95.76,96.77,94.44,95.71,22580
2012-06-20,95.71,96.01,92.37,92.63,24682
2012-06-21,92.63,92.72,88.87,89.19,27217
2012-06-22,89.19,91.67,88.47,91.39,23126
2012-06-25,91.39,91.5,89.57,91.3,18518
2012-06-26,91.3,93.2,90.68,93.06,20866
2012-06-27,93.06,93.9,91.69,93.71,18960
2012-06-28,93.71,93.82,90.86,91.91,21697
2012-06-29,91.91,98.18,91.72,97.6,26228
2012-07-02,97.6,97.74,95.27,97.24,23194
2012-07-03,97.24,101.55,97.08,100.67,23806
2012-07-04,100.67,100.93,99.25,99.8,9294
2012-07-05,99.8,102.31,99.28,99.98,27997
2012-07-06,99.98,100.22,97.71,97.92,18487
2012-07-09,97.92,101.04,97.92,99.94,21835
2012-07-10,99.94,100.41,97.72,97.9,22997
2012-07-11,97.9,100.8,97.79,100.69,20306
2012-07-12,100.69,101.34,98.48,100.69,21656
2012-07-13,100.69,103.42,100.51,102.68,21428
2012-07-16,102.68,102.7,100.99,101.53,4721
2012-07-17,101.53,104.72,101.53,103.56,33486
2012-07-18,103.56,105.44,103.19,105.39,29322
2012-07-19,105.39,108.15,105.25,107.59,30047
2012-07-20,107.59,107.69,105.6,106.59,24665
2012-07-23,106.59,106.59,102.39,103.3,23312
2012-07-24,103.3,104.46,102.52,103.25,24679
2012-07-25,103.25,104.68,102.08,104.49,25738
2012-07-26,104.49,106.15,103.46,105.45,26870
2012-07-27,105.45,106.62,105.22,106.53,22194
2012-07-30,106.53,106.94,105.56,105.83,18242
2012-07-31,105.83,106.49,104.07,104.74,22568
2012-08-01,104.74,106.9,104.05,105.64,20976
2012-08-02,105.64,107.27,104.97,106.03,29909
2012-08-03,106.03,109.11,105.79,108.86,26011
2012-08-06,108.86,109.74,107.89,109.54,15142
2012-08-07,109.54,112.53,109.12,111.79,19466
2012-08-08,111.79,113.25,110.84,111.98,19807
2012-08-09,111.98,113.5,111.6,113.22,18743
2012-08-10,113.22,113.5,111.29,113.33,17562
2012-08-13,113.33,115.07,113.07,113.55,19351
2012-08-14,113.55,114.28,113.19,114,17288
2012-08-15,114,116.71,113.41,116.39,22541
2012-08-16,116.39,116.46,113.64,114.38,15996
2012-08-17,114.38,114.73,112.7,113.69,15442
2012-08-20,113.69,114.63,112.85,113.54,14937
2012-08-21,113.54,115.54,113.52,114.68,16783
2012-08-22,114.68,115.25,113.51,115.09,18907
2012-08-23,115.09,116.36,114.34,114.44,18897
2012-08-24,114.44,115.24,112.98,113.36,19222
2012-08-27,113.36,115.47,111.54,112.55,17907
2012-08-28,112.55,113.07,111.66,112.48,19101
2012-08-29,112.48,113.27,111.48,112.65,17289
2012-08-30,112.65,113.41,112.23,112.78,14118
2012-08-31,112.78,114.85,112.34,114.79,19242
2012-09-03,114.79,115.95,114.01,115.75,9267
2012-09-04,115.75,116.6,113.92,114.2,18692
2012-09-05,114.2,114.35,112.73,113.57,21023
2012-09-06,113.57,115.08,112.67,112.68,24003
2012-09-07,112.68,114.63,112.33,114.43,20495
2012-09-10,114.43,115.02,113.9,114.75,15587
2012-09-11,114.75,115.43,114.35,115.08,15889
2012-09-12,115.08,116.65,115,115.44,20136
2012-09-13,115.44,116.84,114.36,115.67,21372
2012-09-14,115.67,117.92,115.6,116.81,18770
2012-09-17,116.81,117,111.5,113.34,20099
2012-09-18,113.34,114.39,111.59,111.64,22421
2012-09-19,111.64,112.95,107.39,108.05,25342
2012-09-20,108.05,110.54,107.09,110.53,21163
2012-09-21,110.53,111.67,110.06,111.58,19120
2012-09-24,111.58,111.58,108.76,109.83,17434
2012-09-25,109.83,111.43,109.43,109.95,18515
2012-09-26,109.95,110.21,108.43,109.98,18641
2012-09-27,109.98,112.46,109.67,112.44,20517
2012-09-28,112.44,113.36,111.5,112.05,18437
2012-10-01,112.05,113.24,111.48,112.1,19261
2012-10-02,112.1,112.43,111.27,111.3,17039
2012-10-03,111.3,111.32,107.65,107.99,20151
2012-10-04,107.99,112.66,107.96,112.27,22142
2012-10-05,112.27,112.76,110.53,111.76,21068
2012-10-08,111.76,112.22,110.52,112.21,15539
2012-10-09,112.21,114.69,111.95,114.49,23353
2012-10-10,114.49,115.56,113.76,114.61,21518
2012-10-11,114.61,115.99,114.42,115.71,19452
2012-10-12,115.71,115.88,113.92,114.51,19544
2012-10-15,114.51,115.91,113.56,115.81,21328
2012-10-16,115.81,115.85,113.47,113.6,15153
2012-10-17,113.6,114.29,112.78,113.14,14770
2012-10-18,113.14,113.61,111.56,112.46,16823
2012-10-19,112.46,113.24,109.9,110.02,18476
2012-10-22,110.02,110.94,109.1,109.7,18805
2012-10-23,109.7,109.79,107.3,108.17,21434
2012-10-24,108.17,109.32,106.79,107.81,20095
2012-10-25,107.81,109.25,107.45,108.39,16842
2012-10-26,108.39,109.62,107.38,109.51,20225
2012-10-29,109.51,110.25,108.5,109.01,13868
2012-10-30,109.01,110.07,108.63,108.72,13375
2012-10-31,108.72,109.77,108.29,108.37,16953
2012-11-01,108.37,109,107.73,108.09,16536
2012-11-02,108.09,108.77,105.51,105.76,20942
2012-11-06,105.76,108.14,104.74,108.06,18118
2012-11-07,108.06,111.28,107.12,110.99,21738
2012-11-08,110.99,111.6,106.51,106.68,30637
2012-11-09,106.68,108.14,106.11,107.02,24465
2012-11-10,107.02,109.76,106.24,109.43,25481
2012-11-13,109.43,110.35,108.54,108.72,20355
2012-11-14,108.72,108.92,107.37,108.12,21248
2012-11-15,108.12,110.34,107.77,109.91,23718
2012-11-16,109.91,110.02,107.29,107.55,20604
2012-11-17,107.55,109.21,107.52,109.21,17036
2012-11-20,109.21,112.17,109.21,111.66,15133
2012-11-21,111.66,111.8,109,110.48,17621
2012-11-22,110.48,111.42,109.54,111.01,14544
2012-11-23,111.01,111.15,110.1,110.17,4556
2012-11-24,110.17,111.51,110.08,111.39,7762
2012-11-27,111.39,111.39,110.25,110.81,11629
2012-11-28,110.81,111.34,109.3,109.96,13882
2012-11-29,109.96,110.14,108.43,109.61,13913
2012-11-30,109.61,111.26,109.42,110.45,14336
2012-12-01,110.45,111.31,110.23,111.15,12522
2012-12-04,111.15,112.3,110.58,110.76,13996
2012-12-05,110.76,110.86,109.18,109.64,15242
2012-12-06,109.64,110.49,108.62,108.84,14383
2012-12-07,108.84,109.14,106.61,107.12,15540
2012-12-08,107.12,107.86,106.64,107.11,14296
2012-12-11,107.11,108.52,107,107.36,11520
2012-12-12,107.36,108.35,107.06,108.13,11989
2012-12-13,108.13,110.47,108.08,109.54,13292
2012-12-14,109.54,109.55,107.77,107.96,12618
2012-12-15,107.96,108.27,106.55,108.06,10751
2012-12-18,108.06,108.47,107.56,108,9854
2012-12-19,108,108.95,107.91,108.92,9167
2012-12-20,108.92,110.45,108.73,110.08,10532
2012-12-21,110.08,110.63,109.68,110.18,11421
2012-12-22,110.18,110.26,108.64,109.13,11307
2012-12-25,109.13,109.13,108.1,108.54,4120
2012-12-27,108.54,111.49,108.54,111.17,6223
2012-12-28,111.17,111.29,110.08,111.04,10027
2012-12-29,111.04,111.36,109.82,110.42,9073
2013-01-01,110.42,110.65,109.36,110.29,6137
2013-01-03,110.29,112.87,110.29,112.38,11694
2013-01-04,112.38,112.4,111.63,111.95,12818
2013-01-05,111.95,111.97,110.39,111.42,14522
2013-01-08,111.42,111.64,110.52,111.61,11570
2013-01-09,111.61,112.44,111.11,111.95,12817
2013-01-10,111.95,112.2,111.1,111.64,12895
2013-01-11,111.64,113.27,111.56,111.85,13838
2013-01-12,111.85,111.86,109.59,110.58,13259
2013-01-15,110.58,112.05,110.29,111.94,10826
2013-01-16,111.94,112.43,110.17,110.45,11951
2013-01-17,110.45,110.48,109.32,109.8,12584
2013-01-18,109.8,111.34,109.42,110.96,12477
2013-01-19,110.96,111.94,110.48,111.77,12622
2013-01-22,111.77,111.96,111.39,111.75,5436
2013-01-23,111.75,112.62,111.33,112.33,12716
2013-01-24,112.33,113.13,112.04,112.77,12392
2013-01-25,112.77,113.62,112.33,113.32,13124
2013-01-26,113.32,113.81,112.81,113.43,12244
2013-01-29,113.43,113.77,112.58,113.43,10973
2013-01-30,113.43,114.46,113.04,114.13,12102
2013-01-31,114.13,115.19,114.05,115.03,13396
2013-02-01,115.03,115.73,114.25,115.6,12280
2013-02-02,115.6,117.03,115.38,116.54,14869
2013-02-05,116.54,116.61,115.3,115.57,12310
2013-02-06,115.57,117.18,115,116.51,12809
2013-02-07,116.51,117.02,115.69,116.84,13043
2013-02-08,116.84,117.8,116.61,117.48,14628
2013-02-09,117.48,119.14,117.29,118.83,13285
2013-02-12,118.83,119,117.47,118.24,8708
2013-02-13,118.24,118.89,117.8,118.59,10949
2013-02-14,118.59,118.68,117.38,117.96,12243
2013-02-15,117.96,118.27,117.23,118,10527
2013-02-16,118,118.09,116.29,117.84,13508
2013-02-19,117.84,117.92,116.89,117.39,4647
2013-02-20,117.39,117.57,116.53,117.32,10479
2013-02-21,117.32,117.64,115.01,115.16,15152
2013-02-22,115.16,115.29,113.31,113.67,16727
2013-02-23,113.67,114.76,113.6,114.24,13248
2013-02-26,114.24,115.83,113.37,113.4,16176
2013-02-27,113.4,114.31,112.4,112.75,17792
2013-02-28,112.75,113.32,111.63,111.86,15232
2013-03-01,111.86,112.55,110.86,110.93,14546
2013-03-02,110.93,111.33,109.81,110.65,16436
2013-03-05,110.65,110.85,109.56,110.22,13209
2013-03-06,110.22,111.79,110.14,111.69,12821
2013-03-07,111.69,112.2,110.44,111.05,13090
2013-03-08,111.05,111.38,110.39,110.85,13241
2013-03-09,110.85,111.31,109.12,110.61,13980
2013-03-11,110.61,110.65,109.51,110.08,9792
2013-03-12,110.08,111.16,109.29,109.64,10717
2013-03-13,109.64,109.87,107.88,108.41,13416
2013-03-14,108.41,109.3,107.83,109.3,10954
2013-03-15,109.3,110.51,109,110,10099
2013-03-18,110,110,107.77,109.49,12137
2013-03-19,109.49,109.54,107.24,107.5,13909
2013-03-20,107.5,108.9,107.47,108.46,12650
2013-03-21,108.46,108.72,107.06,107.21,12368
2013-03-22,107.21,107.93,106.88,107.61,11094
2013-03-25,107.61,109.04,107.25,107.96,13408
2013-03-26,107.96,109.56,107.7,109.54,12229
2013-03-27,109.54,109.96,108.83,109.8,12759
2013-03-28,109.8,110.08,108.97,110,10789
2013-04-01,110,111.3,109.36,110.96,9421
2013-04-02,110.96,111.75,109.98,110.34,12700
2013-04-03,110.34,110.4,106.75,107.3,15576
2013-04-04,107.3,108.02,105.27,106.39,18797
2013-04-05,106.39,106.62,103.62,104.33,15376
2013-04-08,104.33,105.52,103.39,104.76,11989
2013-04-09,104.76,106.47,104.25,106.21,12054
2013-04-10,106.21,106.44,105.14,105.61,11048
2013-04-11,105.61,105.9,103.68,104.3,10141
2013-04-12,104.3,104.38,101.05,102.86,17529
2013-04-15,102.86,102.86,99.12,99.27,22548
2013-04-16,99.27,100.35,97.99,100.14,21251
2013-04-17,100.14,100.41,97.23,97.44,19170
2013-04-18,97.44,99.81,96.73,99.55,25456
2013-04-19,99.55,100.31,99.02,99.48,18543
2013-04-22,99.48,101.01,99.18,100.46,15223
2013-04-23,100.46,100.56,98.77,100.33,17136
2013-04-24,100.33,101.94,100.2,101.93,15524
2013-04-25,101.93,103.46,101.33,103.06,15347
2013-04-26,103.06,103.45,102.24,102.83,15533
2013-04-29,102.83,103.91,102.57,103.76,11925
2013-04-30,103.76,103.97,101.47,101.7,15949
2013-05-01,101.7,102.31,98.74,99.86,17634
2013-05-02,99.86,102.95,99.64,102.86,18035
2013-05-03,102.86,104.89,102.35,104.06,17132
2013-05-06,104.06,105.51,103.88,105.31,13783
2013-05-07,105.31,105.91,103.98,104.08,15180
2013-05-08,104.08,104.77,103.51,104.26,17052
2013-05-09,104.26,104.57,103.43,104.21,15081
2013-05-10,104.21,104.42,101.54,103.76,16069
2013-05-13,103.76,103.76,102.23,102.62,13311
2013-05-14,102.62,103.06,101.95,102.52,12475
2013-05-15,102.52,103.8,101.18,103.64,15888
2013-05-16,103.64,104.25,102.72,103.8,13510
2013-05-17,103.8,104.84,103.33,104.57,12782
2013-05-20,104.57,105.28,103.81,104.77,11977
2013-05-21,104.77,105.11,103.49,103.61,13465
2013-05-22,103.61,103.76,102.21,102.32,16801
2013-05-23,102.32,102.66,100.61,102.56,18025
2013-05-24,102.56,102.76,101.63,102.61,13147
2013-05-27,102.61,102.61,102.08,102.59,4188
2013-05-28,102.59,104.67,102.45,104.42,20337
2013-05-29,104.42,104.46,102.16,102.21,15790
2013-05-30,102.21,102.82,101.06,102.12,16382
2013-05-31,102.12,102.35,100.04,100.08,16034
2013-06-03,100.08,102.36,99.64,102.09,18080
2013-06-04,102.09,103.55,101.45,103.45,17119
2013-06-05,103.45,104.05,102.83,102.9,16443
2013-06-06,102.9,103.92,102.8,103.66,15247
2013-06-07,103.66,104.99,102.87,104.69,16481
2013-06-10,104.69,104.72,103.64,103.74,12298
2013-06-11,103.74,103.85,101.8,102.6,13730
2013-06-12,102.6,104.07,102.2,103.48,13729
2013-06-13,103.48,105.11,102.76,104.88,13086
2013-06-14,104.88,106.62,104.44,105.83,14738
2013-06-17,105.83,106.63,105.26,105.61,12619
2013-06-18,105.61,106.2,105.1,106.15,11184
2013-06-19,106.15,106.57,105.42,105.67,12980
2013-06-20,105.67,105.73,101.73,102.11,20339
2013-06-21,102.11,103.06,100.02,100.91,18655
2013-06-24,100.91,101.61,99.65,101.04,19990
2013-06-25,101.04,102.04,100.69,101.2,16047
2013-06-26,101.2,101.87,100.25,101.7,18096
2013-06-27,101.7,103.31,101.64,102.7,15913
2013-06-28,102.7,103.41,101.84,102,17114
2013-07-01,102,103.68,101.62,103.01,16811
2013-07-02,103.01,104.1,102.9,103.93,15656
2013-07-03,103.93,105.99,103.91,105.77,20568
2013-07-04,105.77,105.96,104.89,105.39,6706
2013-07-05,105.39,107.86,105.37,107.68,17141
2013-07-08,107.68,107.99,106.76,107.06,14786
2013-07-09,107.06,108.09,106.83,108.08,12969
2013-07-10,108.08,108.66,107.69,108.01,18527
2013-07-11,108.01,108.9,107.25,107.38,16424
2013-07-12,107.38,109.07,107.24,108.82,12782
2013-07-15,108.82,109.24,107.93,109.02,12440
2013-07-16,109.02,109.07,107.66,107.85,15406
2013-07-17,107.85,108.67,107.28,108.62,15933
2013-07-18,108.62,108.82,108.01,108.81,13608
2013-07-19,108.81,109.16,106.99,108.41,13655
2013-07-22,108.41,108.65,107.53,108.17,14919
2013-07-23,108.17,108.6,107.55,108.38,15056
2013-07-24,108.38,108.57,106.24,107.1,13759
2013-07-25,107.1,107.85,106.52,107.62,14691
2013-07-26,107.62,107.79,106.51,107.12,10846
2013-07-29,107.12,107.85,106.58,106.92,6796
2013-07-30,107.56,107.56,106.52,106.79,10788
2013-07-31,106.79,107.87,105.71,107.87,15233
2013-08-01,107.87,109.6,107.5,109.4,15406
2013-08-02,109.4,110.06,108.35,108.88,14502
2013-08-05,108.88,109.41,107.55,108.64,12325
2013-08-06,108.64,109.2,107.44,108.2,17802
2013-08-07,108.2,108.27,107.05,107.32,13396
2013-08-08,107.32,107.84,105.83,106.71,11719
2013-08-09,106.71,108.29,106.59,108.2,12997
2013-08-12,108.2,109.11,107.41,108.98,12704
2013-08-13,108.98,110.03,108.92,109.54,11667
2013-08-14,109.54,110.35,109.03,110.3,13653
2013-08-15,110.3,110.35,108.89,109.41,12297
2013-08-16,109.41,110.67,109.15,110.67,12500
2013-08-19,110.67,110.97,109.57,109.69,12071
2013-08-20,109.69,110.7,108.6,110.12,15587
2013-08-21,110.12,110.25,109.22,109.73,14236
2013-08-22,109.73,110.12,109.38,109.95,11325
2013-08-23,109.95,111.2,109.75,111.05,12802
2013-08-26,111.05,111.32,110.48,111.07,11429
2013-08-27,111.07,114.62,110.71,114.61,16964
2013-08-28,114.61,117.31,114.59,116.16,23871
2013-08-29,116.16,117.01,114.16,114.55,18000
2013-08-30,114.55,115.49,113.6,114.02,20339
2013-09-02,114.02,114.55,112.24,114.38,9724
2013-09-03,114.38,115.97,114.04,115.66,23863
2013-09-04,115.66,116.06,114.38,115,22117
2013-09-05,115,115.52,114.27,115.16,17872
2013-09-06,115.16,116.54,115,115.94,17225
2013-09-09,115.94,116.14,112.99,113.14,15785
2013-09-10,113.14,113.53,110.57,111.42,18062
2013-09-11,111.42,112.47,111,111.61,13326
2013-09-12,111.61,113.01,111.29,112.91,16860
2013-09-13,112.91,112.95,110.53,111.73,11790
2013-09-16,111.73,111.73,108.73,109.61,16407
2013-09-17,109.61,109.97,107.39,107.72,15296
2013-09-18,107.72,111.04,107.62,110.59,15480
2013-09-19,110.59,111.23,108.51,108.72,14370
2013-09-20,108.72,109.65,108.43,109.27,13114
2013-09-23,109.27,109.42,107.75,108.02,13344
2013-09-24,108.02,108.87,107.41,108.72,14296
2013-09-25,108.72,110.05,107.87,107.93,14598
2013-09-26,107.93,109.24,107.93,109.13,11432
2013-09-27,109.13,109.63,108.08,108.39,13504
2013-09-30,108.39,108.65,107.21,108.15,12904
2013-10-01,108.15,108.38,106.79,107.59,14382
2013-10-02,107.59,109.45,107.42,108.99,14394
2013-10-03,108.99,109.82,108.56,108.61,18610
2013-10-04,108.61,109.74,108.57,109.32,16090
2013-10-07,109.32,110.14,107.88,109.56,15143
2013-10-08,109.56,110.76,109.36,110.12,12140
2013-10-09,110.12,110.22,108.11,108.86,14528
2013-10-10,108.86,111.99,108.86,111.67,17211
2013-10-11,111.67,111.82,110.5,111.02,16119
2013-10-14,111.02,111.4,109.84,110.91,12620
2013-10-15,110.91,111.25,109.5,109.53,15850
2013-10-16,109.53,111.27,109.04,110.53,15046
2013-10-17,110.53,110.64,108.69,109.04,16517
2013-10-18,109.04,110.21,108.93,110.06,11347
2013-10-21,110.06,110.15,109.19,109.77,11604
2013-10-22,109.77,110.91,109.55,110.02,14241
2013-10-23,110.02,110.04,107.33,107.49,16770
2013-10-24,107.49,108.24,106.88,106.94,14339
2013-10-25,106.94,107.37,106.25,107.08,12085
2013-10-28,107.08,109.66,106.89,109.39,12829
2013-10-29,109.39,109.43,108.43,108.9,11754
2013-10-30,108.9,110.13,108.57,109.84,13971
2013-10-31,109.84,109.85,108.53,108.9,12763
2013-11-01,108.9,109.33,105.76,106.06,14086
2013-11-05,106.06,106.55,105.11,106.22,12775
2013-11-06,106.22,106.5,105.17,105.55,11905
2013-11-07,105.55,106.38,104.84,104.9,12556
2013-11-08,104.9,105.19,103.21,103.46,14902
2013-11-09,103.46,105.35,102.97,104.88,14287
2013-11-12,104.88,106.5,104.88,106.45,11470
2013-11-13,106.45,107.36,105.49,106.09,13143
2013-11-14,106.09,107.42,105.89,107.03,18718
2013-11-15,107.03,108.92,106.82,108.15,14344
2013-11-16,108.15,108.63,107.67,108.29,11753
2013-11-19,108.29,108.7,107.51,108.18,11106
2013-11-20,108.18,108.61,106.79,107.04,19330
2013-11-21,107.04,108.35,106.49,107.82,12633
2013-11-22,107.82,110.22,107.61,110.15,12627
2013-11-23,110.15,111.37,109.63,110.66,15366
2013-11-26,110.66,111.61,108.03,111,16697
2013-11-27,111,111.45,110.39,110.82,11334
2013-11-28,110.82,111.63,110.49,111.54,12504
2013-11-29,111.54,111.54,110.59,110.81,4546
2013-11-30,110.81,111.47,110.5,110.52,7323
2013-12-03,110.52,112.31,109.26,111.39,15082
2013-12-04,111.39,112.89,111.02,112.68,13325
2013-12-05,112.68,112.98,111.44,111.6,16106
2013-12-06,111.6,112.21,110.75,111.06,13266
2013-12-07,111.06,112.03,110.91,111.53,11513
2013-12-10,111.53,111.74,108.98,108.99,10493
2013-12-11,108.99,110.42,108.53,109.65,13249
2013-12-12,109.65,109.86,108.6,109.72,12299
2013-12-13,109.72,109.95,108.42,108.44,10252
2013-12-14,108.44,108.97,108,108.7,11518
2013-12-17,108.7,110.37,108.51,109.12,12131
2013-12-18,109.12,109.38,108.18,108.27,10071
2013-12-19,108.27,109.7,107.78,109.3,12580
2013-12-20,109.3,110.5,109.12,110.17,11222
2013-12-21,110.17,111.87,109.85,111.74,10688
2013-12-24,111.74,111.9,111.24,111.63,8286
2013-12-25,111.63,112.04,111.4,111.9,3949
2013-12-26,111.9,111.9,111.9,111.9,1
2013-12-27,111.9,112.05,111.44,111.99,4769
2013-12-28,111.99,112.78,111.5,112.14,9158
2013-12-31,112.14,112.62,110.88,111.21,8488
2014-01-01,111.21,111.5,110.44,110.54,5181
2014-01-02,110.54,110.54,110.54,110.54,1
2014-01-03,110.54,111.32,107.63,107.78,11766
2014-01-04,107.78,108.61,106.77,106.98,11491
2014-01-07,106.98,107.93,106.56,107.04,10463
2014-01-08,107.04,107.68,106.86,107.43,9993
2014-01-09,107.43,107.92,106.98,107.37,10234
2014-01-10,107.37,108.17,106.1,106.41,10907
2014-01-11,106.41,107.46,106.01,107.36,12888
2014-01-14,107.36,107.6,106.43,106.44,11146
2014-01-15,106.44,107.12,106.04,106.12,10020
2014-01-16,106.12,107.53,105.78,106.91,11661
2014-01-17,106.91,107,105.45,105.51,11027
2014-01-18,105.51,106.92,105.42,106.29,9677
2014-01-21,106.29,106.62,105.8,106.25,5753
2014-01-22,106.25,107.97,106.2,106.84,10472
2014-01-23,106.84,108.3,106.81,108.14,10257
2014-01-24,108.14,108.26,107.35,107.53,11594
2014-01-25,107.53,108.01,106.21,107.88,12703
2014-01-28,107.88,107.88,106.42,106.99,12253
2014-01-29,106.99,107.76,106.73,107.48,10285
2014-01-30,107.48,108.01,106.91,107.72,12160
2014-01-31,107.72,108.37,107.64,107.97,10238
2014-02-01,107.97,107.99,106.3,106.32,13976
2014-02-04,106.32,106.69,105.38,106.09,14544
2014-02-05,106.09,106.2,105.47,105.93,10701
2014-02-06,105.93,106.41,105.56,106.2,11849
2014-02-07,106.2,107.45,106.14,107.43,11205
2014-02-08,107.43,109.71,106.87,109.48,12656
2014-02-11,109.48,109.67,108.45,108.5,11789
2014-02-12,108.5,109.21,108.4,108.72,9915
2014-02-13,108.72,109.47,108.44,108.61,9890
2014-02-14,108.61,108.71,107.62,108.56,9865
2014-02-15,108.56,109.22,107.83,108.93,8119
2014-02-18,108.93,109.26,108.63,109.07,7440
2014-02-19,109.07,110.67,108.81,110.65,10198
2014-02-20,110.65,110.79,110,110.47,9572
2014-02-21,110.47,110.48,109.55,110.42,9899
2014-02-22,110.42,110.43,109.33,109.74,8915
2014-02-25,109.74,110.75,109.48,110.7,8615
2014-02-26,110.7,110.7,109.41,109.59,9520
2014-02-27,109.59,109.94,109.19,109.38,9293
2014-02-28,109.38,109.44,108.63,108.84,9735
2014-03-01,108.84,109.32,108.38,109.04,8380
2014-03-04,109.04,112.37,109.04,111.02,14892
2014-03-05,111.02,111.3,109.01,109.07,11593
2014-03-06,109.07,109.34,107.53,107.68,11400
2014-03-07,107.68,108.52,107.36,108.39,11237
2014-03-08,108.39,109.07,107.8,108.79,9626
2014-03-10,108.79,108.79,107.72,107.86,10654
2014-03-11,107.86,108.67,107.82,108.2,10800
2014-03-12,108.2,108.53,107.59,108.21,11641
2014-03-13,108.21,108.49,106.96,107.25,8308
2014-03-14,107.25,108.44,106.73,108.21,10604
2014-03-17,108.21,108.37,106.13,106.29,10199
2014-03-18,106.29,106.82,105.84,106.58,9898
2014-03-19,106.58,106.85,105.69,105.83,10586
2014-03-20,105.83,106.72,105.4,106.17,11041
2014-03-21,106.17,107.74,105.99,106.97,8885
2014-03-24,106.97,107.47,106.43,106.58,8928
2014-03-25,106.58,107.45,106.42,106.89,9298
2014-03-26,106.89,107.32,106.46,106.88,8493
2014-03-27,106.88,107.96,106.74,107.69,8606
2014-03-28,107.69,108.36,107.6,107.94,8204
2014-03-31,107.94,108.31,107.03,107.67,8897
2014-04-01,107.67,107.77,105.09,105.27,10274
2014-04-02,105.27,105.82,103.94,104.69,12615
2014-04-03,104.69,106.3,104.44,106.23,10204
2014-04-04,106.23,107.01,106.08,106.61,8924
2014-04-07,106.61,106.61,105.1,106,9887
2014-04-08,106,107.82,105.76,107.52,10921
2014-04-09,107.52,108.12,107.1,107.82,10682
2014-04-10,107.82,107.86,107.24,107.36,8040
2014-04-11,107.36,107.83,106.96,107.1,9267
2014-04-14,107.1,109.1,107.1,108.97,11422
2014-04-15,108.97,109.72,108.3,109.29,9845
2014-04-16,109.29,110.33,108.98,109.56,11048
2014-04-17,109.56,110.16,109.05,109.68,10702
2014-04-18,109.68,109.73,109.67,109.72,48
2014-04-21,109.72,110.03,108.88,109.91,6426
2014-04-22,109.91,109.97,108.51,109.45,10564
2014-04-23,109.45,109.51,108.58,109.21,9919
2014-04-24,109.21,110.61,109.05,110.35,9976
2014-04-25,110.35,110.61,109.23,109.47,10615
2014-04-28,109.47,110.17,107.84,108.17,10138
2014-04-29,108.17,109.34,108.01,108.82,8464
2014-04-30,108.82,108.83,107.53,108.1,10659
2014-05-01,108.1,108.12,106.83,107.65,8754
2014-05-02,107.65,108.93,107.58,108.56,9975
2014-05-05,108.56,108.88,107.03,107.49,7964
2014-05-06,107.49,108.18,106.95,107.06,9189
2014-05-07,107.06,108.23,106.94,108.08,10404
2014-05-08,108.08,108.12,107.36,107.99,8212
2014-05-09,107.99,109,107.61,107.92,9140
2014-05-12,107.92,108.74,107.92,108.38,7769
2014-05-13,108.38,109.42,108.03,109.41,7867
2014-05-14,109.41,110.39,109.31,110.19,7529
2014-05-15,110.19,110.19,108.81,109.06,7654
2014-05-16,109.06,110.01,108.86,109.73,7291
2014-05-19,109.73,110.3,109.28,109.33,7090
2014-05-20,109.33,109.97,109.08,109.81,7750
2014-05-21,109.81,110.7,109.68,110.48,8824
2014-05-22,110.48,110.99,110.14,110.39,7316
2014-05-23,110.39,110.67,110.22,110.57,6036
2014-05-26,110.57,110.57,109.73,110.29,2395
2014-05-27,110.29,110.77,109.69,110.18,8125
2014-05-28,110.18,110.37,109.39,109.97,8233
2014-05-29,109.97,110.43,109.71,110.07,6945
2014-05-30,110.07,110.1,109.2,109.5,6656
2014-06-02,109.5,109.83,108.6,108.77,6215
2014-06-03,108.77,108.96,108.31,108.84,6393
2014-06-04,108.84,109.47,108.23,108.3,7159
2014-06-05,108.3,108.92,107.75,108.87,8803
2014-06-06,108.87,109.29,108.44,108.74,6294
2014-06-09,108.74,110.14,108.54,109.85,6945
2014-06-10,109.85,110.3,109.08,109.53,8120
2014-06-11,109.53,110.22,109.41,110.07,7584
2014-06-12,110.07,113.32,109.99,113.17,14030
2014-06-13,113.17,114.04,111.98,112.34,15204
2014-06-16,112.34,113.26,112.31,112.92,9926
2014-06-17,112.92,113.77,112.14,113.45,9939
2014-06-18,113.45,114.49,113.03,114.24,12017
2014-06-19,114.24,115.68,114.13,114.96,11890
2014-06-20,114.96,115.07,114.4,114.67,8540
2014-06-23,114.67,115.62,113.84,114.05,9323
2014-06-24,114.05,114.8,113.53,114.25,9771
2014-06-25,114.25,114.48,113.21,114.17,11453
2014-06-26,114.17,114.23,112.99,113.06,8320
2014-06-27,113.06,113.69,112.88,113.17,7198
2014-06-30,113.17,113.17,112.14,112.31,7691
2014-07-01,112.31,112.8,111.83,112.17,8531
2014-07-02,112.17,112.39,110.89,110.97,9632
2014-07-03,110.97,111.14,110.51,111.03,7574
2014-07-04,111.03,111.26,110.53,110.63,2928
2014-07-07,110.63,110.9,109.91,110.03,6554
2014-07-08,110.03,110.13,108.67,108.88,8263
2014-07-09,108.88,108.97,108.11,108.15,7696
2014-07-10,108.15,108.86,107.74,108.58,7927
2014-07-11,108.58,108.71,106.25,106.56,10410
2014-07-14,106.56,107.48,106.18,106.79,9916
2014-07-15,106.79,106.89,104.37,105.85,16192
2014-07-16,105.85,107.93,105.82,107.2,9629
2014-07-17,107.2,108.49,106.79,108.36,11561
2014-07-18,108.36,108.6,106.92,107.08,10181
2014-07-21,107.08,107.84,106.77,107.73,9422
2014-07-22,107.73,108.37,107,107.01,9463
2014-07-23,107.01,108.19,106.86,108.16,9711
2014-07-24,108.16,108.22,106.81,107.19,8222
2014-07-25,107.19,108.43,106.71,108.15,11450
2014-07-28,108.15,108.15,106.99,107.54,8101
2014-07-29,107.54,108.02,107.1,107.48,9734
2014-07-30,107.48,107.83,105.82,106.01,10764
2014-07-31,106.01,106.57,105.43,105.51,12902
2014-08-01,105.51,106.09,104.37,104.61,11739
2014-08-04,104.61,105.68,104.5,105.47,9594
2014-08-05,105.47,105.62,104.06,104.86,10397
2014-08-06,104.86,105.41,104.53,104.61,10638
2014-08-07,104.61,105.9,104.14,105.75,10788
2014-08-08,105.75,106.82,104.64,104.77,11406
2014-08-11,104.77,105.4,104.45,104.52,8543
2014-08-12,104.52,104.57,102.61,102.9,10981
2014-08-13,102.9,104.32,102.35,103.99,14057
2014-08-14,103.99,105.07,101.9,102.16,13553
2014-08-15,102.16,103.73,102.05,103.25,11202
2014-08-18,103.25,103.25,101.09,101.83,10167
2014-08-19,101.83,102.05,101.05,101.57,10015
2014-08-20,101.57,102.34,101.41,102.28,10136
2014-08-21,102.28,102.77,101.19,102.69,10544
2014-08-22,102.69,102.8,101.98,102.18,9026
2014-08-25,102.18,102.79,101.78,102.68,7859
2014-08-26,102.68,103.36,102.33,102.54,8587
2014-08-27,102.54,103.04,102.03,102.56,9751
2014-08-28,102.56,103.18,102.24,102.46,10702
2014-08-29,102.46,103.27,102.46,103.06,8171
2014-09-01,103.06,103.27,102.53,102.59,3955
2014-09-02,102.59,102.84,100.15,100.52,13185
2014-09-03,100.52,103.1,100.39,102.37,13293
2014-09-04,102.37,102.93,101.68,101.82,12561
2014-09-05,101.82,102.41,100.33,100.91,12145
2014-09-08,100.91,100.97,99.34,100.25,12513
2014-09-09,100.25,100.6,99.01,99.2,11128
2014-09-10,99.2,99.44,97.6,98.08,13030
2014-09-11,98.08,98.47,96.7,98.17,13615
2014-09-12,98.17,98.75,96.81,97.04,14363
2014-09-15,97.04,98.37,97.01,98.01,12558
2014-09-16,98.01,99.42,97.42,98.91,12098
2014-09-17,98.91,99.59,98.49,98.7,14196
2014-09-18,98.7,99.12,97.4,97.61,11726
2014-09-19,97.61,98.46,97.16,98.36,11500
2014-09-22,98.36,98.36,96.38,96.86,12008
2014-09-23,96.86,97.56,96.53,96.9,12420
2014-09-24,96.9,97.3,95.59,97.05,13836
2014-09-25,97.05,97.53,96.21,97.01,13359
2014-09-26,97.01,97.47,96.44,96.99,12441
2014-09-29,96.99,97.31,96.25,97.11,14761
2014-09-30,97.11,97.78,94.23,94.86,21165
2014-10-01,94.86,96.19,93.77,94.14,21888
2014-10-02,94.14,94.34,91.55,93.78,28846
2014-10-03,93.78,94.04,91.46,92.12,23056
2014-10-06,92.12,93.19,91.23,92.91,19056
2014-10-07,92.91,92.97,91.39,91.75,16781
2014-10-08,91.75,91.85,90.55,91.62,26127
2014-10-09,91.62,91.82,88.55,88.75,26158
2014-10-10,88.75,90.44,88.08,89.76,30066
2014-10-13,89.76,89.76,87.9,88.06,27506
2014-10-14,88.06,88.72,84.46,85.48,22843
2014-10-15,85.48,85.64,82.88,83.28,39831
2014-10-16,83.28,87.97,82.91,86.02,28428
2014-10-17,86.02,87.32,85.47,86.16,23402
2014-10-20,86.16,86.56,84.38,85.28,18667
2014-10-21,85.28,86.45,85.14,86.34,18331
2014-10-22,86.34,87.04,84.48,84.66,19789
2014-10-23,84.66,87.15,84.11,86.79,22993
2014-10-24,86.79,86.79,85.27,86.23,17680
2014-10-27,86.23,86.23,84.53,85.36,17447
2014-10-28,85.36,86.35,85.07,86.16,15077
2014-10-29,86.16,87.91,86.05,86.87,18830
2014-10-30,86.87,87.07,85.69,86.01,15617
2014-10-31,86.01,86.22,84.58,85.86,16281
2014-11-04,85.86,86.37,83.98,84.16,19810
2014-11-05,84.16,84.41,82.06,82.79,26075
2014-11-06,82.79,84.43,81.61,83.25,25116
2014-11-07,83.25,83.3,82.03,82.78,17783
2014-11-08,82.78,83.83,82.14,83,18075
2014-11-11,83,84.94,81.97,82.02,20515
2014-11-12,82.02,82.32,80.45,81.21,16646
2014-11-13,81.21,81.64,79.67,79.77,18695
2014-11-14,79.77,80.99,77.29,77.59,23778
2014-11-15,77.59,79.72,76.74,79.65,19802
2014-11-18,79.65,79.65,77.92,79.07,20974
2014-11-19,79.07,79.92,78.18,78.41,15822
2014-11-20,78.41,79.42,78.03,78.17,23845
2014-11-21,78.17,79.91,77.53,79.91,13176
2014-11-22,79.91,81.59,79.04,80.49,18598
2014-11-25,80.49,80.82,79.39,79.5,13151
2014-11-26,79.5,80.42,78.03,78.16,18136
2014-11-27,78.16,78.83,77.28,77.55,19074
2014-11-28,77.55,77.55,71.23,71.5,18808
2014-11-29,71.5,73.38,70.78,71.19,21426
2014-12-02,71.19,73,67.52,72.81,34982
2014-12-03,72.81,72.99,70.38,70.96,26400
2014-12-04,70.96,71.43,69.48,69.85,21246
2014-12-05,69.85,70.57,68.81,69.46,17040
2014-12-06,69.46,69.8,68.1,68.67,16431
2014-12-09,68.67,68.67,65.91,66.09,17585
2014-12-10,66.09,67,65.28,66.41,19426
2014-12-11,66.41,66.41,63.54,64.41,23758
2014-12-12,64.41,65.1,63.08,63.26,20607
2014-12-13,63.26,63.64,61.33,61.46,23227
2014-12-16,61.46,63.2,60.19,60.48,32375
2014-12-17,60.48,61.16,58.49,59.82,38612
2014-12-18,59.82,63.38,58.7,60.64,30882
2014-12-19,60.64,63.65,59.15,59.89,26890
2014-12-20,59.89,62.64,59.03,62.34,26507
2014-12-23,62.34,62.93,59.84,60.07,23063
2014-12-24,60.07,62.11,59.83,61.21,22406
2014-12-25,61.21,61.65,59.35,60.28,13621
2014-12-26,60.28,60.28,60.28,60.28,1
2014-12-27,60.28,60.94,59.21,59.56,10998
2014-12-30,59.56,60.4,57.35,58,17204
2014-12-31,58,58.34,56.72,57.5,18558
2015-01-01,57.5,57.56,55.79,56.79,15301
2015-01-02,56.79,56.79,56.79,56.79,1
2015-01-03,56.79,57.93,55.46,56.3,20930
2015-01-06,56.3,56.3,52.69,53.02,22899
2015-01-07,53.02,53.55,50.5,51.05,24039
2015-01-08,51.05,51.81,49.64,51.07,25429
2015-01-09,51.07,51.85,49.79,51.05,22191
2015-01-10,51.05,51.36,48.88,50,22702
2015-01-13,50,50,47.15,47.17,19101
2015-01-14,47.17,47.27,45.17,46.83,23047
2015-01-15,46.83,49.2,45.57,48.61,20013
2015-01-16,48.61,52.39,48.06,48.26,31333
2015-01-17,48.26,50.29,48.02,49.94,22591
2015-01-20,49.94,50.28,48.67,48.91,12197
2015-01-21,48.91,49.45,47.77,48.13,20546
2015-01-22,48.13,49.56,48.12,48.73,18372
2015-01-23,48.73,50.42,48.02,48.8,23397
2015-01-24,48.8,49.77,48.56,48.72,29838
2015-01-27,48.72,49.26,47.54,48.07,33233
2015-01-28,48.07,49.97,47.66,49.24,35232
2015-01-29,49.24,49.69,48.28,48.53,32875
2015-01-30,48.53,49.23,48.34,49.01,27220
2015-01-31,49.01,53.05,48.74,52.37,41343
2015-02-03,52.37,55.57,51.39,55.1,62271
2015-02-04,55.1,58.97,54.83,56.98,59507
2015-02-05,56.98,58.04,53.47,54.49,57509
2015-02-06,54.49,57.84,53.04,56.54,61480
2015-02-07,56.54,59.03,56.53,58.17,55899
2015-02-10,58.17,59.58,57.3,58.01,40409
2015-02-11,58.01,58.54,56.09,57,35440
2015-02-12,57,57.11,53.9,55.14,38391
2015-02-13,55.14,59.89,55.08,59.2,27877
2015-02-14,59.2,61.74,59.06,61.46,42913
2015-02-17,61.46,62.53,60.69,61.59,23311
2015-02-18,61.59,62.98,60.25,62.21,44295
2015-02-19,62.21,62.44,59.23,59.38,38142
2015-02-20,59.38,60.96,57.78,60.1,48867
2015-02-21,60.1,61.12,59.8,60.02,37420
2015-02-24,60.02,60.65,58.34,58.98,41196
2015-02-25,58.98,60.27,58.08,58.55,34672
2015-02-26,58.55,62.15,58.39,61.9,38795
2015-02-27,61.9,62.59,59.63,60.64,37694
2015-02-28,60.64,62.81,60.48,62.18,34695
2015-03-03,62.18,62.36,59.32,59.86,38510
2015-03-04,59.86,61.78,59.82,60.85,38901
2015-03-05,60.85,60.92,59.45,60.41,37651
2015-03-06,60.41,61.53,60.06,60.68,32223
2015-03-07,60.68,61.27,59.15,59.79,29147
2015-03-09,59.79,60,58.36,58.49,24921
2015-03-10,58.49,58.69,56.1,56.49,26775
2015-03-11,56.49,57.92,55.89,57.91,29153
2015-03-12,57.91,58.79,56.48,57.05,26419
2015-03-13,57.05,57.36,54.39,54.44,26648
2015-03-16,54.44,54.99,52.63,54.13,30865
2015-03-17,54.13,54.34,52.55,53.28,27362
2015-03-18,53.28,56.81,52.66,56.18,38835
2015-03-19,56.18,56.25,53.89,54.38,29567
2015-03-20,54.38,55.65,53.53,55.14,29931
2015-03-23,55.14,56.17,54.1,55.79,28211
2015-03-24,55.79,56.77,54.83,55.3,29950
2015-03-25,55.3,57.15,54.7,56.34,35022
2015-03-26,56.34,59.75,56.26,59.04,54110
2015-03-27,59.04,59.06,55.93,56.05,32601
2015-03-30,56.05,56.63,55.18,56.43,31914
2015-03-31,56.43,56.48,54.69,55.21,35907
2015-04-01,55.21,57.66,54.68,56.68,40316
2015-04-02,56.68,57.25,53.98,55.17,45768
2015-04-03,55.17,55.22,55.11,55.21,79
2015-04-06,55.21,58.22,55.21,57.76,28992
2015-04-07,57.76,59.25,57,58.33,34572
2015-04-08,58.33,58.69,55.43,56.09,33632
2015-04-09,56.09,57.99,55.95,56.8,28654
2015-04-10,56.8,58.09,56.23,57.95,25111
2015-04-13,57.95,59.53,57.43,58,29695
2015-04-14,58,59.22,57.74,58.84,24096
2015-04-15,58.84,63.45,58.76,62.85,40324
2015-04-16,62.85,64.91,61.98,63.73,35782
2015-04-17,63.73,64.47,62.93,63.69,29065
2015-04-20,63.69,64.37,62.08,63.47,29357
2015-04-21,63.47,63.52,61.63,61.74,29007
2015-04-22,61.74,63.3,61.37,62.68,29735
2015-04-23,62.68,65.55,62.2,64.76,35183
2015-04-24,64.76,65.77,64.47,65.36,28804
2015-04-27,65.36,65.58,64.38,64.52,22487
2015-04-28,64.52,65.47,63.9,64.6,25971
2015-04-29,64.6,66.69,64.11,65.55,31788
2015-04-30,65.55,66.9,65.35,66.8,29582
2015-05-01,66.8,66.91,65.5,66.48,21492
2015-05-04,66.48,67.07,65.93,66.48,18475
2015-05-05,66.48,68.37,66.11,67.61,28643
2015-05-06,67.61,69.6,67.33,67.46,31904
2015-05-07,67.46,68.46,65.15,65.64,31914
2015-05-08,65.64,66.09,64.21,65.43,31284
2015-05-11,65.43,65.72,64.23,64.86,25430
2015-05-12,64.86,67.27,64.66,67.27,24260
2015-05-13,67.27,68.15,66.39,66.5,25684
2015-05-14,66.5,67.79,66.24,66.69,26623
2015-05-15,66.69,66.98,65.34,66.91,26593
2015-05-18,66.91,67.86,65.89,66.31,22320
2015-05-19,66.31,66.37,63.93,64.33,25581
2015-05-20,64.33,65.15,64.08,64.78,24083
2015-05-21,64.78,66.86,64.77,66.46,24790
2015-05-22,66.46,66.59,65.08,65.53,19391
2015-05-25,65.53,66.2,64.7,65.48,9056
2015-05-26,65.48,65.69,63.26,63.95,22291
2015-05-27,63.95,64.64,61.94,62.3,25975
2015-05-28,62.3,62.9,61.24,62.86,26581
2015-05-29,62.86,65.8,62.67,65.44,32750
2015-06-01,65.44,65.73,64.23,64.89,26871
2015-06-02,64.89,65.83,64.55,65.35,30863
2015-06-03,65.35,65.41,63.48,63.69,33890
2015-06-04,63.69,64.04,61.77,62.09,30408
2015-06-05,62.09,63.39,60.92,63.16,34687
2015-06-08,63.16,63.35,62.44,62.76,24048
2015-06-09,62.76,65.2,62.7,65.08,25779
2015-06-10,65.08,66.34,64.86,65.52,33231
2015-06-11,65.52,66.03,64.49,64.81,26722
2015-06-12,64.81,64.93,63.66,63.82,21555
2015-06-15,63.82,64.73,63.35,63.82,23588
2015-06-16,63.82,64.38,63.4,63.74,25573
2015-06-17,63.74,65.44,62.57,63.77,35371
2015-06-18,63.77,64.93,63.42,64.22,25152
2015-06-19,64.22,64.54,62.32,62.86,23245
2015-06-22,62.86,63.72,62.08,63.33,23374
2015-06-23,63.33,64.86,62.74,64.44,28547
2015-06-24,64.44,65.03,62.99,63.55,30079
2015-06-25,63.55,63.93,62.7,63.3,22165
2015-06-26,63.3,63.59,62.48,63.16,21358
2015-06-29,63.16,63.16,61.33,61.98,28435
2015-06-30,61.98,63.81,61.69,63.23,27349
2015-07-01,63.23,63.33,61.82,62.02,26531
2015-07-02,62.02,63.18,61.76,61.82,24634
2015-07-03,61.82,62.03,60.1,60.44,11878
2015-07-06,60.44,60.44,56.36,56.71,35832
2015-07-07,56.71,57.81,55.08,57.36,42199
2015-07-08,57.36,57.73,55.84,57.27,35446
2015-07-09,57.27,59.23,56.99,58.51,33881
2015-07-10,58.51,59.63,57.84,58.73,25210
2015-07-13,58.73,58.81,56.8,57.86,31470
2015-07-14,57.86,58.76,56.42,58.69,30411
2015-07-15,58.69,58.8,56.84,57.29,25098
2015-07-16,57.29,57.97,56.84,56.99,26440
2015-07-17,56.99,57.33,56.38,57.07,23733
2015-07-20,57.07,57.41,56.32,56.5,13383
2015-07-21,56.5,57.41,56.31,56.92,19827
2015-07-22,56.92,56.93,55.9,56.02,24528
2015-07-23,56.02,56.5,55.08,55.45,22946
2015-07-24,55.45,55.57,54.27,54.61,22174
2015-07-27,54.61,54.86,52.8,52.86,22212
2015-07-28,52.86,54.05,52.26,53,26079
2015-07-29,53,54.3,52.49,53.59,26949
2015-07-30,53.59,54.35,53,53.32,21560
2015-07-31,53.32,53.44,51.6,51.76,22676
2015-08-03,51.76,51.98,49.34,49.63,30453
2015-08-04,49.63,50.42,49.56,50.18,19814
2015-08-05,50.18,50.96,49,49.61,25367
2015-08-06,49.61,49.81,48.86,49.72,22835
2015-08-07,49.72,50.04,48.4,48.5,24224
2015-08-10,48.5,50.46,48.22,50.19,25168
2015-08-11,50.19,51.08,48.6,49.13,30242
2015-08-12,49.13,49.98,48.69,49.71,27329
2015-08-13,49.71,50.37,48.82,49.22,19751
2015-08-14,49.22,49.81,48.63,48.77,22936
2015-08-17,48.77,49.41,48.33,48.64,22317
2015-08-18,48.64,49.02,48.23,48.49,17815
2015-08-19,48.49,49.08,46.75,46.84,25920
2015-08-20,46.84,47.35,46.01,46.15,23865
2015-08-21,46.15,46.49,45.06,45.3,25801
2015-08-24,45.3,45.3,42.2,42.5,38763
2015-08-25,42.5,44.47,42.5,43.45,34754
2015-08-26,43.45,43.74,42.79,43.6,33576
2015-08-27,43.6,47.72,43.59,47.54,38605
2015-08-28,47.54,50.96,46.59,49.93,54597
2015-08-31,49.93,54.29,48.23,52.91,59235
2015-09-01,52.91,53.44,48.47,48.5,64538
2015-09-02,48.5,50.98,47.72,50.36,61748
2015-09-03,50.36,52.43,49.8,50.57,48374
2015-09-04,50.57,51.01,49.34,49.35,38847
2015-09-07,49.35,49.43,47.49,47.7,17590
2015-09-08,47.7,49.82,47.61,49.33,38043
2015-09-09,49.33,50.01,47.41,47.45,34066
2015-09-10,47.45,48.92,46.76,48.67,38056
2015-09-11,48.67,48.93,47.14,48.08,27158
2015-09-14,48.08,48.23,46.24,46.51,21517
2015-09-15,46.51,48.15,46.47,47.98,27937
2015-09-16,47.98,50.31,47.68,49.88,33222
2015-09-17,49.88,50.12,48.3,49.2,36060
2015-09-18,49.2,49.73,47.13,47.65,32392
2015-09-21,47.65,48.96,47.49,48.66,25363
2015-09-22,48.66,49.18,47.68,49.17,25468
2015-09-23,49.17,50.23,47.66,47.8,31121
2015-09-24,47.8,48.44,47.38,48.27,30591
2015-09-25,48.27,49.08,47.83,48.35,27192
2015-09-28,48.35,48.37,47.23,47.34,23138
2015-09-29,47.34,48.62,47.23,47.97,25353
2015-09-30,47.97,48.97,47.77,48.51,30398
2015-10-01,48.51,49.81,47.61,47.93,37573
2015-10-02,47.93,48.48,46.91,48.19,32983
2015-10-05,48.19,49.84,48.05,49.22,26652
2015-10-06,49.22,52.22,48.84,52.18,35547
2015-10-07,52.18,53.12,51.19,51.7,43351
2015-10-08,51.7,53.49,51.27,53.31,37247
2015-10-09,53.31,54.03,52.19,52.49,34596
2015-10-12,52.49,53.28,49.75,50.24,31180
2015-10-13,50.24,50.69,48.87,49.16,30999
2015-10-14,49.16,49.49,48.67,48.96,26074
2015-10-15,48.96,50.25,48.68,50.13,31807
2015-10-16,50.13,50.66,49.29,50.46,26254
2015-10-19,50.46,50.53,48.55,48.89,69242
2015-10-20,48.89,49.17,48.2,48.49,64416
2015-10-21,48.49,48.62,47.49,47.9,74883
2015-10-22,47.9,48.7,47.62,48.28,60141
2015-10-23,48.28,48.62,47.42,47.93,75126
2015-10-26,47.93,48.3,47.28,47.33,18996
2015-10-27,47.33,47.53,46.39,46.95,46990
2015-10-28,46.95,49.21,46.58,49.17,93313
2015-10-29,49.17,49.35,48.14,48.56,81689
2015-10-30,48.56,49.98,48.27,49.43,58823
2015-11-03,49.43,49.66,48.58,48.74,65452
2015-11-04,48.74,50.89,48.44,50.29,69239
2015-11-05,50.29,50.84,48.47,48.82,104260
2015-11-06,48.82,48.97,47.9,48.08,51166
2015-11-07,48.08,48.56,47.25,47.63,31331
2015-11-10,47.63,48.38,46.99,47.34,31879
2015-11-11,47.34,47.83,46.94,47.07,27492
2015-11-12,47.07,47.7,45.6,45.84,28130
2015-11-13,45.84,46.24,43.99,44.04,42913
2015-11-14,44.04,45.92,44.04,44.43,39009
2015-11-17,44.43,45.15,43.13,44.88,53933
2015-11-18,44.88,45.07,43.48,44,37254
2015-11-19,44,44.71,43.31,44.18,38770
2015-11-20,44.18,44.73,43.68,44.25,29893
2015-11-21,44.25,45.47,44.04,44.44,15120
2015-11-24,44.44,45.7,43.55,45.11,49135
2015-11-25,45.11,46.47,44.89,45.9,42369
2015-11-26,45.9,46.47,45.01,46.26,35255
2015-11-27,46.26,46.3,44.98,45.35,16485
2015-11-28,45.35,45.61,44.78,44.99,18463
2015-12-01,44.99,45.72,44.41,44.53,28962
2015-12-02,44.53,45.16,44,44.25,37577
2015-12-03,44.25,44.61,42.41,42.71,39890
2015-12-04,42.71,44.66,42.58,44.05,40682
2015-12-05,44.05,44.79,42.65,43.16,45257
2015-12-08,43.16,43.16,40.58,40.71,31817
2015-12-09,40.71,41.42,39.99,40.39,40517
2015-12-10,40.39,41.56,39.55,40.25,46725
2015-12-11,40.25,40.66,39.44,39.5,35738
2015-12-12,39.5,39.71,37.33,37.66,28921
2015-12-15,37.66,38.4,36.32,37.76,35287
2015-12-16,37.76,39.38,37.52,38.01,34176
2015-12-17,38.01,38.72,37.15,37.53,41140
2015-12-18,37.53,37.9,36.74,36.94,30993
2015-12-19,36.94,37.7,36.39,36.63,30772
2015-12-22,36.63,36.72,36.01,36.21,17171
2015-12-23,36.21,36.69,35.96,36.36,22558
2015-12-24,36.36,37.86,36.24,37.75,27456
2015-12-25,37.75,38.07,36.9,37.68,17509
2015-12-26,37.68,37.68,37.68,37.68,1
2015-12-29,37.68,37.82,36.4,36.43,14293
2015-12-30,36.43,37.96,36.43,37.33,18847
2015-12-31,37.33,37.51,36.33,36.68,19559
2016-01-01,36.68,37.92,36.08,37.7,15400
2016-01-02,37.7,37.7,37.7,37.7,1
2016-01-05,37.7,38.96,36.75,37.35,34036
2016-01-06,37.35,37.55,36.22,36.58,31106
2016-01-07,36.58,36.65,34.1,34.39,40292
2016-01-08,34.39,34.71,32.14,33.73,56136
2016-01-09,33.73,34.69,32.76,33.31,44821
2016-01-12,33.31,33.36,31.14,31.3,35243
2016-01-13,31.3,32.35,30.32,30.8,34044
2016-01-14,30.8,31.89,29.94,30.25,38298
2016-01-15,30.25,31.16,29.69,31.03,42849
2016-01-16,31.03,31.03,28.8,29.2,44410
2016-01-19,29.2,29.55,27.96,28.71,28302
2016-01-20,28.71,30.22,28.57,28.73,45053
2016-01-21,28.73,28.73,27.08,27.81,47328
2016-01-22,27.81,29.81,27.26,29.58,60886
2016-01-23,29.58,32.27,29.26,32.16,60577
2016-01-26,32.16,32.78,29.98,30.08,47077
2016-01-27,30.08,32.7,29.25,30.9,57712
2016-01-28,30.9,33.47,30.81,32.93,57944
2016-01-29,32.93,35.81,32.54,34.49,54117
2016-01-30,34.49,36.14,34.49,35.87,68942
2016-02-02,35.87,36.03,33.9,34,50301
2016-02-03,34,34.1,32.21,32.47,49392
2016-02-04,32.47,35.46,32.28,35.44,64232
2016-02-05,35.44,35.8,34.13,34.37,59757
2016-02-06,34.37,35.11,33.78,34.11,55868
2016-02-09,34.11,34.65,32.75,33.1,41573
2016-02-10,33.1,33.54,30.26,30.73,55124
2016-02-11,30.73,31.87,30.33,30.87,57104
2016-02-12,30.87,31.33,29.89,31.04,63213
2016-02-13,31.04,33.41,30.83,32.89,61780
2016-02-16,32.89,33.99,32.78,33.95,25156
2016-02-17,33.95,35.51,31.91,32.32,67257
2016-02-18,32.32,34.95,31.79,34.93,63627
2016-02-19,34.93,35.71,33.76,34.02,55528
2016-02-20,34.02,34.43,32.65,33.2,44146
2016-02-23,33.2,34.94,33.01,34.59,36550
2016-02-24,34.59,35.08,32.89,33.01,43082
2016-02-25,33.01,34.64,32.34,34.41,52543
2016-02-26,34.41,35.71,33.27,35.15,40364
2016-02-27,35.15,36.96,34.7,35.15,46748
2016-03-01,35.15,36.72,35.06,36.65,46373
2016-03-02,36.65,37.22,35.93,36.52,43228
2016-03-03,36.52,37.33,36.07,37.03,44888
2016-03-04,37.03,37.34,36.33,36.95,35749
2016-03-05,36.95,38.92,36.8,38.82,48056
2016-03-08,38.82,41.02,38.82,40.71,50125
2016-03-09,40.71,41.46,39.28,39.44,51496
2016-03-10,39.44,41.155,39.36,40.76,81918
2016-03-11,40.76,40.985,39.61,40.2,95044
2016-03-12,40.2,41,39.99,40.39,68120
2016-03-14,40.39,40.485,38.79,39.65,71977
2016-03-15,39.65,39.71,38.3,38.92,66318
2016-03-16,38.92,40.41,38.79,40.26,74360
2016-03-17,40.26,41.57,40.23,41.445,74510
2016-03-18,41.445,42.515,41.045,41.39,80514
2016-03-21,41.39,41.85,40.455,41.5,60616
2016-03-22,41.5,42.05,40.95,41.58,65768
2016-03-23,41.58,41.78,40.4,40.46,65776
2016-03-24,40.46,40.61,39.2,40.395,66750
2016-03-25,40.395,40.395,40.395,40.395,1
2016-03-28,40.395,40.97,39.62,40.13,38567
2016-03-29,40.13,40.225,38.74,39.3,49876
2016-03-30,39.3,40.575,39.065,39.18,45326
2016-03-31,39.18,40.825,39.15,40.085,74386
2016-04-01,40.085,40.41,38.525,38.65,76785
2016-04-04,38.65,38.89,37.46,37.48,53384
2016-04-05,37.48,38.4,37.24,38.37,58815
2016-04-06,38.37,39.91,38.325,39.71,75648
2016-04-07,39.71,40.26,38.67,39.59,63804
2016-04-08,39.59,41.98,39.59,41.74,76214
2016-04-11,41.74,43.03,41.39,42.72,66336
2016-04-12,42.72,44.78,42.53,44.17,86166
2016-04-13,44.17,44.91,43.74,43.82,83527
2016-04-14,43.82,44.59,43.27,43.83,57410
2016-04-15,43.83,44.025,42.26,43.01,64920
2016-04-18,43.01,43.395,40.55,43.115,98922
2016-04-19,43.115,44.47,42.58,43.94,86417
2016-04-20,43.94,45.85,42.79,45.52,87103
2016-04-21,45.52,46.16,44.42,44.71,91920
2016-04-22,44.71,45.87,44.27,45.09,76753
2016-04-25,45.09,45.57,44.24,44.75,65736
2016-04-26,44.75,46.46,44.335,46.365,61749
2016-04-27,46.365,47.43,45.615,47.2,66107
2016-04-28,47.2,48.16,46.705,47.84,42237
2016-04-29,47.84,48.26,46.74,47.33,80074
2016-05-02,47.33,47.33,45.69,45.9,74626
2016-05-03,45.9,46.375,44.6,45.215,78538
2016-05-04,45.215,45.99,44.165,44.91,84805
2016-05-05,44.91,46.75,44.63,45.18,83130
2016-05-06,45.18,46.09,44.165,45.295,83998
2016-05-09,45.295,46.27,43.475,43.5,81117
2016-05-10,43.5,45.67,43.3,45.43,78994
2016-05-11,45.43,47.73,44.78,47.265,91854
2016-05-12,47.265,48.16,46.78,47.895,84113
2016-05-13,47.895,48.09,47.24,47.83,71721
2016-05-16,47.83,49.38,47.785,49.05,69728
2016-05-17,49.05,49.715,48.54,49.51,72270
2016-05-18,49.51,49.82,48.43,48.48,97657
2016-05-19,48.48,48.85,47.36,48.81,84827
2016-05-20,48.81,49.36,48.05,48.79,66771
2016-05-23,48.79,48.79,47.56,48.3,62502
2016-05-24,48.3,49.22,47.78,49.05,58508
2016-05-25,49.05,49.94,48.87,49.865,68471
2016-05-26,49.865,50.49,49.22,49.44,61684
2016-05-27,49.44,49.525,48.67,49.375,43659
2016-05-30,49.375,49.8,48.89,49.69,11453
2016-05-31,49.69,50.84,49.52,49.54,52379
2016-06-01,49.54,49.975,48.62,49.68,65129
2016-06-02,49.68,50.27,48.82,49.905,76248
2016-06-03,49.905,50.3,49.275,49.765,59239
2016-06-06,49.765,50.81,49.7,50.49,50847
2016-06-07,50.49,51.51,50.25,51.43,49056
2016-06-08,51.43,52.77,51.3,52.71,64816
2016-06-09,52.71,52.825,51.51,51.77,56800
2016-06-10,51.77,52.075,50.3,50.46,61308
2016-06-13,50.46,50.76,49.585,49.96,56619
2016-06-14,49.96,50.02,49.18,49.18,50043
2016-06-15,49.18,49.775,48.37,48.56,73241
2016-06-16,48.56,48.735,46.915,47,71116
2016-06-17,47,49.34,47,49.26,59825
2016-06-20,49.26,50.66,49.26,50.36,52992
2016-06-21,50.36,51.07,49.44,50.9,52886
2016-06-22,50.9,51.22,49.15,49.76,63734
2016-06-23,49.76,50.975,49.76,50.92,50739
2016-06-24,50.92,50.925,47.52,48.39,55711
2016-06-27,48.39,48.875,46.665,47.505,31276
2016-06-28,47.505,48.76,47.45,48.725,23657
2016-06-29,48.725,50.7,48.605,50.11,20860
2016-06-30,50.11,50.99,49.51,49.785,30000
2016-07-01,49.785,50.62,49.225,50.6,28522
2016-07-04,50.6,50.72,50,50.07,13094
2016-07-05,50.07,50.07,47.515,48.19,34198
2016-07-06,48.19,49.28,47.15,49.24,44919
2016-07-07,49.24,49.56,46.13,46.49,49076
2016-07-08,46.49,47.2,46.12,46.595,40651
2016-07-11,46.595,47.075,45.875,46.03,29265
2016-07-12,46.03,48.545,46.03,48.205,35256
2016-07-13,48.205,48.205,46.06,46.585,36990
2016-07-14,46.585,47.44,46.32,47.14,32435
2016-07-15,47.14,48.03,46.63,47.89,29498
2016-07-18,47.89,47.89,46.475,46.93,27818
2016-07-19,46.93,47.46,46.51,46.65,25941
2016-07-20,46.65,47.46,45.875,47.08,29745
2016-07-21,47.08,47.535,46.02,46.035,29444
2016-07-22,46.035,46.475,45.15,45.68,29531
2016-07-25,45.68,45.845,44.53,44.67,21372
2016-07-26,44.67,44.93,44.11,44.54,25616
2016-07-27,44.54,44.89,43.24,43.385,26348
2016-07-28,43.385,43.68,42.54,42.63,20520
2016-07-29,42.63,43.575,42.49,43.35,22767
2016-08-01,43.35,43.825,41.845,42.205,21501
2016-08-02,42.205,43.15,41.485,41.91,25515
2016-08-03,41.91,43.415,41.535,43.405,32145
2016-08-04,43.405,44.315,42.49,44.16,27869
2016-08-05,44.16,44.46,43.485,44.37,26622
2016-08-08,44.37,45.68,44.225,45.16,21626
2016-08-09,45.16,45.74,44.73,44.975,23216
2016-08-10,44.975,45.645,43.79,43.81,28206
2016-08-11,43.81,46.275,43.44,45.94,31327
2016-08-12,45.94,47.22,45.72,47.16,30817
2016-08-15,47.16,48.505,46.81,48.265,24495
2016-08-16,48.265,49.33,47.87,49.01,31152
2016-08-17,49.01,49.905,48.52,49.805,35563
2016-08-18,49.805,51.02,49.49,50.885,29083
2016-08-19,50.885,51.19,50.3,50.825,28878
2016-08-22,50.825,50.825,49.075,49.15,26077
2016-08-23,49.15,50.18,48.45,49.465,28438
2016-08-24,49.465,49.84,48.66,49.03,29576
2016-08-25,49.03,49.76,48.68,49.66,22398
2016-08-26,49.66,50.725,49.095,49.715,28696
2016-08-29,49.715,49.715,48.95,49.21,16410
2016-08-30,49.21,49.74,48.21,48.3,19375
2016-08-31,48.3,48.75,46.745,46.985,22351
2016-09-01,46.985,47.215,45.295,45.74,26914
2016-09-02,45.74,46.99,45.38,46.725,30642
2016-09-05,46.725,49.36,46.38,47.5,36351
2016-09-06,47.5,47.97,46.26,47.33,28581
2016-09-07,47.33,48.525,46.94,48.48,26982
2016-09-08,48.48,50.11,48.185,49.68,29624
2016-09-09,49.68,49.68,47.735,47.8,27302
2016-09-12,47.8,48.6,46.88,48.14,37654
2016-09-13,48.14,48.195,46.935,47.12,34612
2016-09-14,47.12,47.46,45.68,45.955,35809
2016-09-15,45.955,46.975,45.655,46.31,34101
2016-09-16,46.31,46.38,45.46,45.98,27047
2016-09-19,45.98,46.89,45.83,45.87,15440
2016-09-20,45.87,46.27,45.07,46.105,20060
2016-09-21,46.105,47.105,46.105,47.09,18511
2016-09-22,47.09,47.8,47.01,47.495,15774
2016-09-23,47.495,48.23,45.62,46.055,25651
2016-09-26,46.055,47.63,45.71,46.94,30213
2016-09-27,46.94,47.255,45.61,46.265,33777
2016-09-28,46.265,48.93,45.68,48.755,44094
2016-09-29,48.755,49.78,47.965,49.05,29623
2016-09-30,49.05,50.24,48.88,50.01,28588
2016-10-03,50.01,51.115,49.74,50.79,27696
2016-10-04,50.79,51.315,50.31,51.24,28911
2016-10-05,51.24,52.07,51.215,51.675,26967
2016-10-06,51.675,52.715,51.3,52.62,23877
2016-10-07,52.62,52.815,51.31,51.67,30392
2016-10-10,51.67,53.71,51.295,52.88,29041
2016-10-11,52.88,53.29,52.09,52.53,31461
2016-10-12,52.53,52.85,51.585,51.7,26271
2016-10-13,51.7,52.12,50.9,51.945,31470
2016-10-14,51.945,52.525,51.47,51.97,24537
2016-10-17,51.97,52.265,51.13,51.615,21493
2016-10-18,51.615,52.1,51.23,52.08,17948
2016-10-19,52.08,53.11,52.07,52.54,21266
2016-10-20,52.54,52.695,51.15,51.37,21728
2016-10-21,51.37,51.86,51.1,51.85,21885
2016-10-24,51.85,51.98,50.46,51.405,24775
2016-10-25,51.405,51.8,50.2,50.225,23971
2016-10-26,50.225,50.66,49.625,49.93,29966
2016-10-27,49.93,50.87,49.81,50.31,20475
2016-10-28,50.31,50.55,49.29,49.64,23112
2016-10-31,49.64,50.73,48.43,48.525,23838
2016-11-01,48.525,49.23,47.7,47.905,33709
2016-11-02,47.905,48,46.44,47.06,27031
2016-11-03,47.06,47.49,45.97,46.33,19902
2016-11-04,46.33,46.535,45.055,45.53,30849
2016-11-08,45.53,46.36,45.355,46.28,19894
2016-11-09,46.28,46.66,45.575,45.875,22315
2016-11-10,45.875,46.915,44.375,46.51,49384
2016-11-11,46.51,46.89,45.54,45.575,32787
2016-11-12,45.575,45.87,44.17,44.595,24359
2016-11-15,44.595,44.955,43.545,44.705,29900
2016-11-16,44.705,47.205,44.645,46.93,33581
2016-11-17,46.93,47.535,46.23,46.34,39360
2016-11-18,46.34,47.595,45.99,46.025,32201
2016-11-19,46.025,46.96,45.72,46.8,34423
2016-11-22,46.8,49.13,46.8,48.995,27230
2016-11-23,48.995,49.925,48.115,49,39294
2016-11-24,49,49.47,48.53,48.9,35658
2016-11-25,48.9,49.19,48.73,49,10704
2016-11-26,49,49,46.83,46.92,23154
2016-11-29,46.92,48.78,46.45,48,35964
2016-11-30,48,48.08,45.9,46.45,31260
2016-12-01,46.45,52.34,46.45,51.39,90805
2016-12-02,51.39,54.505,51.39,53.66,54578
2016-12-03,53.66,54.475,52.82,54.4,40533
2016-12-06,54.4,55.305,53.745,54.18,26010
2016-12-07,54.18,54.91,53.485,53.92,21335
2016-12-08,53.92,54.205,52.9,52.99,24916
2016-12-09,52.99,54.015,52.79,53.92,27292
2016-12-10,53.92,54.43,53.745,54.255,22103
2016-12-13,54.255,57.23,54.255,55.39,36798
2016-12-14,55.39,56.41,55.11,55.28,27375
2016-12-15,55.28,55.785,53.54,53.69,35153
2016-12-16,53.69,54.465,53.12,54.15,25918
2016-12-17,54.15,55.35,53.69,55.325,21863
2016-12-20,55.325,55.775,54.67,54.995,21582
2016-12-21,54.995,55.89,54.72,55.47,19769
2016-12-22,55.47,55.845,54.29,54.51,21533
2016-12-23,54.51,55.21,54.02,54.815,19951
2016-12-24,54.815,55.225,54.24,55.02,16114
2016-12-28,55.02,56.25,55.02,56.04,15434
2016-12-29,56.04,56.53,55.865,55.91,15363
2016-12-30,55.91,57.29,55.91,56.82,18047
2016-12-31,56.82,57.175,56.43,56.845,14573
2017-01-04,56.845,58.35,55.275,55.6,37854
2017-01-05,55.6,56.51,55.31,56.45,31290
2017-01-06,56.45,57.32,55.99,56.88,30657
2017-01-07,56.88,57.445,56.265,56.8,24869
2017-01-10,56.8,56.98,54.715,54.73,22831
2017-01-11,54.73,55.33,53.56,53.605,26001
2017-01-12,53.605,55.64,53.605,55.23,35735
2017-01-13,55.23,56.405,54.99,56.03,32359
2017-01-14,56.03,56.18,55.26,55.57,25433
2017-01-17,55.57,55.89,55.17,55.67,10406
2017-01-18,55.67,56.92,55.39,55.47,22715
2017-01-19,55.47,55.87,53.75,54.255,26569
2017-01-20,54.255,54.74,53.885,54.13,32812
2017-01-21,54.13,55.781,54.13,55.45,33132
2017-01-24,55.45,55.6,54.621,55.315,29373
2017-01-25,55.315,55.83,55.045,55.18,30018
2017-01-26,55.18,55.625,54.731,55.28,38432
2017-01-27,55.28,56.53,55.18,56.07,31623
2017-01-28,56.07,56.475,54.82,55.4,23097
2017-01-31,55.4,55.67,54.94,55.13,18496
2017-02-01,55.13,56.415,54.94,55.6,32334
2017-02-02,55.6,56.805,55.335,56.515,38849
2017-02-03,56.515,57.42,56.3,56.67,34572
2017-02-04,56.67,57.27,56.361,56.795,64572
2017-02-07,56.795,57.1,55.63,55.835,56997
2017-02-08,55.835,55.951,54.59,54.61,42316
2017-02-09,54.61,55.66,54.419,55.14,38953
2017-02-10,55.14,55.9,55.14,55.695,28107
2017-02-11,55.695,56.86,55.54,56.6,34477
2017-02-14,56.6,56.76,55.385,55.535,27441
2017-02-15,55.535,56.43,55.51,55.775,29125
2017-02-16,55.775,56.22,55.535,55.64,30809
2017-02-17,55.64,56.215,55.11,55.755,33669
2017-02-18,55.755,55.85,55.07,55.71,21962
2017-02-21,55.71,56.4,55.67,56.115,9952
2017-02-22,56.115,57.28,56.08,56.585,27693
2017-02-23,56.585,56.985,55.62,56.09,29475
2017-02-24,56.09,57.23,56.09,56.445,29344
2017-02-25,56.445,56.645,55.72,56.03,15881
2017-02-28,56.03,56.745,55.85,55.9,16545
2017-03-01,55.9,56.62,55.6,56.495,25983
2017-03-02,56.495,57.02,56.22,56.25,27234
2017-03-03,56.25,56.415,55.01,55.015,32865
2017-03-04,55.015,55.92,55.015,55.78,15967
2017-03-07,55.78,56.22,55.3,55.955,23576
2017-03-08,55.955,56.62,55.54,55.56,24371
2017-03-09,55.56,55.74,52.91,53.105,41657
2017-03-10,53.105,53.83,51.48,52.44,57122
2017-03-11,52.44,52.99,51.12,51.235,39128
2017-03-13,51.235,51.67,50.885,51.39,31271
2017-03-14,51.39,51.82,50.225,51.59,48759
2017-03-15,51.59,52.05,51.33,51.9,45526
2017-03-16,51.9,52.625,51.48,51.675,33061
2017-03-17,51.675,52.15,51.51,51.68,22758
2017-03-20,51.68,51.92,50.99,51.62,27423
2017-03-21,51.62,52.195,50.705,50.83,38196
2017-03-22,50.83,50.955,49.69,50.71,42597
2017-03-23,50.71,51.07,50.23,50.48,30366
2017-03-24,50.48,51.02,50.38,50.95,23093
2017-03-27,50.95,51.005,50.01,50.805,29956
2017-03-28,50.805,51.855,50.75,51.345,33375
2017-03-29,51.345,52.455,51.345,52.45,29721
2017-03-30,52.45,53.07,52.015,52.89,28886
2017-03-31,52.89,53.745,52.58,53.635,22779
2017-04-03,53.635,53.7,53.015,53.065,18493
2017-04-04,53.065,54.35,52.71,54.165,22052
2017-04-05,54.165,55.06,53.955,54.02,29440
2017-04-06,54.02,54.97,53.99,54.85,20064
2017-04-07,54.85,56.06,54.54,55.225,37881
2017-04-10,55.225,56.02,55.205,56,20823
2017-04-11,56,56.265,55.42,56.25,21184
2017-04-12,56.25,56.62,55.46,55.545,25480
2017-04-13,55.545,56.04,55.54,55.56,21888
2017-04-17,55.56,55.95,55.26,55.455,16580
2017-04-18,55.455,55.455,54.59,54.795,27127
2017-04-19,54.795,55.17,52.55,53.055,32731
2017-04-20,53.055,53.525,52.66,52.975,40462
2017-04-21,52.975,53.28,51.55,51.935,48994
2017-04-24,51.935,52.55,51.405,51.54,40106
2017-04-25,51.54,52.365,51.28,51.87,45979
2017-04-26,51.87,52.425,51.39,51.455,27277
2017-04-27,51.455,51.74,50.43,51.57,16469
2017-04-28,51.57,52.57,51.57,51.84,19171
2017-05-01,51.84,51.945,51.2,51.395,11271
2017-05-02,51.395,52.13,50.13,50.925,21289
2017-05-03,50.925,51.11,50.18,50.5,21515
2017-05-04,50.5,50.7,48.14,48.37,26102
2017-05-05,48.37,49.6,46.615,49.36,34421
2017-05-08,49.36,49.9,48.455,49.405,47036
2017-05-09,49.405,49.7,48.38,48.93,34540
2017-05-10,48.93,50.61,48.79,50.22,42716
2017-05-11,50.22,51.13,50.22,50.74,35357
2017-05-12,50.74,51.065,50.315,50.85,30212
2017-05-15,50.85,52.605,50.705,51.75,40056
2017-05-16,51.75,52.33,51.09,51.235,36106
2017-05-17,51.235,52.58,51.01,52.065,44373
2017-05-18,52.065,52.715,51.08,52.415,43947
2017-05-19,52.415,53.71,52.415,53.665,32275
2017-05-22,53.665,54.35,53.63,53.735,33537
2017-05-23,53.735,54.4,53.175,54.16,32183
2017-05-24,54.16,54.595,53.63,53.9,39919
2017-05-25,53.9,54.64,50.99,51.235,80632
2017-05-26,51.235,52.24,50.685,52.21,46932
2017-05-29,52.21,52.585,51.83,52.18,12426
2017-05-30,52.18,52.33,51.165,51.815,22024
2017-05-31,51.815,52.295,50.205,51.01,46151
2017-06-01,51.01,51.42,50.21,50.32,53758
2017-06-02,50.32,50.49,48.93,50.06,55522
2017-06-05,50.06,50.715,49.02,49.44,42826
2017-06-06,49.44,50.27,48.98,49.93,49480
2017-06-07,49.93,50.115,47.94,48.12,59948
2017-06-08,48.12,48.57,47.545,47.905,51651
2017-06-09,47.905,48.52,47.405,48.21,39406
2017-06-12,48.21,49.125,47.97,48.2,33477
2017-06-13,48.2,48.8,47.85,48.2,33391
2017-06-14,48.2,48.66,46.73,46.935,50370
2017-06-15,46.935,47.175,46.67,46.71,34896
2017-06-16,46.71,47.585,46.71,47.275,26184
2017-06-19,47.275,47.73,46.755,46.845,23838
2017-06-20,46.845,47.2,45.4,45.77,35507
2017-06-21,45.77,46.585,44.34,44.75,50026
2017-06-22,44.75,45.76,44.51,45.225,36385
2017-06-23,45.225,45.725,45.005,45.64,29596
2017-06-26,45.64,46.2,45.01,45.94,28337
2017-06-27,45.94,47.03,45.76,46.155,28501
2017-06-28,46.155,47.445,46.14,47.41,30128
2017-06-29,47.41,48.01,47.11,47.32,23865
2017-06-30,47.32,48.945,47.32,48.875,20669
2017-07-03,48.875,49.68,48.5,49.61,17580
2017-07-04,49.61,49.875,49.265,49.61,14100
2017-07-05,49.61,49.8,47.45,48.225,49943
2017-07-06,48.225,49.15,47.75,47.84,47283
2017-07-07,47.84,47.84,46.25,46.735,50335
2017-07-10,46.735,47.35,46.09,47.005,37788
2017-07-11,47.005,48.19,46.27,48.16,42687
2017-07-12,48.16,48.74,47.32,47.665,49584
2017-07-13,47.665,48.505,47.15,48.395,33100
2017-07-14,48.395,49.03,48.125,49.005,35612
2017-07-17,49.005,49.23,48.285,48.335,33989
2017-07-18,48.335,49.39,48.21,48.68,38341
2017-07-19,48.68,49.78,48.56,49.63,34227
2017-07-20,49.63,50.165,49.165,49.295,34317
2017-07-21,49.295,49.62,47.785,47.895,39915
2017-07-24,47.895,48.74,47.66,48.69,37542
2017-07-25,48.69,50.89,48.6,50.78,34730
2017-07-26,50.78,51.03,50.045,50.885,36417
2017-07-27,50.885,51.61,50.48,51.575,30603
2017-07-28,51.575,52.65,51.285,52.595,27857
2017-07-31,52.595,52.88,51.75,52.655,34544
2017-08-01,52.655,52.91,50.86,51.41,38008
2017-08-02,51.41,52.4,51.16,52.32,43564
2017-08-03,52.32,52.86,51.74,51.895,37494
2017-08-04,51.895,52.5,51.415,52.375,39592
2017-08-07,52.375,52.5,51.335,52.225,44587
2017-08-08,52.225,52.71,51.8,51.85,43633
2017-08-09,51.85,52.815,51.78,52.79,42829
2017-08-10,52.79,53.615,51.64,51.84,59836
2017-08-11,51.84,52.25,51.28,51.97,47364
2017-08-14,51.97,52.36,50.55,50.63,44838
2017-08-15,50.63,51.09,50.01,50.95,39302
2017-08-16,50.95,51.35,50.125,50.3,39625
2017-08-17,50.3,51.095,49.975,50.81,36133
2017-08-18,50.81,52.935,50.77,52.84,41316
2017-08-21,52.84,52.84,51.27,51.635,41267
2017-08-22,51.635,52.255,51.37,51.57,40701
2017-08-23,51.57,52.605,51.42,52.51,37534
2017-08-24,52.51,52.69,51.58,52.135,41869
2017-08-25,52.135,52.65,51.9,52.31,43743
2017-08-28,52.31,52.74,51.49,52.04,43157
2017-08-29,52.04,52.16,51.345,51.9,35752
2017-08-30,51.9,51.99,50.55,50.7,44911
2017-08-31,50.7,52.88,50.465,52.795,57206
2017-09-01,52.795,52.92,52.215,52.73,48496
2017-09-04,52.73,52.77,51.96,52.365,18760
2017-09-05,52.365,53.63,52.06,53.19,35578
2017-09-06,53.19,54.29,53.07,54.07,42589
2017-09-07,54.07,54.64,53.865,54.475,45286
2017-09-08,54.475,54.84,53.545,53.74,41543
2017-09-11,53.74,54.115,53.02,53.845,41259
2017-09-12,53.845,54.42,53.4,54.26,38130
2017-09-13,54.26,55.185,54.015,55.1,37668
2017-09-14,55.1,55.97,54.9,55.23,33496
2017-09-15,55.23,55.83,54.84,55.51,32497
2017-09-18,55.51,55.92,54.8,55.425,29906
2017-09-19,55.425,55.86,54.86,55.345,30297
2017-09-20,55.345,56.45,55.235,56.165,38438
2017-09-21,56.165,56.505,55.74,56.48,30580
2017-09-22,56.48,56.88,56.2,56.77,29891
2017-09-25,56.77,59.225,56.67,59.14,39144
2017-09-26,59.14,59.475,57.75,58.54,59855
2017-09-27,58.54,58.865,57.555,57.655,60493
2017-09-28,57.655,58.6,56.82,57.635,44329
2017-09-29,57.635,57.64,56.41,56.69,33036
2017-10-02,56.69,56.725,55.48,56.055,28622
2017-10-03,56.055,56.38,55.675,55.69,27106
2017-10-04,55.69,56.17,55.36,55.745,36376
2017-10-05,55.745,57.22,55.68,56.955,33132
2017-10-06,56.955,57.25,55.1,55.54,37708
2017-10-09,55.54,55.955,55.035,55.65,28737
2017-10-10,55.65,56.885,55.65,56.51,28282
2017-10-11,56.51,57.07,56.12,56.62,32058
2017-10-12,56.62,56.81,55.86,56.385,33396
2017-10-13,56.385,57.55,56.32,57.16,38280
2017-10-16,57.16,58.45,57.16,57.88,33517
2017-10-17,57.88,58.32,57.15,58.095,35067
2017-10-18,58.095,58.515,57.72,58.175,33118
2017-10-19,58.175,58.28,57,57.23,32966
2017-10-20,57.23,57.87,56.58,57.83,33050
2017-10-23,57.83,57.99,57.245,57.31,30343
2017-10-24,57.31,58.46,57.01,58.455,35417
2017-10-25,58.455,58.71,57.83,58.4,34556
2017-10-26,58.4,59.525,58.02,59.48,31732
2017-10-27,59.48,60.5,58.795,60.485,30788
2017-10-30,60.485,60.98,60.115,60.825,29733
2017-10-31,60.825,61.16,60.22,61.065,23285
2017-11-01,61.065,61.675,59.975,60.45,35881
2017-11-02,60.45,60.83,60.01,60.715,30695
2017-11-03,60.715,62.2,60.57,62.095,34282
2017-11-07,62.095,64.415,62.095,64.04,41292
2017-11-08,64.04,64.625,63.475,63.525,42109
2017-11-09,63.525,64.62,62.92,63.47,51889
2017-11-10,63.47,64.22,63.24,63.78,46858
2017-11-11,63.78,64.25,63.325,63.57,31106
2017-11-14,63.57,63.68,62.585,63.11,30779
2017-11-15,63.11,63.14,61.19,61.37,45309
2017-11-16,61.37,62.11,61.28,61.85,40569
2017-11-17,61.85,62.12,61.235,61.35,34983
2017-11-18,61.35,62.89,61.06,62.685,42813
2017-11-21,62.685,62.685,61.41,62.155,40268
2017-11-22,62.155,62.815,62.055,62.67,39123
2017-11-23,62.67,63.4,62.58,63.285,38118
2017-11-24,63.285,63.55,62.855,63.4,14882
2017-11-25,63.4,63.92,63.26,63.72,21878
2017-11-28,63.72,63.96,63.08,63.71,35729
2017-11-29,63.71,63.87,63.08,63.335,28015
2017-11-30,63.335,64.055,62.48,63.35,40456
2017-12-01,63.35,63.36,62.135,62.69,57184
2017-12-02,62.69,64.295,62.565,63.63,41545
2017-12-05,63.63,63.63,62.29,62.415,33424
2017-12-06,62.415,63.125,62.105,62.625,29843
2017-12-07,62.625,62.9,61.11,61.225,36505
2017-12-08,61.225,62.235,61.125,62.04,29771
2017-12-09,62.04,63.62,61.99,63.3,39628
2017-12-12,63.3,64.905,62.965,64.695,40167
2017-12-13,64.695,65.8,63.045,63.825,55752
2017-12-14,63.825,64.29,62.335,62.645,45420
2017-12-15,62.645,63.485,61.99,63.37,41030
2017-12-16,63.37,63.66,63.055,63.225,35007
2017-12-19,63.225,63.88,62.98,63.41,37372
2017-12-20,63.41,63.885,63.275,63.815,26285
2017-12-21,63.815,64.575,63.645,64.485,31545
2017-12-22,64.485,64.9,64.18,64.73,32875
2017-12-23,64.73,65.26,64.36,65.01,27368
2017-12-27,65.01,67.055,64.98,66.795,27098
2017-12-28,66.795,66.915,66.005,66.34,32698
2017-12-29,66.34,66.35,65.7,66.155,24151
2017-12-30,66.155,66.945,66.125,66.61,28400
2018-01-03,66.61,67.265,66.215,66.465,27060
2018-01-04,66.465,68,66.38,67.965,27933
2018-01-05,67.965,68.25,67.605,67.955,32008
2018-01-06,67.955,68.09,67.25,67.665,28546
2018-01-09,67.665,67.965,67.415,67.875,28606
2018-01-10,67.875,69.21,67.68,69.18,33769
2018-01-11,69.18,69.34,68.73,69.1,25165
2018-01-12,69.1,70.005,68.97,69.105,28506
2018-01-13,69.105,69.895,68.58,69.83,26977
2018-01-16,69.83,70.335,69.53,70.21,24323
2018-01-17,70.21,70.21,68.815,69.305,29623
2018-01-18,69.305,69.56,68.53,69.41,26200
2018-01-19,69.41,69.6,68.78,69.105,26006
2018-01-20,69.105,69.105,68.26,68.74,27113
2018-01-23,68.74,69.48,68.365,69.31,34310
2018-01-24,69.31,70.21,69.09,69.88,42480
2018-01-25,69.88,70.91,69.52,70.72,44936
2018-01-26,70.72,71.25,69.95,70.1,19960
2018-01-27,70.1,70.8,70.02,70.47,12090
2018-01-30,70.47,70.52,69.04,69.385,9543
2018-01-31,69.385,69.385,68.385,68.49,32918
2018-02-01,68.49,68.965,67.815,68.865,21220
2018-02-02,68.865,69.93,68.79,69.69,5450
2018-02-03,69.69,69.995,67.945,68.25,23848
2018-02-06,68.25,68.425,66.975,66.975,31395
2018-02-07,66.975,67.565,66.515,67.245,11405
2018-02-08,67.245,67.695,65.135,65.425,36707
2018-02-09,65.425,65.575,64.085,64.225,15180
2018-02-10,64.225,64.615,61.745,62.73,13202
2018-02-13,62.73,64.375,62.545,62.675,10006
2018-02-14,62.675,63.065,61.735,62.54,10463
2018-02-15,62.54,64.535,61.935,64.375,14817
2018-02-16,64.375,65.115,63.095,64.465,10941
2018-02-17,64.465,65.185,64.165,64.91,31310
2018-02-20,64.91,65.865,64.91,65.515,13721
2018-02-21,65.515,65.785,64.755,65.025,33151
2018-02-22,65.025,65.505,64.385,65.085,32901
2018-02-23,65.085,66.535,64.595,66.225,37035
2018-02-24,66.225,67.345,65.775,67.285,28042
2018-02-27,67.285,67.865,66.705,67.515,29412
2018-02-28,67.515,67.595,66.285,66.45,35669
2018-03-01,66.45,66.765,64.485,64.625,34855
2018-03-02,64.625,64.995,63.165,64.175,52985
2018-03-03,64.175,64.58,63.175,64.555,35615
2018-03-06,64.555,65.845,64.075,65.555,33144
2018-03-07,65.555,66.125,65.285,65.565,37206
2018-03-08,65.565,65.755,63.815,64.515,35529
2018-03-09,64.515,64.545,63.405,63.84,70558
2018-03-10,63.84,65.6,63.665,65.525,65179
2018-03-12,65.525,65.81,64.16,64.945,53196
2018-03-13,64.945,65.635,64.025,64.685,50140
2018-03-14,64.685,65.185,64.035,64.815,54194
2018-03-15,64.815,65.35,64.58,65.025,58644
2018-03-16,65.025,66.395,64.855,66.06,46489
2018-03-19,66.06,66.36,65.37,66.11,6700
2018-03-20,66.11,67.84,66.11,67.54,6155
2018-03-21,67.54,69.82,67.45,69.73,7793
2018-03-22,69.73,69.73,68.55,68.84,7891
2018-03-23,68.84,70.54,68.84,70.44,12940
2018-03-26,70.44,70.95,69.65,70.02,10313
2018-03-27,70.02,71,69.43,69.54,12370
2018-03-28,69.54,70.22,68.74,69.83,19619
2018-03-29,69.83,69.84,68.205,69.395,6397
2018-04-02,69.395,70.005,67.485,67.485,7349
2018-04-03,67.485,68.395,67.485,68.125,6285
2018-04-04,68.125,68.255,66.675,68.205,9103
2018-04-05,68.205,68.895,67.705,68.515,5936
2018-04-06,68.515,68.585,66.845,67.015,8093
2018-04-09,67.015,68.765,67.015,68.535,5160
2018-04-10,68.535,71.305,68.445,71.005,7573
2018-04-11,71.005,73.065,70.545,71.875,12280
2018-04-12,71.875,72.455,71.085,72.095,9852
2018-04-13,72.095,72.825,71.585,72.515,8824
2018-04-16,72.515,72.515,71.105,71.485,6705
2018-04-17,71.485,71.855,70.815,71.645,6879
2018-04-18,71.645,73.885,71.635,73.785,7872
2018-04-19,73.785,74.705,73.445,73.575,9764
2018-04-20,73.575,74.165,72.815,73.685,9815
2018-04-23,73.685,75.075,73.115,74.965,7857
2018-04-24,74.965,75.435,73.665,73.855,10485
2018-04-25,73.855,74.165,73.145,73.985,11527
2018-04-26,73.985,74.935,73.985,74.735,9552
2018-04-27,74.735,74.995,74.335,74.42,11333
2018-04-30,74.42,75.585,72.785,74.705,8117
2018-05-01,74.705,74.945,72.725,73.285,7489
2018-05-02,73.285,73.595,72.365,73.055,9118
2018-05-03,73.055,74.055,72.455,73.695,7018
2018-05-04,73.695,75.045,73.215,74.965,6417
2018-05-07,74.965,76.305,74.805,75.515,32518
2018-05-08,75.515,76.145,73.085,75.94,60524
2018-05-09,75.94,77.395,75.94,77.315,42115
2018-05-10,77.315,77.955,76.49,77.415,33203
2018-05-11,77.415,77.56,76.92,76.995,31081
2018-05-14,76.995,78.495,76.525,78.435,29132
2018-05-15,78.435,79.425,77.875,77.995,41838
2018-05-16,77.995,79.295,77.595,79.255,36642
2018-05-17,79.255,80.465,79.09,79.465,36790
2018-05-18,79.465,79.835,78.3,78.635,32105
2018-05-21,78.635,79.565,78.08,79.495,28301
2018-05-22,79.495,80.455,79.135,79.45,31862
2018-05-23,79.45,79.815,78.195,79.675,35169
2018-05-24,79.675,79.755,78.54,78.745,27668
2018-05-25,78.745,78.845,75.98,76.215,36803
2018-05-28,76.215,76.215,74.45,75.27,28584
2018-05-29,75.27,76.165,74.525,75.375,43206
2018-05-30,75.375,77.705,74.785,77.38,44336
2018-05-31,77.38,79.155,76.945,77.725,48371
2018-06-01,77.725,77.925,76.33,76.585,37629
2018-06-04,76.585,76.925,75.18,75.385,35840
2018-06-05,75.385,75.705,73.79,75.045,35926
2018-06-06,75.045,76.225,74.445,75.715,41243
2018-06-07,75.715,77.355,75.405,77.285,34838
2018-06-08,77.285,77.585,76.105,76.4,36657
2018-06-11,76.4,76.805,75.51,76.345,29302
2018-06-12,76.345,77.045,75.44,75.44,27676
2018-06-13,75.44,76.845,75.24,76.455,30208
2018-06-14,76.455,76.885,75.74,75.93,28015
2018-06-15,75.93,76.035,73.045,73.1,30481
2018-06-18,73.1,75.445,72.435,75.305,39569
2018-06-19,75.305,75.515,74.435,74.955,38406
2018-06-20,74.955,75.835,74.08,74.175,52121
2018-06-21,74.175,74.665,72.91,73.035,48268
2018-06-22,73.035,75.765,73.035,75.615,57953
2018-06-25,75.615,75.615,73.705,74.835,47363
2018-06-26,74.835,76.675,74.105,76.515,50741
2018-06-27,76.515,78.125,76.25,77.345,48561
2018-06-28,77.345,78.375,77.075,77.65,60649
2018-06-29,77.65,79.525,77.145,79.155,43596
2018-07-02,79.155,79.155,77.14,77.36,52536
2018-07-03,77.36,78.52,76.655,77.765,54713
2018-07-04,77.765,78.245,77.585,78.1,25847
2018-07-05,78.1,78.465,77.285,77.55,54489
2018-07-06,77.55,77.645,76.345,77.095,53184
2018-07-09,77.095,78.285,77.02,78.16,34931
2018-07-10,78.16,79.48,78.12,78.96,40893
2018-07-11,78.96,78.96,73.02,74.105,58841
2018-07-12,74.105,75.075,72.65,74.385,51337
2018-07-13,74.385,75.89,73.205,74.815,40260
2018-07-16,74.815,75.335,71.5,71.92,44866
2018-07-17,71.92,72.745,71.34,71.595,44259
2018-07-18,71.595,73.245,71.175,72.985,38872
2018-07-19,72.985,73.755,71.805,72.525,46369
2018-07-20,72.525,73.435,72.25,73,40880
2018-07-23,73,74.475,72.5,72.925,40998
2018-07-24,72.925,73.965,72.66,73.6,36877
2018-07-25,73.6,74.265,73.045,73.985,38232
2018-07-26,73.985,74.795,73.75,74.305,36942
2018-07-27,74.305,74.825,73.79,74.205,32267
2018-07-30,74.205,75.245,74.105,74.86,34065
2018-07-31,74.86,75.585,73.83,74.035,30154
2018-08-01,74.035,74.065,72.115,72.505,37376
2018-08-02,72.505,73.705,71.81,73.345,33907
2018-08-03,73.345,73.705,72.46,73.26,33615
2018-08-06,73.26,74.435,73.135,73.625,30524
2018-08-07,73.625,74.865,73.545,74.475,29731
2018-08-08,74.475,74.835,71.64,72.19,38403
2018-08-09,72.19,72.865,71.84,71.935,31489
2018-08-10,71.935,73.115,71.38,72.935,34415
2018-08-13,72.935,73.065,71.01,72.765,36365
2018-08-14,72.765,73.895,72.14,72.155,37557
2018-08-15,72.155,72.415,70.28,70.715,40172
2018-08-16,70.715,71.475,70.38,71.335,35149
2018-08-17,71.335,72.455,71.215,71.785,27891
2018-08-20,71.785,72.725,71.4,72.17,31899
2018-08-21,72.17,72.915,72.035,72.745,25280
2018-08-22,72.745,74.965,72.665,74.855,30213
2018-08-23,74.855,74.855,74.19,74.725,25352
2018-08-24,74.725,76.385,74.655,75.655,32185
2018-08-27,75.655,76.315,75.36,76.285,23436
2018-08-28,76.285,76.935,75.705,75.855,29009
2018-08-29,75.855,77.395,75.645,77.305,72773
2018-08-30,77.305,78.005,77.155,77.48,72005
2018-08-31,77.48,78.195,77.22,77.665,80777
2018-09-03,77.665,78.415,77.285,77.975,18403
2018-09-04,77.975,79.695,77.435,77.76,76491
2018-09-05,77.76,78.075,76.89,77.045,99066
2018-09-06,77.045,77.735,75.62,76.565,103104
2018-09-07,76.565,77.065,75.86,77.055,102088
2018-09-10,77.055,77.885,76.885,77.335,94502
2018-09-11,77.335,79.515,77.32,79.4,98724
2018-09-12,79.4,80.09,78.73,79.685,121661
2018-09-13,79.685,79.685,77.84,78.355,108068
2018-09-14,78.355,78.905,77.35,78.1,107749
2018-09-17,78.1,78.87,77.7,77.875,135835
2018-09-18,77.875,79.695,77.47,78.83,147116
2018-09-19,78.83,79.465,78.49,79.33,125559
2018-09-20,79.33,79.795,78.49,78.58,132031
2018-09-21,78.58,80.1,78.2,78.75,155344
2018-09-24,78.75,81.45,78.75,81.39,134435
2018-09-25,81.39,82.52,81.145,81.535,124062
2018-09-26,81.535,82.19,81.08,81.645,106718
2018-09-27,81.645,82.405,81.3,81.605,97550
2018-09-28,81.605,83.375,81.275,82.93,101614
2018-10-01,82.93,85.425,82.53,84.915,129811
2018-10-02,84.915,85.35,84.29,84.67,108512
2018-10-03,84.67,86.715,83.99,85.94,136184
2018-10-04,85.94,86.395,84.13,84.83,138591
2018-10-05,84.83,85.095,83.9,84.01,148415
2018-10-08,84.01,84.01,82.64,83.775,129444
2018-10-09,83.775,85.415,83.71,84.815,146661
2018-10-10,84.815,85.14,82.26,82.425,156429
2018-10-11,82.425,82.6,79.78,80.305,211338
2018-10-12,80.305,81.445,79.2,80.505,180815
2018-10-15,80.505,81.84,79.82,80.78,157843
2018-10-16,80.78,81.73,79.78,81.585,150869
2018-10-17,81.585,81.83,79.15,80.315,168357
2018-10-18,80.315,80.315,78.67,79.285,164887
2018-10-19,79.285,80.86,79.19,79.885,130896
2018-10-22,79.885,80.38,78.97,80.05,119947
2018-10-23,80.05,80.095,75.86,76.135,167444
2018-10-24,76.135,77.54,75.09,75.645,183055
2018-10-25,75.645,77.04,75.33,76.55,144927
2018-10-26,76.55,77.89,75.745,77.745,133565
2018-10-29,77.745,78,76.53,76.815,116578
2018-10-30,76.815,77.29,75.08,76.225,128421
2018-10-31,76.225,77.095,74.565,74.59,37293
2018-11-01,74.59,74.935,72.545,72.73,43590
2018-11-02,72.73,73.465,72.155,72.555,41613
2018-11-06,72.555,74.1,72.23,72.625,103244
2018-11-07,72.625,73.26,71.16,71.645,160117
2018-11-08,71.645,73.53,71.335,71.965,235811
2018-11-09,71.965,73.05,70.55,70.905,166051
2018-11-10,70.905,70.95,69.11,69.605,205840
2018-11-13,69.605,71.85,68.85,69.045,243295
2018-11-14,69.045,69.65,64.625,65.2,217305
2018-11-15,65.2,67.605,65,65.83,262670
2018-11-16,65.83,67.37,65.74,66.655,203198
2018-11-17,66.655,68.345,66.07,66.915,183803
2018-11-20,66.915,67.615,65.245,66.905,228487
2018-11-21,66.905,66.905,61.69,62.355,314106
2018-11-22,62.355,64.46,62.355,63.47,274707
2018-11-23,63.47,63.785,62.245,62.485,121978
2018-11-24,62.485,62.77,58.415,59.155,238766
2018-11-27,59.155,61.105,58.94,60.52,168594
2018-11-28,60.52,61.38,58.89,60.82,185234
2018-11-29,60.82,61.235,58.535,58.69,186652
2018-11-30,58.69,60.33,57.47,59.22,181914
2018-12-01,59.22,60.385,58.025,59.06,182468
2018-12-04,59.06,62.575,59.06,61.805,184237
2018-12-05,61.805,63.555,61.235,61.36,182908
2018-12-06,61.36,63.255,60.775,61.58,155445
2018-12-07,61.58,61.945,58.385,60.225,276641
2018-12-08,60.225,63.67,59.08,61.33,275146
2018-12-11,61.33,62.315,59.59,59.86,185974
2018-12-12,59.86,61.07,59.565,60.485,156587
2018-12-13,60.485,61.395,59.96,60.2,140131
2018-12-14,60.2,61.99,59.3,61.635,174377
2018-12-15,61.635,61.635,59.89,60.26,157898
2018-12-18,60.26,61.18,58.645,58.71,164058
2018-12-19,58.71,59.205,55.87,55.995,220368
2018-12-20,55.995,58.08,55.995,56.465,213206
2018-12-21,56.465,56.725,54.255,54.71,247397
2018-12-22,54.71,55.295,52.77,53.505,192682
2018-12-25,53.505,54.61,50.37,50.43,120971
2018-12-27,50.43,55.255,50.05,54.915,166422
2018-12-28,54.915,54.995,51.92,52.95,167190
2018-12-29,52.95,54.39,51.985,52.98,172320
2019-01-01,52.98,54.795,52.63,53.535,81849
2019-01-03,53.535,56.53,52.485,54.76,165544
2019-01-04,54.76,56.275,53.905,55.56,187185
2019-01-05,55.56,58.275,55.33,57.37,196034
2019-01-08,57.37,58.9,57.25,57.59,174967
2019-01-09,57.59,58.84,57.11,58.64,160555
2019-01-10,58.64,61.66,58.64,61.26,184483
2019-01-11,61.26,61.88,60.41,61.205,174010
2019-01-12,61.205,62.455,60.055,60.45,175378
2019-01-15,60.45,60.76,58.885,59.235,189665
2019-01-16,59.235,60.83,59.09,60.495,172452
2019-01-17,60.495,61.415,60.01,61.28,187445
2019-01-18,61.28,61.515,60.005,61.155,182893
2019-01-19,61.155,62.98,61.155,62.665,176412
2019-01-22,62.665,63.115,62.23,62.795,100304
2019-01-23,62.795,62.795,60.55,61.48,163773
2019-01-24,61.48,62.305,60.19,60.905,178927
2019-01-25,60.905,61.485,60.375,61.1,174031
2019-01-26,61.1,61.9,60.685,61.485,151578
2019-01-29,61.485,61.675,59.465,59.96,145330
2019-01-30,59.96,61.76,59.725,61.205,143505
2019-01-31,61.205,62.64,61.02,61.655,139204
2019-02-01,61.655,62.44,60.6,61.105,161773
2019-02-02,61.105,62.94,60.43,62.82,162374
2019-02-05,62.82,63.61,61.25,62.715,154566
2019-02-06,62.715,62.995,61.695,61.99,146841
2019-02-07,61.99,62.775,61.025,62.565,133104
2019-02-08,62.565,62.875,60.575,61.61,146721
2019-02-09,61.61,62.335,61.02,62.06,142449
2019-02-12,62.06,62.315,60.875,61.535,142307
2019-02-13,61.535,63.31,61.535,62.555,143439
2019-02-14,62.555,63.95,62.555,63.63,140213
2019-02-15,63.63,64.785,63.255,64.585,157331
2019-02-16,64.585,66.365,64.395,66.245,142116
2019-02-19,66.245,66.805,65.87,66.43,97289
2019-02-20,66.43,66.625,65.555,66.41,127829
2019-02-21,66.41,67.355,65.61,67.1,141630
2019-02-22,67.1,67.28,66.675,66.925,135240
2019-02-23,66.925,67.7,66.835,66.965,108961
2019-02-26,66.965,67.45,64.51,64.735,149698
2019-02-27,64.735,65.7,64.29,65.63,112833
2019-02-28,65.63,66.675,65.245,66.285,97456
2019-03-01,66.285,66.755,65.875,66.375,109378
2019-03-02,66.375,67.11,64.555,64.84,138156
2019-03-05,64.84,66.32,64.84,65.59,120416
2019-03-06,65.59,66.2,65.015,65.6,116346
2019-03-07,65.6,66.15,65.19,65.875,132043
2019-03-08,65.875,66.975,65.725,65.985,125530
2019-03-09,65.985,66.075,63.99,65.645,142972
2019-03-11,65.645,66.725,65.625,66.555,119689
2019-03-12,66.555,67.375,66.315,66.805,117627
2019-03-13,66.805,67.73,66.675,67.645,107446
2019-03-14,67.645,68.115,67.01,67.155,113114
2019-03-15,67.155,67.685,66.11,66.985,123054
2019-03-18,66.985,67.665,66.67,67.415,104202
2019-03-19,67.415,68.175,67.11,67.66,101640
2019-03-20,67.66,68.545,67.17,68.215,113241
2019-03-21,68.215,68.67,67.57,67.66,121017
2019-03-22,67.66,67.95,66.175,66.885,141052
2019-03-25,66.885,67.625,66.33,67.22,135486
2019-03-26,67.22,68.19,67.22,67.985,114349
2019-03-27,67.985,68.33,67.17,67.795,106665
2019-03-28,67.795,67.975,66.51,67.96,98777
2019-03-29,67.96,68.275,67.13,67.575,102884
2019-04-01,67.575,69.185,67.575,69.165,101582
2019-04-02,69.165,69.5,68.67,69.43,103816
2019-04-03,69.43,69.935,68.775,69.44,108253
2019-04-04,69.44,69.995,68.85,69.235,104865
2019-04-05,69.235,70.45,68.89,70.375,92013
2019-04-08,70.375,71.17,70.375,71.05,98131
2019-04-09,71.05,71.325,70.27,70.745,95570
2019-04-10,70.745,71.76,70.55,71.565,102656
2019-04-11,71.565,71.665,70.55,70.935,100009
2019-04-12,70.935,71.85,70.885,71.485,86268
2019-04-15,71.485,71.55,70.755,71.23,84828
2019-04-16,71.23,71.915,70.715,71.84,89316
2019-04-17,71.84,72.245,71.415,71.585,88355
2019-04-18,71.585,72.015,71.17,71.93,82674
2019-04-22,71.93,74.495,71.93,74.095,117858
2019-04-23,74.095,74.705,73.955,74.385,95763
2019-04-24,74.385,74.7,73.99,74.505,86932
2019-04-25,74.505,75.575,73.975,74.275,94262
2019-04-26,74.275,74.39,71.275,71.57,118371
2019-04-29,71.57,72.48,71.05,71.985,81656
2019-04-30,71.985,72.755,71.155,71.63,105254
2019-05-01,71.63,72.345,71.275,72.105,105476
2019-05-02,72.105,72.205,69.66,70.335,131876
2019-05-03,70.335,71.515,69.925,70.82,102359
2019-05-06,70.82,71.775,68.82,71.365,141106
2019-05-07,71.365,71.365,69.355,69.76,159207
2019-05-08,69.76,70.675,69.305,70.22,147147
2019-05-09,70.22,70.62,69.375,70.205,148693
2019-05-10,70.205,71.205,70.15,70.71,170944
2019-05-13,70.71,72.555,69.695,69.9,178009
2019-05-14,69.9,71.615,69.895,70.855,155810
2019-05-15,70.855,72.225,70.39,71.885,143759
2019-05-16,71.885,73.33,71.795,72.765,139184
2019-05-17,72.765,73.215,71.77,72.035,154675
2019-05-20,72.035,73.385,71.575,72.03,153790
2019-05-21,72.03,72.495,71.595,72.01,123803
2019-05-22,72.01,72.015,70.395,70.8,131999
2019-05-23,70.8,70.945,66.99,67.92,184868
2019-05-24,67.92,69.275,67.3,69.26,148611
2019-05-27,69.26,70.195,68.51,69.98,79162
2019-05-28,69.98,70.565,69.55,70.09,168321
2019-05-29,70.09,70.09,68.05,69.655,170068
2019-05-30,69.655,69.93,66.295,66.42,138297
2019-05-31,66.42,66.42,61.37,61.68,221059
2019-06-03,61.68,62.815,60.61,60.785,218148
2019-06-04,60.785,62.085,60.19,61.445,200597
2019-06-05,61.445,62.25,59.415,60.54,196076
2019-06-06,60.54,62.4,60.195,62.215,173908
2019-06-07,62.215,63.565,61.75,63.345,175386
2019-06-10,63.345,63.81,62.03,62.355,164239
2019-06-11,62.355,62.855,61.99,62.06,151455
2019-06-12,62.06,62.12,59.545,59.82,166179
2019-06-13,59.82,62.625,59.765,61.275,230277
2019-06-14,61.275,62.55,60.715,62.035,167835
2019-06-17,62.035,62.35,60.71,60.965,134163
2019-06-18,60.965,62.805,60.23,62.225,174716
2019-06-19,62.225,62.525,61.375,62.195,163958
2019-06-20,62.195,64.79,62.195,64.51,194396
2019-06-21,64.51,65.74,63.975,65.32,191518
2019-06-24,65.32,65.77,64.05,64.755,154199
2019-06-25,64.755,65.92,64.15,65.795,191803
2019-06-26,65.795,66.83,65.58,66.21,136511
2019-06-27,66.21,66.79,65.595,66.35,99532
2019-06-28,66.35,66.35,63.995,64.37,133119
2019-07-01,64.37,66.72,64.205,65.185,190562
2019-07-02,65.185,65.49,62.205,62.58,186298
2019-07-03,62.58,63.97,62.055,63.865,148990
2019-07-04,63.865,64.045,62.93,63.13,77852
2019-07-05,63.13,64.495,62.89,64.445,126520
2019-07-08,64.445,65.11,63.765,63.905,101351
2019-07-09,63.905,64.725,63.73,64.48,96207
2019-07-10,64.48,67.1,64.48,66.565,126773
2019-07-11,66.565,67.625,66.41,66.695,132987
2019-07-12,66.695,67.255,66.505,66.84,109955
2019-07-15,66.84,67.45,66.09,66.16,122653
2019-07-16,66.16,67.065,63.805,64.28,156373
2019-07-17,64.28,65.265,63.2,63.51,134605
2019-07-18,63.51,64.43,61.26,62.435,162754
2019-07-19,62.435,63.35,61.825,62.815,165499
2019-07-22,62.815,64.01,62.745,63.32,139014
2019-07-23,63.32,64.425,62.635,64.185,120845
2019-07-24,64.185,64.64,62.56,63.125,148003
2019-07-25,63.125,64.205,62.99,63.08,130222
2019-07-26,63.08,63.925,62.99,63.295,115023
2019-07-29,63.295,63.88,62.9,63.825,93628
2019-07-30,63.825,65.115,63.825,64.93,82419
2019-07-31,64.93,65.41,64.155,64.23,123875
2019-08-01,64.23,64.51,59.995,61.055,190434
2019-08-02,61.055,62.915,60.955,61.265,188622
2019-08-05,61.265,61.545,59.635,60.03,203916
2019-08-06,60.03,60.53,58.555,58.68,142213
2019-08-07,58.68,59.17,55.855,57.34,212713
2019-08-08,57.34,57.99,56.75,57.715,136367
2019-08-09,57.715,59.07,57.085,58.255,126290
2019-08-12,58.255,58.86,57.855,58.42,113234
2019-08-13,58.42,61.48,57.975,60.895,164250
2019-08-14,60.895,61.06,58.205,59.04,190929
2019-08-15,59.04,59.4,57.65,58.34,199908
2019-08-16,58.34,59.475,58.255,58.53,129949
2019-08-19,58.53,59.9,58.53,59.75,116078
2019-08-20,59.75,60.29,58.915,60.065,130635
2019-08-21,60.065,61.4,60.03,60.345,129323
2019-08-22,60.345,60.87,59.45,59.99,123994
2019-08-23,59.99,60.28,58.285,59.065,203245
2019-08-26,59.065,60.145,58.33,58.795,180554
2019-08-27,58.795,60.135,58.49,60.12,139527
2019-08-28,60.12,60.96,59.775,60.43,127360
2019-08-29,60.43,61.17,59.97,60.94,106044
2019-08-30,60.94,60.945,58.455,58.88,129555
2019-09-02,58.88,59.24,58.08,58.595,73324
2019-09-03,58.595,58.85,57.21,58.18,141179
2019-09-04,58.18,60.94,58.09,60.445,119654
2019-09-05,60.445,62.365,60.23,60.735,144674
2019-09-06,60.735,61.86,59.38,61.575,140735
2019-09-09,61.575,62.98,61.55,62.67,116955
2019-09-10,62.67,63.735,62.15,62.75,140163
2019-09-11,62.75,63.24,60.495,61.03,154981
2019-09-12,61.03,61.385,58.89,60.365,169276
2019-09-13,60.365,60.78,59.575,60.145,120540
2019-09-16,60.145,69.64,60.145,68.035,337998
2019-09-17,68.035,69.23,63.52,63.99,316873
2019-09-18,63.99,64.98,63.05,63.625,190289
2019-09-19,63.625,65.55,63.43,64.74,166082
2019-09-20,64.74,65.26,64.03,64.64,139023
2019-09-23,64.64,65.16,63.51,64.445,125495
2019-09-24,64.445,64.58,62.35,62.365,133693
2019-09-25,62.365,62.79,61.21,62.525,126706
2019-09-26,62.525,62.89,61.43,62.59,106061
2019-09-27,62.59,62.725,60.725,61.835,134841
2019-09-30,61.835,61.835,59.17,59.33,114262
2019-10-01,59.33,60.065,58.37,59.185,124587
2019-10-02,59.185,59.475,57.19,57.43,130563
2019-10-03,57.43,57.96,56.125,57.615,138989
2019-10-04,57.615,58.935,57.61,58.445,134637
2019-10-07,58.445,59.66,58.01,58.36,111894
2019-10-08,58.36,58.9,57.35,58.135,161235
2019-10-09,58.135,59.315,57.87,58.24,142339
2019-10-10,58.24,59.53,57.75,59.45,147472
2019-10-11,59.45,60.66,59.19,60.58,160129
2019-10-14,60.58,60.6,58.49,59.18,128130
2019-10-15,59.18,59.67,57.97,58.82,136815
2019-10-16,58.82,59.73,58.33,59.03,134350
2019-10-17,59.03,60.01,58.66,59.875,123002
2019-10-18,59.875,60.26,58.99,59.25,107937
2019-10-21,59.25,59.52,58.23,59.04,96632
2019-10-22,59.04,60.24,58.73,59.58,103053
2019-10-23,59.58,61.27,58.815,61.015,110905
2019-10-24,61.015,61.875,60.61,61.455,104726
2019-10-25,61.455,62.085,60.895,61.95,96202
2019-10-28,61.95,62.32,61.155,61.53,78369
2019-10-29,61.53,61.95,60.63,61.53,76030
2019-10-30,61.53,61.91,60.41,60.505,92808
2019-10-31,60.505,60.78,59.19,59.445,110838
2019-11-01,59.445,61.79,59.37,61.525,98863
2019-11-05,61.525,62.76,61.25,62.075,104347
2019-11-06,62.075,63.17,61.855,62.91,90937
2019-11-07,62.91,63.28,61.57,61.745,111024
2019-11-08,61.745,62.87,61.63,62.275,111231
2019-11-09,62.275,62.68,60.645,62.58,117745
2019-11-12,62.58,62.74,61.55,62.225,99377
2019-11-13,62.225,62.84,61.79,61.99,110033
2019-11-14,61.99,62.7,61.19,62.53,118022
2019-11-15,62.53,63.19,62.13,62.32,113850
2019-11-16,62.32,63.625,61.67,63.335,96952
2019-11-19,63.335,63.55,61.91,62.215,97803
2019-11-20,62.215,62.55,60.675,60.71,101255
2019-11-21,60.71,62.78,60.27,62.405,135918
2019-11-22,62.405,64.01,61.91,63.625,132495
2019-11-23,63.625,64.25,62.968,63.483,115164
2019-11-26,63.483,63.78,62.953,63.573,80000
2019-11-27,63.573,64.3,63.433,64.147,77272
2019-11-28,64.147,64.578,63.493,64.128,66932
2019-11-29,64.128,64.128,63.173,63.903,33917
2019-11-30,63.903,63.903,60.34,60.73,72550
2019-12-03,60.73,62.073,60.73,60.938,97692
2019-12-04,60.938,61.568,60.29,60.97,91914
2019-12-05,60.97,63.488,60.97,62.988,99358
2019-12-06,62.988,63.888,62.728,63.268,111339
2019-12-07,63.268,64.858,62.818,64.317,107242
2019-12-10,64.317,64.478,63.598,64.052,75021
2019-12-11,64.052,64.677,63.768,64.16,86490
2019-12-12,64.16,64.238,62.998,63.833,77906
2019-12-13,63.833,64.828,63.833,64.293,174364
2019-12-14,64.293,65.768,64.293,64.918,104514
2019-12-17,64.918,65.6375,64.918,65.3325,55765
2019-12-18,65.3325,66.2275,65.0975,65.8175,54009
2019-12-19,65.8175,66.4075,65.5475,66.1125,64322
2019-12-20,66.1125,66.7675,66.0175,66.5325,55654
2019-12-21,66.5325,66.6975,65.7275,66,70680
2019-12-24,66.018,66.5975,65.7975,66.5075,52592
2019-12-25,66.5075,67.2375,66.33,67.1925,39152
2019-12-27,67.1925,67.9275,67.1925,67.8975,42623
2019-12-28,67.8975,68.2975,67.5575,68.1425,51929
2019-12-31,68.123,68.123,66.0575,66.6325,59361
2020-01-01,66.6325,66.9125,65.6225,66.2875,71016
2020-01-03,66.2425,69.4775,66.17,68.5875,148832
2020-01-04,66.2425,69.4775,66.17,68.5875,148832
2020-01-06,68.633,70.728,68.2025,68.4025,120011
2020-01-07,68.4025,68.7275,67.6375,68.29,97729
2020-01-08,68.29,71.3125,64.9275,65.8175,186894
2020-01-09,65.8175,66.0825,64.5375,65.3925,108984
2020-01-10,65.3925,65.6375,64.8475,65.0775,90906
2020-01-11,65.3925,65.6375,64.8475,65.0775,90906
2020-01-13,65.098,65.2475,63.91,64.2075,75936
2020-01-14,64.2075,65.0375,63.9025,64.4175,82435
2020-01-15,64.4175,64.59,63.5425,64.3075,74221
2020-01-16,64.3075,64.94,63.9,64.7075,73272
2020-01-17,64.7075,65.13,64.47,64.97,69622
2020-01-18,64.7075,65.13,64.47,64.97,69622
2020-01-20,65.058,65.7,64.91,65.115,39490
2020-01-21,65.115,65.33,64.0475,64.4725,74773
2020-01-22,64.4725,64.55,62.6075,62.6275,77871
2020-01-23,62.6275,62.67,61.2375,62.1225,97489
2020-01-24,62.1225,62.4475,60.2375,60.7975,89016
2020-01-25,62.1225,62.4475,60.2375,60.7975,89016
2020-01-27,60.708,60.708,58.4875,58.9375,125312
2020-01-28,58.9375,60.0975,58.4875,60.0075,108839
2020-01-29,60.0075,60.6025,59.2325,59.5525,106103
2020-01-30,59.5525,59.6425,57.7075,59.1525,114288
2020-01-31,59.1525,59.1525,55.91,56.5825,133012
2020-02-01,59.1525,59.1525,55.91,56.5825,133012
2020-02-03,56.618,56.75,54.06,54.1175,165666
2020-02-04,54.1175,55.63,53.6775,53.78,145614
2020-02-05,53.78,56.4475,53.78,55.6375,157632
2020-02-06,55.6375,56.5675,54.2375,55.1525,135018
2020-02-07,55.1525,55.3875,54.1975,54.5025,114756
2020-02-08,55.1525,55.3875,54.1975,54.5025,114756
2020-02-10,54.503,54.6975,53.0875,53.3925,111911
2020-02-11,53.3925,54.6575,53.3925,54.1625,98515
2020-02-12,54.1625,56.2875,54.1625,56.2725,108923
2020-02-13,56.2725,56.8175,54.9475,56.4125,115748
2020-02-14,56.4125,57.5175,56.1375,57.2175,98711
2020-02-15,56.4125,57.5175,56.1375,57.2175,98711
2020-02-17,57.333,57.6775,56.8125,57.5575,43267
2020-02-18,57.5575,57.8075,56.2875,57.6775,87448
2020-02-19,57.6775,59.38,57.4875,59.3175,86438
2020-02-20,59.3175,59.98,58.89,59.0375,101967
2020-02-21,59.0375,59.23,57.71,58.3525,114570
2020-02-22,59.0375,59.23,57.71,58.3525,114570
2020-02-24,58.353,58.353,55.12,56.1525,136463
2020-02-25,56.1525,56.9625,54.6125,54.9925,156790
2020-02-26,54.9925,55.4225,53.0175,53.3425,212295
2020-02-27,53.3425,53.3425,50.9625,51.39,222213
2020-02-28,51.39,51.42,48.9225,50.0925,308873
2020-02-29,51.39,51.42,48.9225,50.0925,308873
2020-03-02,50.058,52.7725,49.55,52.7675,281240
2020-03-03,52.7675,53.8575,51.2025,51.8275,282600
2020-03-04,51.828,53.02,51.028,51.588,196280
2020-03-05,51.588,52.008,49.683,50.013,189436
2020-03-06,50.013,50.428,45.168,45.463,289551
2020-03-07,50.013,50.428,45.168,45.463,289551
2020-03-09,45.463,45.463,31.258,33.433,445175
2020-03-10,33.433,38.198,33.433,37.928,304772
2020-03-11,37.928,39.678,35.338,36.038,281450
2020-03-12,36.038,36.453,32.487,32.643,316794
2020-03-13,32.643,36.103,32.485,35.068,299904
2020-03-16,35.068,35.068,29.448,29.593,225304
2020-03-17,29.593,31.228,28.488,28.643,239813
2020-03-18,28.643,29.183,24.513,26.463,234304
2020-03-19,26.463,29.383,24.938,28.19,308315
2020-03-20,28.19,30.913,26.795,27.213,307452
2020-03-23,27.213,27.508,25.108,27.463,247081
2020-03-24,27.463,28.628,26.678,27.6,182021
2020-03-25,27.6,28.268,25.753,27.428,192974
2020-03-26,27.428,27.723,26.023,26.813,162504
2020-03-27,26.813,26.983,24.143,24.923,139525
2020-03-30,24.923,24.923,21.64,22.65,148240
2020-03-31,22.65,27.89,22.63,25.743,168252
2020-04-01,25.743,26.258,24.543,25.653,126710
2020-04-02,25.653,36.11,25.448,29.553,241063
2020-04-03,29.553,34.973,28.243,34.948,326387
2020-04-06,34.948,34.948,31.738,33.273,215249
2020-04-07,33.273,34.153,31.728,32.423,209791
2020-04-08,32.423,33.818,31.528,33.653,202148
2020-04-09,33.653,36.373,31.213,31.77,326327
2020-04-10,31.77,31.77,31.77,31.77,2
2020-04-13,31.77,33.178,30.613,31.84,174158
2020-04-14,31.84,32.307,29.373,30.04,144741
2020-04-15,30.04,30.308,27.153,27.968,152871
2020-04-16,27.968,28.99,27.17,28.25,140049
2020-04-17,28.25,28.89,27.55,28.405,166959
2020-04-20,28.405,28.405,25.33,25.88,229600
2020-04-21,25.88,26.465,17.46,19.61,510866
2020-04-22,19.61,22.365,15.905,20.76,190637
2020-04-23,20.76,23.175,20.04,21.715,111515
2020-04-24,21.715,22.635,20.465,21.855,80542
2020-04-27,21.855,21.87,19.098,19.989,344695
2020-04-28,19.989,21.264,18.708,20.81,377716
2020-04-29,20.81,23.86,20.44,22.355,310492
2020-04-30,22.355,26.974,22.355,26.65,466755
2020-05-01,26.65,27.861,25.747,26.522,371448
2020-05-04,26.522,28.055,25.489,27.87,348838
2020-05-05,27.87,31.701,27.743,31.56,388737
2020-05-06,31.56,32.2,28.652,29.83,484702
2020-05-07,29.83,31.824,29.061,29.34,465538
2020-05-08,29.34,31.122,29.34,30.96,356217
2020-05-11,30.96,31.438,29.33,29.932,312197
2020-05-12,29.932,30.669,29.42,29.44,281885
2020-05-13,29.44,30.526,28.846,29.367,311421
2020-05-14,29.367,31.471,28.852,31.373,330536
2020-05-15,31.373,32.873,30.922,32.859,326559
2020-05-18,32.859,35.703,32.859,35.515,340182
2020-05-19,35.515,35.732,34.181,34.489,357705
2020-05-20,34.489,36.38,34.34,35.783,311702
2020-05-21,35.783,36.964,35.734,36.043,309697
2020-05-22,36.043,36.222,33.526,35.337,378437
2020-05-25,35.337,35.949,34.468,35.47,121005
2020-05-26,35.47,36.663,35.24,36.092,280691
2020-05-27,36.092,36.159,33.962,34.17,305147
2020-05-28,34.17,35.945,33.59,35.27,370277
2020-05-29,35.27,38.135,34.79,37.565,85422
2020-06-01,37.565,38.667,37.156,38.53,318162
2020-06-02,38.53,39.725,38.252,39.59,257933
2020-06-03,39.59,40.51,38.751,39.38,361947
2020-06-04,39.38,40.079,39.021,39.945,272475
2020-06-05,39.945,42.459,39.704,41.903,309735
2020-06-08,41.903,43.285,40.664,40.77,321473
2020-06-09,40.77,41.42,39.831,40.64,332944
2020-06-10,40.64,41.97,40.109,41.2,328007
2020-06-11,41.2,41.2,37.801,38.31,438715
2020-06-12,38.31,39.415,36.98,38.945,111956
2020-06-15,38.945,39.869,37.227,39.776,476055
2020-06-16,39.776,41.633,38.932,40.7,470129
2020-06-17,40.7,41.436,40.02,40.505,375517
2020-06-18,40.505,41.611,40.037,41.465,320130
2020-06-19,41.465,42.901,41.004,41.952,356813
2020-06-22,41.952,43.16,41.805,42.98,93921
2020-06-23,42.98,43.915,42.185,42.34,131628
2020-06-24,42.34,42.865,39.605,40.33,169528
2020-06-25,40.33,41.615,39.455,41.445,153431
2020-06-26,41.445,41.775,40.275,40.69,118861
2020-06-29,40.69,41.93,40.01,41.61,89564
2020-06-30,41.61,41.955,40.97,41.675,126666
2020-07-01,41.675,42.595,41.005,41.94,147100
2020-07-02,41.94,43.215,41.705,42.745,106990
2020-07-03,42.745,42.975,42.295,42.72,47935
2020-07-06,42.72,43.68,42.72,43.04,59101
2020-07-07,43.04,43.425,42.445,42.86,77421
2020-07-08,42.86,43.445,42.73,43.265,66265
2020-07-09,43.265,43.475,41.915,42.35,89144
2020-07-10,42.35,43.395,41.295,43.26,90711
2020-07-13,43.26,43.315,42.165,42.255,64567
2020-07-14,42.255,43.19,41.785,42.99,80692
2020-07-15,42.99,43.825,42.685,43.635,71438
2020-07-16,43.635,43.775,43.115,43.27,47146
2020-07-17,43.27,43.425,42.615,43.075,42596
2020-07-20,43.075,43.42,42.345,43.19,51650
2020-07-21,43.19,44.865,43.14,43.96,66635
2020-07-22,43.96,44.385,43.605,44.275,66144
2020-07-23,44.275,44.755,43.115,43.31,84476
2020-07-24,43.31,43.88,42.775,43.255,94377
2020-07-27,43.255,43.755,42.375,43.495,79231
2020-07-28,43.495,43.815,42.99,43.285,65668
2020-07-29,43.285,43.925,43.175,43.765,48378
2020-07-30,43.765,43.825,41.365,43.275,80880
2020-07-31,43.275,43.775,42.905,43.645,79247
2020-08-03,43.645,44.435,42.865,43.865,64031
2020-08-04,43.865,44.795,43.225,44.33,68757
2020-08-05,44.33,46.215,44.215,45.19,83402
2020-08-06,45.19,45.685,44.835,45.1,79216
2020-08-07,45.1,45.285,44.255,44.64,72212
2020-08-10,44.64,45.245,44.565,44.92,50092
2020-08-11,44.92,45.765,44.375,44.58,71500
2020-08-12,44.58,45.605,44.465,45.305,63685
2020-08-13,45.305,45.555,44.805,45.055,50787
2020-08-14,45.055,45.215,44.455,44.945,49940
2020-08-17,44.945,45.386,44.507,45.275,143966
2020-08-18,45.275,45.523,44.74,44.983,103978
2020-08-19,44.983,45.458,44.799,45.186,102679
2020-08-20,45.186,45.186,44,44.872,127553
2020-08-21,44.872,45.063,43.578,44.283,132210
2020-08-24,44.283,45.159,44.261,44.996,116603
2020-08-25,44.996,46.03,44.996,45.952,124468
2020-08-26,45.952,46.07,45.53,45.669,123460
2020-08-27,45.669,45.859,44.536,45.12,175798
2020-08-28,45.12,45.878,45.12,45.853,109430
2020-08-31,45.853,46.503,45.194,45.59,148208
2020-09-01,45.59,46.2,45.455,45.78,158638
2020-09-02,45.78,46.023,44.183,44.355,215044
2020-09-03,44.355,44.559,43.145,43.983,237343
2020-09-04,43.983,44.521,42.29,42.313,97438
2020-09-07,42.313,42.411,41.647,41.96,137657
2020-09-08,41.96,42.204,39.297,39.843,120850
2020-09-09,39.843,41.175,39.346,40.56,97523
2020-09-10,40.56,40.945,39.713,39.761,84441
2020-09-11,39.761,40.32,39.359,39.722,75872
2020-09-14,39.722,40.065,39.289,39.593,55209
2020-09-15,39.593,40.792,39.369,40.617,34555
2020-09-16,40.617,42.418,40.57,42.288,41318
2020-09-17,42.288,43.475,41.488,43.283,46850
2020-09-18,43.283,43.774,42.516,42.984,39487
2020-09-21,42.984,43.279,40.949,41.698,48080
2020-09-22,41.698,42.17,41.189,41.67,41312
2020-09-23,41.67,42.598,41.189,41.455,52405
2020-09-24,41.455,41.992,41.248,41.761,52297
2020-09-25,41.761,42.3,41.505,41.836,42171
2020-09-28,41.836,42.596,41.468,42.437,37126
2020-09-29,42.437,42.535,40.397,40.8,48068
2020-09-30,40.8,42.463,40.8,41.985,47145
2020-10-01,41.985,42.533,39.902,40.755,51896
2020-10-02,40.755,40.755,38.773,39.136,62201
2020-10-05,39.136,41.762,39.136,41.442,45238
2020-10-06,41.442,42.812,41.206,41.88,45793
2020-10-07,41.88,42.402,41.341,42.138,42395
2020-10-08,42.138,43.438,41.84,43.408,33980
2020-10-09,43.408,43.542,42.59,42.823,30887
2020-10-12,42.823,42.823,41.347,41.723,32517
2020-10-13,41.723,42.661,41.647,42.422,34143
2020-10-14,42.422,43.41,42.117,43.36,29979
2020-10-15,43.36,43.454,41.549,43.107,42124
2020-10-16,43.107,43.194,42.25,42.782,34137
2020-10-19,42.782,43.21,42.339,42.461,30954
2020-10-20,42.461,43.273,42.175,42.73,30901
2020-10-21,42.73,43.022,41.437,41.691,31614
2020-10-22,41.691,42.761,41.441,42.399,29964
2020-10-23,42.399,42.77,41.487,41.64,32801
2020-10-26,41.64,41.64,40.204,40.467,46865
2020-10-27,40.467,41.455,40.385,40.63,41692
2020-10-28,40.63,40.685,38.72,39.055,62163
2020-10-29,39.055,39.44,36.625,37.53,120694
2020-10-30,37.53,38.66,37.385,37.85,65206
2020-11-02,37.85,39.33,36.385,39.255,62071
2020-11-03,39.255,40.42,38.635,40.09,56389
2020-11-04,40.09,41.315,39.395,41.19,74050
2020-11-05,41.19,41.505,40.305,40.66,47986
2020-11-06,40.66,40.665,39.315,39.645,48466
2020-11-07,40.66,40.665,39.315,39.645,48466
2020-11-09,39.645,43.46,39.645,41.99,75842
2020-11-10,41.99,44.045,41.685,43.99,55614
2020-11-11,43.99,45.275,43.585,43.745,57119
2020-11-12,43.745,44.46,43.285,43.31,49262
2020-11-13,43.31,43.315,42.65,42.685,38890
2020-11-14,43.31,43.315,42.65,42.685,38890
2020-11-16,42.685,44.645,42.685,43.94,40965
2020-11-17,43.94,44.235,43.065,43.79,37898
2020-11-18,43.79,44.855,43.455,44.14,35571
2020-11-19,44.14,44.555,43.765,44.185,31092
2020-11-20,44.185,45.185,44.04,45.035,25889
2020-11-21,44.185,45.185,44.04,45.035,25889
2020-11-23,45.035,46.095,44.89,45.77,34702
2020-11-24,45.77,48.005,45.77,47.8,42121
2020-11-25,47.8,49.025,47.695,48.815,50668
2020-11-26,48.815,49.065,47.505,47.7,42844
2020-11-27,47.7,48.425,47.325,48.17,43343
2020-11-28,47.7,48.425,47.325,48.17,43343
2020-11-30,48.17,48.265,47.055,47.63,43279
2020-12-01,47.63,48.275,46.87,47.21,37816
2020-12-02,47.21,48.745,46.805,47.94,38473
2020-12-03,47.94,48.915,47.655,48.72,39270
2020-12-04,48.72,49.89,48.72,49.075,36999
2020-12-05,48.72,49.89,48.72,49.075,36999
2020-12-07,49.075,49.415,48.385,48.615,30595
2020-12-08,48.615,48.975,48.08,48.805,28166
2020-12-09,48.805,49.525,48.385,49.02,37786
2020-12-10,49.02,51.035,48.835,50.37,39310
2020-12-11,50.37,50.725,49.745,49.96,35963
2020-12-12,50.37,50.725,49.745,49.96,35963
2020-12-14,49.96,50.775,49.15,50.3,37535
2020-12-15,50.3,50.865,49.765,50.71,33794
2020-12-16,50.71,51.185,50.33,51.075,32162
2020-12-17,51.075,51.875,51.065,51.495,30813
2020-12-18,51.495,52.455,51.115,52.26,30320
2020-12-19,51.495,52.455,51.115,52.26,30320
2020-12-21,52.26,52.26,49.183,50.817,163934
2020-12-22,50.817,50.838,49.527,49.796,119620
2020-12-23,49.796,51.562,49.183,51.12,120607
2020-12-24,51.12,51.74,50.596,51.281,68536
2020-12-25,51.12,51.74,50.596,51.281,68536
2020-12-28,51.281,51.994,50.78,50.893,89835
2020-12-29,50.893,51.614,50.844,51.12,107317
2020-12-30,51.12,51.898,50.908,51.473,87007
2020-12-31,51.473,51.645,50.88,51.42,57605
2021-01-01,51.473,51.645,50.88,51.42,57605
2021-01-04,51.42,53.304,50.543,50.745,204034
2021-01-05,50.745,53.845,50.669,53.51,190720
2021-01-06,53.51,54.702,53.01,54.154,205270
2021-01-07,54.154,54.867,53.916,54.435,129526
2021-01-08,54.435,56.279,54.34,56.183,149820
2021-01-09,54.435,56.279,54.34,56.183,149820
2021-01-11,56.183,56.183,54.968,55.6,135879
2021-01-12,55.6,56.751,55.489,56.701,133506
2021-01-13,56.701,57.393,55.753,55.998,135177
2021-01-14,55.998,56.502,55.219,56.443,129793
2021-01-15,56.443,56.481,54.623,54.855,138645
2021-01-16,56.443,56.481,54.623,54.855,138645
2021-01-18,54.855,55.183,54.469,54.695,61065
2021-01-19,54.695,56.052,54.695,55.842,114639
2021-01-20,55.842,56.596,55.636,55.702,118621
2021-01-21,55.702,56.213,55.46,55.988,108249
2021-01-22,55.988,56.003,54.463,55.177,141957
2021-01-23,55.988,56.003,54.463,55.177,141957
2021-01-25,55.177,55.994,55.074,55.944,150735
2021-01-26,55.944,56.316,55.366,56.01,110123
2021-01-27,56.01,56.463,55.185,55.54,154891
2021-01-28,55.54,56.568,55.294,55.345,189163
2021-01-29,55.345,56.002,54.882,55.025,165413
2021-01-30,55.345,56.002,54.882,55.025,165413
2021-02-01,55.025,56.501,54.78,56.331,133497
2021-02-02,56.331,58.022,56.2,57.76,152012
2021-02-03,57.76,58.908,57.48,58.635,129799
2021-02-04,58.635,59.013,58.028,59.006,121658
2021-02-05,59.006,59.762,59.006,59.463,120073
2021-02-06,59.006,59.762,59.006,59.463,120073
2021-02-08,59.463,60.683,59.463,60.678,110138
2021-02-09,60.678,61.26,60.026,61.195,122617
2021-02-10,61.195,61.665,60.85,61.136,120284
2021-02-11,61.136,61.475,60.698,60.831,108953
2021-02-12,60.831,62.806,60.326,62.589,142260
2021-02-13,60.831,62.806,60.326,62.589,142260
2021-02-15,62.589,63.736,62.589,63.275,93727
2021-02-16,63.275,63.67,62.673,63.425,151446
2021-02-17,63.425,64.933,62.706,64.911,177590
2021-02-18,64.911,65.484,63.193,63.587,195223
2021-02-19,63.587,63.909,62.078,62.667,206309
2021-02-20,63.587,63.909,62.078,62.667,206309
2021-02-22,62.667,65.823,62.667,65.8,212195
2021-02-23,65.8,66.76,64.446,65.015,240804
2021-02-24,65.015,67.262,64.767,67.251,190696
2021-02-25,67.251,67.678,66.456,67.03,481510
2021-02-26,67.03,67.03,64.233,64.339,228179
2021-02-27,67.03,67.03,64.233,64.339,228179
2021-03-01,64.339,65.89,63.146,63.223,168183
2021-03-02,63.223,64.109,62.356,62.417,196806
2021-03-03,62.417,64.673,62.362,63.882,195721
2021-03-04,63.882,67.71,63.323,66.967,245452
2021-03-05,66.967,69.614,66.648,69.556,249878
2021-03-06,66.967,69.614,66.648,69.556,249878
2021-03-08,69.556,71.347,67.786,67.94,160792
2021-03-09,67.94,69.304,67.1,67.165,195032
2021-03-10,67.165,68.402,66.488,68.165,179071
2021-03-11,68.165,69.813,67.969,69.537,154848
2021-03-12,69.537,69.869,69.012,69.214,142796
2021-03-13,69.537,69.869,69.012,69.214,142796
2021-03-15,69.214,70.001,67.806,68.803,170260
2021-03-16,68.803,68.916,67.337,68.525,153065
2021-03-17,68.525,68.854,66.934,67.822,165127
2021-03-18,67.822,68.124,61.428,62.76,244888
2021-03-19,62.76,64.881,62.052,64.519,232982
2021-03-22,64.519,65.04,63.417,64.265,180633
2021-03-23,64.265,64.28,60.248,60.39,245312
2021-03-24,60.39,64.528,60.36,64.095,236046
2021-03-25,64.095,64.158,60.959,61.66,230568
2021-03-26,61.66,64.867,61.66,64.465,183462
2021-03-29,64.465,65.454,63.106,65.032,168308
2021-03-30,65.032,65.393,63.488,63.93,202889
2021-03-31,63.93,64.8,62.511,63.007,155130
2021-04-01,63.007,65.141,62.359,64.625,192754
2021-04-05,64.625,64.736,61.232,62.22,139667
2021-04-06,62.22,64.251,62.047,62.645,159310
2021-04-07,62.645,63.517,61.583,62.997,148351
2021-04-08,62.997,63.4,62.349,63.275,134527
2021-04-09,63.275,63.46,62.546,63.018,105200
2021-04-12,63.018,64.279,62.389,63.157,142194
2021-04-13,63.157,64.162,63.1,63.94,118820
2021-04-14,63.94,66.868,63.854,66.203,153867
2021-04-15,66.203,67.005,65.927,66.79,118219
2021-04-16,66.79,67.352,66.434,66.694,114100
2021-04-19,66.694,67.199,66.143,67.11,107819
2021-04-20,67.11,68.047,65.48,66.284,167791
2021-04-21,66.284,66.489,64.93,65.035,163746
2021-04-22,65.035,65.804,64.559,65.555,156426
2021-04-23,65.555,66.269,65.125,66.052,140677
2021-04-26,66.052,66.226,64.54,65.697,157253
2021-04-27,65.697,66.765,65.636,66.544,128945
2021-04-28,66.544,67.829,66.093,66.981,125739
2021-04-29,66.981,68.929,66.945,68.495,170785
2021-04-30,68.495,68.495,66.235,66.623,139078
2021-05-03,66.623,67.792,66.072,67.548,114668
2021-05-04,67.548,69.405,67.338,69.325,143504
2021-05-05,69.325,69.92,68.311,68.62,141028
2021-05-06,68.62,69.339,67.899,68.19,145978
2021-05-07,68.19,68.611,67.362,68.214,133550
2021-05-10,68.214,69.16,67.382,68.268,133837
2021-05-11,68.268,68.72,67.111,68.657,156747
2021-05-12,68.657,69.861,68.149,68.934,158616
2021-05-13,68.934,69.008,66.446,66.948,174781
2021-05-14,66.948,68.761,66.488,68.761,122676
2021-05-17,68.761,69.594,68.165,69.546,118138
2021-05-18,69.546,70.208,67.252,68.465,143954
2021-05-19,68.465,68.485,65.275,66.608,215954
2021-05-20,66.608,67.14,64.778,64.869,165971
2021-05-21,64.869,66.909,64.541,66.675,157288
2021-05-24,66.675,68.6,66.434,68.455,123036
2021-05-25,68.455,68.861,67.806,68.54,122331
2021-05-26,68.54,69.138,67.99,68.765,109843
2021-05-27,68.765,69.48,68.08,69.41,115717
2021-05-28,69.41,69.703,68.549,68.947,100033
2021-05-31,68.947,69.787,68.719,69.271,43148
2021-06-01,69.271,71.303,69.26,70.562,129076
2021-06-02,70.562,71.448,70.328,71.242,91836
2021-06-03,71.242,71.95,70.628,71.372,110596
2021-06-04,71.372,72.137,70.725,71.617,88958
2021-06-07,71.617,72.238,71.076,71.453,89783
2021-06-08,71.453,72.384,70.688,72.125,115370
2021-06-09,72.125,72.84,71.789,72.005,115547
2021-06-10,72.005,72.89,70.924,72.283,129566
2021-06-11,72.283,73.053,71.851,72.576,124097
2021-06-14,72.576,73.61,72.576,73.105,100124
2021-06-15,73.105,74.295,72.763,74.285,120471
2021-06-16,74.285,74.926,73.844,73.866,144407
2021-06-17,73.866,74.46,71.98,73.07,172890
2021-06-18,73.07,73.729,72.158,73.23,132458
2021-06-21,73.23,74.914,72.95,74.855,159879
2021-06-22,74.855,75.281,74.291,74.985,135003
2021-06-23,74.985,75.98,74.677,75.379,100301
2021-06-24,75.379,75.745,74.486,75.595,98950
2021-06-25,75.595,76.176,74.925,76.11,110372
2021-06-28,76.11,76.558,74.481,74.58,101406
2021-06-29,74.58,75.488,73.88,75.035,103667
2021-06-30,75.035,75.314,73.901,74.592,104583
2021-07-01,74.592,76.708,74.522,75.546,153622
2021-07-02,75.546,76.401,75.201,76.11,110686
2021-07-05,76.11,77.137,75.672,76.973,58023
2021-07-06,76.973,77.809,74.103,74.916,166319
2021-07-07,74.916,75.96,72.579,73.335,152337
2021-07-08,73.335,74.362,72.083,74.35,146008
2021-07-09,74.35,75.766,73.765,75.619,102911
2021-07-12,75.619,75.698,74.202,75.233,120329
2021-07-13,75.233,76.568,74.907,76.453,106607
2021-07-14,76.453,76.683,73.761,74.558,157969
2021-07-15,74.558,74.558,73.16,73.208,146651
2021-07-16,73.208,74.06,72.31,73.137,124597
2021-07-19,73.137,73.218,67.819,68.728,213384
2021-07-20,68.728,69.7,67.415,68.605,176021
2021-07-21,68.605,72.327,68.605,72.112,137018
2021-07-22,72.112,73.868,71.711,73.578,139318
2021-07-23,73.578,74.136,73.292,74.112,98713
2021-07-26,74.112,74.789,72.722,74.783,118777
2021-07-27,74.783,75.009,73.99,74.68,125297
2021-07-28,74.68,75.277,74.391,74.71,101754
2021-07-29,74.71,76.113,74.575,75.862,92861
2021-07-30,75.862,75.862,74.361,75.054,82606
2021-08-02,75.054,75.06,72.286,73.11,128529
2021-08-03,73.11,73.511,71.021,72.145,135065
2021-08-04,72.145,72.793,70.085,70.186,137269
2021-08-05,70.186,71.469,69.719,71.199,109859
2021-08-06,71.199,72.4,70.283,70.38,119036
2021-08-09,70.38,70.38,67.58,69.227,155948
2021-08-10,69.227,71.208,68.923,70.773,118331
2021-08-11,70.773,71.599,69.039,71.577,145162
2021-08-12,71.577,71.868,70.643,71.13,101951
2021-08-13,71.13,71.346,69.971,70.137,104934
2021-08-16,70.137,70.365,68.118,69.666,162255
2021-08-17,69.666,69.97,68.792,68.975,146863
2021-08-18,68.975,70.009,67.199,67.27,154039
2021-08-19,67.27,67.617,65.54,66.608,225360
2021-08-20,66.608,66.892,64.972,65.032,159344
2021-08-23,65.032,68.875,65.032,68.651,146781
2021-08-24,68.651,71.236,68.495,71.127,111219
2021-08-25,71.127,72.381,70.485,71.867,123504
2021-08-26,71.867,72.099,70.629,71.428,144262
2021-08-27,71.428,72.719,71.11,72.588,95260
2021-08-30,72.588,73.583,71.971,73.245,78282
2021-08-31,73.245,73.245,71.34,71.62,112304
2021-09-01,71.62,72.343,70.386,71.262,125723
2021-09-02,71.262,73.431,70.886,72.797,113002
2021-09-03,72.797,73.657,72.376,72.556,114571
2021-09-06,72.556,72.742,71.486,72.063,56781
2021-09-07,72.063,72.779,71.071,71.563,133496
2021-09-08,71.563,72.914,71.485,72.661,120675
2021-09-09,72.661,73.17,70.852,71.197,150814
2021-09-10,71.197,73.107,70.923,72.769,114858
2021-09-13,72.769,73.892,72.769,73.617,131443
2021-09-14,73.617,74.241,73.049,73.863,126890
2021-09-15,73.863,76.1,73.744,75.41,135380
2021-09-16,75.41,75.845,74.45,75.598,162923
2021-09-17,75.598,75.744,74.558,75.257,159539
2021-09-20,75.257,75.257,73.484,74.113,193388
2021-09-21,74.113,75.148,73.239,74.647,163414
2021-09-22,74.647,76.233,74.463,75.909,156700
2021-09-23,75.909,77.312,75.571,77.222,133743
2021-09-24,77.222,78.213,76.838,78.03,129674
2021-09-27,78.03,79.872,78.03,79.379,145724
2021-09-28,79.379,80.709,78.065,78.16,177448
2021-09-29,78.16,79.379,77.476,78.445,192280
2021-09-30,78.445,79.27,76.492,78.385,204993
2021-10-01,78.385,79.377,77.533,79.138,156860
2021-10-04,79.138,81.967,78.725,81.272,156722
2021-10-05,81.272,83.083,81.152,82.655,152832
2021-10-06,82.655,83.438,80.577,80.748,182823
2021-10-07,80.748,82.473,79.047,82.388,156053
2021-10-08,82.388,83.399,81.93,82.467,148692
2021-10-11,82.467,84.569,82.467,83.582,164677
2021-10-12,83.582,84.196,82.692,83.253,198422
2021-10-13,83.253,83.658,82.203,83.315,163772
2021-10-14,83.315,84.47,83.151,84.142,149030
2021-10-15,84.142,85.069,84.065,84.815,137740
2021-10-18,84.815,86.004,83.924,84.076,149016
2021-10-19,84.076,85.363,83.674,85.091,152938
2021-10-20,85.091,85.855,83.598,85.807,144579
2021-10-21,85.807,86.068,83.326,84.74,163044
2021-10-22,84.74,85.894,83.796,85.858,143370
2021-10-25,85.858,86.675,85.559,85.925,130748
2021-10-26,85.925,86.469,85.235,86.155,137199
2021-10-27,86.155,86.258,84.012,84.046,149378
2021-10-28,84.046,84.554,82.27,84.47,190428
2021-10-29,84.47,84.47,82.547,83.689,163766
2021-11-01,83.689,85.088,83.065,84.424,111764
2021-11-02,84.424,85.195,83.731,84.035,138692
2021-11-03,84.035,84.161,81.08,81.283,72265
2021-11-04,81.283,84.46,80.178,80.913,112558
2021-11-05,80.913,83.127,80.231,82.604,177378
2021-11-08,82.604,83.969,82.604,83.63,138319
2021-11-09,83.63,85.109,83.141,85.109,127436
2021-11-10,85.109,85.466,82.059,82.537,181000
2021-11-11,82.537,83.395,81.633,82.53,178510
2021-11-12,82.53,82.848,81.235,82.061,143986
2021-11-13,82.53,82.848,81.235,82.061,143986
2021-11-15,82.061,82.273,80.646,82.083,162849
2021-11-16,82.083,83.107,81.524,82.327,133450
2021-11-17,82.327,82.327,79.753,80.187,149449
2021-11-18,80.187,81.374,79.255,81.08,141986
2021-11-19,81.08,82.209,78.02,78.368,200652
2021-11-20,81.08,82.209,78.02,78.368,200652
2021-11-22,78.368,80.04,78.072,79.473,157303
2021-11-23,79.473,82.569,78.523,82.253,160730
2021-11-24,82.253,82.968,81.72,82.168,128303
2021-11-25,82.168,82.562,81.679,82.249,46505
2021-11-26,82.249,82.249,72.095,72.815,204236
2021-11-27,82.249,82.249,72.095,72.815,204236
2021-11-29,72.815,76.985,72.355,73.395,204439
2021-11-30,73.395,74.309,67.454,70.115,244017
2021-12-01,70.115,72.834,68.116,68.942,229017
2021-12-02,68.942,70.66,65.738,70.482,224643
2021-12-03,70.482,72.589,69.208,70.008,177727
2021-12-04,70.482,72.589,69.208,70.008,177727
2021-12-06,70.008,73.761,70.008,73.662,163263
2021-12-07,73.662,76.233,73.183,75.12,163773
2021-12-08,75.12,76.339,74.345,75.986,159129
2021-12-09,75.986,76.67,73.817,74.007,118810
2021-12-10,74.007,75.678,73.768,75.297,134989
2021-12-11,74.007,75.678,73.768,75.297,134989
2021-12-13,75.297,76.358,74.171,74.241,135738
2021-12-14,74.241,75.137,72.546,73.195,145768
2021-12-15,73.195,74.548,72.475,74.339,133338
2021-12-16,74.339,75.558,73.968,74.599,131645
2021-12-17,74.599,74.958,72.624,73.038,150334
2021-12-18,74.599,74.958,72.624,73.038,150334
2021-12-20,73.038,73.038,69.251,72.071,229411
2021-12-21,72.071,74.24,71.207,73.995,148447
2021-12-22,73.995,75.631,73.593,75.533,130294
2021-12-23,75.533,76.963,74.747,76.74,112170
2021-12-24,76.74,76.74,76.305,76.595,1562
2021-12-25,76.74,76.74,76.305,76.595,1562
2021-12-27,76.595,79.036,75.725,78.849,102928
2021-12-28,78.849,79.817,78.436,79.05,107212
2021-12-29,79.05,80.158,78.108,79.238,108878
2021-12-30,79.238,79.988,78.376,78.969,91551
2021-12-31,78.969,79.646,77.527,77.875,91777
2022-01-01,78.969,79.646,77.527,77.875,91777
2022-01-03,77.875,79.249,77.002,78.898,117298
2022-01-04,78.898,80.522,78.579,80.141,133776
2022-01-05,80.141,81.462,79.515,80.048,131108
2022-01-06,80.048,82.799,79.589,82.001,171546
2022-01-07,82.001,82.961,81.421,81.706,147061
2022-01-08,82.001,82.961,81.421,81.706,147061
2022-01-10,81.706,82.261,80.475,80.98,168558
2022-01-11,80.98,83.953,80.863,83.605,156682
2022-01-12,83.605,85.179,83.495,84.718,162886
2022-01-13,84.718,85.063,83.759,84.06,148429
2022-01-14,84.06,86.459,83.971,86.458,171568
2022-01-15,84.06,86.459,83.971,86.458,171568
2022-01-17,86.458,86.661,85.517,86.549,70356
2022-01-18,86.549,88.514,86.415,88.443,181324
2022-01-19,88.443,89.138,87.589,87.605,181429
2022-01-20,87.605,89.466,87.026,87.23,183692
2022-01-21,87.23,88.197,85.689,87.659,244148
2022-01-22,87.23,88.197,85.689,87.659,244148
2022-01-24,87.659,88.861,85.011,87.105,302982
2022-01-25,87.105,88.336,86.17,87.88,253764
2022-01-26,87.88,90.439,87.762,89.705,217093
2022-01-27,89.705,91.007,88.956,89.929,279675
2022-01-28,89.929,91.687,89.375,90.59,228265
2022-01-29,89.929,91.687,89.375,90.59,228265
2022-01-31,90.59,90.59,88.057,89.252,154320
2022-02-01,89.252,89.935,87.683,89.35,169001
2022-02-02,89.35,90.489,88.26,89.292,177666
2022-02-03,89.292,91.275,87.986,90.99,176259
2022-02-04,90.99,93.667,90.955,92.802,185620
2022-02-05,90.99,93.667,90.955,92.802,185620
2022-02-07,92.802,93.967,92.102,92.917,201508
2022-02-08,92.917,92.935,89.9,91.155,185556
2022-02-09,91.155,92.055,90.017,91.683,160238
2022-02-10,91.683,93.055,90.862,91.36,196326
2022-02-11,91.36,95.636,90.493,95.059,192465
2022-02-12,91.36,95.636,90.493,95.059,192465
2022-02-14,95.059,96.748,93.461,95.755,214131
2022-02-15,95.755,96.234,92.034,93.37,190685
2022-02-16,93.37,96.043,91.089,91.78,190710
2022-02-17,91.78,94.463,91.78,92.95,188553
2022-02-18,92.95,94.109,90.105,94.04,173101
2022-02-19,92.95,94.109,90.105,94.04,173101
2022-02-21,94.04,97.161,92.532,96.995,107525
2022-02-22,96.995,99.412,95.779,96.433,183025
2022-02-23,96.433,98.675,95.787,97.069,165589
2022-02-24,97.069,105.763,97.069,99.065,246115
2022-02-25,99.065,101.957,95.979,98.44,162847
2022-02-26,99.065,101.957,95.979,98.44,162847
2022-02-28,98.44,100.123,96.999,98.015,141013
2022-03-01,98.015,107.55,98.015,107.31,193337
2022-03-02,107.31,115.076,106.785,114.535,190404
2022-03-03,114.535,119.775,109.385,110.405,199569
2022-03-04,110.405,118.945,109.593,117.93,171053
2022-03-05,110.405,118.945,109.593,117.93,171053
2022-03-07,117.93,130.675,117.93,124.11,204490
2022-03-08,124.11,133.107,121.295,129.06,213675
2022-03-09,129.06,131.597,105.985,112.07,244218
2022-03-10,112.07,118.32,108.985,109.155,198968
2022-03-11,109.155,113.86,107.135,112.395,151522
2022-03-12,109.155,113.86,107.135,112.395,151522
2022-03-14,112.395,112.395,103.463,105.95,144391
2022-03-15,105.95,105.95,97.425,98.69,185827
2022-03-16,98.69,103.654,96.905,98.015,156450
2022-03-17,98.015,107.468,97.755,106.93,132505
2022-03-18,106.93,109.544,105.753,108.335,116625
2022-03-21,108.335,116.763,108.335,116.615,112595
2022-03-22,116.615,119.445,112.615,114.435,138308
2022-03-23,114.435,122.306,114.424,121.315,135446
2022-03-24,121.315,123.718,116.902,117.9,157453
2022-03-25,117.9,120.885,115.105,119.305,153922
2022-03-28,119.305,119.305,109.038,109.545,138882
2022-03-29,109.545,114.801,104.795,111.215,172170
2022-03-30,111.215,114.755,110.565,112.6,135414
2022-03-31,112.6,112.6,104.033,105.525,184279
2022-04-01,105.525,106.135,102.315,104.375,143849
2022-04-04,104.375,108.565,103.05,107.997,120660
2022-04-05,107.997,109.875,104.51,105.925,122903
2022-04-06,105.925,108.635,100.525,101.795,152987
2022-04-07,101.795,103.552,98.395,101.505,153185
2022-04-08,101.505,103.26,99.605,102.27,133923
2022-04-11,102.27,102.27,97.56,99.25,125214
2022-04-12,99.25,105.562,98.86,105.005,140050
2022-04-13,105.005,108.969,104.037,108.75,131972
2022-04-14,108.75,112.347,106.605,111.405,129396
2022-04-18,111.405,114.807,110.664,112.625,97007
2022-04-19,112.625,114.185,106.705,107.455,128068
2022-04-20,107.455,108.968,104.621,107.218,136866
2022-04-21,107.218,109.779,106.745,108.615,132250
2022-04-22,108.615,108.728,105.512,105.91,99292
2022-04-25,105.91,105.91,99.453,102.505,123898
2022-04-26,102.505,106.161,101.065,105.255,128968
2022-04-27,105.255,106.298,103.251,105.085,110282
2022-04-28,105.085,107.96,103.205,107.47,124879
2022-04-29,107.47,109.96,106.144,106.7,129728
2022-05-02,106.7,108.36,103.087,107.538,107190
2022-05-03,107.538,108.293,104.608,105.933,107845
2022-05-04,105.933,110.945,105.408,109.99,119723
2022-05-05,109.99,113.964,109.19,111.195,140609
2022-05-06,111.195,113.465,109.85,112.806,134608
2022-05-09,112.806,113.154,104.98,105.025,158462
2022-05-10,105.025,106.888,101.688,102.125,173643
2022-05-11,102.125,108.257,101.274,107.495,160169
2022-05-12,107.495,108.665,104.675,107.953,198668
2022-05-13,107.953,111.652,107.765,111.475,161658
2022-05-16,111.475,114.758,108.865,113.98,139552
2022-05-17,113.98,115.658,111.064,112.555,152990
2022-05-18,112.555,114.12,108.332,109.285,156109
2022-05-19,109.285,112.277,105.677,111.52,166187
2022-05-20,111.52,113.198,110.495,112.865,134989
2022-05-23,112.865,114.302,111.852,113.435,132239
2022-05-24,113.435,114.584,111.677,113.855,134644
2022-05-25,113.855,115.267,112.989,114.34,124231
2022-05-26,114.34,117.961,113.822,117.595,101812
2022-05-27,117.595,119.69,116.625,119.31,117133
2022-05-30,119.31,121.955,119.31,121.685,96599
2022-05-31,121.685,121.685,115.144,116.26,173385
2022-06-01,116.26,118.538,115.383,115.775,152687
2022-06-02,115.775,118.425,112.435,118.21,145647
2022-06-03,118.21,121.408,116.002,121.325,110800
2022-06-06,121.325,121.455,118.741,120.288,135553
2022-06-07,120.288,121.336,118.529,120.759,163650
2022-06-08,120.759,124.369,120.427,123.82,162616
2022-06-09,123.82,124.306,122.482,122.895,137197
2022-06-10,122.895,124.291,119.781,121.637,151547
2022-06-13,121.637,123.578,118.913,122.24,172486
2022-06-14,122.24,125.147,118.88,121.045,178774
2022-06-15,121.045,121.853,117.727,118.85,178877
2022-06-16,118.85,120.256,115.554,119.085,347398
2022-06-17,119.085,121.223,111.702,113.24,206981
2022-06-20,113.24,114.463,111.495,114.195,104744
2022-06-21,114.195,116.21,113.982,114.732,146705
2022-06-22,114.732,114.732,106.993,109.735,183617
2022-06-23,109.735,112.637,108.005,109.725,166315
2022-06-24,109.725,113.958,109.199,113.05,149242
2022-06-27,113.05,116.046,111.185,115.335,178436
2022-06-28,115.335,118.248,115.335,117.895,192620
2022-06-29,117.895,120.405,115.115,115.655,197572
2022-06-30,115.655,115.655,108.173,109.23,166253
2022-07-01,109.23,112.418,108.004,111.548,148106
2022-07-04,111.548,113.966,110.372,113.725,98972
2022-07-05,113.725,114.708,101.095,102.86,288027
2022-07-06,102.86,105.806,98.488,99.985,287197
2022-07-07,99.985,106.321,98.47,104.03,274790
2022-07-08,104.03,107.43,103.647,107.095,237417
2022-07-11,107.095,107.673,103.643,106.41,200070
2022-07-12,106.41,106.525,98.885,99.045,245434
2022-07-13,99.045,101.187,98.253,99.757,260553
2022-07-14,99.757,100.353,94.48,99.743,270912
2022-07-15,99.743,102.613,98.132,100.996,221297
2022-07-18,100.996,106.45,99.425,105.625,219750
2022-07-19,105.625,107.569,103.559,107.123,203611
2022-07-20,107.123,107.428,105.058,106.705,210239
2022-07-21,106.705,106.764,101.472,104.096,233453
2022-07-22,104.096,105.694,101.88,103.575,209915
2022-07-25,103.575,105.346,101.625,104.81,213255
2022-07-26,104.81,107.308,103.961,104.605,201488
2022-07-27,104.605,107.831,103.695,107.33,200516
2022-07-28,107.33,109.038,105.978,107.755,197803
2022-07-29,107.755,107.755,101.608,103.696,184226
2022-08-01,103.696,104.39,99.069,100.15,245344
2022-08-02,100.15,102.376,98.47,99.71,231866
2022-08-03,99.71,102.376,96.476,97.12,222633
2022-08-04,97.12,97.637,93.207,93.32,195473
2022-08-05,93.32,96.369,92.753,94.423,184803
2022-08-08,94.423,96.738,92.988,96.338,180107
2022-08-09,96.338,98.353,94.878,96.37,188718
2022-08-10,96.37,97.933,93.6,97.027,193805
2022-08-11,97.027,100.144,96.622,99.259,165323
2022-08-12,99.259,100.341,96.933,97.871,171835
2022-08-15,97.871,98.025,92.753,93.365,176044
2022-08-16,93.365,95.91,91.683,92.74,180779
2022-08-17,92.74,94.44,91.49,92.93,176603
2022-08-18,92.93,97.387,92.93,96.477,142678
2022-08-19,96.477,97.837,94.224,95.71,163212
2022-08-22,95.71,97.25,92.32,96.7,206640
2022-08-23,96.7,100.435,96.485,100.235,171672
2022-08-24,100.235,101.87,99.065,101.775,200580
2022-08-25,101.775,102.45,99.08,99.805,171500
2022-08-26,99.805,101.17,98.07,100.785,173563
2022-08-29,100.785,105.45,100.435,104.91,171121
2022-08-30,104.91,105.44,97.505,99.93,245127
2022-08-31,99.93,99.93,94.374,94.91,240504
2022-09-01,94.91,95.651,91.785,92.065,233861
2022-09-02,92.065,95.291,92.065,93.199,203055
2022-09-05,93.199,96.966,93.199,95.114,119000
2022-09-06,95.114,95.911,92.274,92.899,205001
2022-09-07,92.899,93.766,87.369,87.505,239529
2022-09-08,87.505,89.801,87.214,88.414,217437
2022-09-09,88.414,93.09,88.414,92.24,171475
2022-09-12,92.24,95.141,91.174,94.215,158117
2022-09-13,94.215,95.495,91.024,93.466,239683
2022-09-14,93.466,95.766,91.89,94.445,168384
2022-09-15,94.445,94.624,90.009,90.835,153101
2022-09-16,90.835,92.63,90.224,91.46,138763
2022-09-19,91.46,92.551,88.474,91.72,117792
2022-09-20,91.72,93.014,89.776,90.895,165112
2022-09-21,90.895,93.466,89.274,89.899,247677
2022-09-22,89.899,92.77,89.274,90.354,226095
2022-09-23,90.354,90.811,85.479,86.61,213445
2022-09-26,86.61,87.626,83.624,83.71,255267
2022-09-27,83.71,87.136,83.71,85.636,213497
2022-09-28,85.636,89.446,84.231,89.05,240942
2022-09-29,89.05,90.081,87.324,88.709,225067
2022-09-30,88.709,88.709,84.974,85.294,205218
2022-10-03,85.294,89.785,85.294,88.635,77666
2022-10-04,88.635,92.361,88.635,91.656,164601
2022-10-05,91.656,93.916,90.756,93.661,175671
2022-10-06,93.661,94.956,92.685,94.834,155172
2022-10-07,94.834,98.546,93.899,98.381,189407
2022-10-10,98.381,98.631,95.574,95.825,196464
2022-10-11,95.825,96.44,93.074,93.67,229977
2022-10-12,93.67,95.136,91.559,92.374,215414
2022-10-13,92.374,94.876,91.06,94.696,200638
2022-10-14,94.696,95.091,91.244,91.66,192138
2022-10-17,91.66,93.181,90.804,91.824,182035
2022-10-18,91.824,92.615,88.744,90.619,213532
2022-10-19,90.619,92.816,89.306,92.304,207982
2022-10-20,92.304,94.74,91.884,92.685,218266
2022-10-21,92.685,93.766,90.974,93.515,209018
2022-10-24,93.515,94.361,91.19,93.466,199428
2022-10-25,93.466,94.346,91.584,92.915,174522
2022-10-26,92.915,96.141,92.034,96.036,163361
2022-10-27,96.036,97.256,95.039,96.576,183608
2022-10-28,96.576,96.871,94.929,96.165,179033
2022-10-31,96.165,96.165,91.434,92.535,193628
2022-11-01,92.535,95.516,92.299,94.725,188236
2022-11-02,94.725,96.435,93.985,95.654,196731
2022-11-03,95.654,95.936,94.164,94.431,166633
2022-11-04,94.431,98.774,94.294,98.511,216351
2022-11-07,98.511,99.53,97.095,97.994,191278
2022-11-08,97.994,98.196,94.979,95.114,194070
2022-11-09,95.114,95.611,92.304,92.386,217198
2022-11-10,92.386,94.285,91.704,93.3,198792
2022-11-11,93.3,96.886,93.3,95.915,194637
2022-11-12,93.3,96.886,93.3,95.915,194637
2022-11-14,95.915,96.915,92.484,92.505,192482
2022-11-15,92.505,95.721,91.519,93.744,226566
2022-11-16,93.744,94.755,91.664,92.686,201400
2022-11-17,92.686,92.88,89.509,90.069,211413
2022-11-18,90.069,90.606,85.774,87.834,223980
2022-11-19,90.069,90.606,85.774,87.834,223980
2022-11-21,87.834,87.834,82.295,87.66,247377
2022-11-22,87.66,89.866,87.324,88.415,228499
2022-11-23,88.415,89.53,84.086,84.774,213749
2022-11-24,84.774,85.496,83.879,85.056,89410
2022-11-25,85.056,86.855,83.559,83.806,115879
2022-11-26,85.056,86.855,83.559,83.806,115879
2022-11-28,83.806,84.065,80.574,82.424,203531
2022-11-29,82.424,85.959,82.244,83.695,221499
2022-11-30,83.695,87.365,83.695,86.73,170120
2022-12-01,86.73,89.341,86.23,87.059,177618
2022-12-02,87.059,87.891,85.169,85.839,169723
2022-12-03,87.059,87.891,85.169,85.839,169723
2022-12-05,85.839,88.404,82.5,83.055,190445
2022-12-06,83.055,83.661,78.674,79.684,189190
2022-12-07,79.684,80.456,76.909,77.39,212099
2022-12-08,77.39,79.136,75.719,76.474,207088
2022-12-09,76.474,77.45,75.076,76.614,184934
2022-12-10,76.474,77.45,75.076,76.614,184934
2022-12-12,76.614,78.556,75.224,78.071,180302
2022-12-13,78.071,81.25,77.986,80.421,156571
2022-12-14,80.421,83.116,80.084,82.83,81613
2022-12-15,82.83,83.156,80.811,81.49,189928
2022-12-16,81.49,81.751,78.264,79.179,205791
2022-12-17,81.49,81.751,78.264,79.179,205791
2022-12-19,79.179,80.84,78.58,80.176,175426
2022-12-20,80.176,80.861,78.249,79.756,198613
2022-12-21,79.756,82.496,79.52,82.244,148148
2022-12-22,82.244,83.825,80.649,81.621,154815
2022-12-23,81.621,84.076,81.264,83.92,135628
2022-12-24,81.621,84.076,81.264,83.92,135628
2022-12-27,83.92,85.566,83.624,84.656,132806
2022-12-28,84.656,84.805,81.889,83.156,150498
2022-12-29,83.156,83.816,81.819,83.691,152526
2022-12-30,83.691,85.966,82.85,85.965,129435
2022-12-31,83.691,85.966,82.85,85.965,129435
2023-01-03,85.965,86.966,81.754,82.34,215921
2023-01-04,82.34,82.671,77.699,78.026,223456
2023-01-05,78.026,79.941,77.574,78.831,199333
2023-01-06,78.831,80.565,78.029,78.561,193492
2023-01-07,78.831,80.565,78.029,78.561,193492
2023-01-09,78.561,81.346,78.561,79.734,179842
2023-01-10,79.734,80.866,78.779,79.6,172350
2023-01-11,79.6,82.946,79.284,82.934,182555
2023-01-12,82.934,84.586,82.344,83.826,186216
2023-01-13,83.826,85.446,83.474,85.441,166014
2023-01-14,83.826,85.446,83.474,85.441,166014
2023-01-16,85.441,85.441,83.829,84.004,89422
2023-01-17,84.004,86.796,84.004,86.671,180520
2023-01-18,86.671,87.816,84.339,84.556,202987
2023-01-19,84.556,86.816,83.739,86.294,208548
2023-01-20,86.294,87.756,85.554,87.709,182959
2023-01-21,86.294,87.756,85.554,87.709,182959
2023-01-23,87.709,89.056,86.899,88.044,176078
2023-01-24,88.044,88.681,85.779,86.34,183170
2023-01-25,86.34,86.966,85.384,86.231,179740
2023-01-26,86.231,87.981,85.704,87.541,163338
2023-01-27,87.541,88.931,85.65,86.334,170468
2023-01-28,87.541,88.931,85.65,86.334,170468
2023-01-30,86.334,87.344,84.599,85.03,176692
2023-01-31,85.03,85.756,83.135,85.465,185113
2023-02-01,85.465,86.181,82.354,83.004,207529
2023-02-02,83.004,83.586,81.224,82.22,216114
2023-02-03,82.22,84.166,79.606,79.671,231273
2023-02-04,82.22,84.166,79.606,79.671,231273
2023-02-06,79.671,81.401,79.075,81.291,234268
2023-02-07,81.291,84.095,81.164,84.095,246645
2023-02-08,84.095,85.116,83.48,85.085,207454
2023-02-09,85.085,85.466,83.024,84.2,194544
2023-02-10,84.2,86.866,83.904,86.499,215642
2023-02-11,84.2,86.866,83.904,86.499,215642
2023-02-13,86.499,86.915,85.074,85.79,176760
2023-02-14,85.79,86.395,84.104,85.285,227588
2023-02-15,85.285,85.816,83.865,85.196,203657
2023-02-16,85.196,86.176,84.569,84.629,188891
2023-02-17,84.629,84.841,81.774,83.001,233045
2023-02-18,84.629,84.841,81.774,83.001,233045
2023-02-20,83.001,84.275,82.71,83.689,91752
2023-02-21,83.689,84.166,82.524,82.829,219029
2023-02-22,82.829,83.226,80.404,80.426,217957
2023-02-23,80.426,82.741,80.385,82.475,180871
2023-02-24,82.475,83.364,81.044,83.294,192683
2023-02-25,82.475,83.364,81.044,83.294,192683
2023-02-27,83.294,83.565,81.635,82.365,171146
2023-02-28,82.365,83.96,81.81,83.129,175475
2023-03-01,83.129,84.466,82.584,84.349,204924
2023-03-02,84.349,85.066,83.809,84.42,174025
2023-03-03,84.42,85.956,82.33,85.919,189117
2023-03-04,84.42,85.956,82.33,85.919,189117
2023-03-06,85.919,86.316,84.314,86.24,166851
2023-03-07,86.24,86.716,82.804,82.885,194800
2023-03-08,82.885,83.566,82.034,82.46,203760
2023-03-09,82.46,83.945,81.394,81.484,122872
2023-03-10,81.484,83.076,80.695,82.66,248411
2023-03-11,81.484,83.076,80.695,82.66,248411
2023-03-13,82.66,83.311,78.309,80.646,328851
2023-03-14,80.646,80.886,76.854,77.486,248876
2023-03-15,77.486,78.696,71.644,74.39,340095
2023-03-16,74.39,75.516,71.83,74.599,308784
2023-03-17,74.599,75.886,71.374,72.514,296936
2023-03-20,72.514,73.836,70.096,73.77,235746
2023-03-21,73.77,75.385,72.784,75.144,221358
2023-03-22,75.144,77.076,74.475,75.74,208151
2023-03-23,75.74,77.406,75.096,75.47,218136
2023-03-24,75.47,76.295,72.654,74.9,249087
2023-03-27,74.9,78.386,74.776,78.064,184519
2023-03-28,78.064,79.166,77.509,78.844,170095
2023-03-29,78.844,79.646,77.899,78.094,159910
2023-03-30,78.094,79.535,77.804,79.21,153594
2023-03-31,79.21,79.896,77.816,79.87,167085
2023-04-03,79.87,85.326,79.87,84.831,219995
2023-04-04,84.831,86.006,83.805,85.29,218252
2023-04-05,85.29,85.516,83.984,84.731,173912
2023-04-06,84.731,85.416,84.024,84.826,189494
2023-04-10,84.826,85.496,84.059,84.27,140533
2023-04-11,84.27,85.646,83.724,85.526,167609
2023-04-12,85.526,87.456,85.365,87.23,185612
2023-04-13,87.23,87.44,86.024,86.324,172905
2023-04-14,86.324,86.834,85.504,86.464,159015
2023-04-17,86.464,86.491,84.325,84.785,171988
2023-04-18,84.785,85.385,83.784,84.77,175959
2023-04-19,84.77,85.121,82.365,82.889,206054
2023-04-20,82.889,82.891,80.744,80.8,177723
2023-04-21,80.8,82.02,80.419,81.769,160998
2023-04-24,81.769,82.954,80.449,82.615,153676
2023-04-25,82.615,83.026,80.324,80.714,170595
2023-04-26,80.714,81.436,77.409,77.67,205093
2023-04-27,77.67,78.584,77.359,78.266,182766
2023-04-28,78.266,80.491,77.475,80.256,194245
2023-05-01,80.256,80.256,78.094,79.37,158671
2023-05-02,79.37,79.756,75.044,75.209,219474
2023-05-03,75.209,75.534,71.674,71.909,265330
2023-05-04,71.909,73.696,71.315,72.489,304669
2023-05-05,72.489,75.716,72.379,75.269,189011
2023-05-08,75.269,77.396,74.919,76.591,155261
2023-05-09,76.591,77.466,75.045,77.24,182782
2023-05-10,77.24,77.566,75.654,76.63,209612
2023-05-11,76.63,77.386,74.594,75.441,221799
2023-05-12,75.441,75.816,73.994,74.15,220681
2023-05-15,74.15,75.716,73.464,75.439,180891
2023-05-16,75.439,75.916,74.474,74.569,186291
2023-05-17,74.569,77.286,74.069,76.784,199907
2023-05-18,76.784,76.949,75.474,75.94,182705
2023-05-19,75.94,77.466,75.094,75.761,210950
2023-05-22,75.761,76.436,74.524,76.001,200212
2023-05-23,76.001,77.706,75.619,77.659,201237
2023-05-24,77.659,78.626,77.004,78.3,218445
2023-05-25,78.3,78.466,75.084,76.094,231384
2023-05-26,76.094,77.316,75.69,77.049,177702
2023-05-29,77.049,77.735,76.101,76.999,74394
2023-05-30,76.999,77.536,73.124,73.61,222941
2023-05-31,73.61,73.916,71.474,72.101,252469
2023-06-01,72.101,75.216,72.004,74.311,227285
2023-06-02,74.311,76.466,74.149,76.361,193913
2023-06-05,76.361,78.201,76.284,76.485,227179
2023-06-06,76.485,76.719,74.695,75.95,211364
2023-06-07,75.95,77.586,75.484,76.8,210538
2023-06-08,76.8,77.646,73.544,75.541,259705
2023-06-09,75.541,76.529,74.684,74.915,210690
2023-06-12,74.915,74.915,71.554,72.1,225025
2023-06-13,72.1,74.626,71.914,74.129,227129
2023-06-14,74.129,75.466,73.004,73.559,225610
2023-06-15,73.559,75.936,72.884,75.589,216141
2023-06-16,75.589,76.706,75.054,76.42,204737
2023-06-19,76.42,76.901,75.314,76.084,100248
2023-06-20,76.084,77.121,74.486,75.5,214401
2023-06-21,75.5,77.206,75.479,76.901,188104
2023-06-22,76.901,77.166,73.554,74.185,193476
2023-06-23,74.185,74.216,72.084,74.21,167060
2023-06-26,74.21,74.816,73.399,74.28,195504
2023-06-27,74.28,74.866,72.055,72.625,196687
2023-06-28,72.625,74.166,71.539,73.551,218987
2023-06-29,73.551,74.956,73.349,74.244,197829
2023-06-30,74.244,75.805,74.234,75.125,184719
2023-07-03,75.125,76.566,74.534,74.909,189840
2023-07-04,74.909,76.256,74.709,76.08,93593
2023-07-05,76.08,76.916,75.274,76.55,186068
2023-07-06,76.55,77.056,74.994,76.546,214594
2023-07-07,76.546,78.514,75.994,78.284,152385
2023-07-10,78.284,78.736,77.339,77.839,162266
2023-07-11,77.839,79.466,77.596,79.356,143527
2023-07-12,79.356,80.525,79.175,80.211,174507
2023-07-13,80.211,81.716,79.854,81.629,162334
2023-07-14,81.629,81.665,79.535,79.63,168884
2023-07-17,79.63,80.601,78.224,78.43,181771
2023-07-18,78.43,79.966,78.155,79.784,148120
2023-07-19,79.784,80.906,79.139,79.496,170958
2023-07-20,79.496,80.226,78.634,79.649,165638
2023-07-21,79.649,81.206,79.619,80.809,162405
2023-07-24,80.809,83.126,80.384,82.819,198791
2023-07-25,82.819,83.836,82.189,83.249,164433
2023-07-26,83.249,83.816,82.559,82.914,160420
2023-07-27,82.914,84.481,82.914,83.841,177064
2023-07-28,83.841,85.056,83.185,84.95,149322
2023-07-31,84.95,85.546,83.874,85.306,153497
2023-08-01,85.306,85.756,84.194,85.736,166493
2023-08-02,85.736,85.956,82.709,83.431,217980
2023-08-03,83.431,85.386,82.324,85.221,220281
2023-08-04,85.221,86.616,85.034,86.021,184235
2023-08-07,86.021,86.646,84.999,85.811,160008
2023-08-08,85.811,86.311,83.284,86.071,211469
2023-08-09,86.071,87.616,85.884,87.38,200886
2023-08-10,87.38,88.065,86.169,86.34,218918
2023-08-11,86.34,87.316,85.814,86.571,206046
2023-08-14,86.571,86.661,85.474,86.159,210779
2023-08-15,86.159,86.646,84.264,84.969,213505
2023-08-16,84.969,85.331,83.094,83.32,205943
2023-08-17,83.32,84.854,83.024,83.761,179684
2023-08-18,83.761,85.036,83.295,84.754,201481
2023-08-21,84.754,85.825,84.284,84.505,183107
2023-08-22,84.505,84.626,83.819,83.911,151494
2023-08-23,83.911,84.221,81.935,82.886,181944
2023-08-24,82.886,83.586,81.934,83.121,180756
2023-08-25,83.121,84.93,82.665,84.661,152015
2023-08-28,84.661,85.195,84.075,84.33,118141
2023-08-29,84.33,85.616,83.774,85.534,134904
2023-08-30,85.534,86.201,85.074,85.914,136360
2023-08-31,85.914,86.846,85.049,86.805,149246
2023-09-01,86.805,88.816,86.71,88.814,149733
2023-09-04,88.814,89.186,88.254,88.959,67139
2023-09-05,88.959,91.126,88.034,90.029,203542
2023-09-06,90.029,91.076,89.224,90.63,177022
2023-09-07,90.63,90.866,89.434,89.779,169146
2023-09-08,89.779,90.986,89.264,90.409,147452
2023-09-11,90.409,91.416,90.079,90.594,177231
2023-09-12,90.594,92.376,90.494,91.969,159293
2023-09-13,91.969,92.806,91.594,92.17,177610
2023-09-14,92.17,94.184,91.974,94.111,173603
2023-09-15,94.111,94.596,92.635,94.216,162475
2023-09-18,94.216,94.921,93.764,94.629,175784
2023-09-19,94.629,95.92,94.144,94.525,195393
2023-09-20,94.525,94.686,92.734,93.115,177416
2023-09-21,93.115,94.566,92.174,93.199,199777
2023-09-22,93.199,94.606,92.774,93.544,185996
2023-09-25,93.544,94.226,92.514,93.311,154090
2023-09-26,93.311,94.175,91.774,94.064,156024
2023-09-27,94.064,97.026,94.035,96.53,191307
2023-09-28,96.53,97.66,94.679,95.13,188683
2023-09-29,95.13,95.13,91.934,92.185,202401
2023-10-02,92.185,93.304,90.314,90.409,195261
2023-10-03,90.409,91.531,89.505,91.031,208339
2023-10-04,91.031,91.171,85.714,86.036,230048
2023-10-05,86.036,86.466,83.81,84.244,255182
2023-10-06,84.244,84.915,83.409,84.4,232730
2023-10-09,84.4,88.966,84.4,88.131,208851
2023-10-10,88.131,88.456,86.874,87.719,217586
2023-10-11,87.719,88.221,85.195,85.684,227321
2023-10-12,85.684,87.615,85.154,86.351,226259
2023-10-13,86.351,90.965,86.244,90.896,209448
2023-10-16,90.896,91.356,89.474,90.084,194622
2023-10-17,90.084,90.9,88.854,90.856,182224
2023-10-18,90.856,92.966,90.589,91.29,209623
2023-10-19,91.29,93.451,89.544,93.234,185850
2023-10-20,93.234,93.756,91.639,92.224,191863
2023-10-23,92.224,92.416,89.584,90.389,195666
2023-10-24,90.389,90.646,87.324,88.035,202336
2023-10-25,88.035,90.324,86.644,90.05,222850
2023-10-26,90.05,90.371,87.519,88.275,203078
2023-10-27,88.275,90.715,87.799,89.92,174709
2023-10-30,89.92,89.961,87.164,87.88,171886
2023-10-31,87.88,87.88,84.744,85.371,191360
2023-11-01,85.371,87.206,84.554,85.011,172917
2023-11-02,85.011,87.021,84.614,86.829,169546
2023-11-03,86.829,87.765,84.535,85.08,193492
2023-11-06,85.08,86.425,85.059,85.191,153379
2023-11-07,85.191,85.191,81.381,81.43,168864
2023-11-08,81.43,81.93,79.174,79.756,199318
2023-11-09,79.756,81.446,79.406,79.895,171497
2023-11-10,79.895,82.036,79.765,81.634,140870
2023-11-11,79.895,82.036,79.765,81.634,140870
2023-11-13,81.634,82.801,80.384,82.731,138253
2023-11-14,82.731,83.946,82.034,82.421,152045
2023-11-15,82.421,83.006,80.764,81.03,164931
2023-11-16,81.03,81.136,76.566,77.469,184569
2023-11-17,77.469,80.776,77.244,80.501,153707
2023-11-18,77.469,80.776,77.244,80.501,153707
2023-11-20,80.501,82.9,80.449,82.006,129463
2023-11-21,82.006,82.506,81.394,82.459,147089
2023-11-22,82.459,82.621,78.384,81.639,196598
2023-11-23,81.639,81.639,80.154,81.225,85155
2023-11-24,81.225,82.166,80.09,80.194,87911
2023-11-25,81.225,82.166,80.09,80.194,87911
2023-11-27,80.194,81.14,79.094,80.121,153848
2023-11-28,80.121,82.131,79.775,81.671,129064
2023-11-29,81.671,83.236,80.929,82.876,151280
2023-11-30,82.876,84.576,79.984,80.431,253379
2023-12-01,80.431,81.506,78.724,79.141,196897
2023-12-02,80.431,81.506,78.724,79.141,196897
2023-12-04,79.141,79.506,77.494,78.175,207325
2023-12-05,78.175,79.056,76.984,76.994,203233
2023-12-06,76.994,77.615,74.084,74.21,188780
2023-12-07,74.21,75.455,73.58,74.365,196690
2023-12-08,74.365,76.336,74.169,75.959,191988
2023-12-09,74.365,76.336,74.169,75.959,191988
2023-12-11,75.959,76.456,74.98,76.039,143634
2023-12-12,76.039,76.616,72.834,73.376,161575
2023-12-13,73.376,74.666,72.269,74.66,173953
2023-12-14,74.66,77.316,74.416,76.64,160511
2023-12-15,76.64,77.196,75.284,76.826,174439
2023-12-16,76.64,77.196,75.284,76.826,174439
2023-12-18,76.826,79.476,75.734,78.011,178520
2023-12-19,78.011,79.645,77.385,79.32,146791
2023-12-20,79.32,80.566,79.035,79.15,160894
2023-12-21,79.15,80.101,77.79,79.376,198063
2023-12-22,79.376,80.346,78.849,79.16,139715
2023-12-23,79.376,80.346,78.849,79.16,139715
2023-12-26,79.16,81.691,78.744,80.931,91736
2023-12-27,80.931,81.316,79.254,79.334,130849
2023-12-28,79.334,79.836,77.064,77.434,162215
2023-12-29,77.434,77.951,76.714,77.041,138054
2023-12-30,77.434,77.951,76.714,77.041,138054
2024-01-02,77.041,79.036,75.574,75.951,201443
2024-01-03,75.951,78.636,74.764,78.461,205420
2024-01-04,78.461,79.376,76.474,77.67,200423
2024-01-05,77.67,79.234,77.624,78.76,191286
2024-01-06,77.67,79.234,77.624,78.76,191286
2024-01-08,78.76,78.76,75.234,76.314,167629
2024-01-09,76.314,78.156,75.924,77.495,165779
2024-01-10,77.495,78.705,76.354,76.735,175677
2024-01-11,76.735,79.066,76.735,78.239,144289
2024-01-12,78.239,80.726,77.954,78.296,224828
2024-01-13,78.239,80.726,77.954,78.296,224828
2024-01-15,78.296,78.61,76.824,78.316,87279
2024-01-16,78.316,79.366,77.374,77.781,214758
2024-01-17,77.781,78.155,76.479,78.044,197081
2024-01-18,78.044,79.266,77.299,78.955,188415
2024-01-19,78.955,79.706,78.295,78.66,167853
2024-01-20,78.955,79.706,78.295,78.66,167853
2024-01-22,78.66,80.516,77.784,79.895,77031
2024-01-23,79.895,80.396,78.674,79.656,78655
2024-01-24,79.656,80.694,79.021,80.251,86441
2024-01-25,80.251,82.535,80.031,82.211,71599
2024-01-26,82.211,83.761,81.279,83.681,69808
2024-01-27,82.211,83.761,81.279,83.681,69808
2024-01-29,83.681,84.106,82.004,82.486,88215
2024-01-30,82.486,83.255,81.314,82.74,83613
2024-01-31,82.74,82.74,80.245,80.505,104594
2024-02-01,80.505,81.516,78.574,78.835,140903
2024-02-02,78.835,79.406,76.835,77.371,112173
2024-02-03,78.835,79.406,76.835,77.371,112173
2024-02-05,77.371,78.296,76.604,78,95680
2024-02-06,78,79.019,77.616,78.659,91353
2024-02-07,78.659,79.465,78.459,79.344,79792
2024-02-08,79.344,81.866,79.004,81.736,66619
2024-02-09,81.736,82.416,81.184,81.884,66240
2024-02-10,81.736,82.416,81.184,81.884,66240
2024-02-12,81.884,82.161,80.745,81.979,63815
2024-02-13,81.979,83.201,81.92,82.555,69365
2024-02-14,82.555,83.566,81.355,81.471,78087
2024-02-15,81.471,83.216,80.685,82.759,69140
2024-02-16,82.759,83.636,81.86,83.269,63098
2024-02-17,82.759,83.636,81.86,83.269,63098
2024-02-19,83.269,83.566,82.524,83.349,32574
2024-02-20,83.349,83.606,82.024,82.491,73983
2024-02-21,82.491,83.136,81.634,83.114,77387
2024-02-22,83.114,83.926,82.294,83.416,63177
2024-02-23,83.416,83.451,81.395,81.66,62778
2024-02-24,83.416,83.451,81.395,81.66,62778
2024-02-26,81.66,83.035,80.979,82.516,48092
2024-02-27,82.516,83.675,82.074,83.239,53480
2024-02-28,83.239,84.291,82.576,83.269,63786
2024-02-29,83.269,83.269,81.484,81.974,63395
2024-03-01,81.974,84.305,81.784,83.34,53577
2024-03-02,81.974,84.305,81.784,83.34,53577
2024-03-04,83.34,84.05,82.549,82.851,64663
2024-03-05,82.851,83.116,81.694,81.994,85072
2024-03-06,81.994,84.016,81.824,82.901,60354
2024-03-07,82.901,83.445,82.044,83.196,81932
2024-03-08,83.196,83.815,81.684,81.826,77745
2024-03-09,83.196,83.815,81.684,81.826,77745
2024-03-11,81.826,82.716,81.054,82.424,76046
2024-03-12,82.424,82.986,81.655,82.355,76297
2024-03-13,82.355,84.191,81.934,83.915,61795
2024-03-14,83.915,85.64,83.915,85.135,57016
2024-03-15,85.135,85.526,84.586,85.226,59546
2024-03-18,85.226,87.155,85.22,86.926,61049
2024-03-19,86.926,87.666,86.455,87.151,54439
2024-03-20,87.151,87.316,85.554,86.11,74220
2024-03-21,86.11,86.606,85.024,85.499,60165
2024-03-22,85.499,86.115,85.084,85.605,49607
2024-03-25,85.605,87.146,85.504,86.721,49750
2024-03-26,86.721,87.03,85.774,85.835,55139
2024-03-27,85.835,86.354,85.134,86.329,57675
2024-03-28,86.329,87.006,85.464,86.925,43721
2024-04-01,86.925,87.946,86.374,87.704,51609
2024-04-02,87.704,89.265,87.595,89.231,57398
2024-04-03,89.231,89.956,88.644,89.485,52862
2024-04-04,89.485,91.266,88.694,91.035,55614
2024-04-05,91.035,91.881,90.536,90.881,58538
2024-04-08,90.881,91.066,88.754,90.551,88765
2024-04-09,90.551,90.916,89.224,89.51,67794
2024-04-10,89.51,90.636,88.809,90.491,88855
2024-04-11,90.491,90.895,89.344,90.236,81088
2024-04-12,90.236,92.145,90.006,90.074,79868
2024-04-15,90.074,90.625,88.704,90.35,97131
2024-04-16,90.35,90.806,89.384,89.941,79192
2024-04-17,89.941,90.14,87.099,87.455,78745
2024-04-18,87.455,87.766,86.059,86.861,87550
2024-04-19,86.861,90.716,86.164,87.205,135049
2024-04-22,87.205,87.229,85.764,87.164,77476
2024-04-23,87.164,88.466,86.006,88.429,85275
2024-04-24,88.429,88.826,87.614,88.059,71940
2024-04-25,88.059,89.246,87.276,89.185,62947
2024-04-26,89.185,89.811,88.761,89.295,63861
2024-04-29,89.295,89.295,88.074,88.48,59258
2024-04-30,88.48,88.48,85.424,85.941,71404
2024-05-01,85.941,85.941,83.264,83.49,86645
2024-05-02,83.49,84.406,83.024,83.74,88104
2024-05-03,83.74,84.354,82.784,82.801,68029
2024-05-06,82.801,83.796,82.744,83.491,69542
2024-05-07,83.491,83.846,82.375,83.069,63448
2024-05-08,83.069,83.786,81.685,83.739,64279
2024-05-09,83.739,84.306,83.426,84.154,50196
2024-05-10,84.154,84.496,82.676,82.679,43225
2024-05-13,82.679,83.806,82.234,83.414,43730
2024-05-14,83.414,83.59,82.074,82.731,51893
2024-05-15,82.731,83.036,81.024,82.966,62376
2024-05-16,82.966,83.756,82.276,83.369,40034
2024-05-17,83.369,84.006,83.045,83.915,47458
2024-05-20,83.915,84.456,83.084,83.649,59603
2024-05-21,83.649,83.714,82.014,82.479,69570
2024-05-22,82.479,82.595,81.54,81.619,62643
2024-05-23,81.619,82.935,80.894,81.435,63581
2024-05-24,81.435,82.425,80.624,82.114,48670
2024-05-27,82.114,83.166,82.049,83.01,21175
2024-05-28,83.01,84.586,82.964,84.569,63130
2024-05-29,84.569,84.991,83.259,83.529,69805
2024-05-30,83.529,83.746,81.774,81.895,99071
2024-05-31,81.895,82.66,80.724,81.365,69907
2024-06-03,81.365,81.625,78.061,78.105,76096
2024-06-04,78.105,78.191,76.734,77.2,73462
2024-06-05,77.2,78.581,77.144,78.569,60606
2024-06-06,78.569,80.056,78.349,79.991,53488
2024-06-07,79.991,80.346,79.294,79.375,53894
2024-06-10,79.375,82.134,79.375,82.08,59980
2024-06-11,82.08,82.321,81.174,82.121,62760
2024-06-12,82.121,83.306,81.93,82.396,59865
2024-06-13,82.396,83.016,81.774,82.105,61508
2024-06-14,82.105,83.366,81.884,82.555,65618
2024-06-17,82.555,84.516,82.074,84.46,76341
2024-06-18,84.46,85.456,83.634,85.389,63772
2024-06-19,85.389,85.805,84.874,85.229,48087
2024-06-20,85.229,85.936,84.914,85.609,72304
2024-06-21,85.609,86.206,84.804,85.076,71648
2024-06-24,85.076,86.136,84.689,86.049,56105
2024-06-25,86.049,86.216,84.7,84.896,72758
2024-06-26,84.896,85.795,84.441,85.189,81223
2024-06-27,85.189,86.466,84.83,86.316,81164
2024-06-28,86.316,86.316,84.494,84.905,74235
2024-07-01,84.905,86.855,84.905,86.604,68455
2024-07-02,86.604,87.426,86.134,86.55,83398
2024-07-03,86.55,87.356,85.864,87.036,82599
2024-07-04,87.036,87.556,86.479,87.525,30395
2024-07-05,87.525,87.926,86.464,86.801,60528
2024-07-08,86.801,86.801,85.524,85.609,67366
2024-07-09,85.609,85.826,84.504,85.021,61529
2024-07-10,85.021,85.626,83.965,85.329,77306
2024-07-11,85.329,85.856,84.614,85.515,88316
2024-07-12,85.515,86.316,84.925,84.989,47731
2024-07-15,84.989,85.246,84.394,84.861,86712
2024-07-16,84.861,84.861,83.275,83.731,67304
2024-07-17,83.731,85.176,83.4,85.176,85784
2024-07-18,85.176,85.781,84.194,84.754,88590
2024-07-19,84.754,85.316,82.534,82.711,93352
2024-07-22,82.711,83.196,81.574,82.209,85434
2024-07-23,82.209,82.756,80.485,81.52,90716
2024-07-24,81.52,82.19,80.904,81.491,88790
2024-07-25,81.491,82.506,80.054,82.441,104526
2024-07-26,82.441,82.67,80.289,80.711,99150
2024-07-29,80.711,81.716,79.335,79.836,116176
2024-07-30,79.836,79.946,78.394,79.084,108756
2024-07-31,79.084,81.565,78.424,81.521,114412
2024-08-01,81.521,81.766,79.404,80.095,128963
2024-08-02,80.095,80.426,76.394,77.389,151247
2024-08-05,77.389,77.389,75.021,77.236,245939
2024-08-06,77.236,77.79,75.564,76.29,177742
2024-08-07,76.29,78.836,75.926,78.494,148596
2024-08-08,78.494,79.346,77.604,79.04,140859
2024-08-09,79.04,79.786,78.736,79.659,94570
2024-08-12,79.659,82.376,79.424,81.956,84623
2024-08-13,81.956,82.266,80.514,80.945,102828
2024-08-14,80.945,81.406,79.576,79.885,110615
2024-08-15,79.885,81.396,79.595,80.941,92646
2024-08-16,80.941,80.986,78.594,79.691,98870
2024-08-19,79.691,79.725,77.455,77.734,114810
2024-08-20,77.734,78.309,76.524,77.135,115608
2024-08-21,77.135,78.166,75.615,76.094,114847
2024-08-22,76.094,77.666,75.734,77.146,109586
2024-08-23,77.146,79.236,77.004,79,85078
2024-08-26,79,81.546,79,81.219,82436
2024-08-27,81.219,81.564,79.439,79.781,93590
2024-08-28,79.781,79.981,77.926,78.441,125327
2024-08-29,78.441,80.751,78.086,80.064,119606
2024-08-30,80.064,80.064,76.674,76.961,140091
2024-09-02,76.961,77.601,76.185,77.249,66879
2024-09-03,77.249,77.516,73.484,73.646,143444
2024-09-04,73.646,74.776,72.324,72.715,178714
2024-09-05,72.715,74.165,72.344,72.779,141520
2024-09-06,72.779,73.496,70.584,71.441,143862
2024-09-09,71.441,72.186,70.614,71.925,146117
2024-09-10,71.925,72.246,68.645,69.684,172486
2024-09-11,69.684,71.055,68.974,70.716,172927
2024-09-12,70.716,72.846,70.584,72.121,140272
2024-09-13,72.121,73.206,71.444,72.071,119634
2024-09-16,72.071,73.355,71.494,72.93,105044
2024-09-17,72.93,74.251,72.134,73.669,90810
2024-09-18,73.669,74.066,72.274,72.926,154498
2024-09-19,72.926,75.146,72.875,74.801,122803
2024-09-20,74.801,74.966,73.974,74.669,105687
2024-09-23,74.669,75.141,73.065,74.226,128571
2024-09-24,74.226,75.841,73.914,75.139,112084
2024-09-25,75.139,75.331,73.034,73.605,148127
2024-09-26,73.605,73.781,70.685,71.381,206089
2024-09-27,71.381,72.389,70.874,72.389,145869
2024-09-30,72.389,72.761,71.004,71.835,162529
2024-10-01,71.835,75.425,69.884,74.375,239655
2024-10-02,74.375,76.106,73.564,74.68,148119
2024-10-03,74.68,77.956,74.274,77.586,183405
2024-10-04,77.586,79.274,77.354,78.279,166746
2024-10-07,78.279,81.134,77.334,81.021,141764
2024-10-08,81.021,81.12,76.335,77.469,210853
2024-10-09,77.469,77.996,75.136,76.7,202003
2024-10-10,76.7,79.686,76.7,79.045,146776
2024-10-11,79.045,79.466,78.004,79.021,138153
2024-10-14,79.021,79.021,75.349,75.384,68563
2024-10-15,75.384,75.541,73.306,74.709,167463
2024-10-16,74.709,74.896,73.394,74.5,129224
2024-10-17,74.5,74.886,73.234,74.495,125790
2024-10-18,74.495,74.916,72.474,73.141,137530
2024-10-21,73.141,74.536,72.814,73.991,112377
2024-10-22,73.991,76.286,73.544,75.585,151116
2024-10-23,75.585,76.016,74.394,75.25,128051
2024-10-24,75.25,76.504,73.974,74.551,116233
2024-10-25,74.551,76.106,74.134,75.86,92491
2024-10-28,75.86,75.86,71.145,72.061,111804
2024-10-29,72.061,72.57,70.69,71.43,115434
2024-10-30,71.43,73.095,71.134,73.015,116126
2024-10-31,73.015,74.246,71.784,74.079,131514
2024-11-01,74.079,74.916,72.955,73.025,128044
2024-11-05,73.025,75.364,73.025,75.28,104268
2024-11-06,75.28,76.206,74.874,75.469,87355
2024-11-07,75.469,75.946,73.314,75.2,174849
2024-11-08,75.2,76.045,74.024,75.524,127586
2024-11-09,75.524,75.565,73.414,73.985,108496
2024-11-12,73.985,74.096,71.564,71.921,104649
2024-11-13,71.921,72.796,71.524,71.725,106293
2024-11-14,71.725,72.596,70.716,71.9,121340
2024-11-15,71.9,73.19,71.764,72.411,109845
2024-11-16,72.411,72.456,70.814,71.039,109916
2024-11-19,71.039,73.446,70.804,73.19,98540
2024-11-20,73.19,73.845,72.574,73.256,124229
2024-11-21,73.256,73.906,72.674,73.044,35794
2024-11-22,73.044,74.346,72.879,74.254,95718
2024-11-23,74.254,75.386,73.409,75.121,94183
2024-11-26,75.121,75.316,72.824,73.13,109894
2024-11-27,73.13,74.321,72.059,72.986,94812
2024-11-28,72.986,73.341,72.239,72.91,94304
2024-11-29,72.91,73.466,72.354,73.126,49016
2024-11-30,73.126,73.306,71.714,72.049,97027
2024-12-03,72.049,72.86,71.494,71.914,97299
2024-12-04,71.914,73.88,71.654,73.661,90476
2024-12-05,73.661,74.246,72.224,72.449,100002
2024-12-06,72.449,72.881,71.774,72.17,101152
2024-12-07,72.17,72.17,70.824,70.985,81178
2024-12-10,70.985,72.616,70.985,71.885,72784
2024-12-11,71.885,72.695,71.496,72.024,74252
2024-12-12,72.024,73.716,72.024,73.616,80175
2024-12-13,73.616,73.955,72.394,73.371,83935
2024-12-14,73.371,74.556,73.274,74.35,68990
2024-12-17,74.35,74.365,73.674,73.86,70303
2024-12-18,73.86,74.146,72.451,73.299,75569
2024-12-19,73.299,74.166,72.774,72.851,69818
2024-12-20,72.851,73.836,72.504,72.631,79505
2024-12-21,72.631,73.256,71.974,72.926,68172
2024-12-24,72.926,73.346,71.954,72.949,60400
2024-12-25,72.949,73.791,72.749,73.616,52828
2024-12-27,73.616,74.146,72.964,73.25,44588
2024-12-28,73.25,74.261,73.019,73.786,65314
2024-12-31,73.786,74.466,73.356,74.074,56861
2025-01-01,74.074,74.856,73.804,74.806,53191
2025-01-03,74.806,76.516,74.695,75.875,71726
2025-01-04,75.875,76.706,75.495,76.571,62748
2025-01-07,76.571,77.46,75.915,76.194,77665
2025-01-08,76.194,77.246,75.884,77.13,73949
2025-01-09,77.13,77.856,76.004,76.176,87885
2025-01-10,76.176,77.236,75.655,77.214,64473
2025-01-11,77.214,80.716,76.999,79.631,140090
2025-01-14,79.631,81.646,79.631,80.85,149099
2025-01-15,80.85,81.116,79.834,80.349,131723
2025-01-16,80.349,82.596,79.594,82.481,136556
2025-01-17,82.481,82.536,80.355,81.299,149801
2025-01-18,81.299,81.895,80.516,80.769,120728
2025-01-21,80.769,80.961,79.4,79.805,101709
2025-01-22,79.805,80.435,78.424,79.344,124361
2025-01-23,79.344,79.876,78.78,78.911,103339
2025-01-24,78.911,79.566,77.774,77.855,114333
2025-01-25,77.855,78.955,77.565,78.4,92207
2025-01-28,78.4,78.966,76.275,76.939,93145
2025-01-29,76.939,78.145,76.814,77.586,85303
2025-01-30,77.586,77.676,76.275,76.84,90301
2025-01-31,76.84,77.576,75.974,77.161,90416
2025-02-01,77.161,77.161,75.134,76.451,111137
2025-02-04,76.451,77.216,75.015,75.534,164738
2025-02-05,75.534,76.635,74.115,76.064,137060
2025-02-06,76.064,76.316,74.534,74.621,89653
2025-02-07,74.621,75.365,74.074,74.205,93777
2025-02-08,74.205,75.086,74.205,74.641,80447
2025-02-11,74.641,76.056,74.641,76.049,62605
2025-02-12,76.049,77.256,75.865,76.854,71593
2025-02-13,76.854,76.884,74.924,74.936,89215
2025-02-14,74.936,75.256,74.034,75.214,79486
2025-02-15,75.214,75.816,74.534,74.611,74871
2025-02-18,74.611,75.351,74.389,75.274,53850
2025-02-19,75.274,76.036,74.874,75.784,74745
2025-02-20,75.784,76.795,75.769,76.049,57694
2025-02-21,76.049,77.114,75.686,76.579,65130
2025-02-22,76.579,76.726,74.184,74.206,65196
2025-02-25,74.206,74.896,74.084,74.869,62531
2025-02-26,74.869,75.226,72.674,73.14,65384
2025-02-27,73.14,73.306,72.369,72.761,83894
2025-02-28,72.761,74.236,72.454,73.789,65152
2025-03-01,73.789,73.789,72.294,73.035,65665
2025-03-04,73.035,73.646,71.144,71.47,102501
2025-03-05,71.47,71.47,69.724,71.095,105227
2025-03-06,71.095,71.145,68.304,69.366,108268
2025-03-07,69.366,69.866,68.705,69.419,106353
2025-03-08,69.419,71.366,69.274,70.334,111072
2025-03-10,70.334,70.836,69.024,69.161,84393
2025-03-11,69.161,70.396,68.599,69.861,86662
2025-03-12,69.861,71.066,69.444,70.945,73941
2025-03-13,70.945,71.216,69.65,70.056,81346
2025-03-14,70.056,70.716,69.904,70.514,62351
2025-03-17,70.514,71.766,70.514,70.965,65949
2025-03-18,70.965,72.156,70.244,70.356,70485
2025-03-19,70.356,71.204,69.874,70.889,69284
2025-03-20,70.889,72.266,70.504,72.266,65655
2025-03-21,72.266,72.484,71.484,72.159,61475
2025-03-24,72.159,73.136,71.774,73.036,60939
2025-03-25,73.036,73.536,72.474,73.169,52336
2025-03-26,73.169,74.141,73.06,74.029,49742
2025-03-27,74.029,74.034,73.195,74.015,61031
2025-03-28,74.015,74.166,73.194,73.395,66649
2025-03-31,73.395,75.006,72.244,74.675,68611
2025-04-01,74.675,75.26,74.304,74.395,69451
2025-04-02,74.395,75.436,73.675,73.791,87252
2025-04-03,73.791,73.791,69.454,69.834,143490
2025-04-04,69.834,70.086,64,66.119,258689
2025-04-07,66.119,67.404,62.484,64.389,395666
2025-04-08,64.389,65.176,61.314,61.526,255035
2025-04-09,61.526,65.986,58.374,65.745,374278
2025-04-10,65.745,66.056,61.976,63.506,249052
2025-04-11,63.506,65.026,62.741,64.651,210092
2025-04-14,64.651,65.866,63.995,64.885,110103
2025-04-15,64.885,65.366,64.184,64.881,89393
2025-04-16,64.881,66.276,63.764,65.951,114759
2025-04-17,65.951,68.106,65.914,67.64,94382
2025-04-21,67.64,67.64,65.639,66.5,85509
2025-04-22,66.5,68.006,66.5,67.309,93740
2025-04-23,67.309,68.616,65.25,66.106,147885
2025-04-24,66.106,66.996,65.765,66.49,96644
2025-04-25,66.49,67.145,65.524,66.925,87775
2025-04-28,66.925,67.326,65.219,65.641,94760
2025-04-29,65.641,65.811,63.869,63.914,104576
2025-04-30,63.914,63.914,60.734,61.084,134988
2025-05-01,61.084,62.335,59.284,61.841,127301
2025-05-02,61.841,62.686,60.649,61.481,111256
2025-05-05,61.481,61.481,58.819,60.321,97386
2025-05-06,60.321,62.765,60.139,61.989,103663
2025-05-07,61.989,63.186,60.824,60.945,90575
2025-05-08,60.945,63.176,60.945,63.175,85563
2025-05-09,63.175,64.236,62.814,63.924,73334
2025-05-12,63.924,66.364,63.854,64.921,89752
2025-05-13,64.921,66.776,64.594,66.516,67118
2025-05-14,66.516,66.566,65.649,65.791,65391
2025-05-15,65.791,65.791,63.409,64.569,106160
2025-05-16,64.569,65.516,64.149,65.28,69883
2025-05-19,65.28,65.976,64.394,65.51,71693
2025-05-20,65.51,65.966,64.824,65.601,72438
2025-05-21,65.601,66.606,64.594,64.626,93651
2025-05-22,64.626,65.006,63.501,64.041,91321
2025-05-23,64.041,65.005,63.289,64.945,95056
2025-05-26,64.945,65.29,64.484,64.769,36755
2025-05-27,64.769,65.106,63.474,64.264,73356
2025-05-28,64.264,65.599,63.994,64.884,70951
2025-05-29,64.884,66.105,63.755,64.126,84671
2025-05-30,64.126,64.126,62.065,62.71,97615
2025-06-02,62.71,65.685,62.71,65.079,91058
2025-06-03,65.079,65.916,64.484,65.561,73498
2025-06-04,65.561,65.916,64.234,64.819,83482
2025-06-05,64.819,65.816,64.596,65.224,53709
2025-06-06,65.224,66.636,64.786,66.56,55727
2025-06-09,66.56,67.096,66.034,67.079,46122
2025-06-10,67.079,67.961,66.446,66.575,59576
2025-06-11,66.575,69.936,66.439,69.901,93844
2025-06-12,69.901,70.241,68.334,70.234,120185
2025-06-13,70.234,78.466,70.234,74.664,346645
2025-06-16,74.664,75.474,70.594,72.969,200500
2025-06-17,72.969,77.096,72.624,76.889,205608
2025-06-18,76.889,77.414,74.385,76.235,216406
2025-06-19,76.235,79.001,75.641,78.704,125589
2025-06-20,78.704,78.704,75.495,77.219,168799
2025-06-23,77.219,79.326,69.505,70.111,252528
2025-06-24,70.111,70.166,66.791,67.771,206884
2025-06-25,67.771,68.74,67.294,67.601,97553
2025-06-26,67.601,69.009,67.344,67.745,88937
2025-06-27,67.745,68.386,67.169,67.414,79980
2025-06-30,67.414,67.414,65.894,66.574,73968
2025-07-01,66.574,67.466,66.304,67.2,67509
2025-07-02,67.2,69.176,66.914,69.111,71941
2025-07-03,69.111,69.115,68.289,68.865,70778
2025-07-04,68.865,68.865,67.714,68.469,44620
2025-07-07,68.469,69.911,67.304,69.539,81671
2025-07-08,69.539,70.646,69.014,69.981,65948
2025-07-09,69.981,70.68,69.584,70.116,63994
2025-07-10,70.116,70.45,68.504,68.821,76068
2025-07-11,68.821,70.666,68.524,70.62,67932
2025-07-14,70.62,71.496,69.024,69.044,78117
2025-07-15,69.044,69.386,68.574,68.846,76591
2025-07-16,68.846,69.056,67.689,68.681,70857
2025-07-17,68.681,69.596,68.245,69.559,61388
2025-07-18,69.559,70.746,69.115,69.244,83501
2025-07-21,69.244,69.596,68.394,69.01,65639
2025-07-22,69.01,69.08,68.094,68.734,79051
2025-07-23,68.734,69.051,67.974,68.644,75284
2025-07-24,68.644,69.506,68.464,69.299,76353
2025-07-25,69.299,69.821,68.274,68.329,66171
2025-07-28,68.329,70.421,68.329,70.269,65666
2025-07-29,70.269,73.045,69.839,72.661,79066
2025-07-30,72.661,73.619,71.709,73.475,89954
2025-07-31,73.475,73.475,70.975,71.784,69907
2025-08-01,71.784,71.971,69.384,69.43,106141
2025-08-04,69.43,69.946,67.974,68.689,77768
2025-08-05,68.689,68.846,67.494,67.655,74033
2025-08-06,67.655,69.141,66.189,66.76,93005
2025-08-07,66.76,67.636,66.244,66.33,70100
2025-08-08,66.33,67.176,65.504,66.11,87542
2025-08-11,66.11,67.085,65.774,66.671,63756
2025-08-12,66.671,67.03,65.954,66.089,60307
2025-08-13,66.089,66.296,64.975,65.746,59459
2025-08-14,65.746,66.956,65.534,66.815,58992
2025-08-15,66.815,67.031,65.704,66.144,58082
2025-08-18,66.144,66.786,65.274,66.476,63605
2025-08-19,66.476,66.526,65.574,65.951,54199
2025-08-20,65.951,67.035,65.795,66.931,57195
2025-08-21,66.931,67.766,66.711,67.584,54536
2025-08-22,67.584,67.966,67.384,67.801,56411
2025-08-25,67.801,69.036,67.534,68.74,39494
2025-08-26,68.74,68.74,67.081,67.249,50152
2025-08-27,67.249,68.094,66.88,67.78,53132
2025-08-28,67.78,68.679,67.364,68.261,58168
2025-08-29,68.261,68.261,67.264,67.401,44534
2025-09-01,67.401,68.326,67.084,68.134,26792
2025-09-02,68.134,69.496,68.024,69.085,63334
2025-09-03,69.085,69.206,67.335,67.364,72820
2025-09-04,67.364,67.381,66.315,66.825,60380
2025-09-05,66.825,67.026,65.044,65.589,66180
2025-09-08,65.589,67.006,65.589,66.191,56346
2025-09-09,66.191,67.341,66.095,66.511,57965
2025-09-10,66.511,67.746,66.511,67.554,49928
2025-09-11,67.554,67.586,66.124,66.254,50108
2025-09-12,66.254,68.144,65.674,66.834,59358
2025-09-15,66.834,67.806,66.834,67.435,44969
2025-09-16,67.435,68.659,66.974,68.475,51803
2025-09-17,68.475,68.546,67.594,67.875,54241
2025-09-18,67.875,68.386,67.164,67.484,62560
2025-09-19,67.484,67.541,66.404,66.61,52785
2025-09-22,66.61,67.276,65.914,66.574,41536
2025-09-23,66.574,68.051,66.066,67.836,45941
2025-09-24,67.836,69.335,67.484,69.111,44046
2025-09-25,69.111,69.655,68.4,69.579,56098
2025-09-26,69.579,70.736,69.074,69.671,59659
2025-09-29,69.671,69.88,67.494,67.641,66619
2025-09-30,67.641,67.641,65.61,66.069,66896
2025-10-01,66.069,66.539,65.024,65.385,65533
2025-10-02,65.385,66.125,63.974,64.279,64266
2025-10-03,64.279,64.986,64.174,64.446,55804
2025-10-06,64.446,65.746,64.446,65.471,53092
2025-10-07,65.471,65.806,64.504,65.72,51272
2025-10-08,65.72,66.506,65.72,66.026,46722
2025-10-09,66.026,66.541,64.924,65.186,60011
2025-10-10,65.186,65.326,62.494,62.61,83975
2025-10-13,62.61,63.926,62.61,63.359,68700
2025-10-14,63.359,63.601,61.474,62.235,88507
2025-10-15,62.235,63.001,61.754,62.416,64607
2025-10-16,62.416,62.715,60.814,60.999,80854
2025-10-17,60.999,61.436,60.114,61.284,90591
2025-10-20,61.284,61.284,60.044,60.879,61158
2025-10-21,60.879,62.065,60.314,61.596,70347
2025-10-22,61.596,63.894,61.344,63.495,90541
2025-10-23,63.495,66.321,63.495,65.89,122979
2025-10-24,65.89,66.756,65.384,65.791,71182
2025-10-27,65.791,66.475,65.034,65.849,76063
2025-10-28,65.849,65.849,63.974,64.436,87263
2025-10-29,64.436,65.35,63.885,64.794,78783
2025-10-30,64.794,65.116,64.03,64.695,74863
2025-10-31,64.695,65.116,63.784,64.656,70259
2025-11-04,64.656,65.296,64.304,64.841,58250
2025-11-05,64.841,64.841,63.794,64.309,54616
2025-11-06,64.309,64.916,63.404,63.521,67676
2025-11-07,63.521,64.3,62.814,63.45,73302
2025-11-08,63.45,64.365,63.194,63.686,76224
2025-11-11,63.686,64.306,63.294,63.939,57244
2025-11-12,63.939,65.275,63.576,65.11,49051
2025-11-13,65.11,65.11,62.534,62.704,59046
2025-11-14,62.704,63.416,62.306,62.87,64071
2025-11-15,62.87,64.845,62.87,64.209,90721
2025-11-18,64.209,64.685,63.635,63.98,55446
2025-11-19,63.98,65.055,63.584,64.771,76521
2025-11-20,64.771,64.821,62.834,63.646,82002
2025-11-21,63.646,64.366,62.914,63.099,89869
2025-11-22,63.099,63.099,61.846,62.464,94833
2025-11-25,62.464,63.526,61.91,63.329,58069
2025-11-26,63.329,63.329,61.564,62.63,78481
2025-11-27,62.63,63.166,62.079,63.01,59357
2025-11-28,63.01,63.431,62.709,63.374,28878
2025-11-29,63.374,63.374,62.085,62.294,36958
2025-12-02,62.294,63.791,62.294,63.291,52080
2025-12-03,63.291,63.326,62.145,62.379,59880
2025-12-04,62.379,63.336,62.154,62.765,55308
2025-12-05,62.765,63.586,62.495,63.31,49231
2025-12-06,63.31,64.056,63.034,63.774,46892
2025-12-09,63.774,63.926,62.304,62.465,45073
2025-12-10,62.465,62.746,61.804,62.079,45878
2025-12-11,62.079,62.705,61.324,62.646,54771
2025-12-12,62.646,62.646,60.734,61.57,59124
2025-12-13,61.57,61.826,60.784,61.146,55355
2025-12-16,61.146,61.466,60.095,60.37,51273
2025-12-17,60.37,60.37,58.684,58.844,56275
2025-12-18,58.844,60.646,58.844,60.59,70732
2025-12-19,60.59,60.64,59.514,59.724,106438
2025-12-20,59.724,60.624,59.374,60.459,50254
2025-12-23,60.459,62.136,60.459,62.006,41569
2025-12-24,62.006,62.546,61.7,62.455,36468
2025-12-25,62.455,62.701,61.99,62.261,34617
2025-12-27,62.261,62.651,60.524,60.831,40089
2025-12-30,60.831,62.166,60.831,61.669,51150
2025-12-31,61.669,61.856,60.959,61.329,36795
2026-01-01,61.329,61.895,60.854,60.991,36603
2026-01-03,60.991,61.341,59.974,60.744,42928
2026-01-06,60.744,61.856,59.724,61.79,63220
2026-01-07,61.79,62.295,60.374,60.521,57599
2026-01-08,60.521,60.896,59.784,60.351,72086
2026-01-09,60.351,62.995,59.934,62.704,56593
2026-01-10,62.704,63.895,61.804,62.991,67200
2026-01-13,62.991,64.264,62.724,64.205,71031
2026-01-14,64.205,65.886,63.805,65.391,95119
2026-01-15,65.391,66.786,63.425,65.539,137184
2026-01-16,65.539,65.539,63.244,63.79,111973
2026-01-17,63.79,64.746,63.409,64.034,67388
2026-01-20,64.034,64.355,63.236,64.16,49573
2026-01-21,64.16,65.096,63.354,63.884,86742
2026-01-22,63.884,65.376,63.586,65.269,93396
2026-01-23,65.269,65.346,63.534,64.35,76324
2026-01-24,64.35,66.206,64.259,66.176,64990
2026-01-27,66.176,66.511,65.266,65.711,83609
2026-01-28,65.711,67.751,64.974,67.659,80910
2026-01-29,67.659,68.681,67.099,68.671,88101
2026-01-30,68.671,71.871,68.574,70.866,146712
2026-01-31,70.866,70.866,67.756,69.834,168812
2026-02-03,69.834,69.834,65.424,66.45,174781
2026-02-04,66.45,68.244,65.165,67.974,145413
2026-02-05,67.974,69.726,66.954,68.714,158327
2026-02-06,68.714,68.91,66.894,67.371,142610
2026-02-07,67.371,68.799,66.539,67.931,153755
2026-02-10,67.931,69.416,67.116,69.101,89834
2026-02-11,69.101,69.454,68.455,68.99,92570
2026-02-12,68.99,70.69,68.99,69.629,96493
2026-02-13,69.629,69.816,67.054,67.566,206998
2026-02-14,67.566,68.026,66.859,67.664,115168
2026-02-17,67.664,68.726,67.295,68.571,40393
2026-02-18,68.571,69.015,66.795,67.37,107308
2026-02-19,67.37,70.656,67.344,70.206,90546
2026-02-20,70.206,72.085,70.149,71.914,236712
2026-02-21,71.914,72.306,71.021,71.649,106405
2026-02-24,71.649,72.465,70.734,71.44,73583
2026-02-25,71.44,72.221,70.684,71.235,95651
2026-02-26,71.235,71.749,70.399,71.031,87855
2026-02-27,71.031,72.576,69.121,70.874,237062
2026-02-28,70.874,73.516,70.39,73.251,137521
2026-03-03,73.251,80.236,73.251,77.714,378176
2026-03-04,77.714,85.096,77.714,81.874,477636
2026-03-05,81.874,84.446,80.259,82.489,381830
2026-03-06,82.489,86.245,81.485,84.014,390934
2026-03-07,84.014,94.526,83.105,92.636,467722
2026-03-09,92.636,119.436,83.621,88.646,979013
2026-03-10,88.646,95.006,81.129,90.895,708797
2026-03-11,90.895,93.125,86.204,92.971,479529
2026-03-12,92.971,101.781,92.971,101.19,932362
2026-03-13,101.19,103.796,97.604,103.359,359456
2026-03-16,103.359,106.404,99.526,100.855,341304
2026-03-17,100.855,104.94,100.835,103.57,252265
2026-03-18,103.57,111.859,100.309,110.934,347797
2026-03-19,110.934,119.099,103.734,107.801,1.01025e+06
2026-03-20,107.801,113.071,105.014,112.365,342991
2026-03-23,112.365,114.384,95.976,100.291,569030
2026-03-24,100.291,104.966,98.134,99.96,377345
2026-03-25,99.96,103.33,97.094,103.086,356355
2026-03-26,103.086,109.026,102.756,107.185,552944
2026-03-27,107.185,114.246,105.084,114.009,325287
2026-03-30,114.009,116.854,111.365,114.525,272599
2026-03-31,114.525,114.525,102.644,103.286,351388
2026-04-01,103.286,105.901,98.434,100.34,645056
2026-04-02,100.34,109.696,99.046,109.051,403825
2026-04-06,109.051,111.291,106.824,109.646,288098
2026-04-07,109.646,111.765,104.459,105.455,378367
2026-04-08,105.455,105.455,90.374,96.185,445273
2026-04-09,96.185,99.465,94.205,96.431,653708
2026-04-10,96.431,98.225,94.206,94.296,257210
2026-04-13,94.296,103.461,94.296,98.074,263591
2026-04-14,98.074,99.381,94.396,95.156,243719
2026-04-15,95.156,96.864,93.904,94.894,237358
2026-04-16,94.894,99.766,94.404,97.985,350010
2026-04-17,97.985,98.946,86.055,91.089,316087
2026-04-20,91.089,96.929,91.089,94.266,238080
2026-04-21,94.266,101.111,93.834,99.196,252815
2026-04-22,99.196,102.276,96.514,101.774,243647
2026-04-23,101.774,107.355,101.245,106.439,606068
2026-04-24,106.439,107.441,103.384,106.15,259953
2026-04-27,106.15,109.77,105.799,108.276,192646
2026-04-28,108.276,112.681,107.904,111.166,213262
2026-04-29,111.166,120.276,110.164,120.215,224029
2026-04-30,120.215,120.215,107.054,111.164,738722
2026-05-01,111.164,112.411,106.214,108.77,269435
2026-05-04,108.77,115.254,106.504,113.824,292606
2026-05-05,113.824,114.401,109.584,110.496,232454
2026-05-06,110.496,110.496,96.724,101.981,384921
2026-05-07,101.981,103.361,96.015,103.039,346014
2026-05-08,103.039,103.039,99.526,100.31,271127
2026-05-11,100.31,105.956,100.31,104.316,178268
2026-05-12,104.316,108.416,104.314,107.439,172206
2026-05-13,107.439,108.241,105.289,105.59,144740
2026-05-14,105.59,107.094,103.859,106.605,177046
2026-05-15,106.605,109.716,106.234,109.12,174554
2026-05-18,109.12,112.686,106.904,109.299,236231
2026-05-19,109.299,111.756,109.035,110.99,163073
2026-05-20,110.99,111.461,103.224,105.475,234171
2026-05-21,105.475,109.26,102.144,104.9,282287
2026-05-22,104.9,106.331,101.326,103.999,195230
2026-05-25,103.999,103.999,95.914,96.285,134070
2026-05-26,96.285,100.711,96.285,99.559,162983
2026-05-27,99.559,99.559,94.101,94.929,185846
2026-05-28,94.929,98.18,92.526,93.511,356260
2026-05-29,93.511,93.511,89.914,91.526,182412
2026-06-01,91.526,97.754,91.526,95.33,188997
2026-06-02,95.33,96.251,92.795,95.779,148450
2026-06-03,95.779,98.956,95.779,97.869,155667
2026-06-04,97.869,97.869,93.914,95.134,295034
2026-06-05,95.134,95.86,92.639,92.926,156319
2026-06-08,92.926,98.046,92.926,94.171,227821
2026-06-09,94.171,94.406,89.555,91.815,197561
2026-06-10,91.815,94.726,90.744,94.709,201640
2026-06-11,94.709,95.461,88.424,89.114,539032
2026-06-12,89.114,89.836,85.774,86.766,203945
2026-06-15,86.766,86.766,82.374,83.475,125907
2026-06-16,83.475,83.726,78.424,79.466,161937
2026-06-17,79.466,82.886,77.724,78.659,163180
2026-06-18,78.659,80.016,76.535,79.39,312710
2026-06-19,79.39,80.776,78.754,80.351,97925
2026-06-22,80.351,81.666,77.196,77.945,149587
2026-06-23,77.945,78.201,76.404,76.846,123685
2026-06-24,76.846,76.965,73.034,73.15,139171
2026-06-25,73.15,75.811,72.025,74.661,265566
2026-06-26,74.661,75.115,71.359,72.551,142450
2026-06-29,72.551,73.444,71.766,72.764,102000
2026-06-30,72.764,74.811,72.634,73.344,118472
2026-07-01,73.344,73.511,71.004,71.155,103585
2026-07-02,71.155,71.891,70.114,71.566,232908
2026-07-03,71.566,72.456,71.284,71.924,80143
2026-07-06,71.924,72.576,70.994,71.971,101208
2026-07-07,71.971,76.336,71.971,75.859,128946
2026-07-08,75.859,80.556,75.409,79.294,270597
2026-07-09,79.294,79.294,75.544,76.055,365462
2026-07-10,76.055,77.486,75.265,75.949,178380
2026-07-13,75.949,83.831,75.949,83.18,189328
2026-07-14,83.18,87.531,83.18,85.326,286654
2026-07-15,85.326,86.514,83.296,85.616,218563
2026-07-16,85.616,86.216,83.795,84.88,323988
2026-07-17,84.88,88.296,83.679,88.189,174544
2026-07-20,88.189,91.044,86.095,88.921,197869
2026-07-21,88.921,91.951,87.834,91.424,187793
2026-07-22,91.424,95.436,91.29,93.88,191404
2026-07-23,93.88,101.965,93.88,100.511,517182
2026-07-24,100.511,101.136,95.099,98.106,268313
2026-07-27,98.106,98.106,87.404,87.675,144146
2026-07-28,87.675,88.046,82.494,83.754,225591
2026-07-29,83.754,91.146,83.754,90.579,215979
2026-07-30,90.579,93.286,88.794,89.526,413708
2026-07-31,89.526,89.526,84.594,87.904,207117
2026-08-03,87.904,87.904,82.599,83.556,198166
2026-08-04,83.556,86.305,78.645,78.714,251894
2026-08-05,78.714,80.916,78.084,79.425,221639
2026-08-06,79.425,83.746,78.899,83.536,329352
2026-08-07,83.536,84.375,81.479,82.286,158436
2026-08-10,82.286,87.891,82.286,87.831,170729
2026-08-11,87.831,89.996,86.586,88.95,204292
2026-08-12,88.95,90.041,88.065,88.356,243542
2026-08-13,88.356,89.041,85.829,86.94,371092
2026-08-14,86.94,88.766,86.375,88.461,139344
2026-08-17,88.461,91.176,87.979,91.055,192615
2026-08-18,91.055,91.966,90.591,91.291,146308
2026-08-19,91.291,92.776,90.389,91.56,215154
2026-08-20,91.56,94.676,91.475,93.186,377304
2026-08-21,93.186,94.796,92.719,94.045,158812
2026-08-24,94.045,94.045,91.764,91.981,171156
2026-08-25,91.981,92.879,86.069,86.959,191069
2026-08-26,86.959,89.681,85.394,87.446,161179
2026-08-27,87.446,90.326,86.179,89.604,317866
2026-08-28,89.604,89.604,87.225,88.196,157678
2026-08-31,88.196,91.495,88.196,90.711,173046
2026-09-01,90.711,95.416,90.694,95.184,221128
2026-09-02,95.184,96.986,93.484,95.225,248546
2026-09-03,95.225,97.586,93.989,95.779,402930
2026-09-04,95.779,96.536,93.131,95.889,216549
2026-09-07,95.889,98.025,95.889,97.279,119839
2026-09-08,97.279,99.421,96.744,99.321,198335
2026-09-09,99.321,101.701,98.779,101.604,214541
2026-09-10,101.604,109.036,100.179,108.944,543168
2026-09-11,108.944,108.946,103.474,104.731,413897
2026-09-14,104.731,109.764,104.731,106.161,353423
2026-09-15,106.161,109.41,105.085,108.476,288335
2026-09-16,108.476,108.576,103.994,105.589,301130
2026-09-17,105.589,105.976,101.5,104.061,278684
2026-09-18,104.061,104.966,101.884,103.026,279243
2026-09-21,103.026,103.566,99.526,99.949,163868
